address,borough,city,latitude,longitude,lot_area_sqm,construction_year,assessment_land,assessment_building,assessment_total,assessment_year,property_category,data_source,source_url,street_photo_url,street_photo_taken_at,street_photo_author,street_photo_source
"333, Ruisseau",,Coteau-du-Lac,,,256321,,1266200,,1266200,2025,Agricole,MAMH — Données Québec (rôle d'évaluation foncière),https://donneesouvertes.affmunqc.net/role/RL71040_2026.xml,,,,
"339, Ruisseau",,Coteau-du-Lac,,,3314.8,1960,167700,514900,682600,2025,Logement,MAMH — Données Québec (rôle d'évaluation foncière),https://donneesouvertes.affmunqc.net/role/RL71040_2026.xml,,,,
"331, Ruisseau",,Coteau-du-Lac,,,2794.1,1890,167400,253900,421300,2025,Logement,MAMH — Données Québec (rôle d'évaluation foncière),https://donneesouvertes.affmunqc.net/role/RL71040_2026.xml,,,,
"324, Ruisseau",,Coteau-du-Lac,,,8250.7,1976,170100,255600,425700,2025,Logement,MAMH — Données Québec (rôle d'évaluation foncière),https://donneesouvertes.affmunqc.net/role/RL71040_2026.xml,,,,
"320, Ruisseau",,Coteau-du-Lac,,,18477.7,1980,175200,298500,473700,2025,Logement,MAMH — Données Québec (rôle d'évaluation foncière),https://donneesouvertes.affmunqc.net/role/RL71040_2026.xml,,,,
"306, Ruisseau",,Coteau-du-Lac,,,15639,1880,173800,293700,467500,2025,Logement,MAMH — Données Québec (rôle d'évaluation foncière),https://donneesouvertes.affmunqc.net/role/RL71040_2026.xml,,,,
"299, Ruisseau",,Coteau-du-Lac,,,2192,1996,144900,443200,588100,2025,Logement,MAMH — Données Québec (rôle d'évaluation foncière),https://donneesouvertes.affmunqc.net/role/RL71040_2026.xml,,,,
"297, Ruisseau",,Coteau-du-Lac,,,2807.4,1925,159800,167500,327300,2025,Logement,MAMH — Données Québec (rôle d'évaluation foncière),https://donneesouvertes.affmunqc.net/role/RL71040_2026.xml,,,,
"295, Ruisseau",,Coteau-du-Lac,,,280645.8,,1393300,,1393300,2025,Agricole,MAMH — Données Québec (rôle d'évaluation foncière),https://donneesouvertes.affmunqc.net/role/RL71040_2026.xml,,,,
"261, Ruisseau",,Coteau-du-Lac,,,2500,1870,158700,202000,360700,2025,Logement,MAMH — Données Québec (rôle d'évaluation foncière),https://donneesouvertes.affmunqc.net/role/RL71040_2026.xml,,,,
"259, Ruisseau",,Coteau-du-Lac,,,2500,2001,158700,361900,520600,2025,Logement,MAMH — Données Québec (rôle d'évaluation foncière),https://donneesouvertes.affmunqc.net/role/RL71040_2026.xml,,,,
"251, Ruisseau",,Coteau-du-Lac,,,5000,,168500,261800,430300,2025,Logement,MAMH — Données Québec (rôle d'évaluation foncière),https://donneesouvertes.affmunqc.net/role/RL71040_2026.xml,,,,
"250, Riviere Delisle",,Coteau-du-Lac,,,501435.4,,2507200,,2507200,2025,Agricole,MAMH — Données Québec (rôle d'évaluation foncière),https://donneesouvertes.affmunqc.net/role/RL71040_2026.xml,,,,
"25, Riviere Delisle",,Coteau-du-Lac,,,2165.9,1955,106300,32800,139100,2025,Logement,MAMH — Données Québec (rôle d'évaluation foncière),https://donneesouvertes.affmunqc.net/role/RL71040_2026.xml,,,,
"240, Riviere Delisle",,Coteau-du-Lac,,,4989.8,1945,162600,221700,384300,2025,Logement,MAMH — Données Québec (rôle d'évaluation foncière),https://donneesouvertes.affmunqc.net/role/RL71040_2026.xml,,,,
"225, Ruisseau",,Coteau-du-Lac,,,305332.7,,1486700,42700,1529400,2025,Agricole,MAMH — Données Québec (rôle d'évaluation foncière),https://donneesouvertes.affmunqc.net/role/RL71040_2026.xml,,,,
"223, Ruisseau",,Coteau-du-Lac,,,2274.1,1987,151900,375900,527800,2025,Logement,MAMH — Données Québec (rôle d'évaluation foncière),https://donneesouvertes.affmunqc.net/role/RL71040_2026.xml,,,,
"221, Ruisseau",,Coteau-du-Lac,,,1862.4,1998,130300,398900,529200,2025,Logement,MAMH — Données Québec (rôle d'évaluation foncière),https://donneesouvertes.affmunqc.net/role/RL71040_2026.xml,,,,
"215, Ruisseau",,Coteau-du-Lac,,,4481.9,1948,168200,211600,379800,2025,Logement,MAMH — Données Québec (rôle d'évaluation foncière),https://donneesouvertes.affmunqc.net/role/RL71040_2026.xml,,,,
"210, Ruisseau",,Coteau-du-Lac,,,9365.3,,46800,,46800,2025,Agricole,MAMH — Données Québec (rôle d'évaluation foncière),https://donneesouvertes.affmunqc.net/role/RL71040_2026.xml,,,,
"201, Ruisseau",,Coteau-du-Lac,,,5000,,168500,207300,375800,2025,Logement,MAMH — Données Québec (rôle d'évaluation foncière),https://donneesouvertes.affmunqc.net/role/RL71040_2026.xml,,,,
"189, Ruisseau",,Coteau-du-Lac,,,4679.4,,168300,315300,483600,2025,Logement,MAMH — Données Québec (rôle d'évaluation foncière),https://donneesouvertes.affmunqc.net/role/RL71040_2026.xml,,,,
"102, Ruisseau",,Coteau-du-Lac,,,208387.8,,724300,246000,970300,2025,Agricole,MAMH — Données Québec (rôle d'évaluation foncière),https://donneesouvertes.affmunqc.net/role/RL71040_2026.xml,,,,
20,,Coteau-du-Lac,,,14868,,60200,,60200,2025,Terrain vacant,MAMH — Données Québec (rôle d'évaluation foncière),https://donneesouvertes.affmunqc.net/role/RL71040_2026.xml,,,,
338,,Coteau-du-Lac,,,75902.6,,122800,,122800,2025,Terrain vacant,MAMH — Données Québec (rôle d'évaluation foncière),https://donneesouvertes.affmunqc.net/role/RL71040_2026.xml,,,,
"27, Riviere Delisle",,Coteau-du-Lac,,,2472,2025,83300,663400,746700,2025,Logement,MAMH — Données Québec (rôle d'évaluation foncière),https://donneesouvertes.affmunqc.net/role/RL71040_2026.xml,,,,
"220, Riviere Delisle",,Coteau-du-Lac,,,19268.8,,164700,288200,452900,2025,Logement,MAMH — Données Québec (rôle d'évaluation foncière),https://donneesouvertes.affmunqc.net/role/RL71040_2026.xml,,,,
"43, Riviere Delisle",,Coteau-du-Lac,,,8844.1,1900,138600,183000,321600,2025,Logement,MAMH — Données Québec (rôle d'évaluation foncière),https://donneesouvertes.affmunqc.net/role/RL71040_2026.xml,,,,
"215, Riviere Delisle",,Coteau-du-Lac,,,5553.5,1940,154900,217200,372100,2025,Logement,MAMH — Données Québec (rôle d'évaluation foncière),https://donneesouvertes.affmunqc.net/role/RL71040_2026.xml,,,,
"211, Riviere Delisle",,Coteau-du-Lac,,,8035.9,1977,164900,280400,445300,2025,Logement,MAMH — Données Québec (rôle d'évaluation foncière),https://donneesouvertes.affmunqc.net/role/RL71040_2026.xml,,,,
"209, Riviere Delisle, app. 209",,Coteau-du-Lac,,,25104,,177700,659500,837200,2025,Logement,MAMH — Données Québec (rôle d'évaluation foncière),https://donneesouvertes.affmunqc.net/role/RL71040_2026.xml,,,,
"70, Riviere Delisle",,Coteau-du-Lac,,,175846.6,1960,710300,8000,718300,2025,Agricole,MAMH — Données Québec (rôle d'évaluation foncière),https://donneesouvertes.affmunqc.net/role/RL71040_2026.xml,,,,
"79, Riviere Delisle",,Coteau-du-Lac,,,194290.8,,723600,667800,1391400,2025,Agricole,MAMH — Données Québec (rôle d'évaluation foncière),https://donneesouvertes.affmunqc.net/role/RL71040_2026.xml,,,,
"89, Riviere Delisle",,Coteau-du-Lac,,,2060.6,1969,117800,199200,317000,2025,Logement,MAMH — Données Québec (rôle d'évaluation foncière),https://donneesouvertes.affmunqc.net/role/RL71040_2026.xml,,,,
"186, Riviere Delisle",,Coteau-du-Lac,,,561445.6,,47686700,203900,47890600,2025,Logement,MAMH — Données Québec (rôle d'évaluation foncière),https://donneesouvertes.affmunqc.net/role/RL71040_2026.xml,,,,
"80, Leon-malouin",,Coteau-du-Lac,,,196658.7,,21239000,92726900,113965900,2025,Immeuble à bureaux,MAMH — Données Québec (rôle d'évaluation foncière),https://donneesouvertes.affmunqc.net/role/RL71040_2026.xml,,,,
"135, Ruisseau",,Coteau-du-Lac,,,282404.5,,1271000,380600,1651600,2025,Agricole,MAMH — Données Québec (rôle d'évaluation foncière),https://donneesouvertes.affmunqc.net/role/RL71040_2026.xml,,,,
"101, Ruisseau",,Coteau-du-Lac,,,5000,1850,168500,191800,360300,2025,Logement,MAMH — Données Québec (rôle d'évaluation foncière),https://donneesouvertes.affmunqc.net/role/RL71040_2026.xml,,,,
"94, Ruisseau",,Coteau-du-Lac,,,1869.4,1976,139800,263600,403400,2025,Logement,MAMH — Données Québec (rôle d'évaluation foncière),https://donneesouvertes.affmunqc.net/role/RL71040_2026.xml,,,,
"90, Ruisseau",,Coteau-du-Lac,,,1664.3,2023,133600,434600,568200,2025,Logement,MAMH — Données Québec (rôle d'évaluation foncière),https://donneesouvertes.affmunqc.net/role/RL71040_2026.xml,,,,
"86, Ruisseau",,Coteau-du-Lac,,,1733.9,1870,132000,268400,400400,2025,Logement,MAMH — Données Québec (rôle d'évaluation foncière),https://donneesouvertes.affmunqc.net/role/RL71040_2026.xml,,,,
"88, Ruisseau",,Coteau-du-Lac,,,213435.2,,920000,683000,1603000,2025,Agricole,MAMH — Données Québec (rôle d'évaluation foncière),https://donneesouvertes.affmunqc.net/role/RL71040_2026.xml,,,,
"72, Ruisseau",,Coteau-du-Lac,,,5000,1998,168500,401000,569500,2025,Logement,MAMH — Données Québec (rôle d'évaluation foncière),https://donneesouvertes.affmunqc.net/role/RL71040_2026.xml,,,,
"38, Ruisseau",,Coteau-du-Lac,,,134248.4,,477700,978100,1455800,2025,Agricole,MAMH — Données Québec (rôle d'évaluation foncière),https://donneesouvertes.affmunqc.net/role/RL71040_2026.xml,,,,
"62, Ruisseau",,Coteau-du-Lac,,,4998.7,,168500,177300,345800,2025,Logement,MAMH — Données Québec (rôle d'évaluation foncière),https://donneesouvertes.affmunqc.net/role/RL71040_2026.xml,,,,
"60, Ruisseau",,Coteau-du-Lac,,,4804.6,1977,168400,148300,316700,2025,Logement,MAMH — Données Québec (rôle d'évaluation foncière),https://donneesouvertes.affmunqc.net/role/RL71040_2026.xml,,,,
"28, Pont-chateau",,Coteau-du-Lac,,,104301.3,,189900,117000,306900,2025,Agricole,MAMH — Données Québec (rôle d'évaluation foncière),https://donneesouvertes.affmunqc.net/role/RL71040_2026.xml,,,,
1 686 958,,Coteau-du-Lac,,,126521.1,,223500,,223500,2025,Terrain vacant,MAMH — Données Québec (rôle d'évaluation foncière),https://donneesouvertes.affmunqc.net/role/RL71040_2026.xml,,,,
1 687 872,,Coteau-du-Lac,,,147714.1,,269200,,269200,2025,Terrain vacant,MAMH — Données Québec (rôle d'évaluation foncière),https://donneesouvertes.affmunqc.net/role/RL71040_2026.xml,,,,
"63, 338",,Coteau-du-Lac,,,171290.2,,726800,177900,904700,2025,Agricole,MAMH — Données Québec (rôle d'évaluation foncière),https://donneesouvertes.affmunqc.net/role/RL71040_2026.xml,,,,
3 745 482,,Coteau-du-Lac,,,13703.9,,68500,,68500,2025,Terrain vacant,MAMH — Données Québec (rôle d'évaluation foncière),https://donneesouvertes.affmunqc.net/role/RL71040_2026.xml,,,,
"65, 338",,Coteau-du-Lac,,,10253.5,1964,186900,260400,447300,2025,Logement,MAMH — Données Québec (rôle d'évaluation foncière),https://donneesouvertes.affmunqc.net/role/RL71040_2026.xml,,,,
"67, 338",,Coteau-du-Lac,,,34439.7,,325500,583400,908900,2025,,MAMH — Données Québec (rôle d'évaluation foncière),https://donneesouvertes.affmunqc.net/role/RL71040_2026.xml,,,,
338 Arr,,Coteau-du-Lac,,,3284.5,,39000,,39000,2025,Terrain vacant,MAMH — Données Québec (rôle d'évaluation foncière),https://donneesouvertes.affmunqc.net/role/RL71040_2026.xml,,,,
"91, 338",,Coteau-du-Lac,,,37991.3,,569900,,569900,2025,Terrain vacant,MAMH — Données Québec (rôle d'évaluation foncière),https://donneesouvertes.affmunqc.net/role/RL71040_2026.xml,,,,
"105, 338",,Coteau-du-Lac,,,582426.3,,1048400,788300,1836700,2025,Agricole,MAMH — Données Québec (rôle d'évaluation foncière),https://donneesouvertes.affmunqc.net/role/RL71040_2026.xml,,,,
"109, Riviere Delisle",,Coteau-du-Lac,,,2011.9,1840,116900,80500,197400,2025,Logement,MAMH — Données Québec (rôle d'évaluation foncière),https://donneesouvertes.affmunqc.net/role/RL71040_2026.xml,,,,
"111, Riviere Delisle",,Coteau-du-Lac,,,1494.4,1976,101700,283000,384700,2025,Logement,MAMH — Données Québec (rôle d'évaluation foncière),https://donneesouvertes.affmunqc.net/role/RL71040_2026.xml,,,,
"102, Riviere Delisle",,Coteau-du-Lac,,,264437,,994400,,994400,2025,Agricole,MAMH — Données Québec (rôle d'évaluation foncière),https://donneesouvertes.affmunqc.net/role/RL71040_2026.xml,,,,
"113, Riviere Delisle",,Coteau-du-Lac,,,9373.3,,154300,16900,171200,2025,Logement,MAMH — Données Québec (rôle d'évaluation foncière),https://donneesouvertes.affmunqc.net/role/RL71040_2026.xml,,,,
"120, Riviere Delisle",,Coteau-du-Lac,,,234481,,1002400,,1002400,2025,Agricole,MAMH — Données Québec (rôle d'évaluation foncière),https://donneesouvertes.affmunqc.net/role/RL71040_2026.xml,,,,
"132, Riviere Delisle",,Coteau-du-Lac,,,14628.5,2024,156900,628500,785400,2025,Logement,MAMH — Données Québec (rôle d'évaluation foncière),https://donneesouvertes.affmunqc.net/role/RL71040_2026.xml,,,,
"140, Riviere Delisle",,Coteau-du-Lac,,,123758.6,,501200,164600,665800,2025,Agricole,MAMH — Données Québec (rôle d'évaluation foncière),https://donneesouvertes.affmunqc.net/role/RL71040_2026.xml,,,,
"144, Riviere Delisle",,Coteau-du-Lac,,,111501.4,,451600,522600,974200,2025,Agricole,MAMH — Données Québec (rôle d'évaluation foncière),https://donneesouvertes.affmunqc.net/role/RL71040_2026.xml,,,,
"25, Leon-malouin",,Coteau-du-Lac,,,55661.8,2024,3404800,36066200,39471000,2025,Immeuble à bureaux,MAMH — Données Québec (rôle d'évaluation foncière),https://donneesouvertes.affmunqc.net/role/RL71040_2026.xml,,,,
"50, Industrielle",,Coteau-du-Lac,,,9290.3,2004,836100,2193400,3029500,2025,Immeuble à bureaux,MAMH — Données Québec (rôle d'évaluation foncière),https://donneesouvertes.affmunqc.net/role/RL71040_2026.xml,,,,
"100, Riviere Delisle",,Coteau-du-Lac,,,10928.1,2017,1120200,1185500,2305700,2025,Immeuble à bureaux,MAMH — Données Québec (rôle d'évaluation foncière),https://donneesouvertes.affmunqc.net/role/RL71040_2026.xml,,,,
"75, Industrielle",,Coteau-du-Lac,,,62420.3,,3523500,4907500,8431000,2025,Industrie,MAMH — Données Québec (rôle d'évaluation foncière),https://donneesouvertes.affmunqc.net/role/RL71040_2026.xml,,,,
"40, Industrielle",,Coteau-du-Lac,,,37153.2,,2571900,10316800,12888700,2025,,MAMH — Données Québec (rôle d'évaluation foncière),https://donneesouvertes.affmunqc.net/role/RL71040_2026.xml,,,,
"96, Riviere Delisle",,Coteau-du-Lac,,,8312.3,2023,635900,1701600,2337500,2025,Industrie,MAMH — Données Québec (rôle d'évaluation foncière),https://donneesouvertes.affmunqc.net/role/RL71040_2026.xml,,,,
"200, Industrielle",,Coteau-du-Lac,,,6899.6,1976,652000,133300,785300,2025,Immeuble commercial,MAMH — Données Québec (rôle d'évaluation foncière),https://donneesouvertes.affmunqc.net/role/RL71040_2026.xml,,,,
"75, Progres",,Coteau-du-Lac,,,58493.7,,3280200,4532700,7812900,2025,Immeuble commercial,MAMH — Données Québec (rôle d'évaluation foncière),https://donneesouvertes.affmunqc.net/role/RL71040_2026.xml,,,,
"50, Progres",,Coteau-du-Lac,,,10230.8,,920800,490800,1411600,2025,Immeuble à bureaux,MAMH — Données Québec (rôle d'évaluation foncière),https://donneesouvertes.affmunqc.net/role/RL71040_2026.xml,,,,
"40, Acier",,Coteau-du-Lac,,,3999.5,1976,431900,518100,950000,2025,Immeuble commercial,MAMH — Données Québec (rôle d'évaluation foncière),https://donneesouvertes.affmunqc.net/role/RL71040_2026.xml,,,,
"30, Acier",,Coteau-du-Lac,,,2508.2,2005,225700,405600,631300,2025,Immeuble commercial,MAMH — Données Québec (rôle d'évaluation foncière),https://donneesouvertes.affmunqc.net/role/RL71040_2026.xml,,,,
"148, Riviere Delisle",,Coteau-du-Lac,,,5000,1999,152100,384200,536300,2025,Logement,MAMH — Données Québec (rôle d'évaluation foncière),https://donneesouvertes.affmunqc.net/role/RL71040_2026.xml,,,,
"60, Acier",,Coteau-du-Lac,,,22935,2025,1932100,10151300,12083400,2025,,MAMH — Données Québec (rôle d'évaluation foncière),https://donneesouvertes.affmunqc.net/role/RL71040_2026.xml,,,,
"35, Acier, app. 75",,Coteau-du-Lac,,,35522.5,1976,2498500,5036300,7534800,2025,Immeuble à bureaux,MAMH — Données Québec (rôle d'évaluation foncière),https://donneesouvertes.affmunqc.net/role/RL71040_2026.xml,,,,
"200, Acier",,Coteau-du-Lac,,,8856.6,1976,797100,284800,1081900,2025,Immeuble commercial,MAMH — Données Québec (rôle d'évaluation foncière),https://donneesouvertes.affmunqc.net/role/RL71040_2026.xml,,,,
"4, Transport",,Coteau-du-Lac,,,110423,,5282100,2629500,7911600,2025,Immeuble commercial,MAMH — Données Québec (rôle d'évaluation foncière),https://donneesouvertes.affmunqc.net/role/RL71040_2026.xml,,,,
"50, Dupont",,Coteau-du-Lac,,,675752,,50900000,236520500,287420500,2025,Immeuble à bureaux,MAMH — Données Québec (rôle d'évaluation foncière),https://donneesouvertes.affmunqc.net/role/RL71040_2026.xml,,,,
"75, Dupont",,Coteau-du-Lac,,,55667.4,,3405000,6721400,10126400,2025,,MAMH — Données Québec (rôle d'évaluation foncière),https://donneesouvertes.affmunqc.net/role/RL71040_2026.xml,,,,
"25, Acier",,Coteau-du-Lac,,,80556.4,,4525000,6662400,11187400,2025,,MAMH — Données Québec (rôle d'évaluation foncière),https://donneesouvertes.affmunqc.net/role/RL71040_2026.xml,,,,
"55, Herbert O'connell",,Coteau-du-Lac,,,4645.2,2009,418100,581500,999600,2025,Industrie,MAMH — Données Québec (rôle d'évaluation foncière),https://donneesouvertes.affmunqc.net/role/RL71040_2026.xml,,,,
"25, Herbert O'connell",,Coteau-du-Lac,,,6132.6,,607100,,607100,2025,Terrain vacant,MAMH — Données Québec (rôle d'évaluation foncière),https://donneesouvertes.affmunqc.net/role/RL71040_2026.xml,,,,
"75, Herbert O'connell",,Coteau-du-Lac,,,2092.3,2000,188300,171200,359500,2025,Immeuble commercial,MAMH — Données Québec (rôle d'évaluation foncière),https://donneesouvertes.affmunqc.net/role/RL71040_2026.xml,,,,
"65, Herbert O'connell",,Coteau-du-Lac,,,2789.7,2007,251100,1117800,1368900,2025,,MAMH — Données Québec (rôle d'évaluation foncière),https://donneesouvertes.affmunqc.net/role/RL71040_2026.xml,,,,
201,,Coteau-du-Lac,,,79569.5,,397900,,397900,2025,Agricole,MAMH — Données Québec (rôle d'évaluation foncière),https://donneesouvertes.affmunqc.net/role/RL71040_2026.xml,,,,
"203, 201",,Coteau-du-Lac,,,123411.3,,416800,,416800,2025,Agricole,MAMH — Données Québec (rôle d'évaluation foncière),https://donneesouvertes.affmunqc.net/role/RL71040_2026.xml,,,,
"169, 201",,Coteau-du-Lac,,,452018.8,,904000,2842800,3746800,2025,Institutionnel,MAMH — Données Québec (rôle d'évaluation foncière),https://donneesouvertes.affmunqc.net/role/RL71040_2026.xml,,,,
"253, 201",,Coteau-du-Lac,,,254784.9,,1273900,45500,1319400,2025,Agricole,MAMH — Données Québec (rôle d'évaluation foncière),https://donneesouvertes.affmunqc.net/role/RL71040_2026.xml,,,,
"220, 201",,Coteau-du-Lac,,,410100.9,,1819700,394800,2214500,2025,Agricole,MAMH — Données Québec (rôle d'évaluation foncière),https://donneesouvertes.affmunqc.net/role/RL71040_2026.xml,,,,
"251, 201",,Coteau-du-Lac,,,4999.9,1962,187400,400800,588200,2025,Logement,MAMH — Données Québec (rôle d'évaluation foncière),https://donneesouvertes.affmunqc.net/role/RL71040_2026.xml,,,,
"237, 201",,Coteau-du-Lac,,,796.1,1880,71600,234700,306300,2025,Logement,MAMH — Données Québec (rôle d'évaluation foncière),https://donneesouvertes.affmunqc.net/role/RL71040_2026.xml,,,,
"256, 201",,Coteau-du-Lac,,,19915.9,1946,198600,153200,351800,2025,Logement,MAMH — Données Québec (rôle d'évaluation foncière),https://donneesouvertes.affmunqc.net/role/RL71040_2026.xml,,,,
"209, 201",,Coteau-du-Lac,,,2077.9,1968,142800,341700,484500,2025,Logement,MAMH — Données Québec (rôle d'évaluation foncière),https://donneesouvertes.affmunqc.net/role/RL71040_2026.xml,,,,
"221, Riviere Rouge",,Coteau-du-Lac,,,21714.4,1952,200000,125200,325200,2025,Logement,MAMH — Données Québec (rôle d'évaluation foncière),https://donneesouvertes.affmunqc.net/role/RL71040_2026.xml,,,,
"195, Riviere Rouge",,Coteau-du-Lac,,,21215.6,,189600,392900,582500,2025,Logement,MAMH — Données Québec (rôle d'évaluation foncière),https://donneesouvertes.affmunqc.net/role/RL71040_2026.xml,,,,
"57, Ruisseau",,Coteau-du-Lac,,,8767.4,1977,170400,227400,397800,2025,Logement,MAMH — Données Québec (rôle d'évaluation foncière),https://donneesouvertes.affmunqc.net/role/RL71040_2026.xml,,,,
"40, Ruisseau",,Coteau-du-Lac,,,977.4,1965,88000,298400,386400,2025,Logement,MAMH — Données Québec (rôle d'évaluation foncière),https://donneesouvertes.affmunqc.net/role/RL71040_2026.xml,,,,
"26, Pont-chateau",,Coteau-du-Lac,,,106186.9,,530900,346500,877400,2025,Agricole,MAMH — Données Québec (rôle d'évaluation foncière),https://donneesouvertes.affmunqc.net/role/RL71040_2026.xml,,,,
"33, Ruisseau",,Coteau-du-Lac,,,5925.5,1981,163400,409900,573300,2025,Logement,MAMH — Données Québec (rôle d'évaluation foncière),https://donneesouvertes.affmunqc.net/role/RL71040_2026.xml,,,,
"35, Ruisseau",,Coteau-du-Lac,,,2572.8,1971,116600,202500,319100,2025,Logement,MAMH — Données Québec (rôle d'évaluation foncière),https://donneesouvertes.affmunqc.net/role/RL71040_2026.xml,,,,
"36, Ruisseau",,Coteau-du-Lac,,,1245,1973,111800,356100,467900,2025,Logement,MAMH — Données Québec (rôle d'évaluation foncière),https://donneesouvertes.affmunqc.net/role/RL71040_2026.xml,,,,
"283, Pont-chateau",,Coteau-du-Lac,,,8381.2,1979,131700,358300,490000,2025,Institutionnel,MAMH — Données Québec (rôle d'évaluation foncière),https://donneesouvertes.affmunqc.net/role/RL71040_2026.xml,,,,
"29, Ruisseau",,Coteau-du-Lac,,,6179.8,1980,163500,77200,240700,2025,Logement,MAMH — Données Québec (rôle d'évaluation foncière),https://donneesouvertes.affmunqc.net/role/RL71040_2026.xml,,,,
"26, Ruisseau",,Coteau-du-Lac,,,1430.6,1913,107700,212200,319900,2025,Logement,MAMH — Données Québec (rôle d'évaluation foncière),https://donneesouvertes.affmunqc.net/role/RL71040_2026.xml,,,,
"24, Ruisseau",,Coteau-du-Lac,,,2983.4,1900,129700,145300,275000,2025,Logement,MAMH — Données Québec (rôle d'évaluation foncière),https://donneesouvertes.affmunqc.net/role/RL71040_2026.xml,,,,
"22, Ruisseau",,Coteau-du-Lac,,,2112.6,1900,133200,238200,371400,2025,Logement,MAMH — Données Québec (rôle d'évaluation foncière),https://donneesouvertes.affmunqc.net/role/RL71040_2026.xml,,,,
"295, 201",,Coteau-du-Lac,,,5002.5,1850,162900,181200,344100,2025,Logement,MAMH — Données Québec (rôle d'évaluation foncière),https://donneesouvertes.affmunqc.net/role/RL71040_2026.xml,,,,
"301, 201",,Coteau-du-Lac,,,3767.2,1970,162300,248100,410400,2025,Logement,MAMH — Données Québec (rôle d'évaluation foncière),https://donneesouvertes.affmunqc.net/role/RL71040_2026.xml,,,,
"299, 201",,Coteau-du-Lac,,,3992.3,1979,162400,295200,457600,2025,Logement,MAMH — Données Québec (rôle d'évaluation foncière),https://donneesouvertes.affmunqc.net/role/RL71040_2026.xml,,,,
"303, 201",,Coteau-du-Lac,,,2054.2,1870,140500,115500,256000,2025,Logement,MAMH — Données Québec (rôle d'évaluation foncière),https://donneesouvertes.affmunqc.net/role/RL71040_2026.xml,,,,
"298, 201",,Coteau-du-Lac,,,1533.3,,12500,,12500,2025,Terrain vacant,MAMH — Données Québec (rôle d'évaluation foncière),https://donneesouvertes.affmunqc.net/role/RL71040_2026.xml,,,,
"21, Ruisseau",,Coteau-du-Lac,,,3688.3,1947,162300,246300,408600,2025,Logement,MAMH — Données Québec (rôle d'évaluation foncière),https://donneesouvertes.affmunqc.net/role/RL71040_2026.xml,,,,
"275, 201",,Coteau-du-Lac,,,1997.3,1976,138800,290300,429100,2025,Logement,MAMH — Données Québec (rôle d'évaluation foncière),https://donneesouvertes.affmunqc.net/role/RL71040_2026.xml,,,,
"285, 201",,Coteau-du-Lac,,,1729,1950,131100,113000,244100,2025,Logement,MAMH — Données Québec (rôle d'évaluation foncière),https://donneesouvertes.affmunqc.net/role/RL71040_2026.xml,,,,
"241, Riviere Rouge",,Coteau-du-Lac,,,5251.7,2005,187600,283600,471200,2025,Logement,MAMH — Données Québec (rôle d'évaluation foncière),https://donneesouvertes.affmunqc.net/role/RL71040_2026.xml,,,,
"260, 201",,Coteau-du-Lac,,,16614.7,,160300,293800,454100,2025,Agricole,MAMH — Données Québec (rôle d'évaluation foncière),https://donneesouvertes.affmunqc.net/role/RL71040_2026.xml,,,,
"239, Riviere Rouge",,Coteau-du-Lac,,,11609,,192400,284200,476600,2025,Logement,MAMH — Données Québec (rôle d'évaluation foncière),https://donneesouvertes.affmunqc.net/role/RL71040_2026.xml,,,,
"23, Chenier",,Coteau-du-Lac,,,1699.2,1871,140500,192200,332700,2025,Logement,MAMH — Données Québec (rôle d'évaluation foncière),https://donneesouvertes.affmunqc.net/role/RL71040_2026.xml,,,,
"25, Chenier, app. 27",,Coteau-du-Lac,,,1581.3,1871,134700,380600,515300,2025,Logement,MAMH — Données Québec (rôle d'évaluation foncière),https://donneesouvertes.affmunqc.net/role/RL71040_2026.xml,,,,
"29, Chenier",,Coteau-du-Lac,,,1708.2,1974,144200,243300,387500,2025,Logement,MAMH — Données Québec (rôle d'évaluation foncière),https://donneesouvertes.affmunqc.net/role/RL71040_2026.xml,,,,
"294, 201",,Coteau-du-Lac,,,254584.3,,1272900,493400,1766300,2025,Agricole,MAMH — Données Québec (rôle d'évaluation foncière),https://donneesouvertes.affmunqc.net/role/RL71040_2026.xml,,,,
"26, Fleuve",,Coteau-du-Lac,,,2378.5,1977,368300,304600,672900,2025,Logement,MAMH — Données Québec (rôle d'évaluation foncière),https://donneesouvertes.affmunqc.net/role/RL71040_2026.xml,,,,
"22, Fleuve",,Coteau-du-Lac,,,3878.2,1800,226000,338000,564000,2025,Logement,MAMH — Données Québec (rôle d'évaluation foncière),https://donneesouvertes.affmunqc.net/role/RL71040_2026.xml,,,,
"24, Fleuve",,Coteau-du-Lac,,,6134.4,1994,596200,815700,1411900,2025,Logement,MAMH — Données Québec (rôle d'évaluation foncière),https://donneesouvertes.affmunqc.net/role/RL71040_2026.xml,,,,
"30, Fleuve",,Coteau-du-Lac,,,5775.8,1978,481900,382900,864800,2025,Logement,MAMH — Données Québec (rôle d'évaluation foncière),https://donneesouvertes.affmunqc.net/role/RL71040_2026.xml,,,,
"29, Fleuve",,Coteau-du-Lac,,,2276.5,2016,214000,472300,686300,2025,Logement,MAMH — Données Québec (rôle d'évaluation foncière),https://donneesouvertes.affmunqc.net/role/RL71040_2026.xml,,,,
"20, Fleuve, app. 51",,Coteau-du-Lac,,,45266.8,1980,2698800,144500,2843300,2025,Institutionnel,MAMH — Données Québec (rôle d'évaluation foncière),https://donneesouvertes.affmunqc.net/role/RL71040_2026.xml,,,,
"28, Fleuve",,Coteau-du-Lac,,,2427.8,1977,368400,455300,823700,2025,Logement,MAMH — Données Québec (rôle d'évaluation foncière),https://donneesouvertes.affmunqc.net/role/RL71040_2026.xml,,,,
"32, Fleuve",,Coteau-du-Lac,,,8908.1,1998,604600,510800,1115400,2025,Logement,MAMH — Données Québec (rôle d'évaluation foncière),https://donneesouvertes.affmunqc.net/role/RL71040_2026.xml,,,,
"34, Fleuve",,Coteau-du-Lac,,,12258,1994,773100,1221800,1994900,2025,Logement,MAMH — Données Québec (rôle d'évaluation foncière),https://donneesouvertes.affmunqc.net/role/RL71040_2026.xml,,,,
"26, Domaine Du Sous Bois",,Coteau-du-Lac,,,2371,1981,218300,473300,691600,2025,Logement,MAMH — Données Québec (rôle d'évaluation foncière),https://donneesouvertes.affmunqc.net/role/RL71040_2026.xml,,,,
"36, Fleuve",,Coteau-du-Lac,,,1153.2,1930,155700,11700,167400,2025,Terrain vacant,MAMH — Données Québec (rôle d'évaluation foncière),https://donneesouvertes.affmunqc.net/role/RL71040_2026.xml,,,,
"20, Domaine Du Sous Bois",,Coteau-du-Lac,,,4215.2,1979,226700,389600,616300,2025,Logement,MAMH — Données Québec (rôle d'évaluation foncière),https://donneesouvertes.affmunqc.net/role/RL71040_2026.xml,,,,
"21, Domaine Du Sous Bois",,Coteau-du-Lac,,,3302.8,1979,202400,473000,675400,2025,Logement,MAMH — Données Québec (rôle d'évaluation foncière),https://donneesouvertes.affmunqc.net/role/RL71040_2026.xml,,,,
"53, Fleuve",,Coteau-du-Lac,,,868.6,1900,105500,254100,359600,2025,Logement,MAMH — Données Québec (rôle d'évaluation foncière),https://donneesouvertes.affmunqc.net/role/RL71040_2026.xml,,,,
"38, Domaine Du Sous Bois",,Coteau-du-Lac,,,1858.1,1978,366700,548200,914900,2025,Logement,MAMH — Données Québec (rôle d'évaluation foncière),https://donneesouvertes.affmunqc.net/role/RL71040_2026.xml,,,,
"44, Domaine Du Sous Bois",,Coteau-du-Lac,,,2554.8,1981,403800,1087200,1491000,2025,Logement,MAMH — Données Québec (rôle d'évaluation foncière),https://donneesouvertes.affmunqc.net/role/RL71040_2026.xml,,,,
"32, Domaine Du Sous Bois",,Coteau-du-Lac,,,1917.7,1984,197900,498000,695900,2025,Logement,MAMH — Données Québec (rôle d'évaluation foncière),https://donneesouvertes.affmunqc.net/role/RL71040_2026.xml,,,,
"27, Domaine Du Sous Bois",,Coteau-du-Lac,,,11485.8,1960,733500,1810900,2544400,2025,Logement,MAMH — Données Québec (rôle d'évaluation foncière),https://donneesouvertes.affmunqc.net/role/RL71040_2026.xml,,,,
"33, Domaine Du Sous Bois",,Coteau-du-Lac,,,3193.5,1978,202200,384200,586400,2025,Logement,MAMH — Données Québec (rôle d'évaluation foncière),https://donneesouvertes.affmunqc.net/role/RL71040_2026.xml,,,,
"49, Domaine Du Sous Bois",,Coteau-du-Lac,,,6973,1974,598800,717400,1316200,2025,Logement,MAMH — Données Québec (rôle d'évaluation foncière),https://donneesouvertes.affmunqc.net/role/RL71040_2026.xml,,,,
"87, Venise",,Coteau-du-Lac,,,1915.2,1998,199900,368100,568000,2025,Logement,MAMH — Données Québec (rôle d'évaluation foncière),https://donneesouvertes.affmunqc.net/role/RL71040_2026.xml,,,,
"58, Fleuve",,Coteau-du-Lac,,,1175.5,1988,162200,403000,565200,2025,Logement,MAMH — Données Québec (rôle d'évaluation foncière),https://donneesouvertes.affmunqc.net/role/RL71040_2026.xml,,,,
"72, Venise",,Coteau-du-Lac,,,1490.8,1955,220000,122600,342600,2025,Logement,MAMH — Données Québec (rôle d'évaluation foncière),https://donneesouvertes.affmunqc.net/role/RL71040_2026.xml,,,,
"85, Venise",,Coteau-du-Lac,,,965.7,1998,170700,385800,556500,2025,Logement,MAMH — Données Québec (rôle d'évaluation foncière),https://donneesouvertes.affmunqc.net/role/RL71040_2026.xml,,,,
"70, Venise",,Coteau-du-Lac,,,857.6,2004,180700,301200,481900,2025,Logement,MAMH — Données Québec (rôle d'évaluation foncière),https://donneesouvertes.affmunqc.net/role/RL71040_2026.xml,,,,
"83, Venise",,Coteau-du-Lac,,,1015.1,1992,174400,386200,560600,2025,Logement,MAMH — Données Québec (rôle d'évaluation foncière),https://donneesouvertes.affmunqc.net/role/RL71040_2026.xml,,,,
"60, Fleuve",,Coteau-du-Lac,,,1422.2,1955,172100,528000,700100,2025,Logement,MAMH — Données Québec (rôle d'évaluation foncière),https://donneesouvertes.affmunqc.net/role/RL71040_2026.xml,,,,
"68, Fleuve",,Coteau-du-Lac,,,1056.6,1958,131300,247800,379100,2025,Logement,MAMH — Données Québec (rôle d'évaluation foncière),https://donneesouvertes.affmunqc.net/role/RL71040_2026.xml,,,,
"66, Fleuve",,Coteau-du-Lac,,,698.5,1954,124600,325200,449800,2025,Logement,MAMH — Données Québec (rôle d'évaluation foncière),https://donneesouvertes.affmunqc.net/role/RL71040_2026.xml,,,,
"20, Brunet",,Coteau-du-Lac,,,1100.2,1982,157300,471400,628700,2025,Logement,MAMH — Données Québec (rôle d'évaluation foncière),https://donneesouvertes.affmunqc.net/role/RL71040_2026.xml,,,,
"22, Brunet",,Coteau-du-Lac,,,838.1,1997,174800,388300,563100,2025,Logement,MAMH — Données Québec (rôle d'évaluation foncière),https://donneesouvertes.affmunqc.net/role/RL71040_2026.xml,,,,
"24, Brunet",,Coteau-du-Lac,,,1007.6,2003,188500,518400,706900,2025,Logement,MAMH — Données Québec (rôle d'évaluation foncière),https://donneesouvertes.affmunqc.net/role/RL71040_2026.xml,,,,
"79, Venise",,Coteau-du-Lac,,,1083.6,1990,170600,424600,595200,2025,Logement,MAMH — Données Québec (rôle d'évaluation foncière),https://donneesouvertes.affmunqc.net/role/RL71040_2026.xml,,,,
"47, Domaine Du Sous Bois",,Coteau-du-Lac,,,800.2,1991,277300,298500,575800,2025,Logement,MAMH — Données Québec (rôle d'évaluation foncière),https://donneesouvertes.affmunqc.net/role/RL71040_2026.xml,,,,
"45, Domaine Du Sous Bois",,Coteau-du-Lac,,,873.7,1975,286000,346600,632600,2025,Logement,MAMH — Données Québec (rôle d'évaluation foncière),https://donneesouvertes.affmunqc.net/role/RL71040_2026.xml,,,,
"43, Domaine Du Sous Bois",,Coteau-du-Lac,,,1172.2,1975,274600,253000,527600,2025,Logement,MAMH — Données Québec (rôle d'évaluation foncière),https://donneesouvertes.affmunqc.net/role/RL71040_2026.xml,,,,
"77, Venise",,Coteau-du-Lac,,,2339.6,1989,428500,626700,1055200,2025,Logement,MAMH — Données Québec (rôle d'évaluation foncière),https://donneesouvertes.affmunqc.net/role/RL71040_2026.xml,,,,
"75, Venise",,Coteau-du-Lac,,,1567.3,1993,462300,445800,908100,2025,Logement,MAMH — Données Québec (rôle d'évaluation foncière),https://donneesouvertes.affmunqc.net/role/RL71040_2026.xml,,,,
"68, Venise",,Coteau-du-Lac,,,1071.7,1993,198500,292900,491400,2025,Logement,MAMH — Données Québec (rôle d'évaluation foncière),https://donneesouvertes.affmunqc.net/role/RL71040_2026.xml,,,,
"81, Venise",,Coteau-du-Lac,,,960.7,1989,170400,365600,536000,2025,Logement,MAMH — Données Québec (rôle d'évaluation foncière),https://donneesouvertes.affmunqc.net/role/RL71040_2026.xml,,,,
"66, Venise",,Coteau-du-Lac,,,1064.2,1994,197900,355000,552900,2025,Logement,MAMH — Données Québec (rôle d'évaluation foncière),https://donneesouvertes.affmunqc.net/role/RL71040_2026.xml,,,,
"28, Brunet",,Coteau-du-Lac,,,832.1,2023,174300,587200,761500,2025,Logement,MAMH — Données Québec (rôle d'évaluation foncière),https://donneesouvertes.affmunqc.net/role/RL71040_2026.xml,,,,
"64, Venise",,Coteau-du-Lac,,,1198.7,1988,209100,433200,642300,2025,Logement,MAMH — Données Québec (rôle d'évaluation foncière),https://donneesouvertes.affmunqc.net/role/RL71040_2026.xml,,,,
"30, Brunet",,Coteau-du-Lac,,,1013.3,2020,193700,573200,766900,2025,Logement,MAMH — Données Québec (rôle d'évaluation foncière),https://donneesouvertes.affmunqc.net/role/RL71040_2026.xml,,,,
"73, Venise",,Coteau-du-Lac,,,1287.4,1987,446900,359300,806200,2025,Logement,MAMH — Données Québec (rôle d'évaluation foncière),https://donneesouvertes.affmunqc.net/role/RL71040_2026.xml,,,,
"26, Brunet",,Coteau-du-Lac,,,985,1994,186700,416600,603300,2025,Logement,MAMH — Données Québec (rôle d'évaluation foncière),https://donneesouvertes.affmunqc.net/role/RL71040_2026.xml,,,,
"19, Belle-vue",,Coteau-du-Lac,,,1271.8,1993,188900,421800,610700,2025,Logement,MAMH — Données Québec (rôle d'évaluation foncière),https://donneesouvertes.affmunqc.net/role/RL71040_2026.xml,,,,
"20, Belle-vue",,Coteau-du-Lac,,,956.1,,184400,,184400,2025,Terrain vacant,MAMH — Données Québec (rôle d'évaluation foncière),https://donneesouvertes.affmunqc.net/role/RL71040_2026.xml,,,,
"22, Belle-vue",,Coteau-du-Lac,,,933,,182500,,182500,2025,Terrain vacant,MAMH — Données Québec (rôle d'évaluation foncière),https://donneesouvertes.affmunqc.net/role/RL71040_2026.xml,,,,
"24, Belle-vue",,Coteau-du-Lac,,,939.5,1993,183000,459300,642300,2025,Logement,MAMH — Données Québec (rôle d'évaluation foncière),https://donneesouvertes.affmunqc.net/role/RL71040_2026.xml,,,,
"60, Venise",,Coteau-du-Lac,,,1266.3,1988,214700,704200,918900,2025,Logement,MAMH — Données Québec (rôle d'évaluation foncière),https://donneesouvertes.affmunqc.net/role/RL71040_2026.xml,,,,
"58, Venise",,Coteau-du-Lac,,,1040.5,1995,195900,521900,717800,2025,Logement,MAMH — Données Québec (rôle d'évaluation foncière),https://donneesouvertes.affmunqc.net/role/RL71040_2026.xml,,,,
"56, Venise",,Coteau-du-Lac,,,1040.5,2002,195900,493400,689300,2025,Logement,MAMH — Données Québec (rôle d'évaluation foncière),https://donneesouvertes.affmunqc.net/role/RL71040_2026.xml,,,,
"71, Venise",,Coteau-du-Lac,,,1014.1,,408100,,408100,2025,Terrain vacant,MAMH — Données Québec (rôle d'évaluation foncière),https://donneesouvertes.affmunqc.net/role/RL71040_2026.xml,,,,
"69, Venise",,Coteau-du-Lac,,,1479.2,1993,478400,642000,1120400,2025,Logement,MAMH — Données Québec (rôle d'évaluation foncière),https://donneesouvertes.affmunqc.net/role/RL71040_2026.xml,,,,
"67, Venise",,Coteau-du-Lac,,,1370.3,1988,462900,334500,797400,2025,Logement,MAMH — Données Québec (rôle d'évaluation foncière),https://donneesouvertes.affmunqc.net/role/RL71040_2026.xml,,,,
"65, Venise",,Coteau-du-Lac,,,1347,2009,468200,953900,1422100,2025,Logement,MAMH — Données Québec (rôle d'évaluation foncière),https://donneesouvertes.affmunqc.net/role/RL71040_2026.xml,,,,
"63, Venise",,Coteau-du-Lac,,,1382.3,1996,518700,674100,1192800,2025,Logement,MAMH — Données Québec (rôle d'évaluation foncière),https://donneesouvertes.affmunqc.net/role/RL71040_2026.xml,,,,
"61, Venise",,Coteau-du-Lac,,,1219.9,2000,477700,603300,1081000,2025,Logement,MAMH — Données Québec (rôle d'évaluation foncière),https://donneesouvertes.affmunqc.net/role/RL71040_2026.xml,,,,
"69, 338",,Coteau-du-Lac,,,4114.53,1979,166900,333500,500400,2025,Logement,MAMH — Données Québec (rôle d'évaluation foncière),https://donneesouvertes.affmunqc.net/role/RL71040_2026.xml,,,,
"71, 338",,Coteau-du-Lac,,,6160.6,1979,178700,265600,444300,2025,Logement,MAMH — Données Québec (rôle d'évaluation foncière),https://donneesouvertes.affmunqc.net/role/RL71040_2026.xml,,,,
"87, 338",,Coteau-du-Lac,,,3720.4,1945,166200,250500,416700,2025,Logement,MAMH — Données Québec (rôle d'évaluation foncière),https://donneesouvertes.affmunqc.net/role/RL71040_2026.xml,,,,
"73, 338",,Coteau-du-Lac,,,2634.8,1986,114800,417700,532500,2025,Logement,MAMH — Données Québec (rôle d'évaluation foncière),https://donneesouvertes.affmunqc.net/role/RL71040_2026.xml,,,,
"89, 338",,Coteau-du-Lac,,,19866.9,,496700,,496700,2025,Terrain vacant,MAMH — Données Québec (rôle d'évaluation foncière),https://donneesouvertes.affmunqc.net/role/RL71040_2026.xml,,,,
"95, 338",,Coteau-du-Lac,,,3673.1,1988,157800,118400,276200,2025,Industrie,MAMH — Données Québec (rôle d'évaluation foncière),https://donneesouvertes.affmunqc.net/role/RL71040_2026.xml,,,,
"99, 338",,Coteau-du-Lac,,,3164.7,1978,143000,440300,583300,2025,Immeuble à bureaux,MAMH — Données Québec (rôle d'évaluation foncière),https://donneesouvertes.affmunqc.net/role/RL71040_2026.xml,,,,
"82, 338",,Coteau-du-Lac,,,7423.2,1958,172200,458100,630300,2025,Logement,MAMH — Données Québec (rôle d'évaluation foncière),https://donneesouvertes.affmunqc.net/role/RL71040_2026.xml,,,,
"90, 338",,Coteau-du-Lac,,,1642.9,1985,136100,214200,350300,2025,Logement,MAMH — Données Québec (rôle d'évaluation foncière),https://donneesouvertes.affmunqc.net/role/RL71040_2026.xml,,,,
"20, Lalonde",,Coteau-du-Lac,,,1670.9,1978,137000,305600,442600,2025,Logement,MAMH — Données Québec (rôle d'évaluation foncière),https://donneesouvertes.affmunqc.net/role/RL71040_2026.xml,,,,
"92, 338",,Coteau-du-Lac,,,1530.7,1970,112900,277600,390500,2025,Logement,MAMH — Données Québec (rôle d'évaluation foncière),https://donneesouvertes.affmunqc.net/role/RL71040_2026.xml,,,,
"94, 338",,Coteau-du-Lac,,,1856,1984,123600,144000,267600,2025,Industrie,MAMH — Données Québec (rôle d'évaluation foncière),https://donneesouvertes.affmunqc.net/role/RL71040_2026.xml,,,,
"100, 338",,Coteau-du-Lac,,,2802.2,1979,246500,747300,993800,2025,Industrie,MAMH — Données Québec (rôle d'évaluation foncière),https://donneesouvertes.affmunqc.net/role/RL71040_2026.xml,,,,
"96, 338",,Coteau-du-Lac,,,2341.4,1976,125700,216000,341700,2025,Logement,MAMH — Données Québec (rôle d'évaluation foncière),https://donneesouvertes.affmunqc.net/role/RL71040_2026.xml,,,,
"104, 338",,Coteau-du-Lac,,,6710,,603900,1338700,1942600,2025,Immeuble à bureaux,MAMH — Données Québec (rôle d'évaluation foncière),https://donneesouvertes.affmunqc.net/role/RL71040_2026.xml,,,,
"71, Fleuve",,Coteau-du-Lac,,,1965.5,1977,235500,297200,532700,2025,Logement,MAMH — Données Québec (rôle d'évaluation foncière),https://donneesouvertes.affmunqc.net/role/RL71040_2026.xml,,,,
"69, Fleuve",,Coteau-du-Lac,,,1398.9,1979,232700,290100,522800,2025,Logement,MAMH — Données Québec (rôle d'évaluation foncière),https://donneesouvertes.affmunqc.net/role/RL71040_2026.xml,,,,
"67, Fleuve",,Coteau-du-Lac,,,741.6,1978,145100,189400,334500,2025,Logement,MAMH — Données Québec (rôle d'évaluation foncière),https://donneesouvertes.affmunqc.net/role/RL71040_2026.xml,,,,
"73, Fleuve",,Coteau-du-Lac,,,1992.9,1996,235700,382700,618400,2025,Logement,MAMH — Données Québec (rôle d'évaluation foncière),https://donneesouvertes.affmunqc.net/role/RL71040_2026.xml,,,,
"72, Fleuve",,Coteau-du-Lac,,,1259.8,1979,167700,330400,498100,2025,Logement,MAMH — Données Québec (rôle d'évaluation foncière),https://donneesouvertes.affmunqc.net/role/RL71040_2026.xml,,,,
"21, Brunet",,Coteau-du-Lac,,,969.7,2003,185500,424200,609700,2025,Logement,MAMH — Données Québec (rôle d'évaluation foncière),https://donneesouvertes.affmunqc.net/role/RL71040_2026.xml,,,,
"74, Fleuve",,Coteau-du-Lac,,,863.3,1981,141900,254400,396300,2025,Logement,MAMH — Données Québec (rôle d'évaluation foncière),https://donneesouvertes.affmunqc.net/role/RL71040_2026.xml,,,,
"75, Fleuve",,Coteau-du-Lac,,,2417.4,1982,237800,404300,642100,2025,Logement,MAMH — Données Québec (rôle d'évaluation foncière),https://donneesouvertes.affmunqc.net/role/RL71040_2026.xml,,,,
"77, Fleuve",,Coteau-du-Lac,,,2081.3,2001,236100,626700,862800,2025,Logement,MAMH — Données Québec (rôle d'évaluation foncière),https://donneesouvertes.affmunqc.net/role/RL71040_2026.xml,,,,
"79, Fleuve",,Coteau-du-Lac,,,2060.4,1979,236000,468400,704400,2025,Logement,MAMH — Données Québec (rôle d'évaluation foncière),https://donneesouvertes.affmunqc.net/role/RL71040_2026.xml,,,,
"81, Fleuve",,Coteau-du-Lac,,,2021.7,1985,235800,404500,640300,2025,Logement,MAMH — Données Québec (rôle d'évaluation foncière),https://donneesouvertes.affmunqc.net/role/RL71040_2026.xml,,,,
"83, Fleuve",,Coteau-du-Lac,,,1964.4,1979,235500,519600,755100,2025,Logement,MAMH — Données Québec (rôle d'évaluation foncière),https://donneesouvertes.affmunqc.net/role/RL71040_2026.xml,,,,
"85, Fleuve",,Coteau-du-Lac,,,1807,1979,234800,278500,513300,2025,Logement,MAMH — Données Québec (rôle d'évaluation foncière),https://donneesouvertes.affmunqc.net/role/RL71040_2026.xml,,,,
"87, Fleuve",,Coteau-du-Lac,,,1963.1,1982,235500,300500,536000,2025,Logement,MAMH — Données Québec (rôle d'évaluation foncière),https://donneesouvertes.affmunqc.net/role/RL71040_2026.xml,,,,
"89, Fleuve",,Coteau-du-Lac,,,1796.6,1984,234700,252800,487500,2025,Logement,MAMH — Données Québec (rôle d'évaluation foncière),https://donneesouvertes.affmunqc.net/role/RL71040_2026.xml,,,,
"91, Fleuve",,Coteau-du-Lac,,,1650.5,1979,234000,324200,558200,2025,Logement,MAMH — Données Québec (rôle d'évaluation foncière),https://donneesouvertes.affmunqc.net/role/RL71040_2026.xml,,,,
"93, Fleuve",,Coteau-du-Lac,,,1504.4,1979,233200,381700,614900,2025,Logement,MAMH — Données Québec (rôle d'évaluation foncière),https://donneesouvertes.affmunqc.net/role/RL71040_2026.xml,,,,
"95, Fleuve",,Coteau-du-Lac,,,1217.8,1979,223300,263700,487000,2025,Logement,MAMH — Données Québec (rôle d'évaluation foncière),https://donneesouvertes.affmunqc.net/role/RL71040_2026.xml,,,,
"97, Fleuve",,Coteau-du-Lac,,,1077.1,1977,210900,270500,481400,2025,Logement,MAMH — Données Québec (rôle d'évaluation foncière),https://donneesouvertes.affmunqc.net/role/RL71040_2026.xml,,,,
"99, Fleuve",,Coteau-du-Lac,,,936.4,1979,198600,330900,529500,2025,Logement,MAMH — Données Québec (rôle d'évaluation foncière),https://donneesouvertes.affmunqc.net/role/RL71040_2026.xml,,,,
"22, Lalonde",,Coteau-du-Lac,,,1663,1979,136700,270500,407200,2025,Logement,MAMH — Données Québec (rôle d'évaluation foncière),https://donneesouvertes.affmunqc.net/role/RL71040_2026.xml,,,,
"26, Lalonde",,Coteau-du-Lac,,,1886.1,1979,144100,256700,400800,2025,Logement,MAMH — Données Québec (rôle d'évaluation foncière),https://donneesouvertes.affmunqc.net/role/RL71040_2026.xml,,,,
"28, Lalonde",,Coteau-du-Lac,,,3901.6,1969,156800,289300,446100,2025,Logement,MAMH — Données Québec (rôle d'évaluation foncière),https://donneesouvertes.affmunqc.net/role/RL71040_2026.xml,,,,
"54, Theophile-brassard",,Coteau-du-Lac,,,3450,,1179900,,1179900,2025,Terrain vacant,MAMH — Données Québec (rôle d'évaluation foncière),https://donneesouvertes.affmunqc.net/role/RL71040_2026.xml,,,,
"50, Theophile-brassard",,Coteau-du-Lac,,,6072.07,,1893300,,1893300,2025,Terrain vacant,MAMH — Données Québec (rôle d'évaluation foncière),https://donneesouvertes.affmunqc.net/role/RL71040_2026.xml,,,,
"52, Theophile-brassard",,Coteau-du-Lac,,,3450,,1179900,,1179900,2025,Terrain vacant,MAMH — Données Québec (rôle d'évaluation foncière),https://donneesouvertes.affmunqc.net/role/RL71040_2026.xml,,,,
"22, Vieux Canal",,Coteau-du-Lac,,,11215.3,,189700,733400,923100,2025,Logement,MAMH — Données Québec (rôle d'évaluation foncière),https://donneesouvertes.affmunqc.net/role/RL71040_2026.xml,,,,
"76, Fleuve",,Coteau-du-Lac,,,863.4,1979,141900,288300,430200,2025,Logement,MAMH — Données Québec (rôle d'évaluation foncière),https://donneesouvertes.affmunqc.net/role/RL71040_2026.xml,,,,
"21, Belle-vue",,Coteau-du-Lac,,,1102.3,1994,196200,520000,716200,2025,Logement,MAMH — Données Québec (rôle d'évaluation foncière),https://donneesouvertes.affmunqc.net/role/RL71040_2026.xml,,,,
"23, Belle-vue",,Coteau-du-Lac,,,903.2,1993,180100,389200,569300,2025,Logement,MAMH — Données Québec (rôle d'évaluation foncière),https://donneesouvertes.affmunqc.net/role/RL71040_2026.xml,,,,
"25, Belle-vue",,Coteau-du-Lac,,,852.1,1992,175900,207900,383800,2025,Logement,MAMH — Données Québec (rôle d'évaluation foncière),https://donneesouvertes.affmunqc.net/role/RL71040_2026.xml,,,,
"26, Belle-vue",,Coteau-du-Lac,,,946.1,1992,183600,336700,520300,2025,Logement,MAMH — Données Québec (rôle d'évaluation foncière),https://donneesouvertes.affmunqc.net/role/RL71040_2026.xml,,,,
"28, Belle-vue",,Coteau-du-Lac,,,952.7,1997,184100,340000,524100,2025,Logement,MAMH — Données Québec (rôle d'évaluation foncière),https://donneesouvertes.affmunqc.net/role/RL71040_2026.xml,,,,
"30, Belle-vue",,Coteau-du-Lac,,,964.1,1998,185000,434800,619800,2025,Logement,MAMH — Données Québec (rôle d'évaluation foncière),https://donneesouvertes.affmunqc.net/role/RL71040_2026.xml,,,,
"32, Belle-vue",,Coteau-du-Lac,,,977.8,1994,186100,419700,605800,2025,Logement,MAMH — Données Québec (rôle d'évaluation foncière),https://donneesouvertes.affmunqc.net/role/RL71040_2026.xml,,,,
"78, Fleuve",,Coteau-du-Lac,,,835.8,1981,140100,388900,529000,2025,Logement,MAMH — Données Québec (rôle d'évaluation foncière),https://donneesouvertes.affmunqc.net/role/RL71040_2026.xml,,,,
"80, Fleuve",,Coteau-du-Lac,,,863.4,1999,141900,469000,610900,2025,Logement,MAMH — Données Québec (rôle d'évaluation foncière),https://donneesouvertes.affmunqc.net/role/RL71040_2026.xml,,,,
"82, Fleuve",,Coteau-du-Lac,,,863.3,1981,141900,277600,419500,2025,Logement,MAMH — Données Québec (rôle d'évaluation foncière),https://donneesouvertes.affmunqc.net/role/RL71040_2026.xml,,,,
"27, Belle-vue",,Coteau-du-Lac,,,834.1,2002,174500,504600,679100,2025,Logement,MAMH — Données Québec (rôle d'évaluation foncière),https://donneesouvertes.affmunqc.net/role/RL71040_2026.xml,,,,
"29, Belle-vue",,Coteau-du-Lac,,,838.4,2003,174800,450400,625200,2025,Logement,MAMH — Données Québec (rôle d'évaluation foncière),https://donneesouvertes.affmunqc.net/role/RL71040_2026.xml,,,,
"31, Belle-vue",,Coteau-du-Lac,,,912,1999,180800,422800,603600,2025,Logement,MAMH — Données Québec (rôle d'évaluation foncière),https://donneesouvertes.affmunqc.net/role/RL71040_2026.xml,,,,
"33, Belle-vue",,Coteau-du-Lac,,,927.7,1993,182100,316800,498900,2025,Logement,MAMH — Données Québec (rôle d'évaluation foncière),https://donneesouvertes.affmunqc.net/role/RL71040_2026.xml,,,,
"34, Belle-vue",,Coteau-du-Lac,,,984.1,2001,186600,424100,610700,2025,Logement,MAMH — Données Québec (rôle d'évaluation foncière),https://donneesouvertes.affmunqc.net/role/RL71040_2026.xml,,,,
"84, Fleuve",,Coteau-du-Lac,,,864,1979,142000,272000,414000,2025,Logement,MAMH — Données Québec (rôle d'évaluation foncière),https://donneesouvertes.affmunqc.net/role/RL71040_2026.xml,,,,
"86, Fleuve",,Coteau-du-Lac,,,1053.1,1979,154300,356500,510800,2025,Logement,MAMH — Données Québec (rôle d'évaluation foncière),https://donneesouvertes.affmunqc.net/role/RL71040_2026.xml,,,,
"90, Fleuve",,Coteau-du-Lac,,,907.4,1977,144800,291500,436300,2025,Logement,MAMH — Données Québec (rôle d'évaluation foncière),https://donneesouvertes.affmunqc.net/role/RL71040_2026.xml,,,,
"88, Fleuve",,Coteau-du-Lac,,,1079.3,1980,156000,417800,573800,2025,Logement,MAMH — Données Québec (rôle d'évaluation foncière),https://donneesouvertes.affmunqc.net/role/RL71040_2026.xml,,,,
"35, Belle-vue",,Coteau-du-Lac,,,1242.7,1996,207600,451800,659400,2025,Logement,MAMH — Données Québec (rôle d'évaluation foncière),https://donneesouvertes.affmunqc.net/role/RL71040_2026.xml,,,,
"34, Venise",,Coteau-du-Lac,,,1505.5,1976,220000,291900,511900,2025,Logement,MAMH — Données Québec (rôle d'évaluation foncière),https://donneesouvertes.affmunqc.net/role/RL71040_2026.xml,,,,
"36, Venise",,Coteau-du-Lac,,,1463.2,1976,219800,287900,507700,2025,Logement,MAMH — Données Québec (rôle d'évaluation foncière),https://donneesouvertes.affmunqc.net/role/RL71040_2026.xml,,,,
"92, Fleuve",,Coteau-du-Lac,,,866.1,1978,142100,244300,386400,2025,Logement,MAMH — Données Québec (rôle d'évaluation foncière),https://donneesouvertes.affmunqc.net/role/RL71040_2026.xml,,,,
"21, Venise",,Coteau-du-Lac,,,1360.1,1982,171800,566700,738500,2025,Logement,MAMH — Données Québec (rôle d'évaluation foncière),https://donneesouvertes.affmunqc.net/role/RL71040_2026.xml,,,,
"32, Venise",,Coteau-du-Lac,,,1862.1,1977,221800,339300,561100,2025,Logement,MAMH — Données Québec (rôle d'évaluation foncière),https://donneesouvertes.affmunqc.net/role/RL71040_2026.xml,,,,
"25, Venise",,Coteau-du-Lac,,,2390.6,1973,495300,390900,886200,2025,Logement,MAMH — Données Québec (rôle d'évaluation foncière),https://donneesouvertes.affmunqc.net/role/RL71040_2026.xml,,,,
"101, Fleuve",,Coteau-du-Lac,,,794,1976,186000,306100,492100,2025,Logement,MAMH — Données Québec (rôle d'évaluation foncière),https://donneesouvertes.affmunqc.net/role/RL71040_2026.xml,,,,
"103, Fleuve",,Coteau-du-Lac,,,651,1976,171900,227200,399100,2025,Logement,MAMH — Données Québec (rôle d'évaluation foncière),https://donneesouvertes.affmunqc.net/role/RL71040_2026.xml,,,,
"102, Fleuve",,Coteau-du-Lac,,,815,1979,118000,279200,397200,2025,Logement,MAMH — Données Québec (rôle d'évaluation foncière),https://donneesouvertes.affmunqc.net/role/RL71040_2026.xml,,,,
"100, Fleuve",,Coteau-du-Lac,,,1173.3,1978,162100,320200,482300,2025,Logement,MAMH — Données Québec (rôle d'évaluation foncière),https://donneesouvertes.affmunqc.net/role/RL71040_2026.xml,,,,
"98, Fleuve",,Coteau-du-Lac,,,1646.2,1976,173200,229900,403100,2025,Logement,MAMH — Données Québec (rôle d'évaluation foncière),https://donneesouvertes.affmunqc.net/role/RL71040_2026.xml,,,,
"22, Armand",,Coteau-du-Lac,,,453.6,1957,84000,33100,117100,2025,Logement,MAMH — Données Québec (rôle d'évaluation foncière),https://donneesouvertes.affmunqc.net/role/RL71040_2026.xml,,,,
"105, Fleuve",,Coteau-du-Lac,,,854.3,1976,153100,238100,391200,2025,Logement,MAMH — Données Québec (rôle d'évaluation foncière),https://donneesouvertes.affmunqc.net/role/RL71040_2026.xml,,,,
"109, Fleuve",,Coteau-du-Lac,,,269.8,1974,57000,37200,94200,2025,Immeuble commercial,MAMH — Données Québec (rôle d'évaluation foncière),https://donneesouvertes.affmunqc.net/role/RL71040_2026.xml,,,,
"118, Fleuve",,Coteau-du-Lac,,,687.7,,124000,,124000,2025,Terrain vacant,MAMH — Données Québec (rôle d'évaluation foncière),https://donneesouvertes.affmunqc.net/role/RL71040_2026.xml,,,,
"120, Fleuve",,Coteau-du-Lac,,,1005.1,1975,151100,227000,378100,2025,Logement,MAMH — Données Québec (rôle d'évaluation foncière),https://donneesouvertes.affmunqc.net/role/RL71040_2026.xml,,,,
"124, Fleuve",,Coteau-du-Lac,,,1393.4,2005,172000,570700,742700,2025,Logement,MAMH — Données Québec (rôle d'évaluation foncière),https://donneesouvertes.affmunqc.net/role/RL71040_2026.xml,,,,
"128, Fleuve",,Coteau-du-Lac,,,744.2,,134200,49300,183500,2025,Logement,MAMH — Données Québec (rôle d'évaluation foncière),https://donneesouvertes.affmunqc.net/role/RL71040_2026.xml,,,,
"54, Venise",,Coteau-du-Lac,,,1040.5,1988,195900,388000,583900,2025,Logement,MAMH — Données Québec (rôle d'évaluation foncière),https://donneesouvertes.affmunqc.net/role/RL71040_2026.xml,,,,
"50, Venise",,Coteau-du-Lac,,,1294,1985,217000,468100,685100,2025,Logement,MAMH — Données Québec (rôle d'évaluation foncière),https://donneesouvertes.affmunqc.net/role/RL71040_2026.xml,,,,
"48, Venise",,Coteau-du-Lac,,,1026.6,2012,194800,385400,580200,2025,Logement,MAMH — Données Québec (rôle d'évaluation foncière),https://donneesouvertes.affmunqc.net/role/RL71040_2026.xml,,,,
"59, Venise",,Coteau-du-Lac,,,1300.6,2001,523100,423200,946300,2025,Logement,MAMH — Données Québec (rôle d'évaluation foncière),https://donneesouvertes.affmunqc.net/role/RL71040_2026.xml,,,,
"57, Venise",,Coteau-du-Lac,,,673.4,1978,286900,347000,633900,2025,Logement,MAMH — Données Québec (rôle d'évaluation foncière),https://donneesouvertes.affmunqc.net/role/RL71040_2026.xml,,,,
"53, Venise",,Coteau-du-Lac,,,694.5,,295900,12500,308400,2025,Logement,MAMH — Données Québec (rôle d'évaluation foncière),https://donneesouvertes.affmunqc.net/role/RL71040_2026.xml,,,,
"51, Venise",,Coteau-du-Lac,,,746,1988,317800,496800,814600,2025,Logement,MAMH — Données Québec (rôle d'évaluation foncière),https://donneesouvertes.affmunqc.net/role/RL71040_2026.xml,,,,
"46, Venise",,Coteau-du-Lac,,,1017.3,1977,194000,227000,421000,2025,Logement,MAMH — Données Québec (rôle d'évaluation foncière),https://donneesouvertes.affmunqc.net/role/RL71040_2026.xml,,,,
"45, Venise",,Coteau-du-Lac,,,2070.8,1978,643000,317000,960000,2025,Logement,MAMH — Données Québec (rôle d'évaluation foncière),https://donneesouvertes.affmunqc.net/role/RL71040_2026.xml,,,,
"47, Venise",,Coteau-du-Lac,,,1953.5,1978,625900,419200,1045100,2025,Logement,MAMH — Données Québec (rôle d'évaluation foncière),https://donneesouvertes.affmunqc.net/role/RL71040_2026.xml,,,,
"38, Venise",,Coteau-du-Lac,,,1045.8,1976,196400,301700,498100,2025,Logement,MAMH — Données Québec (rôle d'évaluation foncière),https://donneesouvertes.affmunqc.net/role/RL71040_2026.xml,,,,
"35, Venise",,Coteau-du-Lac,,,752.6,1999,320600,422000,742600,2025,Logement,MAMH — Données Québec (rôle d'évaluation foncière),https://donneesouvertes.affmunqc.net/role/RL71040_2026.xml,,,,
"37, Venise",,Coteau-du-Lac,,,1074.5,1975,416700,431900,848600,2025,Logement,MAMH — Données Québec (rôle d'évaluation foncière),https://donneesouvertes.affmunqc.net/role/RL71040_2026.xml,,,,
"39, Venise",,Coteau-du-Lac,,,709.6,1987,302300,481800,784100,2025,Logement,MAMH — Données Québec (rôle d'évaluation foncière),https://donneesouvertes.affmunqc.net/role/RL71040_2026.xml,,,,
"43, Venise",,Coteau-du-Lac,,,1539.9,1975,567500,344300,911800,2025,Logement,MAMH — Données Québec (rôle d'évaluation foncière),https://donneesouvertes.affmunqc.net/role/RL71040_2026.xml,,,,
"29, Venise",,Coteau-du-Lac,,,779.9,1989,332200,448200,780400,2025,Logement,MAMH — Données Québec (rôle d'évaluation foncière),https://donneesouvertes.affmunqc.net/role/RL71040_2026.xml,,,,
"31, Venise",,Coteau-du-Lac,,,1134,1977,425100,701400,1126500,2025,Logement,MAMH — Données Québec (rôle d'évaluation foncière),https://donneesouvertes.affmunqc.net/role/RL71040_2026.xml,,,,
"33, Venise",,Coteau-du-Lac,,,749.6,1994,319300,436800,756100,2025,Logement,MAMH — Données Québec (rôle d'évaluation foncière),https://donneesouvertes.affmunqc.net/role/RL71040_2026.xml,,,,
"29, Armand",,Coteau-du-Lac,,,742,1963,236400,188000,424400,2025,Logement,MAMH — Données Québec (rôle d'évaluation foncière),https://donneesouvertes.affmunqc.net/role/RL71040_2026.xml,,,,
"33, Armand",,Coteau-du-Lac,,,636.6,1963,225400,267400,492800,2025,Logement,MAMH — Données Québec (rôle d'évaluation foncière),https://donneesouvertes.affmunqc.net/role/RL71040_2026.xml,,,,
"31, Armand",,Coteau-du-Lac,,,503.8,1961,178300,140300,318600,2025,Logement,MAMH — Données Québec (rôle d'évaluation foncière),https://donneesouvertes.affmunqc.net/role/RL71040_2026.xml,,,,
"27, Armand",,Coteau-du-Lac,,,722.8,1991,255900,377400,633300,2025,Logement,MAMH — Données Québec (rôle d'évaluation foncière),https://donneesouvertes.affmunqc.net/role/RL71040_2026.xml,,,,
"23, Armand",,Coteau-du-Lac,,,1210.6,1965,385700,216100,601800,2025,Logement,MAMH — Données Québec (rôle d'évaluation foncière),https://donneesouvertes.affmunqc.net/role/RL71040_2026.xml,,,,
"25, Armand",,Coteau-du-Lac,,,779.9,2010,276100,540000,816100,2025,Logement,MAMH — Données Québec (rôle d'évaluation foncière),https://donneesouvertes.affmunqc.net/role/RL71040_2026.xml,,,,
"22, Andre",,Coteau-du-Lac,,,1028.9,1976,364200,325200,689400,2025,Logement,MAMH — Données Québec (rôle d'évaluation foncière),https://donneesouvertes.affmunqc.net/role/RL71040_2026.xml,,,,
"23, Andre",,Coteau-du-Lac,,,643.2,1969,227700,360500,588200,2025,Logement,MAMH — Données Québec (rôle d'évaluation foncière),https://donneesouvertes.affmunqc.net/role/RL71040_2026.xml,,,,
"126, Fleuve",,Coteau-du-Lac,,,2006.2,1966,439700,350700,790400,2025,Logement,MAMH — Données Québec (rôle d'évaluation foncière),https://donneesouvertes.affmunqc.net/role/RL71040_2026.xml,,,,
"21, Claude",,Coteau-du-Lac,,,544.1,1957,106100,57900,164000,2025,Logement,MAMH — Données Québec (rôle d'évaluation foncière),https://donneesouvertes.affmunqc.net/role/RL71040_2026.xml,,,,
"132, Fleuve",,Coteau-du-Lac,,,2313.1,1966,441200,381300,822500,2025,Logement,MAMH — Données Québec (rôle d'évaluation foncière),https://donneesouvertes.affmunqc.net/role/RL71040_2026.xml,,,,
"23, Claude",,Coteau-du-Lac,,,818.8,1972,260900,348000,608900,2025,Logement,MAMH — Données Québec (rôle d'évaluation foncière),https://donneesouvertes.affmunqc.net/role/RL71040_2026.xml,,,,
"134, Fleuve",,Coteau-du-Lac,,,2064.3,1975,440000,866800,1306800,2025,Logement,MAMH — Données Québec (rôle d'évaluation foncière),https://donneesouvertes.affmunqc.net/role/RL71040_2026.xml,,,,
"136, Fleuve",,Coteau-du-Lac,,,6653.2,1960,726300,455000,1181300,2025,Logement,MAMH — Données Québec (rôle d'évaluation foncière),https://donneesouvertes.affmunqc.net/role/RL71040_2026.xml,,,,
"140, Fleuve",,Coteau-du-Lac,,,2398.4,1970,489300,308300,797600,2025,Logement,MAMH — Données Québec (rôle d'évaluation foncière),https://donneesouvertes.affmunqc.net/role/RL71040_2026.xml,,,,
"144, Fleuve",,Coteau-du-Lac,,,2329.2,1984,567500,711100,1278600,2025,Logement,MAMH — Données Québec (rôle d'évaluation foncière),https://donneesouvertes.affmunqc.net/role/RL71040_2026.xml,,,,
"146, Fleuve",,Coteau-du-Lac,,,1384.1,1963,382800,426000,808800,2025,Logement,MAMH — Données Québec (rôle d'évaluation foncière),https://donneesouvertes.affmunqc.net/role/RL71040_2026.xml,,,,
"148, Fleuve",,Coteau-du-Lac,,,1512.9,1977,398000,306400,704400,2025,Logement,MAMH — Données Québec (rôle d'évaluation foncière),https://donneesouvertes.affmunqc.net/role/RL71040_2026.xml,,,,
"150, Fleuve",,Coteau-du-Lac,,,1361.8,,361200,,361200,2025,Terrain vacant,MAMH — Données Québec (rôle d'évaluation foncière),https://donneesouvertes.affmunqc.net/role/RL71040_2026.xml,,,,
"152, Fleuve",,Coteau-du-Lac,,,1521.3,1972,399000,388700,787700,2025,Logement,MAMH — Données Québec (rôle d'évaluation foncière),https://donneesouvertes.affmunqc.net/role/RL71040_2026.xml,,,,
"75, Theophile-brassard, app. 107",,Coteau-du-Lac,,,37087.8,,8344800,10180200,18525000,2025,Immeuble à bureaux,MAMH — Données Québec (rôle d'évaluation foncière),https://donneesouvertes.affmunqc.net/role/RL71040_2026.xml,,,,
"154, Fleuve",,Coteau-du-Lac,,,985.7,1973,319000,566700,885700,2025,Logement,MAMH — Données Québec (rôle d'évaluation foncière),https://donneesouvertes.affmunqc.net/role/RL71040_2026.xml,,,,
"158, Fleuve",,Coteau-du-Lac,,,815.2,1971,288600,439300,727900,2025,Logement,MAMH — Données Québec (rôle d'évaluation foncière),https://donneesouvertes.affmunqc.net/role/RL71040_2026.xml,,,,
"156, Fleuve",,Coteau-du-Lac,,,877.4,1971,310600,393300,703900,2025,Logement,MAMH — Données Québec (rôle d'évaluation foncière),https://donneesouvertes.affmunqc.net/role/RL71040_2026.xml,,,,
"160, Fleuve",,Coteau-du-Lac,,,705.3,1973,224700,332100,556800,2025,Logement,MAMH — Données Québec (rôle d'évaluation foncière),https://donneesouvertes.affmunqc.net/role/RL71040_2026.xml,,,,
"162, Fleuve",,Coteau-du-Lac,,,932,1968,263900,300700,564600,2025,Logement,MAMH — Données Québec (rôle d'évaluation foncière),https://donneesouvertes.affmunqc.net/role/RL71040_2026.xml,,,,
"164, Fleuve",,Coteau-du-Lac,,,883.4,1965,265100,261900,527000,2025,Logement,MAMH — Données Québec (rôle d'évaluation foncière),https://donneesouvertes.affmunqc.net/role/RL71040_2026.xml,,,,
"161, Fleuve",,Coteau-du-Lac,,,1013.5,1982,170600,163600,334200,2025,Logement,MAMH — Données Québec (rôle d'évaluation foncière),https://donneesouvertes.affmunqc.net/role/RL71040_2026.xml,,,,
"166, Fleuve",,Coteau-du-Lac,,,571.4,1991,190500,252900,443400,2025,Logement,MAMH — Données Québec (rôle d'évaluation foncière),https://donneesouvertes.affmunqc.net/role/RL71040_2026.xml,,,,
"168, Fleuve",,Coteau-du-Lac,,,911.3,1935,273600,324700,598300,2025,Logement,MAMH — Données Québec (rôle d'évaluation foncière),https://donneesouvertes.affmunqc.net/role/RL71040_2026.xml,,,,
"169, Fleuve",,Coteau-du-Lac,,,1422.8,1975,227300,79900,307200,2025,Logement,MAMH — Données Québec (rôle d'évaluation foncière),https://donneesouvertes.affmunqc.net/role/RL71040_2026.xml,,,,
"171, Fleuve",,Coteau-du-Lac,,,1150,1974,212400,85700,298100,2025,Logement,MAMH — Données Québec (rôle d'évaluation foncière),https://donneesouvertes.affmunqc.net/role/RL71040_2026.xml,,,,
"173, Fleuve",,Coteau-du-Lac,,,2135.5,1980,229500,420200,649700,2025,Logement,MAMH — Données Québec (rôle d'évaluation foncière),https://donneesouvertes.affmunqc.net/role/RL71040_2026.xml,,,,
"170, Fleuve",,Coteau-du-Lac,,,908,1976,273200,299800,573000,2025,Logement,MAMH — Données Québec (rôle d'évaluation foncière),https://donneesouvertes.affmunqc.net/role/RL71040_2026.xml,,,,
"172, Fleuve",,Coteau-du-Lac,,,1374.7,1960,333400,456400,789800,2025,Logement,MAMH — Données Québec (rôle d'évaluation foncière),https://donneesouvertes.affmunqc.net/role/RL71040_2026.xml,,,,
"174, Fleuve",,Coteau-du-Lac,,,1685.2,1969,407200,377900,785100,2025,Logement,MAMH — Données Québec (rôle d'évaluation foncière),https://donneesouvertes.affmunqc.net/role/RL71040_2026.xml,,,,
"175, Fleuve",,Coteau-du-Lac,,,4505.2,1982,250100,362200,612300,2025,Logement,MAMH — Données Québec (rôle d'évaluation foncière),https://donneesouvertes.affmunqc.net/role/RL71040_2026.xml,,,,
"23, Jacques-poupart",,Coteau-du-Lac,,,1060.8,2008,261900,541300,803200,2025,Logement,MAMH — Données Québec (rôle d'évaluation foncière),https://donneesouvertes.affmunqc.net/role/RL71040_2026.xml,,,,
"177, Fleuve",,Coteau-du-Lac,,,1484.4,1982,227500,355100,582600,2025,Logement,MAMH — Données Québec (rôle d'évaluation foncière),https://donneesouvertes.affmunqc.net/role/RL71040_2026.xml,,,,
"21, Jacques-poupart",,Coteau-du-Lac,,,817.4,2008,235100,484600,719700,2025,Logement,MAMH — Données Québec (rôle d'évaluation foncière),https://donneesouvertes.affmunqc.net/role/RL71040_2026.xml,,,,
"25, Jacques-poupart",,Coteau-du-Lac,,,1403.2,2016,290800,1321300,1612100,2025,Logement,MAMH — Données Québec (rôle d'évaluation foncière),https://donneesouvertes.affmunqc.net/role/RL71040_2026.xml,,,,
"27, Jacques-poupart",,Coteau-du-Lac,,,1588.5,2012,291700,1086000,1377700,2025,Logement,MAMH — Données Québec (rôle d'évaluation foncière),https://donneesouvertes.affmunqc.net/role/RL71040_2026.xml,,,,
"29, Jacques-poupart",,Coteau-du-Lac,,,1333.4,2008,290500,1025000,1315500,2025,Logement,MAMH — Données Québec (rôle d'évaluation foncière),https://donneesouvertes.affmunqc.net/role/RL71040_2026.xml,,,,
"31, Jacques-poupart",,Coteau-du-Lac,,,1334.7,2009,290500,818300,1108800,2025,Logement,MAMH — Données Québec (rôle d'évaluation foncière),https://donneesouvertes.affmunqc.net/role/RL71040_2026.xml,,,,
"33, Jacques-poupart",,Coteau-du-Lac,,,1334.7,2008,290500,1100900,1391400,2025,Logement,MAMH — Données Québec (rôle d'évaluation foncière),https://donneesouvertes.affmunqc.net/role/RL71040_2026.xml,,,,
"176, Fleuve",,Coteau-du-Lac,,,1139,1999,314600,553500,868100,2025,Logement,MAMH — Données Québec (rôle d'évaluation foncière),https://donneesouvertes.affmunqc.net/role/RL71040_2026.xml,,,,
"178, Fleuve",,Coteau-du-Lac,,,1544.2,1999,366000,689400,1055400,2025,Logement,MAMH — Données Québec (rôle d'évaluation foncière),https://donneesouvertes.affmunqc.net/role/RL71040_2026.xml,,,,
"180, Fleuve",,Coteau-du-Lac,,,1590.7,1973,382900,302300,685200,2025,Logement,MAMH — Données Québec (rôle d'évaluation foncière),https://donneesouvertes.affmunqc.net/role/RL71040_2026.xml,,,,
"19, Jacques-poupart",,Coteau-du-Lac,,,1347.7,2012,290500,866300,1156800,2025,Logement,MAMH — Données Québec (rôle d'évaluation foncière),https://donneesouvertes.affmunqc.net/role/RL71040_2026.xml,,,,
"24, Jacques-poupart",,Coteau-du-Lac,,,1073,2013,263200,537200,800400,2025,Logement,MAMH — Données Québec (rôle d'évaluation foncière),https://donneesouvertes.affmunqc.net/role/RL71040_2026.xml,,,,
"181, Fleuve",,Coteau-du-Lac,,,954.6,1979,195600,265300,460900,2025,Logement,MAMH — Données Québec (rôle d'évaluation foncière),https://donneesouvertes.affmunqc.net/role/RL71040_2026.xml,,,,
"183, Fleuve",,Coteau-du-Lac,,,1239,,286100,,286100,2025,Terrain vacant,MAMH — Données Québec (rôle d'évaluation foncière),https://donneesouvertes.affmunqc.net/role/RL71040_2026.xml,,,,
"182, Fleuve",,Coteau-du-Lac,,,2299.3,1981,559200,412600,971800,2025,Logement,MAMH — Données Québec (rôle d'évaluation foncière),https://donneesouvertes.affmunqc.net/role/RL71040_2026.xml,,,,
"184, Fleuve",,Coteau-du-Lac,,,1884.4,1976,398900,454300,853200,2025,Logement,MAMH — Données Québec (rôle d'évaluation foncière),https://donneesouvertes.affmunqc.net/role/RL71040_2026.xml,,,,
"26, Jacques-poupart",,Coteau-du-Lac,,,857.7,2010,239500,472800,712300,2025,Logement,MAMH — Données Québec (rôle d'évaluation foncière),https://donneesouvertes.affmunqc.net/role/RL71040_2026.xml,,,,
"28, Jacques-poupart",,Coteau-du-Lac,,,857.7,2013,239500,655700,895200,2025,Logement,MAMH — Données Québec (rôle d'évaluation foncière),https://donneesouvertes.affmunqc.net/role/RL71040_2026.xml,,,,
"30, Jacques-poupart",,Coteau-du-Lac,,,1068,2013,262700,526600,789300,2025,Logement,MAMH — Données Québec (rôle d'évaluation foncière),https://donneesouvertes.affmunqc.net/role/RL71040_2026.xml,,,,
"185, Fleuve",,Coteau-du-Lac,,,650.3,1979,167800,225100,392900,2025,Logement,MAMH — Données Québec (rôle d'évaluation foncière),https://donneesouvertes.affmunqc.net/role/RL71040_2026.xml,,,,
"187, Fleuve",,Coteau-du-Lac,,,650.3,1982,167800,234400,402200,2025,Logement,MAMH — Données Québec (rôle d'évaluation foncière),https://donneesouvertes.affmunqc.net/role/RL71040_2026.xml,,,,
"32, Jacques-poupart",,Coteau-du-Lac,,,1378.6,2023,290700,676300,967000,2025,Logement,MAMH — Données Québec (rôle d'évaluation foncière),https://donneesouvertes.affmunqc.net/role/RL71040_2026.xml,,,,
"35, Jacques-poupart",,Coteau-du-Lac,,,1334.7,2013,290500,868100,1158600,2025,Logement,MAMH — Données Québec (rôle d'évaluation foncière),https://donneesouvertes.affmunqc.net/role/RL71040_2026.xml,,,,
"37, Jacques-poupart",,Coteau-du-Lac,,,1274.5,2014,285400,750100,1035500,2025,Logement,MAMH — Données Québec (rôle d'évaluation foncière),https://donneesouvertes.affmunqc.net/role/RL71040_2026.xml,,,,
"39, Jacques-poupart",,Coteau-du-Lac,,,964.6,2015,251300,681100,932400,2025,Logement,MAMH — Données Québec (rôle d'évaluation foncière),https://donneesouvertes.affmunqc.net/role/RL71040_2026.xml,,,,
"38, Jacques-poupart",,Coteau-du-Lac,,,1858,2020,234500,693100,927600,2025,Logement,MAMH — Données Québec (rôle d'évaluation foncière),https://donneesouvertes.affmunqc.net/role/RL71040_2026.xml,,,,
"36, Jacques-poupart",,Coteau-du-Lac,,,834.3,2012,237000,547900,784900,2025,Logement,MAMH — Données Québec (rôle d'évaluation foncière),https://donneesouvertes.affmunqc.net/role/RL71040_2026.xml,,,,
"31, Leduc",,Coteau-du-Lac,,,557.4,1984,143800,227000,370800,2025,Logement,MAMH — Données Québec (rôle d'évaluation foncière),https://donneesouvertes.affmunqc.net/role/RL71040_2026.xml,,,,
"34, Jacques-poupart",,Coteau-du-Lac,,,891.6,2018,243300,549500,792800,2025,Logement,MAMH — Données Québec (rôle d'évaluation foncière),https://donneesouvertes.affmunqc.net/role/RL71040_2026.xml,,,,
"29, Leduc",,Coteau-du-Lac,,,557.4,1981,143800,219500,363300,2025,Logement,MAMH — Données Québec (rôle d'évaluation foncière),https://donneesouvertes.affmunqc.net/role/RL71040_2026.xml,,,,
"27, Leduc",,Coteau-du-Lac,,,557.4,1980,143800,230300,374100,2025,Logement,MAMH — Données Québec (rôle d'évaluation foncière),https://donneesouvertes.affmunqc.net/role/RL71040_2026.xml,,,,
"41, Jacques-poupart",,Coteau-du-Lac,,,1097.4,2020,265900,722600,988500,2025,Logement,MAMH — Données Québec (rôle d'évaluation foncière),https://donneesouvertes.affmunqc.net/role/RL71040_2026.xml,,,,
"41, Leduc",,Coteau-du-Lac,,,989.5,1975,147600,286200,433800,2025,Logement,MAMH — Données Québec (rôle d'évaluation foncière),https://donneesouvertes.affmunqc.net/role/RL71040_2026.xml,,,,
"43, Leduc",,Coteau-du-Lac,,,780.9,1976,132100,280200,412300,2025,Logement,MAMH — Données Québec (rôle d'évaluation foncière),https://donneesouvertes.affmunqc.net/role/RL71040_2026.xml,,,,
"37, Leduc",,Coteau-du-Lac,,,807.4,1974,150900,100500,251400,2025,Logement,MAMH — Données Québec (rôle d'évaluation foncière),https://donneesouvertes.affmunqc.net/role/RL71040_2026.xml,,,,
"35, Leduc",,Coteau-du-Lac,,,464.5,,119800,,119800,2025,Terrain vacant,MAMH — Données Québec (rôle d'évaluation foncière),https://donneesouvertes.affmunqc.net/role/RL71040_2026.xml,,,,
"33, Leduc",,Coteau-du-Lac,,,557.4,1984,143800,282300,426100,2025,Logement,MAMH — Données Québec (rôle d'évaluation foncière),https://donneesouvertes.affmunqc.net/role/RL71040_2026.xml,,,,
"38, Leduc",,Coteau-du-Lac,,,707.7,1976,146500,230100,376600,2025,Logement,MAMH — Données Québec (rôle d'évaluation foncière),https://donneesouvertes.affmunqc.net/role/RL71040_2026.xml,,,,
"36, Leduc",,Coteau-du-Lac,,,707.7,1968,146500,87000,233500,2025,Logement,MAMH — Données Québec (rôle d'évaluation foncière),https://donneesouvertes.affmunqc.net/role/RL71040_2026.xml,,,,
"45, Leduc",,Coteau-du-Lac,,,647.9,1976,123000,160700,283700,2025,Logement,MAMH — Données Québec (rôle d'évaluation foncière),https://donneesouvertes.affmunqc.net/role/RL71040_2026.xml,,,,
"47, Leduc",,Coteau-du-Lac,,,556,1974,115100,67700,182800,2025,Logement,MAMH — Données Québec (rôle d'évaluation foncière),https://donneesouvertes.affmunqc.net/role/RL71040_2026.xml,,,,
"49, Leduc",,Coteau-du-Lac,,,556,1974,115100,98200,213300,2025,Logement,MAMH — Données Québec (rôle d'évaluation foncière),https://donneesouvertes.affmunqc.net/role/RL71040_2026.xml,,,,
"51, Leduc",,Coteau-du-Lac,,,694.9,1975,143800,182100,325900,2025,Logement,MAMH — Données Québec (rôle d'évaluation foncière),https://donneesouvertes.affmunqc.net/role/RL71040_2026.xml,,,,
"53, Leduc",,Coteau-du-Lac,,,555.9,1973,115100,118100,233200,2025,Logement,MAMH — Données Québec (rôle d'évaluation foncière),https://donneesouvertes.affmunqc.net/role/RL71040_2026.xml,,,,
"40, Leduc",,Coteau-du-Lac,,,617.8,1973,127900,181600,309500,2025,Logement,MAMH — Données Québec (rôle d'évaluation foncière),https://donneesouvertes.affmunqc.net/role/RL71040_2026.xml,,,,
"57, Leduc",,Coteau-du-Lac,,,1111.7,1981,175100,182700,357800,2025,Logement,MAMH — Données Québec (rôle d'évaluation foncière),https://donneesouvertes.affmunqc.net/role/RL71040_2026.xml,,,,
"59, Leduc",,Coteau-du-Lac,,,555.8,1976,115100,161700,276800,2025,Logement,MAMH — Données Québec (rôle d'évaluation foncière),https://donneesouvertes.affmunqc.net/role/RL71040_2026.xml,,,,
"61, Leduc",,Coteau-du-Lac,,,555.8,1972,115100,98100,213200,2025,Logement,MAMH — Données Québec (rôle d'évaluation foncière),https://donneesouvertes.affmunqc.net/role/RL71040_2026.xml,,,,
"186, Fleuve",,Coteau-du-Lac,,,1881.1,1983,398900,595300,994200,2025,Logement,MAMH — Données Québec (rôle d'évaluation foncière),https://donneesouvertes.affmunqc.net/role/RL71040_2026.xml,,,,
"190, Fleuve",,Coteau-du-Lac,,,2234.2,1982,491100,665800,1156900,2025,Logement,MAMH — Données Québec (rôle d'évaluation foncière),https://donneesouvertes.affmunqc.net/role/RL71040_2026.xml,,,,
"192, Fleuve",,Coteau-du-Lac,,,1284.2,1979,331600,435300,766900,2025,Logement,MAMH — Données Québec (rôle d'évaluation foncière),https://donneesouvertes.affmunqc.net/role/RL71040_2026.xml,,,,
"189, Fleuve",,Coteau-du-Lac,,,650.3,1983,167800,198500,366300,2025,Logement,MAMH — Données Québec (rôle d'évaluation foncière),https://donneesouvertes.affmunqc.net/role/RL71040_2026.xml,,,,
"197, Fleuve",,Coteau-du-Lac,,,670.3,1979,171200,259200,430400,2025,Logement,MAMH — Données Québec (rôle d'évaluation foncière),https://donneesouvertes.affmunqc.net/role/RL71040_2026.xml,,,,
"199, Fleuve",,Coteau-du-Lac,,,1625.2,1968,228000,304000,532000,2025,Logement,MAMH — Données Québec (rôle d'évaluation foncière),https://donneesouvertes.affmunqc.net/role/RL71040_2026.xml,,,,
"194, Fleuve",,Coteau-du-Lac,,,1303.3,2015,333800,557700,891500,2025,Logement,MAMH — Données Québec (rôle d'évaluation foncière),https://donneesouvertes.affmunqc.net/role/RL71040_2026.xml,,,,
"196, Fleuve",,Coteau-du-Lac,,,1266.6,1989,329500,425200,754700,2025,Logement,MAMH — Données Québec (rôle d'évaluation foncière),https://donneesouvertes.affmunqc.net/role/RL71040_2026.xml,,,,
"198, Fleuve",,Coteau-du-Lac,,,1289,1995,332200,398300,730500,2025,Logement,MAMH — Données Québec (rôle d'évaluation foncière),https://donneesouvertes.affmunqc.net/role/RL71040_2026.xml,,,,
"25, Leduc",,Coteau-du-Lac,,,557.4,1974,143800,110200,254000,2025,Logement,MAMH — Données Québec (rôle d'évaluation foncière),https://donneesouvertes.affmunqc.net/role/RL71040_2026.xml,,,,
"23, Leduc",,Coteau-du-Lac,,,685,1981,172400,223200,395600,2025,Logement,MAMH — Données Québec (rôle d'évaluation foncière),https://donneesouvertes.affmunqc.net/role/RL71040_2026.xml,,,,
"21, Leduc",,Coteau-du-Lac,,,762.4,1980,179100,286700,465800,2025,Logement,MAMH — Données Québec (rôle d'évaluation foncière),https://donneesouvertes.affmunqc.net/role/RL71040_2026.xml,,,,
"21, Pres",,Coteau-du-Lac,,,736.2,1981,176800,231500,408300,2025,Logement,MAMH — Données Québec (rôle d'évaluation foncière),https://donneesouvertes.affmunqc.net/role/RL71040_2026.xml,,,,
"23, Pres",,Coteau-du-Lac,,,664,1982,170600,261300,431900,2025,Logement,MAMH — Données Québec (rôle d'évaluation foncière),https://donneesouvertes.affmunqc.net/role/RL71040_2026.xml,,,,
"20, Leduc",,Coteau-du-Lac,,,1029.1,1984,202000,259000,461000,2025,Logement,MAMH — Données Québec (rôle d'évaluation foncière),https://donneesouvertes.affmunqc.net/role/RL71040_2026.xml,,,,
"20, Pres",,Coteau-du-Lac,,,605.7,,156300,1700,158000,2025,Logement,MAMH — Données Québec (rôle d'évaluation foncière),https://donneesouvertes.affmunqc.net/role/RL71040_2026.xml,,,,
"203, Fleuve",,Coteau-du-Lac,,,1040.7,1980,203000,350800,553800,2025,Logement,MAMH — Données Québec (rôle d'évaluation foncière),https://donneesouvertes.affmunqc.net/role/RL71040_2026.xml,,,,
"22, Pres",,Coteau-du-Lac,,,581.6,2009,150100,307100,457200,2025,Logement,MAMH — Données Québec (rôle d'évaluation foncière),https://donneesouvertes.affmunqc.net/role/RL71040_2026.xml,,,,
"34, Leduc",,Coteau-du-Lac,,,573.7,1980,148000,139500,287500,2025,Logement,MAMH — Données Québec (rôle d'évaluation foncière),https://donneesouvertes.affmunqc.net/role/RL71040_2026.xml,,,,
"32, Leduc",,Coteau-du-Lac,,,573.7,,148000,,148000,2025,Terrain vacant,MAMH — Données Québec (rôle d'évaluation foncière),https://donneesouvertes.affmunqc.net/role/RL71040_2026.xml,,,,
"78, Leduc",,Coteau-du-Lac,,,726.1,1978,129800,108700,238500,2025,Logement,MAMH — Données Québec (rôle d'évaluation foncière),https://donneesouvertes.affmunqc.net/role/RL71040_2026.xml,,,,
"30, Leduc",,Coteau-du-Lac,,,751.8,1977,178200,264300,442500,2025,Logement,MAMH — Données Québec (rôle d'évaluation foncière),https://donneesouvertes.affmunqc.net/role/RL71040_2026.xml,,,,
"80, Leduc",,Coteau-du-Lac,,,758,1978,178700,173800,352500,2025,Logement,MAMH — Données Québec (rôle d'évaluation foncière),https://donneesouvertes.affmunqc.net/role/RL71040_2026.xml,,,,
"82, Leduc",,Coteau-du-Lac,,,821.4,1983,184200,249700,433900,2025,Logement,MAMH — Données Québec (rôle d'évaluation foncière),https://donneesouvertes.affmunqc.net/role/RL71040_2026.xml,,,,
"84, Leduc",,Coteau-du-Lac,,,615.6,1983,158800,232100,390900,2025,Logement,MAMH — Données Québec (rôle d'évaluation foncière),https://donneesouvertes.affmunqc.net/role/RL71040_2026.xml,,,,
"25, Pres",,Coteau-du-Lac,,,794.2,1982,181800,248000,429800,2025,Logement,MAMH — Données Québec (rôle d'évaluation foncière),https://donneesouvertes.affmunqc.net/role/RL71040_2026.xml,,,,
"105, Leduc",,Coteau-du-Lac,,,614.3,1973,120800,64000,184800,2025,Logement,MAMH — Données Québec (rôle d'évaluation foncière),https://donneesouvertes.affmunqc.net/role/RL71040_2026.xml,,,,
"107, Leduc",,Coteau-du-Lac,,,677.1,1984,163200,422200,585400,2025,Logement,MAMH — Données Québec (rôle d'évaluation foncière),https://donneesouvertes.affmunqc.net/role/RL71040_2026.xml,,,,
"109, Leduc",,Coteau-du-Lac,,,573.3,1981,147900,281700,429600,2025,Logement,MAMH — Données Québec (rôle d'évaluation foncière),https://donneesouvertes.affmunqc.net/role/RL71040_2026.xml,,,,
"42, Leduc",,Coteau-du-Lac,,,529.6,1973,109600,85500,195100,2025,Logement,MAMH — Données Québec (rôle d'évaluation foncière),https://donneesouvertes.affmunqc.net/role/RL71040_2026.xml,,,,
"44, Leduc",,Coteau-du-Lac,,,678.2,1976,140400,91200,231600,2025,Logement,MAMH — Données Québec (rôle d'évaluation foncière),https://donneesouvertes.affmunqc.net/role/RL71040_2026.xml,,,,
"46, Leduc",,Coteau-du-Lac,,,529.5,1975,109600,189700,299300,2025,Logement,MAMH — Données Québec (rôle d'évaluation foncière),https://donneesouvertes.affmunqc.net/role/RL71040_2026.xml,,,,
"48, Leduc",,Coteau-du-Lac,,,529.5,1988,109600,172700,282300,2025,Logement,MAMH — Données Québec (rôle d'évaluation foncière),https://donneesouvertes.affmunqc.net/role/RL71040_2026.xml,,,,
"50, Leduc",,Coteau-du-Lac,,,529.5,1971,109600,115500,225100,2025,Logement,MAMH — Données Québec (rôle d'évaluation foncière),https://donneesouvertes.affmunqc.net/role/RL71040_2026.xml,,,,
"76, Leduc",,Coteau-du-Lac,,,573.7,1978,118800,76000,194800,2025,Logement,MAMH — Données Québec (rôle d'évaluation foncière),https://donneesouvertes.affmunqc.net/role/RL71040_2026.xml,,,,
"72, Leduc",,Coteau-du-Lac,,,1266.4,1976,211600,169700,381300,2025,Logement,MAMH — Données Québec (rôle d'évaluation foncière),https://donneesouvertes.affmunqc.net/role/RL71040_2026.xml,,,,
"70, Leduc",,Coteau-du-Lac,,,557.4,1979,115400,83100,198500,2025,Logement,MAMH — Données Québec (rôle d'évaluation foncière),https://donneesouvertes.affmunqc.net/role/RL71040_2026.xml,,,,
"68, Leduc",,Coteau-du-Lac,,,833.1,1977,155900,109700,265600,2025,Logement,MAMH — Données Québec (rôle d'évaluation foncière),https://donneesouvertes.affmunqc.net/role/RL71040_2026.xml,,,,
"103, Leduc",,Coteau-du-Lac,,,585.3,1987,118600,178900,297500,2025,Logement,MAMH — Données Québec (rôle d'évaluation foncière),https://donneesouvertes.affmunqc.net/role/RL71040_2026.xml,,,,
"101, Leduc",,Coteau-du-Lac,,,579.9,1978,118900,100400,219300,2025,Logement,MAMH — Données Québec (rôle d'évaluation foncière),https://donneesouvertes.affmunqc.net/role/RL71040_2026.xml,,,,
"99, Leduc",,Coteau-du-Lac,,,743.3,1975,149700,189800,339500,2025,Logement,MAMH — Données Québec (rôle d'évaluation foncière),https://donneesouvertes.affmunqc.net/role/RL71040_2026.xml,,,,
"95, Leduc",,Coteau-du-Lac,,,928.9,1976,162500,136100,298600,2025,Logement,MAMH — Données Québec (rôle d'évaluation foncière),https://donneesouvertes.affmunqc.net/role/RL71040_2026.xml,,,,
"63, Leduc",,Coteau-du-Lac,,,555.5,1976,115000,93200,208200,2025,Logement,MAMH — Données Québec (rôle d'évaluation foncière),https://donneesouvertes.affmunqc.net/role/RL71040_2026.xml,,,,
"65, Leduc",,Coteau-du-Lac,,,563.1,1984,116600,190900,307500,2025,Logement,MAMH — Données Québec (rôle d'évaluation foncière),https://donneesouvertes.affmunqc.net/role/RL71040_2026.xml,,,,
"67, Leduc",,Coteau-du-Lac,,,569.2,1977,117800,131700,249500,2025,Logement,MAMH — Données Québec (rôle d'évaluation foncière),https://donneesouvertes.affmunqc.net/role/RL71040_2026.xml,,,,
"52, Leduc",,Coteau-du-Lac,,,529.5,1993,109600,191800,301400,2025,Logement,MAMH — Données Québec (rôle d'évaluation foncière),https://donneesouvertes.affmunqc.net/role/RL71040_2026.xml,,,,
"54, Leduc",,Coteau-du-Lac,,,529.5,1977,109600,125300,234900,2025,Logement,MAMH — Données Québec (rôle d'évaluation foncière),https://donneesouvertes.affmunqc.net/role/RL71040_2026.xml,,,,
"56, Leduc",,Coteau-du-Lac,,,529.5,1977,109600,88200,197800,2025,Logement,MAMH — Données Québec (rôle d'évaluation foncière),https://donneesouvertes.affmunqc.net/role/RL71040_2026.xml,,,,
"58, Leduc",,Coteau-du-Lac,,,663.9,1999,124100,163400,287500,2025,Logement,MAMH — Données Québec (rôle d'évaluation foncière),https://donneesouvertes.affmunqc.net/role/RL71040_2026.xml,,,,
"60, Leduc",,Coteau-du-Lac,,,709.9,1976,105900,96300,202200,2025,Logement,MAMH — Données Québec (rôle d'évaluation foncière),https://donneesouvertes.affmunqc.net/role/RL71040_2026.xml,,,,
"66, Leduc",,Coteau-du-Lac,,,434.1,1976,89900,83500,173400,2025,Logement,MAMH — Données Québec (rôle d'évaluation foncière),https://donneesouvertes.affmunqc.net/role/RL71040_2026.xml,,,,
"64, Leduc",,Coteau-du-Lac,,,434.2,1973,89900,96200,186100,2025,Logement,MAMH — Données Québec (rôle d'évaluation foncière),https://donneesouvertes.affmunqc.net/role/RL71040_2026.xml,,,,
"62, Leduc",,Coteau-du-Lac,,,724.4,1978,133500,155100,288600,2025,Logement,MAMH — Données Québec (rôle d'évaluation foncière),https://donneesouvertes.affmunqc.net/role/RL71040_2026.xml,,,,
"81, Leduc",,Coteau-du-Lac,,,560.2,1976,116000,88500,204500,2025,Logement,MAMH — Données Québec (rôle d'évaluation foncière),https://donneesouvertes.affmunqc.net/role/RL71040_2026.xml,,,,
"200, Fleuve",,Coteau-du-Lac,,,1301.4,1998,333600,463100,796700,2025,Logement,MAMH — Données Québec (rôle d'évaluation foncière),https://donneesouvertes.affmunqc.net/role/RL71040_2026.xml,,,,
"202, Fleuve",,Coteau-du-Lac,,,1189.1,1979,320500,201100,521600,2025,Logement,MAMH — Données Québec (rôle d'évaluation foncière),https://donneesouvertes.affmunqc.net/role/RL71040_2026.xml,,,,
"204, Fleuve",,Coteau-du-Lac,,,1481.4,1964,354700,544000,898700,2025,Logement,MAMH — Données Québec (rôle d'évaluation foncière),https://donneesouvertes.affmunqc.net/role/RL71040_2026.xml,,,,
"206, Fleuve",,Coteau-du-Lac,,,1213.1,1998,323300,420000,743300,2025,Logement,MAMH — Données Québec (rôle d'évaluation foncière),https://donneesouvertes.affmunqc.net/role/RL71040_2026.xml,,,,
"208, Fleuve",,Coteau-du-Lac,,,1645.7,1976,363200,190600,553800,2025,Logement,MAMH — Données Québec (rôle d'évaluation foncière),https://donneesouvertes.affmunqc.net/role/RL71040_2026.xml,,,,
"210, Fleuve",,Coteau-du-Lac,,,1510.7,1972,358100,262600,620700,2025,Logement,MAMH — Données Québec (rôle d'évaluation foncière),https://donneesouvertes.affmunqc.net/role/RL71040_2026.xml,,,,
"207, Fleuve",,Coteau-du-Lac,,,1658.9,1965,228100,320300,548400,2025,Logement,MAMH — Données Québec (rôle d'évaluation foncière),https://donneesouvertes.affmunqc.net/role/RL71040_2026.xml,,,,
"209, Fleuve",,Coteau-du-Lac,,,1423.1,1979,227300,311900,539200,2025,Logement,MAMH — Données Québec (rôle d'évaluation foncière),https://donneesouvertes.affmunqc.net/role/RL71040_2026.xml,,,,
"211, Fleuve",,Coteau-du-Lac,,,1430.7,1976,227400,315100,542500,2025,Logement,MAMH — Données Québec (rôle d'évaluation foncière),https://donneesouvertes.affmunqc.net/role/RL71040_2026.xml,,,,
"213, Fleuve",,Coteau-du-Lac,,,754.4,1976,178400,244000,422400,2025,Logement,MAMH — Données Québec (rôle d'évaluation foncière),https://donneesouvertes.affmunqc.net/role/RL71040_2026.xml,,,,
"212, Fleuve",,Coteau-du-Lac,,,1337.6,1960,337800,409600,747400,2025,Logement,MAMH — Données Québec (rôle d'évaluation foncière),https://donneesouvertes.affmunqc.net/role/RL71040_2026.xml,,,,
"111, Leduc",,Coteau-du-Lac,,,701.7,1978,173900,217900,391800,2025,Logement,MAMH — Données Québec (rôle d'évaluation foncière),https://donneesouvertes.affmunqc.net/role/RL71040_2026.xml,,,,
"29, Pres",,Coteau-du-Lac,,,921.3,1995,192800,449000,641800,2025,Logement,MAMH — Données Québec (rôle d'évaluation foncière),https://donneesouvertes.affmunqc.net/role/RL71040_2026.xml,,,,
"27, Pres",,Coteau-du-Lac,,,637.8,,164600,,164600,2025,Terrain vacant,MAMH — Données Québec (rôle d'évaluation foncière),https://donneesouvertes.affmunqc.net/role/RL71040_2026.xml,,,,
"215, Fleuve",,Coteau-du-Lac,,,2274.7,1977,229900,939700,1169600,2025,Logement,MAMH — Données Québec (rôle d'évaluation foncière),https://donneesouvertes.affmunqc.net/role/RL71040_2026.xml,,,,
"34, Pres",,Coteau-du-Lac,,,989.6,1986,188700,366800,555500,2025,Logement,MAMH — Données Québec (rôle d'évaluation foncière),https://donneesouvertes.affmunqc.net/role/RL71040_2026.xml,,,,
"32, Pres",,Coteau-du-Lac,,,863.2,1986,187800,313400,501200,2025,Logement,MAMH — Données Québec (rôle d'évaluation foncière),https://donneesouvertes.affmunqc.net/role/RL71040_2026.xml,,,,
"30, Pres",,Coteau-du-Lac,,,707.9,2015,174400,390800,565200,2025,Logement,MAMH — Données Québec (rôle d'évaluation foncière),https://donneesouvertes.affmunqc.net/role/RL71040_2026.xml,,,,
"217, Fleuve",,Coteau-du-Lac,,,888.6,1981,189900,389000,578900,2025,Logement,MAMH — Données Québec (rôle d'évaluation foncière),https://donneesouvertes.affmunqc.net/role/RL71040_2026.xml,,,,
"91, Leduc",,Coteau-du-Lac,,,557.4,1977,115400,110100,225500,2025,Logement,MAMH — Données Québec (rôle d'évaluation foncière),https://donneesouvertes.affmunqc.net/role/RL71040_2026.xml,,,,
"31, Pres",,Coteau-du-Lac,,,739.9,1987,177200,274100,451300,2025,Logement,MAMH — Données Québec (rôle d'évaluation foncière),https://donneesouvertes.affmunqc.net/role/RL71040_2026.xml,,,,
"33, Pres",,Coteau-du-Lac,,,595.5,1986,153600,261700,415300,2025,Logement,MAMH — Données Québec (rôle d'évaluation foncière),https://donneesouvertes.affmunqc.net/role/RL71040_2026.xml,,,,
"35, Pres",,Coteau-du-Lac,,,576,,148600,5200,153800,2025,Logement,MAMH — Données Québec (rôle d'évaluation foncière),https://donneesouvertes.affmunqc.net/role/RL71040_2026.xml,,,,
"37, Pres",,Coteau-du-Lac,,,576,1987,148600,265900,414500,2025,Logement,MAMH — Données Québec (rôle d'évaluation foncière),https://donneesouvertes.affmunqc.net/role/RL71040_2026.xml,,,,
"39, Pres",,Coteau-du-Lac,,,576,1987,148600,201600,350200,2025,Logement,MAMH — Données Québec (rôle d'évaluation foncière),https://donneesouvertes.affmunqc.net/role/RL71040_2026.xml,,,,
"41, Pres",,Coteau-du-Lac,,,576,1987,148600,262000,410600,2025,Logement,MAMH — Données Québec (rôle d'évaluation foncière),https://donneesouvertes.affmunqc.net/role/RL71040_2026.xml,,,,
"36, Pres",,Coteau-du-Lac,,,1064.8,1987,205100,470200,675300,2025,Logement,MAMH — Données Québec (rôle d'évaluation foncière),https://donneesouvertes.affmunqc.net/role/RL71040_2026.xml,,,,
"38, Pres",,Coteau-du-Lac,,,1357.3,1987,204400,392300,596700,2025,Logement,MAMH — Données Québec (rôle d'évaluation foncière),https://donneesouvertes.affmunqc.net/role/RL71040_2026.xml,,,,
"83, Leduc",,Coteau-du-Lac,,,575.8,1974,119200,162000,281200,2025,Logement,MAMH — Données Québec (rôle d'évaluation foncière),https://donneesouvertes.affmunqc.net/role/RL71040_2026.xml,,,,
"89, Leduc",,Coteau-du-Lac,,,610.7,1976,122100,105900,228000,2025,Logement,MAMH — Données Québec (rôle d'évaluation foncière),https://donneesouvertes.affmunqc.net/role/RL71040_2026.xml,,,,
"85, Leduc",,Coteau-du-Lac,,,797.9,1976,140500,163500,304000,2025,Logement,MAMH — Données Québec (rôle d'évaluation foncière),https://donneesouvertes.affmunqc.net/role/RL71040_2026.xml,,,,
"87, Leduc",,Coteau-du-Lac,,,782.2,1978,133600,106300,239900,2025,Logement,MAMH — Données Québec (rôle d'évaluation foncière),https://donneesouvertes.affmunqc.net/role/RL71040_2026.xml,,,,
"43, Pres",,Coteau-du-Lac,,,864.4,1987,169100,403200,572300,2025,Logement,MAMH — Données Québec (rôle d'évaluation foncière),https://donneesouvertes.affmunqc.net/role/RL71040_2026.xml,,,,
"160, 338",,Coteau-du-Lac,,,693338,,9360100,,9360100,2025,Institutionnel,MAMH — Données Québec (rôle d'évaluation foncière),https://donneesouvertes.affmunqc.net/role/RL71040_2026.xml,,,,
"58, Guy-lauzon",,Coteau-du-Lac,,,503.2,2022,141900,409700,551600,2025,Logement,MAMH — Données Québec (rôle d'évaluation foncière),https://donneesouvertes.affmunqc.net/role/RL71040_2026.xml,,,,
"60, Guy-lauzon",,Coteau-du-Lac,,,527.7,2024,148800,493200,642000,2025,Logement,MAMH — Données Québec (rôle d'évaluation foncière),https://donneesouvertes.affmunqc.net/role/RL71040_2026.xml,,,,
"50, Guy-lauzon",,Coteau-du-Lac,,,1050.5,2021,222800,442900,665700,2025,Logement,MAMH — Données Québec (rôle d'évaluation foncière),https://donneesouvertes.affmunqc.net/role/RL71040_2026.xml,,,,
"48, Guy-lauzon",,Coteau-du-Lac,,,836.7,2021,202700,418300,621000,2025,Logement,MAMH — Données Québec (rôle d'évaluation foncière),https://donneesouvertes.affmunqc.net/role/RL71040_2026.xml,,,,
"52, Guy-lauzon",,Coteau-du-Lac,,,661.3,2021,186200,364600,550800,2025,Logement,MAMH — Données Québec (rôle d'évaluation foncière),https://donneesouvertes.affmunqc.net/role/RL71040_2026.xml,,,,
"54, Guy-lauzon",,Coteau-du-Lac,,,503.2,2021,141900,405600,547500,2025,Logement,MAMH — Données Québec (rôle d'évaluation foncière),https://donneesouvertes.affmunqc.net/role/RL71040_2026.xml,,,,
"56, Guy-lauzon",,Coteau-du-Lac,,,503.2,2021,141900,401900,543800,2025,Logement,MAMH — Données Québec (rôle d'évaluation foncière),https://donneesouvertes.affmunqc.net/role/RL71040_2026.xml,,,,
"46, Guy-lauzon",,Coteau-du-Lac,,,520.8,2021,146900,369400,516300,2025,Logement,MAMH — Données Québec (rôle d'évaluation foncière),https://donneesouvertes.affmunqc.net/role/RL71040_2026.xml,,,,
"44, Guy-lauzon",,Coteau-du-Lac,,,503.2,2021,141900,407100,549000,2025,Logement,MAMH — Données Québec (rôle d'évaluation foncière),https://donneesouvertes.affmunqc.net/role/RL71040_2026.xml,,,,
"70, Guy-lauzon",,Coteau-du-Lac,,,503.3,2019,134800,394000,528800,2025,Logement,MAMH — Données Québec (rôle d'évaluation foncière),https://donneesouvertes.affmunqc.net/role/RL71040_2026.xml,,,,
"72, Guy-lauzon",,Coteau-du-Lac,,,503.3,2021,134800,453900,588700,2025,Logement,MAMH — Données Québec (rôle d'évaluation foncière),https://donneesouvertes.affmunqc.net/role/RL71040_2026.xml,,,,
"74, Guy-lauzon",,Coteau-du-Lac,,,503.3,2021,141900,503900,645800,2025,Logement,MAMH — Données Québec (rôle d'évaluation foncière),https://donneesouvertes.affmunqc.net/role/RL71040_2026.xml,,,,
"76, Guy-lauzon",,Coteau-du-Lac,,,503.3,2021,141900,488300,630200,2025,Logement,MAMH — Données Québec (rôle d'évaluation foncière),https://donneesouvertes.affmunqc.net/role/RL71040_2026.xml,,,,
"78, Guy-lauzon",,Coteau-du-Lac,,,503.3,2021,141900,400900,542800,2025,Logement,MAMH — Données Québec (rôle d'évaluation foncière),https://donneesouvertes.affmunqc.net/role/RL71040_2026.xml,,,,
"80, Guy-lauzon",,Coteau-du-Lac,,,503.3,2021,141900,444900,586800,2025,Logement,MAMH — Données Québec (rôle d'évaluation foncière),https://donneesouvertes.affmunqc.net/role/RL71040_2026.xml,,,,
"82, Guy-lauzon",,Coteau-du-Lac,,,503.3,2021,141900,441800,583700,2025,Logement,MAMH — Données Québec (rôle d'évaluation foncière),https://donneesouvertes.affmunqc.net/role/RL71040_2026.xml,,,,
"62, Guy-lauzon",,Coteau-du-Lac,,,714.1,2021,181600,396800,578400,2025,Logement,MAMH — Données Québec (rôle d'évaluation foncière),https://donneesouvertes.affmunqc.net/role/RL71040_2026.xml,,,,
"64, Guy-lauzon",,Coteau-du-Lac,,,502.9,2021,141800,420300,562100,2025,Logement,MAMH — Données Québec (rôle d'évaluation foncière),https://donneesouvertes.affmunqc.net/role/RL71040_2026.xml,,,,
"66, Guy-lauzon",,Coteau-du-Lac,,,503.3,2021,134800,381000,515800,2025,Logement,MAMH — Données Québec (rôle d'évaluation foncière),https://donneesouvertes.affmunqc.net/role/RL71040_2026.xml,,,,
"68, Guy-lauzon",,Coteau-du-Lac,,,503.3,2021,134800,376600,511400,2025,Logement,MAMH — Données Québec (rôle d'évaluation foncière),https://donneesouvertes.affmunqc.net/role/RL71040_2026.xml,,,,
"63, Guy-lauzon",,Coteau-du-Lac,,,599.2,2021,169000,401100,570100,2025,Logement,MAMH — Données Québec (rôle d'évaluation foncière),https://donneesouvertes.affmunqc.net/role/RL71040_2026.xml,,,,
"65, Guy-lauzon",,Coteau-du-Lac,,,503.3,2021,141900,445400,587300,2025,Logement,MAMH — Données Québec (rôle d'évaluation foncière),https://donneesouvertes.affmunqc.net/role/RL71040_2026.xml,,,,
"67, Guy-lauzon",,Coteau-du-Lac,,,503.3,2021,141900,405200,547100,2025,Logement,MAMH — Données Québec (rôle d'évaluation foncière),https://donneesouvertes.affmunqc.net/role/RL71040_2026.xml,,,,
"39, Therese-leroux-sauve",,Coteau-du-Lac,,,604.2,2021,170400,417100,587500,2025,Logement,MAMH — Données Québec (rôle d'évaluation foncière),https://donneesouvertes.affmunqc.net/role/RL71040_2026.xml,,,,
"69, Guy-lauzon",,Coteau-du-Lac,,,586.6,2021,165400,499800,665200,2025,Logement,MAMH — Données Québec (rôle d'évaluation foncière),https://donneesouvertes.affmunqc.net/role/RL71040_2026.xml,,,,
"37, Therese-leroux-sauve",,Coteau-du-Lac,,,529.9,2021,149400,397900,547300,2025,Logement,MAMH — Données Québec (rôle d'évaluation foncière),https://donneesouvertes.affmunqc.net/role/RL71040_2026.xml,,,,
"12, Jeanne-d'arc-charlebois",,Coteau-du-Lac,,,542.4,2020,153000,438700,591700,2025,Logement,MAMH — Données Québec (rôle d'évaluation foncière),https://donneesouvertes.affmunqc.net/role/RL71040_2026.xml,,,,
"51, Guy-lauzon",,Coteau-du-Lac,,,762.9,2022,195800,453800,649600,2025,Logement,MAMH — Données Québec (rôle d'évaluation foncière),https://donneesouvertes.affmunqc.net/role/RL71040_2026.xml,,,,
"42, Guy-lauzon",,Coteau-du-Lac,,,503.2,2022,141900,405900,547800,2025,Logement,MAMH — Données Québec (rôle d'évaluation foncière),https://donneesouvertes.affmunqc.net/role/RL71040_2026.xml,,,,
"53, Guy-lauzon",,Coteau-du-Lac,,,614.3,2022,173200,372400,545600,2025,Logement,MAMH — Données Québec (rôle d'évaluation foncière),https://donneesouvertes.affmunqc.net/role/RL71040_2026.xml,,,,
"55, Guy-lauzon",,Coteau-du-Lac,,,712.7,2022,191100,411000,602100,2025,Logement,MAMH — Données Québec (rôle d'évaluation foncière),https://donneesouvertes.affmunqc.net/role/RL71040_2026.xml,,,,
"41, Guy-lauzon",,Coteau-du-Lac,,,527.3,2022,148700,428100,576800,2025,Logement,MAMH — Données Québec (rôle d'évaluation foncière),https://donneesouvertes.affmunqc.net/role/RL71040_2026.xml,,,,
"40, Therese-leroux-sauve",,Coteau-du-Lac,,,600.5,2021,169300,560800,730100,2025,Logement,MAMH — Données Québec (rôle d'évaluation foncière),https://donneesouvertes.affmunqc.net/role/RL71040_2026.xml,,,,
"39, Guy-lauzon",,Coteau-du-Lac,,,503.2,2022,141900,536500,678400,2025,Logement,MAMH — Données Québec (rôle d'évaluation foncière),https://donneesouvertes.affmunqc.net/role/RL71040_2026.xml,,,,
"37, Guy-lauzon",,Coteau-du-Lac,,,503.2,2022,141900,466100,608000,2025,Logement,MAMH — Données Québec (rôle d'évaluation foncière),https://donneesouvertes.affmunqc.net/role/RL71040_2026.xml,,,,
"38, Therese-leroux-sauve",,Coteau-du-Lac,,,536.2,2021,151200,407700,558900,2025,Logement,MAMH — Données Québec (rôle d'évaluation foncière),https://donneesouvertes.affmunqc.net/role/RL71040_2026.xml,,,,
"35, Guy-lauzon",,Coteau-du-Lac,,,503.2,2022,141900,433700,575600,2025,Logement,MAMH — Données Québec (rôle d'évaluation foncière),https://donneesouvertes.affmunqc.net/role/RL71040_2026.xml,,,,
"36, Therese-leroux-sauve",,Coteau-du-Lac,,,533.7,2021,150500,352200,502700,2025,Logement,MAMH — Données Québec (rôle d'évaluation foncière),https://donneesouvertes.affmunqc.net/role/RL71040_2026.xml,,,,
"34, Therese-leroux-sauve",,Coteau-du-Lac,,,533.7,2021,150500,417100,567600,2025,Logement,MAMH — Données Québec (rôle d'évaluation foncière),https://donneesouvertes.affmunqc.net/role/RL71040_2026.xml,,,,
"33, Guy-lauzon",,Coteau-du-Lac,,,699.5,2021,189800,604400,794200,2025,Logement,MAMH — Données Québec (rôle d'évaluation foncière),https://donneesouvertes.affmunqc.net/role/RL71040_2026.xml,,,,
"69, Leduc",,Coteau-du-Lac,,,573.5,1977,118700,100400,219100,2025,Logement,MAMH — Données Québec (rôle d'évaluation foncière),https://donneesouvertes.affmunqc.net/role/RL71040_2026.xml,,,,
"71, Leduc",,Coteau-du-Lac,,,680.2,2024,123900,424300,548200,2025,Logement,MAMH — Données Québec (rôle d'évaluation foncière),https://donneesouvertes.affmunqc.net/role/RL71040_2026.xml,,,,
"75, Leduc",,Coteau-du-Lac,,,1387.4,2023,287200,590000,877200,2025,Logement,MAMH — Données Québec (rôle d'évaluation foncière),https://donneesouvertes.affmunqc.net/role/RL71040_2026.xml,,,,
"77, Leduc",,Coteau-du-Lac,,,808.1,1991,132800,161000,293800,2025,Logement,MAMH — Données Québec (rôle d'évaluation foncière),https://donneesouvertes.affmunqc.net/role/RL71040_2026.xml,,,,
"79, Leduc",,Coteau-du-Lac,,,560.2,1974,116000,137900,253900,2025,Logement,MAMH — Données Québec (rôle d'évaluation foncière),https://donneesouvertes.affmunqc.net/role/RL71040_2026.xml,,,,
"84, Guy-lauzon",,Coteau-du-Lac,,,503.3,2021,141900,443000,584900,2025,Logement,MAMH — Données Québec (rôle d'évaluation foncière),https://donneesouvertes.affmunqc.net/role/RL71040_2026.xml,,,,
"86, Guy-lauzon",,Coteau-du-Lac,,,503.3,2021,141900,413900,555800,2025,Logement,MAMH — Données Québec (rôle d'évaluation foncière),https://donneesouvertes.affmunqc.net/role/RL71040_2026.xml,,,,
"88, Guy-lauzon",,Coteau-du-Lac,,,503.3,2021,141900,425000,566900,2025,Logement,MAMH — Données Québec (rôle d'évaluation foncière),https://donneesouvertes.affmunqc.net/role/RL71040_2026.xml,,,,
"90, Guy-lauzon",,Coteau-du-Lac,,,596.1,2021,168100,420300,588400,2025,Logement,MAMH — Données Québec (rôle d'évaluation foncière),https://donneesouvertes.affmunqc.net/role/RL71040_2026.xml,,,,
"92, Guy-lauzon",,Coteau-du-Lac,,,723.7,2021,192100,481400,673500,2025,Logement,MAMH — Données Québec (rôle d'évaluation foncière),https://donneesouvertes.affmunqc.net/role/RL71040_2026.xml,,,,
"94, Guy-lauzon",,Coteau-du-Lac,,,846.7,2021,203700,387900,591600,2025,Logement,MAMH — Données Québec (rôle d'évaluation foncière),https://donneesouvertes.affmunqc.net/role/RL71040_2026.xml,,,,
"87, Guy-lauzon",,Coteau-du-Lac,,,591.9,2022,166900,428700,595600,2025,Logement,MAMH — Données Québec (rôle d'évaluation foncière),https://donneesouvertes.affmunqc.net/role/RL71040_2026.xml,,,,
"96, Guy-lauzon",,Coteau-du-Lac,,,1694.4,2021,250000,443400,693400,2025,Logement,MAMH — Données Québec (rôle d'évaluation foncière),https://donneesouvertes.affmunqc.net/role/RL71040_2026.xml,,,,
"89, Guy-lauzon",,Coteau-du-Lac,,,691.4,2022,189100,642000,831100,2025,Logement,MAMH — Données Québec (rôle d'évaluation foncière),https://donneesouvertes.affmunqc.net/role/RL71040_2026.xml,,,,
"75, Guy-lauzon",,Coteau-du-Lac,,,568,2021,160200,436300,596500,2025,Logement,MAMH — Données Québec (rôle d'évaluation foncière),https://donneesouvertes.affmunqc.net/role/RL71040_2026.xml,,,,
"77, Guy-lauzon",,Coteau-du-Lac,,,558.6,2021,157500,489100,646600,2025,Logement,MAMH — Données Québec (rôle d'évaluation foncière),https://donneesouvertes.affmunqc.net/role/RL71040_2026.xml,,,,
"79, Guy-lauzon",,Coteau-du-Lac,,,1089.8,2021,226500,587800,814300,2025,Logement,MAMH — Données Québec (rôle d'évaluation foncière),https://donneesouvertes.affmunqc.net/role/RL71040_2026.xml,,,,
"83, Guy-lauzon",,Coteau-du-Lac,,,951.4,2021,213500,613300,826800,2025,Logement,MAMH — Données Québec (rôle d'évaluation foncière),https://donneesouvertes.affmunqc.net/role/RL71040_2026.xml,,,,
"81, Guy-lauzon",,Coteau-du-Lac,,,1113.3,2024,228700,606600,835300,2025,Logement,MAMH — Données Québec (rôle d'évaluation foncière),https://donneesouvertes.affmunqc.net/role/RL71040_2026.xml,,,,
"85, Guy-lauzon",,Coteau-du-Lac,,,800.9,2023,199400,598700,798100,2025,Logement,MAMH — Données Québec (rôle d'évaluation foncière),https://donneesouvertes.affmunqc.net/role/RL71040_2026.xml,,,,
"15, Jeanne-d'arc-charlebois",,Coteau-du-Lac,,,1019.4,2019,219900,674500,894400,2025,Logement,MAMH — Données Québec (rôle d'évaluation foncière),https://donneesouvertes.affmunqc.net/role/RL71040_2026.xml,,,,
"10, Jeanne-d'arc-charlebois",,Coteau-du-Lac,,,525.6,2020,148200,362000,510200,2025,Logement,MAMH — Données Québec (rôle d'évaluation foncière),https://donneesouvertes.affmunqc.net/role/RL71040_2026.xml,,,,
"11, Jeanne-d'arc-charlebois",,Coteau-du-Lac,,,689.8,2019,188900,515900,704800,2025,Logement,MAMH — Données Québec (rôle d'évaluation foncière),https://donneesouvertes.affmunqc.net/role/RL71040_2026.xml,,,,
"9, Jeanne-d'arc-charlebois",,Coteau-du-Lac,,,681.2,2019,188100,606800,794900,2025,Logement,MAMH — Données Québec (rôle d'évaluation foncière),https://donneesouvertes.affmunqc.net/role/RL71040_2026.xml,,,,
"7, Jeanne-d'arc-charlebois",,Coteau-du-Lac,,,592,2019,166900,656800,823700,2025,Logement,MAMH — Données Québec (rôle d'évaluation foncière),https://donneesouvertes.affmunqc.net/role/RL71040_2026.xml,,,,
"5, Jeanne-d'arc-charlebois",,Coteau-du-Lac,,,615.1,2018,173500,488900,662400,2025,Logement,MAMH — Données Québec (rôle d'évaluation foncière),https://donneesouvertes.affmunqc.net/role/RL71040_2026.xml,,,,
"3, Jeanne-d'arc-charlebois",,Coteau-du-Lac,,,630.9,2019,177900,429200,607100,2025,Logement,MAMH — Données Québec (rôle d'évaluation foncière),https://donneesouvertes.affmunqc.net/role/RL71040_2026.xml,,,,
"32, Therese-leroux-sauve",,Coteau-du-Lac,,,815.1,2021,200700,459600,660300,2025,Logement,MAMH — Données Québec (rôle d'évaluation foncière),https://donneesouvertes.affmunqc.net/role/RL71040_2026.xml,,,,
"26, Guy-lauzon",,Coteau-du-Lac,,,503.2,2022,141900,515900,657800,2025,Logement,MAMH — Données Québec (rôle d'évaluation foncière),https://donneesouvertes.affmunqc.net/role/RL71040_2026.xml,,,,
"24, Guy-lauzon",,Coteau-du-Lac,,,503.2,2022,141900,430600,572500,2025,Logement,MAMH — Données Québec (rôle d'évaluation foncière),https://donneesouvertes.affmunqc.net/role/RL71040_2026.xml,,,,
"22, Guy-lauzon",,Coteau-du-Lac,,,503.2,2021,141900,370800,512700,2025,Logement,MAMH — Données Québec (rôle d'évaluation foncière),https://donneesouvertes.affmunqc.net/role/RL71040_2026.xml,,,,
"20, Guy-lauzon",,Coteau-du-Lac,,,503.2,2022,141900,403300,545200,2025,Logement,MAMH — Données Québec (rôle d'évaluation foncière),https://donneesouvertes.affmunqc.net/role/RL71040_2026.xml,,,,
"18, Guy-lauzon",,Coteau-du-Lac,,,503.2,2022,141900,409900,551800,2025,Logement,MAMH — Données Québec (rôle d'évaluation foncière),https://donneesouvertes.affmunqc.net/role/RL71040_2026.xml,,,,
"16, Guy-lauzon",,Coteau-du-Lac,,,503.2,2021,141900,401900,543800,2025,Logement,MAMH — Données Québec (rôle d'évaluation foncière),https://donneesouvertes.affmunqc.net/role/RL71040_2026.xml,,,,
"106, Abeilles",,Coteau-du-Lac,,,1484.6,2019,264800,509000,773800,2025,Logement,MAMH — Données Québec (rôle d'évaluation foncière),https://donneesouvertes.affmunqc.net/role/RL71040_2026.xml,,,,
"108, Abeilles",,Coteau-du-Lac,,,1178.1,1993,237300,552300,789600,2025,Logement,MAMH — Données Québec (rôle d'évaluation foncière),https://donneesouvertes.affmunqc.net/role/RL71040_2026.xml,,,,
"104, Abeilles",,Coteau-du-Lac,,,1227.9,1995,254800,460000,714800,2025,Logement,MAMH — Données Québec (rôle d'évaluation foncière),https://donneesouvertes.affmunqc.net/role/RL71040_2026.xml,,,,
"110, Abeilles",,Coteau-du-Lac,,,1011.6,1990,221500,408700,630200,2025,Logement,MAMH — Données Québec (rôle d'évaluation foncière),https://donneesouvertes.affmunqc.net/role/RL71040_2026.xml,,,,
"102, Abeilles",,Coteau-du-Lac,,,922,1999,224200,446500,670700,2025,Logement,MAMH — Données Québec (rôle d'évaluation foncière),https://donneesouvertes.affmunqc.net/role/RL71040_2026.xml,,,,
"15, Guy-lauzon",,Coteau-du-Lac,,,669.4,2018,187000,347300,534300,2025,Logement,MAMH — Données Québec (rôle d'évaluation foncière),https://donneesouvertes.affmunqc.net/role/RL71040_2026.xml,,,,
"11, Guy-lauzon",,Coteau-du-Lac,,,598,2017,168600,468000,636600,2025,Logement,MAMH — Données Québec (rôle d'évaluation foncière),https://donneesouvertes.affmunqc.net/role/RL71040_2026.xml,,,,
"9, Guy-lauzon",,Coteau-du-Lac,,,773.3,2015,196800,603100,799900,2025,Logement,MAMH — Données Québec (rôle d'évaluation foncière),https://donneesouvertes.affmunqc.net/role/RL71040_2026.xml,,,,
"7, Guy-lauzon",,Coteau-du-Lac,,,854.1,2015,204400,526300,730700,2025,Logement,MAMH — Données Québec (rôle d'évaluation foncière),https://donneesouvertes.affmunqc.net/role/RL71040_2026.xml,,,,
"5, Guy-lauzon",,Coteau-du-Lac,,,783.2,2015,197700,518900,716600,2025,Logement,MAMH — Données Québec (rôle d'évaluation foncière),https://donneesouvertes.affmunqc.net/role/RL71040_2026.xml,,,,
"14, Guy-lauzon",,Coteau-du-Lac,,,503.2,2021,141900,364600,506500,2025,Logement,MAMH — Données Québec (rôle d'évaluation foncière),https://donneesouvertes.affmunqc.net/role/RL71040_2026.xml,,,,
"12, Guy-lauzon",,Coteau-du-Lac,,,582.3,2021,164200,348400,512600,2025,Logement,MAMH — Données Québec (rôle d'évaluation foncière),https://donneesouvertes.affmunqc.net/role/RL71040_2026.xml,,,,
"225, Acier",,Coteau-du-Lac,,,54472.7,1996,3351300,3295800,6647100,2025,Immeuble commercial,MAMH — Données Québec (rôle d'évaluation foncière),https://donneesouvertes.affmunqc.net/role/RL71040_2026.xml,,,,
"168, Riviere Delisle",,Coteau-du-Lac,,,161438.8,,690200,124900,815100,2025,Agricole,MAMH — Données Québec (rôle d'évaluation foncière),https://donneesouvertes.affmunqc.net/role/RL71040_2026.xml,,,,
"64, Riviere Delisle",,Coteau-du-Lac,,,201685,,789700,297800,1087500,2025,Agricole,MAMH — Données Québec (rôle d'évaluation foncière),https://donneesouvertes.affmunqc.net/role/RL71040_2026.xml,,,,
"72, Riviere Delisle",,Coteau-du-Lac,,,4307.8,1875,162100,137700,299800,2025,Logement,MAMH — Données Québec (rôle d'évaluation foncière),https://donneesouvertes.affmunqc.net/role/RL71040_2026.xml,,,,
"52, Riviere Delisle",,Coteau-du-Lac,,,162661.7,,500600,239800,740400,2025,Agricole,MAMH — Données Québec (rôle d'évaluation foncière),https://donneesouvertes.affmunqc.net/role/RL71040_2026.xml,,,,
"65, Riviere Delisle",,Coteau-du-Lac,,,2668.7,1969,82000,398100,480100,2025,Logement,MAMH — Données Québec (rôle d'évaluation foncière),https://donneesouvertes.affmunqc.net/role/RL71040_2026.xml,,,,
"40, Guy-lauzon",,Coteau-du-Lac,,,503.2,2022,141900,441700,583600,2025,Logement,MAMH — Données Québec (rôle d'évaluation foncière),https://donneesouvertes.affmunqc.net/role/RL71040_2026.xml,,,,
"38, Guy-lauzon",,Coteau-du-Lac,,,503.2,2022,141900,601300,743200,2025,Logement,MAMH — Données Québec (rôle d'évaluation foncière),https://donneesouvertes.affmunqc.net/role/RL71040_2026.xml,,,,
"36, Guy-lauzon",,Coteau-du-Lac,,,515.4,2021,145300,470200,615500,2025,Logement,MAMH — Données Québec (rôle d'évaluation foncière),https://donneesouvertes.affmunqc.net/role/RL71040_2026.xml,,,,
"34, Guy-lauzon",,Coteau-du-Lac,,,611.6,2022,172500,528700,701200,2025,Logement,MAMH — Données Québec (rôle d'évaluation foncière),https://donneesouvertes.affmunqc.net/role/RL71040_2026.xml,,,,
"32, Guy-lauzon",,Coteau-du-Lac,,,877.7,2022,206600,643100,849700,2025,Logement,MAMH — Données Québec (rôle d'évaluation foncière),https://donneesouvertes.affmunqc.net/role/RL71040_2026.xml,,,,
"30, Guy-lauzon",,Coteau-du-Lac,,,593.5,2022,167400,401900,569300,2025,Logement,MAMH — Données Québec (rôle d'évaluation foncière),https://donneesouvertes.affmunqc.net/role/RL71040_2026.xml,,,,
"28, Guy-lauzon",,Coteau-du-Lac,,,503.2,2022,141900,437800,579700,2025,Logement,MAMH — Données Québec (rôle d'évaluation foncière),https://donneesouvertes.affmunqc.net/role/RL71040_2026.xml,,,,
"48, Riviere Delisle",,Coteau-du-Lac,,,47746.34,,938400,720600,1659000,2025,,MAMH — Données Québec (rôle d'évaluation foncière),https://donneesouvertes.affmunqc.net/role/RL71040_2026.xml,,,,
"44, Riviere Delisle",,Coteau-du-Lac,,,,2002,,249900,249900,2025,Immeuble commercial,MAMH — Données Québec (rôle d'évaluation foncière),https://donneesouvertes.affmunqc.net/role/RL71040_2026.xml,,,,
"16, Omer-lecompte",,Coteau-du-Lac,,,153.42,2012,92100,249200,341300,2025,Logement,MAMH — Données Québec (rôle d'évaluation foncière),https://donneesouvertes.affmunqc.net/role/RL71040_2026.xml,,,,
"14, Omer-lecompte",,Coteau-du-Lac,,,146.26,2012,87800,240500,328300,2025,Logement,MAMH — Données Québec (rôle d'évaluation foncière),https://donneesouvertes.affmunqc.net/role/RL71040_2026.xml,,,,
"12, Omer-lecompte",,Coteau-du-Lac,,,153.83,2012,92300,241400,333700,2025,Logement,MAMH — Données Québec (rôle d'évaluation foncière),https://donneesouvertes.affmunqc.net/role/RL71040_2026.xml,,,,
"10, Omer-lecompte",,Coteau-du-Lac,,,146.18,2012,87700,241600,329300,2025,Logement,MAMH — Données Québec (rôle d'évaluation foncière),https://donneesouvertes.affmunqc.net/role/RL71040_2026.xml,,,,
"8, Omer-lecompte",,Coteau-du-Lac,,,137.4,2014,82400,242900,325300,2025,Logement,MAMH — Données Québec (rôle d'évaluation foncière),https://donneesouvertes.affmunqc.net/role/RL71040_2026.xml,,,,
"6, Omer-lecompte",,Coteau-du-Lac,,,146.1,2012,87700,240800,328500,2025,Logement,MAMH — Données Québec (rôle d'évaluation foncière),https://donneesouvertes.affmunqc.net/role/RL71040_2026.xml,,,,
"4, Omer-lecompte",,Coteau-du-Lac,,,789.22,2018,194700,1180800,1375500,2025,Logement,MAMH — Données Québec (rôle d'évaluation foncière),https://donneesouvertes.affmunqc.net/role/RL71040_2026.xml,,,,
"2, Omer-lecompte",,Coteau-du-Lac,,,144.9,2015,86900,241200,328100,2025,Logement,MAMH — Données Québec (rôle d'évaluation foncière),https://donneesouvertes.affmunqc.net/role/RL71040_2026.xml,,,,
"154, Omer-lecompte",,Coteau-du-Lac,,,839.13,2019,200200,1174100,1374300,2025,Logement,MAMH — Données Québec (rôle d'évaluation foncière),https://donneesouvertes.affmunqc.net/role/RL71040_2026.xml,,,,
"152, Omer-lecompte",,Coteau-du-Lac,,,839.13,2020,200200,1174100,1374300,2025,Logement,MAMH — Données Québec (rôle d'évaluation foncière),https://donneesouvertes.affmunqc.net/role/RL71040_2026.xml,,,,
"17, Omer-lecompte",,Coteau-du-Lac,,,287.6,2015,131900,271600,403500,2025,Logement,MAMH — Données Québec (rôle d'évaluation foncière),https://donneesouvertes.affmunqc.net/role/RL71040_2026.xml,,,,
"18, Omer-lecompte",,Coteau-du-Lac,,,288,2014,132000,288100,420100,2025,Logement,MAMH — Données Québec (rôle d'évaluation foncière),https://donneesouvertes.affmunqc.net/role/RL71040_2026.xml,,,,
"19, Omer-lecompte",,Coteau-du-Lac,,,238.8,2015,122200,258600,380800,2025,Logement,MAMH — Données Québec (rôle d'évaluation foncière),https://donneesouvertes.affmunqc.net/role/RL71040_2026.xml,,,,
"20, Omer-lecompte",,Coteau-du-Lac,,,238.3,2014,122100,276400,398500,2025,Logement,MAMH — Données Québec (rôle d'évaluation foncière),https://donneesouvertes.affmunqc.net/role/RL71040_2026.xml,,,,
"21, Omer-lecompte",,Coteau-du-Lac,,,238.8,2015,122200,283300,405500,2025,Logement,MAMH — Données Québec (rôle d'évaluation foncière),https://donneesouvertes.affmunqc.net/role/RL71040_2026.xml,,,,
"22, Omer-lecompte",,Coteau-du-Lac,,,238.3,2013,122100,251300,373400,2025,Logement,MAMH — Données Québec (rôle d'évaluation foncière),https://donneesouvertes.affmunqc.net/role/RL71040_2026.xml,,,,
"23, Omer-lecompte",,Coteau-du-Lac,,,287.6,2015,131900,281800,413700,2025,Logement,MAMH — Données Québec (rôle d'évaluation foncière),https://donneesouvertes.affmunqc.net/role/RL71040_2026.xml,,,,
"24, Omer-lecompte",,Coteau-du-Lac,,,288,2014,132000,262000,394000,2025,Logement,MAMH — Données Québec (rôle d'évaluation foncière),https://donneesouvertes.affmunqc.net/role/RL71040_2026.xml,,,,
"25, Omer-lecompte",,Coteau-du-Lac,,,286.59,2018,131700,282300,414000,2025,Logement,MAMH — Données Québec (rôle d'évaluation foncière),https://donneesouvertes.affmunqc.net/role/RL71040_2026.xml,,,,
"26, Omer-lecompte",,Coteau-du-Lac,,,287.4,2012,131900,279400,411300,2025,Logement,MAMH — Données Québec (rôle d'évaluation foncière),https://donneesouvertes.affmunqc.net/role/RL71040_2026.xml,,,,
"27, Omer-lecompte",,Coteau-du-Lac,,,237.62,2017,121900,274900,396800,2025,Logement,MAMH — Données Québec (rôle d'évaluation foncière),https://donneesouvertes.affmunqc.net/role/RL71040_2026.xml,,,,
"28, Omer-lecompte",,Coteau-du-Lac,,,237.8,2012,122000,249400,371400,2025,Logement,MAMH — Données Québec (rôle d'évaluation foncière),https://donneesouvertes.affmunqc.net/role/RL71040_2026.xml,,,,
"29, Omer-lecompte",,Coteau-du-Lac,,,237.62,2017,121900,274900,396800,2025,Logement,MAMH — Données Québec (rôle d'évaluation foncière),https://donneesouvertes.affmunqc.net/role/RL71040_2026.xml,,,,
"30, Omer-lecompte",,Coteau-du-Lac,,,239.47,2012,122300,264700,387000,2025,Logement,MAMH — Données Québec (rôle d'évaluation foncière),https://donneesouvertes.affmunqc.net/role/RL71040_2026.xml,,,,
"31, Omer-lecompte",,Coteau-du-Lac,,,303.06,2017,135000,301700,436700,2025,Logement,MAMH — Données Québec (rôle d'évaluation foncière),https://donneesouvertes.affmunqc.net/role/RL71040_2026.xml,,,,
"32, Omer-lecompte",,Coteau-du-Lac,,,301.9,2012,134800,281200,416000,2025,Logement,MAMH — Données Québec (rôle d'évaluation foncière),https://donneesouvertes.affmunqc.net/role/RL71040_2026.xml,,,,
"33, Omer-lecompte",,Coteau-du-Lac,,,706.23,2020,185600,288100,473700,2025,Logement,MAMH — Données Québec (rôle d'évaluation foncière),https://donneesouvertes.affmunqc.net/role/RL71040_2026.xml,,,,
"34, Omer-lecompte",,Coteau-du-Lac,,,686.46,2018,183400,283900,467300,2025,Logement,MAMH — Données Québec (rôle d'évaluation foncière),https://donneesouvertes.affmunqc.net/role/RL71040_2026.xml,,,,
"35, Omer-lecompte",,Coteau-du-Lac,,,625.99,2020,176700,276000,452700,2025,Logement,MAMH — Données Québec (rôle d'évaluation foncière),https://donneesouvertes.affmunqc.net/role/RL71040_2026.xml,,,,
"36, Omer-lecompte",,Coteau-du-Lac,,,645.76,2018,178900,278500,457400,2025,Logement,MAMH — Données Québec (rôle d'évaluation foncière),https://donneesouvertes.affmunqc.net/role/RL71040_2026.xml,,,,
"37, Omer-lecompte",,Coteau-du-Lac,,,625.99,2020,176700,279400,456100,2025,Logement,MAMH — Données Québec (rôle d'évaluation foncière),https://donneesouvertes.affmunqc.net/role/RL71040_2026.xml,,,,
"38, Omer-lecompte",,Coteau-du-Lac,,,645.76,2019,178900,287700,466600,2025,Logement,MAMH — Données Québec (rôle d'évaluation foncière),https://donneesouvertes.affmunqc.net/role/RL71040_2026.xml,,,,
"39, Omer-lecompte",,Coteau-du-Lac,,,706.23,2020,185600,289300,474900,2025,Logement,MAMH — Données Québec (rôle d'évaluation foncière),https://donneesouvertes.affmunqc.net/role/RL71040_2026.xml,,,,
"40, Omer-lecompte",,Coteau-du-Lac,,,686.46,2018,183400,283600,467000,2025,Logement,MAMH — Données Québec (rôle d'évaluation foncière),https://donneesouvertes.affmunqc.net/role/RL71040_2026.xml,,,,
"42, Omer-lecompte",,Coteau-du-Lac,,,706.23,2020,185600,293100,478700,2025,Logement,MAMH — Données Québec (rôle d'évaluation foncière),https://donneesouvertes.affmunqc.net/role/RL71040_2026.xml,,,,
"44, Omer-lecompte",,Coteau-du-Lac,,,625.99,2020,176700,272800,449500,2025,Logement,MAMH — Données Québec (rôle d'évaluation foncière),https://donneesouvertes.affmunqc.net/role/RL71040_2026.xml,,,,
"46, Omer-lecompte",,Coteau-du-Lac,,,625.99,2020,176700,272000,448700,2025,Logement,MAMH — Données Québec (rôle d'évaluation foncière),https://donneesouvertes.affmunqc.net/role/RL71040_2026.xml,,,,
"48, Omer-lecompte",,Coteau-du-Lac,,,706.23,2020,185600,295400,481000,2025,Logement,MAMH — Données Québec (rôle d'évaluation foncière),https://donneesouvertes.affmunqc.net/role/RL71040_2026.xml,,,,
"41, Omer-lecompte",,Coteau-du-Lac,,,2173.84,2020,347000,646800,993800,2025,Logement,MAMH — Données Québec (rôle d'évaluation foncière),https://donneesouvertes.affmunqc.net/role/RL71040_2026.xml,,,,
"43, Omer-lecompte",,Coteau-du-Lac,,,2173.84,2020,347000,646800,993800,2025,Logement,MAMH — Données Québec (rôle d'évaluation foncière),https://donneesouvertes.affmunqc.net/role/RL71040_2026.xml,,,,
"45, Omer-lecompte",,Coteau-du-Lac,,,2173.84,2021,347000,595600,942600,2025,Logement,MAMH — Données Québec (rôle d'évaluation foncière),https://donneesouvertes.affmunqc.net/role/RL71040_2026.xml,,,,
"58, Omer-lecompte",,Coteau-du-Lac,,,2173.84,2021,347000,643400,990400,2025,Logement,MAMH — Données Québec (rôle d'évaluation foncière),https://donneesouvertes.affmunqc.net/role/RL71040_2026.xml,,,,
"56, Omer-lecompte",,Coteau-du-Lac,,,2173.84,2021,347000,643400,990400,2025,Logement,MAMH — Données Québec (rôle d'évaluation foncière),https://donneesouvertes.affmunqc.net/role/RL71040_2026.xml,,,,
"47, Omer-lecompte",,Coteau-du-Lac,,,2173.84,2021,347000,597200,944200,2025,Logement,MAMH — Données Québec (rôle d'évaluation foncière),https://donneesouvertes.affmunqc.net/role/RL71040_2026.xml,,,,
"54, Omer-lecompte",,Coteau-du-Lac,,,2173.94,2021,347000,643400,990400,2025,Logement,MAMH — Données Québec (rôle d'évaluation foncière),https://donneesouvertes.affmunqc.net/role/RL71040_2026.xml,,,,
"150, Omer-lecompte",,Coteau-du-Lac,,,1820.9,2021,308200,1029500,1337700,2025,Logement,MAMH — Données Québec (rôle d'évaluation foncière),https://donneesouvertes.affmunqc.net/role/RL71040_2026.xml,,,,
"114, Omer-lecompte",,Coteau-du-Lac,,,611.73,2020,175200,331000,506200,2025,Logement,MAMH — Données Québec (rôle d'évaluation foncière),https://donneesouvertes.affmunqc.net/role/RL71040_2026.xml,,,,
"112, Omer-lecompte",,Coteau-du-Lac,,,611.73,2021,175200,284200,459400,2025,Logement,MAMH — Données Québec (rôle d'évaluation foncière),https://donneesouvertes.affmunqc.net/role/RL71040_2026.xml,,,,
"110, Omer-lecompte",,Coteau-du-Lac,,,611.73,2021,175200,324300,499500,2025,Logement,MAMH — Données Québec (rôle d'évaluation foncière),https://donneesouvertes.affmunqc.net/role/RL71040_2026.xml,,,,
"108, Omer-lecompte",,Coteau-du-Lac,,,611.73,2021,175200,318500,493700,2025,Logement,MAMH — Données Québec (rôle d'évaluation foncière),https://donneesouvertes.affmunqc.net/role/RL71040_2026.xml,,,,
"106, Omer-lecompte",,Coteau-du-Lac,,,611.73,2021,175200,319400,494600,2025,Logement,MAMH — Données Québec (rôle d'évaluation foncière),https://donneesouvertes.affmunqc.net/role/RL71040_2026.xml,,,,
"104, Omer-lecompte",,Coteau-du-Lac,,,611.73,2021,175200,280900,456100,2025,Logement,MAMH — Données Québec (rôle d'évaluation foncière),https://donneesouvertes.affmunqc.net/role/RL71040_2026.xml,,,,
"102, Omer-lecompte",,Coteau-du-Lac,,,611.73,2021,175200,282100,457300,2025,Logement,MAMH — Données Québec (rôle d'évaluation foncière),https://donneesouvertes.affmunqc.net/role/RL71040_2026.xml,,,,
"100, Omer-lecompte",,Coteau-du-Lac,,,611.73,2021,175200,285400,460600,2025,Logement,MAMH — Données Québec (rôle d'évaluation foncière),https://donneesouvertes.affmunqc.net/role/RL71040_2026.xml,,,,
"98, Omer-lecompte",,Coteau-du-Lac,,,611.73,2022,175200,288300,463500,2025,Logement,MAMH — Données Québec (rôle d'évaluation foncière),https://donneesouvertes.affmunqc.net/role/RL71040_2026.xml,,,,
"96, Omer-lecompte",,Coteau-du-Lac,,,611.73,2022,175200,288300,463500,2025,Logement,MAMH — Données Québec (rôle d'évaluation foncière),https://donneesouvertes.affmunqc.net/role/RL71040_2026.xml,,,,
"94, Omer-lecompte",,Coteau-du-Lac,,,611.73,2022,175200,283700,458900,2025,Logement,MAMH — Données Québec (rôle d'évaluation foncière),https://donneesouvertes.affmunqc.net/role/RL71040_2026.xml,,,,
"92, Omer-lecompte",,Coteau-du-Lac,,,611.73,2022,175200,287100,462300,2025,Logement,MAMH — Données Québec (rôle d'évaluation foncière),https://donneesouvertes.affmunqc.net/role/RL71040_2026.xml,,,,
"90, Omer-lecompte",,Coteau-du-Lac,,,611.73,2022,175200,278700,453900,2025,Logement,MAMH — Données Québec (rôle d'évaluation foncière),https://donneesouvertes.affmunqc.net/role/RL71040_2026.xml,,,,
"88, Omer-lecompte",,Coteau-du-Lac,,,611.73,2022,175200,283700,458900,2025,Logement,MAMH — Données Québec (rôle d'évaluation foncière),https://donneesouvertes.affmunqc.net/role/RL71040_2026.xml,,,,
"86, Omer-lecompte",,Coteau-du-Lac,,,611.73,2022,175200,298100,473300,2025,Logement,MAMH — Données Québec (rôle d'évaluation foncière),https://donneesouvertes.affmunqc.net/role/RL71040_2026.xml,,,,
"84, Omer-lecompte",,Coteau-du-Lac,,,611.73,2022,175200,289900,465100,2025,Logement,MAMH — Données Québec (rôle d'évaluation foncière),https://donneesouvertes.affmunqc.net/role/RL71040_2026.xml,,,,
"82, Omer-lecompte",,Coteau-du-Lac,,,611.73,2022,175200,308000,483200,2025,Logement,MAMH — Données Québec (rôle d'évaluation foncière),https://donneesouvertes.affmunqc.net/role/RL71040_2026.xml,,,,
"80, Omer-lecompte",,Coteau-du-Lac,,,611.73,2022,175200,308600,483800,2025,Logement,MAMH — Données Québec (rôle d'évaluation foncière),https://donneesouvertes.affmunqc.net/role/RL71040_2026.xml,,,,
"78, Omer-lecompte",,Coteau-du-Lac,,,611.73,2022,175200,308300,483500,2025,Logement,MAMH — Données Québec (rôle d'évaluation foncière),https://donneesouvertes.affmunqc.net/role/RL71040_2026.xml,,,,
"76, Omer-lecompte",,Coteau-du-Lac,,,597.93,2022,173700,308300,482000,2025,Logement,MAMH — Données Québec (rôle d'évaluation foncière),https://donneesouvertes.affmunqc.net/role/RL71040_2026.xml,,,,
"70, Omer-lecompte",,Coteau-du-Lac,,,2540.52,2022,387300,923500,1310800,2025,Logement,MAMH — Données Québec (rôle d'évaluation foncière),https://donneesouvertes.affmunqc.net/role/RL71040_2026.xml,,,,
"60, Omer-lecompte",,Coteau-du-Lac,,,2521.82,2022,385300,926300,1311600,2025,Logement,MAMH — Données Québec (rôle d'évaluation foncière),https://donneesouvertes.affmunqc.net/role/RL71040_2026.xml,,,,
"61, Omer-lecompte",,Coteau-du-Lac,,,614.03,2022,175400,289500,464900,2025,Logement,MAMH — Données Québec (rôle d'évaluation foncière),https://donneesouvertes.affmunqc.net/role/RL71040_2026.xml,,,,
"63, Omer-lecompte",,Coteau-du-Lac,,,517.63,2022,164800,294800,459600,2025,Logement,MAMH — Données Québec (rôle d'évaluation foncière),https://donneesouvertes.affmunqc.net/role/RL71040_2026.xml,,,,
"65, Omer-lecompte",,Coteau-du-Lac,,,617.03,2022,175800,289800,465600,2025,Logement,MAMH — Données Québec (rôle d'évaluation foncière),https://donneesouvertes.affmunqc.net/role/RL71040_2026.xml,,,,
"67, Omer-lecompte",,Coteau-du-Lac,,,624.53,2022,176600,289800,466400,2025,Logement,MAMH — Données Québec (rôle d'évaluation foncière),https://donneesouvertes.affmunqc.net/role/RL71040_2026.xml,,,,
"69, Omer-lecompte",,Coteau-du-Lac,,,611.03,2022,175100,289800,464900,2025,Logement,MAMH — Données Québec (rôle d'évaluation foncière),https://donneesouvertes.affmunqc.net/role/RL71040_2026.xml,,,,
"71, Omer-lecompte",,Coteau-du-Lac,,,611.03,2022,175100,308000,483100,2025,Logement,MAMH — Données Québec (rôle d'évaluation foncière),https://donneesouvertes.affmunqc.net/role/RL71040_2026.xml,,,,
"73, Omer-lecompte",,Coteau-du-Lac,,,611.03,2022,175100,308000,483100,2025,Logement,MAMH — Données Québec (rôle d'évaluation foncière),https://donneesouvertes.affmunqc.net/role/RL71040_2026.xml,,,,
"75, Omer-lecompte",,Coteau-du-Lac,,,611.03,2021,175100,285400,460500,2025,Logement,MAMH — Données Québec (rôle d'évaluation foncière),https://donneesouvertes.affmunqc.net/role/RL71040_2026.xml,,,,
"77, Omer-lecompte",,Coteau-du-Lac,,,611.03,2021,175100,285400,460500,2025,Logement,MAMH — Données Québec (rôle d'évaluation foncière),https://donneesouvertes.affmunqc.net/role/RL71040_2026.xml,,,,
"79, Omer-lecompte",,Coteau-du-Lac,,,611.03,2021,175100,281900,457000,2025,Logement,MAMH — Données Québec (rôle d'évaluation foncière),https://donneesouvertes.affmunqc.net/role/RL71040_2026.xml,,,,
"81, Omer-lecompte",,Coteau-du-Lac,,,611.03,2021,175100,285400,460500,2025,Logement,MAMH — Données Québec (rôle d'évaluation foncière),https://donneesouvertes.affmunqc.net/role/RL71040_2026.xml,,,,
"83, Omer-lecompte",,Coteau-du-Lac,,,611.03,2021,175100,285400,460500,2025,Logement,MAMH — Données Québec (rôle d'évaluation foncière),https://donneesouvertes.affmunqc.net/role/RL71040_2026.xml,,,,
"85, Omer-lecompte",,Coteau-du-Lac,,,611.03,2021,175100,273400,448500,2025,Logement,MAMH — Données Québec (rôle d'évaluation foncière),https://donneesouvertes.affmunqc.net/role/RL71040_2026.xml,,,,
"87, Omer-lecompte",,Coteau-du-Lac,,,612.63,2021,175300,311400,486700,2025,Logement,MAMH — Données Québec (rôle d'évaluation foncière),https://donneesouvertes.affmunqc.net/role/RL71040_2026.xml,,,,
"89, Omer-lecompte",,Coteau-du-Lac,,,594.83,2021,173300,336900,510200,2025,Logement,MAMH — Données Québec (rôle d'évaluation foncière),https://donneesouvertes.affmunqc.net/role/RL71040_2026.xml,,,,
"91, Omer-lecompte",,Coteau-du-Lac,,,592.93,2021,173100,307400,480500,2025,Logement,MAMH — Données Québec (rôle d'évaluation foncière),https://donneesouvertes.affmunqc.net/role/RL71040_2026.xml,,,,
"93, Omer-lecompte",,Coteau-du-Lac,,,592.93,2021,173100,310300,483400,2025,Logement,MAMH — Données Québec (rôle d'évaluation foncière),https://donneesouvertes.affmunqc.net/role/RL71040_2026.xml,,,,
"42, Proulx",,Coteau-du-Lac,,,1310.1,2020,83400,1152800,1236200,2025,Logement,MAMH — Données Québec (rôle d'évaluation foncière),https://donneesouvertes.affmunqc.net/role/RL71040_2026.xml,,,,
"36, Proulx, app. 40",,Coteau-du-Lac,,,1322.9,2020,83700,1152700,1236400,2025,Logement,MAMH — Données Québec (rôle d'évaluation foncière),https://donneesouvertes.affmunqc.net/role/RL71040_2026.xml,,,,
"21, Noyers",,Coteau-du-Lac,,,6260.4,,102100,307900,410000,2025,Industrie,MAMH — Données Québec (rôle d'évaluation foncière),https://donneesouvertes.affmunqc.net/role/RL71040_2026.xml,,,,
"42, Riviere Delisle",,Coteau-du-Lac,,,11109.9,1997,448600,474200,922800,2025,Immeuble à bureaux,MAMH — Données Québec (rôle d'évaluation foncière),https://donneesouvertes.affmunqc.net/role/RL71040_2026.xml,,,,
"40, Riviere Delisle",,Coteau-du-Lac,,,10157.4,2004,428300,408800,837100,2025,Immeuble à bureaux,MAMH — Données Québec (rôle d'évaluation foncière),https://donneesouvertes.affmunqc.net/role/RL71040_2026.xml,,,,
"38, Riviere Delisle",,Coteau-du-Lac,,,8142.5,2006,346100,403000,749100,2025,Immeuble à bureaux,MAMH — Données Québec (rôle d'évaluation foncière),https://donneesouvertes.affmunqc.net/role/RL71040_2026.xml,,,,
"85, 201",,Coteau-du-Lac,,,89427.3,1974,259900,207500,467400,2025,Agricole,MAMH — Données Québec (rôle d'évaluation foncière),https://donneesouvertes.affmunqc.net/role/RL71040_2026.xml,,,,
"99, 201",,Coteau-du-Lac,,,3931.2,1981,171600,472000,643600,2025,Logement,MAMH — Données Québec (rôle d'évaluation foncière),https://donneesouvertes.affmunqc.net/role/RL71040_2026.xml,,,,
"103, 201",,Coteau-du-Lac,,,3807.3,1958,166100,183300,349400,2025,Logement,MAMH — Données Québec (rôle d'évaluation foncière),https://donneesouvertes.affmunqc.net/role/RL71040_2026.xml,,,,
"74, 201",,Coteau-du-Lac,,,292079.8,,1127700,632700,1760400,2025,Agricole,MAMH — Données Québec (rôle d'évaluation foncière),https://donneesouvertes.affmunqc.net/role/RL71040_2026.xml,,,,
"91, 201",,Coteau-du-Lac,,,919.7,1947,82800,238000,320800,2025,Logement,MAMH — Données Québec (rôle d'évaluation foncière),https://donneesouvertes.affmunqc.net/role/RL71040_2026.xml,,,,
"95, 201",,Coteau-du-Lac,,,1419.6,1977,121300,147800,269100,2025,Logement,MAMH — Données Québec (rôle d'évaluation foncière),https://donneesouvertes.affmunqc.net/role/RL71040_2026.xml,,,,
"93, 201",,Coteau-du-Lac,,,1033.1,1969,93000,205700,298700,2025,Logement,MAMH — Données Québec (rôle d'évaluation foncière),https://donneesouvertes.affmunqc.net/role/RL71040_2026.xml,,,,
"166, 201",,Coteau-du-Lac,,,2394.1,1979,146200,225400,371600,2025,Logement,MAMH — Données Québec (rôle d'évaluation foncière),https://donneesouvertes.affmunqc.net/role/RL71040_2026.xml,,,,
"168, 201",,Coteau-du-Lac,,,2510.7,,44600,,44600,2025,Terrain vacant,MAMH — Données Québec (rôle d'évaluation foncière),https://donneesouvertes.affmunqc.net/role/RL71040_2026.xml,,,,
"146, 201",,Coteau-du-Lac,,,6381.1,,179000,306800,485800,2025,Agricole,MAMH — Données Québec (rôle d'évaluation foncière),https://donneesouvertes.affmunqc.net/role/RL71040_2026.xml,,,,
"148, 201",,Coteau-du-Lac,,,2016.1,1967,128100,240800,368900,2025,Logement,MAMH — Données Québec (rôle d'évaluation foncière),https://donneesouvertes.affmunqc.net/role/RL71040_2026.xml,,,,
"156, 201",,Coteau-du-Lac,,,9459.4,1983,190800,329300,520100,2025,Logement,MAMH — Données Québec (rôle d'évaluation foncière),https://donneesouvertes.affmunqc.net/role/RL71040_2026.xml,,,,
"150, 201",,Coteau-du-Lac,,,6714.6,1979,188700,61000,249700,2025,Logement,MAMH — Données Québec (rôle d'évaluation foncière),https://donneesouvertes.affmunqc.net/role/RL71040_2026.xml,,,,
"154, 201",,Coteau-du-Lac,,,5024.3,1973,150700,127600,278300,2025,Logement,MAMH — Données Québec (rôle d'évaluation foncière),https://donneesouvertes.affmunqc.net/role/RL71040_2026.xml,,,,
"131, Riviere Rouge",,Coteau-du-Lac,,,27203.3,1977,204100,216500,420600,2025,Logement,MAMH — Données Québec (rôle d'évaluation foncière),https://donneesouvertes.affmunqc.net/role/RL71040_2026.xml,,,,
"117, 201",,Coteau-du-Lac,,,5000,1907,187400,176800,364200,2025,Logement,MAMH — Données Québec (rôle d'évaluation foncière),https://donneesouvertes.affmunqc.net/role/RL71040_2026.xml,,,,
"123, 201",,Coteau-du-Lac,,,2389.6,1975,164700,429400,594100,2025,Logement,MAMH — Données Québec (rôle d'évaluation foncière),https://donneesouvertes.affmunqc.net/role/RL71040_2026.xml,,,,
"126, 201",,Coteau-du-Lac,,,5087.8,1958,169200,153400,322600,2025,Logement,MAMH — Données Québec (rôle d'évaluation foncière),https://donneesouvertes.affmunqc.net/role/RL71040_2026.xml,,,,
"140, 201",,Coteau-du-Lac,,,8820.6,1960,190300,321300,511600,2025,Logement,MAMH — Données Québec (rôle d'évaluation foncière),https://donneesouvertes.affmunqc.net/role/RL71040_2026.xml,,,,
"127, Riviere Rouge",,Coteau-du-Lac,,,928.9,1973,83600,80400,164000,2025,Logement,MAMH — Données Québec (rôle d'évaluation foncière),https://donneesouvertes.affmunqc.net/role/RL71040_2026.xml,,,,
"124, 201",,Coteau-du-Lac,,,6976.3,1966,188900,284800,473700,2025,Immeuble à bureaux,MAMH — Données Québec (rôle d'évaluation foncière),https://donneesouvertes.affmunqc.net/role/RL71040_2026.xml,,,,
"93, Riviere Rouge",,Coteau-du-Lac,,,3300.1,1940,181800,94500,276300,2025,Logement,MAMH — Données Québec (rôle d'évaluation foncière),https://donneesouvertes.affmunqc.net/role/RL71040_2026.xml,,,,
"114, Riviere Rouge",,Coteau-du-Lac,,,2787.1,1997,174300,328900,503200,2025,Logement,MAMH — Données Québec (rôle d'évaluation foncière),https://donneesouvertes.affmunqc.net/role/RL71040_2026.xml,,,,
"81, Riviere Rouge",,Coteau-du-Lac,,,2943.3,1986,181200,505500,686700,2025,Logement,MAMH — Données Québec (rôle d'évaluation foncière),https://donneesouvertes.affmunqc.net/role/RL71040_2026.xml,,,,
"79, Riviere Rouge",,Coteau-du-Lac,,,2800.1,1880,159900,226500,386400,2025,Logement,MAMH — Données Québec (rôle d'évaluation foncière),https://donneesouvertes.affmunqc.net/role/RL71040_2026.xml,,,,
"200, 201",,Coteau-du-Lac,,,10869.5,2001,163100,375900,539000,2025,Logement,MAMH — Données Québec (rôle d'évaluation foncière),https://donneesouvertes.affmunqc.net/role/RL71040_2026.xml,,,,
"189, Riviere Rouge",,Coteau-du-Lac,,,6226.1,,172600,61600,234200,2025,Logement,MAMH — Données Québec (rôle d'évaluation foncière),https://donneesouvertes.affmunqc.net/role/RL71040_2026.xml,,,,
"187, Riviere Rouge",,Coteau-du-Lac,,,8453.7,,174500,,174500,2025,Terrain vacant,MAMH — Données Québec (rôle d'évaluation foncière),https://donneesouvertes.affmunqc.net/role/RL71040_2026.xml,,,,
"193, Riviere Rouge",,Coteau-du-Lac,,,7050.6,2018,179700,524300,704000,2025,Logement,MAMH — Données Québec (rôle d'évaluation foncière),https://donneesouvertes.affmunqc.net/role/RL71040_2026.xml,,,,
"191, Riviere Rouge",,Coteau-du-Lac,,,6860.1,,173500,1900,175400,2025,Logement,MAMH — Données Québec (rôle d'évaluation foncière),https://donneesouvertes.affmunqc.net/role/RL71040_2026.xml,,,,
"208, Riviere Rouge",,Coteau-du-Lac,,,18909.7,1945,197900,137000,334900,2025,Logement,MAMH — Données Québec (rôle d'évaluation foncière),https://donneesouvertes.affmunqc.net/role/RL71040_2026.xml,,,,
"201, 201",,Coteau-du-Lac,,,5209,,13300,,13300,2025,Terrain vacant,MAMH — Données Québec (rôle d'évaluation foncière),https://donneesouvertes.affmunqc.net/role/RL71040_2026.xml,,,,
"167, Riviere Rouge",,Coteau-du-Lac,,,22035,2001,200200,279800,480000,2025,Logement,MAMH — Données Québec (rôle d'évaluation foncière),https://donneesouvertes.affmunqc.net/role/RL71040_2026.xml,,,,
"148, Riviere Rouge",,Coteau-du-Lac,,,5000,,187400,137700,325100,2025,Agricole,MAMH — Données Québec (rôle d'évaluation foncière),https://donneesouvertes.affmunqc.net/role/RL71040_2026.xml,,,,
"188, Riviere Rouge",,Coteau-du-Lac,,,401346.9,,2006700,152700,2159400,2025,Agricole,MAMH — Données Québec (rôle d'évaluation foncière),https://donneesouvertes.affmunqc.net/role/RL71040_2026.xml,,,,
"158, Riviere Rouge",,Coteau-du-Lac,,,209655.1,,1025900,,1025900,2025,Agricole,MAMH — Données Québec (rôle d'évaluation foncière),https://donneesouvertes.affmunqc.net/role/RL71040_2026.xml,,,,
"228, Riviere Rouge",,Coteau-du-Lac,,,414904.1,,2074500,,2074500,2025,Agricole,MAMH — Données Québec (rôle d'évaluation foncière),https://donneesouvertes.affmunqc.net/role/RL71040_2026.xml,,,,
"319, Saint-emmanuel",,Coteau-du-Lac,,,215356.4,,1076800,,1076800,2025,Agricole,MAMH — Données Québec (rôle d'évaluation foncière),https://donneesouvertes.affmunqc.net/role/RL71040_2026.xml,,,,
"303, Saint-emmanuel",,Coteau-du-Lac,,,199004.5,,995000,,995000,2025,Agricole,MAMH — Données Québec (rôle d'évaluation foncière),https://donneesouvertes.affmunqc.net/role/RL71040_2026.xml,,,,
"317, Saint-emmanuel",,Coteau-du-Lac,,,236340.1,,1181700,,1181700,2025,Agricole,MAMH — Données Québec (rôle d'évaluation foncière),https://donneesouvertes.affmunqc.net/role/RL71040_2026.xml,,,,
"214, Fleuve",,Coteau-du-Lac,,,2783.4,1961,446700,301100,747800,2025,Logement,MAMH — Données Québec (rôle d'évaluation foncière),https://donneesouvertes.affmunqc.net/role/RL71040_2026.xml,,,,
"218, Fleuve",,Coteau-du-Lac,,,1431.1,1964,348800,177000,525800,2025,Logement,MAMH — Données Québec (rôle d'évaluation foncière),https://donneesouvertes.affmunqc.net/role/RL71040_2026.xml,,,,
"220, Fleuve",,Coteau-du-Lac,,,1457.2,1973,351800,181800,533600,2025,Logement,MAMH — Données Québec (rôle d'évaluation foncière),https://donneesouvertes.affmunqc.net/role/RL71040_2026.xml,,,,
"222, Fleuve",,Coteau-du-Lac,,,1486.3,1976,355200,344200,699400,2025,Logement,MAMH — Données Québec (rôle d'évaluation foncière),https://donneesouvertes.affmunqc.net/role/RL71040_2026.xml,,,,
"224, Fleuve",,Coteau-du-Lac,,,1528,1996,360100,332600,692700,2025,Logement,MAMH — Données Québec (rôle d'évaluation foncière),https://donneesouvertes.affmunqc.net/role/RL71040_2026.xml,,,,
"226, Fleuve",,Coteau-du-Lac,,,2296.1,2019,366400,537900,904300,2025,Logement,MAMH — Données Québec (rôle d'évaluation foncière),https://donneesouvertes.affmunqc.net/role/RL71040_2026.xml,,,,
"230, Fleuve",,Coteau-du-Lac,,,2274.7,1979,366300,227400,593700,2025,Logement,MAMH — Données Québec (rôle d'évaluation foncière),https://donneesouvertes.affmunqc.net/role/RL71040_2026.xml,,,,
"227, Fleuve",,Coteau-du-Lac,,,1295.2,1983,224900,263100,488000,2025,Logement,MAMH — Données Québec (rôle d'évaluation foncière),https://donneesouvertes.affmunqc.net/role/RL71040_2026.xml,,,,
"229, Fleuve",,Coteau-du-Lac,,,3817.6,1955,383300,247700,631000,2025,Logement,MAMH — Données Québec (rôle d'évaluation foncière),https://donneesouvertes.affmunqc.net/role/RL71040_2026.xml,,,,
"232, Fleuve",,Coteau-du-Lac,,,1737.8,1961,363600,295200,658800,2025,Logement,MAMH — Données Québec (rôle d'évaluation foncière),https://donneesouvertes.affmunqc.net/role/RL71040_2026.xml,,,,
"237, Fleuve",,Coteau-du-Lac,,,1100.5,1988,283900,422500,706400,2025,Industrie,MAMH — Données Québec (rôle d'évaluation foncière),https://donneesouvertes.affmunqc.net/role/RL71040_2026.xml,,,,
"241, Fleuve",,Coteau-du-Lac,,,3988.5,,383800,103200,487000,2025,Agricole,MAMH — Données Québec (rôle d'évaluation foncière),https://donneesouvertes.affmunqc.net/role/RL71040_2026.xml,,,,
"234, Fleuve",,Coteau-du-Lac,,,11182.7,1976,2071100,3790200,5861300,2025,Immeuble commercial,MAMH — Données Québec (rôle d'évaluation foncière),https://donneesouvertes.affmunqc.net/role/RL71040_2026.xml,,,,
"240, Fleuve",,Coteau-du-Lac,,,1974.2,1992,364800,555700,920500,2025,Logement,MAMH — Données Québec (rôle d'évaluation foncière),https://donneesouvertes.affmunqc.net/role/RL71040_2026.xml,,,,
"242, Fleuve",,Coteau-du-Lac,,,3485.1,1959,580000,797100,1377100,2025,Logement,MAMH — Données Québec (rôle d'évaluation foncière),https://donneesouvertes.affmunqc.net/role/RL71040_2026.xml,,,,
148 14,,Coteau-du-Lac,,,696.8,,600,,600,2025,Agricole,MAMH — Données Québec (rôle d'évaluation foncière),https://donneesouvertes.affmunqc.net/role/RL71040_2026.xml,,,,
"247, Fleuve",,Coteau-du-Lac,,,1897.9,2000,228800,473000,701800,2025,Logement,MAMH — Données Québec (rôle d'évaluation foncière),https://donneesouvertes.affmunqc.net/role/RL71040_2026.xml,,,,
"251, Fleuve",,Coteau-du-Lac,,,1314.5,1999,226600,306800,533400,2025,Logement,MAMH — Données Québec (rôle d'évaluation foncière),https://donneesouvertes.affmunqc.net/role/RL71040_2026.xml,,,,
"253, Fleuve",,Coteau-du-Lac,,,728.9,1976,159800,350800,510600,2025,Logement,MAMH — Données Québec (rôle d'évaluation foncière),https://donneesouvertes.affmunqc.net/role/RL71040_2026.xml,,,,
"255, Fleuve",,Coteau-du-Lac,,,697.5,1976,157400,275900,433300,2025,Logement,MAMH — Données Québec (rôle d'évaluation foncière),https://donneesouvertes.affmunqc.net/role/RL71040_2026.xml,,,,
"246, Fleuve",,Coteau-du-Lac,,,141.2,,80300,,80300,2025,Terrain vacant,MAMH — Données Québec (rôle d'évaluation foncière),https://donneesouvertes.affmunqc.net/role/RL71040_2026.xml,,,,
"244, Fleuve",,Coteau-du-Lac,,,454.2,1991,188000,299800,487800,2025,Logement,MAMH — Données Québec (rôle d'évaluation foncière),https://donneesouvertes.affmunqc.net/role/RL71040_2026.xml,,,,
"248, Fleuve",,Coteau-du-Lac,,,128.3,,77100,,77100,2025,Terrain vacant,MAMH — Données Québec (rôle d'évaluation foncière),https://donneesouvertes.affmunqc.net/role/RL71040_2026.xml,,,,
1 687 292,,Coteau-du-Lac,,,23931.5,,,,0,2025,Terrain vacant,MAMH — Données Québec (rôle d'évaluation foncière),https://donneesouvertes.affmunqc.net/role/RL71040_2026.xml,,,,
"250, Fleuve",,Coteau-du-Lac,,,1209.6,1965,290600,315300,605900,2025,Logement,MAMH — Données Québec (rôle d'évaluation foncière),https://donneesouvertes.affmunqc.net/role/RL71040_2026.xml,,,,
"252, Fleuve",,Coteau-du-Lac,,,1177.2,1973,287200,244900,532100,2025,Logement,MAMH — Données Québec (rôle d'évaluation foncière),https://donneesouvertes.affmunqc.net/role/RL71040_2026.xml,,,,
"254, Fleuve",,Coteau-du-Lac,,,1157.1,1987,285100,285200,570300,2025,Logement,MAMH — Données Québec (rôle d'évaluation foncière),https://donneesouvertes.affmunqc.net/role/RL71040_2026.xml,,,,
"258, Fleuve",,Coteau-du-Lac,,,2335.7,1973,407000,152200,559200,2025,Logement,MAMH — Données Québec (rôle d'évaluation foncière),https://donneesouvertes.affmunqc.net/role/RL71040_2026.xml,,,,
"260, Fleuve",,Coteau-du-Lac,,,4741.7,1983,413200,201600,614800,2025,Logement,MAMH — Données Québec (rôle d'évaluation foncière),https://donneesouvertes.affmunqc.net/role/RL71040_2026.xml,,,,
"231, Fleuve",,Coteau-du-Lac,,,65907.6,2020,3163600,692500,3856100,2025,Institutionnel,MAMH — Données Québec (rôle d'évaluation foncière),https://donneesouvertes.affmunqc.net/role/RL71040_2026.xml,,,,
"122, Abeilles",,Coteau-du-Lac,,,642.4,1987,183100,348600,531700,2025,Logement,MAMH — Données Québec (rôle d'évaluation foncière),https://donneesouvertes.affmunqc.net/role/RL71040_2026.xml,,,,
"124, Abeilles",,Coteau-du-Lac,,,557.4,1984,158900,340100,499000,2025,Logement,MAMH — Données Québec (rôle d'évaluation foncière),https://donneesouvertes.affmunqc.net/role/RL71040_2026.xml,,,,
"126, Abeilles",,Coteau-du-Lac,,,557.4,1989,158900,329000,487900,2025,Logement,MAMH — Données Québec (rôle d'évaluation foncière),https://donneesouvertes.affmunqc.net/role/RL71040_2026.xml,,,,
"128, Abeilles",,Coteau-du-Lac,,,696.8,1987,191600,282200,473800,2025,Logement,MAMH — Données Québec (rôle d'évaluation foncière),https://donneesouvertes.affmunqc.net/role/RL71040_2026.xml,,,,
"130, Abeilles",,Coteau-du-Lac,,,696.8,1988,191600,337300,528900,2025,Logement,MAMH — Données Québec (rôle d'évaluation foncière),https://donneesouvertes.affmunqc.net/role/RL71040_2026.xml,,,,
"114, Abeilles",,Coteau-du-Lac,,,636.7,1988,181500,343900,525400,2025,Logement,MAMH — Données Québec (rôle d'évaluation foncière),https://donneesouvertes.affmunqc.net/role/RL71040_2026.xml,,,,
"116, Abeilles",,Coteau-du-Lac,,,600,1987,171000,194100,365100,2025,Logement,MAMH — Données Québec (rôle d'évaluation foncière),https://donneesouvertes.affmunqc.net/role/RL71040_2026.xml,,,,
"118, Abeilles",,Coteau-du-Lac,,,583,1988,166200,253400,419600,2025,Logement,MAMH — Données Québec (rôle d'évaluation foncière),https://donneesouvertes.affmunqc.net/role/RL71040_2026.xml,,,,
"120, Abeilles",,Coteau-du-Lac,,,630.5,1987,179700,223000,402700,2025,Logement,MAMH — Données Québec (rôle d'évaluation foncière),https://donneesouvertes.affmunqc.net/role/RL71040_2026.xml,,,,
"93, Abeilles",,Coteau-du-Lac,,,794.2,1989,200800,297500,498300,2025,Logement,MAMH — Données Québec (rôle d'évaluation foncière),https://donneesouvertes.affmunqc.net/role/RL71040_2026.xml,,,,
"95, Abeilles",,Coteau-du-Lac,,,664.3,1987,188500,226500,415000,2025,Logement,MAMH — Données Québec (rôle d'évaluation foncière),https://donneesouvertes.affmunqc.net/role/RL71040_2026.xml,,,,
"97, Abeilles",,Coteau-du-Lac,,,730.6,1987,194800,340100,534900,2025,Logement,MAMH — Données Québec (rôle d'évaluation foncière),https://donneesouvertes.affmunqc.net/role/RL71040_2026.xml,,,,
"112, Abeilles",,Coteau-du-Lac,,,974.5,1987,218000,319200,537200,2025,Logement,MAMH — Données Québec (rôle d'évaluation foncière),https://donneesouvertes.affmunqc.net/role/RL71040_2026.xml,,,,
"89, Abeilles",,Coteau-du-Lac,,,913.7,1996,201600,301100,502700,2025,Logement,MAMH — Données Québec (rôle d'évaluation foncière),https://donneesouvertes.affmunqc.net/role/RL71040_2026.xml,,,,
"87, Abeilles",,Coteau-du-Lac,,,645.6,1990,184000,266600,450600,2025,Logement,MAMH — Données Québec (rôle d'évaluation foncière),https://donneesouvertes.affmunqc.net/role/RL71040_2026.xml,,,,
"91, Abeilles",,Coteau-du-Lac,,,885.5,1987,199000,333400,532400,2025,Logement,MAMH — Données Québec (rôle d'évaluation foncière),https://donneesouvertes.affmunqc.net/role/RL71040_2026.xml,,,,
"21, Colibris",,Coteau-du-Lac,,,570.6,1988,162600,321200,483800,2025,Logement,MAMH — Données Québec (rôle d'évaluation foncière),https://donneesouvertes.affmunqc.net/role/RL71040_2026.xml,,,,
"23, Colibris",,Coteau-du-Lac,,,627.6,1987,178900,216400,395300,2025,Logement,MAMH — Données Québec (rôle d'évaluation foncière),https://donneesouvertes.affmunqc.net/role/RL71040_2026.xml,,,,
"25, Colibris",,Coteau-du-Lac,,,678.1,1988,189800,319500,509300,2025,Logement,MAMH — Données Québec (rôle d'évaluation foncière),https://donneesouvertes.affmunqc.net/role/RL71040_2026.xml,,,,
"20, Colibris",,Coteau-du-Lac,,,748.2,1989,196500,281600,478100,2025,Logement,MAMH — Données Québec (rôle d'évaluation foncière),https://donneesouvertes.affmunqc.net/role/RL71040_2026.xml,,,,
"100, Abeilles",,Coteau-du-Lac,,,854,1992,217400,271400,488800,2025,Logement,MAMH — Données Québec (rôle d'évaluation foncière),https://donneesouvertes.affmunqc.net/role/RL71040_2026.xml,,,,
"98, Abeilles",,Coteau-du-Lac,,,855.4,1995,217500,274900,492400,2025,Logement,MAMH — Données Québec (rôle d'évaluation foncière),https://donneesouvertes.affmunqc.net/role/RL71040_2026.xml,,,,
"96, Abeilles",,Coteau-du-Lac,,,855.3,1991,217500,242700,460200,2025,Logement,MAMH — Données Québec (rôle d'évaluation foncière),https://donneesouvertes.affmunqc.net/role/RL71040_2026.xml,,,,
"94, Abeilles",,Coteau-du-Lac,,,853.9,1995,217400,440400,657800,2025,Logement,MAMH — Données Québec (rôle d'évaluation foncière),https://donneesouvertes.affmunqc.net/role/RL71040_2026.xml,,,,
"85, Abeilles",,Coteau-du-Lac,,,673.3,1994,189400,369700,559100,2025,Logement,MAMH — Données Québec (rôle d'évaluation foncière),https://donneesouvertes.affmunqc.net/role/RL71040_2026.xml,,,,
"83, Abeilles",,Coteau-du-Lac,,,677.6,1995,189800,345500,535300,2025,Logement,MAMH — Données Québec (rôle d'évaluation foncière),https://donneesouvertes.affmunqc.net/role/RL71040_2026.xml,,,,
"39, Merles",,Coteau-du-Lac,,,866.2,1992,207700,466100,673800,2025,Logement,MAMH — Données Québec (rôle d'évaluation foncière),https://donneesouvertes.affmunqc.net/role/RL71040_2026.xml,,,,
"37, Merles",,Coteau-du-Lac,,,748.1,1991,196500,269500,466000,2025,Logement,MAMH — Données Québec (rôle d'évaluation foncière),https://donneesouvertes.affmunqc.net/role/RL71040_2026.xml,,,,
"52, Merles",,Coteau-du-Lac,,,927.2,1991,213500,290500,504000,2025,Logement,MAMH — Données Québec (rôle d'évaluation foncière),https://donneesouvertes.affmunqc.net/role/RL71040_2026.xml,,,,
"27, Colibris",,Coteau-du-Lac,,,709.1,1987,192800,262700,455500,2025,Logement,MAMH — Données Québec (rôle d'évaluation foncière),https://donneesouvertes.affmunqc.net/role/RL71040_2026.xml,,,,
"92, Abeilles",,Coteau-du-Lac,,,912.3,1992,223200,369000,592200,2025,Logement,MAMH — Données Québec (rôle d'évaluation foncière),https://donneesouvertes.affmunqc.net/role/RL71040_2026.xml,,,,
"90, Abeilles",,Coteau-du-Lac,,,871.1,,219100,,219100,2025,Terrain vacant,MAMH — Données Québec (rôle d'évaluation foncière),https://donneesouvertes.affmunqc.net/role/RL71040_2026.xml,,,,
"88, Abeilles",,Coteau-du-Lac,,,881.4,1991,220100,429400,649500,2025,Logement,MAMH — Données Québec (rôle d'évaluation foncière),https://donneesouvertes.affmunqc.net/role/RL71040_2026.xml,,,,
"86, Abeilles",,Coteau-du-Lac,,,890.4,1991,221000,240200,461200,2025,Logement,MAMH — Données Québec (rôle d'évaluation foncière),https://donneesouvertes.affmunqc.net/role/RL71040_2026.xml,,,,
"84, Abeilles",,Coteau-du-Lac,,,897.9,1994,221800,335400,557200,2025,Logement,MAMH — Données Québec (rôle d'évaluation foncière),https://donneesouvertes.affmunqc.net/role/RL71040_2026.xml,,,,
"82, Abeilles",,Coteau-du-Lac,,,904.1,1991,222400,336900,559300,2025,Logement,MAMH — Données Québec (rôle d'évaluation foncière),https://donneesouvertes.affmunqc.net/role/RL71040_2026.xml,,,,
"80, Abeilles",,Coteau-du-Lac,,,908.8,1993,222900,339500,562400,2025,Logement,MAMH — Données Québec (rôle d'évaluation foncière),https://donneesouvertes.affmunqc.net/role/RL71040_2026.xml,,,,
"78, Abeilles",,Coteau-du-Lac,,,912,1992,223200,330400,553600,2025,Logement,MAMH — Données Québec (rôle d'évaluation foncière),https://donneesouvertes.affmunqc.net/role/RL71040_2026.xml,,,,
"3, Guy-lauzon",,Coteau-du-Lac,,,1211,2016,237900,467700,705600,2025,Logement,MAMH — Données Québec (rôle d'évaluation foncière),https://donneesouvertes.affmunqc.net/role/RL71040_2026.xml,,,,
"134, Abeilles",,Coteau-du-Lac,,,1003.5,1981,181200,315600,496800,2025,Logement,MAMH — Données Québec (rôle d'évaluation foncière),https://donneesouvertes.affmunqc.net/role/RL71040_2026.xml,,,,
"136, Abeilles",,Coteau-du-Lac,,,696.8,1979,157300,270500,427800,2025,Logement,MAMH — Données Québec (rôle d'évaluation foncière),https://donneesouvertes.affmunqc.net/role/RL71040_2026.xml,,,,
"138, Abeilles",,Coteau-du-Lac,,,835.5,1979,168100,365700,533800,2025,Logement,MAMH — Données Québec (rôle d'évaluation foncière),https://donneesouvertes.affmunqc.net/role/RL71040_2026.xml,,,,
"140, Abeilles",,Coteau-du-Lac,,,804.4,1979,165700,383800,549500,2025,Logement,MAMH — Données Québec (rôle d'évaluation foncière),https://donneesouvertes.affmunqc.net/role/RL71040_2026.xml,,,,
"61, Bourbonnais",,Coteau-du-Lac,,,1587.4,1978,207300,317400,524700,2025,Logement,MAMH — Données Québec (rôle d'évaluation foncière),https://donneesouvertes.affmunqc.net/role/RL71040_2026.xml,,,,
"132, Abeilles",,Coteau-du-Lac,,,739.6,1999,195700,519000,714700,2025,Logement,MAMH — Données Québec (rôle d'évaluation foncière),https://donneesouvertes.affmunqc.net/role/RL71040_2026.xml,,,,
"101, Abeilles",,Coteau-du-Lac,,,743.2,1993,196000,356400,552400,2025,Logement,MAMH — Données Québec (rôle d'évaluation foncière),https://donneesouvertes.affmunqc.net/role/RL71040_2026.xml,,,,
"103, Abeilles",,Coteau-du-Lac,,,696.8,1993,191600,357900,549500,2025,Logement,MAMH — Données Québec (rôle d'évaluation foncière),https://donneesouvertes.affmunqc.net/role/RL71040_2026.xml,,,,
"105, Abeilles",,Coteau-du-Lac,,,696.8,1988,191600,272900,464500,2025,Logement,MAMH — Données Québec (rôle d'évaluation foncière),https://donneesouvertes.affmunqc.net/role/RL71040_2026.xml,,,,
"107, Abeilles",,Coteau-du-Lac,,,678.8,1987,189900,248700,438600,2025,Logement,MAMH — Données Québec (rôle d'évaluation foncière),https://donneesouvertes.affmunqc.net/role/RL71040_2026.xml,,,,
"46, Quinlan",,Coteau-du-Lac,,,629,1987,179300,302600,481900,2025,Logement,MAMH — Données Québec (rôle d'évaluation foncière),https://donneesouvertes.affmunqc.net/role/RL71040_2026.xml,,,,
"58, Bourbonnais",,Coteau-du-Lac,,,783.7,1981,164100,310500,474600,2025,Logement,MAMH — Données Québec (rôle d'évaluation foncière),https://donneesouvertes.affmunqc.net/role/RL71040_2026.xml,,,,
"48, Quinlan",,Coteau-du-Lac,,,667.9,1987,188900,247200,436100,2025,Logement,MAMH — Données Québec (rôle d'évaluation foncière),https://donneesouvertes.affmunqc.net/role/RL71040_2026.xml,,,,
"56, Bourbonnais",,Coteau-du-Lac,,,696.8,1979,157300,285900,443200,2025,Logement,MAMH — Données Québec (rôle d'évaluation foncière),https://donneesouvertes.affmunqc.net/role/RL71040_2026.xml,,,,
"54, Bourbonnais",,Coteau-du-Lac,,,697.1,1979,157300,248400,405700,2025,Logement,MAMH — Données Québec (rôle d'évaluation foncière),https://donneesouvertes.affmunqc.net/role/RL71040_2026.xml,,,,
"35, Quinlan",,Coteau-du-Lac,,,699.8,1986,191900,258600,450500,2025,Logement,MAMH — Données Québec (rôle d'évaluation foncière),https://donneesouvertes.affmunqc.net/role/RL71040_2026.xml,,,,
"21, Merles",,Coteau-du-Lac,,,697.9,1989,191700,350800,542500,2025,Logement,MAMH — Données Québec (rôle d'évaluation foncière),https://donneesouvertes.affmunqc.net/role/RL71040_2026.xml,,,,
"99, Abeilles",,Coteau-du-Lac,,,877.7,1992,208800,386200,595000,2025,Logement,MAMH — Données Québec (rôle d'évaluation foncière),https://donneesouvertes.affmunqc.net/role/RL71040_2026.xml,,,,
"23, Merles",,Coteau-du-Lac,,,650.3,1989,185300,438600,623900,2025,Logement,MAMH — Données Québec (rôle d'évaluation foncière),https://donneesouvertes.affmunqc.net/role/RL71040_2026.xml,,,,
"20, Merles",,Coteau-du-Lac,,,818.5,1989,203200,364800,568000,2025,Logement,MAMH — Données Québec (rôle d'évaluation foncière),https://donneesouvertes.affmunqc.net/role/RL71040_2026.xml,,,,
"22, Merles",,Coteau-du-Lac,,,682.8,1987,190300,260400,450700,2025,Logement,MAMH — Données Québec (rôle d'évaluation foncière),https://donneesouvertes.affmunqc.net/role/RL71040_2026.xml,,,,
"44, Quinlan",,Coteau-du-Lac,,,1540,1987,251900,416100,668000,2025,Logement,MAMH — Données Québec (rôle d'évaluation foncière),https://donneesouvertes.affmunqc.net/role/RL71040_2026.xml,,,,
"24, Merles",,Coteau-du-Lac,,,585.3,1988,166800,293400,460200,2025,Logement,MAMH — Données Québec (rôle d'évaluation foncière),https://donneesouvertes.affmunqc.net/role/RL71040_2026.xml,,,,
"40, Quinlan",,Coteau-du-Lac,,,585.3,1985,166800,302000,468800,2025,Logement,MAMH — Données Québec (rôle d'évaluation foncière),https://donneesouvertes.affmunqc.net/role/RL71040_2026.xml,,,,
"26, Merles",,Coteau-du-Lac,,,585.3,1987,166800,341000,507800,2025,Logement,MAMH — Données Québec (rôle d'évaluation foncière),https://donneesouvertes.affmunqc.net/role/RL71040_2026.xml,,,,
"38, Quinlan",,Coteau-du-Lac,,,585.3,1986,166800,248600,415400,2025,Logement,MAMH — Données Québec (rôle d'évaluation foncière),https://donneesouvertes.affmunqc.net/role/RL71040_2026.xml,,,,
"36, Quinlan",,Coteau-du-Lac,,,585.3,1986,166800,223900,390700,2025,Logement,MAMH — Données Québec (rôle d'évaluation foncière),https://donneesouvertes.affmunqc.net/role/RL71040_2026.xml,,,,
"22, Colibris",,Coteau-du-Lac,,,622.5,1988,177400,300000,477400,2025,Logement,MAMH — Données Québec (rôle d'évaluation foncière),https://donneesouvertes.affmunqc.net/role/RL71040_2026.xml,,,,
"24, Colibris",,Coteau-du-Lac,,,622.5,1990,177400,296600,474000,2025,Logement,MAMH — Données Québec (rôle d'évaluation foncière),https://donneesouvertes.affmunqc.net/role/RL71040_2026.xml,,,,
"26, Colibris",,Coteau-du-Lac,,,622.5,1989,177400,249200,426600,2025,Logement,MAMH — Données Québec (rôle d'évaluation foncière),https://donneesouvertes.affmunqc.net/role/RL71040_2026.xml,,,,
"25, Merles",,Coteau-du-Lac,,,622.5,1988,177400,269300,446700,2025,Logement,MAMH — Données Québec (rôle d'évaluation foncière),https://donneesouvertes.affmunqc.net/role/RL71040_2026.xml,,,,
"28, Colibris",,Coteau-du-Lac,,,622.5,1989,177400,291500,468900,2025,Logement,MAMH — Données Québec (rôle d'évaluation foncière),https://donneesouvertes.affmunqc.net/role/RL71040_2026.xml,,,,
"27, Merles",,Coteau-du-Lac,,,622.5,1988,177400,211900,389300,2025,Logement,MAMH — Données Québec (rôle d'évaluation foncière),https://donneesouvertes.affmunqc.net/role/RL71040_2026.xml,,,,
"30, Colibris",,Coteau-du-Lac,,,688.8,1990,190800,399700,590500,2025,Logement,MAMH — Données Québec (rôle d'évaluation foncière),https://donneesouvertes.affmunqc.net/role/RL71040_2026.xml,,,,
"29, Merles",,Coteau-du-Lac,,,622.5,1989,177400,425500,602900,2025,Logement,MAMH — Données Québec (rôle d'évaluation foncière),https://donneesouvertes.affmunqc.net/role/RL71040_2026.xml,,,,
"31, Merles",,Coteau-du-Lac,,,622.5,1990,177400,303200,480600,2025,Logement,MAMH — Données Québec (rôle d'évaluation foncière),https://donneesouvertes.affmunqc.net/role/RL71040_2026.xml,,,,
"33, Merles",,Coteau-du-Lac,,,688.7,1990,190800,287500,478300,2025,Logement,MAMH — Données Québec (rôle d'évaluation foncière),https://donneesouvertes.affmunqc.net/role/RL71040_2026.xml,,,,
"28, Merles",,Coteau-du-Lac,,,581.3,1988,165700,225400,391100,2025,Logement,MAMH — Données Québec (rôle d'évaluation foncière),https://donneesouvertes.affmunqc.net/role/RL71040_2026.xml,,,,
"30, Merles",,Coteau-du-Lac,,,569.5,1988,162300,248200,410500,2025,Logement,MAMH — Données Québec (rôle d'évaluation foncière),https://donneesouvertes.affmunqc.net/role/RL71040_2026.xml,,,,
"35, Merles",,Coteau-du-Lac,,,793.9,1991,200800,380900,581700,2025,Logement,MAMH — Données Québec (rôle d'évaluation foncière),https://donneesouvertes.affmunqc.net/role/RL71040_2026.xml,,,,
"50, Merles",,Coteau-du-Lac,,,836.1,1990,204800,298800,503600,2025,Logement,MAMH — Données Québec (rôle d'évaluation foncière),https://donneesouvertes.affmunqc.net/role/RL71040_2026.xml,,,,
"48, Merles",,Coteau-du-Lac,,,606.8,1988,172900,344000,516900,2025,Logement,MAMH — Données Québec (rôle d'évaluation foncière),https://donneesouvertes.affmunqc.net/role/RL71040_2026.xml,,,,
"46, Merles",,Coteau-du-Lac,,,622.5,1988,177400,298700,476100,2025,Logement,MAMH — Données Québec (rôle d'évaluation foncière),https://donneesouvertes.affmunqc.net/role/RL71040_2026.xml,,,,
"43, Mesanges",,Coteau-du-Lac,,,793.3,2001,200800,423400,624200,2025,Logement,MAMH — Données Québec (rôle d'évaluation foncière),https://donneesouvertes.affmunqc.net/role/RL71040_2026.xml,,,,
"44, Merles",,Coteau-du-Lac,,,622.5,1990,177400,348700,526100,2025,Logement,MAMH — Données Québec (rôle d'évaluation foncière),https://donneesouvertes.affmunqc.net/role/RL71040_2026.xml,,,,
"41, Mesanges",,Coteau-du-Lac,,,557.8,2004,159000,281600,440600,2025,Logement,MAMH — Données Québec (rôle d'évaluation foncière),https://donneesouvertes.affmunqc.net/role/RL71040_2026.xml,,,,
"42, Merles",,Coteau-du-Lac,,,622.5,1988,177400,301000,478400,2025,Logement,MAMH — Données Québec (rôle d'évaluation foncière),https://donneesouvertes.affmunqc.net/role/RL71040_2026.xml,,,,
"39, Mesanges",,Coteau-du-Lac,,,608,1999,173300,442900,616200,2025,Logement,MAMH — Données Québec (rôle d'évaluation foncière),https://donneesouvertes.affmunqc.net/role/RL71040_2026.xml,,,,
"77, Abeilles",,Coteau-du-Lac,,,698.1,1996,191700,469500,661200,2025,Logement,MAMH — Données Québec (rôle d'évaluation foncière),https://donneesouvertes.affmunqc.net/role/RL71040_2026.xml,,,,
"75, Abeilles",,Coteau-du-Lac,,,626.3,1991,178500,222400,400900,2025,Logement,MAMH — Données Québec (rôle d'évaluation foncière),https://donneesouvertes.affmunqc.net/role/RL71040_2026.xml,,,,
"73, Abeilles",,Coteau-du-Lac,,,622.2,2000,177300,423700,601000,2025,Logement,MAMH — Données Québec (rôle d'évaluation foncière),https://donneesouvertes.affmunqc.net/role/RL71040_2026.xml,,,,
"71, Abeilles",,Coteau-du-Lac,,,618.1,1994,176200,274800,451000,2025,Logement,MAMH — Données Québec (rôle d'évaluation foncière),https://donneesouvertes.affmunqc.net/role/RL71040_2026.xml,,,,
"69, Abeilles",,Coteau-du-Lac,,,614,1992,175000,259200,434200,2025,Logement,MAMH — Données Québec (rôle d'évaluation foncière),https://donneesouvertes.affmunqc.net/role/RL71040_2026.xml,,,,
"45, Mesanges",,Coteau-du-Lac,,,1253.3,1995,244500,436200,680700,2025,Logement,MAMH — Données Québec (rôle d'évaluation foncière),https://donneesouvertes.affmunqc.net/role/RL71040_2026.xml,,,,
"67, Abeilles",,Coteau-du-Lac,,,609.9,1990,173800,231600,405400,2025,Logement,MAMH — Données Québec (rôle d'évaluation foncière),https://donneesouvertes.affmunqc.net/role/RL71040_2026.xml,,,,
"47, Mesanges",,Coteau-du-Lac,,,684.7,1998,190400,373400,563800,2025,Logement,MAMH — Données Québec (rôle d'évaluation foncière),https://donneesouvertes.affmunqc.net/role/RL71040_2026.xml,,,,
"49, Mesanges",,Coteau-du-Lac,,,642.6,2000,183100,360700,543800,2025,Logement,MAMH — Données Québec (rôle d'évaluation foncière),https://donneesouvertes.affmunqc.net/role/RL71040_2026.xml,,,,
"51, Mesanges",,Coteau-du-Lac,,,642.6,2003,183100,471800,654900,2025,Logement,MAMH — Données Québec (rôle d'évaluation foncière),https://donneesouvertes.affmunqc.net/role/RL71040_2026.xml,,,,
"53, Mesanges",,Coteau-du-Lac,,,642.6,2004,183100,445000,628100,2025,Logement,MAMH — Données Québec (rôle d'évaluation foncière),https://donneesouvertes.affmunqc.net/role/RL71040_2026.xml,,,,
"55, Mesanges",,Coteau-du-Lac,,,642.6,1997,183100,442600,625700,2025,Logement,MAMH — Données Québec (rôle d'évaluation foncière),https://donneesouvertes.affmunqc.net/role/RL71040_2026.xml,,,,
"44, Mesanges",,Coteau-du-Lac,,,818.7,2002,203200,359300,562500,2025,Logement,MAMH — Données Québec (rôle d'évaluation foncière),https://donneesouvertes.affmunqc.net/role/RL71040_2026.xml,,,,
"76, Abeilles",,Coteau-du-Lac,,,913.9,1994,223400,390800,614200,2025,Logement,MAMH — Données Québec (rôle d'évaluation foncière),https://donneesouvertes.affmunqc.net/role/RL71040_2026.xml,,,,
"74, Abeilles",,Coteau-du-Lac,,,914.3,1992,223400,337500,560900,2025,Logement,MAMH — Données Québec (rôle d'évaluation foncière),https://donneesouvertes.affmunqc.net/role/RL71040_2026.xml,,,,
"72, Abeilles",,Coteau-du-Lac,,,913.4,1998,223300,362300,585600,2025,Logement,MAMH — Données Québec (rôle d'évaluation foncière),https://donneesouvertes.affmunqc.net/role/RL71040_2026.xml,,,,
"70, Abeilles",,Coteau-du-Lac,,,910.9,1992,223100,368200,591300,2025,Logement,MAMH — Données Québec (rôle d'évaluation foncière),https://donneesouvertes.affmunqc.net/role/RL71040_2026.xml,,,,
"68, Abeilles",,Coteau-du-Lac,,,907.1,1993,222700,318300,541000,2025,Logement,MAMH — Données Québec (rôle d'évaluation foncière),https://donneesouvertes.affmunqc.net/role/RL71040_2026.xml,,,,
"65, Abeilles",,Coteau-du-Lac,,,605.8,1991,172700,263700,436400,2025,Logement,MAMH — Données Québec (rôle d'évaluation foncière),https://donneesouvertes.affmunqc.net/role/RL71040_2026.xml,,,,
"63, Abeilles",,Coteau-du-Lac,,,601.7,1992,171500,331200,502700,2025,Logement,MAMH — Données Québec (rôle d'évaluation foncière),https://donneesouvertes.affmunqc.net/role/RL71040_2026.xml,,,,
"61, Abeilles",,Coteau-du-Lac,,,597.6,1995,170300,403600,573900,2025,Logement,MAMH — Données Québec (rôle d'évaluation foncière),https://donneesouvertes.affmunqc.net/role/RL71040_2026.xml,,,,
"59, Abeilles",,Coteau-du-Lac,,,593.5,1991,169100,248400,417500,2025,Logement,MAMH — Données Québec (rôle d'évaluation foncière),https://donneesouvertes.affmunqc.net/role/RL71040_2026.xml,,,,
"57, Abeilles",,Coteau-du-Lac,,,589.4,1990,168000,300500,468500,2025,Logement,MAMH — Données Québec (rôle d'évaluation foncière),https://donneesouvertes.affmunqc.net/role/RL71040_2026.xml,,,,
"57, Mesanges",,Coteau-du-Lac,,,642.6,2000,183100,289300,472400,2025,Logement,MAMH — Données Québec (rôle d'évaluation foncière),https://donneesouvertes.affmunqc.net/role/RL71040_2026.xml,,,,
"55, Abeilles",,Coteau-du-Lac,,,585.3,1992,166800,294600,461400,2025,Logement,MAMH — Données Québec (rôle d'évaluation foncière),https://donneesouvertes.affmunqc.net/role/RL71040_2026.xml,,,,
"66, Abeilles",,Coteau-du-Lac,,,901.9,1994,222200,460100,682300,2025,Logement,MAMH — Données Québec (rôle d'évaluation foncière),https://donneesouvertes.affmunqc.net/role/RL71040_2026.xml,,,,
"64, Abeilles",,Coteau-du-Lac,,,895.2,1994,221500,405600,627100,2025,Logement,MAMH — Données Québec (rôle d'évaluation foncière),https://donneesouvertes.affmunqc.net/role/RL71040_2026.xml,,,,
"62, Abeilles",,Coteau-du-Lac,,,887.1,1994,220700,357800,578500,2025,Logement,MAMH — Données Québec (rôle d'évaluation foncière),https://donneesouvertes.affmunqc.net/role/RL71040_2026.xml,,,,
"60, Abeilles",,Coteau-du-Lac,,,877.6,2010,219800,441400,661200,2025,Logement,MAMH — Données Québec (rôle d'évaluation foncière),https://donneesouvertes.affmunqc.net/role/RL71040_2026.xml,,,,
"58, Abeilles",,Coteau-du-Lac,,,866.7,1993,218700,390300,609000,2025,Logement,MAMH — Données Québec (rôle d'évaluation foncière),https://donneesouvertes.affmunqc.net/role/RL71040_2026.xml,,,,
"56, Abeilles",,Coteau-du-Lac,,,893.8,1994,221400,357700,579100,2025,Logement,MAMH — Données Québec (rôle d'évaluation foncière),https://donneesouvertes.affmunqc.net/role/RL71040_2026.xml,,,,
"54, Abeilles",,Coteau-du-Lac,,,854.3,1993,217400,253100,470500,2025,Logement,MAMH — Données Québec (rôle d'évaluation foncière),https://donneesouvertes.affmunqc.net/role/RL71040_2026.xml,,,,
"109, Abeilles",,Coteau-du-Lac,,,743.5,1979,152900,285300,438200,2025,Logement,MAMH — Données Québec (rôle d'évaluation foncière),https://donneesouvertes.affmunqc.net/role/RL71040_2026.xml,,,,
"59, Bourbonnais",,Coteau-du-Lac,,,740.8,1974,160700,277400,438100,2025,Logement,MAMH — Données Québec (rôle d'évaluation foncière),https://donneesouvertes.affmunqc.net/role/RL71040_2026.xml,,,,
"111, Abeilles",,Coteau-du-Lac,,,747,1979,161200,289600,450800,2025,Logement,MAMH — Données Québec (rôle d'évaluation foncière),https://donneesouvertes.affmunqc.net/role/RL71040_2026.xml,,,,
"261, Fleuve",,Coteau-du-Lac,,,1027.1,1979,183100,352900,536000,2025,Logement,MAMH — Données Québec (rôle d'évaluation foncière),https://donneesouvertes.affmunqc.net/role/RL71040_2026.xml,,,,
"263, Fleuve",,Coteau-du-Lac,,,850.8,1976,169300,212300,381600,2025,Logement,MAMH — Données Québec (rôle d'évaluation foncière),https://donneesouvertes.affmunqc.net/role/RL71040_2026.xml,,,,
"265, Fleuve",,Coteau-du-Lac,,,852.9,1976,169500,326800,496300,2025,Logement,MAMH — Données Québec (rôle d'évaluation foncière),https://donneesouvertes.affmunqc.net/role/RL71040_2026.xml,,,,
"262, Fleuve",,Coteau-du-Lac,,,720.7,1973,143300,63800,207100,2025,Immeuble à bureaux,MAMH — Données Québec (rôle d'évaluation foncière),https://donneesouvertes.affmunqc.net/role/RL71040_2026.xml,,,,
"52, Bourbonnais",,Coteau-du-Lac,,,720.1,1978,159100,312600,471700,2025,Logement,MAMH — Données Québec (rôle d'évaluation foncière),https://donneesouvertes.affmunqc.net/role/RL71040_2026.xml,,,,
"50, Bourbonnais",,Coteau-du-Lac,,,724.2,1977,159400,271600,431000,2025,Logement,MAMH — Données Québec (rôle d'évaluation foncière),https://donneesouvertes.affmunqc.net/role/RL71040_2026.xml,,,,
"57, Bourbonnais",,Coteau-du-Lac,,,731.7,1977,160000,378600,538600,2025,Logement,MAMH — Données Québec (rôle d'évaluation foncière),https://donneesouvertes.affmunqc.net/role/RL71040_2026.xml,,,,
"55, Bourbonnais",,Coteau-du-Lac,,,717.8,1977,158900,279900,438800,2025,Logement,MAMH — Données Québec (rôle d'évaluation foncière),https://donneesouvertes.affmunqc.net/role/RL71040_2026.xml,,,,
"53, Bourbonnais",,Coteau-du-Lac,,,718.8,1977,159000,336400,495400,2025,Logement,MAMH — Données Québec (rôle d'évaluation foncière),https://donneesouvertes.affmunqc.net/role/RL71040_2026.xml,,,,
"51, Bourbonnais",,Coteau-du-Lac,,,673.5,1977,155500,193200,348700,2025,Logement,MAMH — Données Québec (rôle d'évaluation foncière),https://donneesouvertes.affmunqc.net/role/RL71040_2026.xml,,,,
"267, Fleuve",,Coteau-du-Lac,,,846.4,1976,169000,288800,457800,2025,Logement,MAMH — Données Québec (rôle d'évaluation foncière),https://donneesouvertes.affmunqc.net/role/RL71040_2026.xml,,,,
"269, Fleuve",,Coteau-du-Lac,,,870.8,1980,170900,205300,376200,2025,Logement,MAMH — Données Québec (rôle d'évaluation foncière),https://donneesouvertes.affmunqc.net/role/RL71040_2026.xml,,,,
"49, Bourbonnais",,Coteau-du-Lac,,,661.9,1977,154600,236300,390900,2025,Logement,MAMH — Données Québec (rôle d'évaluation foncière),https://donneesouvertes.affmunqc.net/role/RL71040_2026.xml,,,,
"271, Fleuve",,Coteau-du-Lac,,,836.1,1979,168200,320200,488400,2025,Logement,MAMH — Données Québec (rôle d'évaluation foncière),https://donneesouvertes.affmunqc.net/role/RL71040_2026.xml,,,,
"34, Quinlan",,Coteau-du-Lac,,,585.3,1988,166800,393200,560000,2025,Logement,MAMH — Données Québec (rôle d'évaluation foncière),https://donneesouvertes.affmunqc.net/role/RL71040_2026.xml,,,,
"33, Quinlan",,Coteau-du-Lac,,,596.8,1986,170100,275300,445400,2025,Logement,MAMH — Données Québec (rôle d'évaluation foncière),https://donneesouvertes.affmunqc.net/role/RL71040_2026.xml,,,,
"31, Quinlan",,Coteau-du-Lac,,,603,1987,171900,322000,493900,2025,Logement,MAMH — Données Québec (rôle d'évaluation foncière),https://donneesouvertes.affmunqc.net/role/RL71040_2026.xml,,,,
"29, Quinlan",,Coteau-du-Lac,,,608.5,1986,173400,297200,470600,2025,Logement,MAMH — Données Québec (rôle d'évaluation foncière),https://donneesouvertes.affmunqc.net/role/RL71040_2026.xml,,,,
"48, Bourbonnais",,Coteau-du-Lac,,,724.4,1977,159500,258200,417700,2025,Logement,MAMH — Données Québec (rôle d'évaluation foncière),https://donneesouvertes.affmunqc.net/role/RL71040_2026.xml,,,,
"27, Quinlan",,Coteau-du-Lac,,,613.4,1986,174800,266800,441600,2025,Logement,MAMH — Données Québec (rôle d'évaluation foncière),https://donneesouvertes.affmunqc.net/role/RL71040_2026.xml,,,,
"46, Bourbonnais",,Coteau-du-Lac,,,750,1977,161500,283900,445400,2025,Logement,MAMH — Données Québec (rôle d'évaluation foncière),https://donneesouvertes.affmunqc.net/role/RL71040_2026.xml,,,,
"25, Quinlan",,Coteau-du-Lac,,,617.6,1986,176000,249300,425300,2025,Logement,MAMH — Données Québec (rôle d'évaluation foncière),https://donneesouvertes.affmunqc.net/role/RL71040_2026.xml,,,,
"44, Bourbonnais",,Coteau-du-Lac,,,752.9,1977,161700,279600,441300,2025,Logement,MAMH — Données Québec (rôle d'évaluation foncière),https://donneesouvertes.affmunqc.net/role/RL71040_2026.xml,,,,
"42, Bourbonnais",,Coteau-du-Lac,,,742.3,1983,160900,262900,423800,2025,Logement,MAMH — Données Québec (rôle d'évaluation foncière),https://donneesouvertes.affmunqc.net/role/RL71040_2026.xml,,,,
"21, Quinlan",,Coteau-du-Lac,,,570.8,1986,162700,227600,390300,2025,Logement,MAMH — Données Québec (rôle d'évaluation foncière),https://donneesouvertes.affmunqc.net/role/RL71040_2026.xml,,,,
"32, Merles",,Coteau-du-Lac,,,601.1,1989,171300,275400,446700,2025,Logement,MAMH — Données Québec (rôle d'évaluation foncière),https://donneesouvertes.affmunqc.net/role/RL71040_2026.xml,,,,
"34, Merles",,Coteau-du-Lac,,,716.9,1988,193500,280000,473500,2025,Logement,MAMH — Données Québec (rôle d'évaluation foncière),https://donneesouvertes.affmunqc.net/role/RL71040_2026.xml,,,,
"32, Quinlan",,Coteau-du-Lac,,,585.3,1986,166800,269300,436100,2025,Logement,MAMH — Données Québec (rôle d'évaluation foncière),https://donneesouvertes.affmunqc.net/role/RL71040_2026.xml,,,,
"38, Merles",,Coteau-du-Lac,,,908.2,1988,211700,370100,581800,2025,Logement,MAMH — Données Québec (rôle d'évaluation foncière),https://donneesouvertes.affmunqc.net/role/RL71040_2026.xml,,,,
"30, Quinlan",,Coteau-du-Lac,,,585.3,1985,166800,326100,492900,2025,Logement,MAMH — Données Québec (rôle d'évaluation foncière),https://donneesouvertes.affmunqc.net/role/RL71040_2026.xml,,,,
"36, Merles",,Coteau-du-Lac,,,905.1,1988,211400,373000,584400,2025,Logement,MAMH — Données Québec (rôle d'évaluation foncière),https://donneesouvertes.affmunqc.net/role/RL71040_2026.xml,,,,
"28, Quinlan",,Coteau-du-Lac,,,668.3,1986,188900,264100,453000,2025,Logement,MAMH — Données Québec (rôle d'évaluation foncière),https://donneesouvertes.affmunqc.net/role/RL71040_2026.xml,,,,
"26, Quinlan",,Coteau-du-Lac,,,964.7,1986,217000,257300,474300,2025,Logement,MAMH — Données Québec (rôle d'évaluation foncière),https://donneesouvertes.affmunqc.net/role/RL71040_2026.xml,,,,
"23, Quinlan",,Coteau-du-Lac,,,650.3,1986,185300,275400,460700,2025,Logement,MAMH — Données Québec (rôle d'évaluation foncière),https://donneesouvertes.affmunqc.net/role/RL71040_2026.xml,,,,
"24, Quinlan",,Coteau-du-Lac,,,964.7,1986,217000,288800,505800,2025,Logement,MAMH — Données Québec (rôle d'évaluation foncière),https://donneesouvertes.affmunqc.net/role/RL71040_2026.xml,,,,
"27, Mesanges",,Coteau-du-Lac,,,557.4,1996,158900,277900,436800,2025,Logement,MAMH — Données Québec (rôle d'évaluation foncière),https://donneesouvertes.affmunqc.net/role/RL71040_2026.xml,,,,
"22, Quinlan",,Coteau-du-Lac,,,628.4,1986,179100,228600,407700,2025,Logement,MAMH — Données Québec (rôle d'évaluation foncière),https://donneesouvertes.affmunqc.net/role/RL71040_2026.xml,,,,
"25, Mesanges",,Coteau-du-Lac,,,557.4,1990,158900,278100,437000,2025,Logement,MAMH — Données Québec (rôle d'évaluation foncière),https://donneesouvertes.affmunqc.net/role/RL71040_2026.xml,,,,
"40, Merles",,Coteau-du-Lac,,,720,1988,193800,230000,423800,2025,Logement,MAMH — Données Québec (rôle d'évaluation foncière),https://donneesouvertes.affmunqc.net/role/RL71040_2026.xml,,,,
"37, Mesanges",,Coteau-du-Lac,,,743.4,1989,196000,260500,456500,2025,Logement,MAMH — Données Québec (rôle d'évaluation foncière),https://donneesouvertes.affmunqc.net/role/RL71040_2026.xml,,,,
"42, Mesanges",,Coteau-du-Lac,,,557.4,2002,158900,321400,480300,2025,Logement,MAMH — Données Québec (rôle d'évaluation foncière),https://donneesouvertes.affmunqc.net/role/RL71040_2026.xml,,,,
"35, Mesanges",,Coteau-du-Lac,,,557.4,1989,158900,241900,400800,2025,Logement,MAMH — Données Québec (rôle d'évaluation foncière),https://donneesouvertes.affmunqc.net/role/RL71040_2026.xml,,,,
"40, Mesanges",,Coteau-du-Lac,,,759.4,1989,197500,283700,481200,2025,Logement,MAMH — Données Québec (rôle d'évaluation foncière),https://donneesouvertes.affmunqc.net/role/RL71040_2026.xml,,,,
"33, Mesanges",,Coteau-du-Lac,,,557.4,1989,158900,368300,527200,2025,Logement,MAMH — Données Québec (rôle d'évaluation foncière),https://donneesouvertes.affmunqc.net/role/RL71040_2026.xml,,,,
"31, Mesanges",,Coteau-du-Lac,,,557.4,1997,158900,252200,411100,2025,Logement,MAMH — Données Québec (rôle d'évaluation foncière),https://donneesouvertes.affmunqc.net/role/RL71040_2026.xml,,,,
"29, Mesanges",,Coteau-du-Lac,,,557.4,1997,158900,238900,397800,2025,Logement,MAMH — Données Québec (rôle d'évaluation foncière),https://donneesouvertes.affmunqc.net/role/RL71040_2026.xml,,,,
"20, Cardinaux",,Coteau-du-Lac,,,819.1,1989,203200,232500,435700,2025,Logement,MAMH — Données Québec (rôle d'évaluation foncière),https://donneesouvertes.affmunqc.net/role/RL71040_2026.xml,,,,
"22, Cardinaux",,Coteau-du-Lac,,,641,1990,182700,239300,422000,2025,Logement,MAMH — Données Québec (rôle d'évaluation foncière),https://donneesouvertes.affmunqc.net/role/RL71040_2026.xml,,,,
"24, Cardinaux",,Coteau-du-Lac,,,641,1989,182700,376200,558900,2025,Logement,MAMH — Données Québec (rôle d'évaluation foncière),https://donneesouvertes.affmunqc.net/role/RL71040_2026.xml,,,,
"98, Mesanges",,Coteau-du-Lac,,,819.2,1995,203200,309000,512200,2025,Logement,MAMH — Données Québec (rôle d'évaluation foncière),https://donneesouvertes.affmunqc.net/role/RL71040_2026.xml,,,,
"46, Mesanges",,Coteau-du-Lac,,,717,2000,193500,364400,557900,2025,Logement,MAMH — Données Québec (rôle d'évaluation foncière),https://donneesouvertes.affmunqc.net/role/RL71040_2026.xml,,,,
"48, Mesanges",,Coteau-du-Lac,,,640.1,1997,182400,291200,473600,2025,Logement,MAMH — Données Québec (rôle d'évaluation foncière),https://donneesouvertes.affmunqc.net/role/RL71040_2026.xml,,,,
"50, Mesanges",,Coteau-du-Lac,,,640.1,2001,182400,283000,465400,2025,Logement,MAMH — Données Québec (rôle d'évaluation foncière),https://donneesouvertes.affmunqc.net/role/RL71040_2026.xml,,,,
"52, Mesanges",,Coteau-du-Lac,,,640.1,2000,182400,415500,597900,2025,Logement,MAMH — Données Québec (rôle d'évaluation foncière),https://donneesouvertes.affmunqc.net/role/RL71040_2026.xml,,,,
"21, Cardinaux",,Coteau-du-Lac,,,670.7,1990,189100,271300,460400,2025,Logement,MAMH — Données Québec (rôle d'évaluation foncière),https://donneesouvertes.affmunqc.net/role/RL71040_2026.xml,,,,
"54, Mesanges",,Coteau-du-Lac,,,640.1,2003,182400,403800,586200,2025,Logement,MAMH — Données Québec (rôle d'évaluation foncière),https://donneesouvertes.affmunqc.net/role/RL71040_2026.xml,,,,
"23, Cardinaux",,Coteau-du-Lac,,,694.5,1989,191400,285100,476500,2025,Logement,MAMH — Données Québec (rôle d'évaluation foncière),https://donneesouvertes.affmunqc.net/role/RL71040_2026.xml,,,,
"25, Cardinaux",,Coteau-du-Lac,,,694.5,1989,191400,279400,470800,2025,Logement,MAMH — Données Québec (rôle d'évaluation foncière),https://donneesouvertes.affmunqc.net/role/RL71040_2026.xml,,,,
"27, Cardinaux",,Coteau-du-Lac,,,694.5,1989,191400,225000,416400,2025,Logement,MAMH — Données Québec (rôle d'évaluation foncière),https://donneesouvertes.affmunqc.net/role/RL71040_2026.xml,,,,
"29, Cardinaux",,Coteau-du-Lac,,,641,1990,182700,276700,459400,2025,Logement,MAMH — Données Québec (rôle d'évaluation foncière),https://donneesouvertes.affmunqc.net/role/RL71040_2026.xml,,,,
"31, Cardinaux",,Coteau-du-Lac,,,981.3,1992,218600,381300,599900,2025,Logement,MAMH — Données Québec (rôle d'évaluation foncière),https://donneesouvertes.affmunqc.net/role/RL71040_2026.xml,,,,
"26, Cardinaux",,Coteau-du-Lac,,,641,1989,182700,281600,464300,2025,Logement,MAMH — Données Québec (rôle d'évaluation foncière),https://donneesouvertes.affmunqc.net/role/RL71040_2026.xml,,,,
"59, Mesanges",,Coteau-du-Lac,,,642.6,2001,183100,387800,570900,2025,Logement,MAMH — Données Québec (rôle d'évaluation foncière),https://donneesouvertes.affmunqc.net/role/RL71040_2026.xml,,,,
"61, Mesanges",,Coteau-du-Lac,,,642.5,2000,183100,349900,533000,2025,Logement,MAMH — Données Québec (rôle d'évaluation foncière),https://donneesouvertes.affmunqc.net/role/RL71040_2026.xml,,,,
"65, Mesanges",,Coteau-du-Lac,,,2021.3,1996,287600,913700,1201300,2025,Logement,MAMH — Données Québec (rôle d'évaluation foncière),https://donneesouvertes.affmunqc.net/role/RL71040_2026.xml,,,,
"56, Mesanges",,Coteau-du-Lac,,,640.1,1996,182400,287100,469500,2025,Logement,MAMH — Données Québec (rôle d'évaluation foncière),https://donneesouvertes.affmunqc.net/role/RL71040_2026.xml,,,,
"67, Mesanges",,Coteau-du-Lac,,,1109.4,1997,230800,454000,684800,2025,Logement,MAMH — Données Québec (rôle d'évaluation foncière),https://donneesouvertes.affmunqc.net/role/RL71040_2026.xml,,,,
"58, Mesanges",,Coteau-du-Lac,,,746.7,1997,196300,249600,445900,2025,Logement,MAMH — Données Québec (rôle d'évaluation foncière),https://donneesouvertes.affmunqc.net/role/RL71040_2026.xml,,,,
"69, Mesanges",,Coteau-du-Lac,,,871,1997,208100,446800,654900,2025,Logement,MAMH — Données Québec (rôle d'évaluation foncière),https://donneesouvertes.affmunqc.net/role/RL71040_2026.xml,,,,
"41, Abeilles",,Coteau-du-Lac,,,594.6,1994,169500,369100,538600,2025,Logement,MAMH — Données Québec (rôle d'évaluation foncière),https://donneesouvertes.affmunqc.net/role/RL71040_2026.xml,,,,
"53, Abeilles",,Coteau-du-Lac,,,581.3,1995,165700,386500,552200,2025,Logement,MAMH — Données Québec (rôle d'évaluation foncière),https://donneesouvertes.affmunqc.net/role/RL71040_2026.xml,,,,
"51, Abeilles",,Coteau-du-Lac,,,565.1,1994,161100,379600,540700,2025,Logement,MAMH — Données Québec (rôle d'évaluation foncière),https://donneesouvertes.affmunqc.net/role/RL71040_2026.xml,,,,
"49, Abeilles",,Coteau-du-Lac,,,781.6,1991,199700,271300,471000,2025,Logement,MAMH — Données Québec (rôle d'évaluation foncière),https://donneesouvertes.affmunqc.net/role/RL71040_2026.xml,,,,
"47, Abeilles",,Coteau-du-Lac,,,594.6,1991,169500,311000,480500,2025,Logement,MAMH — Données Québec (rôle d'évaluation foncière),https://donneesouvertes.affmunqc.net/role/RL71040_2026.xml,,,,
"52, Abeilles",,Coteau-du-Lac,,,732.1,1997,195000,250400,445400,2025,Logement,MAMH — Données Québec (rôle d'évaluation foncière),https://donneesouvertes.affmunqc.net/role/RL71040_2026.xml,,,,
"45, Abeilles",,Coteau-du-Lac,,,594.6,1993,169500,250800,420300,2025,Logement,MAMH — Données Québec (rôle d'évaluation foncière),https://donneesouvertes.affmunqc.net/role/RL71040_2026.xml,,,,
"50, Abeilles",,Coteau-du-Lac,,,628.4,1990,179100,287500,466600,2025,Logement,MAMH — Données Québec (rôle d'évaluation foncière),https://donneesouvertes.affmunqc.net/role/RL71040_2026.xml,,,,
"43, Abeilles",,Coteau-du-Lac,,,594.6,1994,169500,370400,539900,2025,Logement,MAMH — Données Québec (rôle d'évaluation foncière),https://donneesouvertes.affmunqc.net/role/RL71040_2026.xml,,,,
"48, Abeilles",,Coteau-du-Lac,,,609.6,1994,173700,417100,590800,2025,Logement,MAMH — Données Québec (rôle d'évaluation foncière),https://donneesouvertes.affmunqc.net/role/RL71040_2026.xml,,,,
"50, Sittelles",,Coteau-du-Lac,,,905.3,1992,222500,416900,639400,2025,Logement,MAMH — Données Québec (rôle d'évaluation foncière),https://donneesouvertes.affmunqc.net/role/RL71040_2026.xml,,,,
"46, Sittelles",,Coteau-du-Lac,,,1688.1,2011,276900,518300,795200,2025,Logement,MAMH — Données Québec (rôle d'évaluation foncière),https://donneesouvertes.affmunqc.net/role/RL71040_2026.xml,,,,
"44, Sittelles",,Coteau-du-Lac,,,1559.9,2009,276500,737700,1014200,2025,Logement,MAMH — Données Québec (rôle d'évaluation foncière),https://donneesouvertes.affmunqc.net/role/RL71040_2026.xml,,,,
"42, Sittelles",,Coteau-du-Lac,,,1207,2008,258700,524600,783300,2025,Logement,MAMH — Données Québec (rôle d'évaluation foncière),https://donneesouvertes.affmunqc.net/role/RL71040_2026.xml,,,,
"40, Sittelles",,Coteau-du-Lac,,,1084.2,2012,246400,712400,958800,2025,Logement,MAMH — Données Québec (rôle d'évaluation foncière),https://donneesouvertes.affmunqc.net/role/RL71040_2026.xml,,,,
"30, Legros",,Coteau-du-Lac,,,8606.7,,197400,,197400,2025,Terrain vacant,MAMH — Données Québec (rôle d'évaluation foncière),https://donneesouvertes.affmunqc.net/role/RL71040_2026.xml,,,,
"264, Fleuve",,Coteau-du-Lac,,,1142.4,1981,192100,424100,616200,2025,Logement,MAMH — Données Québec (rôle d'évaluation foncière),https://donneesouvertes.affmunqc.net/role/RL71040_2026.xml,,,,
"266, Fleuve",,Coteau-du-Lac,,,1148.3,1983,192500,474700,667200,2025,Logement,MAMH — Données Québec (rôle d'évaluation foncière),https://donneesouvertes.affmunqc.net/role/RL71040_2026.xml,,,,
"268, Fleuve",,Coteau-du-Lac,,,767.9,1984,162900,313000,475900,2025,Logement,MAMH — Données Québec (rôle d'évaluation foncière),https://donneesouvertes.affmunqc.net/role/RL71040_2026.xml,,,,
"21, Iles",,Coteau-du-Lac,,,1024.3,1991,182900,468400,651300,2025,Logement,MAMH — Données Québec (rôle d'évaluation foncière),https://donneesouvertes.affmunqc.net/role/RL71040_2026.xml,,,,
"25, Iles",,Coteau-du-Lac,,,745.6,2001,161100,475100,636200,2025,Logement,MAMH — Données Québec (rôle d'évaluation foncière),https://donneesouvertes.affmunqc.net/role/RL71040_2026.xml,,,,
"22, Iles",,Coteau-du-Lac,,,1928.7,2003,296100,664700,960800,2025,Logement,MAMH — Données Québec (rôle d'évaluation foncière),https://donneesouvertes.affmunqc.net/role/RL71040_2026.xml,,,,
"273, Fleuve",,Coteau-du-Lac,,,801.3,1962,165500,288800,454300,2025,Logement,MAMH — Données Québec (rôle d'évaluation foncière),https://donneesouvertes.affmunqc.net/role/RL71040_2026.xml,,,,
"275, Fleuve",,Coteau-du-Lac,,,731.6,1963,160000,252300,412300,2025,Logement,MAMH — Données Québec (rôle d'évaluation foncière),https://donneesouvertes.affmunqc.net/role/RL71040_2026.xml,,,,
"270, Fleuve",,Coteau-du-Lac,,,664,1999,154800,354800,509600,2025,Logement,MAMH — Données Québec (rôle d'évaluation foncière),https://donneesouvertes.affmunqc.net/role/RL71040_2026.xml,,,,
"272, Fleuve",,Coteau-du-Lac,,,1309.4,1966,205100,403400,608500,2025,Logement,MAMH — Données Québec (rôle d'évaluation foncière),https://donneesouvertes.affmunqc.net/role/RL71040_2026.xml,,,,
"274, Fleuve",,Coteau-du-Lac,,,669.8,1980,155200,286400,441600,2025,Logement,MAMH — Données Québec (rôle d'évaluation foncière),https://donneesouvertes.affmunqc.net/role/RL71040_2026.xml,,,,
"276, Fleuve",,Coteau-du-Lac,,,709.4,1980,158300,336100,494400,2025,Logement,MAMH — Données Québec (rôle d'évaluation foncière),https://donneesouvertes.affmunqc.net/role/RL71040_2026.xml,,,,
"20, Chutes",,Coteau-du-Lac,,,941.7,1989,210300,496100,706400,2025,Logement,MAMH — Données Québec (rôle d'évaluation foncière),https://donneesouvertes.affmunqc.net/role/RL71040_2026.xml,,,,
"278, Fleuve",,Coteau-du-Lac,,,717.3,1979,158900,294100,453000,2025,Logement,MAMH — Données Québec (rôle d'évaluation foncière),https://donneesouvertes.affmunqc.net/role/RL71040_2026.xml,,,,
"47, Bourbonnais",,Coteau-du-Lac,,,686.8,2009,156500,355700,512200,2025,Logement,MAMH — Données Québec (rôle d'évaluation foncière),https://donneesouvertes.affmunqc.net/role/RL71040_2026.xml,,,,
"40, Bourbonnais",,Coteau-du-Lac,,,693.8,1979,157100,264200,421300,2025,Logement,MAMH — Données Québec (rôle d'évaluation foncière),https://donneesouvertes.affmunqc.net/role/RL71040_2026.xml,,,,
"45, Bourbonnais",,Coteau-du-Lac,,,699.3,1979,157500,349800,507300,2025,Logement,MAMH — Données Québec (rôle d'évaluation foncière),https://donneesouvertes.affmunqc.net/role/RL71040_2026.xml,,,,
"43, Bourbonnais",,Coteau-du-Lac,,,696.8,1979,157300,268300,425600,2025,Logement,MAMH — Données Québec (rôle d'évaluation foncière),https://donneesouvertes.affmunqc.net/role/RL71040_2026.xml,,,,
"277, Fleuve",,Coteau-du-Lac,,,696.6,1976,157300,344800,502100,2025,Logement,MAMH — Données Québec (rôle d'évaluation foncière),https://donneesouvertes.affmunqc.net/role/RL71040_2026.xml,,,,
"41, Bourbonnais",,Coteau-du-Lac,,,696.8,1980,157300,333500,490800,2025,Logement,MAMH — Données Québec (rôle d'évaluation foncière),https://donneesouvertes.affmunqc.net/role/RL71040_2026.xml,,,,
"279, Fleuve",,Coteau-du-Lac,,,696.6,1976,157300,361100,518400,2025,Logement,MAMH — Données Québec (rôle d'évaluation foncière),https://donneesouvertes.affmunqc.net/role/RL71040_2026.xml,,,,
"39, Bourbonnais",,Coteau-du-Lac,,,696.8,1979,157300,293400,450700,2025,Logement,MAMH — Données Québec (rôle d'évaluation foncière),https://donneesouvertes.affmunqc.net/role/RL71040_2026.xml,,,,
"281, Fleuve",,Coteau-du-Lac,,,1393.5,1974,206300,319600,525900,2025,Logement,MAMH — Données Québec (rôle d'évaluation foncière),https://donneesouvertes.affmunqc.net/role/RL71040_2026.xml,,,,
"283, Fleuve",,Coteau-du-Lac,,,836.1,1975,168200,241200,409400,2025,Logement,MAMH — Données Québec (rôle d'évaluation foncière),https://donneesouvertes.affmunqc.net/role/RL71040_2026.xml,,,,
"20, Quinlan",,Coteau-du-Lac,,,557.4,2015,158900,293300,452200,2025,Logement,MAMH — Données Québec (rôle d'évaluation foncière),https://donneesouvertes.affmunqc.net/role/RL71040_2026.xml,,,,
"23, Mesanges",,Coteau-du-Lac,,,557.4,1989,158900,273700,432600,2025,Logement,MAMH — Données Québec (rôle d'évaluation foncière),https://donneesouvertes.affmunqc.net/role/RL71040_2026.xml,,,,
"38, Bourbonnais",,Coteau-du-Lac,,,760.5,1980,162300,425300,587600,2025,Logement,MAMH — Données Québec (rôle d'évaluation foncière),https://donneesouvertes.affmunqc.net/role/RL71040_2026.xml,,,,
"21, Mesanges",,Coteau-du-Lac,,,557.4,1990,158900,259800,418700,2025,Logement,MAMH — Données Québec (rôle d'évaluation foncière),https://donneesouvertes.affmunqc.net/role/RL71040_2026.xml,,,,
"36, Bourbonnais",,Coteau-du-Lac,,,688.8,1981,156700,214200,370900,2025,Logement,MAMH — Données Québec (rôle d'évaluation foncière),https://donneesouvertes.affmunqc.net/role/RL71040_2026.xml,,,,
"34, Bourbonnais",,Coteau-du-Lac,,,685,1978,156400,256000,412400,2025,Logement,MAMH — Données Québec (rôle d'évaluation foncière),https://donneesouvertes.affmunqc.net/role/RL71040_2026.xml,,,,
"37, Bourbonnais",,Coteau-du-Lac,,,836.1,1977,168200,242500,410700,2025,Logement,MAMH — Données Québec (rôle d'évaluation foncière),https://donneesouvertes.affmunqc.net/role/RL71040_2026.xml,,,,
"35, Bourbonnais",,Coteau-du-Lac,,,836.1,1978,168200,253900,422100,2025,Logement,MAMH — Données Québec (rôle d'évaluation foncière),https://donneesouvertes.affmunqc.net/role/RL71040_2026.xml,,,,
"33, Bourbonnais",,Coteau-du-Lac,,,696.8,1979,157300,329000,486300,2025,Logement,MAMH — Données Québec (rôle d'évaluation foncière),https://donneesouvertes.affmunqc.net/role/RL71040_2026.xml,,,,
"96, Mesanges",,Coteau-du-Lac,,,678.4,1989,189800,246400,436200,2025,Logement,MAMH — Données Québec (rôle d'évaluation foncière),https://donneesouvertes.affmunqc.net/role/RL71040_2026.xml,,,,
"94, Mesanges",,Coteau-du-Lac,,,678.4,1989,189800,358800,548600,2025,Logement,MAMH — Données Québec (rôle d'évaluation foncière),https://donneesouvertes.affmunqc.net/role/RL71040_2026.xml,,,,
"92, Mesanges",,Coteau-du-Lac,,,678.4,1989,189800,280400,470200,2025,Logement,MAMH — Données Québec (rôle d'évaluation foncière),https://donneesouvertes.affmunqc.net/role/RL71040_2026.xml,,,,
"99, Mesanges",,Coteau-du-Lac,,,819.2,1990,203200,394800,598000,2025,Logement,MAMH — Données Québec (rôle d'évaluation foncière),https://donneesouvertes.affmunqc.net/role/RL71040_2026.xml,,,,
"97, Mesanges",,Coteau-du-Lac,,,696.7,1989,191600,262800,454400,2025,Logement,MAMH — Données Québec (rôle d'évaluation foncière),https://donneesouvertes.affmunqc.net/role/RL71040_2026.xml,,,,
"95, Mesanges",,Coteau-du-Lac,,,706.4,1990,192500,366700,559200,2025,Logement,MAMH — Données Québec (rôle d'évaluation foncière),https://donneesouvertes.affmunqc.net/role/RL71040_2026.xml,,,,
"93, Mesanges",,Coteau-du-Lac,,,700.6,1989,192000,259400,451400,2025,Logement,MAMH — Données Québec (rôle d'évaluation foncière),https://donneesouvertes.affmunqc.net/role/RL71040_2026.xml,,,,
"91, Mesanges",,Coteau-du-Lac,,,694.8,1989,191400,257800,449200,2025,Logement,MAMH — Données Québec (rôle d'évaluation foncière),https://donneesouvertes.affmunqc.net/role/RL71040_2026.xml,,,,
"32, Bourbonnais",,Coteau-du-Lac,,,747.8,1979,161300,219900,381200,2025,Logement,MAMH — Données Québec (rôle d'évaluation foncière),https://donneesouvertes.affmunqc.net/role/RL71040_2026.xml,,,,
"89, Mesanges",,Coteau-du-Lac,,,717.6,1992,193600,247400,441000,2025,Logement,MAMH — Données Québec (rôle d'évaluation foncière),https://donneesouvertes.affmunqc.net/role/RL71040_2026.xml,,,,
"30, Bourbonnais",,Coteau-du-Lac,,,975.8,1979,179100,360900,540000,2025,Logement,MAMH — Données Québec (rôle d'évaluation foncière),https://donneesouvertes.affmunqc.net/role/RL71040_2026.xml,,,,
"28, Cardinaux",,Coteau-du-Lac,,,641,1990,182700,435500,618200,2025,Logement,MAMH — Données Québec (rôle d'évaluation foncière),https://donneesouvertes.affmunqc.net/role/RL71040_2026.xml,,,,
"30, Cardinaux",,Coteau-du-Lac,,,641,1990,182700,218300,401000,2025,Logement,MAMH — Données Québec (rôle d'évaluation foncière),https://donneesouvertes.affmunqc.net/role/RL71040_2026.xml,,,,
"32, Cardinaux",,Coteau-du-Lac,,,847.5,1990,205900,372300,578200,2025,Logement,MAMH — Données Québec (rôle d'évaluation foncière),https://donneesouvertes.affmunqc.net/role/RL71040_2026.xml,,,,
"90, Mesanges",,Coteau-du-Lac,,,678.4,1989,189800,270700,460500,2025,Logement,MAMH — Données Québec (rôle d'évaluation foncière),https://donneesouvertes.affmunqc.net/role/RL71040_2026.xml,,,,
"77, Mesanges",,Coteau-du-Lac,,,603.9,1990,172100,258900,431000,2025,Logement,MAMH — Données Québec (rôle d'évaluation foncière),https://donneesouvertes.affmunqc.net/role/RL71040_2026.xml,,,,
"88, Mesanges",,Coteau-du-Lac,,,962.5,1989,216800,387800,604600,2025,Logement,MAMH — Données Québec (rôle d'évaluation foncière),https://donneesouvertes.affmunqc.net/role/RL71040_2026.xml,,,,
"79, Mesanges",,Coteau-du-Lac,,,603.9,1989,172100,291400,463500,2025,Logement,MAMH — Données Québec (rôle d'évaluation foncière),https://donneesouvertes.affmunqc.net/role/RL71040_2026.xml,,,,
"81, Mesanges",,Coteau-du-Lac,,,603.9,1990,172100,318200,490300,2025,Logement,MAMH — Données Québec (rôle d'évaluation foncière),https://donneesouvertes.affmunqc.net/role/RL71040_2026.xml,,,,
"83, Mesanges",,Coteau-du-Lac,,,718.8,1988,193700,363400,557100,2025,Logement,MAMH — Données Québec (rôle d'évaluation foncière),https://donneesouvertes.affmunqc.net/role/RL71040_2026.xml,,,,
"29, Abeilles",,Coteau-du-Lac,,,603.9,1984,172100,226300,398400,2025,Logement,MAMH — Données Québec (rôle d'évaluation foncière),https://donneesouvertes.affmunqc.net/role/RL71040_2026.xml,,,,
"87, Mesanges",,Coteau-du-Lac,,,951.8,1988,215800,389300,605100,2025,Logement,MAMH — Données Québec (rôle d'évaluation foncière),https://donneesouvertes.affmunqc.net/role/RL71040_2026.xml,,,,
"85, Mesanges",,Coteau-du-Lac,,,940.5,1990,214700,302200,516900,2025,Logement,MAMH — Données Québec (rôle d'évaluation foncière),https://donneesouvertes.affmunqc.net/role/RL71040_2026.xml,,,,
"71, Mesanges",,Coteau-du-Lac,,,784.2,1998,199900,445800,645700,2025,Logement,MAMH — Données Québec (rôle d'évaluation foncière),https://donneesouvertes.affmunqc.net/role/RL71040_2026.xml,,,,
"39, Abeilles",,Coteau-du-Lac,,,683.2,1990,190300,247300,437600,2025,Logement,MAMH — Données Québec (rôle d'évaluation foncière),https://donneesouvertes.affmunqc.net/role/RL71040_2026.xml,,,,
"37, Abeilles",,Coteau-du-Lac,,,799.1,1993,201300,302500,503800,2025,Logement,MAMH — Données Québec (rôle d'évaluation foncière),https://donneesouvertes.affmunqc.net/role/RL71040_2026.xml,,,,
"75, Mesanges",,Coteau-du-Lac,,,688.8,1989,190800,256900,447700,2025,Logement,MAMH — Données Québec (rôle d'évaluation foncière),https://donneesouvertes.affmunqc.net/role/RL71040_2026.xml,,,,
"35, Abeilles",,Coteau-du-Lac,,,688.8,1985,190800,283000,473800,2025,Logement,MAMH — Données Québec (rôle d'évaluation foncière),https://donneesouvertes.affmunqc.net/role/RL71040_2026.xml,,,,
"33, Abeilles",,Coteau-du-Lac,,,603.9,1985,172100,248100,420200,2025,Logement,MAMH — Données Québec (rôle d'évaluation foncière),https://donneesouvertes.affmunqc.net/role/RL71040_2026.xml,,,,
"31, Abeilles",,Coteau-du-Lac,,,603.9,1984,172100,229000,401100,2025,Logement,MAMH — Données Québec (rôle d'évaluation foncière),https://donneesouvertes.affmunqc.net/role/RL71040_2026.xml,,,,
"36, Abeilles",,Coteau-du-Lac,,,680.7,1983,190100,230000,420100,2025,Logement,MAMH — Données Québec (rôle d'évaluation foncière),https://donneesouvertes.affmunqc.net/role/RL71040_2026.xml,,,,
"46, Abeilles",,Coteau-du-Lac,,,609.6,1991,173700,276900,450600,2025,Logement,MAMH — Données Québec (rôle d'évaluation foncière),https://donneesouvertes.affmunqc.net/role/RL71040_2026.xml,,,,
"44, Abeilles",,Coteau-du-Lac,,,609.6,1995,173700,420200,593900,2025,Logement,MAMH — Données Québec (rôle d'évaluation foncière),https://donneesouvertes.affmunqc.net/role/RL71040_2026.xml,,,,
"24, Sittelles",,Coteau-du-Lac,,,1335.2,2008,230800,533500,764300,2025,Logement,MAMH — Données Québec (rôle d'évaluation foncière),https://donneesouvertes.affmunqc.net/role/RL71040_2026.xml,,,,
"42, Abeilles",,Coteau-du-Lac,,,586.8,1990,167200,233000,400200,2025,Logement,MAMH — Données Québec (rôle d'évaluation foncière),https://donneesouvertes.affmunqc.net/role/RL71040_2026.xml,,,,
"40, Abeilles",,Coteau-du-Lac,,,674,1990,189400,238600,428000,2025,Logement,MAMH — Données Québec (rôle d'évaluation foncière),https://donneesouvertes.affmunqc.net/role/RL71040_2026.xml,,,,
"26, Sittelles",,Coteau-du-Lac,,,1274,2008,225600,477900,703500,2025,Logement,MAMH — Données Québec (rôle d'évaluation foncière),https://donneesouvertes.affmunqc.net/role/RL71040_2026.xml,,,,
"38, Abeilles",,Coteau-du-Lac,,,892.6,1995,210200,253400,463600,2025,Logement,MAMH — Données Québec (rôle d'évaluation foncière),https://donneesouvertes.affmunqc.net/role/RL71040_2026.xml,,,,
"28, Sittelles",,Coteau-du-Lac,,,1840.2,2008,277400,718300,995700,2025,Logement,MAMH — Données Québec (rôle d'évaluation foncière),https://donneesouvertes.affmunqc.net/role/RL71040_2026.xml,,,,
"38, Sittelles",,Coteau-du-Lac,,,1170.1,2008,255000,579400,834400,2025,Logement,MAMH — Données Québec (rôle d'évaluation foncière),https://donneesouvertes.affmunqc.net/role/RL71040_2026.xml,,,,
"36, Sittelles",,Coteau-du-Lac,,,1082.5,,246300,,246300,2025,Terrain vacant,MAMH — Données Québec (rôle d'évaluation foncière),https://donneesouvertes.affmunqc.net/role/RL71040_2026.xml,,,,
"34, Sittelles",,Coteau-du-Lac,,,1197.7,2007,257800,696400,954200,2025,Logement,MAMH — Données Québec (rôle d'évaluation foncière),https://donneesouvertes.affmunqc.net/role/RL71040_2026.xml,,,,
"32, Sittelles",,Coteau-du-Lac,,,1995.1,2008,277800,813900,1091700,2025,Logement,MAMH — Données Québec (rôle d'évaluation foncière),https://donneesouvertes.affmunqc.net/role/RL71040_2026.xml,,,,
"24, Legros",,Coteau-du-Lac,,,625.1,1974,187500,193500,381000,2025,Logement,MAMH — Données Québec (rôle d'évaluation foncière),https://donneesouvertes.affmunqc.net/role/RL71040_2026.xml,,,,
"22, Legros",,Coteau-du-Lac,,,800.5,1986,218100,211800,429900,2025,Logement,MAMH — Données Québec (rôle d'évaluation foncière),https://donneesouvertes.affmunqc.net/role/RL71040_2026.xml,,,,
"23, Iles",,Coteau-du-Lac,,,1541,1988,294100,401000,695100,2025,Logement,MAMH — Données Québec (rôle d'évaluation foncière),https://donneesouvertes.affmunqc.net/role/RL71040_2026.xml,,,,
"24, Iles",,Coteau-du-Lac,,,1624.1,1989,294600,438400,733000,2025,Logement,MAMH — Données Québec (rôle d'évaluation foncière),https://donneesouvertes.affmunqc.net/role/RL71040_2026.xml,,,,
"22, Chutes",,Coteau-du-Lac,,,3283.5,1984,365800,738600,1104400,2025,Logement,MAMH — Données Québec (rôle d'évaluation foncière),https://donneesouvertes.affmunqc.net/role/RL71040_2026.xml,,,,
"40, Chutes",,Coteau-du-Lac,,,1371.6,1984,245800,404500,650300,2025,Logement,MAMH — Données Québec (rôle d'évaluation foncière),https://donneesouvertes.affmunqc.net/role/RL71040_2026.xml,,,,
"23, Chutes",,Coteau-du-Lac,,,1226.1,1985,308300,434500,742800,2025,Logement,MAMH — Données Québec (rôle d'évaluation foncière),https://donneesouvertes.affmunqc.net/role/RL71040_2026.xml,,,,
"24, Chutes",,Coteau-du-Lac,,,861,1987,262600,421500,684100,2025,Logement,MAMH — Données Québec (rôle d'évaluation foncière),https://donneesouvertes.affmunqc.net/role/RL71040_2026.xml,,,,
"25, Chutes",,Coteau-du-Lac,,,784,1989,253000,555000,808000,2025,Logement,MAMH — Données Québec (rôle d'évaluation foncière),https://donneesouvertes.affmunqc.net/role/RL71040_2026.xml,,,,
"26, Chutes",,Coteau-du-Lac,,,743.9,1984,248000,397700,645700,2025,Logement,MAMH — Données Québec (rôle d'évaluation foncière),https://donneesouvertes.affmunqc.net/role/RL71040_2026.xml,,,,
"27, Chutes",,Coteau-du-Lac,,,716.8,1984,244600,290000,534600,2025,Logement,MAMH — Données Québec (rôle d'évaluation foncière),https://donneesouvertes.affmunqc.net/role/RL71040_2026.xml,,,,
"280, Fleuve",,Coteau-du-Lac,,,673.1,1980,155500,319900,475400,2025,Logement,MAMH — Données Québec (rôle d'évaluation foncière),https://donneesouvertes.affmunqc.net/role/RL71040_2026.xml,,,,
"282, Fleuve",,Coteau-du-Lac,,,627.2,2014,146800,311200,458000,2025,Logement,MAMH — Données Québec (rôle d'évaluation foncière),https://donneesouvertes.affmunqc.net/role/RL71040_2026.xml,,,,
"284, Fleuve",,Coteau-du-Lac,,,666.5,1983,154900,348700,503600,2025,Logement,MAMH — Données Québec (rôle d'évaluation foncière),https://donneesouvertes.affmunqc.net/role/RL71040_2026.xml,,,,
"286, Fleuve",,Coteau-du-Lac,,,665.7,1980,154900,250000,404900,2025,Logement,MAMH — Données Québec (rôle d'évaluation foncière),https://donneesouvertes.affmunqc.net/role/RL71040_2026.xml,,,,
"39, Chutes",,Coteau-du-Lac,,,694.1,1985,181700,358200,539900,2025,Logement,MAMH — Données Québec (rôle d'évaluation foncière),https://donneesouvertes.affmunqc.net/role/RL71040_2026.xml,,,,
"288, Fleuve",,Coteau-du-Lac,,,1194.8,1982,196200,368200,564400,2025,Logement,MAMH — Données Québec (rôle d'évaluation foncière),https://donneesouvertes.affmunqc.net/role/RL71040_2026.xml,,,,
"38, Chutes",,Coteau-du-Lac,,,664.3,1984,179000,313200,492200,2025,Logement,MAMH — Données Québec (rôle d'évaluation foncière),https://donneesouvertes.affmunqc.net/role/RL71040_2026.xml,,,,
"37, Chutes",,Coteau-du-Lac,,,664.3,1985,179000,245600,424600,2025,Logement,MAMH — Données Québec (rôle d'évaluation foncière),https://donneesouvertes.affmunqc.net/role/RL71040_2026.xml,,,,
"36, Chutes",,Coteau-du-Lac,,,613.9,1997,171300,377900,549200,2025,Logement,MAMH — Données Québec (rôle d'évaluation foncière),https://donneesouvertes.affmunqc.net/role/RL71040_2026.xml,,,,
"35, Chutes",,Coteau-du-Lac,,,596.9,1988,166500,292400,458900,2025,Logement,MAMH — Données Québec (rôle d'évaluation foncière),https://donneesouvertes.affmunqc.net/role/RL71040_2026.xml,,,,
"28, Chutes",,Coteau-du-Lac,,,709.1,1985,243600,336400,580000,2025,Logement,MAMH — Données Québec (rôle d'évaluation foncière),https://donneesouvertes.affmunqc.net/role/RL71040_2026.xml,,,,
"285, Fleuve",,Coteau-du-Lac,,,836.1,1977,168200,232900,401100,2025,Logement,MAMH — Données Québec (rôle d'évaluation foncière),https://donneesouvertes.affmunqc.net/role/RL71040_2026.xml,,,,
"31, Bourbonnais",,Coteau-du-Lac,,,696.8,2004,157300,493400,650700,2025,Logement,MAMH — Données Québec (rôle d'évaluation foncière),https://donneesouvertes.affmunqc.net/role/RL71040_2026.xml,,,,
"287, Fleuve",,Coteau-du-Lac,,,696.8,1974,157300,582000,739300,2025,Logement,MAMH — Données Québec (rôle d'évaluation foncière),https://donneesouvertes.affmunqc.net/role/RL71040_2026.xml,,,,
"289, Fleuve",,Coteau-du-Lac,,,696.8,1974,157300,250000,407300,2025,Logement,MAMH — Données Québec (rôle d'évaluation foncière),https://donneesouvertes.affmunqc.net/role/RL71040_2026.xml,,,,
"291, Fleuve",,Coteau-du-Lac,,,921.1,1974,174800,288800,463600,2025,Logement,MAMH — Données Québec (rôle d'évaluation foncière),https://donneesouvertes.affmunqc.net/role/RL71040_2026.xml,,,,
"290, Fleuve",,Coteau-du-Lac,,,774.3,1980,163400,298900,462300,2025,Logement,MAMH — Données Québec (rôle d'évaluation foncière),https://donneesouvertes.affmunqc.net/role/RL71040_2026.xml,,,,
"292, Fleuve",,Coteau-du-Lac,,,789.9,1983,164600,270300,434900,2025,Logement,MAMH — Données Québec (rôle d'évaluation foncière),https://donneesouvertes.affmunqc.net/role/RL71040_2026.xml,,,,
"34, Chutes",,Coteau-du-Lac,,,767.7,1984,188600,294000,482600,2025,Logement,MAMH — Données Québec (rôle d'évaluation foncière),https://donneesouvertes.affmunqc.net/role/RL71040_2026.xml,,,,
"28, Bourbonnais",,Coteau-du-Lac,,,557.4,1985,130400,256500,386900,2025,Logement,MAMH — Données Québec (rôle d'évaluation foncière),https://donneesouvertes.affmunqc.net/role/RL71040_2026.xml,,,,
"26, Bourbonnais",,Coteau-du-Lac,,,743.2,1978,160900,252400,413300,2025,Logement,MAMH — Données Québec (rôle d'évaluation foncière),https://donneesouvertes.affmunqc.net/role/RL71040_2026.xml,,,,
"24, Bourbonnais",,Coteau-du-Lac,,,743.2,1978,160900,288300,449200,2025,Logement,MAMH — Données Québec (rôle d'évaluation foncière),https://donneesouvertes.affmunqc.net/role/RL71040_2026.xml,,,,
"29, Bourbonnais",,Coteau-du-Lac,,,749.4,1978,161400,321900,483300,2025,Logement,MAMH — Données Québec (rôle d'évaluation foncière),https://donneesouvertes.affmunqc.net/role/RL71040_2026.xml,,,,
"27, Bourbonnais",,Coteau-du-Lac,,,722.4,1977,159300,258500,417800,2025,Logement,MAMH — Données Québec (rôle d'évaluation foncière),https://donneesouvertes.affmunqc.net/role/RL71040_2026.xml,,,,
"25, Bourbonnais",,Coteau-du-Lac,,,737.7,1977,160500,299000,459500,2025,Logement,MAMH — Données Québec (rôle d'évaluation foncière),https://donneesouvertes.affmunqc.net/role/RL71040_2026.xml,,,,
"23, Bourbonnais",,Coteau-du-Lac,,,817.5,2002,166700,428100,594800,2025,Logement,MAMH — Données Québec (rôle d'évaluation foncière),https://donneesouvertes.affmunqc.net/role/RL71040_2026.xml,,,,
"293, Fleuve",,Coteau-du-Lac,,,703.5,1974,157800,222600,380400,2025,Logement,MAMH — Données Québec (rôle d'évaluation foncière),https://donneesouvertes.affmunqc.net/role/RL71040_2026.xml,,,,
"295, Fleuve",,Coteau-du-Lac,,,1020.1,1986,182500,140400,322900,2025,Logement,MAMH — Données Québec (rôle d'évaluation foncière),https://donneesouvertes.affmunqc.net/role/RL71040_2026.xml,,,,
"297, Fleuve",,Coteau-du-Lac,,,1776.6,1969,279000,320900,599900,2025,Industrie,MAMH — Données Québec (rôle d'évaluation foncière),https://donneesouvertes.affmunqc.net/role/RL71040_2026.xml,,,,
"27, Abeilles",,Coteau-du-Lac,,,603.9,1984,172100,253800,425900,2025,Logement,MAMH — Données Québec (rôle d'évaluation foncière),https://donneesouvertes.affmunqc.net/role/RL71040_2026.xml,,,,
"25, Abeilles",,Coteau-du-Lac,,,603.9,1984,172100,225500,397600,2025,Logement,MAMH — Données Québec (rôle d'évaluation foncière),https://donneesouvertes.affmunqc.net/role/RL71040_2026.xml,,,,
"23, Abeilles",,Coteau-du-Lac,,,651.9,1985,185800,280500,466300,2025,Logement,MAMH — Données Québec (rôle d'évaluation foncière),https://donneesouvertes.affmunqc.net/role/RL71040_2026.xml,,,,
"22, Bourbonnais",,Coteau-du-Lac,,,970.4,1978,169700,289000,458700,2025,Logement,MAMH — Données Québec (rôle d'évaluation foncière),https://donneesouvertes.affmunqc.net/role/RL71040_2026.xml,,,,
"26, Abeilles",,Coteau-du-Lac,,,691.9,1993,191100,353300,544400,2025,Logement,MAMH — Données Québec (rôle d'évaluation foncière),https://donneesouvertes.affmunqc.net/role/RL71040_2026.xml,,,,
"24, Abeilles",,Coteau-du-Lac,,,694.3,1978,157100,343900,501000,2025,Logement,MAMH — Données Québec (rôle d'évaluation foncière),https://donneesouvertes.affmunqc.net/role/RL71040_2026.xml,,,,
"22, Abeilles",,Coteau-du-Lac,,,696.8,1976,157300,312000,469300,2025,Logement,MAMH — Données Québec (rôle d'évaluation foncière),https://donneesouvertes.affmunqc.net/role/RL71040_2026.xml,,,,
"20, Abeilles",,Coteau-du-Lac,,,696.8,1978,157300,348100,505400,2025,Logement,MAMH — Données Québec (rôle d'évaluation foncière),https://donneesouvertes.affmunqc.net/role/RL71040_2026.xml,,,,
"32, Abeilles",,Coteau-du-Lac,,,995.9,1986,220000,284300,504300,2025,Logement,MAMH — Données Québec (rôle d'évaluation foncière),https://donneesouvertes.affmunqc.net/role/RL71040_2026.xml,,,,
"30, Abeilles",,Coteau-du-Lac,,,913.2,1966,212200,255000,467200,2025,Logement,MAMH — Données Québec (rôle d'évaluation foncière),https://donneesouvertes.affmunqc.net/role/RL71040_2026.xml,,,,
"8, Fort",,Coteau-du-Lac,,,1202.6,1978,234600,317100,551700,2025,Logement,MAMH — Données Québec (rôle d'évaluation foncière),https://donneesouvertes.affmunqc.net/role/RL71040_2026.xml,,,,
"28, Abeilles",,Coteau-du-Lac,,,914.2,1983,212200,357500,569700,2025,Logement,MAMH — Données Québec (rôle d'évaluation foncière),https://donneesouvertes.affmunqc.net/role/RL71040_2026.xml,,,,
"7, Fort",,Coteau-du-Lac,,,498.5,2019,139100,382800,521900,2025,Logement,MAMH — Données Québec (rôle d'évaluation foncière),https://donneesouvertes.affmunqc.net/role/RL71040_2026.xml,,,,
"6, Fort",,Coteau-du-Lac,,,436.8,1976,121900,197200,319100,2025,Logement,MAMH — Données Québec (rôle d'évaluation foncière),https://donneesouvertes.affmunqc.net/role/RL71040_2026.xml,,,,
"3, Fort",,Coteau-du-Lac,,,883.9,1984,205000,175700,380700,2025,Logement,MAMH — Données Québec (rôle d'évaluation foncière),https://donneesouvertes.affmunqc.net/role/RL71040_2026.xml,,,,
"2, Fort",,Coteau-du-Lac,,,526.8,1972,147000,96800,243800,2025,Logement,MAMH — Données Québec (rôle d'évaluation foncière),https://donneesouvertes.affmunqc.net/role/RL71040_2026.xml,,,,
"30, Sittelles",,Coteau-du-Lac,,,1562.6,2008,235100,632700,867800,2025,Logement,MAMH — Données Québec (rôle d'évaluation foncière),https://donneesouvertes.affmunqc.net/role/RL71040_2026.xml,,,,
"9, Fort",,Coteau-du-Lac,,,544.9,1985,152000,298100,450100,2025,Logement,MAMH — Données Québec (rôle d'évaluation foncière),https://donneesouvertes.affmunqc.net/role/RL71040_2026.xml,,,,
"10, Fort",,Coteau-du-Lac,,,543.5,1974,151600,214700,366300,2025,Logement,MAMH — Données Québec (rôle d'évaluation foncière),https://donneesouvertes.affmunqc.net/role/RL71040_2026.xml,,,,
"11, Fort",,Coteau-du-Lac,,,558.8,1974,155900,274900,430800,2025,Logement,MAMH — Données Québec (rôle d'évaluation foncière),https://donneesouvertes.affmunqc.net/role/RL71040_2026.xml,,,,
"12, Fort",,Coteau-du-Lac,,,1080,1974,234400,352700,587100,2025,Logement,MAMH — Données Québec (rôle d'évaluation foncière),https://donneesouvertes.affmunqc.net/role/RL71040_2026.xml,,,,
"14, Fort",,Coteau-du-Lac,,,855.8,1974,222600,265000,487600,2025,Logement,MAMH — Données Québec (rôle d'évaluation foncière),https://donneesouvertes.affmunqc.net/role/RL71040_2026.xml,,,,
"15, Fort",,Coteau-du-Lac,,,557.4,1958,155500,184700,340200,2025,Logement,MAMH — Données Québec (rôle d'évaluation foncière),https://donneesouvertes.affmunqc.net/role/RL71040_2026.xml,,,,
"12, Legros",,Coteau-du-Lac,,,3015.2,1971,280900,198400,479300,2025,Logement,MAMH — Données Québec (rôle d'évaluation foncière),https://donneesouvertes.affmunqc.net/role/RL71040_2026.xml,,,,
"3, Tulipes",,Coteau-du-Lac,,,671.2,1975,185200,192400,377600,2025,Logement,MAMH — Données Québec (rôle d'évaluation foncière),https://donneesouvertes.affmunqc.net/role/RL71040_2026.xml,,,,
"20, Legros",,Coteau-du-Lac,,,733.8,1978,211400,309600,521000,2025,Logement,MAMH — Données Québec (rôle d'évaluation foncière),https://donneesouvertes.affmunqc.net/role/RL71040_2026.xml,,,,
"16, Legros",,Coteau-du-Lac,,,2199.8,1973,278500,247500,526000,2025,Logement,MAMH — Données Québec (rôle d'évaluation foncière),https://donneesouvertes.affmunqc.net/role/RL71040_2026.xml,,,,
"6, Tulipes",,Coteau-du-Lac,,,1200.3,1985,234400,415000,649400,2025,Logement,MAMH — Données Québec (rôle d'évaluation foncière),https://donneesouvertes.affmunqc.net/role/RL71040_2026.xml,,,,
"17, Legros",,Coteau-du-Lac,,,679,1967,158000,248300,406300,2025,Logement,MAMH — Données Québec (rôle d'évaluation foncière),https://donneesouvertes.affmunqc.net/role/RL71040_2026.xml,,,,
"10, Tulipes",,Coteau-du-Lac,,,971.3,1965,213100,118000,331100,2025,Logement,MAMH — Données Québec (rôle d'évaluation foncière),https://donneesouvertes.affmunqc.net/role/RL71040_2026.xml,,,,
"29, Chutes",,Coteau-du-Lac,,,715.1,1989,244400,484900,729300,2025,Logement,MAMH — Données Québec (rôle d'évaluation foncière),https://donneesouvertes.affmunqc.net/role/RL71040_2026.xml,,,,
"30, Chutes",,Coteau-du-Lac,,,727.9,1985,246300,485800,732100,2025,Logement,MAMH — Données Québec (rôle d'évaluation foncière),https://donneesouvertes.affmunqc.net/role/RL71040_2026.xml,,,,
"31, Chutes",,Coteau-du-Lac,,,707.3,,243400,,243400,2025,Terrain vacant,MAMH — Données Québec (rôle d'évaluation foncière),https://donneesouvertes.affmunqc.net/role/RL71040_2026.xml,,,,
"32, Chutes",,Coteau-du-Lac,,,864.5,1987,197600,356600,554200,2025,Logement,MAMH — Données Québec (rôle d'évaluation foncière),https://donneesouvertes.affmunqc.net/role/RL71040_2026.xml,,,,
"48, Ile Langevin",,Coteau-du-Lac,,,2818.8,1950,477000,384900,861900,2025,Logement,MAMH — Données Québec (rôle d'évaluation foncière),https://donneesouvertes.affmunqc.net/role/RL71040_2026.xml,,,,
"294, Fleuve",,Coteau-du-Lac,,,2241.1,1988,200800,454400,655200,2025,Logement,MAMH — Données Québec (rôle d'évaluation foncière),https://donneesouvertes.affmunqc.net/role/RL71040_2026.xml,,,,
"33, Chutes",,Coteau-du-Lac,,,1001.6,1985,210300,396700,607000,2025,Logement,MAMH — Données Québec (rôle d'évaluation foncière),https://donneesouvertes.affmunqc.net/role/RL71040_2026.xml,,,,
"44, Ile Langevin",,Coteau-du-Lac,,,640.5,1950,211600,87900,299500,2025,Logement,MAMH — Données Québec (rôle d'évaluation foncière),https://donneesouvertes.affmunqc.net/role/RL71040_2026.xml,,,,
"46, Ile Langevin",,Coteau-du-Lac,,,772,1930,217700,69400,287100,2025,Logement,MAMH — Données Québec (rôle d'évaluation foncière),https://donneesouvertes.affmunqc.net/role/RL71040_2026.xml,,,,
"42, Ile Langevin",,Coteau-du-Lac,,,1147.1,1940,260500,92100,352600,2025,Logement,MAMH — Données Québec (rôle d'évaluation foncière),https://donneesouvertes.affmunqc.net/role/RL71040_2026.xml,,,,
"40, Ile Langevin",,Coteau-du-Lac,,,1755.1,1965,376300,562300,938600,2025,Logement,MAMH — Données Québec (rôle d'évaluation foncière),https://donneesouvertes.affmunqc.net/role/RL71040_2026.xml,,,,
"296, Fleuve",,Coteau-du-Lac,,,1327.9,1965,198000,218400,416400,2025,Logement,MAMH — Données Québec (rôle d'évaluation foncière),https://donneesouvertes.affmunqc.net/role/RL71040_2026.xml,,,,
"298, Fleuve",,Coteau-du-Lac,,,938.8,1900,169400,212400,381800,2025,Logement,MAMH — Données Québec (rôle d'évaluation foncière),https://donneesouvertes.affmunqc.net/role/RL71040_2026.xml,,,,
"300, Fleuve",,Coteau-du-Lac,,,1200.4,1950,284300,299900,584200,2025,Logement,MAMH — Données Québec (rôle d'évaluation foncière),https://donneesouvertes.affmunqc.net/role/RL71040_2026.xml,,,,
"302, Fleuve",,Coteau-du-Lac,,,671.8,1940,207600,167800,375400,2025,Logement,MAMH — Données Québec (rôle d'évaluation foncière),https://donneesouvertes.affmunqc.net/role/RL71040_2026.xml,,,,
"304, Fleuve",,Coteau-du-Lac,,,3726.6,1958,517100,381700,898800,2025,Logement,MAMH — Données Québec (rôle d'évaluation foncière),https://donneesouvertes.affmunqc.net/role/RL71040_2026.xml,,,,
"1, Fort",,Coteau-du-Lac,,,524.1,1971,146200,226100,372300,2025,Logement,MAMH — Données Québec (rôle d'évaluation foncière),https://donneesouvertes.affmunqc.net/role/RL71040_2026.xml,,,,
"301, Fleuve",,Coteau-du-Lac,,,1187.3,1960,195600,380900,576500,2025,Logement,MAMH — Données Québec (rôle d'évaluation foncière),https://donneesouvertes.affmunqc.net/role/RL71040_2026.xml,,,,
"303, Fleuve",,Coteau-du-Lac,,,1235.8,1961,237700,312800,550500,2025,Logement,MAMH — Données Québec (rôle d'évaluation foncière),https://donneesouvertes.affmunqc.net/role/RL71040_2026.xml,,,,
"19, Fort",,Coteau-du-Lac,,,740.7,1976,191600,326500,518100,2025,Logement,MAMH — Données Québec (rôle d'évaluation foncière),https://donneesouvertes.affmunqc.net/role/RL71040_2026.xml,,,,
"23, Fort",,Coteau-du-Lac,,,414.4,1960,115600,127200,242800,2025,Logement,MAMH — Données Québec (rôle d'évaluation foncière),https://donneesouvertes.affmunqc.net/role/RL71040_2026.xml,,,,
"18, Fort",,Coteau-du-Lac,,,743.4,,191900,,191900,2025,Terrain vacant,MAMH — Données Québec (rôle d'évaluation foncière),https://donneesouvertes.affmunqc.net/role/RL71040_2026.xml,,,,
"24, Fort",,Coteau-du-Lac,,,451.3,1965,125900,181800,307700,2025,Logement,MAMH — Données Québec (rôle d'évaluation foncière),https://donneesouvertes.affmunqc.net/role/RL71040_2026.xml,,,,
"25, Fort",,Coteau-du-Lac,,,472,1940,131700,150600,282300,2025,Logement,MAMH — Données Québec (rôle d'évaluation foncière),https://donneesouvertes.affmunqc.net/role/RL71040_2026.xml,,,,
"305, Fleuve",,Coteau-du-Lac,,,711.5,1978,188300,334600,522900,2025,Logement,MAMH — Données Québec (rôle d'évaluation foncière),https://donneesouvertes.affmunqc.net/role/RL71040_2026.xml,,,,
"307, Fleuve",,Coteau-du-Lac,,,711.5,1985,170000,127900,297900,2025,Industrie,MAMH — Données Québec (rôle d'évaluation foncière),https://donneesouvertes.affmunqc.net/role/RL71040_2026.xml,,,,
"309, Fleuve",,Coteau-du-Lac,,,515.8,1860,143900,121600,265500,2025,Immeuble à bureaux,MAMH — Données Québec (rôle d'évaluation foncière),https://donneesouvertes.affmunqc.net/role/RL71040_2026.xml,,,,
"311, Fleuve",,Coteau-du-Lac,,,726.5,1860,161800,147400,309200,2025,Logement,MAMH — Données Québec (rôle d'évaluation foncière),https://donneesouvertes.affmunqc.net/role/RL71040_2026.xml,,,,
"313, Fleuve",,Coteau-du-Lac,,,805.6,1860,197700,102100,299800,2025,Logement,MAMH — Données Québec (rôle d'évaluation foncière),https://donneesouvertes.affmunqc.net/role/RL71040_2026.xml,,,,
"16, Fort",,Coteau-du-Lac,,,557.4,1966,155500,190300,345800,2025,Logement,MAMH — Données Québec (rôle d'évaluation foncière),https://donneesouvertes.affmunqc.net/role/RL71040_2026.xml,,,,
"17, Fort",,Coteau-du-Lac,,,668.5,1974,184900,219600,404500,2025,Logement,MAMH — Données Québec (rôle d'évaluation foncière),https://donneesouvertes.affmunqc.net/role/RL71040_2026.xml,,,,
"317, Fleuve",,Coteau-du-Lac,,,7421.2,2003,942100,3899500,4841600,2025,Logement,MAMH — Données Québec (rôle d'évaluation foncière),https://donneesouvertes.affmunqc.net/role/RL71040_2026.xml,,,,
"10, Legros",,Coteau-du-Lac,,,2738.6,1890,280100,250500,530600,2025,Logement,MAMH — Données Québec (rôle d'évaluation foncière),https://donneesouvertes.affmunqc.net/role/RL71040_2026.xml,,,,
"8, Legros",,Coteau-du-Lac,,,1390.1,1992,276000,372800,648800,2025,Logement,MAMH — Données Québec (rôle d'évaluation foncière),https://donneesouvertes.affmunqc.net/role/RL71040_2026.xml,,,,
"6, Legros",,Coteau-du-Lac,,,1230,1936,261000,144500,405500,2025,Logement,MAMH — Données Québec (rôle d'évaluation foncière),https://donneesouvertes.affmunqc.net/role/RL71040_2026.xml,,,,
"15, Legros",,Coteau-du-Lac,,,1510.9,1984,209500,376200,585700,2025,Logement,MAMH — Données Québec (rôle d'évaluation foncière),https://donneesouvertes.affmunqc.net/role/RL71040_2026.xml,,,,
"4, Fleurie",,Coteau-du-Lac,,,633.7,1971,176800,195200,372000,2025,Logement,MAMH — Données Québec (rôle d'évaluation foncière),https://donneesouvertes.affmunqc.net/role/RL71040_2026.xml,,,,
"13, Muguets",,Coteau-du-Lac,,,557.4,1971,155500,230600,386100,2025,Logement,MAMH — Données Québec (rôle d'évaluation foncière),https://donneesouvertes.affmunqc.net/role/RL71040_2026.xml,,,,
"1, Fleurie",,Coteau-du-Lac,,,789.7,1974,196200,268800,465000,2025,Logement,MAMH — Données Québec (rôle d'évaluation foncière),https://donneesouvertes.affmunqc.net/role/RL71040_2026.xml,,,,
"16, Muguets",,Coteau-du-Lac,,,473.8,,132200,1800,134000,2025,Logement,MAMH — Données Québec (rôle d'évaluation foncière),https://donneesouvertes.affmunqc.net/role/RL71040_2026.xml,,,,
"13, Legros",,Coteau-du-Lac,,,1943,1977,236200,287300,523500,2025,Logement,MAMH — Données Québec (rôle d'évaluation foncière),https://donneesouvertes.affmunqc.net/role/RL71040_2026.xml,,,,
"306, Fleuve",,Coteau-du-Lac,,,2349.1,2008,497400,795000,1292400,2025,Immeuble à bureaux,MAMH — Données Québec (rôle d'évaluation foncière),https://donneesouvertes.affmunqc.net/role/RL71040_2026.xml,,,,
"319, Fleuve",,Coteau-du-Lac,,,1585.3,1981,236000,318400,554400,2025,Logement,MAMH — Données Québec (rôle d'évaluation foncière),https://donneesouvertes.affmunqc.net/role/RL71040_2026.xml,,,,
"315, Fleuve",,Coteau-du-Lac,,,749.8,1870,192500,97100,289600,2025,Logement,MAMH — Données Québec (rôle d'évaluation foncière),https://donneesouvertes.affmunqc.net/role/RL71040_2026.xml,,,,
"321, Fleuve, app. 325",,Coteau-du-Lac,,,1279.3,1953,234500,289500,524000,2025,Logement,MAMH — Données Québec (rôle d'évaluation foncière),https://donneesouvertes.affmunqc.net/role/RL71040_2026.xml,,,,
"327, Fleuve",,Coteau-du-Lac,,,2394.7,1977,250900,490100,741000,2025,Logement,MAMH — Données Québec (rôle d'évaluation foncière),https://donneesouvertes.affmunqc.net/role/RL71040_2026.xml,,,,
"2, Legros",,Coteau-du-Lac,,,1085,1930,246500,159600,406100,2025,Logement,MAMH — Données Québec (rôle d'évaluation foncière),https://donneesouvertes.affmunqc.net/role/RL71040_2026.xml,,,,
"20, Muguets",,Coteau-du-Lac,,,905.8,1975,207000,248100,455100,2025,Logement,MAMH — Données Québec (rôle d'évaluation foncière),https://donneesouvertes.affmunqc.net/role/RL71040_2026.xml,,,,
"6, Pivoines",,Coteau-du-Lac,,,992.1,1977,215000,515500,730500,2025,Logement,MAMH — Données Québec (rôle d'évaluation foncière),https://donneesouvertes.affmunqc.net/role/RL71040_2026.xml,,,,
"5, Legros",,Coteau-du-Lac,,,1012.6,1977,216900,512000,728900,2025,Logement,MAMH — Données Québec (rôle d'évaluation foncière),https://donneesouvertes.affmunqc.net/role/RL71040_2026.xml,,,,
"4, Pivoines, app. 4",,Coteau-du-Lac,,,1000.3,1977,215800,290400,506200,2025,Logement,MAMH — Données Québec (rôle d'évaluation foncière),https://donneesouvertes.affmunqc.net/role/RL71040_2026.xml,,,,
"1, Legros",,Coteau-du-Lac,,,1061.8,1982,221500,352600,574100,2025,Logement,MAMH — Données Québec (rôle d'évaluation foncière),https://donneesouvertes.affmunqc.net/role/RL71040_2026.xml,,,,
"3, Pivoines",,Coteau-du-Lac,,,1367.5,1976,245800,286500,532300,2025,Logement,MAMH — Données Québec (rôle d'évaluation foncière),https://donneesouvertes.affmunqc.net/role/RL71040_2026.xml,,,,
"1, Pivoines",,Coteau-du-Lac,,,1645.5,1978,247100,276400,523500,2025,Logement,MAMH — Données Québec (rôle d'évaluation foncière),https://donneesouvertes.affmunqc.net/role/RL71040_2026.xml,,,,
"308, Fleuve",,Coteau-du-Lac,,,40029.3,,1808100,708100,2516200,2025,Institutionnel,MAMH — Données Québec (rôle d'évaluation foncière),https://donneesouvertes.affmunqc.net/role/RL71040_2026.xml,,,,
"316, Fleuve",,Coteau-du-Lac,,,1655.9,1965,377200,367700,744900,2025,Logement,MAMH — Données Québec (rôle d'évaluation foncière),https://donneesouvertes.affmunqc.net/role/RL71040_2026.xml,,,,
"310, Fleuve",,Coteau-du-Lac,,,757.7,1947,174300,151800,326100,2025,Logement,MAMH — Données Québec (rôle d'évaluation foncière),https://donneesouvertes.affmunqc.net/role/RL71040_2026.xml,,,,
"312, Fleuve",,Coteau-du-Lac,,,825.1,1969,180500,175200,355700,2025,Logement,MAMH — Données Québec (rôle d'évaluation foncière),https://donneesouvertes.affmunqc.net/role/RL71040_2026.xml,,,,
"4, Wilson",,Coteau-du-Lac,,,872.7,1900,175400,133000,308400,2025,Logement,MAMH — Données Québec (rôle d'évaluation foncière),https://donneesouvertes.affmunqc.net/role/RL71040_2026.xml,,,,
"314, Fleuve, app. 314",,Coteau-du-Lac,,,3256,1978,257200,383500,640700,2025,Logement,MAMH — Données Québec (rôle d'évaluation foncière),https://donneesouvertes.affmunqc.net/role/RL71040_2026.xml,,,,
"329, Fleuve",,Coteau-du-Lac,,,875.8,,204200,,204200,2025,Terrain vacant,MAMH — Données Québec (rôle d'évaluation foncière),https://donneesouvertes.affmunqc.net/role/RL71040_2026.xml,,,,
"331, Fleuve",,Coteau-du-Lac,,,1472.7,1932,276500,229100,505600,2025,Logement,MAMH — Données Québec (rôle d'évaluation foncière),https://donneesouvertes.affmunqc.net/role/RL71040_2026.xml,,,,
"333, Fleuve",,Coteau-du-Lac,,,720.3,,189700,,189700,2025,Terrain vacant,MAMH — Données Québec (rôle d'évaluation foncière),https://donneesouvertes.affmunqc.net/role/RL71040_2026.xml,,,,
"335, Fleuve",,Coteau-du-Lac,,,1690.2,1850,315300,643700,959000,2025,Industrie,MAMH — Données Québec (rôle d'évaluation foncière),https://donneesouvertes.affmunqc.net/role/RL71040_2026.xml,,,,
"318, Fleuve",,Coteau-du-Lac,,,550.4,1885,153600,193000,346600,2025,Logement,MAMH — Données Québec (rôle d'évaluation foncière),https://donneesouvertes.affmunqc.net/role/RL71040_2026.xml,,,,
"320, Fleuve",,Coteau-du-Lac,,,131.2,2007,52300,188700,241000,2025,Logement,MAMH — Données Québec (rôle d'évaluation foncière),https://donneesouvertes.affmunqc.net/role/RL71040_2026.xml,,,,
"322, Fleuve",,Coteau-du-Lac,,,621.6,1968,173400,211900,385300,2025,Logement,MAMH — Données Québec (rôle d'évaluation foncière),https://donneesouvertes.affmunqc.net/role/RL71040_2026.xml,,,,
"18, Wilson",,Coteau-du-Lac,,,1409.6,1950,224200,221400,445600,2025,Logement,MAMH — Données Québec (rôle d'évaluation foncière),https://donneesouvertes.affmunqc.net/role/RL71040_2026.xml,,,,
"6, Wilson",,Coteau-du-Lac,,,406,1952,97400,103700,201100,2025,Logement,MAMH — Données Québec (rôle d'évaluation foncière),https://donneesouvertes.affmunqc.net/role/RL71040_2026.xml,,,,
"8, Wilson",,Coteau-du-Lac,,,500.8,2018,120200,271200,391400,2025,Logement,MAMH — Données Québec (rôle d'évaluation foncière),https://donneesouvertes.affmunqc.net/role/RL71040_2026.xml,,,,
"10, Wilson",,Coteau-du-Lac,,,639.3,1862,151900,174800,326700,2025,Logement,MAMH — Données Québec (rôle d'évaluation foncière),https://donneesouvertes.affmunqc.net/role/RL71040_2026.xml,,,,
"12, Wilson",,Coteau-du-Lac,,,688.8,1950,155900,102300,258200,2025,Logement,MAMH — Données Québec (rôle d'évaluation foncière),https://donneesouvertes.affmunqc.net/role/RL71040_2026.xml,,,,
"14, Wilson",,Coteau-du-Lac,,,1203.1,1900,220100,189800,409900,2025,Logement,MAMH — Données Québec (rôle d'évaluation foncière),https://donneesouvertes.affmunqc.net/role/RL71040_2026.xml,,,,
"16, Wilson, app. 20",,Coteau-du-Lac,,,819.2,,163900,136200,300100,2025,Logement,MAMH — Données Québec (rôle d'évaluation foncière),https://donneesouvertes.affmunqc.net/role/RL71040_2026.xml,,,,
"7, Mousseau",,Coteau-du-Lac,,,503.9,1910,120900,126000,246900,2025,Logement,MAMH — Données Québec (rôle d'évaluation foncière),https://donneesouvertes.affmunqc.net/role/RL71040_2026.xml,,,,
"11, Mousseau",,Coteau-du-Lac,,,500,1953,120000,220700,340700,2025,Logement,MAMH — Données Québec (rôle d'évaluation foncière),https://donneesouvertes.affmunqc.net/role/RL71040_2026.xml,,,,
"13, Mousseau",,Coteau-du-Lac,,,496.8,1880,119200,129400,248600,2025,Logement,MAMH — Données Québec (rôle d'évaluation foncière),https://donneesouvertes.affmunqc.net/role/RL71040_2026.xml,,,,
"15, Mousseau",,Coteau-du-Lac,,,493.8,1945,118500,138900,257400,2025,Logement,MAMH — Données Québec (rôle d'évaluation foncière),https://donneesouvertes.affmunqc.net/role/RL71040_2026.xml,,,,
"28, Mousseau",,Coteau-du-Lac,,,569.1,1966,136600,172700,309300,2025,Logement,MAMH — Données Québec (rôle d'évaluation foncière),https://donneesouvertes.affmunqc.net/role/RL71040_2026.xml,,,,
"21, Wilson",,Coteau-du-Lac,,,1539.7,1981,252300,357500,609800,2025,Logement,MAMH — Données Québec (rôle d'évaluation foncière),https://donneesouvertes.affmunqc.net/role/RL71040_2026.xml,,,,
"324, Fleuve",,Coteau-du-Lac,,,658.3,1878,183700,146800,330500,2025,Logement,MAMH — Données Québec (rôle d'évaluation foncière),https://donneesouvertes.affmunqc.net/role/RL71040_2026.xml,,,,
"3, Wilson",,Coteau-du-Lac,,,996.2,1955,185300,133600,318900,2025,Logement,MAMH — Données Québec (rôle d'évaluation foncière),https://donneesouvertes.affmunqc.net/role/RL71040_2026.xml,,,,
"326, Fleuve",,Coteau-du-Lac,,,2234.6,1962,387900,504100,892000,2025,Logement,MAMH — Données Québec (rôle d'évaluation foncière),https://donneesouvertes.affmunqc.net/role/RL71040_2026.xml,,,,
"328, Fleuve, app. 330",,Coteau-du-Lac,,,538.8,1875,150300,169000,319300,2025,Logement,MAMH — Données Québec (rôle d'évaluation foncière),https://donneesouvertes.affmunqc.net/role/RL71040_2026.xml,,,,
"5, Mousseau",,Coteau-du-Lac,,,504.4,1925,121100,167900,289000,2025,Logement,MAMH — Données Québec (rôle d'évaluation foncière),https://donneesouvertes.affmunqc.net/role/RL71040_2026.xml,,,,
"332, Fleuve, app. 336",,Coteau-du-Lac,,,972,1960,229900,517100,747000,2025,Immeuble à bureaux,MAMH — Données Québec (rôle d'évaluation foncière),https://donneesouvertes.affmunqc.net/role/RL71040_2026.xml,,,,
"22, Mousseau, app. 24",,Coteau-du-Lac,,,1336.5,1943,201800,248900,450700,2025,Logement,MAMH — Données Québec (rôle d'évaluation foncière),https://donneesouvertes.affmunqc.net/role/RL71040_2026.xml,,,,
"26, Mousseau",,Coteau-du-Lac,,,627.1,1986,150500,246700,397200,2025,Logement,MAMH — Données Québec (rôle d'évaluation foncière),https://donneesouvertes.affmunqc.net/role/RL71040_2026.xml,,,,
"30, Mousseau",,Coteau-du-Lac,,,535.3,1852,128500,186200,314700,2025,Logement,MAMH — Données Québec (rôle d'évaluation foncière),https://donneesouvertes.affmunqc.net/role/RL71040_2026.xml,,,,
"32, Mousseau",,Coteau-du-Lac,,,501.5,1930,120400,109300,229700,2025,Logement,MAMH — Données Québec (rôle d'évaluation foncière),https://donneesouvertes.affmunqc.net/role/RL71040_2026.xml,,,,
"34, Mousseau",,Coteau-du-Lac,,,368.9,1947,88500,279000,367500,2025,Logement,MAMH — Données Québec (rôle d'évaluation foncière),https://donneesouvertes.affmunqc.net/role/RL71040_2026.xml,,,,
"36, Mousseau",,Coteau-du-Lac,,,917.6,1938,207100,195200,402300,2025,Logement,MAMH — Données Québec (rôle d'évaluation foncière),https://donneesouvertes.affmunqc.net/role/RL71040_2026.xml,,,,
"338, Fleuve",,Coteau-du-Lac,,,5433,1960,876400,12400,888800,2025,Terrain vacant,MAMH — Données Québec (rôle d'évaluation foncière),https://donneesouvertes.affmunqc.net/role/RL71040_2026.xml,,,,
"342, Fleuve",,Coteau-du-Lac,,,22075.5,,4768300,2910300,7678600,2025,Industrie,MAMH — Données Québec (rôle d'évaluation foncière),https://donneesouvertes.affmunqc.net/role/RL71040_2026.xml,,,,
"24, Proulx",,Coteau-du-Lac,,,1844,1948,95100,162600,257700,2025,Logement,MAMH — Données Québec (rôle d'évaluation foncière),https://donneesouvertes.affmunqc.net/role/RL71040_2026.xml,,,,
"32, Proulx",,Coteau-du-Lac,,,1128.9,2021,72600,816600,889200,2025,Logement,MAMH — Données Québec (rôle d'évaluation foncière),https://donneesouvertes.affmunqc.net/role/RL71040_2026.xml,,,,
"30, Proulx",,Coteau-du-Lac,,,1096.4,2021,71900,817800,889700,2025,Logement,MAMH — Données Québec (rôle d'évaluation foncière),https://donneesouvertes.affmunqc.net/role/RL71040_2026.xml,,,,
"26, Proulx",,Coteau-du-Lac,,,1096.4,,71900,,71900,2025,Terrain vacant,MAMH — Données Québec (rôle d'évaluation foncière),https://donneesouvertes.affmunqc.net/role/RL71040_2026.xml,,,,
"28, Proulx",,Coteau-du-Lac,,,1760.7,1961,88600,231500,320100,2025,Logement,MAMH — Données Québec (rôle d'évaluation foncière),https://donneesouvertes.affmunqc.net/role/RL71040_2026.xml,,,,
"25, Bruno Sauve",,Coteau-du-Lac,,,1036.2,2006,292100,723400,1015500,2025,Logement,MAMH — Données Québec (rôle d'évaluation foncière),https://donneesouvertes.affmunqc.net/role/RL71040_2026.xml,,,,
"34, Proulx",,Coteau-du-Lac,,,1936.4,1977,90300,360200,450500,2025,Logement,MAMH — Données Québec (rôle d'évaluation foncière),https://donneesouvertes.affmunqc.net/role/RL71040_2026.xml,,,,
"29, Bruno Sauve",,Coteau-du-Lac,,,1062.4,1996,294800,705400,1000200,2025,Logement,MAMH — Données Québec (rôle d'évaluation foncière),https://donneesouvertes.affmunqc.net/role/RL71040_2026.xml,,,,
"27, Bruno Sauve",,Coteau-du-Lac,,,1032.9,1997,291800,725000,1016800,2025,Logement,MAMH — Données Québec (rôle d'évaluation foncière),https://donneesouvertes.affmunqc.net/role/RL71040_2026.xml,,,,
"43, Juillet",,Coteau-du-Lac,,,1273.9,1991,347400,694900,1042300,2025,Logement,MAMH — Données Québec (rôle d'évaluation foncière),https://donneesouvertes.affmunqc.net/role/RL71040_2026.xml,,,,
"41, Juillet",,Coteau-du-Lac,,,891.7,1991,302300,580400,882700,2025,Logement,MAMH — Données Québec (rôle d'évaluation foncière),https://donneesouvertes.affmunqc.net/role/RL71040_2026.xml,,,,
"45, Juillet",,Coteau-du-Lac,,,1017.7,1990,318400,664400,982800,2025,Logement,MAMH — Données Québec (rôle d'évaluation foncière),https://donneesouvertes.affmunqc.net/role/RL71040_2026.xml,,,,
"36, Riviere Delisle",,Coteau-du-Lac,,,7218,,306800,,306800,2025,Terrain vacant,MAMH — Données Québec (rôle d'évaluation foncière),https://donneesouvertes.affmunqc.net/role/RL71040_2026.xml,,,,
"22, Riviere Delisle",,Coteau-du-Lac,,,12067.8,,551700,,551700,2025,Terrain vacant,MAMH — Données Québec (rôle d'évaluation foncière),https://donneesouvertes.affmunqc.net/role/RL71040_2026.xml,,,,
"199, 338",,Coteau-du-Lac,,,19821.5,1986,1263300,229300,1492600,2025,Immeuble commercial,MAMH — Données Québec (rôle d'évaluation foncière),https://donneesouvertes.affmunqc.net/role/RL71040_2026.xml,,,,
"23, Bruno Sauve",,Coteau-du-Lac,,,1039.4,2007,292500,911600,1204100,2025,Logement,MAMH — Données Québec (rôle d'évaluation foncière),https://donneesouvertes.affmunqc.net/role/RL71040_2026.xml,,,,
"21, Bruno Sauve",,Coteau-du-Lac,,,339.3,2005,106700,223000,329700,2025,Logement,MAMH — Données Québec (rôle d'évaluation foncière),https://donneesouvertes.affmunqc.net/role/RL71040_2026.xml,,,,
"24, Bruno Sauve",,Coteau-du-Lac,,,875.3,2006,270500,532300,802800,2025,Logement,MAMH — Données Québec (rôle d'évaluation foncière),https://donneesouvertes.affmunqc.net/role/RL71040_2026.xml,,,,
"22, Bruno Sauve",,Coteau-du-Lac,,,875.3,2008,270500,916800,1187300,2025,Logement,MAMH — Données Québec (rôle d'évaluation foncière),https://donneesouvertes.affmunqc.net/role/RL71040_2026.xml,,,,
"20, Bruno Sauve",,Coteau-du-Lac,,,875.3,2008,270500,916800,1187300,2025,Logement,MAMH — Données Québec (rôle d'évaluation foncière),https://donneesouvertes.affmunqc.net/role/RL71040_2026.xml,,,,
"5, Juillet",,Coteau-du-Lac,,,867.1,1994,267900,501800,769700,2025,Logement,MAMH — Données Québec (rôle d'évaluation foncière),https://donneesouvertes.affmunqc.net/role/RL71040_2026.xml,,,,
"30, Bruno Sauve",,Coteau-du-Lac,,,935.1,2019,281700,1028900,1310600,2025,Logement,MAMH — Données Québec (rôle d'évaluation foncière),https://donneesouvertes.affmunqc.net/role/RL71040_2026.xml,,,,
"28, Bruno Sauve",,Coteau-du-Lac,,,875.3,2005,270500,522100,792600,2025,Logement,MAMH — Données Québec (rôle d'évaluation foncière),https://donneesouvertes.affmunqc.net/role/RL71040_2026.xml,,,,
"13, Juillet",,Coteau-du-Lac,,,990.7,1993,287400,471400,758800,2025,Logement,MAMH — Données Québec (rôle d'évaluation foncière),https://donneesouvertes.affmunqc.net/role/RL71040_2026.xml,,,,
"26, Bruno Sauve",,Coteau-du-Lac,,,875.3,2005,270500,522100,792600,2025,Logement,MAMH — Données Québec (rôle d'évaluation foncière),https://donneesouvertes.affmunqc.net/role/RL71040_2026.xml,,,,
"11, Juillet",,Coteau-du-Lac,,,943,1993,282500,537500,820000,2025,Logement,MAMH — Données Québec (rôle d'évaluation foncière),https://donneesouvertes.affmunqc.net/role/RL71040_2026.xml,,,,
"9, Juillet",,Coteau-du-Lac,,,706.1,1996,218200,526600,744800,2025,Logement,MAMH — Données Québec (rôle d'évaluation foncière),https://donneesouvertes.affmunqc.net/role/RL71040_2026.xml,,,,
"7, Juillet",,Coteau-du-Lac,,,867.1,1994,267900,565500,833400,2025,Logement,MAMH — Données Québec (rôle d'évaluation foncière),https://donneesouvertes.affmunqc.net/role/RL71040_2026.xml,,,,
"16, Juillet",,Coteau-du-Lac,,,489.4,2019,153400,435700,589100,2025,Logement,MAMH — Données Québec (rôle d'évaluation foncière),https://donneesouvertes.affmunqc.net/role/RL71040_2026.xml,,,,
"14, Juillet",,Coteau-du-Lac,,,418.1,2004,141700,288900,430600,2025,Logement,MAMH — Données Québec (rôle d'évaluation foncière),https://donneesouvertes.affmunqc.net/role/RL71040_2026.xml,,,,
"17, Juillet",,Coteau-du-Lac,,,362.1,2017,110500,386700,497200,2025,Logement,MAMH — Données Québec (rôle d'évaluation foncière),https://donneesouvertes.affmunqc.net/role/RL71040_2026.xml,,,,
"15, Juillet",,Coteau-du-Lac,,,779,,168000,,168000,2025,Terrain vacant,MAMH — Données Québec (rôle d'évaluation foncière),https://donneesouvertes.affmunqc.net/role/RL71040_2026.xml,,,,
"28, Juillet",,Coteau-du-Lac,,,511.6,1993,140300,264400,404700,2025,Logement,MAMH — Données Québec (rôle d'évaluation foncière),https://donneesouvertes.affmunqc.net/role/RL71040_2026.xml,,,,
"24, Juillet",,Coteau-du-Lac,,,423.9,1993,143700,261600,405300,2025,Logement,MAMH — Données Québec (rôle d'évaluation foncière),https://donneesouvertes.affmunqc.net/role/RL71040_2026.xml,,,,
"26, Juillet",,Coteau-du-Lac,,,436.8,1993,147400,280400,427800,2025,Logement,MAMH — Données Québec (rôle d'évaluation foncière),https://donneesouvertes.affmunqc.net/role/RL71040_2026.xml,,,,
"22, Juillet",,Coteau-du-Lac,,,438.2,1993,147600,293300,440900,2025,Logement,MAMH — Données Québec (rôle d'évaluation foncière),https://donneesouvertes.affmunqc.net/role/RL71040_2026.xml,,,,
"20, Juillet",,Coteau-du-Lac,,,394.2,2003,133600,301800,435400,2025,Logement,MAMH — Données Québec (rôle d'évaluation foncière),https://donneesouvertes.affmunqc.net/role/RL71040_2026.xml,,,,
"79, Leon-giroux",,Coteau-du-Lac,,,501.8,2013,160300,334000,494300,2025,Logement,MAMH — Données Québec (rôle d'évaluation foncière),https://donneesouvertes.affmunqc.net/role/RL71040_2026.xml,,,,
"18, Juillet",,Coteau-du-Lac,,,477,2003,152000,286900,438900,2025,Logement,MAMH — Données Québec (rôle d'évaluation foncière),https://donneesouvertes.affmunqc.net/role/RL71040_2026.xml,,,,
"77, Leon-giroux",,Coteau-du-Lac,,,445.7,2013,153700,320600,474300,2025,Logement,MAMH — Données Québec (rôle d'évaluation foncière),https://donneesouvertes.affmunqc.net/role/RL71040_2026.xml,,,,
"5, Leon-giroux",,Coteau-du-Lac,,,1061.6,2019,254800,416700,671500,2025,Logement,MAMH — Données Québec (rôle d'évaluation foncière),https://donneesouvertes.affmunqc.net/role/RL71040_2026.xml,,,,
"75, Leon-giroux",,Coteau-du-Lac,,,443.5,2013,153400,332200,485600,2025,Logement,MAMH — Données Québec (rôle d'évaluation foncière),https://donneesouvertes.affmunqc.net/role/RL71040_2026.xml,,,,
"19, Juillet",,Coteau-du-Lac,,,371.4,2017,113300,386700,500000,2025,Logement,MAMH — Données Québec (rôle d'évaluation foncière),https://donneesouvertes.affmunqc.net/role/RL71040_2026.xml,,,,
"30, Juillet",,Coteau-du-Lac,,,949.8,1990,310700,662400,973100,2025,Logement,MAMH — Données Québec (rôle d'évaluation foncière),https://donneesouvertes.affmunqc.net/role/RL71040_2026.xml,,,,
"32, Juillet",,Coteau-du-Lac,,,836.1,1990,283400,682500,965900,2025,Logement,MAMH — Données Québec (rôle d'évaluation foncière),https://donneesouvertes.affmunqc.net/role/RL71040_2026.xml,,,,
"72, Leon-giroux",,Coteau-du-Lac,,,687,1990,175700,232100,407800,2025,Logement,MAMH — Données Québec (rôle d'évaluation foncière),https://donneesouvertes.affmunqc.net/role/RL71040_2026.xml,,,,
"70, Leon-giroux",,Coteau-du-Lac,,,1375.7,2014,371600,1148000,1519600,2025,Logement,MAMH — Données Québec (rôle d'évaluation foncière),https://donneesouvertes.affmunqc.net/role/RL71040_2026.xml,,,,
"47, Juillet",,Coteau-du-Lac,,,1006.6,1994,317100,724600,1041700,2025,Logement,MAMH — Données Québec (rôle d'évaluation foncière),https://donneesouvertes.affmunqc.net/role/RL71040_2026.xml,,,,
"49, Juillet",,Coteau-du-Lac,,,1111.5,1991,329000,708400,1037400,2025,Logement,MAMH — Données Québec (rôle d'évaluation foncière),https://donneesouvertes.affmunqc.net/role/RL71040_2026.xml,,,,
"34, Juillet",,Coteau-du-Lac,,,836.1,1991,283400,741900,1025300,2025,Logement,MAMH — Données Québec (rôle d'évaluation foncière),https://donneesouvertes.affmunqc.net/role/RL71040_2026.xml,,,,
123-91,,Coteau-du-Lac,,,5490.7,,910000,,910000,2025,Institutionnel,MAMH — Données Québec (rôle d'évaluation foncière),https://donneesouvertes.affmunqc.net/role/RL71040_2026.xml,,,,
"36, Juillet",,Coteau-du-Lac,,,915.9,1992,306900,711800,1018700,2025,Logement,MAMH — Données Québec (rôle d'évaluation foncière),https://donneesouvertes.affmunqc.net/role/RL71040_2026.xml,,,,
"11, Bruno Sauve",,Coteau-du-Lac,,,1743.62,2017,621500,1393200,2014700,2025,Logement,MAMH — Données Québec (rôle d'évaluation foncière),https://donneesouvertes.affmunqc.net/role/RL71040_2026.xml,,,,
"13, Bruno Sauve",,Coteau-du-Lac,,,1743.62,2019,621500,1393200,2014700,2025,Logement,MAMH — Données Québec (rôle d'évaluation foncière),https://donneesouvertes.affmunqc.net/role/RL71040_2026.xml,,,,
"15, Bruno Sauve",,Coteau-du-Lac,,,1743.62,2020,621500,1365600,1987100,2025,Logement,MAMH — Données Québec (rôle d'évaluation foncière),https://donneesouvertes.affmunqc.net/role/RL71040_2026.xml,,,,
"17, Bruno Sauve",,Coteau-du-Lac,,,1743.62,2017,621500,1393200,2014700,2025,Logement,MAMH — Données Québec (rôle d'évaluation foncière),https://donneesouvertes.affmunqc.net/role/RL71040_2026.xml,,,,
"9, Bruno Sauve",,Coteau-du-Lac,,,244.1,2013,92400,223900,316300,2025,Logement,MAMH — Données Québec (rôle d'évaluation foncière),https://donneesouvertes.affmunqc.net/role/RL71040_2026.xml,,,,
"3, Juillet",,Coteau-du-Lac,,,934.3,1998,281600,484300,765900,2025,Logement,MAMH — Données Québec (rôle d'évaluation foncière),https://donneesouvertes.affmunqc.net/role/RL71040_2026.xml,,,,
"6, Juillet",,Coteau-du-Lac,,,418.1,2002,141700,291700,433400,2025,Logement,MAMH — Données Québec (rôle d'évaluation foncière),https://donneesouvertes.affmunqc.net/role/RL71040_2026.xml,,,,
"4, Juillet",,Coteau-du-Lac,,,418.1,1993,141700,239700,381400,2025,Logement,MAMH — Données Québec (rôle d'évaluation foncière),https://donneesouvertes.affmunqc.net/role/RL71040_2026.xml,,,,
"2, Juillet",,Coteau-du-Lac,,,418.1,1993,141700,217900,359600,2025,Logement,MAMH — Données Québec (rôle d'évaluation foncière),https://donneesouvertes.affmunqc.net/role/RL71040_2026.xml,,,,
"12, Juillet",,Coteau-du-Lac,,,418.1,1992,141700,257800,399500,2025,Logement,MAMH — Données Québec (rôle d'évaluation foncière),https://donneesouvertes.affmunqc.net/role/RL71040_2026.xml,,,,
"10, Juillet",,Coteau-du-Lac,,,498.5,1992,154400,355500,509900,2025,Logement,MAMH — Données Québec (rôle d'évaluation foncière),https://donneesouvertes.affmunqc.net/role/RL71040_2026.xml,,,,
"3, Leon-giroux",,Coteau-du-Lac,,,603.5,2018,193700,385200,578900,2025,Logement,MAMH — Données Québec (rôle d'évaluation foncière),https://donneesouvertes.affmunqc.net/role/RL71040_2026.xml,,,,
"2, Leon-giroux",,Coteau-du-Lac,,,660,2016,211900,393700,605600,2025,Logement,MAMH — Données Québec (rôle d'évaluation foncière),https://donneesouvertes.affmunqc.net/role/RL71040_2026.xml,,,,
"8, Juillet",,Coteau-du-Lac,,,470.6,2002,151300,325700,477000,2025,Logement,MAMH — Données Québec (rôle d'évaluation foncière),https://donneesouvertes.affmunqc.net/role/RL71040_2026.xml,,,,
"1, Leon-giroux",,Coteau-du-Lac,,,748.8,2021,221400,460500,681900,2025,Logement,MAMH — Données Québec (rôle d'évaluation foncière),https://donneesouvertes.affmunqc.net/role/RL71040_2026.xml,,,,
"17, Leon-giroux",,Coteau-du-Lac,,,557.4,2019,178900,376600,555500,2025,Logement,MAMH — Données Québec (rôle d'évaluation foncière),https://donneesouvertes.affmunqc.net/role/RL71040_2026.xml,,,,
"16, Leon-giroux",,Coteau-du-Lac,,,637.2,2022,204500,343700,548200,2025,Logement,MAMH — Données Québec (rôle d'évaluation foncière),https://donneesouvertes.affmunqc.net/role/RL71040_2026.xml,,,,
"209, 338",,Coteau-du-Lac,,,9751.3,,1963000,15934700,17897700,2025,Logement,MAMH — Données Québec (rôle d'évaluation foncière),https://donneesouvertes.affmunqc.net/role/RL71040_2026.xml,,,,
"22, Leon-giroux",,Coteau-du-Lac,,,867.8,2016,234100,353200,587300,2025,Logement,MAMH — Données Québec (rôle d'évaluation foncière),https://donneesouvertes.affmunqc.net/role/RL71040_2026.xml,,,,
"4, Leon-giroux",,Coteau-du-Lac,,,737.2,2019,220100,314000,534100,2025,Logement,MAMH — Données Québec (rôle d'évaluation foncière),https://donneesouvertes.affmunqc.net/role/RL71040_2026.xml,,,,
"73, Leon-giroux",,Coteau-du-Lac,,,443.5,2013,153400,322800,476200,2025,Logement,MAMH — Données Québec (rôle d'évaluation foncière),https://donneesouvertes.affmunqc.net/role/RL71040_2026.xml,,,,
"6, Leon-giroux",,Coteau-du-Lac,,,783.8,2016,225100,399500,624600,2025,Logement,MAMH — Données Québec (rôle d'évaluation foncière),https://donneesouvertes.affmunqc.net/role/RL71040_2026.xml,,,,
"71, Leon-giroux",,Coteau-du-Lac,,,443.5,2014,153400,311800,465200,2025,Logement,MAMH — Données Québec (rôle d'évaluation foncière),https://donneesouvertes.affmunqc.net/role/RL71040_2026.xml,,,,
"7, Leon-giroux",,Coteau-du-Lac,,,610.5,2019,196000,462700,658700,2025,Logement,MAMH — Données Québec (rôle d'évaluation foncière),https://donneesouvertes.affmunqc.net/role/RL71040_2026.xml,,,,
"69, Leon-giroux",,Coteau-du-Lac,,,443.5,2014,153400,343400,496800,2025,Logement,MAMH — Données Québec (rôle d'évaluation foncière),https://donneesouvertes.affmunqc.net/role/RL71040_2026.xml,,,,
"8, Leon-giroux",,Coteau-du-Lac,,,610.5,2017,196000,396400,592400,2025,Logement,MAMH — Données Québec (rôle d'évaluation foncière),https://donneesouvertes.affmunqc.net/role/RL71040_2026.xml,,,,
"19, Leon-giroux",,Coteau-du-Lac,,,687.7,2016,214800,309200,524000,2025,Logement,MAMH — Données Québec (rôle d'évaluation foncière),https://donneesouvertes.affmunqc.net/role/RL71040_2026.xml,,,,
"18, Leon-giroux",,Coteau-du-Lac,,,564.9,2018,181300,409500,590800,2025,Logement,MAMH — Données Québec (rôle d'évaluation foncière),https://donneesouvertes.affmunqc.net/role/RL71040_2026.xml,,,,
"9, Leon-giroux",,Coteau-du-Lac,,,621.4,2016,199500,426500,626000,2025,Logement,MAMH — Données Québec (rôle d'évaluation foncière),https://donneesouvertes.affmunqc.net/role/RL71040_2026.xml,,,,
"10, Leon-giroux",,Coteau-du-Lac,,,639.7,2015,205300,407200,612500,2025,Logement,MAMH — Données Québec (rôle d'évaluation foncière),https://donneesouvertes.affmunqc.net/role/RL71040_2026.xml,,,,
"20, Leon-giroux",,Coteau-du-Lac,,,812.2,2017,228100,413500,641600,2025,Logement,MAMH — Données Québec (rôle d'évaluation foncière),https://donneesouvertes.affmunqc.net/role/RL71040_2026.xml,,,,
"21, Leon-giroux",,Coteau-du-Lac,,,602.9,2018,193500,329800,523300,2025,Logement,MAMH — Données Québec (rôle d'évaluation foncière),https://donneesouvertes.affmunqc.net/role/RL71040_2026.xml,,,,
"11, Leon-giroux",,Coteau-du-Lac,,,641.5,2016,205900,448900,654800,2025,Logement,MAMH — Données Québec (rôle d'évaluation foncière),https://donneesouvertes.affmunqc.net/role/RL71040_2026.xml,,,,
"66, Leon-giroux",,Coteau-du-Lac,,,1553,2017,392300,1141500,1533800,2025,Logement,MAMH — Données Québec (rôle d'évaluation foncière),https://donneesouvertes.affmunqc.net/role/RL71040_2026.xml,,,,
"67, Leon-giroux",,Coteau-du-Lac,,,443.5,2014,153400,245800,399200,2025,Logement,MAMH — Données Québec (rôle d'évaluation foncière),https://donneesouvertes.affmunqc.net/role/RL71040_2026.xml,,,,
"65, Leon-giroux",,Coteau-du-Lac,,,443.5,2014,153400,234300,387700,2025,Logement,MAMH — Données Québec (rôle d'évaluation foncière),https://donneesouvertes.affmunqc.net/role/RL71040_2026.xml,,,,
"60, Leon-giroux",,Coteau-du-Lac,,,1384.4,2013,372600,1072500,1445100,2025,Logement,MAMH — Données Québec (rôle d'évaluation foncière),https://donneesouvertes.affmunqc.net/role/RL71040_2026.xml,,,,
"63, Leon-giroux",,Coteau-du-Lac,,,438.5,2015,152900,242500,395400,2025,Logement,MAMH — Données Québec (rôle d'évaluation foncière),https://donneesouvertes.affmunqc.net/role/RL71040_2026.xml,,,,
"61, Leon-giroux",,Coteau-du-Lac,,,438.5,2015,152900,262700,415600,2025,Logement,MAMH — Données Québec (rôle d'évaluation foncière),https://donneesouvertes.affmunqc.net/role/RL71040_2026.xml,,,,
"56, Leon-giroux",,Coteau-du-Lac,,,1242.8,2015,356000,1127100,1483100,2025,Logement,MAMH — Données Québec (rôle d'évaluation foncière),https://donneesouvertes.affmunqc.net/role/RL71040_2026.xml,,,,
"59, Leon-giroux",,Coteau-du-Lac,,,438.5,2015,152900,312300,465200,2025,Logement,MAMH — Données Québec (rôle d'évaluation foncière),https://donneesouvertes.affmunqc.net/role/RL71040_2026.xml,,,,
"38, Juillet",,Coteau-du-Lac,,,910.6,1991,306300,577500,883800,2025,Logement,MAMH — Données Québec (rôle d'évaluation foncière),https://donneesouvertes.affmunqc.net/role/RL71040_2026.xml,,,,
"40, Juillet",,Coteau-du-Lac,,,836.1,1992,283400,612400,895800,2025,Logement,MAMH — Données Québec (rôle d'évaluation foncière),https://donneesouvertes.affmunqc.net/role/RL71040_2026.xml,,,,
"42, Juillet",,Coteau-du-Lac,,,887.1,1993,300700,618200,918900,2025,Logement,MAMH — Données Québec (rôle d'évaluation foncière),https://donneesouvertes.affmunqc.net/role/RL71040_2026.xml,,,,
"53, Juillet",,Coteau-du-Lac,,,1308.6,1993,351300,1029900,1381200,2025,Logement,MAMH — Données Québec (rôle d'évaluation foncière),https://donneesouvertes.affmunqc.net/role/RL71040_2026.xml,,,,
"55, Juillet",,Coteau-du-Lac,,,1133.2,1993,331500,709500,1041000,2025,Logement,MAMH — Données Québec (rôle d'évaluation foncière),https://donneesouvertes.affmunqc.net/role/RL71040_2026.xml,,,,
"57, Juillet",,Coteau-du-Lac,,,1316.3,1994,352100,686200,1038300,2025,Logement,MAMH — Données Québec (rôle d'évaluation foncière),https://donneesouvertes.affmunqc.net/role/RL71040_2026.xml,,,,
"26, Legros",,Coteau-du-Lac,,,1054.3,1974,243400,203200,446600,2025,Logement,MAMH — Données Québec (rôle d'évaluation foncière),https://donneesouvertes.affmunqc.net/role/RL71040_2026.xml,,,,
"41, Seguin",,Coteau-du-Lac,,,523,1974,145900,183900,329800,2025,Logement,MAMH — Données Québec (rôle d'évaluation foncière),https://donneesouvertes.affmunqc.net/role/RL71040_2026.xml,,,,
"39, Seguin",,Coteau-du-Lac,,,530,1974,147900,233100,381000,2025,Logement,MAMH — Données Québec (rôle d'évaluation foncière),https://donneesouvertes.affmunqc.net/role/RL71040_2026.xml,,,,
"37, Seguin",,Coteau-du-Lac,,,534.9,1973,149200,250100,399300,2025,Logement,MAMH — Données Québec (rôle d'évaluation foncière),https://donneesouvertes.affmunqc.net/role/RL71040_2026.xml,,,,
"2, Lilas",,Coteau-du-Lac,,,1066.1,1974,221900,235100,457000,2025,Logement,MAMH — Données Québec (rôle d'évaluation foncière),https://donneesouvertes.affmunqc.net/role/RL71040_2026.xml,,,,
"35, Seguin",,Coteau-du-Lac,,,537.6,2019,150000,284800,434800,2025,Logement,MAMH — Données Québec (rôle d'évaluation foncière),https://donneesouvertes.affmunqc.net/role/RL71040_2026.xml,,,,
"211, 338",,Coteau-du-Lac,,,2524.1,1916,214800,291100,505900,2025,Logement,MAMH — Données Québec (rôle d'évaluation foncière),https://donneesouvertes.affmunqc.net/role/RL71040_2026.xml,,,,
"213, 338",,Coteau-du-Lac,,,1798,1979,212600,333100,545700,2025,Logement,MAMH — Données Québec (rôle d'évaluation foncière),https://donneesouvertes.affmunqc.net/role/RL71040_2026.xml,,,,
"12, Leon-giroux",,Coteau-du-Lac,,,641.5,2016,205900,432000,637900,2025,Logement,MAMH — Données Québec (rôle d'évaluation foncière),https://donneesouvertes.affmunqc.net/role/RL71040_2026.xml,,,,
"26, Leon-giroux",,Coteau-du-Lac,,,716.8,2020,217900,476900,694800,2025,Logement,MAMH — Données Québec (rôle d'évaluation foncière),https://donneesouvertes.affmunqc.net/role/RL71040_2026.xml,,,,
"23, Leon-giroux",,Coteau-du-Lac,,,760.6,2019,222600,425000,647600,2025,Logement,MAMH — Données Québec (rôle d'évaluation foncière),https://donneesouvertes.affmunqc.net/role/RL71040_2026.xml,,,,
"25, Leon-giroux",,Coteau-du-Lac,,,664.6,2022,212400,465100,677500,2025,Logement,MAMH — Données Québec (rôle d'évaluation foncière),https://donneesouvertes.affmunqc.net/role/RL71040_2026.xml,,,,
"24, Leon-giroux",,Coteau-du-Lac,,,702,2015,216400,357400,573800,2025,Logement,MAMH — Données Québec (rôle d'évaluation foncière),https://donneesouvertes.affmunqc.net/role/RL71040_2026.xml,,,,
"219, 338",,Coteau-du-Lac,,,1977.6,1934,213200,214000,427200,2025,Logement,MAMH — Données Québec (rôle d'évaluation foncière),https://donneesouvertes.affmunqc.net/role/RL71040_2026.xml,,,,
"57, Leon-giroux",,Coteau-du-Lac,,,438.5,2015,152900,291700,444600,2025,Logement,MAMH — Données Québec (rôle d'évaluation foncière),https://donneesouvertes.affmunqc.net/role/RL71040_2026.xml,,,,
"55, Leon-giroux",,Coteau-du-Lac,,,438.5,2016,152900,269300,422200,2025,Logement,MAMH — Données Québec (rôle d'évaluation foncière),https://donneesouvertes.affmunqc.net/role/RL71040_2026.xml,,,,
"52, Leon-giroux",,Coteau-du-Lac,,,1417.2,,376400,,376400,2025,Terrain vacant,MAMH — Données Québec (rôle d'évaluation foncière),https://donneesouvertes.affmunqc.net/role/RL71040_2026.xml,,,,
"53, Leon-giroux",,Coteau-du-Lac,,,438.5,2015,152900,252100,405000,2025,Logement,MAMH — Données Québec (rôle d'évaluation foncière),https://donneesouvertes.affmunqc.net/role/RL71040_2026.xml,,,,
"13, Leon-giroux",,Coteau-du-Lac,,,641.5,2017,205900,440900,646800,2025,Logement,MAMH — Données Québec (rôle d'évaluation foncière),https://donneesouvertes.affmunqc.net/role/RL71040_2026.xml,,,,
"51, Leon-giroux",,Coteau-du-Lac,,,438.5,2016,152900,261300,414200,2025,Logement,MAMH — Données Québec (rôle d'évaluation foncière),https://donneesouvertes.affmunqc.net/role/RL71040_2026.xml,,,,
"14, Leon-giroux",,Coteau-du-Lac,,,641.5,2015,205900,340400,546300,2025,Logement,MAMH — Données Québec (rôle d'évaluation foncière),https://donneesouvertes.affmunqc.net/role/RL71040_2026.xml,,,,
"49, Leon-giroux",,Coteau-du-Lac,,,578,2016,169200,260400,429600,2025,Logement,MAMH — Données Québec (rôle d'évaluation foncière),https://donneesouvertes.affmunqc.net/role/RL71040_2026.xml,,,,
"15, Leon-giroux",,Coteau-du-Lac,,,693.8,2018,215500,547600,763100,2025,Logement,MAMH — Données Québec (rôle d'évaluation foncière),https://donneesouvertes.affmunqc.net/role/RL71040_2026.xml,,,,
"30, Leon-giroux",,Coteau-du-Lac,,,745.2,2020,221000,648300,869300,2025,Logement,MAMH — Données Québec (rôle d'évaluation foncière),https://donneesouvertes.affmunqc.net/role/RL71040_2026.xml,,,,
"29, Leon-giroux",,Coteau-du-Lac,,,663.7,,212300,,212300,2025,Terrain vacant,MAMH — Données Québec (rôle d'évaluation foncière),https://donneesouvertes.affmunqc.net/role/RL71040_2026.xml,,,,
"28, Leon-giroux",,Coteau-du-Lac,,,683.4,,214400,,214400,2025,Terrain vacant,MAMH — Données Québec (rôle d'évaluation foncière),https://donneesouvertes.affmunqc.net/role/RL71040_2026.xml,,,,
"44, Juillet",,Coteau-du-Lac,,,1309.8,1996,351400,692000,1043400,2025,Logement,MAMH — Données Québec (rôle d'évaluation foncière),https://donneesouvertes.affmunqc.net/role/RL71040_2026.xml,,,,
"43, Pauline",,Coteau-du-Lac,,,690.5,1960,189000,216000,405000,2025,Logement,MAMH — Données Québec (rôle d'évaluation foncière),https://donneesouvertes.affmunqc.net/role/RL71040_2026.xml,,,,
"41, Pauline",,Coteau-du-Lac,,,2261.5,1967,258400,265900,524300,2025,Logement,MAMH — Données Québec (rôle d'évaluation foncière),https://donneesouvertes.affmunqc.net/role/RL71040_2026.xml,,,,
"46, Juillet",,Coteau-du-Lac,,,1013.8,1992,318000,733300,1051300,2025,Logement,MAMH — Données Québec (rôle d'évaluation foncière),https://donneesouvertes.affmunqc.net/role/RL71040_2026.xml,,,,
"47, Pauline",,Coteau-du-Lac,,,858.8,1962,204800,65200,270000,2025,Logement,MAMH — Données Québec (rôle d'évaluation foncière),https://donneesouvertes.affmunqc.net/role/RL71040_2026.xml,,,,
"45, Pauline",,Coteau-du-Lac,,,789.9,1985,198300,338500,536800,2025,Logement,MAMH — Données Québec (rôle d'évaluation foncière),https://donneesouvertes.affmunqc.net/role/RL71040_2026.xml,,,,
"48, Pauline",,Coteau-du-Lac,,,354.8,1989,100100,267000,367100,2025,Logement,MAMH — Données Québec (rôle d'évaluation foncière),https://donneesouvertes.affmunqc.net/role/RL71040_2026.xml,,,,
"46, Pauline",,Coteau-du-Lac,,,1254.2,1980,242000,214000,456000,2025,Logement,MAMH — Données Québec (rôle d'évaluation foncière),https://donneesouvertes.affmunqc.net/role/RL71040_2026.xml,,,,
"47, Lafreniere",,Coteau-du-Lac,,,765.7,1968,196100,71600,267700,2025,Logement,MAMH — Données Québec (rôle d'évaluation foncière),https://donneesouvertes.affmunqc.net/role/RL71040_2026.xml,,,,
"42, Pauline",,Coteau-du-Lac,,,603.8,1962,170300,194300,364600,2025,Logement,MAMH — Données Québec (rôle d'évaluation foncière),https://donneesouvertes.affmunqc.net/role/RL71040_2026.xml,,,,
"6, Lilas",,Coteau-du-Lac,,,557.4,1974,155500,194700,350200,2025,Logement,MAMH — Données Québec (rôle d'évaluation foncière),https://donneesouvertes.affmunqc.net/role/RL71040_2026.xml,,,,
"5, Tulipes",,Coteau-du-Lac,,,627.1,1975,175000,271400,446400,2025,Logement,MAMH — Données Québec (rôle d'évaluation foncière),https://donneesouvertes.affmunqc.net/role/RL71040_2026.xml,,,,
"3, Lilas",,Coteau-du-Lac,,,926.1,1983,188000,280400,468400,2025,Logement,MAMH — Données Québec (rôle d'évaluation foncière),https://donneesouvertes.affmunqc.net/role/RL71040_2026.xml,,,,
"8, Lilas",,Coteau-du-Lac,,,473.8,1984,132200,238400,370600,2025,Logement,MAMH — Données Québec (rôle d'évaluation foncière),https://donneesouvertes.affmunqc.net/role/RL71040_2026.xml,,,,
"7, Tulipes",,Coteau-du-Lac,,,631.7,1991,176200,253100,429300,2025,Logement,MAMH — Données Québec (rôle d'évaluation foncière),https://donneesouvertes.affmunqc.net/role/RL71040_2026.xml,,,,
"12, Fleurie",,Coteau-du-Lac,,,947.6,1972,210900,191100,402000,2025,Logement,MAMH — Données Québec (rôle d'évaluation foncière),https://donneesouvertes.affmunqc.net/role/RL71040_2026.xml,,,,
"10, Fleurie",,Coteau-du-Lac,,,789.7,1977,196200,205700,401900,2025,Logement,MAMH — Données Québec (rôle d'évaluation foncière),https://donneesouvertes.affmunqc.net/role/RL71040_2026.xml,,,,
"33, Seguin",,Coteau-du-Lac,,,537.9,1973,150100,189700,339800,2025,Logement,MAMH — Données Québec (rôle d'évaluation foncière),https://donneesouvertes.affmunqc.net/role/RL71040_2026.xml,,,,
"31, Seguin",,Coteau-du-Lac,,,683.1,1970,186300,228800,415100,2025,Logement,MAMH — Données Québec (rôle d'évaluation foncière),https://donneesouvertes.affmunqc.net/role/RL71040_2026.xml,,,,
"16, Fleurie",,Coteau-du-Lac,,,668.9,1974,185000,207800,392800,2025,Logement,MAMH — Données Québec (rôle d'évaluation foncière),https://donneesouvertes.affmunqc.net/role/RL71040_2026.xml,,,,
"29, Seguin",,Coteau-du-Lac,,,677.3,1972,185700,198400,384100,2025,Logement,MAMH — Données Québec (rôle d'évaluation foncière),https://donneesouvertes.affmunqc.net/role/RL71040_2026.xml,,,,
"27, Seguin",,Coteau-du-Lac,,,472.2,1973,131700,303700,435400,2025,Logement,MAMH — Données Québec (rôle d'évaluation foncière),https://donneesouvertes.affmunqc.net/role/RL71040_2026.xml,,,,
"40, Roy",,Coteau-du-Lac,,,592.3,1972,157000,263900,420900,2025,Logement,MAMH — Données Québec (rôle d'évaluation foncière),https://donneesouvertes.affmunqc.net/role/RL71040_2026.xml,,,,
"17, Fleurie",,Coteau-du-Lac,,,483.1,1971,134800,139300,274100,2025,Logement,MAMH — Données Québec (rôle d'évaluation foncière),https://donneesouvertes.affmunqc.net/role/RL71040_2026.xml,,,,
"15, Fleurie",,Coteau-du-Lac,,,585.3,1971,163300,197600,360900,2025,Logement,MAMH — Données Québec (rôle d'évaluation foncière),https://donneesouvertes.affmunqc.net/role/RL71040_2026.xml,,,,
"38, Roy",,Coteau-du-Lac,,,557.4,1972,155500,206300,361800,2025,Logement,MAMH — Données Québec (rôle d'évaluation foncière),https://donneesouvertes.affmunqc.net/role/RL71040_2026.xml,,,,
"25, Seguin",,Coteau-du-Lac,,,460.3,1973,128400,222200,350600,2025,Logement,MAMH — Données Québec (rôle d'évaluation foncière),https://donneesouvertes.affmunqc.net/role/RL71040_2026.xml,,,,
"23, Seguin",,Coteau-du-Lac,,,446.5,1972,124600,198400,323000,2025,Logement,MAMH — Données Québec (rôle d'évaluation foncière),https://donneesouvertes.affmunqc.net/role/RL71040_2026.xml,,,,
"21, Seguin",,Coteau-du-Lac,,,430.8,1973,120200,221300,341500,2025,Logement,MAMH — Données Québec (rôle d'évaluation foncière),https://donneesouvertes.affmunqc.net/role/RL71040_2026.xml,,,,
"223, 338",,Coteau-du-Lac,,,2265.1,1974,214000,310100,524100,2025,Logement,MAMH — Données Québec (rôle d'évaluation foncière),https://donneesouvertes.affmunqc.net/role/RL71040_2026.xml,,,,
"227, 338",,Coteau-du-Lac,,,4091.3,1976,228900,328900,557800,2025,Logement,MAMH — Données Québec (rôle d'évaluation foncière),https://donneesouvertes.affmunqc.net/role/RL71040_2026.xml,,,,
"21, Pauline",,Coteau-du-Lac,,,1112,1941,228600,152400,381000,2025,Logement,MAMH — Données Québec (rôle d'évaluation foncière),https://donneesouvertes.affmunqc.net/role/RL71040_2026.xml,,,,
"33, Pauline",,Coteau-du-Lac,,,823.1,1980,201500,256300,457800,2025,Logement,MAMH — Données Québec (rôle d'évaluation foncière),https://donneesouvertes.affmunqc.net/role/RL71040_2026.xml,,,,
"29, Pauline",,Coteau-du-Lac,,,414.8,1956,117000,119500,236500,2025,Logement,MAMH — Données Québec (rôle d'évaluation foncière),https://donneesouvertes.affmunqc.net/role/RL71040_2026.xml,,,,
"27, Pauline",,Coteau-du-Lac,,,626.6,1968,176700,225000,401700,2025,Logement,MAMH — Données Québec (rôle d'évaluation foncière),https://donneesouvertes.affmunqc.net/role/RL71040_2026.xml,,,,
"23, Pauline",,Coteau-du-Lac,,,630.4,1950,177800,146700,324500,2025,Logement,MAMH — Données Québec (rôle d'évaluation foncière),https://donneesouvertes.affmunqc.net/role/RL71040_2026.xml,,,,
"28, Pauline",,Coteau-du-Lac,,,418.1,1951,117900,184800,302700,2025,Logement,MAMH — Données Québec (rôle d'évaluation foncière),https://donneesouvertes.affmunqc.net/role/RL71040_2026.xml,,,,
"26, Pauline",,Coteau-du-Lac,,,418.1,1960,117900,133700,251600,2025,Logement,MAMH — Données Québec (rôle d'évaluation foncière),https://donneesouvertes.affmunqc.net/role/RL71040_2026.xml,,,,
"24, Pauline",,Coteau-du-Lac,,,627.1,1966,176800,104000,280800,2025,Logement,MAMH — Données Québec (rôle d'évaluation foncière),https://donneesouvertes.affmunqc.net/role/RL71040_2026.xml,,,,
"27, Lafreniere",,Coteau-du-Lac,,,418.1,1983,117900,203900,321800,2025,Logement,MAMH — Données Québec (rôle d'évaluation foncière),https://donneesouvertes.affmunqc.net/role/RL71040_2026.xml,,,,
"20, Pauline",,Coteau-du-Lac,,,1584.7,1955,249000,198600,447600,2025,Logement,MAMH — Données Québec (rôle d'évaluation foncière),https://donneesouvertes.affmunqc.net/role/RL71040_2026.xml,,,,
"37, Pauline",,Coteau-du-Lac,,,816.3,1979,200800,263700,464500,2025,Logement,MAMH — Données Québec (rôle d'évaluation foncière),https://donneesouvertes.affmunqc.net/role/RL71040_2026.xml,,,,
"36, Pauline",,Coteau-du-Lac,,,445.8,1960,125700,107400,233100,2025,Logement,MAMH — Données Québec (rôle d'évaluation foncière),https://donneesouvertes.affmunqc.net/role/RL71040_2026.xml,,,,
"34, Pauline",,Coteau-du-Lac,,,546.4,2010,154100,251800,405900,2025,Logement,MAMH — Données Québec (rôle d'évaluation foncière),https://donneesouvertes.affmunqc.net/role/RL71040_2026.xml,,,,
"32, Pauline",,Coteau-du-Lac,,,543.2,2011,153200,280800,434000,2025,Logement,MAMH — Données Québec (rôle d'évaluation foncière),https://donneesouvertes.affmunqc.net/role/RL71040_2026.xml,,,,
"37, Lafreniere",,Coteau-du-Lac,,,419.5,2019,118300,222800,341100,2025,Logement,MAMH — Données Québec (rôle d'évaluation foncière),https://donneesouvertes.affmunqc.net/role/RL71040_2026.xml,,,,
"30, Pauline",,Coteau-du-Lac,,,582.8,1968,164400,207100,371500,2025,Logement,MAMH — Données Québec (rôle d'évaluation foncière),https://donneesouvertes.affmunqc.net/role/RL71040_2026.xml,,,,
"35, Lafreniere",,Coteau-du-Lac,,,406.5,2020,114600,219500,334100,2025,Logement,MAMH — Données Québec (rôle d'évaluation foncière),https://donneesouvertes.affmunqc.net/role/RL71040_2026.xml,,,,
"33, Lafreniere",,Coteau-du-Lac,,,830.9,1974,202200,263700,465900,2025,Logement,MAMH — Données Québec (rôle d'évaluation foncière),https://donneesouvertes.affmunqc.net/role/RL71040_2026.xml,,,,
"29, Lafreniere, app. 31",,Coteau-du-Lac,,,836.1,2004,202700,439900,642600,2025,Logement,MAMH — Données Québec (rôle d'évaluation foncière),https://donneesouvertes.affmunqc.net/role/RL71040_2026.xml,,,,
"36, Lafreniere",,Coteau-du-Lac,,,758.8,1983,195400,298800,494200,2025,Logement,MAMH — Données Québec (rôle d'évaluation foncière),https://donneesouvertes.affmunqc.net/role/RL71040_2026.xml,,,,
"43, Lafreniere",,Coteau-du-Lac,,,836.1,1982,202700,243900,446600,2025,Logement,MAMH — Données Québec (rôle d'évaluation foncière),https://donneesouvertes.affmunqc.net/role/RL71040_2026.xml,,,,
"41, Lafreniere",,Coteau-du-Lac,,,646.9,1986,182400,296300,478700,2025,Logement,MAMH — Données Québec (rôle d'évaluation foncière),https://donneesouvertes.affmunqc.net/role/RL71040_2026.xml,,,,
"33, 201, app. 35",,Coteau-du-Lac,,,2844.2,2021,872900,2092300,2965200,2025,Immeuble à bureaux,MAMH — Données Québec (rôle d'évaluation foncière),https://donneesouvertes.affmunqc.net/role/RL71040_2026.xml,,,,
"40, Lafreniere",,Coteau-du-Lac,,,720.7,1972,191800,231100,422900,2025,Logement,MAMH — Données Québec (rôle d'évaluation foncière),https://donneesouvertes.affmunqc.net/role/RL71040_2026.xml,,,,
"31, 201",,Coteau-du-Lac,,,584.6,,130500,,130500,2025,Terrain vacant,MAMH — Données Québec (rôle d'évaluation foncière),https://donneesouvertes.affmunqc.net/role/RL71040_2026.xml,,,,
"40, 201, app. 40",,Coteau-du-Lac,,,1582,1986,426100,827000,1253100,2025,Immeuble à bureaux,MAMH — Données Québec (rôle d'évaluation foncière),https://donneesouvertes.affmunqc.net/role/RL71040_2026.xml,,,,
"50, Isabelle",,Coteau-du-Lac,,,836.1,2007,156800,230500,387300,2025,Logement,MAMH — Données Québec (rôle d'évaluation foncière),https://donneesouvertes.affmunqc.net/role/RL71040_2026.xml,,,,
"34, 201",,Coteau-du-Lac,,,1066.9,1976,297700,181100,478800,2025,Industrie,MAMH — Données Québec (rôle d'évaluation foncière),https://donneesouvertes.affmunqc.net/role/RL71040_2026.xml,,,,
"46, 201, app. 52",,Coteau-du-Lac,,,8361.1,1965,478800,226600,705400,2025,Immeuble à bureaux,MAMH — Données Québec (rôle d'évaluation foncière),https://donneesouvertes.affmunqc.net/role/RL71040_2026.xml,,,,
"44, 201",,Coteau-du-Lac,,,2464.7,1971,236400,240000,476400,2025,Logement,MAMH — Données Québec (rôle d'évaluation foncière),https://donneesouvertes.affmunqc.net/role/RL71040_2026.xml,,,,
"13, Fleurie",,Coteau-du-Lac,,,557.4,1971,155500,181900,337400,2025,Logement,MAMH — Données Québec (rôle d'évaluation foncière),https://donneesouvertes.affmunqc.net/role/RL71040_2026.xml,,,,
"11, Fleurie",,Coteau-du-Lac,,,464.5,1973,129600,193900,323500,2025,Logement,MAMH — Données Québec (rôle d'évaluation foncière),https://donneesouvertes.affmunqc.net/role/RL71040_2026.xml,,,,
"9, Fleurie",,Coteau-du-Lac,,,557.4,1975,155500,232500,388000,2025,Logement,MAMH — Données Québec (rôle d'évaluation foncière),https://donneesouvertes.affmunqc.net/role/RL71040_2026.xml,,,,
"14, Lilas",,Coteau-du-Lac,,,473.8,1973,132200,224900,357100,2025,Logement,MAMH — Données Québec (rôle d'évaluation foncière),https://donneesouvertes.affmunqc.net/role/RL71040_2026.xml,,,,
"7, Fleurie",,Coteau-du-Lac,,,557.4,1971,155500,208600,364100,2025,Logement,MAMH — Données Québec (rôle d'évaluation foncière),https://donneesouvertes.affmunqc.net/role/RL71040_2026.xml,,,,
"16, Lilas",,Coteau-du-Lac,,,473.8,1973,132200,246200,378400,2025,Logement,MAMH — Données Québec (rôle d'évaluation foncière),https://donneesouvertes.affmunqc.net/role/RL71040_2026.xml,,,,
"5, Fleurie",,Coteau-du-Lac,,,464.5,1971,129600,179900,309500,2025,Logement,MAMH — Données Québec (rôle d'évaluation foncière),https://donneesouvertes.affmunqc.net/role/RL71040_2026.xml,,,,
"23, Tulipes",,Coteau-du-Lac,,,829.2,1998,199900,391700,591600,2025,Logement,MAMH — Données Québec (rôle d'évaluation foncière),https://donneesouvertes.affmunqc.net/role/RL71040_2026.xml,,,,
"16, Tulipes",,Coteau-du-Lac,,,552.8,1975,154200,191500,345700,2025,Logement,MAMH — Données Québec (rôle d'évaluation foncière),https://donneesouvertes.affmunqc.net/role/RL71040_2026.xml,,,,
"25, Tulipes",,Coteau-du-Lac,,,592.3,1988,165300,232000,397300,2025,Logement,MAMH — Données Québec (rôle d'évaluation foncière),https://donneesouvertes.affmunqc.net/role/RL71040_2026.xml,,,,
"15, Muguets",,Coteau-du-Lac,,,473.8,1975,132200,196600,328800,2025,Logement,MAMH — Données Québec (rôle d'évaluation foncière),https://donneesouvertes.affmunqc.net/role/RL71040_2026.xml,,,,
"20, Tulipes",,Coteau-du-Lac,,,552.8,1981,154200,231300,385500,2025,Logement,MAMH — Données Québec (rôle d'évaluation foncière),https://donneesouvertes.affmunqc.net/role/RL71040_2026.xml,,,,
"17, Muguets",,Coteau-du-Lac,,,473.8,1976,132200,271200,403400,2025,Logement,MAMH — Données Québec (rôle d'évaluation foncière),https://donneesouvertes.affmunqc.net/role/RL71040_2026.xml,,,,
"27, Tulipes",,Coteau-du-Lac,,,710.7,1979,188900,360400,549300,2025,Logement,MAMH — Données Québec (rôle d'évaluation foncière),https://donneesouvertes.affmunqc.net/role/RL71040_2026.xml,,,,
"24, Tulipes",,Coteau-du-Lac,,,552.8,1975,154200,225600,379800,2025,Logement,MAMH — Données Québec (rôle d'évaluation foncière),https://donneesouvertes.affmunqc.net/role/RL71040_2026.xml,,,,
"11, Lilas",,Coteau-du-Lac,,,473.8,1974,132200,239000,371200,2025,Logement,MAMH — Données Québec (rôle d'évaluation foncière),https://donneesouvertes.affmunqc.net/role/RL71040_2026.xml,,,,
"36, Roy",,Coteau-du-Lac,,,557.4,1972,155500,185000,340500,2025,Logement,MAMH — Données Québec (rôle d'évaluation foncière),https://donneesouvertes.affmunqc.net/role/RL71040_2026.xml,,,,
"13, Lilas",,Coteau-du-Lac,,,473.8,1974,132200,212900,345100,2025,Logement,MAMH — Données Québec (rôle d'évaluation foncière),https://donneesouvertes.affmunqc.net/role/RL71040_2026.xml,,,,
"34, Roy",,Coteau-du-Lac,,,557.4,1972,155500,178000,333500,2025,Logement,MAMH — Données Québec (rôle d'évaluation foncière),https://donneesouvertes.affmunqc.net/role/RL71040_2026.xml,,,,
"15, Lilas",,Coteau-du-Lac,,,473.8,1974,132200,227600,359800,2025,Logement,MAMH — Données Québec (rôle d'évaluation foncière),https://donneesouvertes.affmunqc.net/role/RL71040_2026.xml,,,,
"30, Roy",,Coteau-du-Lac,,,1114.8,1974,226400,399600,626000,2025,Logement,MAMH — Données Québec (rôle d'évaluation foncière),https://donneesouvertes.affmunqc.net/role/RL71040_2026.xml,,,,
"17, Lilas",,Coteau-du-Lac,,,473.8,1974,132200,220300,352500,2025,Logement,MAMH — Données Québec (rôle d'évaluation foncière),https://donneesouvertes.affmunqc.net/role/RL71040_2026.xml,,,,
"18, Lilas",,Coteau-du-Lac,,,473.8,1978,132200,236900,369100,2025,Logement,MAMH — Données Québec (rôle d'évaluation foncière),https://donneesouvertes.affmunqc.net/role/RL71040_2026.xml,,,,
"19, Lilas",,Coteau-du-Lac,,,473.8,1979,132200,219000,351200,2025,Logement,MAMH — Données Québec (rôle d'évaluation foncière),https://donneesouvertes.affmunqc.net/role/RL71040_2026.xml,,,,
"28, Roy",,Coteau-du-Lac,,,568,1973,158500,256200,414700,2025,Logement,MAMH — Données Québec (rôle d'évaluation foncière),https://donneesouvertes.affmunqc.net/role/RL71040_2026.xml,,,,
"20, Lilas",,Coteau-du-Lac,,,592.3,1977,165300,274900,440200,2025,Logement,MAMH — Données Québec (rôle d'évaluation foncière),https://donneesouvertes.affmunqc.net/role/RL71040_2026.xml,,,,
"21, Lilas, app. 21",,Coteau-du-Lac,,,1010.8,1982,216800,389900,606700,2025,Logement,MAMH — Données Québec (rôle d'évaluation foncière),https://donneesouvertes.affmunqc.net/role/RL71040_2026.xml,,,,
"22, Lilas",,Coteau-du-Lac,,,592.3,1975,165300,265800,431100,2025,Logement,MAMH — Données Québec (rôle d'évaluation foncière),https://donneesouvertes.affmunqc.net/role/RL71040_2026.xml,,,,
"19, Seguin",,Coteau-du-Lac,,,413.2,1963,115300,197600,312900,2025,Logement,MAMH — Données Québec (rôle d'évaluation foncière),https://donneesouvertes.affmunqc.net/role/RL71040_2026.xml,,,,
"17, Seguin",,Coteau-du-Lac,,,393.7,1987,109800,373300,483100,2025,Logement,MAMH — Données Québec (rôle d'évaluation foncière),https://donneesouvertes.affmunqc.net/role/RL71040_2026.xml,,,,
"23, Roy",,Coteau-du-Lac,,,1081.4,1971,223300,291500,514800,2025,Logement,MAMH — Données Québec (rôle d'évaluation foncière),https://donneesouvertes.affmunqc.net/role/RL71040_2026.xml,,,,
"19, Roy, app. 21",,Coteau-du-Lac,,,791.5,1969,196400,324200,520600,2025,Logement,MAMH — Données Québec (rôle d'évaluation foncière),https://donneesouvertes.affmunqc.net/role/RL71040_2026.xml,,,,
"17, Roy",,Coteau-du-Lac,,,1096.1,1974,224700,333600,558300,2025,Logement,MAMH — Données Québec (rôle d'évaluation foncière),https://donneesouvertes.affmunqc.net/role/RL71040_2026.xml,,,,
"16, Seguin",,Coteau-du-Lac,,,551.6,1976,153900,197500,351400,2025,Logement,MAMH — Données Québec (rôle d'évaluation foncière),https://donneesouvertes.affmunqc.net/role/RL71040_2026.xml,,,,
"14, Seguin",,Coteau-du-Lac,,,576,1976,160700,287900,448600,2025,Logement,MAMH — Données Québec (rôle d'évaluation foncière),https://donneesouvertes.affmunqc.net/role/RL71040_2026.xml,,,,
"24, Roy",,Coteau-du-Lac,,,621.2,2023,173300,388300,561600,2025,Logement,MAMH — Données Québec (rôle d'évaluation foncière),https://donneesouvertes.affmunqc.net/role/RL71040_2026.xml,,,,
"13, Roy",,Coteau-du-Lac,,,1222.2,1967,236400,301700,538100,2025,Logement,MAMH — Données Québec (rôle d'évaluation foncière),https://donneesouvertes.affmunqc.net/role/RL71040_2026.xml,,,,
"13, Seguin",,Coteau-du-Lac,,,968.4,1991,212800,609000,821800,2025,Logement,MAMH — Données Québec (rôle d'évaluation foncière),https://donneesouvertes.affmunqc.net/role/RL71040_2026.xml,,,,
"11, Seguin",,Coteau-du-Lac,,,890.2,1945,205500,131300,336800,2025,Logement,MAMH — Données Québec (rôle d'évaluation foncière),https://donneesouvertes.affmunqc.net/role/RL71040_2026.xml,,,,
"9, Seguin",,Coteau-du-Lac,,,873.9,1975,204000,239600,443600,2025,Logement,MAMH — Données Québec (rôle d'évaluation foncière),https://donneesouvertes.affmunqc.net/role/RL71040_2026.xml,,,,
"25, Lafreniere",,Coteau-du-Lac,,,836.1,1960,202700,198400,401100,2025,Logement,MAMH — Données Québec (rôle d'évaluation foncière),https://donneesouvertes.affmunqc.net/role/RL71040_2026.xml,,,,
"21, Lafreniere",,Coteau-du-Lac,,,505.8,1960,142600,202500,345100,2025,Logement,MAMH — Données Québec (rôle d'évaluation foncière),https://donneesouvertes.affmunqc.net/role/RL71040_2026.xml,,,,
"21, 201",,Coteau-du-Lac,,,2690.8,2007,746700,1642300,2389000,2025,Immeuble à bureaux,MAMH — Données Québec (rôle d'évaluation foncière),https://donneesouvertes.affmunqc.net/role/RL71040_2026.xml,,,,
"34, Lafreniere",,Coteau-du-Lac,,,919.7,1981,210500,277600,488100,2025,Logement,MAMH — Données Québec (rôle d'évaluation foncière),https://donneesouvertes.affmunqc.net/role/RL71040_2026.xml,,,,
"27, 201, app. 27",,Coteau-du-Lac,,,895,,249700,168000,417700,2025,Immeuble à bureaux,MAMH — Données Québec (rôle d'évaluation foncière),https://donneesouvertes.affmunqc.net/role/RL71040_2026.xml,,,,
"32, Lafreniere",,Coteau-du-Lac,,,376.3,1986,106100,242700,348800,2025,Logement,MAMH — Données Québec (rôle d'évaluation foncière),https://donneesouvertes.affmunqc.net/role/RL71040_2026.xml,,,,
"30, Lafreniere",,Coteau-du-Lac,,,376.3,1986,106100,230700,336800,2025,Logement,MAMH — Données Québec (rôle d'évaluation foncière),https://donneesouvertes.affmunqc.net/role/RL71040_2026.xml,,,,
"25, 201, app. 25",,Coteau-du-Lac,,,642.9,,179400,321600,501000,2025,Immeuble à bureaux,MAMH — Données Québec (rôle d'évaluation foncière),https://donneesouvertes.affmunqc.net/role/RL71040_2026.xml,,,,
"23, 201",,Coteau-du-Lac,,,319.4,1973,89100,216000,305100,2025,Industrie,MAMH — Données Québec (rôle d'évaluation foncière),https://donneesouvertes.affmunqc.net/role/RL71040_2026.xml,,,,
"32, 201",,Coteau-du-Lac,,,533.7,1954,148900,108600,257500,2025,Logement,MAMH — Données Québec (rôle d'évaluation foncière),https://donneesouvertes.affmunqc.net/role/RL71040_2026.xml,,,,
"30, 201",,Coteau-du-Lac,,,533,1900,148700,130300,279000,2025,Logement,MAMH — Données Québec (rôle d'évaluation foncière),https://donneesouvertes.affmunqc.net/role/RL71040_2026.xml,,,,
"28, 201",,Coteau-du-Lac,,,482.3,1960,134600,176200,310800,2025,Logement,MAMH — Données Québec (rôle d'évaluation foncière),https://donneesouvertes.affmunqc.net/role/RL71040_2026.xml,,,,
"22, Germain",,Coteau-du-Lac,,,1759.1,1960,203900,396700,600600,2025,Logement,MAMH — Données Québec (rôle d'évaluation foncière),https://donneesouvertes.affmunqc.net/role/RL71040_2026.xml,,,,
"48, Isabelle",,Coteau-du-Lac,,,1755.9,1950,203900,89300,293200,2025,Logement,MAMH — Données Québec (rôle d'évaluation foncière),https://donneesouvertes.affmunqc.net/role/RL71040_2026.xml,,,,
"16, Germain",,Coteau-du-Lac,,,864,1993,158900,263600,422500,2025,Logement,MAMH — Données Québec (rôle d'évaluation foncière),https://donneesouvertes.affmunqc.net/role/RL71040_2026.xml,,,,
"20, Germain",,Coteau-du-Lac,,,1728,1968,203900,151200,355100,2025,Logement,MAMH — Données Québec (rôle d'évaluation foncière),https://donneesouvertes.affmunqc.net/role/RL71040_2026.xml,,,,
"46, Isabelle",,Coteau-du-Lac,,,1237.5,1987,196900,240200,437100,2025,Logement,MAMH — Données Québec (rôle d'évaluation foncière),https://donneesouvertes.affmunqc.net/role/RL71040_2026.xml,,,,
"21, Germain",,Coteau-du-Lac,,,896.5,1950,170700,111900,282600,2025,Logement,MAMH — Données Québec (rôle d'évaluation foncière),https://donneesouvertes.affmunqc.net/role/RL71040_2026.xml,,,,
"44, Isabelle",,Coteau-du-Lac,,,1442.8,1960,203500,117200,320700,2025,Logement,MAMH — Données Québec (rôle d'évaluation foncière),https://donneesouvertes.affmunqc.net/role/RL71040_2026.xml,,,,
"19, Muguets",,Coteau-du-Lac,,,473.8,1975,132200,205900,338100,2025,Logement,MAMH — Données Québec (rôle d'évaluation foncière),https://donneesouvertes.affmunqc.net/role/RL71040_2026.xml,,,,
"28, Tulipes",,Coteau-du-Lac,,,552.8,1975,154200,244400,398600,2025,Logement,MAMH — Données Québec (rôle d'évaluation foncière),https://donneesouvertes.affmunqc.net/role/RL71040_2026.xml,,,,
"21, Muguets",,Coteau-du-Lac,,,473.8,1978,132200,206200,338400,2025,Logement,MAMH — Données Québec (rôle d'évaluation foncière),https://donneesouvertes.affmunqc.net/role/RL71040_2026.xml,,,,
"32, Tulipes",,Coteau-du-Lac,,,552.8,1975,154200,236100,390300,2025,Logement,MAMH — Données Québec (rôle d'évaluation foncière),https://donneesouvertes.affmunqc.net/role/RL71040_2026.xml,,,,
"23, Muguets",,Coteau-du-Lac,,,473.8,1976,132200,232600,364800,2025,Logement,MAMH — Données Québec (rôle d'évaluation foncière),https://donneesouvertes.affmunqc.net/role/RL71040_2026.xml,,,,
"25, Muguets",,Coteau-du-Lac,,,473.8,1976,132200,232000,364200,2025,Logement,MAMH — Données Québec (rôle d'évaluation foncière),https://donneesouvertes.affmunqc.net/role/RL71040_2026.xml,,,,
"22, Muguets, app. 22",,Coteau-du-Lac,,,473.8,1985,132200,305500,437700,2025,Logement,MAMH — Données Québec (rôle d'évaluation foncière),https://donneesouvertes.affmunqc.net/role/RL71040_2026.xml,,,,
"36, Tulipes",,Coteau-du-Lac,,,615.9,1975,171800,209300,381100,2025,Logement,MAMH — Données Québec (rôle d'évaluation foncière),https://donneesouvertes.affmunqc.net/role/RL71040_2026.xml,,,,
"27, Muguets",,Coteau-du-Lac,,,537,1983,149800,307700,457500,2025,Logement,MAMH — Données Québec (rôle d'évaluation foncière),https://donneesouvertes.affmunqc.net/role/RL71040_2026.xml,,,,
"24, Muguets",,Coteau-du-Lac,,,473.8,1986,132200,292000,424200,2025,Logement,MAMH — Données Québec (rôle d'évaluation foncière),https://donneesouvertes.affmunqc.net/role/RL71040_2026.xml,,,,
"26, Muguets",,Coteau-du-Lac,,,537,1972,149800,244400,394200,2025,Logement,MAMH — Données Québec (rôle d'évaluation foncière),https://donneesouvertes.affmunqc.net/role/RL71040_2026.xml,,,,
"31, Tulipes",,Coteau-du-Lac,,,710.7,1979,188900,263200,452100,2025,Logement,MAMH — Données Québec (rôle d'évaluation foncière),https://donneesouvertes.affmunqc.net/role/RL71040_2026.xml,,,,
"24, Lilas",,Coteau-du-Lac,,,773.9,1974,194700,185900,380600,2025,Logement,MAMH — Données Québec (rôle d'évaluation foncière),https://donneesouvertes.affmunqc.net/role/RL71040_2026.xml,,,,
"33, Tulipes",,Coteau-du-Lac,,,537,1994,149800,228800,378600,2025,Logement,MAMH — Données Québec (rôle d'évaluation foncière),https://donneesouvertes.affmunqc.net/role/RL71040_2026.xml,,,,
"12, Seguin",,Coteau-du-Lac,,,594.9,1974,166000,203700,369700,2025,Logement,MAMH — Données Québec (rôle d'évaluation foncière),https://donneesouvertes.affmunqc.net/role/RL71040_2026.xml,,,,
"22, Roy, app. 22",,Coteau-du-Lac,,,786.5,1967,195900,391200,587100,2025,Logement,MAMH — Données Québec (rôle d'évaluation foncière),https://donneesouvertes.affmunqc.net/role/RL71040_2026.xml,,,,
"11, Roy, app. 11",,Coteau-du-Lac,,,576,1973,160700,408500,569200,2025,Logement,MAMH — Données Québec (rôle d'évaluation foncière),https://donneesouvertes.affmunqc.net/role/RL71040_2026.xml,,,,
"20, Roy",,Coteau-du-Lac,,,718.9,1967,189600,245200,434800,2025,Logement,MAMH — Données Québec (rôle d'évaluation foncière),https://donneesouvertes.affmunqc.net/role/RL71040_2026.xml,,,,
"9, Roy, app. 9",,Coteau-du-Lac,,,601.1,1965,167700,239600,407300,2025,Logement,MAMH — Données Québec (rôle d'évaluation foncière),https://donneesouvertes.affmunqc.net/role/RL71040_2026.xml,,,,
"16, Roy, app. 18",,Coteau-du-Lac,,,718.8,1955,189600,267900,457500,2025,Logement,MAMH — Données Québec (rôle d'évaluation foncière),https://donneesouvertes.affmunqc.net/role/RL71040_2026.xml,,,,
"7, Roy",,Coteau-du-Lac,,,574.6,1964,160300,221400,381700,2025,Logement,MAMH — Données Québec (rôle d'évaluation foncière),https://donneesouvertes.affmunqc.net/role/RL71040_2026.xml,,,,
"14, Roy",,Coteau-du-Lac,,,718.8,1965,189600,345800,535400,2025,Logement,MAMH — Données Québec (rôle d'évaluation foncière),https://donneesouvertes.affmunqc.net/role/RL71040_2026.xml,,,,
"5, Roy",,Coteau-du-Lac,,,576,1950,160700,149100,309800,2025,Logement,MAMH — Données Québec (rôle d'évaluation foncière),https://donneesouvertes.affmunqc.net/role/RL71040_2026.xml,,,,
"8, Roy, app. 12",,Coteau-du-Lac,,,741.9,1960,191800,415500,607300,2025,Logement,MAMH — Données Québec (rôle d'évaluation foncière),https://donneesouvertes.affmunqc.net/role/RL71040_2026.xml,,,,
"6, Roy",,Coteau-du-Lac,,,718.8,1980,189600,268000,457600,2025,Logement,MAMH — Données Québec (rôle d'évaluation foncière),https://donneesouvertes.affmunqc.net/role/RL71040_2026.xml,,,,
"7, Seguin",,Coteau-du-Lac,,,1004.7,1968,216200,272600,488800,2025,Logement,MAMH — Données Québec (rôle d'évaluation foncière),https://donneesouvertes.affmunqc.net/role/RL71040_2026.xml,,,,
"10, Seguin",,Coteau-du-Lac,,,593.1,1974,165500,241500,407000,2025,Logement,MAMH — Données Québec (rôle d'évaluation foncière),https://donneesouvertes.affmunqc.net/role/RL71040_2026.xml,,,,
"5, Seguin",,Coteau-du-Lac,,,1165.5,1967,231200,251700,482900,2025,Logement,MAMH — Données Québec (rôle d'évaluation foncière),https://donneesouvertes.affmunqc.net/role/RL71040_2026.xml,,,,
"8, Seguin",,Coteau-du-Lac,,,604.3,1950,168600,184400,353000,2025,Logement,MAMH — Données Québec (rôle d'évaluation foncière),https://donneesouvertes.affmunqc.net/role/RL71040_2026.xml,,,,
"3, Seguin",,Coteau-du-Lac,,,712.7,1889,189000,160100,349100,2025,Logement,MAMH — Données Québec (rôle d'évaluation foncière),https://donneesouvertes.affmunqc.net/role/RL71040_2026.xml,,,,
"6, Seguin",,Coteau-du-Lac,,,576,2024,160700,359500,520200,2025,Logement,MAMH — Données Québec (rôle d'évaluation foncière),https://donneesouvertes.affmunqc.net/role/RL71040_2026.xml,,,,
"1, Seguin",,Coteau-du-Lac,,,353.5,1945,98600,158800,257400,2025,Logement,MAMH — Données Québec (rôle d'évaluation foncière),https://donneesouvertes.affmunqc.net/role/RL71040_2026.xml,,,,
"4, Seguin",,Coteau-du-Lac,,,557.4,1968,155500,208500,364000,2025,Logement,MAMH — Données Québec (rôle d'évaluation foncière),https://donneesouvertes.affmunqc.net/role/RL71040_2026.xml,,,,
"25, Principale",,Coteau-du-Lac,,,365.2,1892,101900,159400,261300,2025,Logement,MAMH — Données Québec (rôle d'évaluation foncière),https://donneesouvertes.affmunqc.net/role/RL71040_2026.xml,,,,
"3, Roy",,Coteau-du-Lac,,,576,1932,160700,171700,332400,2025,Logement,MAMH — Données Québec (rôle d'évaluation foncière),https://donneesouvertes.affmunqc.net/role/RL71040_2026.xml,,,,
"2, Seguin",,Coteau-du-Lac,,,594.5,1885,165900,180700,346600,2025,Logement,MAMH — Données Québec (rôle d'évaluation foncière),https://donneesouvertes.affmunqc.net/role/RL71040_2026.xml,,,,
"27, Principale",,Coteau-du-Lac,,,2961.9,1927,582400,497600,1080000,2025,Logement,MAMH — Données Québec (rôle d'évaluation foncière),https://donneesouvertes.affmunqc.net/role/RL71040_2026.xml,,,,
"235, 338",,Coteau-du-Lac,,,9823.6,2007,1471600,3977100,5448700,2025,Immeuble à bureaux,MAMH — Données Québec (rôle d'évaluation foncière),https://donneesouvertes.affmunqc.net/role/RL71040_2026.xml,,,,
"233, 338",,Coteau-du-Lac,,,,1978,,50700,50700,2025,Immeuble commercial,MAMH — Données Québec (rôle d'évaluation foncière),https://donneesouvertes.affmunqc.net/role/RL71040_2026.xml,,,,
"237, 338",,Coteau-du-Lac,,,3232.2,,561500,801400,1362900,2025,Industrie,MAMH — Données Québec (rôle d'évaluation foncière),https://donneesouvertes.affmunqc.net/role/RL71040_2026.xml,,,,
"239, 338",,Coteau-du-Lac,,,1438.4,1942,191600,180600,372200,2025,Logement,MAMH — Données Québec (rôle d'évaluation foncière),https://donneesouvertes.affmunqc.net/role/RL71040_2026.xml,,,,
"241, 338",,Coteau-du-Lac,,,988.7,1942,168500,140300,308800,2025,Logement,MAMH — Données Québec (rôle d'évaluation foncière),https://donneesouvertes.affmunqc.net/role/RL71040_2026.xml,,,,
"39, Isabelle",,Coteau-du-Lac,,,896.4,1960,170700,184600,355300,2025,Logement,MAMH — Données Québec (rôle d'évaluation foncière),https://donneesouvertes.affmunqc.net/role/RL71040_2026.xml,,,,
"25, Germain",,Coteau-du-Lac,,,2060.7,1974,204400,245000,449400,2025,Logement,MAMH — Données Québec (rôle d'évaluation foncière),https://donneesouvertes.affmunqc.net/role/RL71040_2026.xml,,,,
"37, Isabelle",,Coteau-du-Lac,,,1796.3,1981,204000,324000,528000,2025,Logement,MAMH — Données Québec (rôle d'évaluation foncière),https://donneesouvertes.affmunqc.net/role/RL71040_2026.xml,,,,
"35, Isabelle",,Coteau-du-Lac,,,838.8,,157000,51600,208600,2025,Logement,MAMH — Données Québec (rôle d'évaluation foncière),https://donneesouvertes.affmunqc.net/role/RL71040_2026.xml,,,,
"33, Isabelle",,Coteau-du-Lac,,,838.1,1979,156900,311100,468000,2025,Logement,MAMH — Données Québec (rôle d'évaluation foncière),https://donneesouvertes.affmunqc.net/role/RL71040_2026.xml,,,,
"40, Isabelle",,Coteau-du-Lac,,,954.7,1964,165900,191900,357800,2025,Logement,MAMH — Données Québec (rôle d'évaluation foncière),https://donneesouvertes.affmunqc.net/role/RL71040_2026.xml,,,,
"38, Isabelle",,Coteau-du-Lac,,,2924.7,1980,205700,290900,496600,2025,Logement,MAMH — Données Québec (rôle d'évaluation foncière),https://donneesouvertes.affmunqc.net/role/RL71040_2026.xml,,,,
"36, Isabelle",,Coteau-du-Lac,,,3895,1975,207100,329100,536200,2025,Logement,MAMH — Données Québec (rôle d'évaluation foncière),https://donneesouvertes.affmunqc.net/role/RL71040_2026.xml,,,,
"34, Isabelle",,Coteau-du-Lac,,,2353.3,1980,204800,296200,501000,2025,Logement,MAMH — Données Québec (rôle d'évaluation foncière),https://donneesouvertes.affmunqc.net/role/RL71040_2026.xml,,,,
"30, Isabelle",,Coteau-du-Lac,,,3609.2,1970,206700,463400,670100,2025,Logement,MAMH — Données Québec (rôle d'évaluation foncière),https://donneesouvertes.affmunqc.net/role/RL71040_2026.xml,,,,
"339, Fleuve",,Coteau-du-Lac,,,22548.3,,1534400,2595200,4129600,2025,Industrie,MAMH — Données Québec (rôle d'évaluation foncière),https://donneesouvertes.affmunqc.net/role/RL71040_2026.xml,,,,
"1, Principale",,Coteau-du-Lac,,,1067,1916,294500,235300,529800,2025,Immeuble à bureaux,MAMH — Données Québec (rôle d'évaluation foncière),https://donneesouvertes.affmunqc.net/role/RL71040_2026.xml,,,,
"2, Roy",,Coteau-du-Lac,,,1040.5,1932,219500,193100,412600,2025,Logement,MAMH — Données Québec (rôle d'évaluation foncière),https://donneesouvertes.affmunqc.net/role/RL71040_2026.xml,,,,
"11, Principale",,Coteau-du-Lac,,,646.1,1987,180300,430100,610400,2025,Logement,MAMH — Données Québec (rôle d'évaluation foncière),https://donneesouvertes.affmunqc.net/role/RL71040_2026.xml,,,,
"9, Principale",,Coteau-du-Lac,,,1149.8,1939,302200,393500,695700,2025,Immeuble à bureaux,MAMH — Données Québec (rôle d'évaluation foncière),https://donneesouvertes.affmunqc.net/role/RL71040_2026.xml,,,,
"7, Principale",,Coteau-du-Lac,,,553.9,1877,154500,231100,385600,2025,Immeuble à bureaux,MAMH — Données Québec (rôle d'évaluation foncière),https://donneesouvertes.affmunqc.net/role/RL71040_2026.xml,,,,
"5, Principale, app. 5",,Coteau-du-Lac,,,560.9,2023,156500,474400,630900,2025,Immeuble à bureaux,MAMH — Données Québec (rôle d'évaluation foncière),https://donneesouvertes.affmunqc.net/role/RL71040_2026.xml,,,,
"3, Principale, app. 3",,Coteau-du-Lac,,,583,2013,162700,971500,1134200,2025,Immeuble à bureaux,MAMH — Données Québec (rôle d'évaluation foncière),https://donneesouvertes.affmunqc.net/role/RL71040_2026.xml,,,,
"21, Principale, app. 23",,Coteau-du-Lac,,,278.7,1977,77800,225000,302800,2025,Immeuble à bureaux,MAMH — Données Québec (rôle d'évaluation foncière),https://donneesouvertes.affmunqc.net/role/RL71040_2026.xml,,,,
"1, Roy",,Coteau-du-Lac,,,576,1940,160700,180000,340700,2025,Logement,MAMH — Données Québec (rôle d'évaluation foncière),https://donneesouvertes.affmunqc.net/role/RL71040_2026.xml,,,,
"19, Principale",,Coteau-du-Lac,,,278.7,1956,77800,202300,280100,2025,Immeuble à bureaux,MAMH — Données Québec (rôle d'évaluation foncière),https://donneesouvertes.affmunqc.net/role/RL71040_2026.xml,,,,
"15, Principale, app. 17",,Coteau-du-Lac,,,278.7,1942,77800,224400,302200,2025,Logement,MAMH — Données Québec (rôle d'évaluation foncière),https://donneesouvertes.affmunqc.net/role/RL71040_2026.xml,,,,
"13, Principale",,Coteau-du-Lac,,,278.7,1970,77800,184300,262100,2025,Immeuble à bureaux,MAMH — Données Québec (rôle d'évaluation foncière),https://donneesouvertes.affmunqc.net/role/RL71040_2026.xml,,,,
"10, Principale",,Coteau-du-Lac,,,690.1,1939,192500,404900,597400,2025,Immeuble à bureaux,MAMH — Données Québec (rôle d'évaluation foncière),https://donneesouvertes.affmunqc.net/role/RL71040_2026.xml,,,,
"6, Principale, app. 8",,Coteau-du-Lac,,,490.3,1917,136800,375700,512500,2025,Immeuble à bureaux,MAMH — Données Québec (rôle d'évaluation foncière),https://donneesouvertes.affmunqc.net/role/RL71040_2026.xml,,,,
"2, Parc",,Coteau-du-Lac,,,1374.7,1957,323100,668200,991300,2025,Immeuble à bureaux,MAMH — Données Québec (rôle d'évaluation foncière),https://donneesouvertes.affmunqc.net/role/RL71040_2026.xml,,,,
"1, Parc",,Coteau-du-Lac,,,4172.6,1940,692700,1501000,2193700,2025,Industrie,MAMH — Données Québec (rôle d'évaluation foncière),https://donneesouvertes.affmunqc.net/role/RL71040_2026.xml,,,,
"16, Principale, app. 18",,Coteau-du-Lac,,,1007.2,1930,281000,510200,791200,2025,Immeuble à bureaux,MAMH — Données Québec (rôle d'évaluation foncière),https://donneesouvertes.affmunqc.net/role/RL71040_2026.xml,,,,
"12, Principale, app. 14",,Coteau-du-Lac,,,1045.2,1954,291600,256700,548300,2025,Logement,MAMH — Données Québec (rôle d'évaluation foncière),https://donneesouvertes.affmunqc.net/role/RL71040_2026.xml,,,,
"20, Principale",,Coteau-du-Lac,,,4360.7,1991,824000,2524300,3348300,2025,Industrie,MAMH — Données Québec (rôle d'évaluation foncière),https://donneesouvertes.affmunqc.net/role/RL71040_2026.xml,,,,
"8, Yvon",,Coteau-du-Lac,,,696.7,1977,187600,518700,706300,2025,Logement,MAMH — Données Québec (rôle d'évaluation foncière),https://donneesouvertes.affmunqc.net/role/RL71040_2026.xml,,,,
"6, Yvon",,Coteau-du-Lac,,,453,1927,126400,111600,238000,2025,Logement,MAMH — Données Québec (rôle d'évaluation foncière),https://donneesouvertes.affmunqc.net/role/RL71040_2026.xml,,,,
"4, Yvon",,Coteau-du-Lac,,,520.2,1958,145100,163500,308600,2025,Logement,MAMH — Données Québec (rôle d'évaluation foncière),https://donneesouvertes.affmunqc.net/role/RL71040_2026.xml,,,,
"16, Parc",,Coteau-du-Lac,,,11448.3,,853600,,853600,2025,Terrain vacant,MAMH — Données Québec (rôle d'évaluation foncière),https://donneesouvertes.affmunqc.net/role/RL71040_2026.xml,,,,
"243, 338",,Coteau-du-Lac,,,934.2,1997,164300,221800,386100,2025,Logement,MAMH — Données Québec (rôle d'évaluation foncière),https://donneesouvertes.affmunqc.net/role/RL71040_2026.xml,,,,
"245, 338",,Coteau-du-Lac,,,1126.7,1950,183400,246300,429700,2025,Logement,MAMH — Données Québec (rôle d'évaluation foncière),https://donneesouvertes.affmunqc.net/role/RL71040_2026.xml,,,,
"247, 338",,Coteau-du-Lac,,,890.4,2016,161000,354300,515300,2025,Logement,MAMH — Données Québec (rôle d'évaluation foncière),https://donneesouvertes.affmunqc.net/role/RL71040_2026.xml,,,,
"27, Isabelle",,Coteau-du-Lac,,,1671,1974,203800,306300,510100,2025,Logement,MAMH — Données Québec (rôle d'évaluation foncière),https://donneesouvertes.affmunqc.net/role/RL71040_2026.xml,,,,
"21, Isabelle",,Coteau-du-Lac,,,1446.1,1972,203500,316100,519600,2025,Logement,MAMH — Données Québec (rôle d'évaluation foncière),https://donneesouvertes.affmunqc.net/role/RL71040_2026.xml,,,,
"22, Isabelle, app. 22",,Coteau-du-Lac,,,539.9,1960,124700,275000,399700,2025,Logement,MAMH — Données Québec (rôle d'évaluation foncière),https://donneesouvertes.affmunqc.net/role/RL71040_2026.xml,,,,
"20, Isabelle",,Coteau-du-Lac,,,720.4,1955,157100,201300,358400,2025,Logement,MAMH — Données Québec (rôle d'évaluation foncière),https://donneesouvertes.affmunqc.net/role/RL71040_2026.xml,,,,
"26, Isabelle",,Coteau-du-Lac,,,1530.8,1982,193400,308300,501700,2025,Logement,MAMH — Données Québec (rôle d'évaluation foncière),https://donneesouvertes.affmunqc.net/role/RL71040_2026.xml,,,,
"24, Isabelle",,Coteau-du-Lac,,,573.7,1980,132500,335100,467600,2025,Logement,MAMH — Données Québec (rôle d'évaluation foncière),https://donneesouvertes.affmunqc.net/role/RL71040_2026.xml,,,,
"341, Fleuve",,Coteau-du-Lac,,,10257.8,1863,870700,8355500,9226200,2025,Industrie,MAMH — Données Québec (rôle d'évaluation foncière),https://donneesouvertes.affmunqc.net/role/RL71040_2026.xml,,,,
"340, Fleuve, app. 340",,Coteau-du-Lac,,,1933.3,1950,403000,626900,1029900,2025,Immeuble à bureaux,MAMH — Données Québec (rôle d'évaluation foncière),https://donneesouvertes.affmunqc.net/role/RL71040_2026.xml,,,,
"2, Principale",,Coteau-du-Lac,,,289.2,1966,76800,377000,453800,2025,Industrie,MAMH — Données Québec (rôle d'évaluation foncière),https://donneesouvertes.affmunqc.net/role/RL71040_2026.xml,,,,
"343, Fleuve",,Coteau-du-Lac,,,1270.8,1948,257700,381800,639500,2025,Logement,MAMH — Données Québec (rôle d'évaluation foncière),https://donneesouvertes.affmunqc.net/role/RL71040_2026.xml,,,,
"345, Fleuve",,Coteau-du-Lac,,,1121.4,1960,227100,260800,487900,2025,Logement,MAMH — Données Québec (rôle d'évaluation foncière),https://donneesouvertes.affmunqc.net/role/RL71040_2026.xml,,,,
"4, Principale",,Coteau-du-Lac,,,4854,1932,684900,882400,1567300,2025,Industrie,MAMH — Données Québec (rôle d'évaluation foncière),https://donneesouvertes.affmunqc.net/role/RL71040_2026.xml,,,,
"2, Yvon",,Coteau-du-Lac,,,993.1,1940,172100,68000,240100,2025,Logement,MAMH — Données Québec (rôle d'évaluation foncière),https://donneesouvertes.affmunqc.net/role/RL71040_2026.xml,,,,
"8, Parc",,Coteau-du-Lac,,,520.3,1974,145200,198800,344000,2025,Logement,MAMH — Données Québec (rôle d'évaluation foncière),https://donneesouvertes.affmunqc.net/role/RL71040_2026.xml,,,,
"10, Parc, app. 10",,Coteau-du-Lac,,,891.9,1942,205700,195800,401500,2025,Logement,MAMH — Données Québec (rôle d'évaluation foncière),https://donneesouvertes.affmunqc.net/role/RL71040_2026.xml,,,,
"12, Parc",,Coteau-du-Lac,,,1087.2,1945,268500,175200,443700,2025,Logement,MAMH — Données Québec (rôle d'évaluation foncière),https://donneesouvertes.affmunqc.net/role/RL71040_2026.xml,,,,
"25, Besner",,Coteau-du-Lac,,,557.4,,190600,,190600,2025,Terrain vacant,MAMH — Données Québec (rôle d'évaluation foncière),https://donneesouvertes.affmunqc.net/role/RL71040_2026.xml,,,,
"23, Besner",,Coteau-du-Lac,,,696.8,1969,229900,30900,260800,2025,Industrie,MAMH — Données Québec (rôle d'évaluation foncière),https://donneesouvertes.affmunqc.net/role/RL71040_2026.xml,,,,
"18, Parc",,Coteau-du-Lac,,,929,1954,256400,197300,453700,2025,Logement,MAMH — Données Québec (rôle d'évaluation foncière),https://donneesouvertes.affmunqc.net/role/RL71040_2026.xml,,,,
"31, Besner",,Coteau-du-Lac,,,1144.7,1988,281000,532800,813800,2025,Logement,MAMH — Données Québec (rôle d'évaluation foncière),https://donneesouvertes.affmunqc.net/role/RL71040_2026.xml,,,,
"29, Besner",,Coteau-du-Lac,,,845.4,1988,246900,526300,773200,2025,Logement,MAMH — Données Québec (rôle d'évaluation foncière),https://donneesouvertes.affmunqc.net/role/RL71040_2026.xml,,,,
"27, Besner",,Coteau-du-Lac,,,975.5,1985,261700,199800,461500,2025,Immeuble commercial,MAMH — Données Québec (rôle d'évaluation foncière),https://donneesouvertes.affmunqc.net/role/RL71040_2026.xml,,,,
"26, Besner",,Coteau-du-Lac,,,1158.8,1989,282600,537200,819800,2025,Logement,MAMH — Données Québec (rôle d'évaluation foncière),https://donneesouvertes.affmunqc.net/role/RL71040_2026.xml,,,,
"24, Besner",,Coteau-du-Lac,,,1158.3,1989,282500,401500,684000,2025,Logement,MAMH — Données Québec (rôle d'évaluation foncière),https://donneesouvertes.affmunqc.net/role/RL71040_2026.xml,,,,
"22, Besner",,Coteau-du-Lac,,,747,2008,235600,254400,490000,2025,Logement,MAMH — Données Québec (rôle d'évaluation foncière),https://donneesouvertes.affmunqc.net/role/RL71040_2026.xml,,,,
"35, Besner",,Coteau-du-Lac,,,1051.9,1988,270400,458400,728800,2025,Logement,MAMH — Données Québec (rôle d'évaluation foncière),https://donneesouvertes.affmunqc.net/role/RL71040_2026.xml,,,,
"37, Besner",,Coteau-du-Lac,,,772.3,1974,238500,182100,420600,2025,Logement,MAMH — Données Québec (rôle d'évaluation foncière),https://donneesouvertes.affmunqc.net/role/RL71040_2026.xml,,,,
"39, Besner",,Coteau-du-Lac,,,777.4,1975,239100,216800,455900,2025,Logement,MAMH — Données Québec (rôle d'évaluation foncière),https://donneesouvertes.affmunqc.net/role/RL71040_2026.xml,,,,
"41, Besner",,Coteau-du-Lac,,,730.4,1989,233700,209300,443000,2025,Logement,MAMH — Données Québec (rôle d'évaluation foncière),https://donneesouvertes.affmunqc.net/role/RL71040_2026.xml,,,,
"43, Besner",,Coteau-du-Lac,,,729.2,1988,233600,272100,505700,2025,Logement,MAMH — Données Québec (rôle d'évaluation foncière),https://donneesouvertes.affmunqc.net/role/RL71040_2026.xml,,,,
"28, Besner",,Coteau-du-Lac,,,751.8,1991,236200,621700,857900,2025,Logement,MAMH — Données Québec (rôle d'évaluation foncière),https://donneesouvertes.affmunqc.net/role/RL71040_2026.xml,,,,
"344, Fleuve",,Coteau-du-Lac,,,3130.1,1850,485800,541600,1027400,2025,Logement,MAMH — Données Québec (rôle d'évaluation foncière),https://donneesouvertes.affmunqc.net/role/RL71040_2026.xml,,,,
"1, Blanchard",,Coteau-du-Lac,,,296.2,,82600,,82600,2025,Terrain vacant,MAMH — Données Québec (rôle d'évaluation foncière),https://donneesouvertes.affmunqc.net/role/RL71040_2026.xml,,,,
"3, Blanchard",,Coteau-du-Lac,,,592.3,1972,165300,334000,499300,2025,Logement,MAMH — Données Québec (rôle d'évaluation foncière),https://donneesouvertes.affmunqc.net/role/RL71040_2026.xml,,,,
"347, Fleuve",,Coteau-du-Lac,,,1076.8,1972,222900,342100,565000,2025,Logement,MAMH — Données Québec (rôle d'évaluation foncière),https://donneesouvertes.affmunqc.net/role/RL71040_2026.xml,,,,
"349, Fleuve",,Coteau-du-Lac,,,691.2,1964,187000,199400,386400,2025,Logement,MAMH — Données Québec (rôle d'évaluation foncière),https://donneesouvertes.affmunqc.net/role/RL71040_2026.xml,,,,
"351, Fleuve",,Coteau-du-Lac,,,705.8,1960,188400,226800,415200,2025,Logement,MAMH — Données Québec (rôle d'évaluation foncière),https://donneesouvertes.affmunqc.net/role/RL71040_2026.xml,,,,
"346, Fleuve",,Coteau-du-Lac,,,846.4,1971,200700,305600,506300,2025,Logement,MAMH — Données Québec (rôle d'évaluation foncière),https://donneesouvertes.affmunqc.net/role/RL71040_2026.xml,,,,
"348, Fleuve",,Coteau-du-Lac,,,765.9,1966,194000,203800,397800,2025,Logement,MAMH — Données Québec (rôle d'évaluation foncière),https://donneesouvertes.affmunqc.net/role/RL71040_2026.xml,,,,
"2, Blanchard",,Coteau-du-Lac,,,661.9,1966,184300,246200,430500,2025,Logement,MAMH — Données Québec (rôle d'évaluation foncière),https://donneesouvertes.affmunqc.net/role/RL71040_2026.xml,,,,
"353, Fleuve",,Coteau-du-Lac,,,1431.9,1960,246000,280700,526700,2025,Logement,MAMH — Données Québec (rôle d'évaluation foncière),https://donneesouvertes.affmunqc.net/role/RL71040_2026.xml,,,,
"4, Joffre",,Coteau-du-Lac,,,961.9,1959,144300,114700,259000,2025,Logement,MAMH — Données Québec (rôle d'évaluation foncière),https://donneesouvertes.affmunqc.net/role/RL71040_2026.xml,,,,
"6, Joffre",,Coteau-du-Lac,,,464.5,1940,129600,143300,272900,2025,Logement,MAMH — Données Québec (rôle d'évaluation foncière),https://donneesouvertes.affmunqc.net/role/RL71040_2026.xml,,,,
"355, Fleuve",,Coteau-du-Lac,,,871,1887,203800,321400,525200,2025,Logement,MAMH — Données Québec (rôle d'évaluation foncière),https://donneesouvertes.affmunqc.net/role/RL71040_2026.xml,,,,
"357, Fleuve",,Coteau-du-Lac,,,486.36,1890,135700,163200,298900,2025,Logement,MAMH — Données Québec (rôle d'évaluation foncière),https://donneesouvertes.affmunqc.net/role/RL71040_2026.xml,,,,
"18, Joffre, app. 20",,Coteau-du-Lac,,,929,1947,209200,173100,382300,2025,Logement,MAMH — Données Québec (rôle d'évaluation foncière),https://donneesouvertes.affmunqc.net/role/RL71040_2026.xml,,,,
"16, Joffre",,Coteau-du-Lac,,,696.8,1969,187600,244400,432000,2025,Logement,MAMH — Données Québec (rôle d'évaluation foncière),https://donneesouvertes.affmunqc.net/role/RL71040_2026.xml,,,,
"12, Joffre",,Coteau-du-Lac,,,511,1963,142600,204100,346700,2025,Logement,MAMH — Données Québec (rôle d'évaluation foncière),https://donneesouvertes.affmunqc.net/role/RL71040_2026.xml,,,,
"10, Joffre",,Coteau-du-Lac,,,882.6,1912,204800,131900,336700,2025,Logement,MAMH — Données Québec (rôle d'évaluation foncière),https://donneesouvertes.affmunqc.net/role/RL71040_2026.xml,,,,
"8, Joffre",,Coteau-du-Lac,,,696.8,1912,187600,123500,311100,2025,Logement,MAMH — Données Québec (rôle d'évaluation foncière),https://donneesouvertes.affmunqc.net/role/RL71040_2026.xml,,,,
"13, Joffre, app. 15",,Coteau-du-Lac,,,670.9,1950,185200,166300,351500,2025,Logement,MAMH — Données Québec (rôle d'évaluation foncière),https://donneesouvertes.affmunqc.net/role/RL71040_2026.xml,,,,
"11, Joffre, app. 11",,Coteau-du-Lac,,,696.8,1976,187600,273200,460800,2025,Logement,MAMH — Données Québec (rôle d'évaluation foncière),https://donneesouvertes.affmunqc.net/role/RL71040_2026.xml,,,,
"9, Joffre",,Coteau-du-Lac,,,464.5,1967,129600,146300,275900,2025,Logement,MAMH — Données Québec (rôle d'évaluation foncière),https://donneesouvertes.affmunqc.net/role/RL71040_2026.xml,,,,
"24, Joffre",,Coteau-du-Lac,,,648.4,1950,180900,168700,349600,2025,Logement,MAMH — Données Québec (rôle d'évaluation foncière),https://donneesouvertes.affmunqc.net/role/RL71040_2026.xml,,,,
"22, Joffre",,Coteau-du-Lac,,,464.5,1958,129600,130600,260200,2025,Logement,MAMH — Données Québec (rôle d'évaluation foncière),https://donneesouvertes.affmunqc.net/role/RL71040_2026.xml,,,,
"20, Parc",,Coteau-du-Lac,,,1384.7,1962,301200,225900,527100,2025,Logement,MAMH — Données Québec (rôle d'évaluation foncière),https://donneesouvertes.affmunqc.net/role/RL71040_2026.xml,,,,
"21, Joffre",,Coteau-du-Lac,,,624.6,1946,174300,192400,366700,2025,Logement,MAMH — Données Québec (rôle d'évaluation foncière),https://donneesouvertes.affmunqc.net/role/RL71040_2026.xml,,,,
"17, Joffre, app. 17",,Coteau-du-Lac,,,954.9,1965,211600,322700,534300,2025,Logement,MAMH — Données Québec (rôle d'évaluation foncière),https://donneesouvertes.affmunqc.net/role/RL71040_2026.xml,,,,
"22, Parc",,Coteau-du-Lac,,,640.3,1960,151800,298100,449900,2025,Logement,MAMH — Données Québec (rôle d'évaluation foncière),https://donneesouvertes.affmunqc.net/role/RL71040_2026.xml,,,,
"22, Dollard",,Coteau-du-Lac,,,655,1974,182700,232000,414700,2025,Logement,MAMH — Données Québec (rôle d'évaluation foncière),https://donneesouvertes.affmunqc.net/role/RL71040_2026.xml,,,,
"18, Dollard",,Coteau-du-Lac,,,929,1964,209200,208000,417200,2025,Logement,MAMH — Données Québec (rôle d'évaluation foncière),https://donneesouvertes.affmunqc.net/role/RL71040_2026.xml,,,,
"16, Dollard",,Coteau-du-Lac,,,696.8,1950,187600,178100,365700,2025,Logement,MAMH — Données Québec (rôle d'évaluation foncière),https://donneesouvertes.affmunqc.net/role/RL71040_2026.xml,,,,
"32, Besner",,Coteau-du-Lac,,,1146.8,1996,281200,703200,984400,2025,Logement,MAMH — Données Québec (rôle d'évaluation foncière),https://donneesouvertes.affmunqc.net/role/RL71040_2026.xml,,,,
"34, Besner",,Coteau-du-Lac,,,1135.5,1996,279900,704200,984100,2025,Logement,MAMH — Données Québec (rôle d'évaluation foncière),https://donneesouvertes.affmunqc.net/role/RL71040_2026.xml,,,,
"38, Besner",,Coteau-du-Lac,,,630.8,1996,215700,746600,962300,2025,Logement,MAMH — Données Québec (rôle d'évaluation foncière),https://donneesouvertes.affmunqc.net/role/RL71040_2026.xml,,,,
"36, Besner",,Coteau-du-Lac,,,766,1992,237800,701200,939000,2025,Logement,MAMH — Données Québec (rôle d'évaluation foncière),https://donneesouvertes.affmunqc.net/role/RL71040_2026.xml,,,,
"67, Besner",,Coteau-du-Lac,,,551.8,1993,188700,223500,412200,2025,Logement,MAMH — Données Québec (rôle d'évaluation foncière),https://donneesouvertes.affmunqc.net/role/RL71040_2026.xml,,,,
"61, Besner",,Coteau-du-Lac,,,640.8,1960,165300,204900,370200,2025,Logement,MAMH — Données Québec (rôle d'évaluation foncière),https://donneesouvertes.affmunqc.net/role/RL71040_2026.xml,,,,
"65, Besner",,Coteau-du-Lac,,,551.8,1992,188700,241600,430300,2025,Logement,MAMH — Données Québec (rôle d'évaluation foncière),https://donneesouvertes.affmunqc.net/role/RL71040_2026.xml,,,,
"63, Besner",,Coteau-du-Lac,,,964.2,,147300,,147300,2025,Terrain vacant,MAMH — Données Québec (rôle d'évaluation foncière),https://donneesouvertes.affmunqc.net/role/RL71040_2026.xml,,,,
"23, Dollard",,Coteau-du-Lac,,,1423.6,1967,227500,155100,382600,2025,Logement,MAMH — Données Québec (rôle d'évaluation foncière),https://donneesouvertes.affmunqc.net/role/RL71040_2026.xml,,,,
"30, Besner",,Coteau-du-Lac,,,759,1990,237000,611900,848900,2025,Logement,MAMH — Données Québec (rôle d'évaluation foncière),https://donneesouvertes.affmunqc.net/role/RL71040_2026.xml,,,,
"45, Besner",,Coteau-du-Lac,,,1145.7,1989,281100,309600,590700,2025,Logement,MAMH — Données Québec (rôle d'évaluation foncière),https://donneesouvertes.affmunqc.net/role/RL71040_2026.xml,,,,
"53, Besner",,Coteau-du-Lac,,,964.1,1997,260400,337900,598300,2025,Logement,MAMH — Données Québec (rôle d'évaluation foncière),https://donneesouvertes.affmunqc.net/role/RL71040_2026.xml,,,,
"55, Besner",,Coteau-du-Lac,,,822.5,1955,184300,180200,364500,2025,Logement,MAMH — Données Québec (rôle d'évaluation foncière),https://donneesouvertes.affmunqc.net/role/RL71040_2026.xml,,,,
"51, Besner",,Coteau-du-Lac,,,2016,1970,218300,218200,436500,2025,Logement,MAMH — Données Québec (rôle d'évaluation foncière),https://donneesouvertes.affmunqc.net/role/RL71040_2026.xml,,,,
"57, Besner",,Coteau-du-Lac,,,669.7,1966,171100,233100,404200,2025,Logement,MAMH — Données Québec (rôle d'évaluation foncière),https://donneesouvertes.affmunqc.net/role/RL71040_2026.xml,,,,
"59, Besner",,Coteau-du-Lac,,,634.9,1968,163800,193700,357500,2025,Logement,MAMH — Données Québec (rôle d'évaluation foncière),https://donneesouvertes.affmunqc.net/role/RL71040_2026.xml,,,,
"49, Besner",,Coteau-du-Lac,,,1509.1,1994,216400,357300,573700,2025,Logement,MAMH — Données Québec (rôle d'évaluation foncière),https://donneesouvertes.affmunqc.net/role/RL71040_2026.xml,,,,
"88, 201",,Coteau-du-Lac,,,3769.5,1968,186500,366900,553400,2025,Logement,MAMH — Données Québec (rôle d'évaluation foncière),https://donneesouvertes.affmunqc.net/role/RL71040_2026.xml,,,,
"100, 201",,Coteau-du-Lac,,,35373.1,,228000,322400,550400,2025,Logement,MAMH — Données Québec (rôle d'évaluation foncière),https://donneesouvertes.affmunqc.net/role/RL71040_2026.xml,,,,
"71, Riviere Rouge",,Coteau-du-Lac,,,22635.6,1981,190600,135700,326300,2025,Industrie,MAMH — Données Québec (rôle d'évaluation foncière),https://donneesouvertes.affmunqc.net/role/RL71040_2026.xml,,,,
"20, Riviere Delisle",,Coteau-du-Lac,,,7059.5,2006,546100,1978500,2524600,2025,Immeuble commercial,MAMH — Données Québec (rôle d'évaluation foncière),https://donneesouvertes.affmunqc.net/role/RL71040_2026.xml,,,,
"57, Riviere Delisle",,Coteau-du-Lac,,,1577.3,1981,144200,173400,317600,2025,,MAMH — Données Québec (rôle d'évaluation foncière),https://donneesouvertes.affmunqc.net/role/RL71040_2026.xml,,,,
"63, 201",,Coteau-du-Lac,,,5000,1880,177800,224100,401900,2025,Logement,MAMH — Données Québec (rôle d'évaluation foncière),https://donneesouvertes.affmunqc.net/role/RL71040_2026.xml,,,,
"65, 201",,Coteau-du-Lac,,,819.6,1969,73800,165000,238800,2025,Logement,MAMH — Données Québec (rôle d'évaluation foncière),https://donneesouvertes.affmunqc.net/role/RL71040_2026.xml,,,,
"55, Riviere Rouge",,Coteau-du-Lac,,,5130.3,,187500,426100,613600,2025,Logement,MAMH — Données Québec (rôle d'évaluation foncière),https://donneesouvertes.affmunqc.net/role/RL71040_2026.xml,,,,
"53, Riviere Rouge",,Coteau-du-Lac,,,1418,1880,118700,115100,233800,2025,Logement,MAMH — Données Québec (rôle d'évaluation foncière),https://donneesouvertes.affmunqc.net/role/RL71040_2026.xml,,,,
"59, Riviere Rouge",,Coteau-du-Lac,,,3055.6,1974,161700,245100,406800,2025,Logement,MAMH — Données Québec (rôle d'évaluation foncière),https://donneesouvertes.affmunqc.net/role/RL71040_2026.xml,,,,
"59, Riviere Delisle, app. 59",,Coteau-du-Lac,,,1216.7,1945,96000,180100,276100,2025,Logement,MAMH — Données Québec (rôle d'évaluation foncière),https://donneesouvertes.affmunqc.net/role/RL71040_2026.xml,,,,
"61, 201",,Coteau-du-Lac,,,7071.7,2014,1406600,2535300,3941900,2025,Immeuble à bureaux,MAMH — Données Québec (rôle d'évaluation foncière),https://donneesouvertes.affmunqc.net/role/RL71040_2026.xml,,,,
"21, Riviere Rouge",,Coteau-du-Lac,,,3956,,56000,,56000,2025,Terrain vacant,MAMH — Données Québec (rôle d'évaluation foncière),https://donneesouvertes.affmunqc.net/role/RL71040_2026.xml,,,,
"52, Riviere Rouge",,Coteau-du-Lac,,,2375.7,1977,150300,175800,326100,2025,Logement,MAMH — Données Québec (rôle d'évaluation foncière),https://donneesouvertes.affmunqc.net/role/RL71040_2026.xml,,,,
"50, Riviere Rouge",,Coteau-du-Lac,,,2313.6,2010,46500,8600,55100,2025,Logement,MAMH — Données Québec (rôle d'évaluation foncière),https://donneesouvertes.affmunqc.net/role/RL71040_2026.xml,,,,
"56, Riviere Rouge",,Coteau-du-Lac,,,2062.2,1975,141800,271000,412800,2025,Logement,MAMH — Données Québec (rôle d'évaluation foncière),https://donneesouvertes.affmunqc.net/role/RL71040_2026.xml,,,,
"60, Riviere Rouge",,Coteau-du-Lac,,,15482,1910,195300,189100,384400,2025,Logement,MAMH — Données Québec (rôle d'évaluation foncière),https://donneesouvertes.affmunqc.net/role/RL71040_2026.xml,,,,
"58, 201",,Coteau-du-Lac,,,753.4,1964,88100,190700,278800,2025,Logement,MAMH — Données Québec (rôle d'évaluation foncière),https://donneesouvertes.affmunqc.net/role/RL71040_2026.xml,,,,
"2, Pharand",,Coteau-du-Lac,,,542.6,1966,63500,179500,243000,2025,Logement,MAMH — Données Québec (rôle d'évaluation foncière),https://donneesouvertes.affmunqc.net/role/RL71040_2026.xml,,,,
"62, 201",,Coteau-du-Lac,,,2905.9,1977,132800,281500,414300,2025,Logement,MAMH — Données Québec (rôle d'évaluation foncière),https://donneesouvertes.affmunqc.net/role/RL71040_2026.xml,,,,
"6, Pharand",,Coteau-du-Lac,,,571.9,1959,66900,150100,217000,2025,Logement,MAMH — Données Québec (rôle d'évaluation foncière),https://donneesouvertes.affmunqc.net/role/RL71040_2026.xml,,,,
"54, 201",,Coteau-du-Lac,,,6944.6,1945,281800,105000,386800,2025,Logement,MAMH — Données Québec (rôle d'évaluation foncière),https://donneesouvertes.affmunqc.net/role/RL71040_2026.xml,,,,
"8, Pharand",,Coteau-du-Lac,,,542,1967,57100,134100,191200,2025,Logement,MAMH — Données Québec (rôle d'évaluation foncière),https://donneesouvertes.affmunqc.net/role/RL71040_2026.xml,,,,
"66, 201",,Coteau-du-Lac,,,6525.2,1959,179100,207200,386300,2025,Logement,MAMH — Données Québec (rôle d'évaluation foncière),https://donneesouvertes.affmunqc.net/role/RL71040_2026.xml,,,,
"68, 201",,Coteau-du-Lac,,,13245.6,1965,133300,361700,495000,2025,Logement,MAMH — Données Québec (rôle d'évaluation foncière),https://donneesouvertes.affmunqc.net/role/RL71040_2026.xml,,,,
"24, Riviere Rouge",,Coteau-du-Lac,,,552594.1,,2348000,608600,2956600,2025,Agricole,MAMH — Données Québec (rôle d'évaluation foncière),https://donneesouvertes.affmunqc.net/role/RL71040_2026.xml,,,,
"267, 338",,Coteau-du-Lac,,,3401.3,1932,118400,271900,390300,2025,Logement,MAMH — Données Québec (rôle d'évaluation foncière),https://donneesouvertes.affmunqc.net/role/RL71040_2026.xml,,,,
"269, 338",,Coteau-du-Lac,,,15929.7,1885,157000,222800,379800,2025,Logement,MAMH — Données Québec (rôle d'évaluation foncière),https://donneesouvertes.affmunqc.net/role/RL71040_2026.xml,,,,
"73, Riviere Rouge",,Coteau-du-Lac,,,1067.5,1979,96100,268600,364700,2025,Logement,MAMH — Données Québec (rôle d'évaluation foncière),https://donneesouvertes.affmunqc.net/role/RL71040_2026.xml,,,,
"75, Riviere Rouge",,Coteau-du-Lac,,,1045.8,1973,94100,253700,347800,2025,Logement,MAMH — Données Québec (rôle d'évaluation foncière),https://donneesouvertes.affmunqc.net/role/RL71040_2026.xml,,,,
"88, Riviere Rouge",,Coteau-du-Lac,,,10064.9,1988,191200,1058100,1249300,2025,Logement,MAMH — Données Québec (rôle d'évaluation foncière),https://donneesouvertes.affmunqc.net/role/RL71040_2026.xml,,,,
"116, Riviere Rouge",,Coteau-du-Lac,,,203596.6,,831200,147800,979000,2025,Agricole,MAMH — Données Québec (rôle d'évaluation foncière),https://donneesouvertes.affmunqc.net/role/RL71040_2026.xml,,,,
"130, Riviere Rouge",,Coteau-du-Lac,,,200001.2,,1000000,,1000000,2025,Agricole,MAMH — Données Québec (rôle d'évaluation foncière),https://donneesouvertes.affmunqc.net/role/RL71040_2026.xml,,,,
"185, Saint-emmanuel",,Coteau-du-Lac,,,311483.1,,1557400,58000,1615400,2025,Agricole,MAMH — Données Québec (rôle d'évaluation foncière),https://donneesouvertes.affmunqc.net/role/RL71040_2026.xml,,,,
"265, Saint-emmanuel",,Coteau-du-Lac,,,511346.7,,2556700,,2556700,2025,Agricole,MAMH — Données Québec (rôle d'évaluation foncière),https://donneesouvertes.affmunqc.net/role/RL71040_2026.xml,,,,
"241, Saint-emmanuel",,Coteau-du-Lac,,,106808.3,,534000,,534000,2025,Agricole,MAMH — Données Québec (rôle d'évaluation foncière),https://donneesouvertes.affmunqc.net/role/RL71040_2026.xml,,,,
"239, Saint-emmanuel",,Coteau-du-Lac,,,634937.7,,3174700,277900,3452600,2025,Agricole,MAMH — Données Québec (rôle d'évaluation foncière),https://donneesouvertes.affmunqc.net/role/RL71040_2026.xml,,,,
"297, Saint-emmanuel",,Coteau-du-Lac,,,208505.3,,1042500,,1042500,2025,Agricole,MAMH — Données Québec (rôle d'évaluation foncière),https://donneesouvertes.affmunqc.net/role/RL71040_2026.xml,,,,
"269, Saint-emmanuel",,Coteau-du-Lac,,,207170.1,,1035900,,1035900,2025,Agricole,MAMH — Données Québec (rôle d'évaluation foncière),https://donneesouvertes.affmunqc.net/role/RL71040_2026.xml,,,,
"315, Saint-emmanuel",,Coteau-du-Lac,,,5000,1925,187400,226800,414200,2025,Logement,MAMH — Données Québec (rôle d'évaluation foncière),https://donneesouvertes.affmunqc.net/role/RL71040_2026.xml,,,,
"298, Saint-emmanuel",,Coteau-du-Lac,,,167.2,,4500,,4500,2025,Terrain vacant,MAMH — Données Québec (rôle d'évaluation foncière),https://donneesouvertes.affmunqc.net/role/RL71040_2026.xml,,,,
"318, Saint-emmanuel",,Coteau-du-Lac,,,6202.4,1950,188300,348700,537000,2025,Logement,MAMH — Données Québec (rôle d'évaluation foncière),https://donneesouvertes.affmunqc.net/role/RL71040_2026.xml,,,,
"301, Saint-emmanuel",,Coteau-du-Lac,,,3423.5,1880,186200,182800,369000,2025,Logement,MAMH — Données Québec (rôle d'évaluation foncière),https://donneesouvertes.affmunqc.net/role/RL71040_2026.xml,,,,
"295, Saint-emmanuel",,Coteau-du-Lac,,,3041.3,1973,184200,305800,490000,2025,Logement,MAMH — Données Québec (rôle d'évaluation foncière),https://donneesouvertes.affmunqc.net/role/RL71040_2026.xml,,,,
"283, Saint-emmanuel",,Coteau-du-Lac,,,5000,,182900,134500,317400,2025,Logement,MAMH — Données Québec (rôle d'évaluation foncière),https://donneesouvertes.affmunqc.net/role/RL71040_2026.xml,,,,
"296, Saint-emmanuel",,Coteau-du-Lac,,,6009.6,1870,188200,232300,420500,2025,Logement,MAMH — Données Québec (rôle d'évaluation foncière),https://donneesouvertes.affmunqc.net/role/RL71040_2026.xml,,,,
"263, Saint-emmanuel",,Coteau-du-Lac,,,5000,,187400,456800,644200,2025,Logement,MAMH — Données Québec (rôle d'évaluation foncière),https://donneesouvertes.affmunqc.net/role/RL71040_2026.xml,,,,
"272, Saint-emmanuel",,Coteau-du-Lac,,,1402.3,1870,116500,293000,409500,2025,Logement,MAMH — Données Québec (rôle d'évaluation foncière),https://donneesouvertes.affmunqc.net/role/RL71040_2026.xml,,,,
"253, Saint-emmanuel",,Coteau-du-Lac,,,2979.1,2002,182400,385200,567600,2025,Logement,MAMH — Données Québec (rôle d'évaluation foncière),https://donneesouvertes.affmunqc.net/role/RL71040_2026.xml,,,,
"322, Saint-emmanuel",,Coteau-du-Lac,,,4496.6,1969,187000,302200,489200,2025,Logement,MAMH — Données Québec (rôle d'évaluation foncière),https://donneesouvertes.affmunqc.net/role/RL71040_2026.xml,,,,
"330, Saint-emmanuel",,Coteau-du-Lac,,,218272.5,,736900,800800,1537700,2025,Agricole,MAMH — Données Québec (rôle d'évaluation foncière),https://donneesouvertes.affmunqc.net/role/RL71040_2026.xml,,,,
"1, Ile Dondaine",,Coteau-du-Lac,,,119072.8,,535800,3387700,3923500,2025,Logement,MAMH — Données Québec (rôle d'évaluation foncière),https://donneesouvertes.affmunqc.net/role/RL71040_2026.xml,,,,
"7, Blanchard",,Coteau-du-Lac,,,154,1996,33300,61400,94700,2025,Immeuble commercial,MAMH — Données Québec (rôle d'évaluation foncière),https://donneesouvertes.affmunqc.net/role/RL71040_2026.xml,,,,
"4, Blanchard",,Coteau-du-Lac,,,1437.3,1966,246000,350800,596800,2025,Logement,MAMH — Données Québec (rôle d'évaluation foncière),https://donneesouvertes.affmunqc.net/role/RL71040_2026.xml,,,,
"350, Fleuve",,Coteau-du-Lac,,,2437,1973,250000,260500,510500,2025,Logement,MAMH — Données Québec (rôle d'évaluation foncière),https://donneesouvertes.affmunqc.net/role/RL71040_2026.xml,,,,
"352, Fleuve",,Coteau-du-Lac,,,1044.1,1958,219900,444300,664200,2025,Logement,MAMH — Données Québec (rôle d'évaluation foncière),https://donneesouvertes.affmunqc.net/role/RL71040_2026.xml,,,,
"354, Fleuve",,Coteau-du-Lac,,,3747.7,1952,670200,1987000,2657200,2025,Logement,MAMH — Données Québec (rôle d'évaluation foncière),https://donneesouvertes.affmunqc.net/role/RL71040_2026.xml,,,,
"6, Blanchard",,Coteau-du-Lac,,,5198,2009,1010500,4025400,5035900,2025,Logement,MAMH — Données Québec (rôle d'évaluation foncière),https://donneesouvertes.affmunqc.net/role/RL71040_2026.xml,,,,
"356, Fleuve, app. 360",,Coteau-du-Lac,,,4722.3,1967,451200,368200,819400,2025,Logement,MAMH — Données Québec (rôle d'évaluation foncière),https://donneesouvertes.affmunqc.net/role/RL71040_2026.xml,,,,
"359, Fleuve",,Coteau-du-Lac,,,1672.3,1910,246900,248600,495500,2025,Logement,MAMH — Données Québec (rôle d'évaluation foncière),https://donneesouvertes.affmunqc.net/role/RL71040_2026.xml,,,,
"362, Fleuve",,Coteau-du-Lac,,,761.7,1973,193600,234700,428300,2025,Logement,MAMH — Données Québec (rôle d'évaluation foncière),https://donneesouvertes.affmunqc.net/role/RL71040_2026.xml,,,,
"368, Fleuve",,Coteau-du-Lac,,,312.3,1961,60400,118400,178800,2025,Logement,MAMH — Données Québec (rôle d'évaluation foncière),https://donneesouvertes.affmunqc.net/role/RL71040_2026.xml,,,,
"5, Joffre",,Coteau-du-Lac,,,1021.9,1991,262400,799500,1061900,2025,Logement,MAMH — Données Québec (rôle d'évaluation foncière),https://donneesouvertes.affmunqc.net/role/RL71040_2026.xml,,,,
"14, Dollard",,Coteau-du-Lac,,,696.8,1956,187600,190600,378200,2025,Logement,MAMH — Données Québec (rôle d'évaluation foncière),https://donneesouvertes.affmunqc.net/role/RL71040_2026.xml,,,,
"10, Dollard, app. 12",,Coteau-du-Lac,,,929,1939,209200,251700,460900,2025,Logement,MAMH — Données Québec (rôle d'évaluation foncière),https://donneesouvertes.affmunqc.net/role/RL71040_2026.xml,,,,
"6, Dollard",,Coteau-du-Lac,,,464.5,1950,129600,150800,280400,2025,Logement,MAMH — Données Québec (rôle d'évaluation foncière),https://donneesouvertes.affmunqc.net/role/RL71040_2026.xml,,,,
"4, Dollard",,Coteau-du-Lac,,,464.5,1978,129600,56300,185900,2025,Logement,MAMH — Données Québec (rôle d'évaluation foncière),https://donneesouvertes.affmunqc.net/role/RL71040_2026.xml,,,,
"361, Fleuve",,Coteau-du-Lac,,,869.6,1969,203600,186900,390500,2025,Logement,MAMH — Données Québec (rôle d'évaluation foncière),https://donneesouvertes.affmunqc.net/role/RL71040_2026.xml,,,,
"7, Dollard",,Coteau-du-Lac,,,471,1976,131400,294400,425800,2025,Logement,MAMH — Données Québec (rôle d'évaluation foncière),https://donneesouvertes.affmunqc.net/role/RL71040_2026.xml,,,,
"5, Dollard",,Coteau-du-Lac,,,866.2,1958,178600,152700,331300,2025,Logement,MAMH — Données Québec (rôle d'évaluation foncière),https://donneesouvertes.affmunqc.net/role/RL71040_2026.xml,,,,
"1, Dollard",,Coteau-du-Lac,,,1511.7,1984,241200,379900,621100,2025,Logement,MAMH — Données Québec (rôle d'évaluation foncière),https://donneesouvertes.affmunqc.net/role/RL71040_2026.xml,,,,
"370, Fleuve",,Coteau-du-Lac,,,330.3,1946,85200,144500,229700,2025,Logement,MAMH — Données Québec (rôle d'évaluation foncière),https://donneesouvertes.affmunqc.net/role/RL71040_2026.xml,,,,
"21, Dollard",,Coteau-du-Lac,,,437.1,1947,107100,134100,241200,2025,Logement,MAMH — Données Québec (rôle d'évaluation foncière),https://donneesouvertes.affmunqc.net/role/RL71040_2026.xml,,,,
"19, Dollard",,Coteau-du-Lac,,,581.1,1946,142400,203400,345800,2025,Logement,MAMH — Données Québec (rôle d'évaluation foncière),https://donneesouvertes.affmunqc.net/role/RL71040_2026.xml,,,,
"17, Dollard",,Coteau-du-Lac,,,460.2,1963,122000,125600,247600,2025,Logement,MAMH — Données Québec (rôle d'évaluation foncière),https://donneesouvertes.affmunqc.net/role/RL71040_2026.xml,,,,
"15, Dollard",,Coteau-du-Lac,,,649.2,1961,181100,213000,394100,2025,Logement,MAMH — Données Québec (rôle d'évaluation foncière),https://donneesouvertes.affmunqc.net/role/RL71040_2026.xml,,,,
"13, Dollard",,Coteau-du-Lac,,,696.9,1957,187600,166900,354500,2025,Logement,MAMH — Données Québec (rôle d'évaluation foncière),https://donneesouvertes.affmunqc.net/role/RL71040_2026.xml,,,,
"11, Dollard",,Coteau-du-Lac,,,2013.3,1935,243300,195400,438700,2025,Logement,MAMH — Données Québec (rôle d'évaluation foncière),https://donneesouvertes.affmunqc.net/role/RL71040_2026.xml,,,,
"16, Menard",,Coteau-du-Lac,,,1110.3,1969,193900,236400,430300,2025,Logement,MAMH — Données Québec (rôle d'évaluation foncière),https://donneesouvertes.affmunqc.net/role/RL71040_2026.xml,,,,
"14, Menard",,Coteau-du-Lac,,,1345.7,1967,199700,185600,385300,2025,Logement,MAMH — Données Québec (rôle d'évaluation foncière),https://donneesouvertes.affmunqc.net/role/RL71040_2026.xml,,,,
"12, Menard",,Coteau-du-Lac,,,1395.3,1973,210900,277100,488000,2025,Logement,MAMH — Données Québec (rôle d'évaluation foncière),https://donneesouvertes.affmunqc.net/role/RL71040_2026.xml,,,,
"24, Menard",,Coteau-du-Lac,,,537.2,1958,135400,99700,235100,2025,Logement,MAMH — Données Québec (rôle d'évaluation foncière),https://donneesouvertes.affmunqc.net/role/RL71040_2026.xml,,,,
"20, Menard",,Coteau-du-Lac,,,1497.9,2009,222300,384600,606900,2025,Logement,MAMH — Données Québec (rôle d'évaluation foncière),https://donneesouvertes.affmunqc.net/role/RL71040_2026.xml,,,,
"18, Menard",,Coteau-du-Lac,,,1376.9,1965,221900,280100,502000,2025,Logement,MAMH — Données Québec (rôle d'évaluation foncière),https://donneesouvertes.affmunqc.net/role/RL71040_2026.xml,,,,
"1, Richelieu",,Coteau-du-Lac,,,604.8,1973,168700,289300,458000,2025,Logement,MAMH — Données Québec (rôle d'évaluation foncière),https://donneesouvertes.affmunqc.net/role/RL71040_2026.xml,,,,
"3, Richelieu",,Coteau-du-Lac,,,518.4,1972,144600,319800,464400,2025,Logement,MAMH — Données Québec (rôle d'évaluation foncière),https://donneesouvertes.affmunqc.net/role/RL71040_2026.xml,,,,
"364, Fleuve",,Coteau-du-Lac,,,4687.5,1957,360700,326700,687400,2025,Logement,MAMH — Données Québec (rôle d'évaluation foncière),https://donneesouvertes.affmunqc.net/role/RL71040_2026.xml,,,,
"366, Fleuve",,Coteau-du-Lac,,,3417.5,2019,300800,779100,1079900,2025,Logement,MAMH — Données Québec (rôle d'évaluation foncière),https://donneesouvertes.affmunqc.net/role/RL71040_2026.xml,,,,
"372, Fleuve",,Coteau-du-Lac,,,2091,1930,303700,195300,499000,2025,Logement,MAMH — Données Québec (rôle d'évaluation foncière),https://donneesouvertes.affmunqc.net/role/RL71040_2026.xml,,,,
"363, Fleuve",,Coteau-du-Lac,,,303.2,,24300,,24300,2025,Terrain vacant,MAMH — Données Québec (rôle d'évaluation foncière),https://donneesouvertes.affmunqc.net/role/RL71040_2026.xml,,,,
"365, Fleuve",,Coteau-du-Lac,,,675.8,1996,151700,262700,414400,2025,Terrain vacant,MAMH — Données Québec (rôle d'évaluation foncière),https://donneesouvertes.affmunqc.net/role/RL71040_2026.xml,,,,
"2, Menard",,Coteau-du-Lac,,,1339.9,1965,210700,247100,457800,2025,Logement,MAMH — Données Québec (rôle d'évaluation foncière),https://donneesouvertes.affmunqc.net/role/RL71040_2026.xml,,,,
"374, Fleuve",,Coteau-du-Lac,,,6219.1,1930,507000,321000,828000,2025,Logement,MAMH — Données Québec (rôle d'évaluation foncière),https://donneesouvertes.affmunqc.net/role/RL71040_2026.xml,,,,
"367, Fleuve",,Coteau-du-Lac,,,1255.6,1888,216400,224000,440400,2025,Logement,MAMH — Données Québec (rôle d'évaluation foncière),https://donneesouvertes.affmunqc.net/role/RL71040_2026.xml,,,,
"376, Fleuve",,Coteau-du-Lac,,,1649.8,1952,414200,270800,685000,2025,Logement,MAMH — Données Québec (rôle d'évaluation foncière),https://donneesouvertes.affmunqc.net/role/RL71040_2026.xml,,,,
"10, Menard",,Coteau-du-Lac,,,1359.6,1962,210800,192000,402800,2025,Logement,MAMH — Données Québec (rôle d'évaluation foncière),https://donneesouvertes.affmunqc.net/role/RL71040_2026.xml,,,,
"8, Menard",,Coteau-du-Lac,,,1253.4,2022,205400,517000,722400,2025,Logement,MAMH — Données Québec (rôle d'évaluation foncière),https://donneesouvertes.affmunqc.net/role/RL71040_2026.xml,,,,
"6, Menard",,Coteau-du-Lac,,,1183.5,1968,210300,293700,504000,2025,Logement,MAMH — Données Québec (rôle d'évaluation foncière),https://donneesouvertes.affmunqc.net/role/RL71040_2026.xml,,,,
"4, Menard",,Coteau-du-Lac,,,1258.5,1975,205800,203800,409600,2025,Logement,MAMH — Données Québec (rôle d'évaluation foncière),https://donneesouvertes.affmunqc.net/role/RL71040_2026.xml,,,,
"9, Menard",,Coteau-du-Lac,,,712.9,1970,189100,228500,417600,2025,Logement,MAMH — Données Québec (rôle d'évaluation foncière),https://donneesouvertes.affmunqc.net/role/RL71040_2026.xml,,,,
"3, Menard",,Coteau-du-Lac,,,467.4,1971,130400,69700,200100,2025,Industrie,MAMH — Données Québec (rôle d'évaluation foncière),https://donneesouvertes.affmunqc.net/role/RL71040_2026.xml,,,,
"5, Menard",,Coteau-du-Lac,,,1077.8,1955,211800,163300,375100,2025,Logement,MAMH — Données Québec (rôle d'évaluation foncière),https://donneesouvertes.affmunqc.net/role/RL71040_2026.xml,,,,
"1, Menard",,Coteau-du-Lac,,,650.4,1988,181500,375500,557000,2025,Logement,MAMH — Données Québec (rôle d'évaluation foncière),https://donneesouvertes.affmunqc.net/role/RL71040_2026.xml,,,,
"5, Richelieu",,Coteau-du-Lac,,,518.4,1972,144600,295900,440500,2025,Logement,MAMH — Données Québec (rôle d'évaluation foncière),https://donneesouvertes.affmunqc.net/role/RL71040_2026.xml,,,,
"15, Menard",,Coteau-du-Lac,,,808.2,1969,197900,181500,379400,2025,Logement,MAMH — Données Québec (rôle d'évaluation foncière),https://donneesouvertes.affmunqc.net/role/RL71040_2026.xml,,,,
"13, Menard, app. 13",,Coteau-du-Lac,,,1362.6,1951,221100,214300,435400,2025,Logement,MAMH — Données Québec (rôle d'évaluation foncière),https://donneesouvertes.affmunqc.net/role/RL71040_2026.xml,,,,
"8, Richelieu",,Coteau-du-Lac,,,1400.5,1977,245800,269800,515600,2025,Logement,MAMH — Données Québec (rôle d'évaluation foncière),https://donneesouvertes.affmunqc.net/role/RL71040_2026.xml,,,,
"10, Richelieu",,Coteau-du-Lac,,,538.1,1984,142600,322900,465500,2025,Logement,MAMH — Données Québec (rôle d'évaluation foncière),https://donneesouvertes.affmunqc.net/role/RL71040_2026.xml,,,,
"12, Richelieu",,Coteau-du-Lac,,,867.9,1985,203500,294000,497500,2025,Logement,MAMH — Données Québec (rôle d'évaluation foncière),https://donneesouvertes.affmunqc.net/role/RL71040_2026.xml,,,,
"15, Richelieu",,Coteau-du-Lac,,,896.1,1972,206100,189900,396000,2025,Logement,MAMH — Données Québec (rôle d'évaluation foncière),https://donneesouvertes.affmunqc.net/role/RL71040_2026.xml,,,,
"19, Richelieu",,Coteau-du-Lac,,,839.9,1973,200900,251500,452400,2025,Logement,MAMH — Données Québec (rôle d'évaluation foncière),https://donneesouvertes.affmunqc.net/role/RL71040_2026.xml,,,,
"7, Richelieu",,Coteau-du-Lac,,,962,1971,212200,229400,441600,2025,Logement,MAMH — Données Québec (rôle d'évaluation foncière),https://donneesouvertes.affmunqc.net/role/RL71040_2026.xml,,,,
"11, Richelieu",,Coteau-du-Lac,,,825.3,1971,189500,296300,485800,2025,Logement,MAMH — Données Québec (rôle d'évaluation foncière),https://donneesouvertes.affmunqc.net/role/RL71040_2026.xml,,,,
"13, Richelieu",,Coteau-du-Lac,,,734,1976,181500,213900,395400,2025,Logement,MAMH — Données Québec (rôle d'évaluation foncière),https://donneesouvertes.affmunqc.net/role/RL71040_2026.xml,,,,
"378, Fleuve",,Coteau-du-Lac,,,1734.7,1857,424200,460700,884900,2025,Logement,MAMH — Données Québec (rôle d'évaluation foncière),https://donneesouvertes.affmunqc.net/role/RL71040_2026.xml,,,,
"380, Fleuve",,Coteau-du-Lac,,,2243.7,1900,544800,218400,763200,2025,Logement,MAMH — Données Québec (rôle d'évaluation foncière),https://donneesouvertes.affmunqc.net/role/RL71040_2026.xml,,,,
"382, Fleuve",,Coteau-du-Lac,,,2131,2002,544100,565500,1109600,2025,Logement,MAMH — Données Québec (rôle d'évaluation foncière),https://donneesouvertes.affmunqc.net/role/RL71040_2026.xml,,,,
"369, Fleuve, app. 371",,Coteau-du-Lac,,,780.6,1879,168000,216900,384900,2025,Logement,MAMH — Données Québec (rôle d'évaluation foncière),https://donneesouvertes.affmunqc.net/role/RL71040_2026.xml,,,,
"27, Richelieu",,Coteau-du-Lac,,,1319.4,2010,245500,430800,676300,2025,Logement,MAMH — Données Québec (rôle d'évaluation foncière),https://donneesouvertes.affmunqc.net/role/RL71040_2026.xml,,,,
"373, Fleuve",,Coteau-du-Lac,,,1829.2,1885,241000,212600,453600,2025,Logement,MAMH — Données Québec (rôle d'évaluation foncière),https://donneesouvertes.affmunqc.net/role/RL71040_2026.xml,,,,
"375, Fleuve",,Coteau-du-Lac,,,945.4,1822,172200,217000,389200,2025,Logement,MAMH — Données Québec (rôle d'évaluation foncière),https://donneesouvertes.affmunqc.net/role/RL71040_2026.xml,,,,
"377, Fleuve",,Coteau-du-Lac,,,1645.2,1946,212200,223100,435300,2025,Logement,MAMH — Données Québec (rôle d'évaluation foncière),https://donneesouvertes.affmunqc.net/role/RL71040_2026.xml,,,,
"384, Fleuve",,Coteau-du-Lac,,,1478.1,1943,421900,317200,739100,2025,Logement,MAMH — Données Québec (rôle d'évaluation foncière),https://donneesouvertes.affmunqc.net/role/RL71040_2026.xml,,,,
"21, Richelieu",,Coteau-du-Lac,,,557.4,1973,155500,259800,415300,2025,Logement,MAMH — Données Québec (rôle d'évaluation foncière),https://donneesouvertes.affmunqc.net/role/RL71040_2026.xml,,,,
"23, Richelieu",,Coteau-du-Lac,,,546.2,1973,152400,215600,368000,2025,Logement,MAMH — Données Québec (rôle d'évaluation foncière),https://donneesouvertes.affmunqc.net/role/RL71040_2026.xml,,,,
"25, Richelieu",,Coteau-du-Lac,,,2061.5,1973,262400,249600,512000,2025,Logement,MAMH — Données Québec (rôle d'évaluation foncière),https://donneesouvertes.affmunqc.net/role/RL71040_2026.xml,,,,
"379, Fleuve",,Coteau-du-Lac,,,4915.6,1803,281600,365000,646600,2025,Logement,MAMH — Données Québec (rôle d'évaluation foncière),https://donneesouvertes.affmunqc.net/role/RL71040_2026.xml,,,,
"241, Vieux-quai",,Coteau-du-Lac,,,558,,155700,,155700,2025,Terrain vacant,MAMH — Données Québec (rôle d'évaluation foncière),https://donneesouvertes.affmunqc.net/role/RL71040_2026.xml,,,,
"224, Vieux-quai",,Coteau-du-Lac,,,673.6,2024,185400,488600,674000,2025,Logement,MAMH — Données Québec (rôle d'évaluation foncière),https://donneesouvertes.affmunqc.net/role/RL71040_2026.xml,,,,
"220, Vieux-quai",,Coteau-du-Lac,,,673.6,,185400,,185400,2025,Terrain vacant,MAMH — Données Québec (rôle d'évaluation foncière),https://donneesouvertes.affmunqc.net/role/RL71040_2026.xml,,,,
"206, Vieux-quai",,Coteau-du-Lac,,,673.6,2025,185400,452500,637900,2025,Logement,MAMH — Données Québec (rôle d'évaluation foncière),https://donneesouvertes.affmunqc.net/role/RL71040_2026.xml,,,,
"221, Vieux-quai",,Coteau-du-Lac,,,606.4,,169200,,169200,2025,Terrain vacant,MAMH — Données Québec (rôle d'évaluation foncière),https://donneesouvertes.affmunqc.net/role/RL71040_2026.xml,,,,
"39, Marlene",,Coteau-du-Lac,,,668.9,1992,185000,288000,473000,2025,Logement,MAMH — Données Québec (rôle d'évaluation foncière),https://donneesouvertes.affmunqc.net/role/RL71040_2026.xml,,,,
"37, Marlene",,Coteau-du-Lac,,,668.9,1994,185000,291700,476700,2025,Logement,MAMH — Données Québec (rôle d'évaluation foncière),https://donneesouvertes.affmunqc.net/role/RL71040_2026.xml,,,,
"35, Marlene",,Coteau-du-Lac,,,668.9,1992,185000,280400,465400,2025,Logement,MAMH — Données Québec (rôle d'évaluation foncière),https://donneesouvertes.affmunqc.net/role/RL71040_2026.xml,,,,
"45, Marlene",,Coteau-du-Lac,,,1138.7,2000,228700,397600,626300,2025,Logement,MAMH — Données Québec (rôle d'évaluation foncière),https://donneesouvertes.affmunqc.net/role/RL71040_2026.xml,,,,
"47, Marlene",,Coteau-du-Lac,,,1036.7,2000,219200,442600,661800,2025,Logement,MAMH — Données Québec (rôle d'évaluation foncière),https://donneesouvertes.affmunqc.net/role/RL71040_2026.xml,,,,
"43, Marlene",,Coteau-du-Lac,,,668.9,1991,185000,287700,472700,2025,Logement,MAMH — Données Québec (rôle d'évaluation foncière),https://donneesouvertes.affmunqc.net/role/RL71040_2026.xml,,,,
"41, Marlene",,Coteau-du-Lac,,,668.9,2002,185000,421300,606300,2025,Logement,MAMH — Données Québec (rôle d'évaluation foncière),https://donneesouvertes.affmunqc.net/role/RL71040_2026.xml,,,,
"49, Marlene",,Coteau-du-Lac,,,671.7,1995,185200,428000,613200,2025,Logement,MAMH — Données Québec (rôle d'évaluation foncière),https://donneesouvertes.affmunqc.net/role/RL71040_2026.xml,,,,
"386, Fleuve",,Coteau-du-Lac,,,1034.2,1978,341500,291200,632700,2025,Logement,MAMH — Données Québec (rôle d'évaluation foncière),https://donneesouvertes.affmunqc.net/role/RL71040_2026.xml,,,,
"388, Fleuve",,Coteau-du-Lac,,,1136,1978,377100,359400,736500,2025,Logement,MAMH — Données Québec (rôle d'évaluation foncière),https://donneesouvertes.affmunqc.net/role/RL71040_2026.xml,,,,
"390, Fleuve",,Coteau-du-Lac,,,1600.9,1979,409300,547800,957100,2025,Logement,MAMH — Données Québec (rôle d'évaluation foncière),https://donneesouvertes.affmunqc.net/role/RL71040_2026.xml,,,,
"383, Fleuve",,Coteau-du-Lac,,,648.3,2024,155600,543200,698800,2025,Logement,MAMH — Données Québec (rôle d'évaluation foncière),https://donneesouvertes.affmunqc.net/role/RL71040_2026.xml,,,,
"387, Fleuve",,Coteau-du-Lac,,,800,2024,169600,568700,738300,2025,Logement,MAMH — Données Québec (rôle d'évaluation foncière),https://donneesouvertes.affmunqc.net/role/RL71040_2026.xml,,,,
"389, Fleuve",,Coteau-du-Lac,,,560.3,2024,134500,483600,618100,2025,Logement,MAMH — Données Québec (rôle d'évaluation foncière),https://donneesouvertes.affmunqc.net/role/RL71040_2026.xml,,,,
"391, Fleuve",,Coteau-du-Lac,,,711.2,2024,162500,606800,769300,2025,Logement,MAMH — Données Québec (rôle d'évaluation foncière),https://donneesouvertes.affmunqc.net/role/RL71040_2026.xml,,,,
"392, Fleuve",,Coteau-du-Lac,,,672,1973,226000,162300,388300,2025,Logement,MAMH — Données Québec (rôle d'évaluation foncière),https://donneesouvertes.affmunqc.net/role/RL71040_2026.xml,,,,
"394, Fleuve",,Coteau-du-Lac,,,511.3,1983,181000,233100,414100,2025,Logement,MAMH — Données Québec (rôle d'évaluation foncière),https://donneesouvertes.affmunqc.net/role/RL71040_2026.xml,,,,
"211, Vieux-quai",,Coteau-du-Lac,,,563.2,2024,157100,541000,698100,2025,Logement,MAMH — Données Québec (rôle d'évaluation foncière),https://donneesouvertes.affmunqc.net/role/RL71040_2026.xml,,,,
"393, Fleuve, app. 395",,Coteau-du-Lac,,,2257.6,1880,258000,160600,418600,2025,Logement,MAMH — Données Québec (rôle d'évaluation foncière),https://donneesouvertes.affmunqc.net/role/RL71040_2026.xml,,,,
"33, Marlene",,Coteau-du-Lac,,,681.6,1993,186100,321900,508000,2025,Logement,MAMH — Données Québec (rôle d'évaluation foncière),https://donneesouvertes.affmunqc.net/role/RL71040_2026.xml,,,,
"31, Marlene",,Coteau-du-Lac,,,768,1999,194200,326300,520500,2025,Logement,MAMH — Données Québec (rôle d'évaluation foncière),https://donneesouvertes.affmunqc.net/role/RL71040_2026.xml,,,,
"29, Marlene",,Coteau-du-Lac,,,1866.9,1996,262700,387500,650200,2025,Logement,MAMH — Données Québec (rôle d'évaluation foncière),https://donneesouvertes.affmunqc.net/role/RL71040_2026.xml,,,,
"32, Marlene",,Coteau-du-Lac,,,675.6,1997,185600,379700,565300,2025,Logement,MAMH — Données Québec (rôle d'évaluation foncière),https://donneesouvertes.affmunqc.net/role/RL71040_2026.xml,,,,
"30, Marlene",,Coteau-du-Lac,,,666.1,1991,184700,373600,558300,2025,Logement,MAMH — Données Québec (rôle d'évaluation foncière),https://donneesouvertes.affmunqc.net/role/RL71040_2026.xml,,,,
"28, Marlene",,Coteau-du-Lac,,,578.6,1993,161400,340100,501500,2025,Logement,MAMH — Données Québec (rôle d'évaluation foncière),https://donneesouvertes.affmunqc.net/role/RL71040_2026.xml,,,,
"26, Marlene",,Coteau-du-Lac,,,519.7,1993,145000,275900,420900,2025,Logement,MAMH — Données Québec (rôle d'évaluation foncière),https://donneesouvertes.affmunqc.net/role/RL71040_2026.xml,,,,
"40, Marlene",,Coteau-du-Lac,,,883.2,2007,204900,441700,646600,2025,Logement,MAMH — Données Québec (rôle d'évaluation foncière),https://donneesouvertes.affmunqc.net/role/RL71040_2026.xml,,,,
"38, Marlene",,Coteau-du-Lac,,,670.1,1993,185100,253200,438300,2025,Logement,MAMH — Données Québec (rôle d'évaluation foncière),https://donneesouvertes.affmunqc.net/role/RL71040_2026.xml,,,,
"36, Marlene",,Coteau-du-Lac,,,671.9,2000,185200,402700,587900,2025,Logement,MAMH — Données Québec (rôle d'évaluation foncière),https://donneesouvertes.affmunqc.net/role/RL71040_2026.xml,,,,
"34, Marlene",,Coteau-du-Lac,,,673.8,1994,185400,300000,485400,2025,Logement,MAMH — Données Québec (rôle d'évaluation foncière),https://donneesouvertes.affmunqc.net/role/RL71040_2026.xml,,,,
"396, Fleuve",,Coteau-du-Lac,,,385.1,1937,136300,70400,206700,2025,Logement,MAMH — Données Québec (rôle d'évaluation foncière),https://donneesouvertes.affmunqc.net/role/RL71040_2026.xml,,,,
"401, Fleuve",,Coteau-du-Lac,,,2395.6,1940,258400,69300,327700,2025,Logement,MAMH — Données Québec (rôle d'évaluation foncière),https://donneesouvertes.affmunqc.net/role/RL71040_2026.xml,,,,
"398, Fleuve",,Coteau-du-Lac,,,383.8,1942,135900,82100,218000,2025,Logement,MAMH — Données Québec (rôle d'évaluation foncière),https://donneesouvertes.affmunqc.net/role/RL71040_2026.xml,,,,
"400, Fleuve",,Coteau-du-Lac,,,363.1,,27000,,27000,2025,Terrain vacant,MAMH — Données Québec (rôle d'évaluation foncière),https://donneesouvertes.affmunqc.net/role/RL71040_2026.xml,,,,
"411, Fleuve",,Coteau-du-Lac,,,961.7,1887,180500,189200,369700,2025,Logement,MAMH — Données Québec (rôle d'évaluation foncière),https://donneesouvertes.affmunqc.net/role/RL71040_2026.xml,,,,
"413, Fleuve",,Coteau-du-Lac,,,1741.6,1960,204900,179300,384200,2025,Logement,MAMH — Données Québec (rôle d'évaluation foncière),https://donneesouvertes.affmunqc.net/role/RL71040_2026.xml,,,,
"415, Fleuve",,Coteau-du-Lac,,,1926.3,2003,205400,469800,675200,2025,Logement,MAMH — Données Québec (rôle d'évaluation foncière),https://donneesouvertes.affmunqc.net/role/RL71040_2026.xml,,,,
"417, Fleuve",,Coteau-du-Lac,,,2463.6,1944,213000,171800,384800,2025,Logement,MAMH — Données Québec (rôle d'évaluation foncière),https://donneesouvertes.affmunqc.net/role/RL71040_2026.xml,,,,
"410, Fleuve",,Coteau-du-Lac,,,326,1952,115400,149800,265200,2025,Logement,MAMH — Données Québec (rôle d'évaluation foncière),https://donneesouvertes.affmunqc.net/role/RL71040_2026.xml,,,,
"419, Fleuve",,Coteau-du-Lac,,,2443.8,1940,207700,233400,441100,2025,Logement,MAMH — Données Québec (rôle d'évaluation foncière),https://donneesouvertes.affmunqc.net/role/RL71040_2026.xml,,,,
"421, Fleuve",,Coteau-du-Lac,,,2295.8,1950,213400,231300,444700,2025,Logement,MAMH — Données Québec (rôle d'évaluation foncière),https://donneesouvertes.affmunqc.net/role/RL71040_2026.xml,,,,
"423, Fleuve",,Coteau-du-Lac,,,3085.1,1992,308700,461500,770200,2025,Logement,MAMH — Données Québec (rôle d'évaluation foncière),https://donneesouvertes.affmunqc.net/role/RL71040_2026.xml,,,,
"428, Fleuve",,Coteau-du-Lac,,,1366.6,2008,452000,343600,795600,2025,Logement,MAMH — Données Québec (rôle d'évaluation foncière),https://donneesouvertes.affmunqc.net/role/RL71040_2026.xml,,,,
"285, 338",,Coteau-du-Lac,,,1690.3,1920,99400,194800,294200,2025,Logement,MAMH — Données Québec (rôle d'évaluation foncière),https://donneesouvertes.affmunqc.net/role/RL71040_2026.xml,,,,
"289, 338",,Coteau-du-Lac,,,23888.2,1976,256100,352700,608800,2025,Logement,MAMH — Données Québec (rôle d'évaluation foncière),https://donneesouvertes.affmunqc.net/role/RL71040_2026.xml,,,,
338 Arriere,,Coteau-du-Lac,,,12987.5,,64900,,64900,2025,Terrain vacant,MAMH — Données Québec (rôle d'évaluation foncière),https://donneesouvertes.affmunqc.net/role/RL71040_2026.xml,,,,
"51, Marlene",,Coteau-du-Lac,,,676.7,1992,185700,238700,424400,2025,Logement,MAMH — Données Québec (rôle d'évaluation foncière),https://donneesouvertes.affmunqc.net/role/RL71040_2026.xml,,,,
"291, 338",,Coteau-du-Lac,,,960.5,1961,80400,170100,250500,2025,Logement,MAMH — Données Québec (rôle d'évaluation foncière),https://donneesouvertes.affmunqc.net/role/RL71040_2026.xml,,,,
"293, 338",,Coteau-du-Lac,,,929,1979,78000,189800,267800,2025,Logement,MAMH — Données Québec (rôle d'évaluation foncière),https://donneesouvertes.affmunqc.net/role/RL71040_2026.xml,,,,
"297, 338",,Coteau-du-Lac,,,8840.2,1976,99400,145200,244600,2025,Logement,MAMH — Données Québec (rôle d'évaluation foncière),https://donneesouvertes.affmunqc.net/role/RL71040_2026.xml,,,,
"295, 338",,Coteau-du-Lac,,,3611,1974,97600,371600,469200,2025,Logement,MAMH — Données Québec (rôle d'évaluation foncière),https://donneesouvertes.affmunqc.net/role/RL71040_2026.xml,,,,
"427, Fleuve",,Coteau-du-Lac,,,21596.3,1990,580000,476800,1056800,2025,Logement,MAMH — Données Québec (rôle d'évaluation foncière),https://donneesouvertes.affmunqc.net/role/RL71040_2026.xml,,,,
"429, Fleuve",,Coteau-du-Lac,,,3383.3,,406900,443300,850200,2025,Logement,MAMH — Données Québec (rôle d'évaluation foncière),https://donneesouvertes.affmunqc.net/role/RL71040_2026.xml,,,,
"431, Fleuve",,Coteau-du-Lac,,,943.4,2016,226300,498200,724500,2025,Logement,MAMH — Données Québec (rôle d'évaluation foncière),https://donneesouvertes.affmunqc.net/role/RL71040_2026.xml,,,,
"435, Fleuve",,Coteau-du-Lac,,,974.4,2007,229400,401500,630900,2025,Logement,MAMH — Données Québec (rôle d'évaluation foncière),https://donneesouvertes.affmunqc.net/role/RL71040_2026.xml,,,,
"430, Fleuve",,Coteau-du-Lac,,,1353.8,1982,500400,441200,941600,2025,Logement,MAMH — Données Québec (rôle d'évaluation foncière),https://donneesouvertes.affmunqc.net/role/RL71040_2026.xml,,,,
"437, Fleuve",,Coteau-du-Lac,,,1016.1,2007,233600,415200,648800,2025,Logement,MAMH — Données Québec (rôle d'évaluation foncière),https://donneesouvertes.affmunqc.net/role/RL71040_2026.xml,,,,
2.048.678.,,Coteau-du-Lac,,,2502.6,,100,,100,2025,Immeuble commercial,MAMH — Données Québec (rôle d'évaluation foncière),https://donneesouvertes.affmunqc.net/role/RL71040_2026.xml,,,,
"60, Germain Methot",,Coteau-du-Lac,,,658.1,2012,233000,581300,814300,2025,Logement,MAMH — Données Québec (rôle d'évaluation foncière),https://donneesouvertes.affmunqc.net/role/RL71040_2026.xml,,,,
"58, Germain Methot",,Coteau-du-Lac,,,666.7,2012,234400,582200,816600,2025,Logement,MAMH — Données Québec (rôle d'évaluation foncière),https://donneesouvertes.affmunqc.net/role/RL71040_2026.xml,,,,
"59, Germain Methot",,Coteau-du-Lac,,,992.2,2010,272800,549800,822600,2025,Logement,MAMH — Données Québec (rôle d'évaluation foncière),https://donneesouvertes.affmunqc.net/role/RL71040_2026.xml,,,,
"56, Germain Methot",,Coteau-du-Lac,,,672.1,2009,235100,444400,679500,2025,Logement,MAMH — Données Québec (rôle d'évaluation foncière),https://donneesouvertes.affmunqc.net/role/RL71040_2026.xml,,,,
"432, Fleuve",,Coteau-du-Lac,,,884.6,2002,376800,429700,806500,2025,Logement,MAMH — Données Québec (rôle d'évaluation foncière),https://donneesouvertes.affmunqc.net/role/RL71040_2026.xml,,,,
"434, Fleuve",,Coteau-du-Lac,,,1044.1,2003,444800,495200,940000,2025,Logement,MAMH — Données Québec (rôle d'évaluation foncière),https://donneesouvertes.affmunqc.net/role/RL71040_2026.xml,,,,
"436, Fleuve",,Coteau-du-Lac,,,1134.9,2004,469300,509900,979200,2025,Logement,MAMH — Données Québec (rôle d'évaluation foncière),https://donneesouvertes.affmunqc.net/role/RL71040_2026.xml,,,,
"440, Fleuve",,Coteau-du-Lac,,,1358.4,1974,450900,343400,794300,2025,Logement,MAMH — Données Québec (rôle d'évaluation foncière),https://donneesouvertes.affmunqc.net/role/RL71040_2026.xml,,,,
"442, Fleuve",,Coteau-du-Lac,,,2159.1,1982,614700,375000,989700,2025,Logement,MAMH — Données Québec (rôle d'évaluation foncière),https://donneesouvertes.affmunqc.net/role/RL71040_2026.xml,,,,
"439, Fleuve",,Coteau-du-Lac,,,1258.9,2008,257900,407600,665500,2025,Logement,MAMH — Données Québec (rôle d'évaluation foncière),https://donneesouvertes.affmunqc.net/role/RL71040_2026.xml,,,,
"441, Fleuve",,Coteau-du-Lac,,,975.2,2011,229500,548800,778300,2025,Logement,MAMH — Données Québec (rôle d'évaluation foncière),https://donneesouvertes.affmunqc.net/role/RL71040_2026.xml,,,,
"443, Fleuve",,Coteau-du-Lac,,,4251.8,1990,274700,294500,569200,2025,Logement,MAMH — Données Québec (rôle d'évaluation foncière),https://donneesouvertes.affmunqc.net/role/RL71040_2026.xml,,,,
"445, Fleuve",,Coteau-du-Lac,,,3214.2,1871,255000,190800,445800,2025,Logement,MAMH — Données Québec (rôle d'évaluation foncière),https://donneesouvertes.affmunqc.net/role/RL71040_2026.xml,,,,
"57, Germain Methot",,Coteau-du-Lac,,,973.3,2010,270600,484400,755000,2025,Logement,MAMH — Données Québec (rôle d'évaluation foncière),https://donneesouvertes.affmunqc.net/role/RL71040_2026.xml,,,,
"55, Germain Methot",,Coteau-du-Lac,,,988.2,2011,272400,637300,909700,2025,Logement,MAMH — Données Québec (rôle d'évaluation foncière),https://donneesouvertes.affmunqc.net/role/RL71040_2026.xml,,,,
"53, Germain Methot",,Coteau-du-Lac,,,1019.7,2008,276100,453300,729400,2025,Logement,MAMH — Données Québec (rôle d'évaluation foncière),https://donneesouvertes.affmunqc.net/role/RL71040_2026.xml,,,,
"22, Louis-adam",,Coteau-du-Lac,,,659.3,2010,233400,434600,668000,2025,Logement,MAMH — Données Québec (rôle d'évaluation foncière),https://donneesouvertes.affmunqc.net/role/RL71040_2026.xml,,,,
"447, Fleuve",,Coteau-du-Lac,,,3666.5,1920,271700,114800,386500,2025,Logement,MAMH — Données Québec (rôle d'évaluation foncière),https://donneesouvertes.affmunqc.net/role/RL71040_2026.xml,,,,
"24, Louis-adam",,Coteau-du-Lac,,,653.9,2008,231500,359100,590600,2025,Logement,MAMH — Données Québec (rôle d'évaluation foncière),https://donneesouvertes.affmunqc.net/role/RL71040_2026.xml,,,,
"26, Louis-adam",,Coteau-du-Lac,,,705.6,2008,239000,473300,712300,2025,Logement,MAMH — Données Québec (rôle d'évaluation foncière),https://donneesouvertes.affmunqc.net/role/RL71040_2026.xml,,,,
"54, Germain Methot",,Coteau-du-Lac,,,674.7,2008,235400,461000,696400,2025,Logement,MAMH — Données Québec (rôle d'évaluation foncière),https://donneesouvertes.affmunqc.net/role/RL71040_2026.xml,,,,
"52, Germain Methot",,Coteau-du-Lac,,,674.9,2009,235400,603500,838900,2025,Logement,MAMH — Données Québec (rôle d'évaluation foncière),https://donneesouvertes.affmunqc.net/role/RL71040_2026.xml,,,,
"50, Germain Methot",,Coteau-du-Lac,,,672.7,2008,235100,560600,795700,2025,Logement,MAMH — Données Québec (rôle d'évaluation foncière),https://donneesouvertes.affmunqc.net/role/RL71040_2026.xml,,,,
"20, Louis-adam",,Coteau-du-Lac,,,790,2010,249000,444400,693400,2025,Logement,MAMH — Données Québec (rôle d'évaluation foncière),https://donneesouvertes.affmunqc.net/role/RL71040_2026.xml,,,,
"48, Germain Methot",,Coteau-du-Lac,,,109.6,,100,,100,2025,Immeuble commercial,MAMH — Données Québec (rôle d'évaluation foncière),https://donneesouvertes.affmunqc.net/role/RL71040_2026.xml,,,,
"46, Germain Methot",,Coteau-du-Lac,,,667.4,2009,234500,538600,773100,2025,Logement,MAMH — Données Québec (rôle d'évaluation foncière),https://donneesouvertes.affmunqc.net/role/RL71040_2026.xml,,,,
"44, Germain Methot",,Coteau-du-Lac,,,668.7,2021,234700,656000,890700,2025,Logement,MAMH — Données Québec (rôle d'évaluation foncière),https://donneesouvertes.affmunqc.net/role/RL71040_2026.xml,,,,
"444, Fleuve",,Coteau-du-Lac,,,2065.7,,601500,7700,609200,2025,Logement,MAMH — Données Québec (rôle d'évaluation foncière),https://donneesouvertes.affmunqc.net/role/RL71040_2026.xml,,,,
"449, Fleuve",,Coteau-du-Lac,,,1755.4,1900,247700,316800,564500,2025,Logement,MAMH — Données Québec (rôle d'évaluation foncière),https://donneesouvertes.affmunqc.net/role/RL71040_2026.xml,,,,
"446, Fleuve",,Coteau-du-Lac,,,707.3,1954,271200,37100,308300,2025,Logement,MAMH — Données Québec (rôle d'évaluation foncière),https://donneesouvertes.affmunqc.net/role/RL71040_2026.xml,,,,
"448, Fleuve",,Coteau-du-Lac,,,1250.2,1993,485700,360800,846500,2025,Logement,MAMH — Données Québec (rôle d'évaluation foncière),https://donneesouvertes.affmunqc.net/role/RL71040_2026.xml,,,,
"451, Fleuve",,Coteau-du-Lac,,,614.9,2021,171600,573200,744800,2025,Logement,MAMH — Données Québec (rôle d'évaluation foncière),https://donneesouvertes.affmunqc.net/role/RL71040_2026.xml,,,,
"450, Fleuve",,Coteau-du-Lac,,,1884,2003,575700,379700,955400,2025,Logement,MAMH — Données Québec (rôle d'évaluation foncière),https://donneesouvertes.affmunqc.net/role/RL71040_2026.xml,,,,
"453, Fleuve",,Coteau-du-Lac,,,606.5,2017,169200,269700,438900,2025,Logement,MAMH — Données Québec (rôle d'évaluation foncière),https://donneesouvertes.affmunqc.net/role/RL71040_2026.xml,,,,
"28, Louis-adam",,Coteau-du-Lac,,,724.8,2023,241300,461400,702700,2025,Logement,MAMH — Données Québec (rôle d'évaluation foncière),https://donneesouvertes.affmunqc.net/role/RL71040_2026.xml,,,,
"25, Louis-adam",,Coteau-du-Lac,,,670.4,2011,234900,455800,690700,2025,Logement,MAMH — Données Québec (rôle d'évaluation foncière),https://donneesouvertes.affmunqc.net/role/RL71040_2026.xml,,,,
"27, Louis-adam",,Coteau-du-Lac,,,655.3,2009,232000,445100,677100,2025,Logement,MAMH — Données Québec (rôle d'évaluation foncière),https://donneesouvertes.affmunqc.net/role/RL71040_2026.xml,,,,
"30, Louis-adam",,Coteau-du-Lac,,,732.4,2008,242200,446500,688700,2025,Logement,MAMH — Données Québec (rôle d'évaluation foncière),https://donneesouvertes.affmunqc.net/role/RL71040_2026.xml,,,,
"29, Louis-adam",,Coteau-du-Lac,,,629.4,2010,222800,399700,622500,2025,Logement,MAMH — Données Québec (rôle d'évaluation foncière),https://donneesouvertes.affmunqc.net/role/RL71040_2026.xml,,,,
"31, Louis-adam",,Coteau-du-Lac,,,935.1,2010,266100,536800,802900,2025,Logement,MAMH — Données Québec (rôle d'évaluation foncière),https://donneesouvertes.affmunqc.net/role/RL71040_2026.xml,,,,
"41, De Longueuil",,Coteau-du-Lac,,,594.8,1998,208800,271900,480700,2025,Logement,MAMH — Données Québec (rôle d'évaluation foncière),https://donneesouvertes.affmunqc.net/role/RL71040_2026.xml,,,,
"39, De Longueuil",,Coteau-du-Lac,,,656.8,1996,230500,526700,757200,2025,Logement,MAMH — Données Québec (rôle d'évaluation foncière),https://donneesouvertes.affmunqc.net/role/RL71040_2026.xml,,,,
"455, Fleuve",,Coteau-du-Lac,,,696.9,2015,187600,276400,464000,2025,Logement,MAMH — Données Québec (rôle d'évaluation foncière),https://donneesouvertes.affmunqc.net/role/RL71040_2026.xml,,,,
"37, De Longueuil",,Coteau-du-Lac,,,856.3,1995,254600,360700,615300,2025,Logement,MAMH — Données Québec (rôle d'évaluation foncière),https://donneesouvertes.affmunqc.net/role/RL71040_2026.xml,,,,
"21, Louis-adam",,Coteau-du-Lac,,,780,2008,247800,498400,746200,2025,Logement,MAMH — Données Québec (rôle d'évaluation foncière),https://donneesouvertes.affmunqc.net/role/RL71040_2026.xml,,,,
"42, Germain Methot",,Coteau-du-Lac,,,899.7,1997,259700,375200,634900,2025,Logement,MAMH — Données Québec (rôle d'évaluation foncière),https://donneesouvertes.affmunqc.net/role/RL71040_2026.xml,,,,
"23, Louis-adam",,Coteau-du-Lac,,,663.2,2009,234000,421500,655500,2025,Logement,MAMH — Données Québec (rôle d'évaluation foncière),https://donneesouvertes.affmunqc.net/role/RL71040_2026.xml,,,,
"47, De Longueuil",,Coteau-du-Lac,,,690.1,1998,235200,307100,542300,2025,Logement,MAMH — Données Québec (rôle d'évaluation foncière),https://donneesouvertes.affmunqc.net/role/RL71040_2026.xml,,,,
"40, Germain Methot",,Coteau-du-Lac,,,891.4,1997,258700,412600,671300,2025,Logement,MAMH — Données Québec (rôle d'évaluation foncière),https://donneesouvertes.affmunqc.net/role/RL71040_2026.xml,,,,
"45, De Longueuil",,Coteau-du-Lac,,,594.8,1995,208800,273400,482200,2025,Logement,MAMH — Données Québec (rôle d'évaluation foncière),https://donneesouvertes.affmunqc.net/role/RL71040_2026.xml,,,,
"43, De Longueuil",,Coteau-du-Lac,,,594.8,1998,208800,260000,468800,2025,Logement,MAMH — Données Québec (rôle d'évaluation foncière),https://donneesouvertes.affmunqc.net/role/RL71040_2026.xml,,,,
"38, De Longueuil",,Coteau-du-Lac,,,695.4,1998,235800,283500,519300,2025,Logement,MAMH — Données Québec (rôle d'évaluation foncière),https://donneesouvertes.affmunqc.net/role/RL71040_2026.xml,,,,
"36, De Longueuil",,Coteau-du-Lac,,,579.5,1998,203400,272300,475700,2025,Logement,MAMH — Données Québec (rôle d'évaluation foncière),https://donneesouvertes.affmunqc.net/role/RL71040_2026.xml,,,,
"34, De Longueuil",,Coteau-du-Lac,,,579.5,1996,203400,282400,485800,2025,Logement,MAMH — Données Québec (rôle d'évaluation foncière),https://donneesouvertes.affmunqc.net/role/RL71040_2026.xml,,,,
"38, Germain Methot",,Coteau-du-Lac,,,595.7,2005,209100,467000,676100,2025,Logement,MAMH — Données Québec (rôle d'évaluation foncière),https://donneesouvertes.affmunqc.net/role/RL71040_2026.xml,,,,
"36, Germain Methot",,Coteau-du-Lac,,,596.7,1999,209400,443900,653300,2025,Logement,MAMH — Données Québec (rôle d'évaluation foncière),https://donneesouvertes.affmunqc.net/role/RL71040_2026.xml,,,,
"34, Germain Methot",,Coteau-du-Lac,,,597.8,1998,209800,304700,514500,2025,Logement,MAMH — Données Québec (rôle d'évaluation foncière),https://donneesouvertes.affmunqc.net/role/RL71040_2026.xml,,,,
"452, Fleuve",,Coteau-du-Lac,,,4142.7,1989,712600,591600,1304200,2025,Logement,MAMH — Données Québec (rôle d'évaluation foncière),https://donneesouvertes.affmunqc.net/role/RL71040_2026.xml,,,,
"454, Fleuve",,Coteau-du-Lac,,,1524,2003,547100,390800,937900,2025,Logement,MAMH — Données Québec (rôle d'évaluation foncière),https://donneesouvertes.affmunqc.net/role/RL71040_2026.xml,,,,
"461, Fleuve",,Coteau-du-Lac,,,818.4,1994,198900,356200,555100,2025,Logement,MAMH — Données Québec (rôle d'évaluation foncière),https://donneesouvertes.affmunqc.net/role/RL71040_2026.xml,,,,
"456, Fleuve",,Coteau-du-Lac,,,1140.1,2010,470000,588400,1058400,2025,Logement,MAMH — Données Québec (rôle d'évaluation foncière),https://donneesouvertes.affmunqc.net/role/RL71040_2026.xml,,,,
"458, Fleuve",,Coteau-du-Lac,,,750.8,2003,319800,343800,663600,2025,Logement,MAMH — Données Québec (rôle d'évaluation foncière),https://donneesouvertes.affmunqc.net/role/RL71040_2026.xml,,,,
"35, De Longueuil",,Coteau-du-Lac,,,915,1995,261500,274200,535700,2025,Logement,MAMH — Données Québec (rôle d'évaluation foncière),https://donneesouvertes.affmunqc.net/role/RL71040_2026.xml,,,,
"457, Fleuve",,Coteau-du-Lac,,,861.7,1994,202900,374900,577800,2025,Logement,MAMH — Données Québec (rôle d'évaluation foncière),https://donneesouvertes.affmunqc.net/role/RL71040_2026.xml,,,,
"30, De Longueuil",,Coteau-du-Lac,,,684.5,1998,234500,364500,599000,2025,Logement,MAMH — Données Québec (rôle d'évaluation foncière),https://donneesouvertes.affmunqc.net/role/RL71040_2026.xml,,,,
"33, De Longueuil",,Coteau-du-Lac,,,716.2,1996,238200,281600,519800,2025,Logement,MAMH — Données Québec (rôle d'évaluation foncière),https://donneesouvertes.affmunqc.net/role/RL71040_2026.xml,,,,
"28, De Longueuil",,Coteau-du-Lac,,,715.5,1997,226200,398700,624900,2025,Logement,MAMH — Données Québec (rôle d'évaluation foncière),https://donneesouvertes.affmunqc.net/role/RL71040_2026.xml,,,,
"459, Fleuve",,Coteau-du-Lac,,,788.9,1994,196100,304900,501000,2025,Logement,MAMH — Données Québec (rôle d'évaluation foncière),https://donneesouvertes.affmunqc.net/role/RL71040_2026.xml,,,,
"31, De Longueuil",,Coteau-du-Lac,,,750.3,1997,242200,269600,511800,2025,Logement,MAMH — Données Québec (rôle d'évaluation foncière),https://donneesouvertes.affmunqc.net/role/RL71040_2026.xml,,,,
"26, De Longueuil",,Coteau-du-Lac,,,722,1995,227000,287900,514900,2025,Logement,MAMH — Données Québec (rôle d'évaluation foncière),https://donneesouvertes.affmunqc.net/role/RL71040_2026.xml,,,,
"24, De Longueuil",,Coteau-du-Lac,,,632.5,1995,222000,292200,514200,2025,Logement,MAMH — Données Québec (rôle d'évaluation foncière),https://donneesouvertes.affmunqc.net/role/RL71040_2026.xml,,,,
"29, De Longueuil",,Coteau-du-Lac,,,707,1998,237200,279900,517100,2025,Logement,MAMH — Données Québec (rôle d'évaluation foncière),https://donneesouvertes.affmunqc.net/role/RL71040_2026.xml,,,,
"463, Fleuve",,Coteau-du-Lac,,,1207.2,2000,235000,490200,725200,2025,Logement,MAMH — Données Québec (rôle d'évaluation foncière),https://donneesouvertes.affmunqc.net/role/RL71040_2026.xml,,,,
"27, De Longueuil",,Coteau-du-Lac,,,594.7,1997,208700,320300,529000,2025,Logement,MAMH — Données Québec (rôle d'évaluation foncière),https://donneesouvertes.affmunqc.net/role/RL71040_2026.xml,,,,
"31, Germain Methot",,Coteau-du-Lac,,,612,1999,214800,320400,535200,2025,Logement,MAMH — Données Québec (rôle d'évaluation foncière),https://donneesouvertes.affmunqc.net/role/RL71040_2026.xml,,,,
"32, De Longueuil",,Coteau-du-Lac,,,579.5,1998,203400,327100,530500,2025,Logement,MAMH — Données Québec (rôle d'évaluation foncière),https://donneesouvertes.affmunqc.net/role/RL71040_2026.xml,,,,
"29, Germain Methot",,Coteau-du-Lac,,,610.7,2002,214400,302000,516400,2025,Logement,MAMH — Données Québec (rôle d'évaluation foncière),https://donneesouvertes.affmunqc.net/role/RL71040_2026.xml,,,,
"25, Soulanges",,Coteau-du-Lac,,,1107.2,1999,269800,439400,709200,2025,Logement,MAMH — Données Québec (rôle d'évaluation foncière),https://donneesouvertes.affmunqc.net/role/RL71040_2026.xml,,,,
"26, Soulanges",,Coteau-du-Lac,,,619.1,2001,217300,286100,503400,2025,Logement,MAMH — Données Québec (rôle d'évaluation foncière),https://donneesouvertes.affmunqc.net/role/RL71040_2026.xml,,,,
"27, Germain Methot",,Coteau-du-Lac,,,610.7,2003,214400,235300,449700,2025,Logement,MAMH — Données Québec (rôle d'évaluation foncière),https://donneesouvertes.affmunqc.net/role/RL71040_2026.xml,,,,
"24, Soulanges",,Coteau-du-Lac,,,722.4,1999,239000,416400,655400,2025,Logement,MAMH — Données Québec (rôle d'évaluation foncière),https://donneesouvertes.affmunqc.net/role/RL71040_2026.xml,,,,
"27, Soulanges",,Coteau-du-Lac,,,713,1999,226000,289700,515700,2025,Logement,MAMH — Données Québec (rôle d'évaluation foncière),https://donneesouvertes.affmunqc.net/role/RL71040_2026.xml,,,,
"25, Germain Methot",,Coteau-du-Lac,,,610.8,2002,214400,339600,554000,2025,Logement,MAMH — Données Québec (rôle d'évaluation foncière),https://donneesouvertes.affmunqc.net/role/RL71040_2026.xml,,,,
"23, Soulanges",,Coteau-du-Lac,,,799.1,2000,247900,346300,594200,2025,Logement,MAMH — Données Québec (rôle d'évaluation foncière),https://donneesouvertes.affmunqc.net/role/RL71040_2026.xml,,,,
"22, Soulanges",,Coteau-du-Lac,,,1009.1,1999,258900,414000,672900,2025,Logement,MAMH — Données Québec (rôle d'évaluation foncière),https://donneesouvertes.affmunqc.net/role/RL71040_2026.xml,,,,
"32, Germain Methot",,Coteau-du-Lac,,,598.9,1998,210200,276900,487100,2025,Logement,MAMH — Données Québec (rôle d'évaluation foncière),https://donneesouvertes.affmunqc.net/role/RL71040_2026.xml,,,,
"30, Germain Methot",,Coteau-du-Lac,,,600,1998,210600,445600,656200,2025,Logement,MAMH — Données Québec (rôle d'évaluation foncière),https://donneesouvertes.affmunqc.net/role/RL71040_2026.xml,,,,
"28, Germain Methot",,Coteau-du-Lac,,,585.7,1998,205600,341800,547400,2025,Logement,MAMH — Données Québec (rôle d'évaluation foncière),https://donneesouvertes.affmunqc.net/role/RL71040_2026.xml,,,,
"26, Germain Methot",,Coteau-du-Lac,,,650,2000,228200,415600,643800,2025,Logement,MAMH — Données Québec (rôle d'évaluation foncière),https://donneesouvertes.affmunqc.net/role/RL71040_2026.xml,,,,
"23, Germain Methot",,Coteau-du-Lac,,,607.4,1998,213200,302100,515300,2025,Logement,MAMH — Données Québec (rôle d'évaluation foncière),https://donneesouvertes.affmunqc.net/role/RL71040_2026.xml,,,,
"24, Germain Methot",,Coteau-du-Lac,,,627.3,2000,220200,294100,514300,2025,Logement,MAMH — Données Québec (rôle d'évaluation foncière),https://donneesouvertes.affmunqc.net/role/RL71040_2026.xml,,,,
"21, Germain Methot",,Coteau-du-Lac,,,586.3,2000,205800,262700,468500,2025,Logement,MAMH — Données Québec (rôle d'évaluation foncière),https://donneesouvertes.affmunqc.net/role/RL71040_2026.xml,,,,
"117, Saint-emmanuel",,Coteau-du-Lac,,,212182.7,,1060900,283700,1344600,2025,Agricole,MAMH — Données Québec (rôle d'évaluation foncière),https://donneesouvertes.affmunqc.net/role/RL71040_2026.xml,,,,
"89, Saint-emmanuel",,Coteau-du-Lac,,,286942.5,1965,1434700,10000,1444700,2025,Agricole,MAMH — Données Québec (rôle d'évaluation foncière),https://donneesouvertes.affmunqc.net/role/RL71040_2026.xml,,,,
"171, Saint-emmanuel, app. 173",,Coteau-du-Lac,,,216069.9,,1080400,178300,1258700,2025,Agricole,MAMH — Données Québec (rôle d'évaluation foncière),https://donneesouvertes.affmunqc.net/role/RL71040_2026.xml,,,,
"151, Saint-emmanuel",,Coteau-du-Lac,,,210976.3,,1054900,584000,1638900,2025,Agricole,MAMH — Données Québec (rôle d'évaluation foncière),https://donneesouvertes.affmunqc.net/role/RL71040_2026.xml,,,,
"125, Saint-emmanuel",,Coteau-du-Lac,,,215478.6,1950,1077400,22100,1099500,2025,Agricole,MAMH — Données Québec (rôle d'évaluation foncière),https://donneesouvertes.affmunqc.net/role/RL71040_2026.xml,,,,
"153, Saint-emmanuel",,Coteau-du-Lac,,,1864.1,1978,145500,246000,391500,2025,Logement,MAMH — Données Québec (rôle d'évaluation foncière),https://donneesouvertes.affmunqc.net/role/RL71040_2026.xml,,,,
"161, Saint-emmanuel",,Coteau-du-Lac,,,2796.9,1870,176900,163200,340100,2025,Logement,MAMH — Données Québec (rôle d'évaluation foncière),https://donneesouvertes.affmunqc.net/role/RL71040_2026.xml,,,,
"155, Saint-emmanuel",,Coteau-du-Lac,,,1296,1972,113300,277700,391000,2025,Logement,MAMH — Données Québec (rôle d'évaluation foncière),https://donneesouvertes.affmunqc.net/role/RL71040_2026.xml,,,,
"158, Saint-emmanuel",,Coteau-du-Lac,,,1823.4,1850,147700,224300,372000,2025,Logement,MAMH — Données Québec (rôle d'évaluation foncière),https://donneesouvertes.affmunqc.net/role/RL71040_2026.xml,,,,
"137, Saint-emmanuel",,Coteau-du-Lac,,,420733.7,,2059900,651500,2711400,2025,Agricole,MAMH — Données Québec (rôle d'évaluation foncière),https://donneesouvertes.affmunqc.net/role/RL71040_2026.xml,,,,
"147, Saint-emmanuel",,Coteau-du-Lac,,,1393.8,1982,116200,331500,447700,2025,Logement,MAMH — Données Québec (rôle d'évaluation foncière),https://donneesouvertes.affmunqc.net/role/RL71040_2026.xml,,,,
"145, Saint-emmanuel",,Coteau-du-Lac,,,1393.5,1976,116200,252000,368200,2025,Logement,MAMH — Données Québec (rôle d'évaluation foncière),https://donneesouvertes.affmunqc.net/role/RL71040_2026.xml,,,,
"149, Saint-emmanuel",,Coteau-du-Lac,,,1747.6,1950,126800,182300,309100,2025,Logement,MAMH — Données Québec (rôle d'évaluation foncière),https://donneesouvertes.affmunqc.net/role/RL71040_2026.xml,,,,
"150, Saint-emmanuel",,Coteau-du-Lac,,,1925.6,1965,150800,256600,407400,2025,Logement,MAMH — Données Québec (rôle d'évaluation foncière),https://donneesouvertes.affmunqc.net/role/RL71040_2026.xml,,,,
"144, Saint-emmanuel",,Coteau-du-Lac,,,1254.2,1963,112900,196000,308900,2025,Logement,MAMH — Données Québec (rôle d'évaluation foncière),https://donneesouvertes.affmunqc.net/role/RL71040_2026.xml,,,,
"156, Saint-emmanuel",,Coteau-du-Lac,,,1862.4,1867,148900,173800,322700,2025,Logement,MAMH — Données Québec (rôle d'évaluation foncière),https://donneesouvertes.affmunqc.net/role/RL71040_2026.xml,,,,
"154, Saint-emmanuel",,Coteau-du-Lac,,,1858.1,1979,148700,277000,425700,2025,Logement,MAMH — Données Québec (rôle d'évaluation foncière),https://donneesouvertes.affmunqc.net/role/RL71040_2026.xml,,,,
"142, Saint-emmanuel",,Coteau-du-Lac,,,929,1946,83600,161200,244800,2025,Logement,MAMH — Données Québec (rôle d'évaluation foncière),https://donneesouvertes.affmunqc.net/role/RL71040_2026.xml,,,,
"115, Saint-emmanuel",,Coteau-du-Lac,,,4644.1,1954,187200,247800,435000,2025,Logement,MAMH — Données Québec (rôle d'évaluation foncière),https://donneesouvertes.affmunqc.net/role/RL71040_2026.xml,,,,
"239, St-emmanuel",,Coteau-du-Lac,,,4536.3,2017,187100,666500,853600,2025,Logement,MAMH — Données Québec (rôle d'évaluation foncière),https://donneesouvertes.affmunqc.net/role/RL71040_2026.xml,,,,
"248, Saint-emmanuel",,Coteau-du-Lac,,,2788,1993,174400,300800,475200,2025,Logement,MAMH — Données Québec (rôle d'évaluation foncière),https://donneesouvertes.affmunqc.net/role/RL71040_2026.xml,,,,
"217, Saint-emmanuel",,Coteau-du-Lac,,,4999.7,1870,187400,183200,370600,2025,Logement,MAMH — Données Québec (rôle d'évaluation foncière),https://donneesouvertes.affmunqc.net/role/RL71040_2026.xml,,,,
"227, Saint-emmanuel",,Coteau-du-Lac,,,4129,1961,186800,352200,539000,2025,Logement,MAMH — Données Québec (rôle d'évaluation foncière),https://donneesouvertes.affmunqc.net/role/RL71040_2026.xml,,,,
"221, Saint-emmanuel",,Coteau-du-Lac,,,1011.7,1965,91100,257200,348300,2025,Logement,MAMH — Données Québec (rôle d'évaluation foncière),https://donneesouvertes.affmunqc.net/role/RL71040_2026.xml,,,,
"203, Saint-emmanuel",,Coteau-du-Lac,,,5000,1871,187400,233500,420900,2025,Logement,MAMH — Données Québec (rôle d'évaluation foncière),https://donneesouvertes.affmunqc.net/role/RL71040_2026.xml,,,,
"210, Saint-emmanuel",,Coteau-du-Lac,,,1184.6,1957,106600,181400,288000,2025,Logement,MAMH — Données Québec (rôle d'évaluation foncière),https://donneesouvertes.affmunqc.net/role/RL71040_2026.xml,,,,
"218, Saint-emmanuel",,Coteau-du-Lac,,,4754.3,1870,187200,274300,461500,2025,Logement,MAMH — Données Québec (rôle d'évaluation foncière),https://donneesouvertes.affmunqc.net/role/RL71040_2026.xml,,,,
"200, Saint-emmanuel",,Coteau-du-Lac,,,3485.2,1970,186300,427000,613300,2025,Logement,MAMH — Données Québec (rôle d'évaluation foncière),https://donneesouvertes.affmunqc.net/role/RL71040_2026.xml,,,,
"204, Saint-emmanuel",,Coteau-du-Lac,,,1861.9,1976,130300,248900,379200,2025,Logement,MAMH — Données Québec (rôle d'évaluation foncière),https://donneesouvertes.affmunqc.net/role/RL71040_2026.xml,,,,
"183, Saint-emmanuel",,Coteau-du-Lac,,,4947.6,1976,187400,225700,413100,2025,Logement,MAMH — Données Québec (rôle d'évaluation foncière),https://donneesouvertes.affmunqc.net/role/RL71040_2026.xml,,,,
"187, Saint-emmanuel",,Coteau-du-Lac,,,2787.1,1999,174300,348600,522900,2025,Logement,MAMH — Données Québec (rôle d'évaluation foncière),https://donneesouvertes.affmunqc.net/role/RL71040_2026.xml,,,,
"180, Saint-emmanuel",,Coteau-du-Lac,,,2787.1,1995,174300,341600,515900,2025,Logement,MAMH — Données Québec (rôle d'évaluation foncière),https://donneesouvertes.affmunqc.net/role/RL71040_2026.xml,,,,
"166, Saint-emmanuel",,Coteau-du-Lac,,,67693.3,,338500,620500,959000,2025,Agricole,MAMH — Données Québec (rôle d'évaluation foncière),https://donneesouvertes.affmunqc.net/role/RL71040_2026.xml,,,,
"214, Saint-emmanuel",,Coteau-du-Lac,,,208204,,1013700,2600,1016300,2025,Agricole,MAMH — Données Québec (rôle d'évaluation foncière),https://donneesouvertes.affmunqc.net/role/RL71040_2026.xml,,,,
"206, Saint-emmanuel",,Coteau-du-Lac,,,213101.3,,1038200,,1038200,2025,Agricole,MAMH — Données Québec (rôle d'évaluation foncière),https://donneesouvertes.affmunqc.net/role/RL71040_2026.xml,,,,
"282, Saint-emmanuel",,Coteau-du-Lac,,,209526.5,,1018300,792900,1811200,2025,Agricole,MAMH — Données Québec (rôle d'évaluation foncière),https://donneesouvertes.affmunqc.net/role/RL71040_2026.xml,,,,
"264, Saint-emmanuel",,Coteau-du-Lac,,,211570.1,,1028000,,1028000,2025,Agricole,MAMH — Données Québec (rôle d'évaluation foncière),https://donneesouvertes.affmunqc.net/role/RL71040_2026.xml,,,,
"250, Saint-emmanuel, app. 262",,Coteau-du-Lac,,,413799.9,,2012800,1832500,3845300,2025,Agricole,MAMH — Données Québec (rôle d'évaluation foncière),https://donneesouvertes.affmunqc.net/role/RL71040_2026.xml,,,,
"240, Saint-emmanuel",,Coteau-du-Lac,,,217664.9,,1057000,,1057000,2025,Agricole,MAMH — Données Québec (rôle d'évaluation foncière),https://donneesouvertes.affmunqc.net/role/RL71040_2026.xml,,,,
"230, Saint-emmanuel",,Coteau-du-Lac,,,215799.3,1995,1050200,356300,1406500,2025,Agricole,MAMH — Données Québec (rôle d'évaluation foncière),https://donneesouvertes.affmunqc.net/role/RL71040_2026.xml,,,,
"300, Saint-emmanuel",,Coteau-du-Lac,,,64051.9,,320300,,320300,2025,Agricole,MAMH — Données Québec (rôle d'évaluation foncière),https://donneesouvertes.affmunqc.net/role/RL71040_2026.xml,,,,
"31, Chenier",,Coteau-du-Lac,,,190738.4,,922900,,922900,2025,Agricole,MAMH — Données Québec (rôle d'évaluation foncière),https://donneesouvertes.affmunqc.net/role/RL71040_2026.xml,,,,
"294, Saint-emmanuel",,Coteau-du-Lac,,,362684.7,,1752800,,1752800,2025,Agricole,MAMH — Données Québec (rôle d'évaluation foncière),https://donneesouvertes.affmunqc.net/role/RL71040_2026.xml,,,,
"27, De Beaujeu",,Coteau-du-Lac,,,1994.3,2000,707700,675200,1382900,2025,Logement,MAMH — Données Québec (rôle d'évaluation foncière),https://donneesouvertes.affmunqc.net/role/RL71040_2026.xml,,,,
"25, De Beaujeu",,Coteau-du-Lac,,,2066.1,1998,741800,717000,1458800,2025,Logement,MAMH — Données Québec (rôle d'évaluation foncière),https://donneesouvertes.affmunqc.net/role/RL71040_2026.xml,,,,
"23, De Beaujeu",,Coteau-du-Lac,,,1193,2003,580200,746600,1326800,2025,Logement,MAMH — Données Québec (rôle d'évaluation foncière),https://donneesouvertes.affmunqc.net/role/RL71040_2026.xml,,,,
"35, De Beaujeu",,Coteau-du-Lac,,,1004,2019,492500,890100,1382600,2025,Logement,MAMH — Données Québec (rôle d'évaluation foncière),https://donneesouvertes.affmunqc.net/role/RL71040_2026.xml,,,,
"33, De Beaujeu",,Coteau-du-Lac,,,941.1,2000,481600,385600,867200,2025,Logement,MAMH — Données Québec (rôle d'évaluation foncière),https://donneesouvertes.affmunqc.net/role/RL71040_2026.xml,,,,
"31, De Beaujeu",,Coteau-du-Lac,,,1051.3,2000,500600,527700,1028300,2025,Logement,MAMH — Données Québec (rôle d'évaluation foncière),https://donneesouvertes.affmunqc.net/role/RL71040_2026.xml,,,,
"29, De Beaujeu",,Coteau-du-Lac,,,1174.8,2001,521800,1058900,1580700,2025,Logement,MAMH — Données Québec (rôle d'évaluation foncière),https://donneesouvertes.affmunqc.net/role/RL71040_2026.xml,,,,
"34, De Beaujeu",,Coteau-du-Lac,,,994.8,2000,240700,579700,820400,2025,Logement,MAMH — Données Québec (rôle d'évaluation foncière),https://donneesouvertes.affmunqc.net/role/RL71040_2026.xml,,,,
"20, De Beaujeu",,Coteau-du-Lac,,,19664.6,1976,1855300,341100,2196400,2025,Logement,MAMH — Données Québec (rôle d'évaluation foncière),https://donneesouvertes.affmunqc.net/role/RL71040_2026.xml,,,,
"28, Dupuis",,Coteau-du-Lac,,,2840.7,1981,263600,389900,653500,2025,Logement,MAMH — Données Québec (rôle d'évaluation foncière),https://donneesouvertes.affmunqc.net/role/RL71040_2026.xml,,,,
"30, Dupuis",,Coteau-du-Lac,,,3264.9,1982,638800,429000,1067800,2025,Logement,MAMH — Données Québec (rôle d'évaluation foncière),https://donneesouvertes.affmunqc.net/role/RL71040_2026.xml,,,,
"32, Dupuis",,Coteau-du-Lac,,,3398.5,1982,639500,418300,1057800,2025,Logement,MAMH — Données Québec (rôle d'évaluation foncière),https://donneesouvertes.affmunqc.net/role/RL71040_2026.xml,,,,
"34, Dupuis",,Coteau-du-Lac,,,7174.7,1985,658400,399600,1058000,2025,Logement,MAMH — Données Québec (rôle d'évaluation foncière),https://donneesouvertes.affmunqc.net/role/RL71040_2026.xml,,,,
"36, Dupuis",,Coteau-du-Lac,,,6981.4,1986,657400,566100,1223500,2025,Logement,MAMH — Données Québec (rôle d'évaluation foncière),https://donneesouvertes.affmunqc.net/role/RL71040_2026.xml,,,,
"460, Fleuve",,Coteau-du-Lac,,,694.5,2003,295900,653600,949500,2025,Logement,MAMH — Données Québec (rôle d'évaluation foncière),https://donneesouvertes.affmunqc.net/role/RL71040_2026.xml,,,,
"462, Fleuve",,Coteau-du-Lac,,,751.5,,320100,,320100,2025,Terrain vacant,MAMH — Données Québec (rôle d'évaluation foncière),https://donneesouvertes.affmunqc.net/role/RL71040_2026.xml,,,,
"464, Fleuve",,Coteau-du-Lac,,,2032.9,1993,640800,481300,1122100,2025,Logement,MAMH — Données Québec (rôle d'évaluation foncière),https://donneesouvertes.affmunqc.net/role/RL71040_2026.xml,,,,
"465, Fleuve",,Coteau-du-Lac,,,984.3,2019,214300,529900,744200,2025,Logement,MAMH — Données Québec (rôle d'évaluation foncière),https://donneesouvertes.affmunqc.net/role/RL71040_2026.xml,,,,
"25, De Longueuil",,Coteau-du-Lac,,,594.7,1996,208700,302000,510700,2025,Logement,MAMH — Données Québec (rôle d'évaluation foncière),https://donneesouvertes.affmunqc.net/role/RL71040_2026.xml,,,,
"23, De Longueuil",,Coteau-du-Lac,,,594.7,1997,208700,203200,411900,2025,Logement,MAMH — Données Québec (rôle d'évaluation foncière),https://donneesouvertes.affmunqc.net/role/RL71040_2026.xml,,,,
"467, Fleuve",,Coteau-du-Lac,,,2210.4,1922,250000,513000,763000,2025,Logement,MAMH — Données Québec (rôle d'évaluation foncière),https://donneesouvertes.affmunqc.net/role/RL71040_2026.xml,,,,
"21, De Longueuil",,Coteau-du-Lac,,,594.7,1998,208700,298100,506800,2025,Logement,MAMH — Données Québec (rôle d'évaluation foncière),https://donneesouvertes.affmunqc.net/role/RL71040_2026.xml,,,,
"79, De Beaujeu",,Coteau-du-Lac,,,754.8,1996,242800,258100,500900,2025,Logement,MAMH — Données Québec (rôle d'évaluation foncière),https://donneesouvertes.affmunqc.net/role/RL71040_2026.xml,,,,
"469, Fleuve",,Coteau-du-Lac,,,1769,2022,247800,617100,864900,2025,Logement,MAMH — Données Québec (rôle d'évaluation foncière),https://donneesouvertes.affmunqc.net/role/RL71040_2026.xml,,,,
"77, De Beaujeu",,Coteau-du-Lac,,,762.5,2001,243700,290600,534300,2025,Logement,MAMH — Données Québec (rôle d'évaluation foncière),https://donneesouvertes.affmunqc.net/role/RL71040_2026.xml,,,,
"75, De Beaujeu",,Coteau-du-Lac,,,702.3,1995,236600,304100,540700,2025,Logement,MAMH — Données Québec (rôle d'évaluation foncière),https://donneesouvertes.affmunqc.net/role/RL71040_2026.xml,,,,
"21, Soulanges",,Coteau-du-Lac,,,562.3,1999,197400,279800,477200,2025,Logement,MAMH — Données Québec (rôle d'évaluation foncière),https://donneesouvertes.affmunqc.net/role/RL71040_2026.xml,,,,
"22, De Longueuil",,Coteau-du-Lac,,,632.5,1996,222000,278700,500700,2025,Logement,MAMH — Données Québec (rôle d'évaluation foncière),https://donneesouvertes.affmunqc.net/role/RL71040_2026.xml,,,,
"20, Soulanges",,Coteau-du-Lac,,,633.5,2002,211200,214900,426100,2025,Logement,MAMH — Données Québec (rôle d'évaluation foncière),https://donneesouvertes.affmunqc.net/role/RL71040_2026.xml,,,,
"89, De Beaujeu",,Coteau-du-Lac,,,877,2006,257000,398600,655600,2025,Logement,MAMH — Données Québec (rôle d'évaluation foncière),https://donneesouvertes.affmunqc.net/role/RL71040_2026.xml,,,,
"87, De Beaujeu",,Coteau-du-Lac,,,778.2,2006,245500,440700,686200,2025,Logement,MAMH — Données Québec (rôle d'évaluation foncière),https://donneesouvertes.affmunqc.net/role/RL71040_2026.xml,,,,
"20, De Longueuil",,Coteau-du-Lac,,,579.5,1997,203400,266800,470200,2025,Logement,MAMH — Données Québec (rôle d'évaluation foncière),https://donneesouvertes.affmunqc.net/role/RL71040_2026.xml,,,,
"85, De Beaujeu",,Coteau-du-Lac,,,660.1,2006,231700,310700,542400,2025,Logement,MAMH — Données Québec (rôle d'évaluation foncière),https://donneesouvertes.affmunqc.net/role/RL71040_2026.xml,,,,
"83, De Beaujeu",,Coteau-du-Lac,,,650,2006,228200,362300,590500,2025,Logement,MAMH — Données Québec (rôle d'évaluation foncière),https://donneesouvertes.affmunqc.net/role/RL71040_2026.xml,,,,
"81, De Beaujeu",,Coteau-du-Lac,,,696.8,1999,236000,343100,579100,2025,Logement,MAMH — Données Québec (rôle d'évaluation foncière),https://donneesouvertes.affmunqc.net/role/RL71040_2026.xml,,,,
"88, De Beaujeu",,Coteau-du-Lac,,,810.9,2005,249300,335300,584600,2025,Logement,MAMH — Données Québec (rôle d'évaluation foncière),https://donneesouvertes.affmunqc.net/role/RL71040_2026.xml,,,,
"86, De Beaujeu",,Coteau-du-Lac,,,699.1,2009,236200,497500,733700,2025,Logement,MAMH — Données Québec (rôle d'évaluation foncière),https://donneesouvertes.affmunqc.net/role/RL71040_2026.xml,,,,
"84, De Beaujeu",,Coteau-du-Lac,,,696.8,1996,236000,315400,551400,2025,Logement,MAMH — Données Québec (rôle d'évaluation foncière),https://donneesouvertes.affmunqc.net/role/RL71040_2026.xml,,,,
"22, Germain Methot",,Coteau-du-Lac,,,666.8,2000,232500,392200,624700,2025,Logement,MAMH — Données Québec (rôle d'évaluation foncière),https://donneesouvertes.affmunqc.net/role/RL71040_2026.xml,,,,
"19, Germain Methot",,Coteau-du-Lac,,,585,2003,205300,249400,454700,2025,Logement,MAMH — Données Québec (rôle d'évaluation foncière),https://donneesouvertes.affmunqc.net/role/RL71040_2026.xml,,,,
"20, Germain Methot",,Coteau-du-Lac,,,1011.4,2000,272800,414900,687700,2025,Logement,MAMH — Données Québec (rôle d'évaluation foncière),https://donneesouvertes.affmunqc.net/role/RL71040_2026.xml,,,,
"17, Germain Methot",,Coteau-du-Lac,,,697.9,2000,236100,343800,579900,2025,Logement,MAMH — Données Québec (rôle d'évaluation foncière),https://donneesouvertes.affmunqc.net/role/RL71040_2026.xml,,,,
"91, De Beaujeu",,Coteau-du-Lac,,,990,2006,270300,560400,830700,2025,Logement,MAMH — Données Québec (rôle d'évaluation foncière),https://donneesouvertes.affmunqc.net/role/RL71040_2026.xml,,,,
"90, De Beaujeu",,Coteau-du-Lac,,,811.2,2008,249400,388400,637800,2025,Logement,MAMH — Données Québec (rôle d'évaluation foncière),https://donneesouvertes.affmunqc.net/role/RL71040_2026.xml,,,,
"92, De Beaujeu",,Coteau-du-Lac,,,811.7,2006,249400,301000,550400,2025,Logement,MAMH — Données Québec (rôle d'évaluation foncière),https://donneesouvertes.affmunqc.net/role/RL71040_2026.xml,,,,
"94, De Beaujeu",,Coteau-du-Lac,,,718.1,2003,238500,319300,557800,2025,Logement,MAMH — Données Québec (rôle d'évaluation foncière),https://donneesouvertes.affmunqc.net/role/RL71040_2026.xml,,,,
"55, De Lery",,Coteau-du-Lac,,,755.1,2003,242800,364400,607200,2025,Logement,MAMH — Données Québec (rôle d'évaluation foncière),https://donneesouvertes.affmunqc.net/role/RL71040_2026.xml,,,,
"93, De Beaujeu",,Coteau-du-Lac,,,956.5,2003,266400,441800,708200,2025,Logement,MAMH — Données Québec (rôle d'évaluation foncière),https://donneesouvertes.affmunqc.net/role/RL71040_2026.xml,,,,
"95, De Beaujeu",,Coteau-du-Lac,,,939.2,2003,264300,608500,872800,2025,Logement,MAMH — Données Québec (rôle d'évaluation foncière),https://donneesouvertes.affmunqc.net/role/RL71040_2026.xml,,,,
"37, Darnis",,Coteau-du-Lac,,,2345.4,1988,189800,276100,465900,2025,Logement,MAMH — Données Québec (rôle d'évaluation foncière),https://donneesouvertes.affmunqc.net/role/RL71040_2026.xml,,,,
"466, Fleuve",,Coteau-du-Lac,,,2146.8,2014,613000,441300,1054300,2025,Logement,MAMH — Données Québec (rôle d'évaluation foncière),https://donneesouvertes.affmunqc.net/role/RL71040_2026.xml,,,,
"71, De Beaujeu",,Coteau-du-Lac,,,1144.4,1993,256300,345500,601800,2025,Logement,MAMH — Données Québec (rôle d'évaluation foncière),https://donneesouvertes.affmunqc.net/role/RL71040_2026.xml,,,,
"67, De Beaujeu",,Coteau-du-Lac,,,1174.8,1994,285400,453400,738800,2025,Logement,MAMH — Données Québec (rôle d'évaluation foncière),https://donneesouvertes.affmunqc.net/role/RL71040_2026.xml,,,,
"470, Fleuve",,Coteau-du-Lac,,,776.4,1993,195000,297600,492600,2025,Logement,MAMH — Données Québec (rôle d'évaluation foncière),https://donneesouvertes.affmunqc.net/role/RL71040_2026.xml,,,,
"65, De Beaujeu",,Coteau-du-Lac,,,2993.2,1997,679000,693300,1372300,2025,Logement,MAMH — Données Québec (rôle d'évaluation foncière),https://donneesouvertes.affmunqc.net/role/RL71040_2026.xml,,,,
"56, De Beaujeu",,Coteau-du-Lac,,,1203.8,2000,262500,474100,736600,2025,Logement,MAMH — Données Québec (rôle d'évaluation foncière),https://donneesouvertes.affmunqc.net/role/RL71040_2026.xml,,,,
"73, De Beaujeu",,Coteau-du-Lac,,,1170.4,1993,231600,244500,476100,2025,Logement,MAMH — Données Québec (rôle d'évaluation foncière),https://donneesouvertes.affmunqc.net/role/RL71040_2026.xml,,,,
"80, De Beaujeu",,Coteau-du-Lac,,,582.5,1996,204500,327800,532300,2025,Logement,MAMH — Données Québec (rôle d'évaluation foncière),https://donneesouvertes.affmunqc.net/role/RL71040_2026.xml,,,,
"78, De Beaujeu",,Coteau-du-Lac,,,582.6,2001,204500,265300,469800,2025,Logement,MAMH — Données Québec (rôle d'évaluation foncière),https://donneesouvertes.affmunqc.net/role/RL71040_2026.xml,,,,
"76, De Beaujeu",,Coteau-du-Lac,,,648.5,1996,227600,308100,535700,2025,Logement,MAMH — Données Québec (rôle d'évaluation foncière),https://donneesouvertes.affmunqc.net/role/RL71040_2026.xml,,,,
"471, Fleuve",,Coteau-du-Lac,,,1009,1993,216600,262200,478800,2025,Logement,MAMH — Données Québec (rôle d'évaluation foncière),https://donneesouvertes.affmunqc.net/role/RL71040_2026.xml,,,,
"45, De Lery",,Coteau-du-Lac,,,957.2,2000,266400,428700,695100,2025,Logement,MAMH — Données Québec (rôle d'évaluation foncière),https://donneesouvertes.affmunqc.net/role/RL71040_2026.xml,,,,
"473, Fleuve",,Coteau-du-Lac,,,800.5,1993,197200,310000,507200,2025,Logement,MAMH — Données Québec (rôle d'évaluation foncière),https://donneesouvertes.affmunqc.net/role/RL71040_2026.xml,,,,
"43, De Lery",,Coteau-du-Lac,,,853.1,2000,254300,258400,512700,2025,Logement,MAMH — Données Québec (rôle d'évaluation foncière),https://donneesouvertes.affmunqc.net/role/RL71040_2026.xml,,,,
"472, Fleuve",,Coteau-du-Lac,,,639,1993,178300,243700,422000,2025,Logement,MAMH — Données Québec (rôle d'évaluation foncière),https://donneesouvertes.affmunqc.net/role/RL71040_2026.xml,,,,
"475, Fleuve",,Coteau-du-Lac,,,800.7,1993,197200,270700,467900,2025,Logement,MAMH — Données Québec (rôle d'évaluation foncière),https://donneesouvertes.affmunqc.net/role/RL71040_2026.xml,,,,
"53, De Lery",,Coteau-du-Lac,,,744.7,2003,241600,374400,616000,2025,Logement,MAMH — Données Québec (rôle d'évaluation foncière),https://donneesouvertes.affmunqc.net/role/RL71040_2026.xml,,,,
"82, De Beaujeu",,Coteau-du-Lac,,,696.8,2001,236000,268100,504100,2025,Logement,MAMH — Données Québec (rôle d'évaluation foncière),https://donneesouvertes.affmunqc.net/role/RL71040_2026.xml,,,,
"51, De Lery",,Coteau-du-Lac,,,696.8,2001,236000,298200,534200,2025,Logement,MAMH — Données Québec (rôle d'évaluation foncière),https://donneesouvertes.affmunqc.net/role/RL71040_2026.xml,,,,
"49, De Lery",,Coteau-du-Lac,,,696.8,2001,236000,264100,500100,2025,Logement,MAMH — Données Québec (rôle d'évaluation foncière),https://donneesouvertes.affmunqc.net/role/RL71040_2026.xml,,,,
"47, De Lery",,Coteau-du-Lac,,,599.6,1994,210500,364500,575000,2025,Logement,MAMH — Données Québec (rôle d'évaluation foncière),https://donneesouvertes.affmunqc.net/role/RL71040_2026.xml,,,,
"52, De Lery",,Coteau-du-Lac,,,784.3,2004,233900,350100,584000,2025,Logement,MAMH — Données Québec (rôle d'évaluation foncière),https://donneesouvertes.affmunqc.net/role/RL71040_2026.xml,,,,
"40, De Lery",,Coteau-du-Lac,,,579.5,2000,203400,349000,552400,2025,Logement,MAMH — Données Québec (rôle d'évaluation foncière),https://donneesouvertes.affmunqc.net/role/RL71040_2026.xml,,,,
"38, De Lery",,Coteau-du-Lac,,,579.5,1998,203400,314500,517900,2025,Logement,MAMH — Données Québec (rôle d'évaluation foncière),https://donneesouvertes.affmunqc.net/role/RL71040_2026.xml,,,,
"36, De Lery",,Coteau-du-Lac,,,579.5,1994,203400,221800,425200,2025,Logement,MAMH — Données Québec (rôle d'évaluation foncière),https://donneesouvertes.affmunqc.net/role/RL71040_2026.xml,,,,
"54, De Lery",,Coteau-du-Lac,,,741.2,2004,229100,311100,540200,2025,Logement,MAMH — Données Québec (rôle d'évaluation foncière),https://donneesouvertes.affmunqc.net/role/RL71040_2026.xml,,,,
"34, De Lery",,Coteau-du-Lac,,,711.2,2010,237700,430800,668500,2025,Logement,MAMH — Données Québec (rôle d'évaluation foncière),https://donneesouvertes.affmunqc.net/role/RL71040_2026.xml,,,,
"58, De Lery",,Coteau-du-Lac,,,687.4,2003,234900,281000,515900,2025,Logement,MAMH — Données Québec (rôle d'évaluation foncière),https://donneesouvertes.affmunqc.net/role/RL71040_2026.xml,,,,
"57, De Lery",,Coteau-du-Lac,,,754.8,2004,242800,316000,558800,2025,Logement,MAMH — Données Québec (rôle d'évaluation foncière),https://donneesouvertes.affmunqc.net/role/RL71040_2026.xml,,,,
"96, De Beaujeu",,Coteau-du-Lac,,,737.8,2003,240800,430800,671600,2025,Logement,MAMH — Données Québec (rôle d'évaluation foncière),https://donneesouvertes.affmunqc.net/role/RL71040_2026.xml,,,,
"59, De Lery",,Coteau-du-Lac,,,718,2005,238400,335100,573500,2025,Logement,MAMH — Données Québec (rôle d'évaluation foncière),https://donneesouvertes.affmunqc.net/role/RL71040_2026.xml,,,,
"98, De Beaujeu",,Coteau-du-Lac,,,683.8,2003,234400,421600,656000,2025,Logement,MAMH — Données Québec (rôle d'évaluation foncière),https://donneesouvertes.affmunqc.net/role/RL71040_2026.xml,,,,
"61, De Lery",,Coteau-du-Lac,,,651.5,2003,228700,318100,546800,2025,Logement,MAMH — Données Québec (rôle d'évaluation foncière),https://donneesouvertes.affmunqc.net/role/RL71040_2026.xml,,,,
"100, De Beaujeu",,Coteau-du-Lac,,,655.7,2003,230200,301000,531200,2025,Logement,MAMH — Données Québec (rôle d'évaluation foncière),https://donneesouvertes.affmunqc.net/role/RL71040_2026.xml,,,,
"63, De Lery",,Coteau-du-Lac,,,649.4,2003,227900,278100,506000,2025,Logement,MAMH — Données Québec (rôle d'évaluation foncière),https://donneesouvertes.affmunqc.net/role/RL71040_2026.xml,,,,
"102, De Beaujeu",,Coteau-du-Lac,,,655.8,2004,230200,361100,591300,2025,Logement,MAMH — Données Québec (rôle d'évaluation foncière),https://donneesouvertes.affmunqc.net/role/RL71040_2026.xml,,,,
"65, De Lery",,Coteau-du-Lac,,,649.7,2004,228000,284300,512300,2025,Logement,MAMH — Données Québec (rôle d'évaluation foncière),https://donneesouvertes.affmunqc.net/role/RL71040_2026.xml,,,,
"97, De Beaujeu",,Coteau-du-Lac,,,1050.6,2005,277400,546800,824200,2025,Logement,MAMH — Données Québec (rôle d'évaluation foncière),https://donneesouvertes.affmunqc.net/role/RL71040_2026.xml,,,,
"99, De Beaujeu",,Coteau-du-Lac,,,1317.5,2007,308600,611800,920400,2025,Logement,MAMH — Données Québec (rôle d'évaluation foncière),https://donneesouvertes.affmunqc.net/role/RL71040_2026.xml,,,,
"101, De Beaujeu",,Coteau-du-Lac,,,968.6,2004,267800,466500,734300,2025,Logement,MAMH — Données Québec (rôle d'évaluation foncière),https://donneesouvertes.affmunqc.net/role/RL71040_2026.xml,,,,
"103, De Beaujeu",,Coteau-du-Lac,,,929.2,2004,263200,576700,839900,2025,Logement,MAMH — Données Québec (rôle d'évaluation foncière),https://donneesouvertes.affmunqc.net/role/RL71040_2026.xml,,,,
"105, De Beaujeu",,Coteau-du-Lac,,,1022.2,2003,274000,523900,797900,2025,Logement,MAMH — Données Québec (rôle d'évaluation foncière),https://donneesouvertes.affmunqc.net/role/RL71040_2026.xml,,,,
"29, Darnis",,Coteau-du-Lac,,,2345.4,,189800,,189800,2025,Terrain vacant,MAMH — Données Québec (rôle d'évaluation foncière),https://donneesouvertes.affmunqc.net/role/RL71040_2026.xml,,,,
"27, Darnis",,Coteau-du-Lac,,,2345.4,1986,189800,322800,512600,2025,Logement,MAMH — Données Québec (rôle d'évaluation foncière),https://donneesouvertes.affmunqc.net/role/RL71040_2026.xml,,,,
"25, Darnis",,Coteau-du-Lac,,,2345.4,1987,189800,295500,485300,2025,Logement,MAMH — Données Québec (rôle d'évaluation foncière),https://donneesouvertes.affmunqc.net/role/RL71040_2026.xml,,,,
"23, Darnis",,Coteau-du-Lac,,,2345.4,1988,189800,303900,493700,2025,Logement,MAMH — Données Québec (rôle d'évaluation foncière),https://donneesouvertes.affmunqc.net/role/RL71040_2026.xml,,,,
"35, Darnis",,Coteau-du-Lac,,,2345.4,1994,189800,369100,558900,2025,Logement,MAMH — Données Québec (rôle d'évaluation foncière),https://donneesouvertes.affmunqc.net/role/RL71040_2026.xml,,,,
"33, Darnis",,Coteau-du-Lac,,,2345.4,1989,189800,301100,490900,2025,Logement,MAMH — Données Québec (rôle d'évaluation foncière),https://donneesouvertes.affmunqc.net/role/RL71040_2026.xml,,,,
"31, Darnis",,Coteau-du-Lac,,,2345.4,1987,189800,374500,564300,2025,Logement,MAMH — Données Québec (rôle d'évaluation foncière),https://donneesouvertes.affmunqc.net/role/RL71040_2026.xml,,,,
"59, De Beaujeu",,Coteau-du-Lac,,,1134.6,1996,542000,493000,1035000,2025,Logement,MAMH — Données Québec (rôle d'évaluation foncière),https://donneesouvertes.affmunqc.net/role/RL71040_2026.xml,,,,
"57, De Beaujeu",,Coteau-du-Lac,,,1259.1,1994,564600,691300,1255900,2025,Logement,MAMH — Données Québec (rôle d'évaluation foncière),https://donneesouvertes.affmunqc.net/role/RL71040_2026.xml,,,,
"55, De Beaujeu",,Coteau-du-Lac,,,1058.2,2000,528200,730000,1258200,2025,Logement,MAMH — Données Québec (rôle d'évaluation foncière),https://donneesouvertes.affmunqc.net/role/RL71040_2026.xml,,,,
"53, De Beaujeu",,Coteau-du-Lac,,,955.9,1998,509700,643900,1153600,2025,Logement,MAMH — Données Québec (rôle d'évaluation foncière),https://donneesouvertes.affmunqc.net/role/RL71040_2026.xml,,,,
"21, De Bienville",,Coteau-du-Lac,,,847.1,1999,225400,319300,544700,2025,Logement,MAMH — Données Québec (rôle d'évaluation foncière),https://donneesouvertes.affmunqc.net/role/RL71040_2026.xml,,,,
"23, De Bienville",,Coteau-du-Lac,,,1063.5,1993,247900,323300,571200,2025,Logement,MAMH — Données Québec (rôle d'évaluation foncière),https://donneesouvertes.affmunqc.net/role/RL71040_2026.xml,,,,
"25, De Bienville",,Coteau-du-Lac,,,593.9,1997,185300,407900,593200,2025,Logement,MAMH — Données Québec (rôle d'évaluation foncière),https://donneesouvertes.affmunqc.net/role/RL71040_2026.xml,,,,
"27, De Bienville",,Coteau-du-Lac,,,579.5,2003,180800,516300,697100,2025,Logement,MAMH — Données Québec (rôle d'évaluation foncière),https://donneesouvertes.affmunqc.net/role/RL71040_2026.xml,,,,
"41, De Lery",,Coteau-du-Lac,,,625.7,2001,219600,324000,543600,2025,Logement,MAMH — Données Québec (rôle d'évaluation foncière),https://donneesouvertes.affmunqc.net/role/RL71040_2026.xml,,,,
"474, Fleuve",,Coteau-du-Lac,,,639.8,1993,178500,264400,442900,2025,Logement,MAMH — Données Québec (rôle d'évaluation foncière),https://donneesouvertes.affmunqc.net/role/RL71040_2026.xml,,,,
"477, Fleuve",,Coteau-du-Lac,,,800.8,1993,197200,260400,457600,2025,Logement,MAMH — Données Québec (rôle d'évaluation foncière),https://donneesouvertes.affmunqc.net/role/RL71040_2026.xml,,,,
"39, De Lery",,Coteau-du-Lac,,,640.5,2002,224800,285600,510400,2025,Logement,MAMH — Données Québec (rôle d'évaluation foncière),https://donneesouvertes.affmunqc.net/role/RL71040_2026.xml,,,,
"476, Fleuve",,Coteau-du-Lac,,,640.8,1994,178800,193500,372300,2025,Logement,MAMH — Données Québec (rôle d'évaluation foncière),https://donneesouvertes.affmunqc.net/role/RL71040_2026.xml,,,,
"479, Fleuve",,Coteau-du-Lac,,,801,1993,197300,280600,477900,2025,Logement,MAMH — Données Québec (rôle d'évaluation foncière),https://donneesouvertes.affmunqc.net/role/RL71040_2026.xml,,,,
"478, Fleuve",,Coteau-du-Lac,,,641.9,1993,179100,347100,526200,2025,Logement,MAMH — Données Québec (rôle d'évaluation foncière),https://donneesouvertes.affmunqc.net/role/RL71040_2026.xml,,,,
"481, Fleuve",,Coteau-du-Lac,,,794.2,1994,196600,251900,448500,2025,Logement,MAMH — Données Québec (rôle d'évaluation foncière),https://donneesouvertes.affmunqc.net/role/RL71040_2026.xml,,,,
"480, Fleuve",,Coteau-du-Lac,,,640.8,1994,178800,218000,396800,2025,Logement,MAMH — Données Québec (rôle d'évaluation foncière),https://donneesouvertes.affmunqc.net/role/RL71040_2026.xml,,,,
"483, Fleuve",,Coteau-du-Lac,,,791.7,1993,196400,266200,462600,2025,Logement,MAMH — Données Québec (rôle d'évaluation foncière),https://donneesouvertes.affmunqc.net/role/RL71040_2026.xml,,,,
"29, De Bienville",,Coteau-du-Lac,,,581.2,2001,181300,410200,591500,2025,Logement,MAMH — Données Québec (rôle d'évaluation foncière),https://donneesouvertes.affmunqc.net/role/RL71040_2026.xml,,,,
"482, Fleuve",,Coteau-du-Lac,,,642.6,1993,179300,230000,409300,2025,Logement,MAMH — Données Québec (rôle d'évaluation foncière),https://donneesouvertes.affmunqc.net/role/RL71040_2026.xml,,,,
"485, Fleuve",,Coteau-du-Lac,,,791.5,1994,196400,252800,449200,2025,Logement,MAMH — Données Québec (rôle d'évaluation foncière),https://donneesouvertes.affmunqc.net/role/RL71040_2026.xml,,,,
"32, De Lery",,Coteau-du-Lac,,,648.9,1995,227800,437000,664800,2025,Logement,MAMH — Données Québec (rôle d'évaluation foncière),https://donneesouvertes.affmunqc.net/role/RL71040_2026.xml,,,,
"62, De Lery",,Coteau-du-Lac,,,679.8,2018,234000,463400,697400,2025,Logement,MAMH — Données Québec (rôle d'évaluation foncière),https://donneesouvertes.affmunqc.net/role/RL71040_2026.xml,,,,
"30, De Lery",,Coteau-du-Lac,,,621,1996,218000,285800,503800,2025,Logement,MAMH — Données Québec (rôle d'évaluation foncière),https://donneesouvertes.affmunqc.net/role/RL71040_2026.xml,,,,
"66, De Lery",,Coteau-du-Lac,,,778.8,2003,245600,353700,599300,2025,Logement,MAMH — Données Québec (rôle d'évaluation foncière),https://donneesouvertes.affmunqc.net/role/RL71040_2026.xml,,,,
"37, De Lery",,Coteau-du-Lac,,,640.5,1997,224800,311200,536000,2025,Logement,MAMH — Données Québec (rôle d'évaluation foncière),https://donneesouvertes.affmunqc.net/role/RL71040_2026.xml,,,,
"70, De Lery",,Coteau-du-Lac,,,779.7,2003,233400,465600,699000,2025,Logement,MAMH — Données Québec (rôle d'évaluation foncière),https://donneesouvertes.affmunqc.net/role/RL71040_2026.xml,,,,
"28, De Lery",,Coteau-du-Lac,,,621,1994,218000,311500,529500,2025,Logement,MAMH — Données Québec (rôle d'évaluation foncière),https://donneesouvertes.affmunqc.net/role/RL71040_2026.xml,,,,
"35, De Lery",,Coteau-du-Lac,,,640.5,1997,224800,231600,456400,2025,Logement,MAMH — Données Québec (rôle d'évaluation foncière),https://donneesouvertes.affmunqc.net/role/RL71040_2026.xml,,,,
"26, De Lery",,Coteau-du-Lac,,,621,1996,218000,299700,517700,2025,Logement,MAMH — Données Québec (rôle d'évaluation foncière),https://donneesouvertes.affmunqc.net/role/RL71040_2026.xml,,,,
"74, De Lery",,Coteau-du-Lac,,,715.2,2004,238100,295100,533200,2025,Logement,MAMH — Données Québec (rôle d'évaluation foncière),https://donneesouvertes.affmunqc.net/role/RL71040_2026.xml,,,,
"33, De Lery",,Coteau-du-Lac,,,640.5,2001,224800,219900,444700,2025,Logement,MAMH — Données Québec (rôle d'évaluation foncière),https://donneesouvertes.affmunqc.net/role/RL71040_2026.xml,,,,
"24, De Lery",,Coteau-du-Lac,,,621,1994,218000,302900,520900,2025,Logement,MAMH — Données Québec (rôle d'évaluation foncière),https://donneesouvertes.affmunqc.net/role/RL71040_2026.xml,,,,
"78, De Lery",,Coteau-du-Lac,,,602.7,2003,211500,284700,496200,2025,Logement,MAMH — Données Québec (rôle d'évaluation foncière),https://donneesouvertes.affmunqc.net/role/RL71040_2026.xml,,,,
"104, De Beaujeu",,Coteau-du-Lac,,,655.8,2003,230200,342100,572300,2025,Logement,MAMH — Données Québec (rôle d'évaluation foncière),https://donneesouvertes.affmunqc.net/role/RL71040_2026.xml,,,,
"67, De Lery",,Coteau-du-Lac,,,610,2003,214100,343300,557400,2025,Logement,MAMH — Données Québec (rôle d'évaluation foncière),https://donneesouvertes.affmunqc.net/role/RL71040_2026.xml,,,,
"106, De Beaujeu",,Coteau-du-Lac,,,655.8,2003,230200,310300,540500,2025,Logement,MAMH — Données Québec (rôle d'évaluation foncière),https://donneesouvertes.affmunqc.net/role/RL71040_2026.xml,,,,
"69, De Lery",,Coteau-du-Lac,,,610,2003,214100,243400,457500,2025,Logement,MAMH — Données Québec (rôle d'évaluation foncière),https://donneesouvertes.affmunqc.net/role/RL71040_2026.xml,,,,
"108, De Beaujeu",,Coteau-du-Lac,,,655.8,2003,230200,300900,531100,2025,Logement,MAMH — Données Québec (rôle d'évaluation foncière),https://donneesouvertes.affmunqc.net/role/RL71040_2026.xml,,,,
"71, De Lery",,Coteau-du-Lac,,,610,2003,214100,273700,487800,2025,Logement,MAMH — Données Québec (rôle d'évaluation foncière),https://donneesouvertes.affmunqc.net/role/RL71040_2026.xml,,,,
"110, De Beaujeu",,Coteau-du-Lac,,,655.8,2003,230200,295200,525400,2025,Logement,MAMH — Données Québec (rôle d'évaluation foncière),https://donneesouvertes.affmunqc.net/role/RL71040_2026.xml,,,,
"73, De Lery",,Coteau-du-Lac,,,610,2004,214100,286600,500700,2025,Logement,MAMH — Données Québec (rôle d'évaluation foncière),https://donneesouvertes.affmunqc.net/role/RL71040_2026.xml,,,,
"112, De Beaujeu",,Coteau-du-Lac,,,706.8,2006,237100,429000,666100,2025,Logement,MAMH — Données Québec (rôle d'évaluation foncière),https://donneesouvertes.affmunqc.net/role/RL71040_2026.xml,,,,
"75, De Lery",,Coteau-du-Lac,,,610,2005,214100,292700,506800,2025,Logement,MAMH — Données Québec (rôle d'évaluation foncière),https://donneesouvertes.affmunqc.net/role/RL71040_2026.xml,,,,
"107, De Beaujeu",,Coteau-du-Lac,,,865,2003,255600,575100,830700,2025,Logement,MAMH — Données Québec (rôle d'évaluation foncière),https://donneesouvertes.affmunqc.net/role/RL71040_2026.xml,,,,
"109, De Beaujeu",,Coteau-du-Lac,,,1114.5,2004,284800,651800,936600,2025,Logement,MAMH — Données Québec (rôle d'évaluation foncière),https://donneesouvertes.affmunqc.net/role/RL71040_2026.xml,,,,
"111, De Beaujeu",,Coteau-du-Lac,,,1204.7,2004,280600,509500,790100,2025,Logement,MAMH — Données Québec (rôle d'évaluation foncière),https://donneesouvertes.affmunqc.net/role/RL71040_2026.xml,,,,
"115, De Beaujeu",,Coteau-du-Lac,,,724.3,2004,239200,365300,604500,2025,Logement,MAMH — Données Québec (rôle d'évaluation foncière),https://donneesouvertes.affmunqc.net/role/RL71040_2026.xml,,,,
"113, De Beaujeu",,Coteau-du-Lac,,,879.5,2003,257300,425000,682300,2025,Logement,MAMH — Données Québec (rôle d'évaluation foncière),https://donneesouvertes.affmunqc.net/role/RL71040_2026.xml,,,,
"21, Darnis",,Coteau-du-Lac,,,2815.1,1985,193200,222400,415600,2025,Logement,MAMH — Données Québec (rôle d'évaluation foncière),https://donneesouvertes.affmunqc.net/role/RL71040_2026.xml,,,,
"24, Darnis",,Coteau-du-Lac,,,2154.2,1988,182200,535900,718100,2025,Logement,MAMH — Données Québec (rôle d'évaluation foncière),https://donneesouvertes.affmunqc.net/role/RL71040_2026.xml,,,,
"22, Darnis",,Coteau-du-Lac,,,2159.6,1994,182400,354600,537000,2025,Logement,MAMH — Données Québec (rôle d'évaluation foncière),https://donneesouvertes.affmunqc.net/role/RL71040_2026.xml,,,,
"32, Darnis",,Coteau-du-Lac,,,2132.3,1988,181300,295500,476800,2025,Logement,MAMH — Données Québec (rôle d'évaluation foncière),https://donneesouvertes.affmunqc.net/role/RL71040_2026.xml,,,,
"30, Darnis",,Coteau-du-Lac,,,2137.8,1987,181500,211800,393300,2025,Logement,MAMH — Données Québec (rôle d'évaluation foncière),https://donneesouvertes.affmunqc.net/role/RL71040_2026.xml,,,,
"28, Darnis",,Coteau-du-Lac,,,2143.2,1987,181700,342500,524200,2025,Logement,MAMH — Données Québec (rôle d'évaluation foncière),https://donneesouvertes.affmunqc.net/role/RL71040_2026.xml,,,,
"26, Darnis",,Coteau-du-Lac,,,2148.7,1986,181900,297500,479400,2025,Logement,MAMH — Données Québec (rôle d'évaluation foncière),https://donneesouvertes.affmunqc.net/role/RL71040_2026.xml,,,,
"35, Chasle",,Coteau-du-Lac,,,1557.6,2013,158300,533700,692000,2025,Logement,MAMH — Données Québec (rôle d'évaluation foncière),https://donneesouvertes.affmunqc.net/role/RL71040_2026.xml,,,,
"51, De Beaujeu",,Coteau-du-Lac,,,2007.4,1999,674100,648100,1322200,2025,Logement,MAMH — Données Québec (rôle d'évaluation foncière),https://donneesouvertes.affmunqc.net/role/RL71040_2026.xml,,,,
"47, De Beaujeu",,Coteau-du-Lac,,,951.9,2003,509000,484800,993800,2025,Logement,MAMH — Données Québec (rôle d'évaluation foncière),https://donneesouvertes.affmunqc.net/role/RL71040_2026.xml,,,,
"45, De Beaujeu",,Coteau-du-Lac,,,1015,1999,520400,455900,976300,2025,Logement,MAMH — Données Québec (rôle d'évaluation foncière),https://donneesouvertes.affmunqc.net/role/RL71040_2026.xml,,,,
"43, De Beaujeu",,Coteau-du-Lac,,,1006,1998,518700,606200,1124900,2025,Logement,MAMH — Données Québec (rôle d'évaluation foncière),https://donneesouvertes.affmunqc.net/role/RL71040_2026.xml,,,,
"22, De Bienville",,Coteau-du-Lac,,,579.1,1996,180700,265600,446300,2025,Logement,MAMH — Données Québec (rôle d'évaluation foncière),https://donneesouvertes.affmunqc.net/role/RL71040_2026.xml,,,,
"24, De Bienville",,Coteau-du-Lac,,,579.1,2001,180700,287800,468500,2025,Logement,MAMH — Données Québec (rôle d'évaluation foncière),https://donneesouvertes.affmunqc.net/role/RL71040_2026.xml,,,,
"50, De Beaujeu",,Coteau-du-Lac,,,596.2,1993,186000,320100,506100,2025,Logement,MAMH — Données Québec (rôle d'évaluation foncière),https://donneesouvertes.affmunqc.net/role/RL71040_2026.xml,,,,
"26, De Bienville",,Coteau-du-Lac,,,867,1993,227400,349900,577300,2025,Logement,MAMH — Données Québec (rôle d'évaluation foncière),https://donneesouvertes.affmunqc.net/role/RL71040_2026.xml,,,,
"30, De Courcelles",,Coteau-du-Lac,,,822.3,2002,222800,369800,592600,2025,Logement,MAMH — Données Québec (rôle d'évaluation foncière),https://donneesouvertes.affmunqc.net/role/RL71040_2026.xml,,,,
"28, De Courcelles",,Coteau-du-Lac,,,731.5,1994,213400,432800,646200,2025,Logement,MAMH — Données Québec (rôle d'évaluation foncière),https://donneesouvertes.affmunqc.net/role/RL71040_2026.xml,,,,
"26, De Courcelles",,Coteau-du-Lac,,,775.2,1993,217900,295900,513800,2025,Logement,MAMH — Données Québec (rôle d'évaluation foncière),https://donneesouvertes.affmunqc.net/role/RL71040_2026.xml,,,,
"31, De Bienville",,Coteau-du-Lac,,,577.8,2002,180300,289000,469300,2025,Logement,MAMH — Données Québec (rôle d'évaluation foncière),https://donneesouvertes.affmunqc.net/role/RL71040_2026.xml,,,,
"484, Fleuve",,Coteau-du-Lac,,,641.6,1994,179000,229200,408200,2025,Logement,MAMH — Données Québec (rôle d'évaluation foncière),https://donneesouvertes.affmunqc.net/role/RL71040_2026.xml,,,,
"487, Fleuve",,Coteau-du-Lac,,,791.4,1994,196400,305700,502100,2025,Logement,MAMH — Données Québec (rôle d'évaluation foncière),https://donneesouvertes.affmunqc.net/role/RL71040_2026.xml,,,,
"33, De Bienville",,Coteau-du-Lac,,,579.5,1998,180800,325000,505800,2025,Logement,MAMH — Données Québec (rôle d'évaluation foncière),https://donneesouvertes.affmunqc.net/role/RL71040_2026.xml,,,,
"489, Fleuve",,Coteau-du-Lac,,,791.3,1997,196400,243700,440100,2025,Logement,MAMH — Données Québec (rôle d'évaluation foncière),https://donneesouvertes.affmunqc.net/role/RL71040_2026.xml,,,,
"486, Fleuve",,Coteau-du-Lac,,,640.7,1994,178800,219300,398100,2025,Logement,MAMH — Données Québec (rôle d'évaluation foncière),https://donneesouvertes.affmunqc.net/role/RL71040_2026.xml,,,,
"35, De Bienville",,Coteau-du-Lac,,,579.6,2003,180800,283800,464600,2025,Logement,MAMH — Données Québec (rôle d'évaluation foncière),https://donneesouvertes.affmunqc.net/role/RL71040_2026.xml,,,,
"488, Fleuve",,Coteau-du-Lac,,,639.8,1995,178500,270300,448800,2025,Logement,MAMH — Données Québec (rôle d'évaluation foncière),https://donneesouvertes.affmunqc.net/role/RL71040_2026.xml,,,,
"37, De Bienville",,Coteau-du-Lac,,,759,1996,216200,345100,561300,2025,Logement,MAMH — Données Québec (rôle d'évaluation foncière),https://donneesouvertes.affmunqc.net/role/RL71040_2026.xml,,,,
"490, Fleuve",,Coteau-du-Lac,,,639.3,1994,178400,293400,471800,2025,Logement,MAMH — Données Québec (rôle d'évaluation foncière),https://donneesouvertes.affmunqc.net/role/RL71040_2026.xml,,,,
"24, De Courcelles",,Coteau-du-Lac,,,715.2,2001,211700,388000,599700,2025,Logement,MAMH — Données Québec (rôle d'évaluation foncière),https://donneesouvertes.affmunqc.net/role/RL71040_2026.xml,,,,
"22, De Courcelles",,Coteau-du-Lac,,,736.8,2003,213900,311100,525000,2025,Logement,MAMH — Données Québec (rôle d'évaluation foncière),https://donneesouvertes.affmunqc.net/role/RL71040_2026.xml,,,,
"492, Fleuve",,Coteau-du-Lac,,,787.7,1993,196000,327900,523900,2025,Logement,MAMH — Données Québec (rôle d'évaluation foncière),https://donneesouvertes.affmunqc.net/role/RL71040_2026.xml,,,,
"31, De Lery",,Coteau-du-Lac,,,640.5,2002,224800,318500,543300,2025,Logement,MAMH — Données Québec (rôle d'évaluation foncière),https://donneesouvertes.affmunqc.net/role/RL71040_2026.xml,,,,
"22, De Lery",,Coteau-du-Lac,,,621,1994,218000,322200,540200,2025,Logement,MAMH — Données Québec (rôle d'évaluation foncière),https://donneesouvertes.affmunqc.net/role/RL71040_2026.xml,,,,
"29, De Lery",,Coteau-du-Lac,,,640.5,2001,224800,308100,532900,2025,Logement,MAMH — Données Québec (rôle d'évaluation foncière),https://donneesouvertes.affmunqc.net/role/RL71040_2026.xml,,,,
"20, De Lery",,Coteau-du-Lac,,,751.2,1994,242300,266100,508400,2025,Logement,MAMH — Données Québec (rôle d'évaluation foncière),https://donneesouvertes.affmunqc.net/role/RL71040_2026.xml,,,,
"25, De Lery",,Coteau-du-Lac,,,1281,1997,304300,417700,722000,2025,Logement,MAMH — Données Québec (rôle d'évaluation foncière),https://donneesouvertes.affmunqc.net/role/RL71040_2026.xml,,,,
"491, Fleuve",,Coteau-du-Lac,,,791.1,1994,196300,248900,445200,2025,Logement,MAMH — Données Québec (rôle d'évaluation foncière),https://donneesouvertes.affmunqc.net/role/RL71040_2026.xml,,,,
"493, Fleuve",,Coteau-du-Lac,,,791.2,1994,196300,277400,473700,2025,Logement,MAMH — Données Québec (rôle d'évaluation foncière),https://donneesouvertes.affmunqc.net/role/RL71040_2026.xml,,,,
"85, De Lery",,Coteau-du-Lac,,,725.7,2004,239300,312100,551400,2025,Logement,MAMH — Données Québec (rôle d'évaluation foncière),https://donneesouvertes.affmunqc.net/role/RL71040_2026.xml,,,,
"23, De Lery",,Coteau-du-Lac,,,596.8,1995,209500,237200,446700,2025,Logement,MAMH — Données Québec (rôle d'évaluation foncière),https://donneesouvertes.affmunqc.net/role/RL71040_2026.xml,,,,
"495, Fleuve",,Coteau-du-Lac,,,946.5,1994,210800,242200,453000,2025,Logement,MAMH — Données Québec (rôle d'évaluation foncière),https://donneesouvertes.affmunqc.net/role/RL71040_2026.xml,,,,
"21, De Lery",,Coteau-du-Lac,,,650.4,2002,228300,276700,505000,2025,Logement,MAMH — Données Québec (rôle d'évaluation foncière),https://donneesouvertes.affmunqc.net/role/RL71040_2026.xml,,,,
"82, De Lery",,Coteau-du-Lac,,,732,2005,228100,425200,653300,2025,Logement,MAMH — Données Québec (rôle d'évaluation foncière),https://donneesouvertes.affmunqc.net/role/RL71040_2026.xml,,,,
"77, De Lery",,Coteau-du-Lac,,,597.9,2003,209900,308800,518700,2025,Logement,MAMH — Données Québec (rôle d'évaluation foncière),https://donneesouvertes.affmunqc.net/role/RL71040_2026.xml,,,,
"79, De Lery",,Coteau-du-Lac,,,830.9,2004,251700,293800,545500,2025,Logement,MAMH — Données Québec (rôle d'évaluation foncière),https://donneesouvertes.affmunqc.net/role/RL71040_2026.xml,,,,
"124, De Beaujeu",,Coteau-du-Lac,,,2303.2,1994,313800,441600,755400,2025,Logement,MAMH — Données Québec (rôle d'évaluation foncière),https://donneesouvertes.affmunqc.net/role/RL71040_2026.xml,,,,
"81, De Lery",,Coteau-du-Lac,,,617.3,2004,216700,319100,535800,2025,Logement,MAMH — Données Québec (rôle d'évaluation foncière),https://donneesouvertes.affmunqc.net/role/RL71040_2026.xml,,,,
"83, De Lery",,Coteau-du-Lac,,,564.4,2003,198100,260600,458700,2025,Logement,MAMH — Données Québec (rôle d'évaluation foncière),https://donneesouvertes.affmunqc.net/role/RL71040_2026.xml,,,,
"29, De Gaspe",,Coteau-du-Lac,,,888,1996,258300,388300,646600,2025,Logement,MAMH — Données Québec (rôle d'évaluation foncière),https://donneesouvertes.affmunqc.net/role/RL71040_2026.xml,,,,
"27, De Gaspe",,Coteau-du-Lac,,,888,1994,258300,278300,536600,2025,Logement,MAMH — Données Québec (rôle d'évaluation foncière),https://donneesouvertes.affmunqc.net/role/RL71040_2026.xml,,,,
"25, De Gaspe",,Coteau-du-Lac,,,888,1998,258300,425400,683700,2025,Logement,MAMH — Données Québec (rôle d'évaluation foncière),https://donneesouvertes.affmunqc.net/role/RL71040_2026.xml,,,,
"34, De Gaspe",,Coteau-du-Lac,,,756.9,2000,243000,474500,717500,2025,Logement,MAMH — Données Québec (rôle d'évaluation foncière),https://donneesouvertes.affmunqc.net/role/RL71040_2026.xml,,,,
"125, De Beaujeu",,Coteau-du-Lac,,,827.7,1998,251300,483000,734300,2025,Logement,MAMH — Données Québec (rôle d'évaluation foncière),https://donneesouvertes.affmunqc.net/role/RL71040_2026.xml,,,,
"36, De Gaspe",,Coteau-du-Lac,,,764.2,1999,243900,358300,602200,2025,Logement,MAMH — Données Québec (rôle d'évaluation foncière),https://donneesouvertes.affmunqc.net/role/RL71040_2026.xml,,,,
"127, De Beaujeu",,Coteau-du-Lac,,,557.8,1997,195800,319800,515600,2025,Logement,MAMH — Données Québec (rôle d'évaluation foncière),https://donneesouvertes.affmunqc.net/role/RL71040_2026.xml,,,,
"128, De Beaujeu",,Coteau-du-Lac,,,787.2,1999,246500,494500,741000,2025,Logement,MAMH — Données Québec (rôle d'évaluation foncière),https://donneesouvertes.affmunqc.net/role/RL71040_2026.xml,,,,
"33, De Gaspe",,Coteau-du-Lac,,,715.7,2003,238200,403600,641800,2025,Logement,MAMH — Données Québec (rôle d'évaluation foncière),https://donneesouvertes.affmunqc.net/role/RL71040_2026.xml,,,,
"35, De Gaspe",,Coteau-du-Lac,,,682.1,2003,234200,386500,620700,2025,Logement,MAMH — Données Québec (rôle d'évaluation foncière),https://donneesouvertes.affmunqc.net/role/RL71040_2026.xml,,,,
"37, De Gaspe",,Coteau-du-Lac,,,739.8,2000,241000,499600,740600,2025,Logement,MAMH — Données Québec (rôle d'évaluation foncière),https://donneesouvertes.affmunqc.net/role/RL71040_2026.xml,,,,
"39, De Gaspe",,Coteau-du-Lac,,,755.7,2001,242900,467500,710400,2025,Logement,MAMH — Données Québec (rôle d'évaluation foncière),https://donneesouvertes.affmunqc.net/role/RL71040_2026.xml,,,,
"20, Darnis",,Coteau-du-Lac,,,3279.5,1987,194600,459200,653800,2025,Logement,MAMH — Données Québec (rôle d'évaluation foncière),https://donneesouvertes.affmunqc.net/role/RL71040_2026.xml,,,,
"23, Chasle",,Coteau-du-Lac,,,2019.3,1990,176800,326600,503400,2025,Logement,MAMH — Données Québec (rôle d'évaluation foncière),https://donneesouvertes.affmunqc.net/role/RL71040_2026.xml,,,,
"21, Chasle",,Coteau-du-Lac,,,2546.8,1987,192400,432400,624800,2025,Logement,MAMH — Données Québec (rôle d'évaluation foncière),https://donneesouvertes.affmunqc.net/role/RL71040_2026.xml,,,,
"31, Chasle",,Coteau-du-Lac,,,2019.3,1992,176800,253700,430500,2025,Logement,MAMH — Données Québec (rôle d'évaluation foncière),https://donneesouvertes.affmunqc.net/role/RL71040_2026.xml,,,,
"29, Chasle",,Coteau-du-Lac,,,2019.3,1990,176800,371500,548300,2025,Logement,MAMH — Données Québec (rôle d'évaluation foncière),https://donneesouvertes.affmunqc.net/role/RL71040_2026.xml,,,,
"27, Chasle",,Coteau-du-Lac,,,2019.3,1989,176800,320800,497600,2025,Logement,MAMH — Données Québec (rôle d'évaluation foncière),https://donneesouvertes.affmunqc.net/role/RL71040_2026.xml,,,,
"25, Chasle",,Coteau-du-Lac,,,2019.3,1990,176800,328800,505600,2025,Logement,MAMH — Données Québec (rôle d'évaluation foncière),https://donneesouvertes.affmunqc.net/role/RL71040_2026.xml,,,,
"41, De Beaujeu",,Coteau-du-Lac,,,986.1,1999,515100,493100,1008200,2025,Logement,MAMH — Données Québec (rôle d'évaluation foncière),https://donneesouvertes.affmunqc.net/role/RL71040_2026.xml,,,,
"46, De Beaujeu",,Coteau-du-Lac,,,879.9,2000,228800,393700,622500,2025,Logement,MAMH — Données Québec (rôle d'évaluation foncière),https://donneesouvertes.affmunqc.net/role/RL71040_2026.xml,,,,
"39, De Beaujeu",,Coteau-du-Lac,,,1020.4,2001,521400,538000,1059400,2025,Logement,MAMH — Données Québec (rôle d'évaluation foncière),https://donneesouvertes.affmunqc.net/role/RL71040_2026.xml,,,,
"37, De Beaujeu",,Coteau-du-Lac,,,1030,2007,523100,782500,1305600,2025,Logement,MAMH — Données Québec (rôle d'évaluation foncière),https://donneesouvertes.affmunqc.net/role/RL71040_2026.xml,,,,
"44, De Beaujeu",,Coteau-du-Lac,,,1285.5,2000,271000,414700,685700,2025,Logement,MAMH — Données Québec (rôle d'évaluation foncière),https://donneesouvertes.affmunqc.net/role/RL71040_2026.xml,,,,
"42, De Beaujeu",,Coteau-du-Lac,,,758,1998,216100,356500,572600,2025,Logement,MAMH — Données Québec (rôle d'évaluation foncière),https://donneesouvertes.affmunqc.net/role/RL71040_2026.xml,,,,
"40, De Beaujeu",,Coteau-du-Lac,,,700.7,2000,210200,476500,686700,2025,Logement,MAMH — Données Québec (rôle d'évaluation foncière),https://donneesouvertes.affmunqc.net/role/RL71040_2026.xml,,,,
"38, De Beaujeu",,Coteau-du-Lac,,,634.6,2000,198000,325000,523000,2025,Logement,MAMH — Données Québec (rôle d'évaluation foncière),https://donneesouvertes.affmunqc.net/role/RL71040_2026.xml,,,,
"46, De Bienville",,Coteau-du-Lac,,,741.7,2002,214400,320500,534900,2025,Logement,MAMH — Données Québec (rôle d'évaluation foncière),https://donneesouvertes.affmunqc.net/role/RL71040_2026.xml,,,,
"36, De Beaujeu",,Coteau-du-Lac,,,716.7,2001,211800,361100,572900,2025,Logement,MAMH — Données Québec (rôle d'évaluation foncière),https://donneesouvertes.affmunqc.net/role/RL71040_2026.xml,,,,
"48, De Bienville",,Coteau-du-Lac,,,671.5,2003,207100,367900,575000,2025,Logement,MAMH — Données Québec (rôle d'évaluation foncière),https://donneesouvertes.affmunqc.net/role/RL71040_2026.xml,,,,
"35, De Courcelles",,Coteau-du-Lac,,,624.8,1995,194900,359200,554100,2025,Logement,MAMH — Données Québec (rôle d'évaluation foncière),https://donneesouvertes.affmunqc.net/role/RL71040_2026.xml,,,,
"33, De Courcelles",,Coteau-du-Lac,,,624.8,1994,194900,530500,725400,2025,Logement,MAMH — Données Québec (rôle d'évaluation foncière),https://donneesouvertes.affmunqc.net/role/RL71040_2026.xml,,,,
"31, De Courcelles",,Coteau-du-Lac,,,771.6,2003,217500,436400,653900,2025,Logement,MAMH — Données Québec (rôle d'évaluation foncière),https://donneesouvertes.affmunqc.net/role/RL71040_2026.xml,,,,
"40, De Bienville",,Coteau-du-Lac,,,1076.9,2003,249300,368100,617400,2025,Logement,MAMH — Données Québec (rôle d'évaluation foncière),https://donneesouvertes.affmunqc.net/role/RL71040_2026.xml,,,,
"42, De Bienville",,Coteau-du-Lac,,,883.2,2006,229100,429800,658900,2025,Logement,MAMH — Données Québec (rôle d'évaluation foncière),https://donneesouvertes.affmunqc.net/role/RL71040_2026.xml,,,,
"44, De Bienville",,Coteau-du-Lac,,,812.5,2002,221800,331800,553600,2025,Logement,MAMH — Données Québec (rôle d'évaluation foncière),https://donneesouvertes.affmunqc.net/role/RL71040_2026.xml,,,,
"41, De Bienville",,Coteau-du-Lac,,,1008.2,2002,242100,372900,615000,2025,Logement,MAMH — Données Québec (rôle d'évaluation foncière),https://donneesouvertes.affmunqc.net/role/RL71040_2026.xml,,,,
"43, De Bienville",,Coteau-du-Lac,,,633.8,2002,197700,317700,515400,2025,Logement,MAMH — Données Québec (rôle d'évaluation foncière),https://donneesouvertes.affmunqc.net/role/RL71040_2026.xml,,,,
"29, De Courcelles",,Coteau-du-Lac,,,697.9,1994,209900,297300,507200,2025,Logement,MAMH — Données Québec (rôle d'évaluation foncière),https://donneesouvertes.affmunqc.net/role/RL71040_2026.xml,,,,
"21, De Courcelles",,Coteau-du-Lac,,,696.6,1993,209700,263700,473400,2025,Logement,MAMH — Données Québec (rôle d'évaluation foncière),https://donneesouvertes.affmunqc.net/role/RL71040_2026.xml,,,,
"27, De Courcelles",,Coteau-du-Lac,,,557.8,2002,174000,283500,457500,2025,Logement,MAMH — Données Québec (rôle d'évaluation foncière),https://donneesouvertes.affmunqc.net/role/RL71040_2026.xml,,,,
"23, De Courcelles",,Coteau-du-Lac,,,697.4,2003,209800,258200,468000,2025,Logement,MAMH — Données Québec (rôle d'évaluation foncière),https://donneesouvertes.affmunqc.net/role/RL71040_2026.xml,,,,
"25, De Courcelles",,Coteau-du-Lac,,,1150.5,2000,256900,395200,652100,2025,Logement,MAMH — Données Québec (rôle d'évaluation foncière),https://donneesouvertes.affmunqc.net/role/RL71040_2026.xml,,,,
"39, De Bienville",,Coteau-du-Lac,,,1071.2,2004,248700,480000,728700,2025,Logement,MAMH — Données Québec (rôle d'évaluation foncière),https://donneesouvertes.affmunqc.net/role/RL71040_2026.xml,,,,
"2, Dupuis",,Coteau-du-Lac,,,912.5,2010,223300,385000,608300,2025,Logement,MAMH — Données Québec (rôle d'évaluation foncière),https://donneesouvertes.affmunqc.net/role/RL71040_2026.xml,,,,
"4, Dupuis",,Coteau-du-Lac,,,656.2,2009,196900,325300,522200,2025,Logement,MAMH — Données Québec (rôle d'évaluation foncière),https://donneesouvertes.affmunqc.net/role/RL71040_2026.xml,,,,
"6, Dupuis",,Coteau-du-Lac,,,658.3,2009,197500,344500,542000,2025,Logement,MAMH — Données Québec (rôle d'évaluation foncière),https://donneesouvertes.affmunqc.net/role/RL71040_2026.xml,,,,
"8, Dupuis",,Coteau-du-Lac,,,660.6,2009,198100,292500,490600,2025,Logement,MAMH — Données Québec (rôle d'évaluation foncière),https://donneesouvertes.affmunqc.net/role/RL71040_2026.xml,,,,
"497, Fleuve",,Coteau-du-Lac,,,871.1,1994,203800,305900,509700,2025,Logement,MAMH — Données Québec (rôle d'évaluation foncière),https://donneesouvertes.affmunqc.net/role/RL71040_2026.xml,,,,
"21, De Gaspe",,Coteau-du-Lac,,,1036.3,1994,275700,457700,733400,2025,Logement,MAMH — Données Québec (rôle d'évaluation foncière),https://donneesouvertes.affmunqc.net/role/RL71040_2026.xml,,,,
"501, Fleuve",,Coteau-du-Lac,,,1265.3,1994,228400,342600,571000,2025,Logement,MAMH — Données Québec (rôle d'évaluation foncière),https://donneesouvertes.affmunqc.net/role/RL71040_2026.xml,,,,
"22, De Gaspe",,Coteau-du-Lac,,,625.3,1996,219500,234500,454000,2025,Logement,MAMH — Données Québec (rôle d'évaluation foncière),https://donneesouvertes.affmunqc.net/role/RL71040_2026.xml,,,,
"20, De Gaspe",,Coteau-du-Lac,,,625.3,1994,219500,248800,468300,2025,Logement,MAMH — Données Québec (rôle d'évaluation foncière),https://donneesouvertes.affmunqc.net/role/RL71040_2026.xml,,,,
"503, Fleuve",,Coteau-du-Lac,,,909.1,2001,207300,435400,642700,2025,Logement,MAMH — Données Québec (rôle d'évaluation foncière),https://donneesouvertes.affmunqc.net/role/RL71040_2026.xml,,,,
"23, De Gaspe",,Coteau-du-Lac,,,918.5,1994,261900,311800,573700,2025,Logement,MAMH — Données Québec (rôle d'évaluation foncière),https://donneesouvertes.affmunqc.net/role/RL71040_2026.xml,,,,
"32, De Gaspe",,Coteau-du-Lac,,,972.8,1995,268300,362200,630500,2025,Logement,MAMH — Données Québec (rôle d'évaluation foncière),https://donneesouvertes.affmunqc.net/role/RL71040_2026.xml,,,,
"30, De Gaspe",,Coteau-du-Lac,,,762.5,1996,243700,337700,581400,2025,Logement,MAMH — Données Québec (rôle d'évaluation foncière),https://donneesouvertes.affmunqc.net/role/RL71040_2026.xml,,,,
"28, De Gaspe",,Coteau-du-Lac,,,625.3,1994,219500,216200,435700,2025,Logement,MAMH — Données Québec (rôle d'évaluation foncière),https://donneesouvertes.affmunqc.net/role/RL71040_2026.xml,,,,
"26, De Gaspe",,Coteau-du-Lac,,,625.3,1994,219500,220700,440200,2025,Logement,MAMH — Données Québec (rôle d'évaluation foncière),https://donneesouvertes.affmunqc.net/role/RL71040_2026.xml,,,,
"64, De Saveuse",,Coteau-du-Lac,,,902.5,2008,260000,385200,645200,2025,Logement,MAMH — Données Québec (rôle d'évaluation foncière),https://donneesouvertes.affmunqc.net/role/RL71040_2026.xml,,,,
"24, De Gaspe",,Coteau-du-Lac,,,625.3,1995,219500,256600,476100,2025,Logement,MAMH — Données Québec (rôle d'évaluation foncière),https://donneesouvertes.affmunqc.net/role/RL71040_2026.xml,,,,
"66, De Saveuse",,Coteau-du-Lac,,,973.1,2008,268300,501000,769300,2025,Logement,MAMH — Données Québec (rôle d'évaluation foncière),https://donneesouvertes.affmunqc.net/role/RL71040_2026.xml,,,,
"62, De Saveuse",,Coteau-du-Lac,,,747.8,2007,241900,491300,733200,2025,Logement,MAMH — Données Québec (rôle d'évaluation foncière),https://donneesouvertes.affmunqc.net/role/RL71040_2026.xml,,,,
"60, De Saveuse",,Coteau-du-Lac,,,650.7,2011,228400,364700,593100,2025,Logement,MAMH — Données Québec (rôle d'évaluation foncière),https://donneesouvertes.affmunqc.net/role/RL71040_2026.xml,,,,
"58, De Saveuse",,Coteau-du-Lac,,,837.1,2007,252400,436500,688900,2025,Logement,MAMH — Données Québec (rôle d'évaluation foncière),https://donneesouvertes.affmunqc.net/role/RL71040_2026.xml,,,,
"38, De Gaspe",,Coteau-du-Lac,,,671,2002,232900,367600,600500,2025,Logement,MAMH — Données Québec (rôle d'évaluation foncière),https://donneesouvertes.affmunqc.net/role/RL71040_2026.xml,,,,
"129, De Beaujeu",,Coteau-du-Lac,,,671,2000,232900,343700,576600,2025,Logement,MAMH — Données Québec (rôle d'évaluation foncière),https://donneesouvertes.affmunqc.net/role/RL71040_2026.xml,,,,
"130, De Beaujeu",,Coteau-du-Lac,,,557.8,2000,195800,327900,523700,2025,Logement,MAMH — Données Québec (rôle d'évaluation foncière),https://donneesouvertes.affmunqc.net/role/RL71040_2026.xml,,,,
"131, De Beaujeu",,Coteau-du-Lac,,,662.2,2001,231900,358600,590500,2025,Logement,MAMH — Données Québec (rôle d'évaluation foncière),https://donneesouvertes.affmunqc.net/role/RL71040_2026.xml,,,,
"132, De Beaujeu",,Coteau-du-Lac,,,557.8,2002,195800,333900,529700,2025,Logement,MAMH — Données Québec (rôle d'évaluation foncière),https://donneesouvertes.affmunqc.net/role/RL71040_2026.xml,,,,
"134, De Beaujeu",,Coteau-du-Lac,,,557.8,2002,195800,384300,580100,2025,Logement,MAMH — Données Québec (rôle d'évaluation foncière),https://donneesouvertes.affmunqc.net/role/RL71040_2026.xml,,,,
"133, De Beaujeu",,Coteau-du-Lac,,,653.9,2002,229500,288800,518300,2025,Logement,MAMH — Données Québec (rôle d'évaluation foncière),https://donneesouvertes.affmunqc.net/role/RL71040_2026.xml,,,,
"136, De Beaujeu",,Coteau-du-Lac,,,605.1,2003,212400,338700,551100,2025,Logement,MAMH — Données Québec (rôle d'évaluation foncière),https://donneesouvertes.affmunqc.net/role/RL71040_2026.xml,,,,
"135, De Beaujeu",,Coteau-du-Lac,,,735.4,2004,240500,365500,606000,2025,Logement,MAMH — Données Québec (rôle d'évaluation foncière),https://donneesouvertes.affmunqc.net/role/RL71040_2026.xml,,,,
"68, De Saveuse",,Coteau-du-Lac,,,707.7,2008,237200,435100,672300,2025,Logement,MAMH — Données Québec (rôle d'évaluation foncière),https://donneesouvertes.affmunqc.net/role/RL71040_2026.xml,,,,
"138, De Beaujeu",,Coteau-du-Lac,,,630.8,2002,221400,347200,568600,2025,Logement,MAMH — Données Québec (rôle d'évaluation foncière),https://donneesouvertes.affmunqc.net/role/RL71040_2026.xml,,,,
"137, De Beaujeu",,Coteau-du-Lac,,,679.2,2004,233900,384500,618400,2025,Logement,MAMH — Données Québec (rôle d'évaluation foncière),https://donneesouvertes.affmunqc.net/role/RL71040_2026.xml,,,,
"41, De Gaspe",,Coteau-du-Lac,,,674.4,2004,233300,436000,669300,2025,Logement,MAMH — Données Québec (rôle d'évaluation foncière),https://donneesouvertes.affmunqc.net/role/RL71040_2026.xml,,,,
"40, De Gaspe",,Coteau-du-Lac,,,662.2,2002,231900,411600,643500,2025,Logement,MAMH — Données Québec (rôle d'évaluation foncière),https://donneesouvertes.affmunqc.net/role/RL71040_2026.xml,,,,
"43, De Gaspe",,Coteau-du-Lac,,,705.1,2000,236900,568800,805700,2025,Logement,MAMH — Données Québec (rôle d'évaluation foncière),https://donneesouvertes.affmunqc.net/role/RL71040_2026.xml,,,,
"42, De Gaspe",,Coteau-du-Lac,,,695.9,2004,235900,416400,652300,2025,Logement,MAMH — Données Québec (rôle d'évaluation foncière),https://donneesouvertes.affmunqc.net/role/RL71040_2026.xml,,,,
"45, De Gaspe",,Coteau-du-Lac,,,685.9,2000,234700,308300,543000,2025,Logement,MAMH — Données Québec (rôle d'évaluation foncière),https://donneesouvertes.affmunqc.net/role/RL71040_2026.xml,,,,
"44, De Gaspe",,Coteau-du-Lac,,,758.9,2002,243200,514300,757500,2025,Logement,MAMH — Données Québec (rôle d'évaluation foncière),https://donneesouvertes.affmunqc.net/role/RL71040_2026.xml,,,,
"47, De Gaspe",,Coteau-du-Lac,,,720.5,2008,238700,534100,772800,2025,Logement,MAMH — Données Québec (rôle d'évaluation foncière),https://donneesouvertes.affmunqc.net/role/RL71040_2026.xml,,,,
"46, De Gaspe",,Coteau-du-Lac,,,715.2,2009,238100,537900,776000,2025,Logement,MAMH — Données Québec (rôle d'évaluation foncière),https://donneesouvertes.affmunqc.net/role/RL71040_2026.xml,,,,
"49, De Gaspe",,Coteau-du-Lac,,,725.8,2007,239400,572100,811500,2025,Logement,MAMH — Données Québec (rôle d'évaluation foncière),https://donneesouvertes.affmunqc.net/role/RL71040_2026.xml,,,,
"20, Chasle",,Coteau-du-Lac,,,3210.4,1988,194400,437100,631500,2025,Logement,MAMH — Données Québec (rôle d'évaluation foncière),https://donneesouvertes.affmunqc.net/role/RL71040_2026.xml,,,,
"28, Chasle",,Coteau-du-Lac,,,2156.7,2005,182300,345500,527800,2025,Logement,MAMH — Données Québec (rôle d'évaluation foncière),https://donneesouvertes.affmunqc.net/role/RL71040_2026.xml,,,,
"26, Chasle",,Coteau-du-Lac,,,2148.1,1989,181900,331600,513500,2025,Logement,MAMH — Données Québec (rôle d'évaluation foncière),https://donneesouvertes.affmunqc.net/role/RL71040_2026.xml,,,,
"24, Chasle",,Coteau-du-Lac,,,2139.6,1989,181600,356800,538400,2025,Logement,MAMH — Données Québec (rôle d'évaluation foncière),https://donneesouvertes.affmunqc.net/role/RL71040_2026.xml,,,,
"22, Chasle",,Coteau-du-Lac,,,2131,2005,181200,331600,512800,2025,Logement,MAMH — Données Québec (rôle d'évaluation foncière),https://donneesouvertes.affmunqc.net/role/RL71040_2026.xml,,,,
"50, De Bienville",,Coteau-du-Lac,,,634.7,2002,198000,316500,514500,2025,Logement,MAMH — Données Québec (rôle d'évaluation foncière),https://donneesouvertes.affmunqc.net/role/RL71040_2026.xml,,,,
"52, De Bienville",,Coteau-du-Lac,,,703,2005,210400,388300,598700,2025,Logement,MAMH — Données Québec (rôle d'évaluation foncière),https://donneesouvertes.affmunqc.net/role/RL71040_2026.xml,,,,
"59, De Bienville",,Coteau-du-Lac,,,783.1,2003,218700,369100,587800,2025,Logement,MAMH — Données Québec (rôle d'évaluation foncière),https://donneesouvertes.affmunqc.net/role/RL71040_2026.xml,,,,
"51, De Bienville",,Coteau-du-Lac,,,923.5,2002,233300,403100,636400,2025,Logement,MAMH — Données Québec (rôle d'évaluation foncière),https://donneesouvertes.affmunqc.net/role/RL71040_2026.xml,,,,
"53, De Bienville",,Coteau-du-Lac,,,923.4,2003,233300,489100,722400,2025,Logement,MAMH — Données Québec (rôle d'évaluation foncière),https://donneesouvertes.affmunqc.net/role/RL71040_2026.xml,,,,
"57, De Bienville",,Coteau-du-Lac,,,1324.4,2002,274600,603000,877600,2025,Logement,MAMH — Données Québec (rôle d'évaluation foncière),https://donneesouvertes.affmunqc.net/role/RL71040_2026.xml,,,,
"55, De Bienville",,Coteau-du-Lac,,,1323.8,2002,274600,435300,709900,2025,Logement,MAMH — Données Québec (rôle d'évaluation foncière),https://donneesouvertes.affmunqc.net/role/RL71040_2026.xml,,,,
"26, Dupuis",,Coteau-du-Lac,,,2804.1,1990,263500,393800,657300,2025,Logement,MAMH — Données Québec (rôle d'évaluation foncière),https://donneesouvertes.affmunqc.net/role/RL71040_2026.xml,,,,
"45, De Bienville",,Coteau-du-Lac,,,615.2,2001,191900,374800,566700,2025,Logement,MAMH — Données Québec (rôle d'évaluation foncière),https://donneesouvertes.affmunqc.net/role/RL71040_2026.xml,,,,
"47, De Bienville",,Coteau-du-Lac,,,615.5,2004,192000,278800,470800,2025,Logement,MAMH — Données Québec (rôle d'évaluation foncière),https://donneesouvertes.affmunqc.net/role/RL71040_2026.xml,,,,
"12, Dupuis",,Coteau-du-Lac,,,718.1,2010,203800,446000,649800,2025,Logement,MAMH — Données Québec (rôle d'évaluation foncière),https://donneesouvertes.affmunqc.net/role/RL71040_2026.xml,,,,
"49, De Bienville",,Coteau-du-Lac,,,615.6,2002,192100,338600,530700,2025,Logement,MAMH — Données Québec (rôle d'évaluation foncière),https://donneesouvertes.affmunqc.net/role/RL71040_2026.xml,,,,
"14, Dupuis",,Coteau-du-Lac,,,718.5,2011,203900,406300,610200,2025,Logement,MAMH — Données Québec (rôle d'évaluation foncière),https://donneesouvertes.affmunqc.net/role/RL71040_2026.xml,,,,
"16, Dupuis",,Coteau-du-Lac,,,1786,1989,226100,391000,617100,2025,Logement,MAMH — Données Québec (rôle d'évaluation foncière),https://donneesouvertes.affmunqc.net/role/RL71040_2026.xml,,,,
"18, Dupuis",,Coteau-du-Lac,,,1002.7,2008,232300,389400,621700,2025,Logement,MAMH — Données Québec (rôle d'évaluation foncière),https://donneesouvertes.affmunqc.net/role/RL71040_2026.xml,,,,
"37, De Marsan",,Coteau-du-Lac,,,709,2003,216900,278500,495400,2025,Logement,MAMH — Données Québec (rôle d'évaluation foncière),https://donneesouvertes.affmunqc.net/role/RL71040_2026.xml,,,,
"35, De Marsan",,Coteau-du-Lac,,,610,2002,190300,192000,382300,2025,Logement,MAMH — Données Québec (rôle d'évaluation foncière),https://donneesouvertes.affmunqc.net/role/RL71040_2026.xml,,,,
"10, Dupuis",,Coteau-du-Lac,,,1363,1985,196000,367300,563300,2025,Logement,MAMH — Données Québec (rôle d'évaluation foncière),https://donneesouvertes.affmunqc.net/role/RL71040_2026.xml,,,,
"1, Dupuis",,Coteau-du-Lac,,,695.7,2008,201600,342300,543900,2025,Logement,MAMH — Données Québec (rôle d'évaluation foncière),https://donneesouvertes.affmunqc.net/role/RL71040_2026.xml,,,,
"3, Dupuis",,Coteau-du-Lac,,,726.3,2008,204600,429200,633800,2025,Logement,MAMH — Données Québec (rôle d'évaluation foncière),https://donneesouvertes.affmunqc.net/role/RL71040_2026.xml,,,,
"5, Dupuis",,Coteau-du-Lac,,,735.9,2010,205600,380800,586400,2025,Logement,MAMH — Données Québec (rôle d'évaluation foncière),https://donneesouvertes.affmunqc.net/role/RL71040_2026.xml,,,,
"30, De Marsan",,Coteau-du-Lac,,,764.1,2004,227800,493500,721300,2025,Logement,MAMH — Données Québec (rôle d'évaluation foncière),https://donneesouvertes.affmunqc.net/role/RL71040_2026.xml,,,,
"20, De Marsan",,Coteau-du-Lac,,,603.4,2002,188300,277100,465400,2025,Logement,MAMH — Données Québec (rôle d'évaluation foncière),https://donneesouvertes.affmunqc.net/role/RL71040_2026.xml,,,,
"22, De Marsan",,Coteau-du-Lac,,,602.6,2003,188000,462200,650200,2025,Logement,MAMH — Données Québec (rôle d'évaluation foncière),https://donneesouvertes.affmunqc.net/role/RL71040_2026.xml,,,,
"28, De Marsan",,Coteau-du-Lac,,,762.5,1999,227600,382200,609800,2025,Logement,MAMH — Données Québec (rôle d'évaluation foncière),https://donneesouvertes.affmunqc.net/role/RL71040_2026.xml,,,,
"24, De Marsan",,Coteau-du-Lac,,,680.7,2002,199800,282000,481800,2025,Logement,MAMH — Données Québec (rôle d'évaluation foncière),https://donneesouvertes.affmunqc.net/role/RL71040_2026.xml,,,,
"56, De Saveuse",,Coteau-du-Lac,,,934.4,2011,263800,372300,636100,2025,Logement,MAMH — Données Québec (rôle d'évaluation foncière),https://donneesouvertes.affmunqc.net/role/RL71040_2026.xml,,,,
"496, Fleuve",,Coteau-du-Lac,,,677.4,2003,185800,277700,463500,2025,Logement,MAMH — Données Québec (rôle d'évaluation foncière),https://donneesouvertes.affmunqc.net/role/RL71040_2026.xml,,,,
"505, Fleuve",,Coteau-du-Lac,,,897.3,1993,206200,284700,490900,2025,Logement,MAMH — Données Québec (rôle d'évaluation foncière),https://donneesouvertes.affmunqc.net/role/RL71040_2026.xml,,,,
"54, De Saveuse",,Coteau-du-Lac,,,638.6,2014,224100,472200,696300,2025,Logement,MAMH — Données Québec (rôle d'évaluation foncière),https://donneesouvertes.affmunqc.net/role/RL71040_2026.xml,,,,
"498, Fleuve",,Coteau-du-Lac,,,672,2003,185300,359800,545100,2025,Logement,MAMH — Données Québec (rôle d'évaluation foncière),https://donneesouvertes.affmunqc.net/role/RL71040_2026.xml,,,,
"507, Fleuve",,Coteau-du-Lac,,,897,1993,206200,304000,510200,2025,Logement,MAMH — Données Québec (rôle d'évaluation foncière),https://donneesouvertes.affmunqc.net/role/RL71040_2026.xml,,,,
"52, De Saveuse",,Coteau-du-Lac,,,579.4,2010,203400,332300,535700,2025,Logement,MAMH — Données Québec (rôle d'évaluation foncière),https://donneesouvertes.affmunqc.net/role/RL71040_2026.xml,,,,
"500, Fleuve",,Coteau-du-Lac,,,709,1994,188700,247800,436500,2025,Logement,MAMH — Données Québec (rôle d'évaluation foncière),https://donneesouvertes.affmunqc.net/role/RL71040_2026.xml,,,,
"509, Fleuve",,Coteau-du-Lac,,,896.7,1993,206200,318800,525000,2025,Logement,MAMH — Données Québec (rôle d'évaluation foncière),https://donneesouvertes.affmunqc.net/role/RL71040_2026.xml,,,,
"511, Fleuve",,Coteau-du-Lac,,,814.3,1994,198500,248200,446700,2025,Logement,MAMH — Données Québec (rôle d'évaluation foncière),https://donneesouvertes.affmunqc.net/role/RL71040_2026.xml,,,,
"502, Fleuve",,Coteau-du-Lac,,,709,1994,188700,448100,636800,2025,Logement,MAMH — Données Québec (rôle d'évaluation foncière),https://donneesouvertes.affmunqc.net/role/RL71040_2026.xml,,,,
"67, De Saveuse",,Coteau-du-Lac,,,727.5,2007,239600,412800,652400,2025,Logement,MAMH — Données Québec (rôle d'évaluation foncière),https://donneesouvertes.affmunqc.net/role/RL71040_2026.xml,,,,
"53, De Saveuse",,Coteau-du-Lac,,,746.5,2008,241800,356200,598000,2025,Logement,MAMH — Données Québec (rôle d'évaluation foncière),https://donneesouvertes.affmunqc.net/role/RL71040_2026.xml,,,,
"69, De Saveuse",,Coteau-du-Lac,,,624.5,2008,219200,420600,639800,2025,Logement,MAMH — Données Québec (rôle d'évaluation foncière),https://donneesouvertes.affmunqc.net/role/RL71040_2026.xml,,,,
"51, De Saveuse",,Coteau-du-Lac,,,692.8,2010,235500,396700,632200,2025,Logement,MAMH — Données Québec (rôle d'évaluation foncière),https://donneesouvertes.affmunqc.net/role/RL71040_2026.xml,,,,
"71, De Saveuse",,Coteau-du-Lac,,,624.5,2008,219200,393300,612500,2025,Logement,MAMH — Données Québec (rôle d'évaluation foncière),https://donneesouvertes.affmunqc.net/role/RL71040_2026.xml,,,,
"50, De Saveuse",,Coteau-du-Lac,,,579.4,2009,203400,309500,512900,2025,Logement,MAMH — Données Québec (rôle d'évaluation foncière),https://donneesouvertes.affmunqc.net/role/RL71040_2026.xml,,,,
"49, De Saveuse",,Coteau-du-Lac,,,643.8,2005,226000,381000,607000,2025,Logement,MAMH — Données Québec (rôle d'évaluation foncière),https://donneesouvertes.affmunqc.net/role/RL71040_2026.xml,,,,
"73, De Saveuse",,Coteau-du-Lac,,,693.8,2007,235600,415400,651000,2025,Logement,MAMH — Données Québec (rôle d'évaluation foncière),https://donneesouvertes.affmunqc.net/role/RL71040_2026.xml,,,,
"48, De Saveuse",,Coteau-du-Lac,,,579.4,2008,203400,478000,681400,2025,Logement,MAMH — Données Québec (rôle d'évaluation foncière),https://donneesouvertes.affmunqc.net/role/RL71040_2026.xml,,,,
"47, De Saveuse",,Coteau-du-Lac,,,643.8,2005,226000,398800,624800,2025,Logement,MAMH — Données Québec (rôle d'évaluation foncière),https://donneesouvertes.affmunqc.net/role/RL71040_2026.xml,,,,
"75, De Saveuse",,Coteau-du-Lac,,,847.2,2010,253600,494700,748300,2025,Logement,MAMH — Données Québec (rôle d'évaluation foncière),https://donneesouvertes.affmunqc.net/role/RL71040_2026.xml,,,,
"70, De Saveuse",,Coteau-du-Lac,,,671.1,2008,233000,512400,745400,2025,Logement,MAMH — Données Québec (rôle d'évaluation foncière),https://donneesouvertes.affmunqc.net/role/RL71040_2026.xml,,,,
"140, De Beaujeu",,Coteau-du-Lac,,,625.6,2003,219600,327200,546800,2025,Logement,MAMH — Données Québec (rôle d'évaluation foncière),https://donneesouvertes.affmunqc.net/role/RL71040_2026.xml,,,,
"72, De Saveuse",,Coteau-du-Lac,,,689.2,2009,235100,381200,616300,2025,Logement,MAMH — Données Québec (rôle d'évaluation foncière),https://donneesouvertes.affmunqc.net/role/RL71040_2026.xml,,,,
"142, De Beaujeu",,Coteau-du-Lac,,,625.6,2003,219600,323200,542800,2025,Logement,MAMH — Données Québec (rôle d'évaluation foncière),https://donneesouvertes.affmunqc.net/role/RL71040_2026.xml,,,,
"144, De Beaujeu",,Coteau-du-Lac,,,718.3,2003,238500,353500,592000,2025,Logement,MAMH — Données Québec (rôle d'évaluation foncière),https://donneesouvertes.affmunqc.net/role/RL71040_2026.xml,,,,
"74, De Saveuse",,Coteau-du-Lac,,,845.5,2009,253400,512000,765400,2025,Logement,MAMH — Données Québec (rôle d'évaluation foncière),https://donneesouvertes.affmunqc.net/role/RL71040_2026.xml,,,,
"146, De Beaujeu",,Coteau-du-Lac,,,720.7,2004,238800,363800,602600,2025,Logement,MAMH — Données Québec (rôle d'évaluation foncière),https://donneesouvertes.affmunqc.net/role/RL71040_2026.xml,,,,
"48, De Gaspe",,Coteau-du-Lac,,,722.1,2010,238900,453300,692200,2025,Logement,MAMH — Données Québec (rôle d'évaluation foncière),https://donneesouvertes.affmunqc.net/role/RL71040_2026.xml,,,,
"51, De Gaspe",,Coteau-du-Lac,,,728.1,2008,239600,506400,746000,2025,Logement,MAMH — Données Québec (rôle d'évaluation foncière),https://donneesouvertes.affmunqc.net/role/RL71040_2026.xml,,,,
"139, De Beaujeu",,Coteau-du-Lac,,,716.9,2003,238300,312000,550300,2025,Logement,MAMH — Données Québec (rôle d'évaluation foncière),https://donneesouvertes.affmunqc.net/role/RL71040_2026.xml,,,,
"50, De Gaspe",,Coteau-du-Lac,,,834.4,2011,252100,599600,851700,2025,Logement,MAMH — Données Québec (rôle d'évaluation foncière),https://donneesouvertes.affmunqc.net/role/RL71040_2026.xml,,,,
"53, De Gaspe",,Coteau-du-Lac,,,765.1,2005,244000,451900,695900,2025,Logement,MAMH — Données Québec (rôle d'évaluation foncière),https://donneesouvertes.affmunqc.net/role/RL71040_2026.xml,,,,
"141, De Beaujeu",,Coteau-du-Lac,,,872,2004,256500,403800,660300,2025,Logement,MAMH — Données Québec (rôle d'évaluation foncière),https://donneesouvertes.affmunqc.net/role/RL71040_2026.xml,,,,
"55, De Gaspe",,Coteau-du-Lac,,,799.5,2006,248000,519700,767700,2025,Logement,MAMH — Données Québec (rôle d'évaluation foncière),https://donneesouvertes.affmunqc.net/role/RL71040_2026.xml,,,,
"52, De Gaspe",,Coteau-du-Lac,,,783.5,2008,246100,588100,834200,2025,Logement,MAMH — Données Québec (rôle d'évaluation foncière),https://donneesouvertes.affmunqc.net/role/RL71040_2026.xml,,,,
"143, De Beaujeu",,Coteau-du-Lac,,,809.6,2003,249200,564700,813900,2025,Logement,MAMH — Données Québec (rôle d'évaluation foncière),https://donneesouvertes.affmunqc.net/role/RL71040_2026.xml,,,,
"54, De Gaspe",,Coteau-du-Lac,,,823.5,2004,250800,417500,668300,2025,Logement,MAMH — Données Québec (rôle d'évaluation foncière),https://donneesouvertes.affmunqc.net/role/RL71040_2026.xml,,,,
"145, De Beaujeu",,Coteau-du-Lac,,,840.2,2004,252700,500100,752800,2025,Logement,MAMH — Données Québec (rôle d'évaluation foncière),https://donneesouvertes.affmunqc.net/role/RL71040_2026.xml,,,,
"57, De Gaspe",,Coteau-du-Lac,,,869.9,2006,256200,528200,784400,2025,Logement,MAMH — Données Québec (rôle d'évaluation foncière),https://donneesouvertes.affmunqc.net/role/RL71040_2026.xml,,,,
"19, Dupuis",,Coteau-du-Lac,,,839.9,2005,216000,354800,570800,2025,Logement,MAMH — Données Québec (rôle d'évaluation foncière),https://donneesouvertes.affmunqc.net/role/RL71040_2026.xml,,,,
"21, Dupuis",,Coteau-du-Lac,,,903,2007,222300,360600,582900,2025,Logement,MAMH — Données Québec (rôle d'évaluation foncière),https://donneesouvertes.affmunqc.net/role/RL71040_2026.xml,,,,
"27, Dupuis",,Coteau-du-Lac,,,4140.5,1850,266200,407400,673600,2025,Logement,MAMH — Données Québec (rôle d'évaluation foncière),https://donneesouvertes.affmunqc.net/role/RL71040_2026.xml,,,,
"29, Dupuis",,Coteau-du-Lac,,,1602.4,1945,186300,395000,581300,2025,Logement,MAMH — Données Québec (rôle d'évaluation foncière),https://donneesouvertes.affmunqc.net/role/RL71040_2026.xml,,,,
"13, Dupuis",,Coteau-du-Lac,,,557.5,2010,167300,247300,414600,2025,Logement,MAMH — Données Québec (rôle d'évaluation foncière),https://donneesouvertes.affmunqc.net/role/RL71040_2026.xml,,,,
"15, Dupuis",,Coteau-du-Lac,,,734.7,2007,205500,447600,653100,2025,Logement,MAMH — Données Québec (rôle d'évaluation foncière),https://donneesouvertes.affmunqc.net/role/RL71040_2026.xml,,,,
"17, Dupuis",,Coteau-du-Lac,,,734.7,2005,205500,274500,480000,2025,Logement,MAMH — Données Québec (rôle d'évaluation foncière),https://donneesouvertes.affmunqc.net/role/RL71040_2026.xml,,,,
"11, Dupuis",,Coteau-du-Lac,,,4042.2,1950,181400,408800,590200,2025,Logement,MAMH — Données Québec (rôle d'évaluation foncière),https://donneesouvertes.affmunqc.net/role/RL71040_2026.xml,,,,
"9, Dupuis",,Coteau-du-Lac,,,5082.5,2016,183200,608500,791700,2025,Logement,MAMH — Données Québec (rôle d'évaluation foncière),https://donneesouvertes.affmunqc.net/role/RL71040_2026.xml,,,,
"26, De Marsan",,Coteau-du-Lac,,,764.1,1994,227800,246400,474200,2025,Logement,MAMH — Données Québec (rôle d'évaluation foncière),https://donneesouvertes.affmunqc.net/role/RL71040_2026.xml,,,,
"33, De Marsan",,Coteau-du-Lac,,,610,2005,190300,249000,439300,2025,Logement,MAMH — Données Québec (rôle d'évaluation foncière),https://donneesouvertes.affmunqc.net/role/RL71040_2026.xml,,,,
"23, De Marsan",,Coteau-du-Lac,,,735.9,1999,209200,287000,496200,2025,Logement,MAMH — Données Québec (rôle d'évaluation foncière),https://donneesouvertes.affmunqc.net/role/RL71040_2026.xml,,,,
"31, De Marsan",,Coteau-du-Lac,,,765.5,1996,208600,255700,464300,2025,Logement,MAMH — Données Québec (rôle d'évaluation foncière),https://donneesouvertes.affmunqc.net/role/RL71040_2026.xml,,,,
"25, De Marsan",,Coteau-du-Lac,,,717.6,2002,206800,243900,450700,2025,Logement,MAMH — Données Québec (rôle d'évaluation foncière),https://donneesouvertes.affmunqc.net/role/RL71040_2026.xml,,,,
"27, De Marsan",,Coteau-du-Lac,,,899.8,2002,222500,331100,553600,2025,Logement,MAMH — Données Québec (rôle d'évaluation foncière),https://donneesouvertes.affmunqc.net/role/RL71040_2026.xml,,,,
"29, De Marsan",,Coteau-du-Lac,,,1336.3,2004,258200,452100,710300,2025,Logement,MAMH — Données Québec (rôle d'évaluation foncière),https://donneesouvertes.affmunqc.net/role/RL71040_2026.xml,,,,
"7, Dupuis",,Coteau-du-Lac,,,1397.6,2015,155400,499600,655000,2025,Logement,MAMH — Données Québec (rôle d'évaluation foncière),https://donneesouvertes.affmunqc.net/role/RL71040_2026.xml,,,,
"513, Fleuve",,Coteau-du-Lac,,,897,1994,206200,363900,570100,2025,Logement,MAMH — Données Québec (rôle d'évaluation foncière),https://donneesouvertes.affmunqc.net/role/RL71040_2026.xml,,,,
"21, De Marsan",,Coteau-du-Lac,,,998.5,2003,252100,295700,547800,2025,Logement,MAMH — Données Québec (rôle d'évaluation foncière),https://donneesouvertes.affmunqc.net/role/RL71040_2026.xml,,,,
"504, Fleuve",,Coteau-du-Lac,,,664.7,2003,184600,302100,486700,2025,Logement,MAMH — Données Québec (rôle d'évaluation foncière),https://donneesouvertes.affmunqc.net/role/RL71040_2026.xml,,,,
"515, Fleuve",,Coteau-du-Lac,,,896.5,1993,206100,320500,526600,2025,Logement,MAMH — Données Québec (rôle d'évaluation foncière),https://donneesouvertes.affmunqc.net/role/RL71040_2026.xml,,,,
"517, Fleuve",,Coteau-du-Lac,,,841.9,1994,201100,336400,537500,2025,Logement,MAMH — Données Québec (rôle d'évaluation foncière),https://donneesouvertes.affmunqc.net/role/RL71040_2026.xml,,,,
"46, De Saveuse",,Coteau-du-Lac,,,579.4,2005,203400,364500,567900,2025,Logement,MAMH — Données Québec (rôle d'évaluation foncière),https://donneesouvertes.affmunqc.net/role/RL71040_2026.xml,,,,
"45, De Saveuse",,Coteau-du-Lac,,,643.8,2006,226000,393900,619900,2025,Logement,MAMH — Données Québec (rôle d'évaluation foncière),https://donneesouvertes.affmunqc.net/role/RL71040_2026.xml,,,,
"44, De Saveuse",,Coteau-du-Lac,,,579.4,2006,203400,421800,625200,2025,Logement,MAMH — Données Québec (rôle d'évaluation foncière),https://donneesouvertes.affmunqc.net/role/RL71040_2026.xml,,,,
"41, De Saveuse",,Coteau-du-Lac,,,680.1,2006,234000,457000,691000,2025,Logement,MAMH — Données Québec (rôle d'évaluation foncière),https://donneesouvertes.affmunqc.net/role/RL71040_2026.xml,,,,
"43, De Saveuse",,Coteau-du-Lac,,,807,2005,248900,371800,620700,2025,Logement,MAMH — Données Québec (rôle d'évaluation foncière),https://donneesouvertes.affmunqc.net/role/RL71040_2026.xml,,,,
"42, De Saveuse",,Coteau-du-Lac,,,579.4,2009,203400,296700,500100,2025,Logement,MAMH — Données Québec (rôle d'évaluation foncière),https://donneesouvertes.affmunqc.net/role/RL71040_2026.xml,,,,
"40, De Saveuse",,Coteau-du-Lac,,,579.6,2005,203400,346800,550200,2025,Logement,MAMH — Données Québec (rôle d'évaluation foncière),https://donneesouvertes.affmunqc.net/role/RL71040_2026.xml,,,,
"519, Fleuve",,Coteau-du-Lac,,,897.1,1994,206200,377800,584000,2025,Logement,MAMH — Données Québec (rôle d'évaluation foncière),https://donneesouvertes.affmunqc.net/role/RL71040_2026.xml,,,,
"38, De Saveuse",,Coteau-du-Lac,,,581,2006,203900,415700,619600,2025,Logement,MAMH — Données Québec (rôle d'évaluation foncière),https://donneesouvertes.affmunqc.net/role/RL71040_2026.xml,,,,
"36, De Saveuse",,Coteau-du-Lac,,,582.9,2006,204600,315300,519900,2025,Logement,MAMH — Données Québec (rôle d'évaluation foncière),https://donneesouvertes.affmunqc.net/role/RL71040_2026.xml,,,,
"521, Fleuve",,Coteau-du-Lac,,,897.4,1994,206200,251800,458000,2025,Logement,MAMH — Données Québec (rôle d'évaluation foncière),https://donneesouvertes.affmunqc.net/role/RL71040_2026.xml,,,,
"77, De Saveuse",,Coteau-du-Lac,,,792.3,2007,247100,455500,702600,2025,Logement,MAMH — Données Québec (rôle d'évaluation foncière),https://donneesouvertes.affmunqc.net/role/RL71040_2026.xml,,,,
"79, De Saveuse",,Coteau-du-Lac,,,803.4,2007,248400,507700,756100,2025,Logement,MAMH — Données Québec (rôle d'évaluation foncière),https://donneesouvertes.affmunqc.net/role/RL71040_2026.xml,,,,
"148, De Beaujeu",,Coteau-du-Lac,,,641.9,2003,225300,358600,583900,2025,Logement,MAMH — Données Québec (rôle d'évaluation foncière),https://donneesouvertes.affmunqc.net/role/RL71040_2026.xml,,,,
"150, De Beaujeu",,Coteau-du-Lac,,,813.3,2004,249600,459900,709500,2025,Logement,MAMH — Données Québec (rôle d'évaluation foncière),https://donneesouvertes.affmunqc.net/role/RL71040_2026.xml,,,,
"39, De Saveuse",,Coteau-du-Lac,,,943,2006,264800,432600,697400,2025,Logement,MAMH — Données Québec (rôle d'évaluation foncière),https://donneesouvertes.affmunqc.net/role/RL71040_2026.xml,,,,
"37, De Saveuse",,Coteau-du-Lac,,,781.4,2006,245900,491500,737400,2025,Logement,MAMH — Données Québec (rôle d'évaluation foncière),https://donneesouvertes.affmunqc.net/role/RL71040_2026.xml,,,,
"152, De Beaujeu",,Coteau-du-Lac,,,662.9,2003,232000,300500,532500,2025,Logement,MAMH — Données Québec (rôle d'évaluation foncière),https://donneesouvertes.affmunqc.net/role/RL71040_2026.xml,,,,
"35, De Saveuse",,Coteau-du-Lac,,,648.5,2006,227600,427800,655400,2025,Logement,MAMH — Données Québec (rôle d'évaluation foncière),https://donneesouvertes.affmunqc.net/role/RL71040_2026.xml,,,,
"154, De Beaujeu",,Coteau-du-Lac,,,834.7,2004,252100,399400,651500,2025,Logement,MAMH — Données Québec (rôle d'évaluation foncière),https://donneesouvertes.affmunqc.net/role/RL71040_2026.xml,,,,
"33, De Saveuse",,Coteau-du-Lac,,,866.8,2009,255900,477400,733300,2025,Logement,MAMH — Données Québec (rôle d'évaluation foncière),https://donneesouvertes.affmunqc.net/role/RL71040_2026.xml,,,,
"56, De Gaspe",,Coteau-du-Lac,,,974.8,2005,268500,552900,821400,2025,Logement,MAMH — Données Québec (rôle d'évaluation foncière),https://donneesouvertes.affmunqc.net/role/RL71040_2026.xml,,,,
"147, De Beaujeu",,Coteau-du-Lac,,,981.2,2003,269200,549100,818300,2025,Logement,MAMH — Données Québec (rôle d'évaluation foncière),https://donneesouvertes.affmunqc.net/role/RL71040_2026.xml,,,,
"58, De Gaspe",,Coteau-du-Lac,,,900.8,2009,259800,589000,848800,2025,Logement,MAMH — Données Québec (rôle d'évaluation foncière),https://donneesouvertes.affmunqc.net/role/RL71040_2026.xml,,,,
"149, De Beaujeu",,Coteau-du-Lac,,,874.1,2004,256700,394300,651000,2025,Logement,MAMH — Données Québec (rôle d'évaluation foncière),https://donneesouvertes.affmunqc.net/role/RL71040_2026.xml,,,,
"151, De Beaujeu",,Coteau-du-Lac,,,1029.3,2005,274900,563700,838600,2025,Logement,MAMH — Données Québec (rôle d'évaluation foncière),https://donneesouvertes.affmunqc.net/role/RL71040_2026.xml,,,,
"60, De Gaspe",,Coteau-du-Lac,,,1036.1,2004,275700,590600,866300,2025,Logement,MAMH — Données Québec (rôle d'évaluation foncière),https://donneesouvertes.affmunqc.net/role/RL71040_2026.xml,,,,
"59, De Gaspe",,Coteau-du-Lac,,,978.3,2007,268900,566800,835700,2025,Logement,MAMH — Données Québec (rôle d'évaluation foncière),https://donneesouvertes.affmunqc.net/role/RL71040_2026.xml,,,,
"61, De Gaspe",,Coteau-du-Lac,,,1127.9,2020,286400,711200,997600,2025,Logement,MAMH — Données Québec (rôle d'évaluation foncière),https://donneesouvertes.affmunqc.net/role/RL71040_2026.xml,,,,
"63, De Gaspe",,Coteau-du-Lac,,,1323,2004,308900,769600,1078500,2025,Logement,MAMH — Données Québec (rôle d'évaluation foncière),https://donneesouvertes.affmunqc.net/role/RL71040_2026.xml,,,,
"65, De Gaspe",,Coteau-du-Lac,,,1624.6,2007,294900,639900,934800,2025,Logement,MAMH — Données Québec (rôle d'évaluation foncière),https://donneesouvertes.affmunqc.net/role/RL71040_2026.xml,,,,
"28, Saint-emmanuel",,Coteau-du-Lac,,,464.5,1982,90600,153700,244300,2025,Logement,MAMH — Données Québec (rôle d'évaluation foncière),https://donneesouvertes.affmunqc.net/role/RL71040_2026.xml,,,,
"31, Dupuis",,Coteau-du-Lac,,,1735,2010,190500,358000,548500,2025,Logement,MAMH — Données Québec (rôle d'évaluation foncière),https://donneesouvertes.affmunqc.net/role/RL71040_2026.xml,,,,
"33, Dupuis",,Coteau-du-Lac,,,4258,2006,239800,615600,855400,2025,Logement,MAMH — Données Québec (rôle d'évaluation foncière),https://donneesouvertes.affmunqc.net/role/RL71040_2026.xml,,,,
"506, Fleuve",,Coteau-du-Lac,,,1693.2,1994,247400,203300,450700,2025,Industrie,MAMH — Données Québec (rôle d'évaluation foncière),https://donneesouvertes.affmunqc.net/role/RL71040_2026.xml,,,,
"34, De Saveuse",,Coteau-du-Lac,,,585,2005,205300,332900,538200,2025,Logement,MAMH — Données Québec (rôle d'évaluation foncière),https://donneesouvertes.affmunqc.net/role/RL71040_2026.xml,,,,
"31, De Saveuse",,Coteau-du-Lac,,,859.8,2005,255000,514300,769300,2025,Logement,MAMH — Données Québec (rôle d'évaluation foncière),https://donneesouvertes.affmunqc.net/role/RL71040_2026.xml,,,,
"523, Fleuve",,Coteau-du-Lac,,,842.8,1994,201100,307400,508500,2025,Logement,MAMH — Données Québec (rôle d'évaluation foncière),https://donneesouvertes.affmunqc.net/role/RL71040_2026.xml,,,,
"32, De Saveuse",,Coteau-du-Lac,,,747.2,2008,241900,454800,696700,2025,Logement,MAMH — Données Québec (rôle d'évaluation foncière),https://donneesouvertes.affmunqc.net/role/RL71040_2026.xml,,,,
"525, Fleuve",,Coteau-du-Lac,,,898.1,1994,206300,283500,489800,2025,Logement,MAMH — Données Québec (rôle d'évaluation foncière),https://donneesouvertes.affmunqc.net/role/RL71040_2026.xml,,,,
"30, De Saveuse",,Coteau-du-Lac,,,650.7,2004,228400,348200,576600,2025,Logement,MAMH — Données Québec (rôle d'évaluation foncière),https://donneesouvertes.affmunqc.net/role/RL71040_2026.xml,,,,
"527, Fleuve",,Coteau-du-Lac,,,898.1,1993,206300,365500,571800,2025,Logement,MAMH — Données Québec (rôle d'évaluation foncière),https://donneesouvertes.affmunqc.net/role/RL71040_2026.xml,,,,
"28, De Saveuse",,Coteau-du-Lac,,,668.9,2005,232700,455900,688600,2025,Logement,MAMH — Données Québec (rôle d'évaluation foncière),https://donneesouvertes.affmunqc.net/role/RL71040_2026.xml,,,,
"529, Fleuve",,Coteau-du-Lac,,,792,1993,196400,426100,622500,2025,Logement,MAMH — Données Québec (rôle d'évaluation foncière),https://donneesouvertes.affmunqc.net/role/RL71040_2026.xml,,,,
"26, De Saveuse",,Coteau-du-Lac,,,1094.5,2009,282500,361400,643900,2025,Logement,MAMH — Données Québec (rôle d'évaluation foncière),https://donneesouvertes.affmunqc.net/role/RL71040_2026.xml,,,,
"156, De Beaujeu",,Coteau-du-Lac,,,656.1,2004,230300,325300,555600,2025,Logement,MAMH — Données Québec (rôle d'évaluation foncière),https://donneesouvertes.affmunqc.net/role/RL71040_2026.xml,,,,
"158, De Beaujeu",,Coteau-du-Lac,,,757.5,2004,243100,441300,684400,2025,Logement,MAMH — Données Québec (rôle d'évaluation foncière),https://donneesouvertes.affmunqc.net/role/RL71040_2026.xml,,,,
"21, De Saveuse",,Coteau-du-Lac,,,865.4,2005,255700,353600,609300,2025,Logement,MAMH — Données Québec (rôle d'évaluation foncière),https://donneesouvertes.affmunqc.net/role/RL71040_2026.xml,,,,
"23, De Saveuse",,Coteau-du-Lac,,,806.4,2005,248800,371900,620700,2025,Logement,MAMH — Données Québec (rôle d'évaluation foncière),https://donneesouvertes.affmunqc.net/role/RL71040_2026.xml,,,,
"20, De Saveuse",,Coteau-du-Lac,,,880.8,2008,257500,393900,651400,2025,Logement,MAMH — Données Québec (rôle d'évaluation foncière),https://donneesouvertes.affmunqc.net/role/RL71040_2026.xml,,,,
"22, De Saveuse",,Coteau-du-Lac,,,650.8,2005,228400,364800,593200,2025,Logement,MAMH — Données Québec (rôle d'évaluation foncière),https://donneesouvertes.affmunqc.net/role/RL71040_2026.xml,,,,
"40, Marie-ange-numainville",,Coteau-du-Lac,,,419.6,2020,144900,347800,492700,2025,Logement,MAMH — Données Québec (rôle d'évaluation foncière),https://donneesouvertes.affmunqc.net/role/RL71040_2026.xml,,,,
"153, De Beaujeu",,Coteau-du-Lac,,,924.3,2004,262600,496200,758800,2025,Logement,MAMH — Données Québec (rôle d'évaluation foncière),https://donneesouvertes.affmunqc.net/role/RL71040_2026.xml,,,,
"67, De Gaspe",,Coteau-du-Lac,,,944.4,2004,264900,439000,703900,2025,Logement,MAMH — Données Québec (rôle d'évaluation foncière),https://donneesouvertes.affmunqc.net/role/RL71040_2026.xml,,,,
"69, De Gaspe",,Coteau-du-Lac,,,890.6,2006,258600,418200,676800,2025,Logement,MAMH — Données Québec (rôle d'évaluation foncière),https://donneesouvertes.affmunqc.net/role/RL71040_2026.xml,,,,
"71, De Gaspe",,Coteau-du-Lac,,,1194.7,2008,294200,530500,824700,2025,Logement,MAMH — Données Québec (rôle d'évaluation foncière),https://donneesouvertes.affmunqc.net/role/RL71040_2026.xml,,,,
"155, De Beaujeu",,Coteau-du-Lac,,,975.5,2007,268600,410200,678800,2025,Logement,MAMH — Données Québec (rôle d'évaluation foncière),https://donneesouvertes.affmunqc.net/role/RL71040_2026.xml,,,,
"18, Marie-ange-numainville",,Coteau-du-Lac,,,361.9,2019,137400,338000,475400,2025,Logement,MAMH — Données Québec (rôle d'évaluation foncière),https://donneesouvertes.affmunqc.net/role/RL71040_2026.xml,,,,
"20, Marie-ange-numainville",,Coteau-du-Lac,,,222.5,2019,131800,329100,460900,2025,Logement,MAMH — Données Québec (rôle d'évaluation foncière),https://donneesouvertes.affmunqc.net/role/RL71040_2026.xml,,,,
"157, De Beaujeu",,Coteau-du-Lac,,,932.2,2007,250300,418600,668900,2025,Logement,MAMH — Données Québec (rôle d'évaluation foncière),https://donneesouvertes.affmunqc.net/role/RL71040_2026.xml,,,,
"22, Marie-ange-numainville",,Coteau-du-Lac,,,222.5,2019,131800,310800,442600,2025,Logement,MAMH — Données Québec (rôle d'évaluation foncière),https://donneesouvertes.affmunqc.net/role/RL71040_2026.xml,,,,
"24, Marie-ange-numainville",,Coteau-du-Lac,,,361.9,2019,137400,329700,467100,2025,Logement,MAMH — Données Québec (rôle d'évaluation foncière),https://donneesouvertes.affmunqc.net/role/RL71040_2026.xml,,,,
"26, Marie-ange-numainville",,Coteau-du-Lac,,,361.9,2019,137400,339000,476400,2025,Logement,MAMH — Données Québec (rôle d'évaluation foncière),https://donneesouvertes.affmunqc.net/role/RL71040_2026.xml,,,,
"28, Marie-ange-numainville",,Coteau-du-Lac,,,222.5,2019,131800,294800,426600,2025,Logement,MAMH — Données Québec (rôle d'évaluation foncière),https://donneesouvertes.affmunqc.net/role/RL71040_2026.xml,,,,
"30, Marie-ange-numainville",,Coteau-du-Lac,,,222.5,2019,131800,314500,446300,2025,Logement,MAMH — Données Québec (rôle d'évaluation foncière),https://donneesouvertes.affmunqc.net/role/RL71040_2026.xml,,,,
"32, Marie-ange-numainville",,Coteau-du-Lac,,,361.9,2020,137400,342500,479900,2025,Logement,MAMH — Données Québec (rôle d'évaluation foncière),https://donneesouvertes.affmunqc.net/role/RL71040_2026.xml,,,,
"34, Marie-ange-numainville",,Coteau-du-Lac,,,361.9,2020,144600,335000,479600,2025,Logement,MAMH — Données Québec (rôle d'évaluation foncière),https://donneesouvertes.affmunqc.net/role/RL71040_2026.xml,,,,
"7, Marie-ange-numainville",,Coteau-du-Lac,,,374.3,2017,137400,332000,469400,2025,Logement,MAMH — Données Québec (rôle d'évaluation foncière),https://donneesouvertes.affmunqc.net/role/RL71040_2026.xml,,,,
"36, Marie-ange-numainville",,Coteau-du-Lac,,,222.5,2020,138800,324800,463600,2025,Logement,MAMH — Données Québec (rôle d'évaluation foncière),https://donneesouvertes.affmunqc.net/role/RL71040_2026.xml,,,,
"38, Marie-ange-numainville",,Coteau-du-Lac,,,222.5,2020,138800,310000,448800,2025,Logement,MAMH — Données Québec (rôle d'évaluation foncière),https://donneesouvertes.affmunqc.net/role/RL71040_2026.xml,,,,
5 654 675,,Coteau-du-Lac,,,2686.2,,100,,100,2025,Immeuble commercial,MAMH — Données Québec (rôle d'évaluation foncière),https://donneesouvertes.affmunqc.net/role/RL71040_2026.xml,,,,
"5, Marie-ange-numainville",,Coteau-du-Lac,,,222.6,2017,131800,285500,417300,2025,Logement,MAMH — Données Québec (rôle d'évaluation foncière),https://donneesouvertes.affmunqc.net/role/RL71040_2026.xml,,,,
"3, Marie-ange-numainville",,Coteau-du-Lac,,,222.6,2016,131800,295100,426900,2025,Logement,MAMH — Données Québec (rôle d'évaluation foncière),https://donneesouvertes.affmunqc.net/role/RL71040_2026.xml,,,,
"10, Marie-ange-numainville",,Coteau-du-Lac,,,1711.88,2019,378400,1561900,1940300,2025,Logement,MAMH — Données Québec (rôle d'évaluation foncière),https://donneesouvertes.affmunqc.net/role/RL71040_2026.xml,,,,
"12, Marie-ange-numainville",,Coteau-du-Lac,,,1606.18,2019,377100,1524300,1901400,2025,Logement,MAMH — Données Québec (rôle d'évaluation foncière),https://donneesouvertes.affmunqc.net/role/RL71040_2026.xml,,,,
"14, Marie-ange-numainville",,Coteau-du-Lac,,,1100.75,2020,370800,932600,1303400,2025,Logement,MAMH — Données Québec (rôle d'évaluation foncière),https://donneesouvertes.affmunqc.net/role/RL71040_2026.xml,,,,
"8, Marie-ange-numainville",,Coteau-du-Lac,,,361.9,2020,144600,336500,481100,2025,Logement,MAMH — Données Québec (rôle d'évaluation foncière),https://donneesouvertes.affmunqc.net/role/RL71040_2026.xml,,,,
"6, Marie-ange-numainville",,Coteau-du-Lac,,,222.5,2019,138800,308600,447400,2025,Logement,MAMH — Données Québec (rôle d'évaluation foncière),https://donneesouvertes.affmunqc.net/role/RL71040_2026.xml,,,,
"4, Marie-ange-numainville",,Coteau-du-Lac,,,222.5,2019,138800,325600,464400,2025,Logement,MAMH — Données Québec (rôle d'évaluation foncière),https://donneesouvertes.affmunqc.net/role/RL71040_2026.xml,,,,
"2, Marie-ange-numainville",,Coteau-du-Lac,,,316,2019,144400,331700,476100,2025,Logement,MAMH — Données Québec (rôle d'évaluation foncière),https://donneesouvertes.affmunqc.net/role/RL71040_2026.xml,,,,
"26, Saint-emmanuel",,Coteau-du-Lac,,,464.5,1975,90600,112600,203200,2025,Logement,MAMH — Données Québec (rôle d'évaluation foncière),https://donneesouvertes.affmunqc.net/role/RL71040_2026.xml,,,,
"24, Saint-emmanuel",,Coteau-du-Lac,,,464.5,1965,90600,89000,179600,2025,Logement,MAMH — Données Québec (rôle d'évaluation foncière),https://donneesouvertes.affmunqc.net/role/RL71040_2026.xml,,,,
"40, Julie",,Coteau-du-Lac,,,464.5,1970,90600,82600,173200,2025,Logement,MAMH — Données Québec (rôle d'évaluation foncière),https://donneesouvertes.affmunqc.net/role/RL71040_2026.xml,,,,
"20, Saint-emmanuel",,Coteau-du-Lac,,,233.7,,400,,400,2025,Terrain vacant,MAMH — Données Québec (rôle d'évaluation foncière),https://donneesouvertes.affmunqc.net/role/RL71040_2026.xml,,,,
"42, Julie",,Coteau-du-Lac,,,464.5,1972,90600,92600,183200,2025,Logement,MAMH — Données Québec (rôle d'évaluation foncière),https://donneesouvertes.affmunqc.net/role/RL71040_2026.xml,,,,
"22, Saint-emmanuel",,Coteau-du-Lac,,,661.8,,128800,,128800,2025,Terrain vacant,MAMH — Données Québec (rôle d'évaluation foncière),https://donneesouvertes.affmunqc.net/role/RL71040_2026.xml,,,,
"531, Fleuve",,Coteau-du-Lac,,,846.6,2001,201500,505800,707300,2025,Logement,MAMH — Données Québec (rôle d'évaluation foncière),https://donneesouvertes.affmunqc.net/role/RL71040_2026.xml,,,,
"533, Fleuve",,Coteau-du-Lac,,,922.9,1993,208600,275900,484500,2025,Logement,MAMH — Données Québec (rôle d'évaluation foncière),https://donneesouvertes.affmunqc.net/role/RL71040_2026.xml,,,,
"547, Fleuve",,Coteau-du-Lac,,,940.9,2012,210300,458200,668500,2025,Logement,MAMH — Données Québec (rôle d'évaluation foncière),https://donneesouvertes.affmunqc.net/role/RL71040_2026.xml,,,,
"549, Fleuve",,Coteau-du-Lac,,,865.5,2011,203300,430800,634100,2025,Logement,MAMH — Données Québec (rôle d'évaluation foncière),https://donneesouvertes.affmunqc.net/role/RL71040_2026.xml,,,,
"551, Fleuve",,Coteau-du-Lac,,,942.3,2017,210400,594500,804900,2025,Logement,MAMH — Données Québec (rôle d'évaluation foncière),https://donneesouvertes.affmunqc.net/role/RL71040_2026.xml,,,,
"24, De Saveuse",,Coteau-du-Lac,,,1059.2,2004,278400,382000,660400,2025,Logement,MAMH — Données Québec (rôle d'évaluation foncière),https://donneesouvertes.affmunqc.net/role/RL71040_2026.xml,,,,
"29, Marie-ange-numainville",,Coteau-du-Lac,,,315.8,2021,144400,301100,445500,2025,Logement,MAMH — Données Québec (rôle d'évaluation foncière),https://donneesouvertes.affmunqc.net/role/RL71040_2026.xml,,,,
"31, Marie-ange-numainville",,Coteau-du-Lac,,,513.5,2020,145400,349800,495200,2025,Logement,MAMH — Données Québec (rôle d'évaluation foncière),https://donneesouvertes.affmunqc.net/role/RL71040_2026.xml,,,,
"170, De Beaujeu",,Coteau-du-Lac,,,6109.8,2010,855400,1539400,2394800,2025,Industrie,MAMH — Données Québec (rôle d'évaluation foncière),https://donneesouvertes.affmunqc.net/role/RL71040_2026.xml,,,,
"9, Marie-ange-numainville",,Coteau-du-Lac,,,405.2,2018,137600,333000,470600,2025,Logement,MAMH — Données Québec (rôle d'évaluation foncière),https://donneesouvertes.affmunqc.net/role/RL71040_2026.xml,,,,
"1, Marie-ange-numainville",,Coteau-du-Lac,,,398.7,2016,144800,328500,473300,2025,Logement,MAMH — Données Québec (rôle d'évaluation foncière),https://donneesouvertes.affmunqc.net/role/RL71040_2026.xml,,,,
"11, Marie-ange-numainville",,Coteau-du-Lac,,,249.2,2017,136800,334900,471700,2025,Logement,MAMH — Données Québec (rôle d'évaluation foncière),https://donneesouvertes.affmunqc.net/role/RL71040_2026.xml,,,,
"13, Marie-ange-numainville",,Coteau-du-Lac,,,249.2,2018,136800,340300,477100,2025,Logement,MAMH — Données Québec (rôle d'évaluation foncière),https://donneesouvertes.affmunqc.net/role/RL71040_2026.xml,,,,
"15, Marie-ange-numainville",,Coteau-du-Lac,,,405.2,2017,137600,330900,468500,2025,Logement,MAMH — Données Québec (rôle d'évaluation foncière),https://donneesouvertes.affmunqc.net/role/RL71040_2026.xml,,,,
"17, Marie-ange-numainville",,Coteau-du-Lac,,,405.2,2020,144800,320000,464800,2025,Logement,MAMH — Données Québec (rôle d'évaluation foncière),https://donneesouvertes.affmunqc.net/role/RL71040_2026.xml,,,,
"19, Marie-ange-numainville",,Coteau-du-Lac,,,249.2,2020,144000,310500,454500,2025,Logement,MAMH — Données Québec (rôle d'évaluation foncière),https://donneesouvertes.affmunqc.net/role/RL71040_2026.xml,,,,
"21, Marie-ange-numainville",,Coteau-du-Lac,,,249.2,2020,144000,311100,455100,2025,Logement,MAMH — Données Québec (rôle d'évaluation foncière),https://donneesouvertes.affmunqc.net/role/RL71040_2026.xml,,,,
"23, Marie-ange-numainville",,Coteau-du-Lac,,,418.6,2020,144900,341700,486600,2025,Logement,MAMH — Données Québec (rôle d'évaluation foncière),https://donneesouvertes.affmunqc.net/role/RL71040_2026.xml,,,,
"25, Marie-ange-numainville",,Coteau-du-Lac,,,541.5,2021,145500,330300,475800,2025,Logement,MAMH — Données Québec (rôle d'évaluation foncière),https://donneesouvertes.affmunqc.net/role/RL71040_2026.xml,,,,
"27, Marie-ange-numainville",,Coteau-du-Lac,,,289.7,2021,144200,324800,469000,2025,Logement,MAMH — Données Québec (rôle d'évaluation foncière),https://donneesouvertes.affmunqc.net/role/RL71040_2026.xml,,,,
"4, Saint-emmanuel",,Coteau-du-Lac,,,12922.3,,1809100,,1809100,2025,Institutionnel,MAMH — Données Québec (rôle d'évaluation foncière),https://donneesouvertes.affmunqc.net/role/RL71040_2026.xml,,,,
"506, Fleuve, app. 518",,Coteau-du-Lac,,,147755.5,,7013800,13177000,20190800,2025,Industrie,MAMH — Données Québec (rôle d'évaluation foncière),https://donneesouvertes.affmunqc.net/role/RL71040_2026.xml,,,,
"553, Fleuve",,Coteau-du-Lac,,,1125.8,2014,227500,592600,820100,2025,Logement,MAMH — Données Québec (rôle d'évaluation foncière),https://donneesouvertes.affmunqc.net/role/RL71040_2026.xml,,,,
"555, Fleuve",,Coteau-du-Lac,,,813.8,1994,198400,369300,567700,2025,Logement,MAMH — Données Québec (rôle d'évaluation foncière),https://donneesouvertes.affmunqc.net/role/RL71040_2026.xml,,,,
"2, Saint-emmanuel",,Coteau-du-Lac,,,13006.4,1998,1820900,7990300,9811200,2025,Industrie,MAMH — Données Québec (rôle d'évaluation foncière),https://donneesouvertes.affmunqc.net/role/RL71040_2026.xml,,,,
"45, De Granville",,Coteau-du-Lac,,,625.3,2004,165800,249500,415300,2025,Logement,MAMH — Données Québec (rôle d'évaluation foncière),https://donneesouvertes.affmunqc.net/role/RL71040_2026.xml,,,,
"43, De Granville",,Coteau-du-Lac,,,625.3,2004,165800,278700,444500,2025,Logement,MAMH — Données Québec (rôle d'évaluation foncière),https://donneesouvertes.affmunqc.net/role/RL71040_2026.xml,,,,
"41, De Granville",,Coteau-du-Lac,,,625.3,2004,165800,278300,444100,2025,Logement,MAMH — Données Québec (rôle d'évaluation foncière),https://donneesouvertes.affmunqc.net/role/RL71040_2026.xml,,,,
"39, De Granville",,Coteau-du-Lac,,,625.3,2004,165800,275300,441100,2025,Logement,MAMH — Données Québec (rôle d'évaluation foncière),https://donneesouvertes.affmunqc.net/role/RL71040_2026.xml,,,,
"37, De Granville",,Coteau-du-Lac,,,371.9,1997,129300,192200,321500,2025,Logement,MAMH — Données Québec (rôle d'évaluation foncière),https://donneesouvertes.affmunqc.net/role/RL71040_2026.xml,,,,
"55, De Granville",,Coteau-du-Lac,,,666.8,,206600,,206600,2025,Institutionnel,MAMH — Données Québec (rôle d'évaluation foncière),https://donneesouvertes.affmunqc.net/role/RL71040_2026.xml,,,,
"53, De Granville",,Coteau-du-Lac,,,374.7,1999,129600,301300,430900,2025,Logement,MAMH — Données Québec (rôle d'évaluation foncière),https://donneesouvertes.affmunqc.net/role/RL71040_2026.xml,,,,
"51, De Granville",,Coteau-du-Lac,,,375.2,1999,129700,292900,422600,2025,Logement,MAMH — Données Québec (rôle d'évaluation foncière),https://donneesouvertes.affmunqc.net/role/RL71040_2026.xml,,,,
"59, De Granville",,Coteau-du-Lac,,,587.4,2007,206200,369400,575600,2025,Logement,MAMH — Données Québec (rôle d'évaluation foncière),https://donneesouvertes.affmunqc.net/role/RL71040_2026.xml,,,,
"49, De Granville",,Coteau-du-Lac,,,619.5,2004,164300,303200,467500,2025,Logement,MAMH — Données Québec (rôle d'évaluation foncière),https://donneesouvertes.affmunqc.net/role/RL71040_2026.xml,,,,
"47, De Granville",,Coteau-du-Lac,,,625.3,2004,165800,236700,402500,2025,Logement,MAMH — Données Québec (rôle d'évaluation foncière),https://donneesouvertes.affmunqc.net/role/RL71040_2026.xml,,,,
"48, De Granville",,Coteau-du-Lac,,,915.8,2004,232500,374900,607400,2025,Logement,MAMH — Données Québec (rôle d'évaluation foncière),https://donneesouvertes.affmunqc.net/role/RL71040_2026.xml,,,,
"46, De Granville",,Coteau-du-Lac,,,371.9,1996,116000,236000,352000,2025,Logement,MAMH — Données Québec (rôle d'évaluation foncière),https://donneesouvertes.affmunqc.net/role/RL71040_2026.xml,,,,
"44, De Granville",,Coteau-du-Lac,,,371.9,1996,116000,238800,354800,2025,Logement,MAMH — Données Québec (rôle d'évaluation foncière),https://donneesouvertes.affmunqc.net/role/RL71040_2026.xml,,,,
"42, De Granville",,Coteau-du-Lac,,,637.8,2004,199000,334600,533600,2025,Logement,MAMH — Données Québec (rôle d'évaluation foncière),https://donneesouvertes.affmunqc.net/role/RL71040_2026.xml,,,,
"50, De Granville",,Coteau-du-Lac,,,616.3,2004,182700,215400,398100,2025,Logement,MAMH — Données Québec (rôle d'évaluation foncière),https://donneesouvertes.affmunqc.net/role/RL71040_2026.xml,,,,
"61, De Granville",,Coteau-du-Lac,,,605.5,2000,212500,392100,604600,2025,Logement,MAMH — Données Québec (rôle d'évaluation foncière),https://donneesouvertes.affmunqc.net/role/RL71040_2026.xml,,,,
"63, De Granville",,Coteau-du-Lac,,,852.5,2020,254200,575300,829500,2025,Logement,MAMH — Données Québec (rôle d'évaluation foncière),https://donneesouvertes.affmunqc.net/role/RL71040_2026.xml,,,,
"43, Darnis",,Coteau-du-Lac,,,3772,,156900,,156900,2025,Terrain vacant,MAMH — Données Québec (rôle d'évaluation foncière),https://donneesouvertes.affmunqc.net/role/RL71040_2026.xml,,,,
"41, Darnis",,Coteau-du-Lac,,,2345.4,2005,170800,316500,487300,2025,Logement,MAMH — Données Québec (rôle d'évaluation foncière),https://donneesouvertes.affmunqc.net/role/RL71040_2026.xml,,,,
"39, Darnis",,Coteau-du-Lac,,,2345.4,1994,189800,305400,495200,2025,Logement,MAMH — Données Québec (rôle d'évaluation foncière),https://donneesouvertes.affmunqc.net/role/RL71040_2026.xml,,,,
"36, Darnis",,Coteau-du-Lac,,,1831.3,2023,169300,596700,766000,2025,Logement,MAMH — Données Québec (rôle d'évaluation foncière),https://donneesouvertes.affmunqc.net/role/RL71040_2026.xml,,,,
"34, Darnis",,Coteau-du-Lac,,,1972.3,1989,174900,294000,468900,2025,Logement,MAMH — Données Québec (rôle d'évaluation foncière),https://donneesouvertes.affmunqc.net/role/RL71040_2026.xml,,,,
"91, Saint-emmanuel",,Coteau-du-Lac,,,15328.5,1870,195200,156300,351500,2025,Logement,MAMH — Données Québec (rôle d'évaluation foncière),https://donneesouvertes.affmunqc.net/role/RL71040_2026.xml,,,,
"90, Saint-emmanuel",,Coteau-du-Lac,,,3270.4,1950,186100,299800,485900,2025,Logement,MAMH — Données Québec (rôle d'évaluation foncière),https://donneesouvertes.affmunqc.net/role/RL71040_2026.xml,,,,
"33, Chasle",,Coteau-du-Lac,,,1975.9,1992,166300,339500,505800,2025,Logement,MAMH — Données Québec (rôle d'évaluation foncière),https://donneesouvertes.affmunqc.net/role/RL71040_2026.xml,,,,
"32, Chasle",,Coteau-du-Lac,,,2433.4,1991,163300,349200,512500,2025,Logement,MAMH — Données Québec (rôle d'évaluation foncière),https://donneesouvertes.affmunqc.net/role/RL71040_2026.xml,,,,
"30, Chasle",,Coteau-du-Lac,,,2164.7,1990,182600,251900,434500,2025,Logement,MAMH — Données Québec (rôle d'évaluation foncière),https://donneesouvertes.affmunqc.net/role/RL71040_2026.xml,,,,
"78, Saint-emmanuel",,Coteau-du-Lac,,,34188.6,1950,209300,132100,341400,2025,Agricole,MAMH — Données Québec (rôle d'évaluation foncière),https://donneesouvertes.affmunqc.net/role/RL71040_2026.xml,,,,
"66, Saint-emmanuel",,Coteau-du-Lac,,,671.2,,30200,3300,33500,2025,Logement,MAMH — Données Québec (rôle d'évaluation foncière),https://donneesouvertes.affmunqc.net/role/RL71040_2026.xml,,,,
"60, Saint-emmanuel",,Coteau-du-Lac,,,3095.1,,74700,,74700,2025,Terrain vacant,MAMH — Données Québec (rôle d'évaluation foncière),https://donneesouvertes.affmunqc.net/role/RL71040_2026.xml,,,,
"70, Saint-emmanuel",,Coteau-du-Lac,,,394.8,,17800,,17800,2025,Terrain vacant,MAMH — Données Québec (rôle d'évaluation foncière),https://donneesouvertes.affmunqc.net/role/RL71040_2026.xml,,,,
"74, Saint-emmanuel",,Coteau-du-Lac,,,3185.7,,3300,,3300,2025,Terrain vacant,MAMH — Données Québec (rôle d'évaluation foncière),https://donneesouvertes.affmunqc.net/role/RL71040_2026.xml,,,,
"21, Saint-emmanuel",,Coteau-du-Lac,,,33177.3,,622100,,622100,2025,Terrain vacant,MAMH — Données Québec (rôle d'évaluation foncière),https://donneesouvertes.affmunqc.net/role/RL71040_2026.xml,,,,
"29, Arbour",,Coteau-du-Lac,,,557.4,1992,108700,204100,312800,2025,Logement,MAMH — Données Québec (rôle d'évaluation foncière),https://donneesouvertes.affmunqc.net/role/RL71040_2026.xml,,,,
"27, Arbour",,Coteau-du-Lac,,,1114.8,1978,158300,115800,274100,2025,Logement,MAMH — Données Québec (rôle d'évaluation foncière),https://donneesouvertes.affmunqc.net/role/RL71040_2026.xml,,,,
"23, Arbour",,Coteau-du-Lac,,,557.4,1985,108700,146300,255000,2025,Logement,MAMH — Données Québec (rôle d'évaluation foncière),https://donneesouvertes.affmunqc.net/role/RL71040_2026.xml,,,,
"21, Arbour",,Coteau-du-Lac,,,650.3,1974,126800,219200,346000,2025,Logement,MAMH — Données Québec (rôle d'évaluation foncière),https://donneesouvertes.affmunqc.net/role/RL71040_2026.xml,,,,
"26, Arbour",,Coteau-du-Lac,,,557.4,1982,108700,215000,323700,2025,Logement,MAMH — Données Québec (rôle d'évaluation foncière),https://donneesouvertes.affmunqc.net/role/RL71040_2026.xml,,,,
"24, Arbour",,Coteau-du-Lac,,,557.4,1982,108700,115200,223900,2025,Logement,MAMH — Données Québec (rôle d'évaluation foncière),https://donneesouvertes.affmunqc.net/role/RL71040_2026.xml,,,,
"37, Arbour",,Coteau-du-Lac,,,842.2,1980,126500,123500,250000,2025,Logement,MAMH — Données Québec (rôle d'évaluation foncière),https://donneesouvertes.affmunqc.net/role/RL71040_2026.xml,,,,
"35, Arbour",,Coteau-du-Lac,,,557.4,1976,108700,89900,198600,2025,Logement,MAMH — Données Québec (rôle d'évaluation foncière),https://donneesouvertes.affmunqc.net/role/RL71040_2026.xml,,,,
"33, Arbour",,Coteau-du-Lac,,,557.4,1970,108700,98600,207300,2025,Logement,MAMH — Données Québec (rôle d'évaluation foncière),https://donneesouvertes.affmunqc.net/role/RL71040_2026.xml,,,,
"38, Arbour",,Coteau-du-Lac,,,590,1971,115100,146600,261700,2025,Logement,MAMH — Données Québec (rôle d'évaluation foncière),https://donneesouvertes.affmunqc.net/role/RL71040_2026.xml,,,,
"31, Arbour",,Coteau-du-Lac,,,557.4,1990,108700,263300,372000,2025,Logement,MAMH — Données Québec (rôle d'évaluation foncière),https://donneesouvertes.affmunqc.net/role/RL71040_2026.xml,,,,
"36, Arbour",,Coteau-du-Lac,,,584.5,1965,114000,78000,192000,2025,Logement,MAMH — Données Québec (rôle d'évaluation foncière),https://donneesouvertes.affmunqc.net/role/RL71040_2026.xml,,,,
"34, Arbour",,Coteau-du-Lac,,,557.4,1975,108700,130200,238900,2025,Logement,MAMH — Données Québec (rôle d'évaluation foncière),https://donneesouvertes.affmunqc.net/role/RL71040_2026.xml,,,,
"32, Arbour",,Coteau-du-Lac,,,557.4,1976,108700,78100,186800,2025,Logement,MAMH — Données Québec (rôle d'évaluation foncière),https://donneesouvertes.affmunqc.net/role/RL71040_2026.xml,,,,
"30, Arbour",,Coteau-du-Lac,,,557.4,1984,108700,138800,247500,2025,Logement,MAMH — Données Québec (rôle d'évaluation foncière),https://donneesouvertes.affmunqc.net/role/RL71040_2026.xml,,,,
"28, Arbour",,Coteau-du-Lac,,,557.4,1984,108700,195400,304100,2025,Logement,MAMH — Données Québec (rôle d'évaluation foncière),https://donneesouvertes.affmunqc.net/role/RL71040_2026.xml,,,,
"85, Boise",,Coteau-du-Lac,,,961.5,1987,166200,104000,270200,2025,Logement,MAMH — Données Québec (rôle d'évaluation foncière),https://donneesouvertes.affmunqc.net/role/RL71040_2026.xml,,,,
"92, Boise",,Coteau-du-Lac,,,992.2,1988,168400,137700,306100,2025,Logement,MAMH — Données Québec (rôle d'évaluation foncière),https://donneesouvertes.affmunqc.net/role/RL71040_2026.xml,,,,
"90, Boise",,Coteau-du-Lac,,,993.8,2003,168500,203200,371700,2025,Logement,MAMH — Données Québec (rôle d'évaluation foncière),https://donneesouvertes.affmunqc.net/role/RL71040_2026.xml,,,,
"42, Saint-emmanuel",,Coteau-du-Lac,,,929,1982,146200,193200,339400,2025,Logement,MAMH — Données Québec (rôle d'évaluation foncière),https://donneesouvertes.affmunqc.net/role/RL71040_2026.xml,,,,
"38, Saint-emmanuel",,Coteau-du-Lac,,,464.5,1975,90600,90600,181200,2025,Logement,MAMH — Données Québec (rôle d'évaluation foncière),https://donneesouvertes.affmunqc.net/role/RL71040_2026.xml,,,,
"36, Saint-emmanuel",,Coteau-du-Lac,,,464.5,1969,90600,98500,189100,2025,Logement,MAMH — Données Québec (rôle d'évaluation foncière),https://donneesouvertes.affmunqc.net/role/RL71040_2026.xml,,,,
"32, Saint-emmanuel",,Coteau-du-Lac,,,929,,146200,97600,243800,2025,Logement,MAMH — Données Québec (rôle d'évaluation foncière),https://donneesouvertes.affmunqc.net/role/RL71040_2026.xml,,,,
"26, Julie",,Coteau-du-Lac,,,464.5,1980,90600,110200,200800,2025,Logement,MAMH — Données Québec (rôle d'évaluation foncière),https://donneesouvertes.affmunqc.net/role/RL71040_2026.xml,,,,
"28, Julie",,Coteau-du-Lac,,,464.5,1976,90600,108000,198600,2025,Logement,MAMH — Données Québec (rôle d'évaluation foncière),https://donneesouvertes.affmunqc.net/role/RL71040_2026.xml,,,,
"30, Saint-emmanuel",,Coteau-du-Lac,,,464.5,1983,90600,141400,232000,2025,Logement,MAMH — Données Québec (rôle d'évaluation foncière),https://donneesouvertes.affmunqc.net/role/RL71040_2026.xml,,,,
"30, Julie",,Coteau-du-Lac,,,464.5,1974,90600,78800,169400,2025,Logement,MAMH — Données Québec (rôle d'évaluation foncière),https://donneesouvertes.affmunqc.net/role/RL71040_2026.xml,,,,
"48, Saint-emmanuel",,Coteau-du-Lac,,,4310.7,1972,239000,529700,768700,2025,Immeuble à bureaux,MAMH — Données Québec (rôle d'évaluation foncière),https://donneesouvertes.affmunqc.net/role/RL71040_2026.xml,,,,
"46, Saint-emmanuel",,Coteau-du-Lac,,,929,1976,146200,154600,300800,2025,Logement,MAMH — Données Québec (rôle d'évaluation foncière),https://donneesouvertes.affmunqc.net/role/RL71040_2026.xml,,,,
"20, Julie",,Coteau-du-Lac,,,464.5,1972,90600,127700,218300,2025,Logement,MAMH — Données Québec (rôle d'évaluation foncière),https://donneesouvertes.affmunqc.net/role/RL71040_2026.xml,,,,
"22, Julie",,Coteau-du-Lac,,,464.5,1978,90600,118000,208600,2025,Logement,MAMH — Données Québec (rôle d'évaluation foncière),https://donneesouvertes.affmunqc.net/role/RL71040_2026.xml,,,,
"24, Julie",,Coteau-du-Lac,,,464.5,1981,90600,161900,252500,2025,Logement,MAMH — Données Québec (rôle d'évaluation foncière),https://donneesouvertes.affmunqc.net/role/RL71040_2026.xml,,,,
"22, Arbour",,Coteau-du-Lac,,,557.4,1975,108700,168800,277500,2025,Logement,MAMH — Données Québec (rôle d'évaluation foncière),https://donneesouvertes.affmunqc.net/role/RL71040_2026.xml,,,,
"20, Arbour",,Coteau-du-Lac,,,557.4,1980,108700,116800,225500,2025,Logement,MAMH — Données Québec (rôle d'évaluation foncière),https://donneesouvertes.affmunqc.net/role/RL71040_2026.xml,,,,
"83, Boise",,Coteau-du-Lac,,,961.5,1986,166200,202500,368700,2025,Logement,MAMH — Données Québec (rôle d'évaluation foncière),https://donneesouvertes.affmunqc.net/role/RL71040_2026.xml,,,,
"81, Boise",,Coteau-du-Lac,,,961.9,1989,166300,148300,314600,2025,Logement,MAMH — Données Québec (rôle d'évaluation foncière),https://donneesouvertes.affmunqc.net/role/RL71040_2026.xml,,,,
"79, Boise",,Coteau-du-Lac,,,1016.9,1988,170200,210000,380200,2025,Logement,MAMH — Données Québec (rôle d'évaluation foncière),https://donneesouvertes.affmunqc.net/role/RL71040_2026.xml,,,,
"77, Boise",,Coteau-du-Lac,,,975.5,1988,167200,142000,309200,2025,Logement,MAMH — Données Québec (rôle d'évaluation foncière),https://donneesouvertes.affmunqc.net/role/RL71040_2026.xml,,,,
"88, Boise",,Coteau-du-Lac,,,1102,1989,176200,170600,346800,2025,Logement,MAMH — Données Québec (rôle d'évaluation foncière),https://donneesouvertes.affmunqc.net/role/RL71040_2026.xml,,,,
"86, Boise",,Coteau-du-Lac,,,948.3,2005,165300,354500,519800,2025,Logement,MAMH — Données Québec (rôle d'évaluation foncière),https://donneesouvertes.affmunqc.net/role/RL71040_2026.xml,,,,
"84, Boise",,Coteau-du-Lac,,,1011.4,1987,169800,151000,320800,2025,Logement,MAMH — Données Québec (rôle d'évaluation foncière),https://donneesouvertes.affmunqc.net/role/RL71040_2026.xml,,,,
"82, Boise",,Coteau-du-Lac,,,1013,2003,169900,235500,405400,2025,Logement,MAMH — Données Québec (rôle d'évaluation foncière),https://donneesouvertes.affmunqc.net/role/RL71040_2026.xml,,,,
"80, Boise",,Coteau-du-Lac,,,1016.6,1988,170200,161400,331600,2025,Logement,MAMH — Données Québec (rôle d'évaluation foncière),https://donneesouvertes.affmunqc.net/role/RL71040_2026.xml,,,,
"75, Boise",,Coteau-du-Lac,,,975.5,1988,167200,174300,341500,2025,Logement,MAMH — Données Québec (rôle d'évaluation foncière),https://donneesouvertes.affmunqc.net/role/RL71040_2026.xml,,,,
"78, Boise",,Coteau-du-Lac,,,1018.3,1988,170300,151600,321900,2025,Logement,MAMH — Données Québec (rôle d'évaluation foncière),https://donneesouvertes.affmunqc.net/role/RL71040_2026.xml,,,,
"32, Julie",,Coteau-du-Lac,,,464.5,1992,90600,146600,237200,2025,Logement,MAMH — Données Québec (rôle d'évaluation foncière),https://donneesouvertes.affmunqc.net/role/RL71040_2026.xml,,,,
"34, Julie",,Coteau-du-Lac,,,464.5,1970,90600,149300,239900,2025,Logement,MAMH — Données Québec (rôle d'évaluation foncière),https://donneesouvertes.affmunqc.net/role/RL71040_2026.xml,,,,
"36, Julie",,Coteau-du-Lac,,,929,1974,146200,88800,235000,2025,Logement,MAMH — Données Québec (rôle d'évaluation foncière),https://donneesouvertes.affmunqc.net/role/RL71040_2026.xml,,,,
"73, Boise",,Coteau-du-Lac,,,975.5,1989,167200,193500,360700,2025,Logement,MAMH — Données Québec (rôle d'évaluation foncière),https://donneesouvertes.affmunqc.net/role/RL71040_2026.xml,,,,
"76, Boise",,Coteau-du-Lac,,,1020,2005,170400,195000,365400,2025,Logement,MAMH — Données Québec (rôle d'évaluation foncière),https://donneesouvertes.affmunqc.net/role/RL71040_2026.xml,,,,
"71, Boise",,Coteau-du-Lac,,,975.5,1988,167200,200300,367500,2025,Logement,MAMH — Données Québec (rôle d'évaluation foncière),https://donneesouvertes.affmunqc.net/role/RL71040_2026.xml,,,,
"74, Boise",,Coteau-du-Lac,,,1021.7,1991,170500,225800,396300,2025,Logement,MAMH — Données Québec (rôle d'évaluation foncière),https://donneesouvertes.affmunqc.net/role/RL71040_2026.xml,,,,
"69, Boise",,Coteau-du-Lac,,,975.5,2000,167200,169200,336400,2025,Logement,MAMH — Données Québec (rôle d'évaluation foncière),https://donneesouvertes.affmunqc.net/role/RL71040_2026.xml,,,,
"67, Boise",,Coteau-du-Lac,,,975.5,2000,167200,165700,332900,2025,Logement,MAMH — Données Québec (rôle d'évaluation foncière),https://donneesouvertes.affmunqc.net/role/RL71040_2026.xml,,,,
"65, Boise",,Coteau-du-Lac,,,1003.7,1989,169200,164700,333900,2025,Logement,MAMH — Données Québec (rôle d'évaluation foncière),https://donneesouvertes.affmunqc.net/role/RL71040_2026.xml,,,,
"72, Boise",,Coteau-du-Lac,,,1052.5,2002,172700,195700,368400,2025,Logement,MAMH — Données Québec (rôle d'évaluation foncière),https://donneesouvertes.affmunqc.net/role/RL71040_2026.xml,,,,
"70, Boise",,Coteau-du-Lac,,,1789.9,2002,197200,278400,475600,2025,Logement,MAMH — Données Québec (rôle d'évaluation foncière),https://donneesouvertes.affmunqc.net/role/RL71040_2026.xml,,,,
"51, Boise",,Coteau-du-Lac,,,1821,1996,197300,284800,482100,2025,Logement,MAMH — Données Québec (rôle d'évaluation foncière),https://donneesouvertes.affmunqc.net/role/RL71040_2026.xml,,,,
"63, Boise",,Coteau-du-Lac,,,1410.2,1997,196100,270100,466200,2025,Logement,MAMH — Données Québec (rôle d'évaluation foncière),https://donneesouvertes.affmunqc.net/role/RL71040_2026.xml,,,,
"61, Boise",,Coteau-du-Lac,,,1403.8,1990,196000,350800,546800,2025,Logement,MAMH — Données Québec (rôle d'évaluation foncière),https://donneesouvertes.affmunqc.net/role/RL71040_2026.xml,,,,
"57, Boise",,Coteau-du-Lac,,,1824.2,2005,197300,304300,501600,2025,Logement,MAMH — Données Québec (rôle d'évaluation foncière),https://donneesouvertes.affmunqc.net/role/RL71040_2026.xml,,,,
"59, Boise",,Coteau-du-Lac,,,1479.4,2000,196300,265500,461800,2025,Logement,MAMH — Données Québec (rôle d'évaluation foncière),https://donneesouvertes.affmunqc.net/role/RL71040_2026.xml,,,,
"55, Boise",,Coteau-du-Lac,,,1823.1,1990,197300,188000,385300,2025,Logement,MAMH — Données Québec (rôle d'évaluation foncière),https://donneesouvertes.affmunqc.net/role/RL71040_2026.xml,,,,
"53, Boise",,Coteau-du-Lac,,,1822,2000,197300,266900,464200,2025,Logement,MAMH — Données Québec (rôle d'évaluation foncière),https://donneesouvertes.affmunqc.net/role/RL71040_2026.xml,,,,
"68, Boise",,Coteau-du-Lac,,,1803.3,2005,197200,270800,468000,2025,Logement,MAMH — Données Québec (rôle d'évaluation foncière),https://donneesouvertes.affmunqc.net/role/RL71040_2026.xml,,,,
"66, Boise",,Coteau-du-Lac,,,3163.4,2002,231900,262100,494000,2025,Logement,MAMH — Données Québec (rôle d'évaluation foncière),https://donneesouvertes.affmunqc.net/role/RL71040_2026.xml,,,,
"62, Saint-emmanuel",,Coteau-du-Lac,,,121210.9,,541100,969100,1510200,2025,Immeuble à bureaux,MAMH — Données Québec (rôle d'évaluation foncière),https://donneesouvertes.affmunqc.net/role/RL71040_2026.xml,,,,
"43, Boise",,Coteau-du-Lac,,,1816.7,1999,197300,227600,424900,2025,Logement,MAMH — Données Québec (rôle d'évaluation foncière),https://donneesouvertes.affmunqc.net/role/RL71040_2026.xml,,,,
"41, Boise",,Coteau-du-Lac,,,1815.6,1997,197300,227500,424800,2025,Logement,MAMH — Données Québec (rôle d'évaluation foncière),https://donneesouvertes.affmunqc.net/role/RL71040_2026.xml,,,,
"39, Boise",,Coteau-du-Lac,,,1814.5,2002,197300,387400,584700,2025,Logement,MAMH — Données Québec (rôle d'évaluation foncière),https://donneesouvertes.affmunqc.net/role/RL71040_2026.xml,,,,
"37, Boise",,Coteau-du-Lac,,,1813.4,1994,197300,276600,473900,2025,Logement,MAMH — Données Québec (rôle d'évaluation foncière),https://donneesouvertes.affmunqc.net/role/RL71040_2026.xml,,,,
"35, Boise",,Coteau-du-Lac,,,1812.4,1998,197300,264000,461300,2025,Logement,MAMH — Données Québec (rôle d'évaluation foncière),https://donneesouvertes.affmunqc.net/role/RL71040_2026.xml,,,,
"49, Boise",,Coteau-du-Lac,,,1819.9,2001,197300,404900,602200,2025,Logement,MAMH — Données Québec (rôle d'évaluation foncière),https://donneesouvertes.affmunqc.net/role/RL71040_2026.xml,,,,
"47, Boise",,Coteau-du-Lac,,,1818.8,1998,197300,243400,440700,2025,Logement,MAMH — Données Québec (rôle d'évaluation foncière),https://donneesouvertes.affmunqc.net/role/RL71040_2026.xml,,,,
"45, Boise",,Coteau-du-Lac,,,1817.7,1999,197300,250900,448200,2025,Logement,MAMH — Données Québec (rôle d'évaluation foncière),https://donneesouvertes.affmunqc.net/role/RL71040_2026.xml,,,,
"50, Boise",,Coteau-du-Lac,,,1647,1989,196800,263900,460700,2025,Logement,MAMH — Données Québec (rôle d'évaluation foncière),https://donneesouvertes.affmunqc.net/role/RL71040_2026.xml,,,,
"48, Boise",,Coteau-du-Lac,,,1653,1989,196800,333200,530000,2025,Logement,MAMH — Données Québec (rôle d'évaluation foncière),https://donneesouvertes.affmunqc.net/role/RL71040_2026.xml,,,,
"58, Boise",,Coteau-du-Lac,,,1622.7,1993,196700,217400,414100,2025,Logement,MAMH — Données Québec (rôle d'évaluation foncière),https://donneesouvertes.affmunqc.net/role/RL71040_2026.xml,,,,
"56, Boise",,Coteau-du-Lac,,,1628.8,1990,196700,195700,392400,2025,Logement,MAMH — Données Québec (rôle d'évaluation foncière),https://donneesouvertes.affmunqc.net/role/RL71040_2026.xml,,,,
"54, Boise",,Coteau-du-Lac,,,1634.9,1989,196700,247800,444500,2025,Logement,MAMH — Données Québec (rôle d'évaluation foncière),https://donneesouvertes.affmunqc.net/role/RL71040_2026.xml,,,,
"52, Boise",,Coteau-du-Lac,,,1640.9,1990,196700,198400,395100,2025,Logement,MAMH — Données Québec (rôle d'évaluation foncière),https://donneesouvertes.affmunqc.net/role/RL71040_2026.xml,,,,
"64, Boise",,Coteau-du-Lac,,,3560.4,1990,233100,256800,489900,2025,Logement,MAMH — Données Québec (rôle d'évaluation foncière),https://donneesouvertes.affmunqc.net/role/RL71040_2026.xml,,,,
"62, Boise",,Coteau-du-Lac,,,1610.6,1990,196700,302000,498700,2025,Logement,MAMH — Données Québec (rôle d'évaluation foncière),https://donneesouvertes.affmunqc.net/role/RL71040_2026.xml,,,,
"60, Boise",,Coteau-du-Lac,,,1616.7,1991,196700,276800,473500,2025,Logement,MAMH — Données Québec (rôle d'évaluation foncière),https://donneesouvertes.affmunqc.net/role/RL71040_2026.xml,,,,
"68, Saint-emmanuel",,Coteau-du-Lac,,,52254,1927,87400,9900,97300,2025,Terrain vacant,MAMH — Données Québec (rôle d'évaluation foncière),https://donneesouvertes.affmunqc.net/role/RL71040_2026.xml,,,,
"72, Saint-emmanuel",,Coteau-du-Lac,,,81209,1930,137800,9900,147700,2025,Logement,MAMH — Données Québec (rôle d'évaluation foncière),https://donneesouvertes.affmunqc.net/role/RL71040_2026.xml,,,,
"103, Saint-emmanuel",,Coteau-du-Lac,,,5000,,187400,306700,494100,2025,Agricole,MAMH — Données Québec (rôle d'évaluation foncière),https://donneesouvertes.affmunqc.net/role/RL71040_2026.xml,,,,
"114, Saint-emmanuel",,Coteau-du-Lac,,,3014.1,2018,183400,698000,881400,2025,Logement,MAMH — Données Québec (rôle d'évaluation foncière),https://donneesouvertes.affmunqc.net/role/RL71040_2026.xml,,,,
"120, Saint-emmanuel",,Coteau-du-Lac,,,215787.1,,978700,302000,1280700,2025,Agricole,MAMH — Données Québec (rôle d'évaluation foncière),https://donneesouvertes.affmunqc.net/role/RL71040_2026.xml,,,,
"100, Saint-emmanuel",,Coteau-du-Lac,,,213086.9,,1014200,316600,1330800,2025,Agricole,MAMH — Données Québec (rôle d'évaluation foncière),https://donneesouvertes.affmunqc.net/role/RL71040_2026.xml,,,,
"108, Saint-emmanuel",,Coteau-du-Lac,,,220657,,997500,1512600,2510100,2025,Industrie,MAMH — Données Québec (rôle d'évaluation foncière),https://donneesouvertes.affmunqc.net/role/RL71040_2026.xml,,,,
"182, Saint-emmanuel",,Coteau-du-Lac,,,212045.5,,1032400,1288500,2320900,2025,Agricole,MAMH — Données Québec (rôle d'évaluation foncière),https://donneesouvertes.affmunqc.net/role/RL71040_2026.xml,,,,
"101, Leroux",,Coteau-du-Lac,,,4064.5,1983,268300,337400,605700,2025,Logement,MAMH — Données Québec (rôle d'évaluation foncière),https://donneesouvertes.affmunqc.net/role/RL71040_2026.xml,,,,
"558, Fleuve",,Coteau-du-Lac,,,3921,1981,242700,287300,530000,2025,Logement,MAMH — Données Québec (rôle d'évaluation foncière),https://donneesouvertes.affmunqc.net/role/RL71040_2026.xml,,,,
"560, Fleuve",,Coteau-du-Lac,,,3369.4,2000,240500,397400,637900,2025,Logement,MAMH — Données Québec (rôle d'évaluation foncière),https://donneesouvertes.affmunqc.net/role/RL71040_2026.xml,,,,
"562, Fleuve",,Coteau-du-Lac,,,3180.4,1987,239800,256000,495800,2025,Logement,MAMH — Données Québec (rôle d'évaluation foncière),https://donneesouvertes.affmunqc.net/role/RL71040_2026.xml,,,,
"564, Fleuve",,Coteau-du-Lac,,,3126.2,1984,239500,421400,660900,2025,Logement,MAMH — Données Québec (rôle d'évaluation foncière),https://donneesouvertes.affmunqc.net/role/RL71040_2026.xml,,,,
"557, Fleuve",,Coteau-du-Lac,,,1095.4,1994,224600,414300,638900,2025,Logement,MAMH — Données Québec (rôle d'évaluation foncière),https://donneesouvertes.affmunqc.net/role/RL71040_2026.xml,,,,
"31, De Granville",,Coteau-du-Lac,,,555.9,1996,146000,213600,359600,2025,Logement,MAMH — Données Québec (rôle d'évaluation foncière),https://donneesouvertes.affmunqc.net/role/RL71040_2026.xml,,,,
"559, Fleuve",,Coteau-du-Lac,,,536.8,,149800,,149800,2025,Terrain vacant,MAMH — Données Québec (rôle d'évaluation foncière),https://donneesouvertes.affmunqc.net/role/RL71040_2026.xml,,,,
"27, De Granville",,Coteau-du-Lac,,,561.7,1995,146800,215000,361800,2025,Logement,MAMH — Données Québec (rôle d'évaluation foncière),https://donneesouvertes.affmunqc.net/role/RL71040_2026.xml,,,,
"561, Fleuve",,Coteau-du-Lac,,,85.7,,23900,,23900,2025,Terrain vacant,MAMH — Données Québec (rôle d'évaluation foncière),https://donneesouvertes.affmunqc.net/role/RL71040_2026.xml,,,,
"25, De Granville",,Coteau-du-Lac,,,373.6,1995,129500,218800,348300,2025,Logement,MAMH — Données Québec (rôle d'évaluation foncière),https://donneesouvertes.affmunqc.net/role/RL71040_2026.xml,,,,
"23, De Granville",,Coteau-du-Lac,,,389.2,1995,131600,210100,341700,2025,Logement,MAMH — Données Québec (rôle d'évaluation foncière),https://donneesouvertes.affmunqc.net/role/RL71040_2026.xml,,,,
"21, De Granville",,Coteau-du-Lac,,,405.9,1995,133800,231200,365000,2025,Logement,MAMH — Données Québec (rôle d'évaluation foncière),https://donneesouvertes.affmunqc.net/role/RL71040_2026.xml,,,,
"28, De Granville",,Coteau-du-Lac,,,418.1,1996,130400,225200,355600,2025,Logement,MAMH — Données Québec (rôle d'évaluation foncière),https://donneesouvertes.affmunqc.net/role/RL71040_2026.xml,,,,
"26, De Granville",,Coteau-du-Lac,,,371.9,1996,116000,220500,336500,2025,Logement,MAMH — Données Québec (rôle d'évaluation foncière),https://donneesouvertes.affmunqc.net/role/RL71040_2026.xml,,,,
"24, De Granville",,Coteau-du-Lac,,,743.7,2010,214600,382300,596900,2025,Logement,MAMH — Données Québec (rôle d'évaluation foncière),https://donneesouvertes.affmunqc.net/role/RL71040_2026.xml,,,,
"35, De Granville",,Coteau-du-Lac,,,371.9,1997,129300,238000,367300,2025,Logement,MAMH — Données Québec (rôle d'évaluation foncière),https://donneesouvertes.affmunqc.net/role/RL71040_2026.xml,,,,
"33, De Granville",,Coteau-du-Lac,,,371.9,1996,129300,205400,334700,2025,Logement,MAMH — Données Québec (rôle d'évaluation foncière),https://donneesouvertes.affmunqc.net/role/RL71040_2026.xml,,,,
"38, De Granville",,Coteau-du-Lac,,,634.4,2004,197900,386900,584800,2025,Logement,MAMH — Données Québec (rôle d'évaluation foncière),https://donneesouvertes.affmunqc.net/role/RL71040_2026.xml,,,,
"36, De Granville",,Coteau-du-Lac,,,634.4,2005,197900,271600,469500,2025,Logement,MAMH — Données Québec (rôle d'évaluation foncière),https://donneesouvertes.affmunqc.net/role/RL71040_2026.xml,,,,
"34, De Granville",,Coteau-du-Lac,,,634.4,2006,197900,293500,491400,2025,Logement,MAMH — Données Québec (rôle d'évaluation foncière),https://donneesouvertes.affmunqc.net/role/RL71040_2026.xml,,,,
"32, De Granville",,Coteau-du-Lac,,,634.4,2004,197900,318400,516300,2025,Logement,MAMH — Données Québec (rôle d'évaluation foncière),https://donneesouvertes.affmunqc.net/role/RL71040_2026.xml,,,,
"27, Antoine-fillion",,Coteau-du-Lac,,,634.6,2006,198000,372400,570400,2025,Logement,MAMH — Données Québec (rôle d'évaluation foncière),https://donneesouvertes.affmunqc.net/role/RL71040_2026.xml,,,,
"30, De Granville",,Coteau-du-Lac,,,698.7,2004,209900,247900,457800,2025,Logement,MAMH — Données Québec (rôle d'évaluation foncière),https://donneesouvertes.affmunqc.net/role/RL71040_2026.xml,,,,
"25, Antoine-fillion",,Coteau-du-Lac,,,599.6,2008,187100,361000,548100,2025,Logement,MAMH — Données Québec (rôle d'évaluation foncière),https://donneesouvertes.affmunqc.net/role/RL71040_2026.xml,,,,
"23, Antoine-fillion",,Coteau-du-Lac,,,610.5,2005,190500,316300,506800,2025,Logement,MAMH — Données Québec (rôle d'évaluation foncière),https://donneesouvertes.affmunqc.net/role/RL71040_2026.xml,,,,
"21, Antoine-fillion",,Coteau-du-Lac,,,729.4,2006,213100,350800,563900,2025,Logement,MAMH — Données Québec (rôle d'évaluation foncière),https://donneesouvertes.affmunqc.net/role/RL71040_2026.xml,,,,
"40, De Granville",,Coteau-du-Lac,,,634.4,2004,197900,323100,521000,2025,Logement,MAMH — Données Québec (rôle d'évaluation foncière),https://donneesouvertes.affmunqc.net/role/RL71040_2026.xml,,,,
"52, De Granville",,Coteau-du-Lac,,,557.4,1996,173900,223600,397500,2025,Logement,MAMH — Données Québec (rôle d'évaluation foncière),https://donneesouvertes.affmunqc.net/role/RL71040_2026.xml,,,,
"31, Antoine-fillion",,Coteau-du-Lac,,,1674.1,2006,292600,534600,827200,2025,Logement,MAMH — Données Québec (rôle d'évaluation foncière),https://donneesouvertes.affmunqc.net/role/RL71040_2026.xml,,,,
"54, De Granville",,Coteau-du-Lac,,,557.4,2004,173900,233200,407100,2025,Logement,MAMH — Données Québec (rôle d'évaluation foncière),https://donneesouvertes.affmunqc.net/role/RL71040_2026.xml,,,,
"29, Antoine-fillion",,Coteau-du-Lac,,,999,2006,241200,419500,660700,2025,Logement,MAMH — Données Québec (rôle d'évaluation foncière),https://donneesouvertes.affmunqc.net/role/RL71040_2026.xml,,,,
"58, De Granville",,Coteau-du-Lac,,,609.6,2004,190200,304600,494800,2025,Logement,MAMH — Données Québec (rôle d'évaluation foncière),https://donneesouvertes.affmunqc.net/role/RL71040_2026.xml,,,,
"33, Antoine-fillion, app. 33",,Coteau-du-Lac,,,1150,2007,256900,316700,573600,2025,Logement,MAMH — Données Québec (rôle d'évaluation foncière),https://donneesouvertes.affmunqc.net/role/RL71040_2026.xml,,,,
"62, De Granville",,Coteau-du-Lac,,,609.7,2005,190200,284800,475000,2025,Logement,MAMH — Données Québec (rôle d'évaluation foncière),https://donneesouvertes.affmunqc.net/role/RL71040_2026.xml,,,,
"35, Antoine-fillion",,Coteau-du-Lac,,,609.6,2005,190200,314800,505000,2025,Logement,MAMH — Données Québec (rôle d'évaluation foncière),https://donneesouvertes.affmunqc.net/role/RL71040_2026.xml,,,,
"26, Antoine-fillion",,Coteau-du-Lac,,,802,2007,220700,356000,576700,2025,Logement,MAMH — Données Québec (rôle d'évaluation foncière),https://donneesouvertes.affmunqc.net/role/RL71040_2026.xml,,,,
"66, De Granville",,Coteau-du-Lac,,,609.7,2005,190200,353900,544100,2025,Logement,MAMH — Données Québec (rôle d'évaluation foncière),https://donneesouvertes.affmunqc.net/role/RL71040_2026.xml,,,,
"67, De Granville",,Coteau-du-Lac,,,863.4,2004,255500,468300,723800,2025,Logement,MAMH — Données Québec (rôle d'évaluation foncière),https://donneesouvertes.affmunqc.net/role/RL71040_2026.xml,,,,
"69, De Granville",,Coteau-du-Lac,,,869.5,2002,256200,340800,597000,2025,Logement,MAMH — Données Québec (rôle d'évaluation foncière),https://donneesouvertes.affmunqc.net/role/RL71040_2026.xml,,,,
"71, De Granville",,Coteau-du-Lac,,,698.5,2006,236200,413900,650100,2025,Logement,MAMH — Données Québec (rôle d'évaluation foncière),https://donneesouvertes.affmunqc.net/role/RL71040_2026.xml,,,,
"73, De Granville",,Coteau-du-Lac,,,696.8,2005,236000,429100,665100,2025,Logement,MAMH — Données Québec (rôle d'évaluation foncière),https://donneesouvertes.affmunqc.net/role/RL71040_2026.xml,,,,
"75, De Granville",,Coteau-du-Lac,,,692.6,2005,235500,394600,630100,2025,Logement,MAMH — Données Québec (rôle d'évaluation foncière),https://donneesouvertes.affmunqc.net/role/RL71040_2026.xml,,,,
"100, Leroux",,Coteau-du-Lac,,,5304.4,1979,624300,408200,1032500,2025,Logement,MAMH — Données Québec (rôle d'évaluation foncière),https://donneesouvertes.affmunqc.net/role/RL71040_2026.xml,,,,
"102, Leroux",,Coteau-du-Lac,,,2757.3,1987,597500,415700,1013200,2025,Logement,MAMH — Données Québec (rôle d'évaluation foncière),https://donneesouvertes.affmunqc.net/role/RL71040_2026.xml,,,,
"104, Leroux",,Coteau-du-Lac,,,2639.7,1981,596900,382000,978900,2025,Logement,MAMH — Données Québec (rôle d'évaluation foncière),https://donneesouvertes.affmunqc.net/role/RL71040_2026.xml,,,,
"108, Leroux",,Coteau-du-Lac,,,3354.3,2007,634500,637900,1272400,2025,Logement,MAMH — Données Québec (rôle d'évaluation foncière),https://donneesouvertes.affmunqc.net/role/RL71040_2026.xml,,,,
"105, Leroux",,Coteau-du-Lac,,,2787,1982,239700,299300,539000,2025,Logement,MAMH — Données Québec (rôle d'évaluation foncière),https://donneesouvertes.affmunqc.net/role/RL71040_2026.xml,,,,
"107, Leroux",,Coteau-du-Lac,,,2801.5,1984,239700,280300,520000,2025,Logement,MAMH — Données Québec (rôle d'évaluation foncière),https://donneesouvertes.affmunqc.net/role/RL71040_2026.xml,,,,
"566, Fleuve",,Coteau-du-Lac,,,2831.1,1987,238400,359500,597900,2025,Logement,MAMH — Données Québec (rôle d'évaluation foncière),https://donneesouvertes.affmunqc.net/role/RL71040_2026.xml,,,,
"109, Leroux",,Coteau-du-Lac,,,2808.9,1982,239800,385900,625700,2025,Logement,MAMH — Données Québec (rôle d'évaluation foncière),https://donneesouvertes.affmunqc.net/role/RL71040_2026.xml,,,,
"568, Fleuve",,Coteau-du-Lac,,,3270.6,1987,240100,303900,544000,2025,Logement,MAMH — Données Québec (rôle d'évaluation foncière),https://donneesouvertes.affmunqc.net/role/RL71040_2026.xml,,,,
"113, Leroux",,Coteau-du-Lac,,,1485.8,1979,233100,308100,541200,2025,Logement,MAMH — Données Québec (rôle d'évaluation foncière),https://donneesouvertes.affmunqc.net/role/RL71040_2026.xml,,,,
"20, De Granville",,Coteau-du-Lac,,,464,,127400,,127400,2025,Institutionnel,MAMH — Données Québec (rôle d'évaluation foncière),https://donneesouvertes.affmunqc.net/role/RL71040_2026.xml,,,,
"141, De Granville",,Coteau-du-Lac,,,716.8,2005,211800,276200,488000,2025,Logement,MAMH — Données Québec (rôle d'évaluation foncière),https://donneesouvertes.affmunqc.net/role/RL71040_2026.xml,,,,
"569, Fleuve",,Coteau-du-Lac,,,904.2,2003,206900,300800,507700,2025,Logement,MAMH — Données Québec (rôle d'évaluation foncière),https://donneesouvertes.affmunqc.net/role/RL71040_2026.xml,,,,
"139, De Granville",,Coteau-du-Lac,,,686.3,2005,208700,279700,488400,2025,Logement,MAMH — Données Québec (rôle d'évaluation foncière),https://donneesouvertes.affmunqc.net/role/RL71040_2026.xml,,,,
"571, Fleuve",,Coteau-du-Lac,,,1017.9,2003,217400,274300,491700,2025,Logement,MAMH — Données Québec (rôle d'évaluation foncière),https://donneesouvertes.affmunqc.net/role/RL71040_2026.xml,,,,
"573, Fleuve",,Coteau-du-Lac,,,1140,2004,228800,351900,580700,2025,Logement,MAMH — Données Québec (rôle d'évaluation foncière),https://donneesouvertes.affmunqc.net/role/RL71040_2026.xml,,,,
"575, Fleuve",,Coteau-du-Lac,,,1426.1,2004,246100,455300,701400,2025,Logement,MAMH — Données Québec (rôle d'évaluation foncière),https://donneesouvertes.affmunqc.net/role/RL71040_2026.xml,,,,
"24, Antoine-fillion",,Coteau-du-Lac,,,666.5,2006,206600,278000,484600,2025,Logement,MAMH — Données Québec (rôle d'évaluation foncière),https://donneesouvertes.affmunqc.net/role/RL71040_2026.xml,,,,
"22, Antoine-fillion",,Coteau-du-Lac,,,690.6,2005,209100,223800,432900,2025,Logement,MAMH — Données Québec (rôle d'évaluation foncière),https://donneesouvertes.affmunqc.net/role/RL71040_2026.xml,,,,
"20, Antoine-fillion",,Coteau-du-Lac,,,738.7,2006,214100,391800,605900,2025,Logement,MAMH — Données Québec (rôle d'évaluation foncière),https://donneesouvertes.affmunqc.net/role/RL71040_2026.xml,,,,
"137, De Granville",,Coteau-du-Lac,,,686.3,2005,208700,298200,506900,2025,Logement,MAMH — Données Québec (rôle d'évaluation foncière),https://donneesouvertes.affmunqc.net/role/RL71040_2026.xml,,,,
"136, De Granville",,Coteau-du-Lac,,,905.7,2006,231500,325200,556700,2025,Logement,MAMH — Données Québec (rôle d'évaluation foncière),https://donneesouvertes.affmunqc.net/role/RL71040_2026.xml,,,,
"135, De Granville",,Coteau-du-Lac,,,748.7,2005,215100,380700,595800,2025,Logement,MAMH — Données Québec (rôle d'évaluation foncière),https://donneesouvertes.affmunqc.net/role/RL71040_2026.xml,,,,
"132, De Granville",,Coteau-du-Lac,,,776.3,2006,218000,387200,605200,2025,Logement,MAMH — Données Québec (rôle d'évaluation foncière),https://donneesouvertes.affmunqc.net/role/RL71040_2026.xml,,,,
"128, De Granville",,Coteau-du-Lac,,,789.7,2006,219400,311200,530600,2025,Logement,MAMH — Données Québec (rôle d'évaluation foncière),https://donneesouvertes.affmunqc.net/role/RL71040_2026.xml,,,,
"131, De Granville",,Coteau-du-Lac,,,715.8,2005,211700,361600,573300,2025,Logement,MAMH — Données Québec (rôle d'évaluation foncière),https://donneesouvertes.affmunqc.net/role/RL71040_2026.xml,,,,
"37, Antoine-fillion",,Coteau-du-Lac,,,609.7,2005,190200,256800,447000,2025,Logement,MAMH — Données Québec (rôle d'évaluation foncière),https://donneesouvertes.affmunqc.net/role/RL71040_2026.xml,,,,
"70, De Granville",,Coteau-du-Lac,,,609.7,2006,190200,334400,524600,2025,Logement,MAMH — Données Québec (rôle d'évaluation foncière),https://donneesouvertes.affmunqc.net/role/RL71040_2026.xml,,,,
"34, Antoine-fillion",,Coteau-du-Lac,,,1134,2006,255200,412200,667400,2025,Logement,MAMH — Données Québec (rôle d'évaluation foncière),https://donneesouvertes.affmunqc.net/role/RL71040_2026.xml,,,,
"39, Antoine-fillion",,Coteau-du-Lac,,,609.9,2007,190300,295000,485300,2025,Logement,MAMH — Données Québec (rôle d'évaluation foncière),https://donneesouvertes.affmunqc.net/role/RL71040_2026.xml,,,,
"76, De Granville",,Coteau-du-Lac,,,632.2,2006,197200,477000,674200,2025,Logement,MAMH — Données Québec (rôle d'évaluation foncière),https://donneesouvertes.affmunqc.net/role/RL71040_2026.xml,,,,
"38, Antoine-fillion",,Coteau-du-Lac,,,885.4,2006,229400,427200,656600,2025,Logement,MAMH — Données Québec (rôle d'évaluation foncière),https://donneesouvertes.affmunqc.net/role/RL71040_2026.xml,,,,
"41, Antoine-fillion",,Coteau-du-Lac,,,590.5,2006,184200,260800,445000,2025,Logement,MAMH — Données Québec (rôle d'évaluation foncière),https://donneesouvertes.affmunqc.net/role/RL71040_2026.xml,,,,
"78, De Granville",,Coteau-du-Lac,,,619.5,2006,193300,359400,552700,2025,Logement,MAMH — Données Québec (rôle d'évaluation foncière),https://donneesouvertes.affmunqc.net/role/RL71040_2026.xml,,,,
"43, Antoine-fillion",,Coteau-du-Lac,,,610.1,2005,190400,379900,570300,2025,Logement,MAMH — Données Québec (rôle d'évaluation foncière),https://donneesouvertes.affmunqc.net/role/RL71040_2026.xml,,,,
"42, Antoine-fillion",,Coteau-du-Lac,,,937.5,2006,234800,449900,684700,2025,Logement,MAMH — Données Québec (rôle d'évaluation foncière),https://donneesouvertes.affmunqc.net/role/RL71040_2026.xml,,,,
"80, De Granville",,Coteau-du-Lac,,,594.3,2005,185400,332900,518300,2025,Logement,MAMH — Données Québec (rôle d'évaluation foncière),https://donneesouvertes.affmunqc.net/role/RL71040_2026.xml,,,,
"45, Antoine-fillion",,Coteau-du-Lac,,,610.1,2006,190400,362800,553200,2025,Logement,MAMH — Données Québec (rôle d'évaluation foncière),https://donneesouvertes.affmunqc.net/role/RL71040_2026.xml,,,,
"44, Antoine-fillion",,Coteau-du-Lac,,,899,2007,230800,368700,599500,2025,Logement,MAMH — Données Québec (rôle d'évaluation foncière),https://donneesouvertes.affmunqc.net/role/RL71040_2026.xml,,,,
"77, De Granville",,Coteau-du-Lac,,,752,2005,242400,513900,756300,2025,Logement,MAMH — Données Québec (rôle d'évaluation foncière),https://donneesouvertes.affmunqc.net/role/RL71040_2026.xml,,,,
"79, De Granville",,Coteau-du-Lac,,,685.2,2006,234600,376700,611300,2025,Logement,MAMH — Données Québec (rôle d'évaluation foncière),https://donneesouvertes.affmunqc.net/role/RL71040_2026.xml,,,,
"81, De Granville",,Coteau-du-Lac,,,692.4,2007,235500,467500,703000,2025,Logement,MAMH — Données Québec (rôle d'évaluation foncière),https://donneesouvertes.affmunqc.net/role/RL71040_2026.xml,,,,
"83, De Granville",,Coteau-du-Lac,,,698.7,2006,236200,381800,618000,2025,Logement,MAMH — Données Québec (rôle d'évaluation foncière),https://donneesouvertes.affmunqc.net/role/RL71040_2026.xml,,,,
"82, De Granville",,Coteau-du-Lac,,,594.4,2006,185500,330900,516400,2025,Logement,MAMH — Données Québec (rôle d'évaluation foncière),https://donneesouvertes.affmunqc.net/role/RL71040_2026.xml,,,,
"110, Leroux",,Coteau-du-Lac,,,2009.3,2023,572600,396500,969100,2025,Logement,MAMH — Données Québec (rôle d'évaluation foncière),https://donneesouvertes.affmunqc.net/role/RL71040_2026.xml,,,,
"112, Leroux",,Coteau-du-Lac,,,2141.1,1976,590600,344900,935500,2025,Logement,MAMH — Données Québec (rôle d'évaluation foncière),https://donneesouvertes.affmunqc.net/role/RL71040_2026.xml,,,,
"114, Leroux",,Coteau-du-Lac,,,1618.7,1989,519100,384600,903700,2025,Logement,MAMH — Données Québec (rôle d'évaluation foncière),https://donneesouvertes.affmunqc.net/role/RL71040_2026.xml,,,,
"116, Leroux",,Coteau-du-Lac,,,1623.2,2003,519700,429900,949600,2025,Logement,MAMH — Données Québec (rôle d'évaluation foncière),https://donneesouvertes.affmunqc.net/role/RL71040_2026.xml,,,,
"118, Leroux",,Coteau-du-Lac,,,2704.1,2020,597300,958000,1555300,2025,Logement,MAMH — Données Québec (rôle d'évaluation foncière),https://donneesouvertes.affmunqc.net/role/RL71040_2026.xml,,,,
"122, Leroux",,Coteau-du-Lac,,,3409.7,1976,600800,1020600,1621400,2025,Logement,MAMH — Données Québec (rôle d'évaluation foncière),https://donneesouvertes.affmunqc.net/role/RL71040_2026.xml,,,,
"115, Leroux",,Coteau-du-Lac,,,1301.3,2015,230700,608400,839100,2025,Logement,MAMH — Données Québec (rôle d'évaluation foncière),https://donneesouvertes.affmunqc.net/role/RL71040_2026.xml,,,,
"117, Leroux",,Coteau-du-Lac,,,1022.6,2015,206100,444700,650800,2025,Logement,MAMH — Données Québec (rôle d'évaluation foncière),https://donneesouvertes.affmunqc.net/role/RL71040_2026.xml,,,,
"119, Leroux",,Coteau-du-Lac,,,1529.6,1986,233400,423400,656800,2025,Logement,MAMH — Données Québec (rôle d'évaluation foncière),https://donneesouvertes.affmunqc.net/role/RL71040_2026.xml,,,,
"121, Leroux",,Coteau-du-Lac,,,999.4,2007,204100,561900,766000,2025,Logement,MAMH — Données Québec (rôle d'évaluation foncière),https://donneesouvertes.affmunqc.net/role/RL71040_2026.xml,,,,
"123, Leroux",,Coteau-du-Lac,,,1285.6,2001,229300,432300,661600,2025,Logement,MAMH — Données Québec (rôle d'évaluation foncière),https://donneesouvertes.affmunqc.net/role/RL71040_2026.xml,,,,
"570, Fleuve",,Coteau-du-Lac,,,3019.5,2023,239100,902600,1141700,2025,Logement,MAMH — Données Québec (rôle d'évaluation foncière),https://donneesouvertes.affmunqc.net/role/RL71040_2026.xml,,,,
"572, Fleuve",,Coteau-du-Lac,,,2884.6,1986,238600,328500,567100,2025,Logement,MAMH — Données Québec (rôle d'évaluation foncière),https://donneesouvertes.affmunqc.net/role/RL71040_2026.xml,,,,
"574, Fleuve",,Coteau-du-Lac,,,1220,2017,223500,465400,688900,2025,Logement,MAMH — Données Québec (rôle d'évaluation foncière),https://donneesouvertes.affmunqc.net/role/RL71040_2026.xml,,,,
"576, Fleuve",,Coteau-du-Lac,,,1732.7,1984,234000,285200,519200,2025,Logement,MAMH — Données Québec (rôle d'évaluation foncière),https://donneesouvertes.affmunqc.net/role/RL71040_2026.xml,,,,
"124, De Granville",,Coteau-du-Lac,,,699.3,2005,210000,271200,481200,2025,Logement,MAMH — Données Québec (rôle d'évaluation foncière),https://donneesouvertes.affmunqc.net/role/RL71040_2026.xml,,,,
"127, De Granville",,Coteau-du-Lac,,,655.9,2005,204600,295600,500200,2025,Logement,MAMH — Données Québec (rôle d'évaluation foncière),https://donneesouvertes.affmunqc.net/role/RL71040_2026.xml,,,,
"120, De Granville",,Coteau-du-Lac,,,616.9,2007,192500,326900,519400,2025,Logement,MAMH — Données Québec (rôle d'évaluation foncière),https://donneesouvertes.affmunqc.net/role/RL71040_2026.xml,,,,
"579, Fleuve",,Coteau-du-Lac,,,4299.7,1977,227700,337300,565000,2025,Logement,MAMH — Données Québec (rôle d'évaluation foncière),https://donneesouvertes.affmunqc.net/role/RL71040_2026.xml,,,,
"125, De Granville",,Coteau-du-Lac,,,656,2005,204700,319300,524000,2025,Logement,MAMH — Données Québec (rôle d'évaluation foncière),https://donneesouvertes.affmunqc.net/role/RL71040_2026.xml,,,,
"123, De Granville",,Coteau-du-Lac,,,656.2,2008,204700,356900,561600,2025,Logement,MAMH — Données Québec (rôle d'évaluation foncière),https://donneesouvertes.affmunqc.net/role/RL71040_2026.xml,,,,
"121, De Granville",,Coteau-du-Lac,,,656.4,2005,204800,245600,450400,2025,Logement,MAMH — Données Québec (rôle d'évaluation foncière),https://donneesouvertes.affmunqc.net/role/RL71040_2026.xml,,,,
"119, De Granville",,Coteau-du-Lac,,,656.5,2005,204800,257700,462500,2025,Logement,MAMH — Données Québec (rôle d'évaluation foncière),https://donneesouvertes.affmunqc.net/role/RL71040_2026.xml,,,,
"47, Antoine-fillion",,Coteau-du-Lac,,,610.1,2007,190400,285800,476200,2025,Logement,MAMH — Données Québec (rôle d'évaluation foncière),https://donneesouvertes.affmunqc.net/role/RL71040_2026.xml,,,,
"46, Antoine-fillion",,Coteau-du-Lac,,,848.9,2005,225600,436500,662100,2025,Logement,MAMH — Données Québec (rôle d'évaluation foncière),https://donneesouvertes.affmunqc.net/role/RL71040_2026.xml,,,,
"49, Antoine-fillion, app. 49",,Coteau-du-Lac,,,790.8,2006,219500,319900,539400,2025,Logement,MAMH — Données Québec (rôle d'évaluation foncière),https://donneesouvertes.affmunqc.net/role/RL71040_2026.xml,,,,
"116, De Granville",,Coteau-du-Lac,,,581.6,2005,181500,371100,552600,2025,Logement,MAMH — Données Québec (rôle d'évaluation foncière),https://donneesouvertes.affmunqc.net/role/RL71040_2026.xml,,,,
"112, De Granville",,Coteau-du-Lac,,,698.9,2005,210000,286400,496400,2025,Logement,MAMH — Données Québec (rôle d'évaluation foncière),https://donneesouvertes.affmunqc.net/role/RL71040_2026.xml,,,,
"28, Andre-montpetit",,Coteau-du-Lac,,,604.6,2005,188600,235200,423800,2025,Logement,MAMH — Données Québec (rôle d'évaluation foncière),https://donneesouvertes.affmunqc.net/role/RL71040_2026.xml,,,,
"26, Andre-montpetit",,Coteau-du-Lac,,,604.6,2007,188600,286700,475300,2025,Logement,MAMH — Données Québec (rôle d'évaluation foncière),https://donneesouvertes.affmunqc.net/role/RL71040_2026.xml,,,,
"24, Andre-montpetit",,Coteau-du-Lac,,,604.6,2006,188600,280800,469400,2025,Logement,MAMH — Données Québec (rôle d'évaluation foncière),https://donneesouvertes.affmunqc.net/role/RL71040_2026.xml,,,,
"22, Andre-montpetit",,Coteau-du-Lac,,,617,2006,192500,315100,507600,2025,Logement,MAMH — Données Québec (rôle d'évaluation foncière),https://donneesouvertes.affmunqc.net/role/RL71040_2026.xml,,,,
"92, De Granville",,Coteau-du-Lac,,,587.1,2005,183200,258600,441800,2025,Logement,MAMH — Données Québec (rôle d'évaluation foncière),https://donneesouvertes.affmunqc.net/role/RL71040_2026.xml,,,,
"85, De Granville",,Coteau-du-Lac,,,734.6,2006,240400,483800,724200,2025,Logement,MAMH — Données Québec (rôle d'évaluation foncière),https://donneesouvertes.affmunqc.net/role/RL71040_2026.xml,,,,
"84, De Granville",,Coteau-du-Lac,,,835.3,2005,224200,429000,653200,2025,Logement,MAMH — Données Québec (rôle d'évaluation foncière),https://donneesouvertes.affmunqc.net/role/RL71040_2026.xml,,,,
"87, De Granville",,Coteau-du-Lac,,,736.1,2008,240600,595600,836200,2025,Logement,MAMH — Données Québec (rôle d'évaluation foncière),https://donneesouvertes.affmunqc.net/role/RL71040_2026.xml,,,,
"30, Andre-montpetit",,Coteau-du-Lac,,,896.8,2012,230500,407100,637600,2025,Logement,MAMH — Données Québec (rôle d'évaluation foncière),https://donneesouvertes.affmunqc.net/role/RL71040_2026.xml,,,,
"89, De Granville",,Coteau-du-Lac,,,736.1,2010,240600,576700,817300,2025,Logement,MAMH — Données Québec (rôle d'évaluation foncière),https://donneesouvertes.affmunqc.net/role/RL71040_2026.xml,,,,
"91, De Granville",,Coteau-du-Lac,,,869,2006,256100,372500,628600,2025,Logement,MAMH — Données Québec (rôle d'évaluation foncière),https://donneesouvertes.affmunqc.net/role/RL71040_2026.xml,,,,
"88, De Granville",,Coteau-du-Lac,,,802.2,2006,220700,394500,615200,2025,Logement,MAMH — Données Québec (rôle d'évaluation foncière),https://donneesouvertes.affmunqc.net/role/RL71040_2026.xml,,,,
"124, Leroux",,Coteau-du-Lac,,,2136.8,1979,590000,291200,881200,2025,Logement,MAMH — Données Québec (rôle d'évaluation foncière),https://donneesouvertes.affmunqc.net/role/RL71040_2026.xml,,,,
"126, Leroux",,Coteau-du-Lac,,,2034.1,1983,576000,363400,939400,2025,Logement,MAMH — Données Québec (rôle d'évaluation foncière),https://donneesouvertes.affmunqc.net/role/RL71040_2026.xml,,,,
"128, Leroux",,Coteau-du-Lac,,,2591.2,1972,596700,402200,998900,2025,Logement,MAMH — Données Québec (rôle d'évaluation foncière),https://donneesouvertes.affmunqc.net/role/RL71040_2026.xml,,,,
"127, Leroux",,Coteau-du-Lac,,,2300.1,1986,237200,325300,562500,2025,Logement,MAMH — Données Québec (rôle d'évaluation foncière),https://donneesouvertes.affmunqc.net/role/RL71040_2026.xml,,,,
"578, Fleuve",,Coteau-du-Lac,,,1136.1,1983,216100,348400,564500,2025,Logement,MAMH — Données Québec (rôle d'évaluation foncière),https://donneesouvertes.affmunqc.net/role/RL71040_2026.xml,,,,
"580, Fleuve",,Coteau-du-Lac,,,602.3,2011,159000,257200,416200,2025,Logement,MAMH — Données Québec (rôle d'évaluation foncière),https://donneesouvertes.affmunqc.net/role/RL71040_2026.xml,,,,
"131, Leroux",,Coteau-du-Lac,,,2972.8,2003,262800,621700,884500,2025,Logement,MAMH — Données Québec (rôle d'évaluation foncière),https://donneesouvertes.affmunqc.net/role/RL71040_2026.xml,,,,
"143, Leroux",,Coteau-du-Lac,,,845.7,2022,190600,724900,915500,2025,Logement,MAMH — Données Québec (rôle d'évaluation foncière),https://donneesouvertes.affmunqc.net/role/RL71040_2026.xml,,,,
"141, Leroux",,Coteau-du-Lac,,,2217.5,1987,236800,576400,813200,2025,Logement,MAMH — Données Québec (rôle d'évaluation foncière),https://donneesouvertes.affmunqc.net/role/RL71040_2026.xml,,,,
"581, Fleuve",,Coteau-du-Lac,,,3656.2,1976,225800,274000,499800,2025,Logement,MAMH — Données Québec (rôle d'évaluation foncière),https://donneesouvertes.affmunqc.net/role/RL71040_2026.xml,,,,
"117, De Granville",,Coteau-du-Lac,,,657,2005,205000,282600,487600,2025,Logement,MAMH — Données Québec (rôle d'évaluation foncière),https://donneesouvertes.affmunqc.net/role/RL71040_2026.xml,,,,
"115, De Granville",,Coteau-du-Lac,,,658,2006,205300,254700,460000,2025,Logement,MAMH — Données Québec (rôle d'évaluation foncière),https://donneesouvertes.affmunqc.net/role/RL71040_2026.xml,,,,
"585, Fleuve",,Coteau-du-Lac,,,2063.1,1992,194100,318700,512800,2025,Logement,MAMH — Données Québec (rôle d'évaluation foncière),https://donneesouvertes.affmunqc.net/role/RL71040_2026.xml,,,,
"113, De Granville",,Coteau-du-Lac,,,723.2,2006,212500,267100,479600,2025,Logement,MAMH — Données Québec (rôle d'évaluation foncière),https://donneesouvertes.affmunqc.net/role/RL71040_2026.xml,,,,
"587, Fleuve",,Coteau-du-Lac,,,2190.4,1978,199200,207600,406800,2025,Logement,MAMH — Données Québec (rôle d'évaluation foncière),https://donneesouvertes.affmunqc.net/role/RL71040_2026.xml,,,,
"20, Andre-montpetit",,Coteau-du-Lac,,,814.3,2006,222000,346800,568800,2025,Logement,MAMH — Données Québec (rôle d'évaluation foncière),https://donneesouvertes.affmunqc.net/role/RL71040_2026.xml,,,,
"96, De Granville",,Coteau-du-Lac,,,587.1,2005,183200,278200,461400,2025,Logement,MAMH — Données Québec (rôle d'évaluation foncière),https://donneesouvertes.affmunqc.net/role/RL71040_2026.xml,,,,
"100, De Granville",,Coteau-du-Lac,,,587.1,2005,183200,270700,453900,2025,Logement,MAMH — Données Québec (rôle d'évaluation foncière),https://donneesouvertes.affmunqc.net/role/RL71040_2026.xml,,,,
"104, De Granville",,Coteau-du-Lac,,,611.1,2005,190700,267700,458400,2025,Logement,MAMH — Données Québec (rôle d'évaluation foncière),https://donneesouvertes.affmunqc.net/role/RL71040_2026.xml,,,,
"108, De Granville",,Coteau-du-Lac,,,773.2,2006,217700,222300,440000,2025,Logement,MAMH — Données Québec (rôle d'évaluation foncière),https://donneesouvertes.affmunqc.net/role/RL71040_2026.xml,,,,
"101, De Granville",,Coteau-du-Lac,,,610,2006,190300,352400,542700,2025,Logement,MAMH — Données Québec (rôle d'évaluation foncière),https://donneesouvertes.affmunqc.net/role/RL71040_2026.xml,,,,
"103, De Granville",,Coteau-du-Lac,,,610,2006,190300,402400,592700,2025,Logement,MAMH — Données Québec (rôle d'évaluation foncière),https://donneesouvertes.affmunqc.net/role/RL71040_2026.xml,,,,
"105, De Granville",,Coteau-du-Lac,,,610,2005,190300,312800,503100,2025,Logement,MAMH — Données Québec (rôle d'évaluation foncière),https://donneesouvertes.affmunqc.net/role/RL71040_2026.xml,,,,
"107, De Granville",,Coteau-du-Lac,,,927.5,2006,233700,356100,589800,2025,Logement,MAMH — Données Québec (rôle d'évaluation foncière),https://donneesouvertes.affmunqc.net/role/RL71040_2026.xml,,,,
"111, De Granville",,Coteau-du-Lac,,,1645.3,2006,292400,535000,827400,2025,Logement,MAMH — Données Québec (rôle d'évaluation foncière),https://donneesouvertes.affmunqc.net/role/RL71040_2026.xml,,,,
"93, De Granville",,Coteau-du-Lac,,,1038.7,2008,262200,572800,835000,2025,Logement,MAMH — Données Québec (rôle d'évaluation foncière),https://donneesouvertes.affmunqc.net/role/RL71040_2026.xml,,,,
"95, De Granville",,Coteau-du-Lac,,,706.3,2006,210700,334100,544800,2025,Logement,MAMH — Données Québec (rôle d'évaluation foncière),https://donneesouvertes.affmunqc.net/role/RL71040_2026.xml,,,,
"97, De Granville",,Coteau-du-Lac,,,610,2005,190300,308600,498900,2025,Logement,MAMH — Données Québec (rôle d'évaluation foncière),https://donneesouvertes.affmunqc.net/role/RL71040_2026.xml,,,,
"99, De Granville",,Coteau-du-Lac,,,610,2005,190300,300400,490700,2025,Logement,MAMH — Données Québec (rôle d'évaluation foncière),https://donneesouvertes.affmunqc.net/role/RL71040_2026.xml,,,,
"37, Gaetan Guerin",,Coteau-du-Lac,,,6466.1,2002,234200,563400,797600,2025,Logement,MAMH — Données Québec (rôle d'évaluation foncière),https://donneesouvertes.affmunqc.net/role/RL71040_2026.xml,,,,
"132, Leroux",,Coteau-du-Lac,,,1998.3,2018,571100,674400,1245500,2025,Logement,MAMH — Données Québec (rôle d'évaluation foncière),https://donneesouvertes.affmunqc.net/role/RL71040_2026.xml,,,,
"134, Leroux",,Coteau-du-Lac,,,1937.6,2000,562700,892700,1455400,2025,Logement,MAMH — Données Québec (rôle d'évaluation foncière),https://donneesouvertes.affmunqc.net/role/RL71040_2026.xml,,,,
"136, Leroux",,Coteau-du-Lac,,,1015.2,,100,,100,2025,Immeuble commercial,MAMH — Données Québec (rôle d'évaluation foncière),https://donneesouvertes.affmunqc.net/role/RL71040_2026.xml,,,,
"138, Leroux",,Coteau-du-Lac,,,2358.9,1976,595500,414100,1009600,2025,Logement,MAMH — Données Québec (rôle d'évaluation foncière),https://donneesouvertes.affmunqc.net/role/RL71040_2026.xml,,,,
"144, Leroux",,Coteau-du-Lac,,,1046.2,1983,208200,267600,475800,2025,Logement,MAMH — Données Québec (rôle d'évaluation foncière),https://donneesouvertes.affmunqc.net/role/RL71040_2026.xml,,,,
"142, Leroux",,Coteau-du-Lac,,,1176.8,2002,219700,534500,754200,2025,Logement,MAMH — Données Québec (rôle d'évaluation foncière),https://donneesouvertes.affmunqc.net/role/RL71040_2026.xml,,,,
"584, Fleuve",,Coteau-du-Lac,,,2561.7,1983,214100,203100,417200,2025,Logement,MAMH — Données Québec (rôle d'évaluation foncière),https://donneesouvertes.affmunqc.net/role/RL71040_2026.xml,,,,
"140, Leroux",,Coteau-du-Lac,,,6780,1945,701000,303800,1004800,2025,Logement,MAMH — Données Québec (rôle d'évaluation foncière),https://donneesouvertes.affmunqc.net/role/RL71040_2026.xml,,,,
"589, Fleuve",,Coteau-du-Lac,,,2737.1,1870,221100,266700,487800,2025,Logement,MAMH — Données Québec (rôle d'évaluation foncière),https://donneesouvertes.affmunqc.net/role/RL71040_2026.xml,,,,
"21, Gaetan-guerin",,Coteau-du-Lac,,,2787.1,2016,223100,1028100,1251200,2025,Logement,MAMH — Données Québec (rôle d'évaluation foncière),https://donneesouvertes.affmunqc.net/role/RL71040_2026.xml,,,,
"586, Fleuve",,Coteau-du-Lac,,,2601.3,,215700,,215700,2025,Terrain vacant,MAMH — Données Québec (rôle d'évaluation foncière),https://donneesouvertes.affmunqc.net/role/RL71040_2026.xml,,,,
"29, Gaetan Guerin",,Coteau-du-Lac,,,2787.1,2000,228700,404200,632900,2025,Logement,MAMH — Données Québec (rôle d'évaluation foncière),https://donneesouvertes.affmunqc.net/role/RL71040_2026.xml,,,,
"25, Gaetan Guerin",,Coteau-du-Lac,,,2787.1,2004,228700,519700,748400,2025,Logement,MAMH — Données Québec (rôle d'évaluation foncière),https://donneesouvertes.affmunqc.net/role/RL71040_2026.xml,,,,
"28, Gaetan Guerin",,Coteau-du-Lac,,,1792.9,2008,187900,448700,636600,2025,Logement,MAMH — Données Québec (rôle d'évaluation foncière),https://donneesouvertes.affmunqc.net/role/RL71040_2026.xml,,,,
"33, Gaetan Guerin",,Coteau-du-Lac,,,3219.9,2004,230100,624200,854300,2025,Logement,MAMH — Données Québec (rôle d'évaluation foncière),https://donneesouvertes.affmunqc.net/role/RL71040_2026.xml,,,,
"39, Gaetan-guerin",,Coteau-du-Lac,,,1791.9,2023,183300,403400,586700,2025,Logement,MAMH — Données Québec (rôle d'évaluation foncière),https://donneesouvertes.affmunqc.net/role/RL71040_2026.xml,,,,
"41, Gaetan Guerin",,Coteau-du-Lac,,,1962.7,2002,190100,525900,716000,2025,Logement,MAMH — Données Québec (rôle d'évaluation foncière),https://donneesouvertes.affmunqc.net/role/RL71040_2026.xml,,,,
"32, Gaetan Guerin",,Coteau-du-Lac,,,1792.4,2010,187900,712300,900200,2025,Logement,MAMH — Données Québec (rôle d'évaluation foncière),https://donneesouvertes.affmunqc.net/role/RL71040_2026.xml,,,,
"22, Sarcelles",,Coteau-du-Lac,,,2615.2,1986,488300,598300,1086600,2025,Logement,MAMH — Données Québec (rôle d'évaluation foncière),https://donneesouvertes.affmunqc.net/role/RL71040_2026.xml,,,,
"21, Sarcelles",,Coteau-du-Lac,,,3602.2,1981,561100,384300,945400,2025,Logement,MAMH — Données Québec (rôle d'évaluation foncière),https://donneesouvertes.affmunqc.net/role/RL71040_2026.xml,,,,
"588, Fleuve",,Coteau-du-Lac,,,2601.6,,215700,,215700,2025,Terrain vacant,MAMH — Données Québec (rôle d'évaluation foncière),https://donneesouvertes.affmunqc.net/role/RL71040_2026.xml,,,,
"20, Gaetan Guerin",,Coteau-du-Lac,,,2863.6,,223400,,223400,2025,Terrain vacant,MAMH — Données Québec (rôle d'évaluation foncière),https://donneesouvertes.affmunqc.net/role/RL71040_2026.xml,,,,
"24, Gaetan Guerin",,Coteau-du-Lac,,,2787.1,2003,228700,374700,603400,2025,Logement,MAMH — Données Québec (rôle d'évaluation foncière),https://donneesouvertes.affmunqc.net/role/RL71040_2026.xml,,,,
"25, Chatelet",,Coteau-du-Lac,,,2795.8,2004,217400,413900,631300,2025,Logement,MAMH — Données Québec (rôle d'évaluation foncière),https://donneesouvertes.affmunqc.net/role/RL71040_2026.xml,,,,
"23, Chatelet, app. 23",,Coteau-du-Lac,,,2787.1,2003,228700,728900,957600,2025,Logement,MAMH — Données Québec (rôle d'évaluation foncière),https://donneesouvertes.affmunqc.net/role/RL71040_2026.xml,,,,
"21, Chatelet",,Coteau-du-Lac,,,2787.8,1992,223100,476000,699100,2025,Logement,MAMH — Données Québec (rôle d'évaluation foncière),https://donneesouvertes.affmunqc.net/role/RL71040_2026.xml,,,,
"45, Gaetan Guerin",,Coteau-du-Lac,,,4319.4,1999,227800,590900,818700,2025,Logement,MAMH — Données Québec (rôle d'évaluation foncière),https://donneesouvertes.affmunqc.net/role/RL71040_2026.xml,,,,
"49, Gaetan Guerin",,Coteau-du-Lac,,,3647.3,1998,225800,420400,646200,2025,Logement,MAMH — Données Québec (rôle d'évaluation foncière),https://donneesouvertes.affmunqc.net/role/RL71040_2026.xml,,,,
"592, Fleuve",,Coteau-du-Lac,,,6929.2,1930,577800,478200,1056000,2025,Logement,MAMH — Données Québec (rôle d'évaluation foncière),https://donneesouvertes.affmunqc.net/role/RL71040_2026.xml,,,,
"596, Fleuve",,Coteau-du-Lac,,,6278.1,1987,545800,370000,915800,2025,Logement,MAMH — Données Québec (rôle d'évaluation foncière),https://donneesouvertes.affmunqc.net/role/RL71040_2026.xml,,,,
"600, Fleuve",,Coteau-du-Lac,,,5632.9,1991,571300,653800,1225100,2025,Logement,MAMH — Données Québec (rôle d'évaluation foncière),https://donneesouvertes.affmunqc.net/role/RL71040_2026.xml,,,,
"22, Chatelet",,Coteau-du-Lac,,,3318,1991,230400,682900,913300,2025,Logement,MAMH — Données Québec (rôle d'évaluation foncière),https://donneesouvertes.affmunqc.net/role/RL71040_2026.xml,,,,
"605, Fleuve",,Coteau-du-Lac,,,1400,2000,142500,408200,550700,2025,Logement,MAMH — Données Québec (rôle d'évaluation foncière),https://donneesouvertes.affmunqc.net/role/RL71040_2026.xml,,,,
"54, Gaetan Guerin",,Coteau-du-Lac,,,3012.7,2003,229400,573000,802400,2025,Logement,MAMH — Données Québec (rôle d'évaluation foncière),https://donneesouvertes.affmunqc.net/role/RL71040_2026.xml,,,,
"51, Gaetan Guerin",,Coteau-du-Lac,,,3722.6,2001,226000,520400,746400,2025,Logement,MAMH — Données Québec (rôle d'évaluation foncière),https://donneesouvertes.affmunqc.net/role/RL71040_2026.xml,,,,
"55, Gaetan Guerin",,Coteau-du-Lac,,,3719.8,2001,226000,571400,797400,2025,Logement,MAMH — Données Québec (rôle d'évaluation foncière),https://donneesouvertes.affmunqc.net/role/RL71040_2026.xml,,,,
"602, Fleuve",,Coteau-du-Lac,,,2693.7,2011,488700,1086100,1574800,2025,Logement,MAMH — Données Québec (rôle d'évaluation foncière),https://donneesouvertes.affmunqc.net/role/RL71040_2026.xml,,,,
"604, Fleuve",,Coteau-du-Lac,,,2759.5,2007,489000,565700,1054700,2025,Logement,MAMH — Données Québec (rôle d'évaluation foncière),https://donneesouvertes.affmunqc.net/role/RL71040_2026.xml,,,,
"606, Fleuve",,Coteau-du-Lac,,,6353.4,2013,574900,1485200,2060100,2025,Logement,MAMH — Données Québec (rôle d'évaluation foncière),https://donneesouvertes.affmunqc.net/role/RL71040_2026.xml,,,,
"607, Fleuve",,Coteau-du-Lac,,,2787,2012,189600,370000,559600,2025,Logement,MAMH — Données Québec (rôle d'évaluation foncière),https://donneesouvertes.affmunqc.net/role/RL71040_2026.xml,,,,
"59, Gaetan Guerin, app. 59",,Coteau-du-Lac,,,3716.9,,226000,767100,993100,2025,Logement,MAMH — Données Québec (rôle d'évaluation foncière),https://donneesouvertes.affmunqc.net/role/RL71040_2026.xml,,,,
"58, Gaetan Guerin",,Coteau-du-Lac,,,2806.5,2006,228800,548000,776800,2025,Logement,MAMH — Données Québec (rôle d'évaluation foncière),https://donneesouvertes.affmunqc.net/role/RL71040_2026.xml,,,,
"61, Gaetan Guerin",,Coteau-du-Lac,,,1857.4,2011,185900,670000,855900,2025,Logement,MAMH — Données Québec (rôle d'évaluation foncière),https://donneesouvertes.affmunqc.net/role/RL71040_2026.xml,,,,
"62, Gaetan Guerin",,Coteau-du-Lac,,,2813.9,2006,206000,581500,787500,2025,Logement,MAMH — Données Québec (rôle d'évaluation foncière),https://donneesouvertes.affmunqc.net/role/RL71040_2026.xml,,,,
"63, Gaetan Guerin",,Coteau-du-Lac,,,1856.6,2007,185900,527200,713100,2025,Logement,MAMH — Données Québec (rôle d'évaluation foncière),https://donneesouvertes.affmunqc.net/role/RL71040_2026.xml,,,,
"610, Fleuve",,Coteau-du-Lac,,,5982.7,1993,573000,1042400,1615400,2025,Logement,MAMH — Données Québec (rôle d'évaluation foncière),https://donneesouvertes.affmunqc.net/role/RL71040_2026.xml,,,,
"613, Fleuve",,Coteau-du-Lac,,,4091.2,2015,227100,624900,852000,2025,Logement,MAMH — Données Québec (rôle d'évaluation foncière),https://donneesouvertes.affmunqc.net/role/RL71040_2026.xml,,,,
"614, Fleuve",,Coteau-du-Lac,,,3246.1,,491500,240800,732300,2025,Logement,MAMH — Données Québec (rôle d'évaluation foncière),https://donneesouvertes.affmunqc.net/role/RL71040_2026.xml,,,,
"618, Fleuve",,Coteau-du-Lac,,,2108.5,1947,479200,262800,742000,2025,Logement,MAMH — Données Québec (rôle d'évaluation foncière),https://donneesouvertes.affmunqc.net/role/RL71040_2026.xml,,,,
"66, Gaetan Guerin",,Coteau-du-Lac,,,2594.4,,55200,,55200,2025,Terrain vacant,MAMH — Données Québec (rôle d'évaluation foncière),https://donneesouvertes.affmunqc.net/role/RL71040_2026.xml,,,,
"617, Fleuve",,Coteau-du-Lac,,,1801.3,2002,183700,513200,696900,2025,Logement,MAMH — Données Québec (rôle d'évaluation foncière),https://donneesouvertes.affmunqc.net/role/RL71040_2026.xml,,,,
"67, Gaetan Guerin",,Coteau-du-Lac,,,3711.1,2006,226000,482100,708100,2025,Logement,MAMH — Données Québec (rôle d'évaluation foncière),https://donneesouvertes.affmunqc.net/role/RL71040_2026.xml,,,,
"71, Gaetan Guerin",,Coteau-du-Lac,,,4746.6,2006,229100,676400,905500,2025,Logement,MAMH — Données Québec (rôle d'évaluation foncière),https://donneesouvertes.affmunqc.net/role/RL71040_2026.xml,,,,
"620, Fleuve",,Coteau-du-Lac,,,4956.9,2002,567900,401100,969000,2025,Logement,MAMH — Données Québec (rôle d'évaluation foncière),https://donneesouvertes.affmunqc.net/role/RL71040_2026.xml,,,,
"624, Fleuve",,Coteau-du-Lac,,,3330.6,1964,491900,167700,659600,2025,Logement,MAMH — Données Québec (rôle d'évaluation foncière),https://donneesouvertes.affmunqc.net/role/RL71040_2026.xml,,,,
"628, Fleuve",,Coteau-du-Lac,,,3064.6,2010,490600,768000,1258600,2025,Logement,MAMH — Données Québec (rôle d'évaluation foncière),https://donneesouvertes.affmunqc.net/role/RL71040_2026.xml,,,,
"75, Gaetan Guerin",,Coteau-du-Lac,,,2816.7,,160200,,160200,2025,Terrain vacant,MAMH — Données Québec (rôle d'évaluation foncière),https://donneesouvertes.affmunqc.net/role/RL71040_2026.xml,,,,
"625, Fleuve",,Coteau-du-Lac,,,2804.5,2000,223200,568700,791900,2025,Logement,MAMH — Données Québec (rôle d'évaluation foncière),https://donneesouvertes.affmunqc.net/role/RL71040_2026.xml,,,,
"23, Boise",,Coteau-du-Lac,,,1892.7,1988,197500,203000,400500,2025,Logement,MAMH — Données Québec (rôle d'évaluation foncière),https://donneesouvertes.affmunqc.net/role/RL71040_2026.xml,,,,
"21, Boise",,Coteau-du-Lac,,,3848.4,,400700,,400700,2025,Institutionnel,MAMH — Données Québec (rôle d'évaluation foncière),https://donneesouvertes.affmunqc.net/role/RL71040_2026.xml,,,,
"33, Boise",,Coteau-du-Lac,,,1811.3,1995,197300,332900,530200,2025,Logement,MAMH — Données Québec (rôle d'évaluation foncière),https://donneesouvertes.affmunqc.net/role/RL71040_2026.xml,,,,
"31, Boise",,Coteau-du-Lac,,,1810.2,2001,197300,258200,455500,2025,Logement,MAMH — Données Québec (rôle d'évaluation foncière),https://donneesouvertes.affmunqc.net/role/RL71040_2026.xml,,,,
"29, Boise",,Coteau-du-Lac,,,1809.1,1989,197200,247700,444900,2025,Logement,MAMH — Données Québec (rôle d'évaluation foncière),https://donneesouvertes.affmunqc.net/role/RL71040_2026.xml,,,,
"27, Boise",,Coteau-du-Lac,,,1808.1,1996,197200,266000,463200,2025,Logement,MAMH — Données Québec (rôle d'évaluation foncière),https://donneesouvertes.affmunqc.net/role/RL71040_2026.xml,,,,
"25, Boise",,Coteau-du-Lac,,,1807,2000,197200,373400,570600,2025,Logement,MAMH — Données Québec (rôle d'évaluation foncière),https://donneesouvertes.affmunqc.net/role/RL71040_2026.xml,,,,
"40, Boise",,Coteau-du-Lac,,,1677.2,1997,196900,311800,508700,2025,Logement,MAMH — Données Québec (rôle d'évaluation foncière),https://donneesouvertes.affmunqc.net/role/RL71040_2026.xml,,,,
"38, Boise",,Coteau-du-Lac,,,1683.3,1990,196900,334300,531200,2025,Logement,MAMH — Données Québec (rôle d'évaluation foncière),https://donneesouvertes.affmunqc.net/role/RL71040_2026.xml,,,,
"36, Boise",,Coteau-du-Lac,,,1689.3,1996,196900,299600,496500,2025,Logement,MAMH — Données Québec (rôle d'évaluation foncière),https://donneesouvertes.affmunqc.net/role/RL71040_2026.xml,,,,
"34, Boise",,Coteau-du-Lac,,,1695.4,2002,196900,350600,547500,2025,Logement,MAMH — Données Québec (rôle d'évaluation foncière),https://donneesouvertes.affmunqc.net/role/RL71040_2026.xml,,,,
"32, Boise",,Coteau-du-Lac,,,1701.4,1989,196900,230800,427700,2025,Logement,MAMH — Données Québec (rôle d'évaluation foncière),https://donneesouvertes.affmunqc.net/role/RL71040_2026.xml,,,,
"46, Boise",,Coteau-du-Lac,,,1659.1,1993,196800,287400,484200,2025,Logement,MAMH — Données Québec (rôle d'évaluation foncière),https://donneesouvertes.affmunqc.net/role/RL71040_2026.xml,,,,
"44, Boise",,Coteau-du-Lac,,,1665.1,1995,196800,280900,477700,2025,Logement,MAMH — Données Québec (rôle d'évaluation foncière),https://donneesouvertes.affmunqc.net/role/RL71040_2026.xml,,,,
"42, Boise",,Coteau-du-Lac,,,1671.2,1991,196800,444600,641400,2025,Logement,MAMH — Données Québec (rôle d'évaluation foncière),https://donneesouvertes.affmunqc.net/role/RL71040_2026.xml,,,,
"20, Boise",,Coteau-du-Lac,,,1735.5,2015,197000,368700,565700,2025,Logement,MAMH — Données Québec (rôle d'évaluation foncière),https://donneesouvertes.affmunqc.net/role/RL71040_2026.xml,,,,
"18, Boise",,Coteau-du-Lac,,,1873.2,2007,197400,321300,518700,2025,Logement,MAMH — Données Québec (rôle d'évaluation foncière),https://donneesouvertes.affmunqc.net/role/RL71040_2026.xml,,,,
"30, Boise",,Coteau-du-Lac,,,1707.5,1991,196900,273400,470300,2025,Logement,MAMH — Données Québec (rôle d'évaluation foncière),https://donneesouvertes.affmunqc.net/role/RL71040_2026.xml,,,,
"28, Boise",,Coteau-du-Lac,,,1713.6,1989,197000,222200,419200,2025,Logement,MAMH — Données Québec (rôle d'évaluation foncière),https://donneesouvertes.affmunqc.net/role/RL71040_2026.xml,,,,
"24, Boise",,Coteau-du-Lac,,,3445.3,1995,232700,441200,673900,2025,Logement,MAMH — Données Québec (rôle d'évaluation foncière),https://donneesouvertes.affmunqc.net/role/RL71040_2026.xml,,,,
"22, Boise",,Coteau-du-Lac,,,1953.7,1989,197700,311700,509400,2025,Logement,MAMH — Données Québec (rôle d'évaluation foncière),https://donneesouvertes.affmunqc.net/role/RL71040_2026.xml,,,,
"632, Fleuve",,Coteau-du-Lac,,,54711.6,,205600,,205600,2025,Terrain vacant,MAMH — Données Québec (rôle d'évaluation foncière),https://donneesouvertes.affmunqc.net/role/RL71040_2026.xml,,,,
"20, Roy",,L'Île-Perrot,,,1505,1964,89500,208400,297900,2025,Logement,MAMH — Données Québec (rôle d'évaluation foncière),https://donneesouvertes.affmunqc.net/role/RL71060_2026.xml,,,,
"30, Roy",,L'Île-Perrot,,,2111.3,1974,127000,295600,422600,2025,Logement,MAMH — Données Québec (rôle d'évaluation foncière),https://donneesouvertes.affmunqc.net/role/RL71060_2026.xml,,,,
"10, Roy",,L'Île-Perrot,,,5162.1,1990,588400,841000,1429400,2025,Logement,MAMH — Données Québec (rôle d'évaluation foncière),https://donneesouvertes.affmunqc.net/role/RL71060_2026.xml,,,,
"40, Roy",,L'Île-Perrot,,,2337.5,1975,132700,445700,578400,2025,Logement,MAMH — Données Québec (rôle d'évaluation foncière),https://donneesouvertes.affmunqc.net/role/RL71060_2026.xml,,,,
"1002, Perrot",,L'Île-Perrot,,,1420.1,1958,106500,183100,289600,2025,Logement,MAMH — Données Québec (rôle d'évaluation foncière),https://donneesouvertes.affmunqc.net/role/RL71060_2026.xml,,,,
"1000, Perrot",,L'Île-Perrot,,,845.2,1958,63400,240400,303800,2025,Logement,MAMH — Données Québec (rôle d'évaluation foncière),https://donneesouvertes.affmunqc.net/role/RL71060_2026.xml,,,,
"920, Perrot",,L'Île-Perrot,,,23564.1,1902,660900,861500,1522400,2025,Logement,MAMH — Données Québec (rôle d'évaluation foncière),https://donneesouvertes.affmunqc.net/role/RL71060_2026.xml,,,,
"110, Ranger",,L'Île-Perrot,,,1089.8,1955,267900,266100,534000,2025,Logement,MAMH — Données Québec (rôle d'évaluation foncière),https://donneesouvertes.affmunqc.net/role/RL71060_2026.xml,,,,
"114, Ranger, app. 116",,L'Île-Perrot,,,710.7,1964,223600,247200,470800,2025,Logement,MAMH — Données Québec (rôle d'évaluation foncière),https://donneesouvertes.affmunqc.net/role/RL71060_2026.xml,,,,
"100, Ranger",,L'Île-Perrot,,,421.7,2023,148000,432600,580600,2025,Logement,MAMH — Données Québec (rôle d'évaluation foncière),https://donneesouvertes.affmunqc.net/role/RL71060_2026.xml,,,,
"102, Ranger",,L'Île-Perrot,,,421.8,2023,148100,432600,580700,2025,Logement,MAMH — Données Québec (rôle d'évaluation foncière),https://donneesouvertes.affmunqc.net/role/RL71060_2026.xml,,,,
"104, Ranger",,L'Île-Perrot,,,421.8,2023,148100,432600,580700,2025,Logement,MAMH — Données Québec (rôle d'évaluation foncière),https://donneesouvertes.affmunqc.net/role/RL71060_2026.xml,,,,
"106, Ranger",,L'Île-Perrot,,,421.8,2023,148100,432600,580700,2025,Logement,MAMH — Données Québec (rôle d'évaluation foncière),https://donneesouvertes.affmunqc.net/role/RL71060_2026.xml,,,,
"95, Ranger",,L'Île-Perrot,,,743.4,2003,227400,478900,706300,2025,Logement,MAMH — Données Québec (rôle d'évaluation foncière),https://donneesouvertes.affmunqc.net/role/RL71060_2026.xml,,,,
"108, Ranger",,L'Île-Perrot,,,796.1,1949,233500,182600,416100,2025,Logement,MAMH — Données Québec (rôle d'évaluation foncière),https://donneesouvertes.affmunqc.net/role/RL71060_2026.xml,,,,
"99, Ranger",,L'Île-Perrot,,,661,2005,217700,613100,830800,2025,Logement,MAMH — Données Québec (rôle d'évaluation foncière),https://donneesouvertes.affmunqc.net/role/RL71060_2026.xml,,,,
"182, Saphirs",,L'Île-Perrot,,,691.4,2003,235700,353300,589000,2025,Logement,MAMH — Données Québec (rôle d'évaluation foncière),https://donneesouvertes.affmunqc.net/role/RL71060_2026.xml,,,,
"103, Ranger",,L'Île-Perrot,,,661,2003,217700,506300,724000,2025,Logement,MAMH — Données Québec (rôle d'évaluation foncière),https://donneesouvertes.affmunqc.net/role/RL71060_2026.xml,,,,
"107, Ranger",,L'Île-Perrot,,,727.7,1968,225500,297200,522700,2025,Logement,MAMH — Données Québec (rôle d'évaluation foncière),https://donneesouvertes.affmunqc.net/role/RL71060_2026.xml,,,,
"178, Saphirs",,L'Île-Perrot,,,503.9,2003,204400,311500,515900,2025,Logement,MAMH — Données Québec (rôle d'évaluation foncière),https://donneesouvertes.affmunqc.net/role/RL71060_2026.xml,,,,
"111, Ranger",,L'Île-Perrot,,,391.9,1990,151300,240800,392100,2025,Logement,MAMH — Données Québec (rôle d'évaluation foncière),https://donneesouvertes.affmunqc.net/role/RL71060_2026.xml,,,,
"174, Saphirs",,L'Île-Perrot,,,445.1,2001,194600,327500,522100,2025,Logement,MAMH — Données Québec (rôle d'évaluation foncière),https://donneesouvertes.affmunqc.net/role/RL71060_2026.xml,,,,
"187, Saphirs",,L'Île-Perrot,,,344,2011,155100,308800,463900,2025,Logement,MAMH — Données Québec (rôle d'évaluation foncière),https://donneesouvertes.affmunqc.net/role/RL71060_2026.xml,,,,
"185, Saphirs",,L'Île-Perrot,,,240.3,2011,120400,302400,422800,2025,Logement,MAMH — Données Québec (rôle d'évaluation foncière),https://donneesouvertes.affmunqc.net/role/RL71060_2026.xml,,,,
"181, Saphirs",,L'Île-Perrot,,,240.7,2013,120600,316600,437200,2025,Logement,MAMH — Données Québec (rôle d'évaluation foncière),https://donneesouvertes.affmunqc.net/role/RL71060_2026.xml,,,,
"179, Saphirs",,L'Île-Perrot,,,310.1,2012,155400,322700,478100,2025,Logement,MAMH — Données Québec (rôle d'évaluation foncière),https://donneesouvertes.affmunqc.net/role/RL71060_2026.xml,,,,
"177, Saphirs",,L'Île-Perrot,,,357.2,2003,179000,332600,511600,2025,Logement,MAMH — Données Québec (rôle d'évaluation foncière),https://donneesouvertes.affmunqc.net/role/RL71060_2026.xml,,,,
"120, Ranger",,L'Île-Perrot,,,710.7,1955,223600,227400,451000,2025,Logement,MAMH — Données Québec (rôle d'évaluation foncière),https://donneesouvertes.affmunqc.net/role/RL71060_2026.xml,,,,
"124, Ranger",,L'Île-Perrot,,,710.7,1964,223600,247400,471000,2025,Logement,MAMH — Données Québec (rôle d'évaluation foncière),https://donneesouvertes.affmunqc.net/role/RL71060_2026.xml,,,,
"130, Ranger",,L'Île-Perrot,,,710.7,1955,223600,353700,577300,2025,Logement,MAMH — Données Québec (rôle d'évaluation foncière),https://donneesouvertes.affmunqc.net/role/RL71060_2026.xml,,,,
"129, Ranger",,L'Île-Perrot,,,1506.7,1959,283300,303000,586300,2025,Logement,MAMH — Données Québec (rôle d'évaluation foncière),https://donneesouvertes.affmunqc.net/role/RL71060_2026.xml,,,,
"132, Ranger, app. 134",,L'Île-Perrot,,,1184,1966,278900,255600,534500,2025,Logement,MAMH — Données Québec (rôle d'évaluation foncière),https://donneesouvertes.affmunqc.net/role/RL71060_2026.xml,,,,
"133, Ranger",,L'Île-Perrot,,,1298.5,1963,281600,312100,593700,2025,Logement,MAMH — Données Québec (rôle d'évaluation foncière),https://donneesouvertes.affmunqc.net/role/RL71060_2026.xml,,,,
"136, Ranger",,L'Île-Perrot,,,1184.5,1965,223200,211800,435000,2025,Logement,MAMH — Données Québec (rôle d'évaluation foncière),https://donneesouvertes.affmunqc.net/role/RL71060_2026.xml,,,,
"115, Ranger",,L'Île-Perrot,,,391.9,1990,151300,269400,420700,2025,Logement,MAMH — Données Québec (rôle d'évaluation foncière),https://donneesouvertes.affmunqc.net/role/RL71060_2026.xml,,,,
"54, Emeraudes",,L'Île-Perrot,,,611.1,2003,222300,450200,672500,2025,Logement,MAMH — Données Québec (rôle d'évaluation foncière),https://donneesouvertes.affmunqc.net/role/RL71060_2026.xml,,,,
"119, Ranger",,L'Île-Perrot,,,391.9,1990,151300,288900,440200,2025,Logement,MAMH — Données Québec (rôle d'évaluation foncière),https://donneesouvertes.affmunqc.net/role/RL71060_2026.xml,,,,
"58, Emeraudes",,L'Île-Perrot,,,554.3,2002,212800,350700,563500,2025,Logement,MAMH — Données Québec (rôle d'évaluation foncière),https://donneesouvertes.affmunqc.net/role/RL71060_2026.xml,,,,
"123, Ranger",,L'Île-Perrot,,,391.9,1990,151300,302800,454100,2025,Logement,MAMH — Données Québec (rôle d'évaluation foncière),https://donneesouvertes.affmunqc.net/role/RL71060_2026.xml,,,,
"62, Emeraudes",,L'Île-Perrot,,,451.4,2003,195600,373700,569300,2025,Logement,MAMH — Données Québec (rôle d'évaluation foncière),https://donneesouvertes.affmunqc.net/role/RL71060_2026.xml,,,,
"66, Emeraudes",,L'Île-Perrot,,,451.4,2003,195600,424200,619800,2025,Logement,MAMH — Données Québec (rôle d'évaluation foncière),https://donneesouvertes.affmunqc.net/role/RL71060_2026.xml,,,,
"70, Emeraudes",,L'Île-Perrot,,,451.4,2003,195600,397800,593400,2025,Logement,MAMH — Données Québec (rôle d'évaluation foncière),https://donneesouvertes.affmunqc.net/role/RL71060_2026.xml,,,,
"63, Emeraudes",,L'Île-Perrot,,,609.3,2004,222000,396200,618200,2025,Logement,MAMH — Données Québec (rôle d'évaluation foncière),https://donneesouvertes.affmunqc.net/role/RL71060_2026.xml,,,,
"74, Emeraudes",,L'Île-Perrot,,,451.4,2003,195600,365200,560800,2025,Logement,MAMH — Données Québec (rôle d'évaluation foncière),https://donneesouvertes.affmunqc.net/role/RL71060_2026.xml,,,,
"78, Emeraudes",,L'Île-Perrot,,,451.4,2003,195600,487400,683000,2025,Logement,MAMH — Données Québec (rôle d'évaluation foncière),https://donneesouvertes.affmunqc.net/role/RL71060_2026.xml,,,,
"67, Emeraudes",,L'Île-Perrot,,,392.6,2003,185800,455100,640900,2025,Logement,MAMH — Données Québec (rôle d'évaluation foncière),https://donneesouvertes.affmunqc.net/role/RL71060_2026.xml,,,,
"82, Emeraudes",,L'Île-Perrot,,,451.4,2003,195600,369700,565300,2025,Logement,MAMH — Données Québec (rôle d'évaluation foncière),https://donneesouvertes.affmunqc.net/role/RL71060_2026.xml,,,,
"71, Emeraudes",,L'Île-Perrot,,,365.8,2003,181300,386700,568000,2025,Logement,MAMH — Données Québec (rôle d'évaluation foncière),https://donneesouvertes.affmunqc.net/role/RL71060_2026.xml,,,,
"75, Emeraudes",,L'Île-Perrot,,,365.8,2003,181300,465400,646700,2025,Logement,MAMH — Données Québec (rôle d'évaluation foncière),https://donneesouvertes.affmunqc.net/role/RL71060_2026.xml,,,,
"86, Emeraudes",,L'Île-Perrot,,,451.4,2003,195600,364700,560300,2025,Logement,MAMH — Données Québec (rôle d'évaluation foncière),https://donneesouvertes.affmunqc.net/role/RL71060_2026.xml,,,,
"79, Emeraudes",,L'Île-Perrot,,,365.8,2004,181300,381700,563000,2025,Logement,MAMH — Données Québec (rôle d'évaluation foncière),https://donneesouvertes.affmunqc.net/role/RL71060_2026.xml,,,,
"173, Saphirs",,L'Île-Perrot,,,379.9,2003,183700,341800,525500,2025,Logement,MAMH — Données Québec (rôle d'évaluation foncière),https://donneesouvertes.affmunqc.net/role/RL71060_2026.xml,,,,
"170, Saphirs",,L'Île-Perrot,,,509.7,2001,205400,393700,599100,2025,Logement,MAMH — Données Québec (rôle d'évaluation foncière),https://donneesouvertes.affmunqc.net/role/RL71060_2026.xml,,,,
"165, Saphirs, app. 169",,L'Île-Perrot,,,605.9,2002,246100,522200,768300,2025,Logement,MAMH — Données Québec (rôle d'évaluation foncière),https://donneesouvertes.affmunqc.net/role/RL71060_2026.xml,,,,
"155, Saphirs, app. 159",,L'Île-Perrot,,,590.7,2000,243600,519200,762800,2025,Logement,MAMH — Données Québec (rôle d'évaluation foncière),https://donneesouvertes.affmunqc.net/role/RL71060_2026.xml,,,,
"59, Emeraudes",,L'Île-Perrot,,,634.2,2003,226200,427900,654100,2025,Logement,MAMH — Données Québec (rôle d'évaluation foncière),https://donneesouvertes.affmunqc.net/role/RL71060_2026.xml,,,,
"147, Saphirs, app. 151",,L'Île-Perrot,,,590.6,1998,243600,517200,760800,2025,Logement,MAMH — Données Québec (rôle d'évaluation foncière),https://donneesouvertes.affmunqc.net/role/RL71060_2026.xml,,,,
"150, Saphirs",,L'Île-Perrot,,,372.7,2003,182500,294300,476800,2025,Logement,MAMH — Données Québec (rôle d'évaluation foncière),https://donneesouvertes.affmunqc.net/role/RL71060_2026.xml,,,,
"139, Saphirs, app. 143",,L'Île-Perrot,,,590.4,1998,243600,517300,760900,2025,Logement,MAMH — Données Québec (rôle d'évaluation foncière),https://donneesouvertes.affmunqc.net/role/RL71060_2026.xml,,,,
"146, Saphirs",,L'Île-Perrot,,,456.9,2003,196500,306100,502600,2025,Logement,MAMH — Données Québec (rôle d'évaluation foncière),https://donneesouvertes.affmunqc.net/role/RL71060_2026.xml,,,,
"140, Ranger",,L'Île-Perrot,,,1184.5,1976,279000,330300,609300,2025,Logement,MAMH — Données Québec (rôle d'évaluation foncière),https://donneesouvertes.affmunqc.net/role/RL71060_2026.xml,,,,
"144, Ranger",,L'Île-Perrot,,,710.7,1975,223600,237000,460600,2025,Logement,MAMH — Données Québec (rôle d'évaluation foncière),https://donneesouvertes.affmunqc.net/role/RL71060_2026.xml,,,,
"148, Ranger",,L'Île-Perrot,,,852.9,1976,240200,254500,494700,2025,Logement,MAMH — Données Québec (rôle d'évaluation foncière),https://donneesouvertes.affmunqc.net/role/RL71060_2026.xml,,,,
"152, Ranger",,L'Île-Perrot,,,947.6,1975,251300,285700,537000,2025,Logement,MAMH — Données Québec (rôle d'évaluation foncière),https://donneesouvertes.affmunqc.net/role/RL71060_2026.xml,,,,
"156, Ranger",,L'Île-Perrot,,,1100.7,2001,269200,495000,764200,2025,Logement,MAMH — Données Québec (rôle d'évaluation foncière),https://donneesouvertes.affmunqc.net/role/RL71060_2026.xml,,,,
"160, Ranger",,L'Île-Perrot,,,417.9,2001,154000,274200,428200,2025,Logement,MAMH — Données Québec (rôle d'évaluation foncière),https://donneesouvertes.affmunqc.net/role/RL71060_2026.xml,,,,
"157, Ranger",,L'Île-Perrot,,,1119.5,1972,271400,308400,579800,2025,Logement,MAMH — Données Québec (rôle d'évaluation foncière),https://donneesouvertes.affmunqc.net/role/RL71060_2026.xml,,,,
"141, Ranger",,L'Île-Perrot,,,1007.5,1976,258300,282300,540600,2025,Logement,MAMH — Données Québec (rôle d'évaluation foncière),https://donneesouvertes.affmunqc.net/role/RL71060_2026.xml,,,,
"94, Emeraudes",,L'Île-Perrot,,,529.5,2004,208700,456800,665500,2025,Logement,MAMH — Données Québec (rôle d'évaluation foncière),https://donneesouvertes.affmunqc.net/role/RL71060_2026.xml,,,,
"149, Ranger",,L'Île-Perrot,,,1007.6,1977,258300,316100,574400,2025,Logement,MAMH — Données Québec (rôle d'évaluation foncière),https://donneesouvertes.affmunqc.net/role/RL71060_2026.xml,,,,
"98, Emeraudes",,L'Île-Perrot,,,444,2003,194400,332100,526500,2025,Logement,MAMH — Données Québec (rôle d'évaluation foncière),https://donneesouvertes.affmunqc.net/role/RL71060_2026.xml,,,,
"102, Emeraudes",,L'Île-Perrot,,,444,2003,194400,455600,650000,2025,Logement,MAMH — Données Québec (rôle d'évaluation foncière),https://donneesouvertes.affmunqc.net/role/RL71060_2026.xml,,,,
"151, Ranger",,L'Île-Perrot,,,671.7,1968,219000,266800,485800,2025,Logement,MAMH — Données Québec (rôle d'évaluation foncière),https://donneesouvertes.affmunqc.net/role/RL71060_2026.xml,,,,
"106, Emeraudes",,L'Île-Perrot,,,444,2002,194400,388100,582500,2025,Logement,MAMH — Données Québec (rôle d'évaluation foncière),https://donneesouvertes.affmunqc.net/role/RL71060_2026.xml,,,,
"110, Emeraudes",,L'Île-Perrot,,,444,2002,194400,464400,658800,2025,Logement,MAMH — Données Québec (rôle d'évaluation foncière),https://donneesouvertes.affmunqc.net/role/RL71060_2026.xml,,,,
"153, Ranger",,L'Île-Perrot,,,895.6,1970,245200,264900,510100,2025,Logement,MAMH — Données Québec (rôle d'évaluation foncière),https://donneesouvertes.affmunqc.net/role/RL71060_2026.xml,,,,
"114, Emeraudes",,L'Île-Perrot,,,518.7,2001,206900,406300,613200,2025,Logement,MAMH — Données Québec (rôle d'évaluation foncière),https://donneesouvertes.affmunqc.net/role/RL71060_2026.xml,,,,
"118, Emeraudes",,L'Île-Perrot,,,444,2001,194400,411100,605500,2025,Logement,MAMH — Données Québec (rôle d'évaluation foncière),https://donneesouvertes.affmunqc.net/role/RL71060_2026.xml,,,,
"107, Emeraudes",,L'Île-Perrot,,,402.4,2003,187400,362100,549500,2025,Logement,MAMH — Données Québec (rôle d'évaluation foncière),https://donneesouvertes.affmunqc.net/role/RL71060_2026.xml,,,,
"122, Emeraudes",,L'Île-Perrot,,,407,1994,163300,282300,445600,2025,Logement,MAMH — Données Québec (rôle d'évaluation foncière),https://donneesouvertes.affmunqc.net/role/RL71060_2026.xml,,,,
"90, Emeraudes",,L'Île-Perrot,,,530.2,2002,208800,403200,612000,2025,Logement,MAMH — Données Québec (rôle d'évaluation foncière),https://donneesouvertes.affmunqc.net/role/RL71060_2026.xml,,,,
"83, Emeraudes",,L'Île-Perrot,,,365.8,2004,181300,402100,583400,2025,Logement,MAMH — Données Québec (rôle d'évaluation foncière),https://donneesouvertes.affmunqc.net/role/RL71060_2026.xml,,,,
"52, Opales",,L'Île-Perrot,,,529.8,1994,182000,357300,539300,2025,Logement,MAMH — Données Québec (rôle d'évaluation foncière),https://donneesouvertes.affmunqc.net/role/RL71060_2026.xml,,,,
"87, Emeraudes",,L'Île-Perrot,,,365.8,2003,181300,432900,614200,2025,Logement,MAMH — Données Québec (rôle d'évaluation foncière),https://donneesouvertes.affmunqc.net/role/RL71060_2026.xml,,,,
"56, Opales",,L'Île-Perrot,,,403.6,1994,162700,294100,456800,2025,Logement,MAMH — Données Québec (rôle d'évaluation foncière),https://donneesouvertes.affmunqc.net/role/RL71060_2026.xml,,,,
"91, Emeraudes",,L'Île-Perrot,,,481.9,2003,200700,477100,677800,2025,Logement,MAMH — Données Québec (rôle d'évaluation foncière),https://donneesouvertes.affmunqc.net/role/RL71060_2026.xml,,,,
"60, Opales",,L'Île-Perrot,,,335.3,2001,152300,296000,448300,2025,Logement,MAMH — Données Québec (rôle d'évaluation foncière),https://donneesouvertes.affmunqc.net/role/RL71060_2026.xml,,,,
"64, Opales",,L'Île-Perrot,,,495.9,2000,176900,310500,487400,2025,Logement,MAMH — Données Québec (rôle d'évaluation foncière),https://donneesouvertes.affmunqc.net/role/RL71060_2026.xml,,,,
"95, Emeraudes",,L'Île-Perrot,,,540.3,2004,210500,378800,589300,2025,Logement,MAMH — Données Québec (rôle d'évaluation foncière),https://donneesouvertes.affmunqc.net/role/RL71060_2026.xml,,,,
"99, Emeraudes",,L'Île-Perrot,,,402.4,2003,187400,354600,542000,2025,Logement,MAMH — Données Québec (rôle d'évaluation foncière),https://donneesouvertes.affmunqc.net/role/RL71060_2026.xml,,,,
"72, Opales",,L'Île-Perrot,,,556.9,1994,186200,281200,467400,2025,Logement,MAMH — Données Québec (rôle d'évaluation foncière),https://donneesouvertes.affmunqc.net/role/RL71060_2026.xml,,,,
"103, Emeraudes",,L'Île-Perrot,,,402.4,2003,187400,432700,620100,2025,Logement,MAMH — Données Québec (rôle d'évaluation foncière),https://donneesouvertes.affmunqc.net/role/RL71060_2026.xml,,,,
"76, Opales",,L'Île-Perrot,,,335.3,1994,152300,270600,422900,2025,Logement,MAMH — Données Québec (rôle d'évaluation foncière),https://donneesouvertes.affmunqc.net/role/RL71060_2026.xml,,,,
"80, Opales",,L'Île-Perrot,,,335.3,1999,152300,269400,421700,2025,Logement,MAMH — Données Québec (rôle d'évaluation foncière),https://donneesouvertes.affmunqc.net/role/RL71060_2026.xml,,,,
"44, Opales",,L'Île-Perrot,,,444.5,2000,169000,405300,574300,2025,Logement,MAMH — Données Québec (rôle d'évaluation foncière),https://donneesouvertes.affmunqc.net/role/RL71060_2026.xml,,,,
"129, Saphirs, app. 133",,L'Île-Perrot,,,891.4,2004,290100,541000,831100,2025,Logement,MAMH — Données Québec (rôle d'évaluation foncière),https://donneesouvertes.affmunqc.net/role/RL71060_2026.xml,,,,
"48, Opales",,L'Île-Perrot,,,502.5,2000,177900,467400,645300,2025,Logement,MAMH — Données Québec (rôle d'évaluation foncière),https://donneesouvertes.affmunqc.net/role/RL71060_2026.xml,,,,
"121, Saphirs",,L'Île-Perrot,,,211.05,1998,96600,234400,331000,2025,Logement,MAMH — Données Québec (rôle d'évaluation foncière),https://donneesouvertes.affmunqc.net/role/RL71060_2026.xml,,,,
"123, Saphirs",,L'Île-Perrot,,,232.15,1996,99800,270500,370300,2025,Logement,MAMH — Données Québec (rôle d'évaluation foncière),https://donneesouvertes.affmunqc.net/role/RL71060_2026.xml,,,,
"115, Saphirs",,L'Île-Perrot,,,232.1,1996,99800,281100,380900,2025,Logement,MAMH — Données Québec (rôle d'évaluation foncière),https://donneesouvertes.affmunqc.net/role/RL71060_2026.xml,,,,
"117, Saphirs",,L'Île-Perrot,,,211,1996,96500,262700,359200,2025,Logement,MAMH — Données Québec (rôle d'évaluation foncière),https://donneesouvertes.affmunqc.net/role/RL71060_2026.xml,,,,
"51, Opales",,L'Île-Perrot,,,571.9,2002,197700,398600,596300,2025,Logement,MAMH — Données Québec (rôle d'évaluation foncière),https://donneesouvertes.affmunqc.net/role/RL71060_2026.xml,,,,
"55, Opales",,L'Île-Perrot,,,519.7,2000,189700,441400,631100,2025,Logement,MAMH — Données Québec (rôle d'évaluation foncière),https://donneesouvertes.affmunqc.net/role/RL71060_2026.xml,,,,
"109, Saphirs",,L'Île-Perrot,,,334,2003,153300,273100,426400,2025,Logement,MAMH — Données Québec (rôle d'évaluation foncière),https://donneesouvertes.affmunqc.net/role/RL71060_2026.xml,,,,
"61, Opales",,L'Île-Perrot,,,275.5,1996,106400,292000,398400,2025,Logement,MAMH — Données Québec (rôle d'évaluation foncière),https://donneesouvertes.affmunqc.net/role/RL71060_2026.xml,,,,
"63, Opales",,L'Île-Perrot,,,275.5,1996,106400,292000,398400,2025,Logement,MAMH — Données Québec (rôle d'évaluation foncière),https://donneesouvertes.affmunqc.net/role/RL71060_2026.xml,,,,
"105, Saphirs",,L'Île-Perrot,,,334,2003,153300,273100,426400,2025,Logement,MAMH — Données Québec (rôle d'évaluation foncière),https://donneesouvertes.affmunqc.net/role/RL71060_2026.xml,,,,
"101, Saphirs",,L'Île-Perrot,,,334.4,2003,153500,280900,434400,2025,Logement,MAMH — Données Québec (rôle d'évaluation foncière),https://donneesouvertes.affmunqc.net/role/RL71060_2026.xml,,,,
"88, Saphirs",,L'Île-Perrot,,,732,2004,220400,374700,595100,2025,Logement,MAMH — Données Québec (rôle d'évaluation foncière),https://donneesouvertes.affmunqc.net/role/RL71060_2026.xml,,,,
"97, Saphirs",,L'Île-Perrot,,,377.2,2003,167900,255700,423600,2025,Logement,MAMH — Données Québec (rôle d'évaluation foncière),https://donneesouvertes.affmunqc.net/role/RL71060_2026.xml,,,,
"840, Perrot",,L'Île-Perrot,,,1484.5,1945,258300,220900,479200,2025,Logement,MAMH — Données Québec (rôle d'évaluation foncière),https://donneesouvertes.affmunqc.net/role/RL71060_2026.xml,,,,
"850, Perrot",,L'Île-Perrot,,,12850.1,1940,588500,221400,809900,2025,Logement,MAMH — Données Québec (rôle d'évaluation foncière),https://donneesouvertes.affmunqc.net/role/RL71060_2026.xml,,,,
"740, Perrot",,L'Île-Perrot,,,8432.1,,462700,,462700,2025,Terrain vacant,MAMH — Données Québec (rôle d'évaluation foncière),https://donneesouvertes.affmunqc.net/role/RL71060_2026.xml,,,,
"680, Perrot, app. 684",,L'Île-Perrot,,,33321.8,,753600,1312800,2066400,2025,Logement,MAMH — Données Québec (rôle d'évaluation foncière),https://donneesouvertes.affmunqc.net/role/RL71060_2026.xml,,,,
"600, Perrot",,L'Île-Perrot,,,1933.1,1947,473600,327100,800700,2025,Logement,MAMH — Données Québec (rôle d'évaluation foncière),https://donneesouvertes.affmunqc.net/role/RL71060_2026.xml,,,,
"540, Perrot",,L'Île-Perrot,,,3975.2,2020,499800,1469400,1969200,2025,Logement,MAMH — Données Québec (rôle d'évaluation foncière),https://donneesouvertes.affmunqc.net/role/RL71060_2026.xml,,,,
"580, Perrot",,L'Île-Perrot,,,12640.1,1975,586400,890900,1477300,2025,Logement,MAMH — Données Québec (rôle d'évaluation foncière),https://donneesouvertes.affmunqc.net/role/RL71060_2026.xml,,,,
"500, Perrot",,L'Île-Perrot,,,7704.9,1976,537000,827700,1364700,2025,Logement,MAMH — Données Québec (rôle d'évaluation foncière),https://donneesouvertes.affmunqc.net/role/RL71060_2026.xml,,,,
"450, Perrot",,L'Île-Perrot,,,22630.1,1978,274500,517200,791700,2025,Logement,MAMH — Données Québec (rôle d'évaluation foncière),https://donneesouvertes.affmunqc.net/role/RL71060_2026.xml,,,,
"11, Perrot",,L'Île-Perrot,,,94573.9,,283700,156800,440500,2025,Immeuble à bureaux,MAMH — Données Québec (rôle d'évaluation foncière),https://donneesouvertes.affmunqc.net/role/RL71060_2026.xml,,,,
"565, Grand Boulevard",,L'Île-Perrot,,,478.55,,142100,229900,372000,2025,Industrie,MAMH — Données Québec (rôle d'évaluation foncière),https://donneesouvertes.affmunqc.net/role/RL71060_2026.xml,,,,
"569, Grand Boulevard",,L'Île-Perrot,,,517.29,1994,153600,262900,416500,2025,Industrie,MAMH — Données Québec (rôle d'évaluation foncière),https://donneesouvertes.affmunqc.net/role/RL71060_2026.xml,,,,
"573, Grand Boulevard",,L'Île-Perrot,,,503.35,1995,149500,244100,393600,2025,Industrie,MAMH — Données Québec (rôle d'évaluation foncière),https://donneesouvertes.affmunqc.net/role/RL71060_2026.xml,,,,
"577, Grand Boulevard",,L'Île-Perrot,,,478.82,1994,142200,227700,369900,2025,Industrie,MAMH — Données Québec (rôle d'évaluation foncière),https://donneesouvertes.affmunqc.net/role/RL71060_2026.xml,,,,
"581, Grand Boulevard",,L'Île-Perrot,,,403.57,1994,119900,211400,331300,2025,Industrie,MAMH — Données Québec (rôle d'évaluation foncière),https://donneesouvertes.affmunqc.net/role/RL71060_2026.xml,,,,
"585, Grand Boulevard",,L'Île-Perrot,,,405.52,1994,120400,222800,343200,2025,Industrie,MAMH — Données Québec (rôle d'évaluation foncière),https://donneesouvertes.affmunqc.net/role/RL71060_2026.xml,,,,
"168, Ranger",,L'Île-Perrot,,,1290.7,1959,281500,284400,565900,2025,Logement,MAMH — Données Québec (rôle d'évaluation foncière),https://donneesouvertes.affmunqc.net/role/RL71060_2026.xml,,,,
"159, Ranger",,L'Île-Perrot,,,690.4,1957,221200,244700,465900,2025,Logement,MAMH — Données Québec (rôle d'évaluation foncière),https://donneesouvertes.affmunqc.net/role/RL71060_2026.xml,,,,
"163, Ranger",,L'Île-Perrot,,,549.4,1998,192800,419000,611800,2025,Logement,MAMH — Données Québec (rôle d'évaluation foncière),https://donneesouvertes.affmunqc.net/role/RL71060_2026.xml,,,,
"562, Grand Boulevard",,L'Île-Perrot,,,678.8,1954,219800,53300,273100,2025,Industrie,MAMH — Données Québec (rôle d'évaluation foncière),https://donneesouvertes.affmunqc.net/role/RL71060_2026.xml,,,,
"165, Ranger",,L'Île-Perrot,,,555.9,1998,195100,280500,475600,2025,Logement,MAMH — Données Québec (rôle d'évaluation foncière),https://donneesouvertes.affmunqc.net/role/RL71060_2026.xml,,,,
"142, Emeraudes",,L'Île-Perrot,,,407,1998,163300,309800,473100,2025,Logement,MAMH — Données Québec (rôle d'évaluation foncière),https://donneesouvertes.affmunqc.net/role/RL71060_2026.xml,,,,
"146, Emeraudes",,L'Île-Perrot,,,407,1994,163300,289500,452800,2025,Logement,MAMH — Données Québec (rôle d'évaluation foncière),https://donneesouvertes.affmunqc.net/role/RL71060_2026.xml,,,,
"169, Ranger",,L'Île-Perrot,,,671.7,1955,219000,221900,440900,2025,Logement,MAMH — Données Québec (rôle d'évaluation foncière),https://donneesouvertes.affmunqc.net/role/RL71060_2026.xml,,,,
"150, Emeraudes",,L'Île-Perrot,,,407,1994,163300,298700,462000,2025,Logement,MAMH — Données Québec (rôle d'évaluation foncière),https://donneesouvertes.affmunqc.net/role/RL71060_2026.xml,,,,
"556, Grand Boulevard",,L'Île-Perrot,,,509.1,1954,169800,189100,358900,2025,Logement,MAMH — Données Québec (rôle d'évaluation foncière),https://donneesouvertes.affmunqc.net/role/RL71060_2026.xml,,,,
"154, Emeraudes",,L'Île-Perrot,,,407,1994,163300,309800,473100,2025,Logement,MAMH — Données Québec (rôle d'évaluation foncière),https://donneesouvertes.affmunqc.net/role/RL71060_2026.xml,,,,
"158, Emeraudes",,L'Île-Perrot,,,407,1994,163300,310000,473300,2025,Logement,MAMH — Données Québec (rôle d'évaluation foncière),https://donneesouvertes.affmunqc.net/role/RL71060_2026.xml,,,,
"552, Grand Boulevard",,L'Île-Perrot,,,739.9,1954,227000,190200,417200,2025,Industrie,MAMH — Données Québec (rôle d'évaluation foncière),https://donneesouvertes.affmunqc.net/role/RL71060_2026.xml,,,,
"162, Emeraudes",,L'Île-Perrot,,,407,1994,163300,272800,436100,2025,Logement,MAMH — Données Québec (rôle d'évaluation foncière),https://donneesouvertes.affmunqc.net/role/RL71060_2026.xml,,,,
"166, Emeraudes",,L'Île-Perrot,,,407.1,1994,163300,282700,446000,2025,Logement,MAMH — Données Québec (rôle d'évaluation foncière),https://donneesouvertes.affmunqc.net/role/RL71060_2026.xml,,,,
"111, Emeraudes",,L'Île-Perrot,,,402.4,2002,187400,380400,567800,2025,Logement,MAMH — Données Québec (rôle d'évaluation foncière),https://donneesouvertes.affmunqc.net/role/RL71060_2026.xml,,,,
"126, Emeraudes",,L'Île-Perrot,,,407,1994,163300,283400,446700,2025,Logement,MAMH — Données Québec (rôle d'évaluation foncière),https://donneesouvertes.affmunqc.net/role/RL71060_2026.xml,,,,
"115, Emeraudes",,L'Île-Perrot,,,402.3,2001,187400,342100,529500,2025,Logement,MAMH — Données Québec (rôle d'évaluation foncière),https://donneesouvertes.affmunqc.net/role/RL71060_2026.xml,,,,
"130, Emeraudes",,L'Île-Perrot,,,407,1994,163300,335200,498500,2025,Logement,MAMH — Données Québec (rôle d'évaluation foncière),https://donneesouvertes.affmunqc.net/role/RL71060_2026.xml,,,,
"134, Emeraudes",,L'Île-Perrot,,,407,1994,163300,323100,486400,2025,Logement,MAMH — Données Québec (rôle d'évaluation foncière),https://donneesouvertes.affmunqc.net/role/RL71060_2026.xml,,,,
"119, Emeraudes",,L'Île-Perrot,,,455.1,2001,196200,399600,595800,2025,Logement,MAMH — Données Québec (rôle d'évaluation foncière),https://donneesouvertes.affmunqc.net/role/RL71060_2026.xml,,,,
"138, Emeraudes",,L'Île-Perrot,,,407,1998,163300,320000,483300,2025,Logement,MAMH — Données Québec (rôle d'évaluation foncière),https://donneesouvertes.affmunqc.net/role/RL71060_2026.xml,,,,
"100, Opales",,L'Île-Perrot,,,453.7,2000,170400,345000,515400,2025,Logement,MAMH — Données Québec (rôle d'évaluation foncière),https://donneesouvertes.affmunqc.net/role/RL71060_2026.xml,,,,
"121, Emeraudes",,L'Île-Perrot,,,256.53,1994,103500,279100,382600,2025,Logement,MAMH — Données Québec (rôle d'évaluation foncière),https://donneesouvertes.affmunqc.net/role/RL71060_2026.xml,,,,
"123, Emeraudes",,L'Île-Perrot,,,227.93,1994,99100,259800,358900,2025,Logement,MAMH — Données Québec (rôle d'évaluation foncière),https://donneesouvertes.affmunqc.net/role/RL71060_2026.xml,,,,
"125, Emeraudes",,L'Île-Perrot,,,227.93,1994,99100,264000,363100,2025,Logement,MAMH — Données Québec (rôle d'évaluation foncière),https://donneesouvertes.affmunqc.net/role/RL71060_2026.xml,,,,
"129, Emeraudes",,L'Île-Perrot,,,230.8,1994,99600,274700,374300,2025,Logement,MAMH — Données Québec (rôle d'évaluation foncière),https://donneesouvertes.affmunqc.net/role/RL71060_2026.xml,,,,
"131, Emeraudes",,L'Île-Perrot,,,230.8,1994,99600,264700,364300,2025,Logement,MAMH — Données Québec (rôle d'évaluation foncière),https://donneesouvertes.affmunqc.net/role/RL71060_2026.xml,,,,
"133, Emeraudes",,L'Île-Perrot,,,259.4,1994,103900,292200,396100,2025,Logement,MAMH — Données Québec (rôle d'évaluation foncière),https://donneesouvertes.affmunqc.net/role/RL71060_2026.xml,,,,
"7, Saphirs",,L'Île-Perrot,,,253.3,1994,103000,292400,395400,2025,Logement,MAMH — Données Québec (rôle d'évaluation foncière),https://donneesouvertes.affmunqc.net/role/RL71060_2026.xml,,,,
"9, Saphirs",,L'Île-Perrot,,,232.2,1994,99800,264500,364300,2025,Logement,MAMH — Données Québec (rôle d'évaluation foncière),https://donneesouvertes.affmunqc.net/role/RL71060_2026.xml,,,,
"11, Saphirs",,L'Île-Perrot,,,232.2,1994,99800,301800,401600,2025,Logement,MAMH — Données Québec (rôle d'évaluation foncière),https://donneesouvertes.affmunqc.net/role/RL71060_2026.xml,,,,
"137, Emeraudes",,L'Île-Perrot,,,259.56,1994,104000,268800,372800,2025,Logement,MAMH — Données Québec (rôle d'évaluation foncière),https://donneesouvertes.affmunqc.net/role/RL71060_2026.xml,,,,
"139, Emeraudes",,L'Île-Perrot,,,230.96,1994,99600,259100,358700,2025,Logement,MAMH — Données Québec (rôle d'évaluation foncière),https://donneesouvertes.affmunqc.net/role/RL71060_2026.xml,,,,
"141, Emeraudes",,L'Île-Perrot,,,230.96,1994,99600,277800,377400,2025,Logement,MAMH — Données Québec (rôle d'évaluation foncière),https://donneesouvertes.affmunqc.net/role/RL71060_2026.xml,,,,
"15, Saphirs",,L'Île-Perrot,,,232.1,1994,99800,246700,346500,2025,Logement,MAMH — Données Québec (rôle d'évaluation foncière),https://donneesouvertes.affmunqc.net/role/RL71060_2026.xml,,,,
"17, Saphirs",,L'Île-Perrot,,,232.1,1994,99800,275300,375100,2025,Logement,MAMH — Données Québec (rôle d'évaluation foncière),https://donneesouvertes.affmunqc.net/role/RL71060_2026.xml,,,,
"19, Saphirs",,L'Île-Perrot,,,253.2,1994,103000,312800,415800,2025,Logement,MAMH — Données Québec (rôle d'évaluation foncière),https://donneesouvertes.affmunqc.net/role/RL71060_2026.xml,,,,
"84, Opales",,L'Île-Perrot,,,335.3,1995,152300,301900,454200,2025,Logement,MAMH — Données Québec (rôle d'évaluation foncière),https://donneesouvertes.affmunqc.net/role/RL71060_2026.xml,,,,
"71, Opales",,L'Île-Perrot,,,227.7,1994,99100,312100,411200,2025,Logement,MAMH — Données Québec (rôle d'évaluation foncière),https://donneesouvertes.affmunqc.net/role/RL71060_2026.xml,,,,
"73, Opales",,L'Île-Perrot,,,206.6,1994,94800,262000,356800,2025,Logement,MAMH — Données Québec (rôle d'évaluation foncière),https://donneesouvertes.affmunqc.net/role/RL71060_2026.xml,,,,
"75, Opales",,L'Île-Perrot,,,206.6,1994,94800,252800,347600,2025,Logement,MAMH — Données Québec (rôle d'évaluation foncière),https://donneesouvertes.affmunqc.net/role/RL71060_2026.xml,,,,
"88, Opales",,L'Île-Perrot,,,335.3,2000,152300,337200,489500,2025,Logement,MAMH — Données Québec (rôle d'évaluation foncière),https://donneesouvertes.affmunqc.net/role/RL71060_2026.xml,,,,
"77, Opales",,L'Île-Perrot,,,193.13,1994,88600,272400,361000,2025,Logement,MAMH — Données Québec (rôle d'évaluation foncière),https://donneesouvertes.affmunqc.net/role/RL71060_2026.xml,,,,
"79, Opales",,L'Île-Perrot,,,193.13,1994,88600,254500,343100,2025,Logement,MAMH — Données Québec (rôle d'évaluation foncière),https://donneesouvertes.affmunqc.net/role/RL71060_2026.xml,,,,
"81, Opales",,L'Île-Perrot,,,214.23,1994,97000,276800,373800,2025,Logement,MAMH — Données Québec (rôle d'évaluation foncière),https://donneesouvertes.affmunqc.net/role/RL71060_2026.xml,,,,
"92, Opales",,L'Île-Perrot,,,335.3,2001,152300,308100,460400,2025,Logement,MAMH — Données Québec (rôle d'évaluation foncière),https://donneesouvertes.affmunqc.net/role/RL71060_2026.xml,,,,
"80, Saphirs",,L'Île-Perrot,,,371.9,2004,167100,414000,581100,2025,Logement,MAMH — Données Québec (rôle d'évaluation foncière),https://donneesouvertes.affmunqc.net/role/RL71060_2026.xml,,,,
"96, Opales",,L'Île-Perrot,,,335.3,2001,152300,356000,508300,2025,Logement,MAMH — Données Québec (rôle d'évaluation foncière),https://donneesouvertes.affmunqc.net/role/RL71060_2026.xml,,,,
"85, Opales",,L'Île-Perrot,,,236.1,1995,100400,314300,414700,2025,Logement,MAMH — Données Québec (rôle d'évaluation foncière),https://donneesouvertes.affmunqc.net/role/RL71060_2026.xml,,,,
"87, Opales",,L'Île-Perrot,,,215,1995,97200,292700,389900,2025,Logement,MAMH — Données Québec (rôle d'évaluation foncière),https://donneesouvertes.affmunqc.net/role/RL71060_2026.xml,,,,
"76, Saphirs",,L'Île-Perrot,,,371.9,2003,167100,371100,538200,2025,Logement,MAMH — Données Québec (rôle d'évaluation foncière),https://donneesouvertes.affmunqc.net/role/RL71060_2026.xml,,,,
"89, Opales",,L'Île-Perrot,,,215,1995,97200,267500,364700,2025,Logement,MAMH — Données Québec (rôle d'évaluation foncière),https://donneesouvertes.affmunqc.net/role/RL71060_2026.xml,,,,
"91, Opales",,L'Île-Perrot,,,236.1,1996,100400,278100,378500,2025,Logement,MAMH — Données Québec (rôle d'évaluation foncière),https://donneesouvertes.affmunqc.net/role/RL71060_2026.xml,,,,
"72, Saphirs",,L'Île-Perrot,,,371.9,2002,167100,403700,570800,2025,Logement,MAMH — Données Québec (rôle d'évaluation foncière),https://donneesouvertes.affmunqc.net/role/RL71060_2026.xml,,,,
"68, Saphirs",,L'Île-Perrot,,,371.9,2002,167100,394500,561600,2025,Logement,MAMH — Données Québec (rôle d'évaluation foncière),https://donneesouvertes.affmunqc.net/role/RL71060_2026.xml,,,,
"95, Opales",,L'Île-Perrot,,,236.95,1995,100500,277200,377700,2025,Logement,MAMH — Données Québec (rôle d'évaluation foncière),https://donneesouvertes.affmunqc.net/role/RL71060_2026.xml,,,,
"97, Opales",,L'Île-Perrot,,,215.85,1995,97300,283500,380800,2025,Logement,MAMH — Données Québec (rôle d'évaluation foncière),https://donneesouvertes.affmunqc.net/role/RL71060_2026.xml,,,,
"64, Saphirs",,L'Île-Perrot,,,371.9,2001,167100,377500,544600,2025,Logement,MAMH — Données Québec (rôle d'évaluation foncière),https://donneesouvertes.affmunqc.net/role/RL71060_2026.xml,,,,
"99, Opales",,L'Île-Perrot,,,213.7,1995,97000,239800,336800,2025,Logement,MAMH — Données Québec (rôle d'évaluation foncière),https://donneesouvertes.affmunqc.net/role/RL71060_2026.xml,,,,
"101, Opales",,L'Île-Perrot,,,234.8,1995,100200,340100,440300,2025,Logement,MAMH — Données Québec (rôle d'évaluation foncière),https://donneesouvertes.affmunqc.net/role/RL71060_2026.xml,,,,
"60, Saphirs",,L'Île-Perrot,,,371.9,2001,167100,320400,487500,2025,Logement,MAMH — Données Québec (rôle d'évaluation foncière),https://donneesouvertes.affmunqc.net/role/RL71060_2026.xml,,,,
"56, Saphirs",,L'Île-Perrot,,,455.7,2001,179900,392800,572700,2025,Logement,MAMH — Données Québec (rôle d'évaluation foncière),https://donneesouvertes.affmunqc.net/role/RL71060_2026.xml,,,,
"93, Saphirs",,L'Île-Perrot,,,442,2003,177800,328400,506200,2025,Logement,MAMH — Données Québec (rôle d'évaluation foncière),https://donneesouvertes.affmunqc.net/role/RL71060_2026.xml,,,,
"84, Saphirs",,L'Île-Perrot,,,372.8,2002,167200,434100,601300,2025,Logement,MAMH — Données Québec (rôle d'évaluation foncière),https://donneesouvertes.affmunqc.net/role/RL71060_2026.xml,,,,
"89, Saphirs",,L'Île-Perrot,,,433.8,2003,176500,281600,458100,2025,Logement,MAMH — Données Québec (rôle d'évaluation foncière),https://donneesouvertes.affmunqc.net/role/RL71060_2026.xml,,,,
"81, Saphirs",,L'Île-Perrot,,,423.3,2002,174900,344400,519300,2025,Logement,MAMH — Données Québec (rôle d'évaluation foncière),https://donneesouvertes.affmunqc.net/role/RL71060_2026.xml,,,,
"77, Saphirs",,L'Île-Perrot,,,525.3,2004,190500,347400,537900,2025,Logement,MAMH — Données Québec (rôle d'évaluation foncière),https://donneesouvertes.affmunqc.net/role/RL71060_2026.xml,,,,
"71, Saphirs",,L'Île-Perrot,,,546.1,2004,193700,429700,623400,2025,Logement,MAMH — Données Québec (rôle d'évaluation foncière),https://donneesouvertes.affmunqc.net/role/RL71060_2026.xml,,,,
"67, Saphirs",,L'Île-Perrot,,,535.8,2001,192100,327900,520000,2025,Logement,MAMH — Données Québec (rôle d'évaluation foncière),https://donneesouvertes.affmunqc.net/role/RL71060_2026.xml,,,,
"63, Saphirs",,L'Île-Perrot,,,438.7,2001,177300,449700,627000,2025,Logement,MAMH — Données Québec (rôle d'évaluation foncière),https://donneesouvertes.affmunqc.net/role/RL71060_2026.xml,,,,
"24, Rene-emard, app. 28",,L'Île-Perrot,,,556.3,1991,180400,425500,605900,2025,Logement,MAMH — Données Québec (rôle d'évaluation foncière),https://donneesouvertes.affmunqc.net/role/RL71060_2026.xml,,,,
"30, Rene-emard, app. 34",,L'Île-Perrot,,,559.1,1991,180800,424400,605200,2025,Logement,MAMH — Données Québec (rôle d'évaluation foncière),https://donneesouvertes.affmunqc.net/role/RL71060_2026.xml,,,,
"38, Rene-emard",,L'Île-Perrot,,,280.9,1991,93200,257800,351000,2025,Logement,MAMH — Données Québec (rôle d'évaluation foncière),https://donneesouvertes.affmunqc.net/role/RL71060_2026.xml,,,,
"40, Rene-emard",,L'Île-Perrot,,,280.9,1991,93200,255600,348800,2025,Logement,MAMH — Données Québec (rôle d'évaluation foncière),https://donneesouvertes.affmunqc.net/role/RL71060_2026.xml,,,,
"46, Rene-emard",,L'Île-Perrot,,,282.25,1991,93400,218700,312100,2025,Logement,MAMH — Données Québec (rôle d'évaluation foncière),https://donneesouvertes.affmunqc.net/role/RL71060_2026.xml,,,,
"44, Rene-emard",,L'Île-Perrot,,,282.25,1991,93400,226800,320200,2025,Logement,MAMH — Données Québec (rôle d'évaluation foncière),https://donneesouvertes.affmunqc.net/role/RL71060_2026.xml,,,,
"4, Rene-emard",,L'Île-Perrot,,,447.65,1991,112000,266200,378200,2025,Logement,MAMH — Données Québec (rôle d'évaluation foncière),https://donneesouvertes.affmunqc.net/role/RL71060_2026.xml,,,,
"2, Rene-emard",,L'Île-Perrot,,,324.15,1991,99000,199900,298900,2025,Logement,MAMH — Données Québec (rôle d'évaluation foncière),https://donneesouvertes.affmunqc.net/role/RL71060_2026.xml,,,,
"8, Rene-emard",,L'Île-Perrot,,,274.05,1991,92300,249300,341600,2025,Logement,MAMH — Données Québec (rôle d'évaluation foncière),https://donneesouvertes.affmunqc.net/role/RL71060_2026.xml,,,,
"10, Rene-emard",,L'Île-Perrot,,,274.05,1991,92300,223600,315900,2025,Logement,MAMH — Données Québec (rôle d'évaluation foncière),https://donneesouvertes.affmunqc.net/role/RL71060_2026.xml,,,,
"14, Rene-emard, app. 16",,L'Île-Perrot,,,550.8,1991,170700,464900,635600,2025,Logement,MAMH — Données Québec (rôle d'évaluation foncière),https://donneesouvertes.affmunqc.net/role/RL71060_2026.xml,,,,
"545, Grand Boulevard, app. 545",,L'Île-Perrot,,,671.18,1988,185200,239800,425000,2025,Immeuble à bureaux,MAMH — Données Québec (rôle d'évaluation foncière),https://donneesouvertes.affmunqc.net/role/RL71060_2026.xml,,,,
"549, Grand Boulevard",,L'Île-Perrot,,,669.76,1989,185100,190200,375300,2025,Immeuble à bureaux,MAMH — Données Québec (rôle d'évaluation foncière),https://donneesouvertes.affmunqc.net/role/RL71060_2026.xml,,,,
"553, Grand Boulevard",,L'Île-Perrot,,,670.82,1990,185200,203900,389100,2025,Industrie,MAMH — Données Québec (rôle d'évaluation foncière),https://donneesouvertes.affmunqc.net/role/RL71060_2026.xml,,,,
"559, Grand Boulevard",,L'Île-Perrot,,,775.34,1990,195600,252600,448200,2025,Industrie,MAMH — Données Québec (rôle d'évaluation foncière),https://donneesouvertes.affmunqc.net/role/RL71060_2026.xml,,,,
"20, Rene-emard, app. 22",,L'Île-Perrot,,,553.6,1991,171000,486100,657100,2025,Logement,MAMH — Données Québec (rôle d'évaluation foncière),https://donneesouvertes.affmunqc.net/role/RL71060_2026.xml,,,,
"539, Grand Boulevard",,L'Île-Perrot,,,1778.4,1959,294900,315500,610400,2025,Logement,MAMH — Données Québec (rôle d'évaluation foncière),https://donneesouvertes.affmunqc.net/role/RL71060_2026.xml,,,,
"21, Rene-emard",,L'Île-Perrot,,,283.55,1992,93600,294500,388100,2025,Logement,MAMH — Données Québec (rôle d'évaluation foncière),https://donneesouvertes.affmunqc.net/role/RL71060_2026.xml,,,,
"23, Rene-emard",,L'Île-Perrot,,,272.05,1992,92000,290900,382900,2025,Logement,MAMH — Données Québec (rôle d'évaluation foncière),https://donneesouvertes.affmunqc.net/role/RL71060_2026.xml,,,,
"27, Rene-emard",,L'Île-Perrot,,,272.65,1992,92100,246600,338700,2025,Logement,MAMH — Données Québec (rôle d'évaluation foncière),https://donneesouvertes.affmunqc.net/role/RL71060_2026.xml,,,,
"29, Rene-emard",,L'Île-Perrot,,,284.15,1992,93700,294600,388300,2025,Logement,MAMH — Données Québec (rôle d'évaluation foncière),https://donneesouvertes.affmunqc.net/role/RL71060_2026.xml,,,,
"172, Emeraudes",,L'Île-Perrot,,,297.45,1994,109800,313300,423100,2025,Logement,MAMH — Données Québec (rôle d'évaluation foncière),https://donneesouvertes.affmunqc.net/role/RL71060_2026.xml,,,,
"174, Emeraudes",,L'Île-Perrot,,,268.85,1994,105400,283500,388900,2025,Logement,MAMH — Données Québec (rôle d'évaluation foncière),https://donneesouvertes.affmunqc.net/role/RL71060_2026.xml,,,,
"178, Emeraudes",,L'Île-Perrot,,,515.3,1994,129300,274600,403900,2025,Logement,MAMH — Données Québec (rôle d'évaluation foncière),https://donneesouvertes.affmunqc.net/role/RL71060_2026.xml,,,,
"180, Emeraudes",,L'Île-Perrot,,,543.9,1994,129500,279500,409000,2025,Logement,MAMH — Données Québec (rôle d'évaluation foncière),https://donneesouvertes.affmunqc.net/role/RL71060_2026.xml,,,,
"163, Emeraudes",,L'Île-Perrot,,,230,1994,99500,291300,390800,2025,Logement,MAMH — Données Québec (rôle d'évaluation foncière),https://donneesouvertes.affmunqc.net/role/RL71060_2026.xml,,,,
"165, Emeraudes",,L'Île-Perrot,,,230,1994,99500,255500,355000,2025,Logement,MAMH — Données Québec (rôle d'évaluation foncière),https://donneesouvertes.affmunqc.net/role/RL71060_2026.xml,,,,
"167, Emeraudes",,L'Île-Perrot,,,258.6,1994,103800,294200,398000,2025,Logement,MAMH — Données Québec (rôle d'évaluation foncière),https://donneesouvertes.affmunqc.net/role/RL71060_2026.xml,,,,
"171, Emeraudes",,L'Île-Perrot,,,265.6,1994,104900,288900,393800,2025,Logement,MAMH — Données Québec (rôle d'évaluation foncière),https://donneesouvertes.affmunqc.net/role/RL71060_2026.xml,,,,
"173, Emeraudes",,L'Île-Perrot,,,237,1994,100500,257400,357900,2025,Logement,MAMH — Données Québec (rôle d'évaluation foncière),https://donneesouvertes.affmunqc.net/role/RL71060_2026.xml,,,,
"177, Emeraudes",,L'Île-Perrot,,,215.05,1994,97200,265900,363100,2025,Logement,MAMH — Données Québec (rôle d'évaluation foncière),https://donneesouvertes.affmunqc.net/role/RL71060_2026.xml,,,,
"179, Emeraudes",,L'Île-Perrot,,,243.65,1994,101500,294600,396100,2025,Logement,MAMH — Données Québec (rôle d'évaluation foncière),https://donneesouvertes.affmunqc.net/role/RL71060_2026.xml,,,,
"183, Emeraudes",,L'Île-Perrot,,,246.75,1994,102000,273200,375200,2025,Logement,MAMH — Données Québec (rôle d'évaluation foncière),https://donneesouvertes.affmunqc.net/role/RL71060_2026.xml,,,,
"185, Emeraudes",,L'Île-Perrot,,,218.15,1994,97600,261200,358800,2025,Logement,MAMH — Données Québec (rôle d'évaluation foncière),https://donneesouvertes.affmunqc.net/role/RL71060_2026.xml,,,,
"187, Emeraudes",,L'Île-Perrot,,,393.8,1994,124500,272900,397400,2025,Logement,MAMH — Données Québec (rôle d'évaluation foncière),https://donneesouvertes.affmunqc.net/role/RL71060_2026.xml,,,,
"189, Emeraudes",,L'Île-Perrot,,,422.4,1994,128500,277300,405800,2025,Logement,MAMH — Données Québec (rôle d'évaluation foncière),https://donneesouvertes.affmunqc.net/role/RL71060_2026.xml,,,,
"145, Emeraudes",,L'Île-Perrot,,,231.16,1994,99600,288200,387800,2025,Logement,MAMH — Données Québec (rôle d'évaluation foncière),https://donneesouvertes.affmunqc.net/role/RL71060_2026.xml,,,,
"147, Emeraudes",,L'Île-Perrot,,,231.16,1994,99600,257700,357300,2025,Logement,MAMH — Données Québec (rôle d'évaluation foncière),https://donneesouvertes.affmunqc.net/role/RL71060_2026.xml,,,,
"149, Emeraudes",,L'Île-Perrot,,,259.76,1994,104000,287200,391200,2025,Logement,MAMH — Données Québec (rôle d'évaluation foncière),https://donneesouvertes.affmunqc.net/role/RL71060_2026.xml,,,,
"23, Saphirs",,L'Île-Perrot,,,451.1,2001,179200,309800,489000,2025,Logement,MAMH — Données Québec (rôle d'évaluation foncière),https://donneesouvertes.affmunqc.net/role/RL71060_2026.xml,,,,
"153, Emeraudes",,L'Île-Perrot,,,259.96,1994,104000,303700,407700,2025,Logement,MAMH — Données Québec (rôle d'évaluation foncière),https://donneesouvertes.affmunqc.net/role/RL71060_2026.xml,,,,
"155, Emeraudes",,L'Île-Perrot,,,231.36,1994,99700,282700,382400,2025,Logement,MAMH — Données Québec (rôle d'évaluation foncière),https://donneesouvertes.affmunqc.net/role/RL71060_2026.xml,,,,
"157, Emeraudes",,L'Île-Perrot,,,231.36,1994,99700,303000,402700,2025,Logement,MAMH — Données Québec (rôle d'évaluation foncière),https://donneesouvertes.affmunqc.net/role/RL71060_2026.xml,,,,
"27, Saphirs",,L'Île-Perrot,,,451.1,2001,179200,367000,546200,2025,Logement,MAMH — Données Québec (rôle d'évaluation foncière),https://donneesouvertes.affmunqc.net/role/RL71060_2026.xml,,,,
"31, Saphirs",,L'Île-Perrot,,,451.1,2001,179200,397300,576500,2025,Logement,MAMH — Données Québec (rôle d'évaluation foncière),https://donneesouvertes.affmunqc.net/role/RL71060_2026.xml,,,,
"55, Saphirs",,L'Île-Perrot,,,528.5,2002,191000,364400,555400,2025,Logement,MAMH — Données Québec (rôle d'évaluation foncière),https://donneesouvertes.affmunqc.net/role/RL71060_2026.xml,,,,
"35, Saphirs",,L'Île-Perrot,,,502.6,2001,187100,357500,544600,2025,Logement,MAMH — Données Québec (rôle d'évaluation foncière),https://donneesouvertes.affmunqc.net/role/RL71060_2026.xml,,,,
"39, Saphirs",,L'Île-Perrot,,,582.3,2001,199300,388500,587800,2025,Logement,MAMH — Données Québec (rôle d'évaluation foncière),https://donneesouvertes.affmunqc.net/role/RL71060_2026.xml,,,,
"51, Saphirs",,L'Île-Perrot,,,689.1,2004,215600,389200,604800,2025,Logement,MAMH — Données Québec (rôle d'évaluation foncière),https://donneesouvertes.affmunqc.net/role/RL71060_2026.xml,,,,
"43, Saphirs",,L'Île-Perrot,,,833,2002,221200,380900,602100,2025,Logement,MAMH — Données Québec (rôle d'évaluation foncière),https://donneesouvertes.affmunqc.net/role/RL71060_2026.xml,,,,
"47, Saphirs",,L'Île-Perrot,,,954,2002,222200,381500,603700,2025,Logement,MAMH — Données Québec (rôle d'évaluation foncière),https://donneesouvertes.affmunqc.net/role/RL71060_2026.xml,,,,
"59, Saphirs",,L'Île-Perrot,,,441.9,2002,177800,390300,568100,2025,Logement,MAMH — Données Québec (rôle d'évaluation foncière),https://donneesouvertes.affmunqc.net/role/RL71060_2026.xml,,,,
"6, Don-quichotte, app. 10",,L'Île-Perrot,,,15565,,5012200,4464000,9476200,2025,Immeuble à bureaux,MAMH — Données Québec (rôle d'évaluation foncière),https://donneesouvertes.affmunqc.net/role/RL71060_2026.xml,,,,
"12, Don-quichotte",,L'Île-Perrot,,,8166.1,1990,2694800,2059300,4754100,2025,Immeuble à bureaux,MAMH — Données Québec (rôle d'évaluation foncière),https://donneesouvertes.affmunqc.net/role/RL71060_2026.xml,,,,
"94, Rene-emard",,L'Île-Perrot,,,293.25,1991,94900,240200,335100,2025,Logement,MAMH — Données Québec (rôle d'évaluation foncière),https://donneesouvertes.affmunqc.net/role/RL71060_2026.xml,,,,
"92, Rene-emard",,L'Île-Perrot,,,293.25,1991,94900,217400,312300,2025,Logement,MAMH — Données Québec (rôle d'évaluation foncière),https://donneesouvertes.affmunqc.net/role/RL71060_2026.xml,,,,
"98, Rene-emard",,L'Île-Perrot,,,294.65,1991,95000,234800,329800,2025,Logement,MAMH — Données Québec (rôle d'évaluation foncière),https://donneesouvertes.affmunqc.net/role/RL71060_2026.xml,,,,
"100, Rene-emard",,L'Île-Perrot,,,294.65,1991,95000,246000,341000,2025,Logement,MAMH — Données Québec (rôle d'évaluation foncière),https://donneesouvertes.affmunqc.net/role/RL71060_2026.xml,,,,
"50, Rene-emard",,L'Île-Perrot,,,283.65,1991,93600,240100,333700,2025,Logement,MAMH — Données Québec (rôle d'évaluation foncière),https://donneesouvertes.affmunqc.net/role/RL71060_2026.xml,,,,
"52, Rene-emard",,L'Île-Perrot,,,283.65,1991,93600,242900,336500,2025,Logement,MAMH — Données Québec (rôle d'évaluation foncière),https://donneesouvertes.affmunqc.net/role/RL71060_2026.xml,,,,
"58, Rene-emard",,L'Île-Perrot,,,285,1991,93800,252700,346500,2025,Logement,MAMH — Données Québec (rôle d'évaluation foncière),https://donneesouvertes.affmunqc.net/role/RL71060_2026.xml,,,,
"56, Rene-emard",,L'Île-Perrot,,,285,1991,93800,217800,311600,2025,Logement,MAMH — Données Québec (rôle d'évaluation foncière),https://donneesouvertes.affmunqc.net/role/RL71060_2026.xml,,,,
"62, Rene-emard",,L'Île-Perrot,,,286.4,1991,94000,243400,337400,2025,Logement,MAMH — Données Québec (rôle d'évaluation foncière),https://donneesouvertes.affmunqc.net/role/RL71060_2026.xml,,,,
"64, Rene-emard",,L'Île-Perrot,,,286.4,1991,94000,261600,355600,2025,Logement,MAMH — Données Québec (rôle d'évaluation foncière),https://donneesouvertes.affmunqc.net/role/RL71060_2026.xml,,,,
"51, Rene-emard",,L'Île-Perrot,,,275.47,1992,92500,255900,348400,2025,Logement,MAMH — Données Québec (rôle d'évaluation foncière),https://donneesouvertes.affmunqc.net/role/RL71060_2026.xml,,,,
"53, Rene-emard",,L'Île-Perrot,,,294.63,1992,95000,264000,359000,2025,Logement,MAMH — Données Québec (rôle d'évaluation foncière),https://donneesouvertes.affmunqc.net/role/RL71060_2026.xml,,,,
"70, Rene-emard",,L'Île-Perrot,,,287.75,1991,94100,231600,325700,2025,Logement,MAMH — Données Québec (rôle d'évaluation foncière),https://donneesouvertes.affmunqc.net/role/RL71060_2026.xml,,,,
"68, Rene-emard",,L'Île-Perrot,,,287.75,1991,94100,261900,356000,2025,Logement,MAMH — Données Québec (rôle d'évaluation foncière),https://donneesouvertes.affmunqc.net/role/RL71060_2026.xml,,,,
"59, Rene-emard",,L'Île-Perrot,,,181.53,1991,72400,271700,344100,2025,Logement,MAMH — Données Québec (rôle d'évaluation foncière),https://donneesouvertes.affmunqc.net/role/RL71060_2026.xml,,,,
"57, Rene-emard",,L'Île-Perrot,,,176.19,1991,70300,218800,289100,2025,Logement,MAMH — Données Québec (rôle d'évaluation foncière),https://donneesouvertes.affmunqc.net/role/RL71060_2026.xml,,,,
"55, Rene-emard",,L'Île-Perrot,,,176.19,1991,70300,198800,269100,2025,Logement,MAMH — Données Québec (rôle d'évaluation foncière),https://donneesouvertes.affmunqc.net/role/RL71060_2026.xml,,,,
"74, Rene-emard",,L'Île-Perrot,,,289.15,1991,94300,231700,326000,2025,Logement,MAMH — Données Québec (rôle d'évaluation foncière),https://donneesouvertes.affmunqc.net/role/RL71060_2026.xml,,,,
"76, Rene-emard",,L'Île-Perrot,,,289.15,1991,94300,217500,311800,2025,Logement,MAMH — Données Québec (rôle d'évaluation foncière),https://donneesouvertes.affmunqc.net/role/RL71060_2026.xml,,,,
"63, Rene-emard",,L'Île-Perrot,,,182.48,1991,72800,260600,333400,2025,Logement,MAMH — Données Québec (rôle d'évaluation foncière),https://donneesouvertes.affmunqc.net/role/RL71060_2026.xml,,,,
"65, Rene-emard",,L'Île-Perrot,,,177.11,1991,70700,243700,314400,2025,Logement,MAMH — Données Québec (rôle d'évaluation foncière),https://donneesouvertes.affmunqc.net/role/RL71060_2026.xml,,,,
"61, Rene-emard",,L'Île-Perrot,,,177.11,1991,70700,201000,271700,2025,Logement,MAMH — Données Québec (rôle d'évaluation foncière),https://donneesouvertes.affmunqc.net/role/RL71060_2026.xml,,,,
"82, Rene-emard",,L'Île-Perrot,,,290.5,1991,94500,241100,335600,2025,Logement,MAMH — Données Québec (rôle d'évaluation foncière),https://donneesouvertes.affmunqc.net/role/RL71060_2026.xml,,,,
"80, Rene-emard",,L'Île-Perrot,,,290.5,1991,94500,241300,335800,2025,Logement,MAMH — Données Québec (rôle d'évaluation foncière),https://donneesouvertes.affmunqc.net/role/RL71060_2026.xml,,,,
"71, Rene-emard",,L'Île-Perrot,,,183.36,1991,73200,253300,326500,2025,Logement,MAMH — Données Québec (rôle d'évaluation foncière),https://donneesouvertes.affmunqc.net/role/RL71060_2026.xml,,,,
"69, Rene-emard",,L'Île-Perrot,,,177.97,1991,71000,243700,314700,2025,Logement,MAMH — Données Québec (rôle d'évaluation foncière),https://donneesouvertes.affmunqc.net/role/RL71060_2026.xml,,,,
"67, Rene-emard",,L'Île-Perrot,,,177.97,1991,71000,188000,259000,2025,Logement,MAMH — Données Québec (rôle d'évaluation foncière),https://donneesouvertes.affmunqc.net/role/RL71060_2026.xml,,,,
"86, Rene-emard",,L'Île-Perrot,,,291.9,1991,94700,239200,333900,2025,Logement,MAMH — Données Québec (rôle d'évaluation foncière),https://donneesouvertes.affmunqc.net/role/RL71060_2026.xml,,,,
"88, Rene-emard",,L'Île-Perrot,,,291.9,1991,94700,214200,308900,2025,Logement,MAMH — Données Québec (rôle d'évaluation foncière),https://donneesouvertes.affmunqc.net/role/RL71060_2026.xml,,,,
"75, Rene-emard",,L'Île-Perrot,,,183.36,1991,73200,250500,323700,2025,Logement,MAMH — Données Québec (rôle d'évaluation foncière),https://donneesouvertes.affmunqc.net/role/RL71060_2026.xml,,,,
"77, Rene-emard",,L'Île-Perrot,,,177.97,1991,71000,242300,313300,2025,Logement,MAMH — Données Québec (rôle d'évaluation foncière),https://donneesouvertes.affmunqc.net/role/RL71060_2026.xml,,,,
"73, Rene-emard",,L'Île-Perrot,,,177.97,1991,71000,195400,266400,2025,Logement,MAMH — Données Québec (rôle d'évaluation foncière),https://donneesouvertes.affmunqc.net/role/RL71060_2026.xml,,,,
"81, Rene-emard",,L'Île-Perrot,,,179.59,1992,71700,222000,293700,2025,Logement,MAMH — Données Québec (rôle d'évaluation foncière),https://donneesouvertes.affmunqc.net/role/RL71060_2026.xml,,,,
"83, Rene-emard",,L'Île-Perrot,,,185.03,1992,73800,239400,313200,2025,Logement,MAMH — Données Québec (rôle d'évaluation foncière),https://donneesouvertes.affmunqc.net/role/RL71060_2026.xml,,,,
"79, Rene-emard",,L'Île-Perrot,,,179.59,1992,71700,206300,278000,2025,Logement,MAMH — Données Québec (rôle d'évaluation foncière),https://donneesouvertes.affmunqc.net/role/RL71060_2026.xml,,,,
"33, Rene-emard",,L'Île-Perrot,,,274.5,1993,92400,295100,387500,2025,Logement,MAMH — Données Québec (rôle d'évaluation foncière),https://donneesouvertes.affmunqc.net/role/RL71060_2026.xml,,,,
"35, Rene-emard",,L'Île-Perrot,,,285.7,1993,93900,246100,340000,2025,Logement,MAMH — Données Québec (rôle d'évaluation foncière),https://donneesouvertes.affmunqc.net/role/RL71060_2026.xml,,,,
"39, Rene-emard",,L'Île-Perrot,,,276.12,1992,92600,240600,333200,2025,Logement,MAMH — Données Québec (rôle d'évaluation foncière),https://donneesouvertes.affmunqc.net/role/RL71060_2026.xml,,,,
"41, Rene-emard",,L'Île-Perrot,,,287.38,1993,94100,265300,359400,2025,Logement,MAMH — Données Québec (rôle d'évaluation foncière),https://donneesouvertes.affmunqc.net/role/RL71060_2026.xml,,,,
"45, Rene-emard",,L'Île-Perrot,,,276.26,1992,92600,270600,363200,2025,Logement,MAMH — Données Québec (rôle d'évaluation foncière),https://donneesouvertes.affmunqc.net/role/RL71060_2026.xml,,,,
"47, Rene-emard",,L'Île-Perrot,,,290.54,1992,94500,246300,340800,2025,Logement,MAMH — Données Québec (rôle d'évaluation foncière),https://donneesouvertes.affmunqc.net/role/RL71060_2026.xml,,,,
"40, Lucien-manning",,L'Île-Perrot,,,2024.8,1994,385000,552100,937100,2025,Industrie,MAMH — Données Québec (rôle d'évaluation foncière),https://donneesouvertes.affmunqc.net/role/RL71060_2026.xml,,,,
"41, Lucien-manning",,L'Île-Perrot,,,2098.4,2002,391400,1117400,1508800,2025,Immeuble à bureaux,MAMH — Données Québec (rôle d'évaluation foncière),https://donneesouvertes.affmunqc.net/role/RL71060_2026.xml,,,,
"50, Lucien-manning",,L'Île-Perrot,,,2808.8,1993,421700,657900,1079600,2025,Industrie,MAMH — Données Québec (rôle d'évaluation foncière),https://donneesouvertes.affmunqc.net/role/RL71060_2026.xml,,,,
"531, Grand Boulevard",,L'Île-Perrot,,,1773.3,2006,413200,1000700,1413900,2025,Industrie,MAMH — Données Québec (rôle d'évaluation foncière),https://donneesouvertes.affmunqc.net/role/RL71060_2026.xml,,,,
"476, Grand Boulevard",,L'Île-Perrot,,,32664.9,1952,3593100,3731800,7324900,2025,Industrie,MAMH — Données Québec (rôle d'évaluation foncière),https://donneesouvertes.affmunqc.net/role/RL71060_2026.xml,,,,
"30, Don-quichotte",,L'Île-Perrot,,,15848.4,,4791200,2149800,6941000,2025,Immeuble à bureaux,MAMH — Données Québec (rôle d'évaluation foncière),https://donneesouvertes.affmunqc.net/role/RL71060_2026.xml,,,,
"106, Rene-emard",,L'Île-Perrot,,,296,1991,95200,248000,343200,2025,Logement,MAMH — Données Québec (rôle d'évaluation foncière),https://donneesouvertes.affmunqc.net/role/RL71060_2026.xml,,,,
"104, Rene-emard",,L'Île-Perrot,,,296,1991,95200,277200,372400,2025,Logement,MAMH — Données Québec (rôle d'évaluation foncière),https://donneesouvertes.affmunqc.net/role/RL71060_2026.xml,,,,
"110, Rene-emard",,L'Île-Perrot,,,297.35,1991,95400,235900,331300,2025,Logement,MAMH — Données Québec (rôle d'évaluation foncière),https://donneesouvertes.affmunqc.net/role/RL71060_2026.xml,,,,
"112, Rene-emard",,L'Île-Perrot,,,297.35,1991,95400,257200,352600,2025,Logement,MAMH — Données Québec (rôle d'évaluation foncière),https://donneesouvertes.affmunqc.net/role/RL71060_2026.xml,,,,
"118, Rene-emard",,L'Île-Perrot,,,298.75,1991,95600,228700,324300,2025,Logement,MAMH — Données Québec (rôle d'évaluation foncière),https://donneesouvertes.affmunqc.net/role/RL71060_2026.xml,,,,
"116, Rene-emard",,L'Île-Perrot,,,298.75,1991,95600,218700,314300,2025,Logement,MAMH — Données Québec (rôle d'évaluation foncière),https://donneesouvertes.affmunqc.net/role/RL71060_2026.xml,,,,
"122, Rene-emard",,L'Île-Perrot,,,308.5,1993,96900,284900,381800,2025,Logement,MAMH — Données Québec (rôle d'évaluation foncière),https://donneesouvertes.affmunqc.net/role/RL71060_2026.xml,,,,
"124, Rene-emard",,L'Île-Perrot,,,290.7,1992,94500,259400,353900,2025,Logement,MAMH — Données Québec (rôle d'évaluation foncière),https://donneesouvertes.affmunqc.net/role/RL71060_2026.xml,,,,
"126, Rene-emard",,L'Île-Perrot,,,309.7,1993,97100,290500,387600,2025,Logement,MAMH — Données Québec (rôle d'évaluation foncière),https://donneesouvertes.affmunqc.net/role/RL71060_2026.xml,,,,
"128, Rene-emard",,L'Île-Perrot,,,346.27,1993,101900,297700,399600,2025,Logement,MAMH — Données Québec (rôle d'évaluation foncière),https://donneesouvertes.affmunqc.net/role/RL71060_2026.xml,,,,
"130, Rene-emard",,L'Île-Perrot,,,301.4,1993,95900,270500,366400,2025,Logement,MAMH — Données Québec (rôle d'évaluation foncière),https://donneesouvertes.affmunqc.net/role/RL71060_2026.xml,,,,
"132, Rene-emard",,L'Île-Perrot,,,346.27,1993,101900,304500,406400,2025,Logement,MAMH — Données Québec (rôle d'évaluation foncière),https://donneesouvertes.affmunqc.net/role/RL71060_2026.xml,,,,
"127, Rene-emard",,L'Île-Perrot,,,267.43,1992,91400,236900,328300,2025,Logement,MAMH — Données Québec (rôle d'évaluation foncière),https://donneesouvertes.affmunqc.net/role/RL71060_2026.xml,,,,
"125, Rene-emard",,L'Île-Perrot,,,275.54,1992,92500,241300,333800,2025,Logement,MAMH — Données Québec (rôle d'évaluation foncière),https://donneesouvertes.affmunqc.net/role/RL71060_2026.xml,,,,
"123, Rene-emard",,L'Île-Perrot,,,267.43,1992,91400,212700,304100,2025,Logement,MAMH — Données Québec (rôle d'évaluation foncière),https://donneesouvertes.affmunqc.net/role/RL71060_2026.xml,,,,
"134, Rene-emard",,L'Île-Perrot,,,230.18,1991,86500,254200,340700,2025,Logement,MAMH — Données Québec (rôle d'évaluation foncière),https://donneesouvertes.affmunqc.net/role/RL71060_2026.xml,,,,
"136, Rene-emard",,L'Île-Perrot,,,230.18,1991,86500,240100,326600,2025,Logement,MAMH — Données Québec (rôle d'évaluation foncière),https://donneesouvertes.affmunqc.net/role/RL71060_2026.xml,,,,
"138, Rene-emard",,L'Île-Perrot,,,237.15,1991,87400,276900,364300,2025,Logement,MAMH — Données Québec (rôle d'évaluation foncière),https://donneesouvertes.affmunqc.net/role/RL71060_2026.xml,,,,
"206, Andre-lacombe",,L'Île-Perrot,,,384.5,1998,144100,302700,446800,2025,Logement,MAMH — Données Québec (rôle d'évaluation foncière),https://donneesouvertes.affmunqc.net/role/RL71060_2026.xml,,,,
"208, Andre-lacombe",,L'Île-Perrot,,,361.5,1998,144000,282800,426800,2025,Logement,MAMH — Données Québec (rôle d'évaluation foncière),https://donneesouvertes.affmunqc.net/role/RL71060_2026.xml,,,,
"210, Andre-lacombe",,L'Île-Perrot,,,361.5,1998,144000,273900,417900,2025,Logement,MAMH — Données Québec (rôle d'évaluation foncière),https://donneesouvertes.affmunqc.net/role/RL71060_2026.xml,,,,
"212, Andre-lacombe",,L'Île-Perrot,,,384.5,1998,144100,328700,472800,2025,Logement,MAMH — Données Québec (rôle d'évaluation foncière),https://donneesouvertes.affmunqc.net/role/RL71060_2026.xml,,,,
"140, Rene-emard",,L'Île-Perrot,,,146.82,1991,58600,247700,306300,2025,Logement,MAMH — Données Québec (rôle d'évaluation foncière),https://donneesouvertes.affmunqc.net/role/RL71060_2026.xml,,,,
"142, Rene-emard",,L'Île-Perrot,,,146.82,1991,58600,235600,294200,2025,Logement,MAMH — Données Québec (rôle d'évaluation foncière),https://donneesouvertes.affmunqc.net/role/RL71060_2026.xml,,,,
"144, Rene-emard",,L'Île-Perrot,,,151.27,1991,60400,274500,334900,2025,Logement,MAMH — Données Québec (rôle d'évaluation foncière),https://donneesouvertes.affmunqc.net/role/RL71060_2026.xml,,,,
"87, Rene-emard",,L'Île-Perrot,,,180.38,1992,72000,200500,272500,2025,Logement,MAMH — Données Québec (rôle d'évaluation foncière),https://donneesouvertes.affmunqc.net/role/RL71060_2026.xml,,,,
"85, Rene-emard",,L'Île-Perrot,,,185.84,1992,74200,275300,349500,2025,Logement,MAMH — Données Québec (rôle d'évaluation foncière),https://donneesouvertes.affmunqc.net/role/RL71060_2026.xml,,,,
"89, Rene-emard",,L'Île-Perrot,,,180.38,1992,72000,196600,268600,2025,Logement,MAMH — Données Québec (rôle d'évaluation foncière),https://donneesouvertes.affmunqc.net/role/RL71060_2026.xml,,,,
"93, Rene-emard",,L'Île-Perrot,,,175.68,1992,70100,194200,264300,2025,Logement,MAMH — Données Québec (rôle d'évaluation foncière),https://donneesouvertes.affmunqc.net/role/RL71060_2026.xml,,,,
"95, Rene-emard",,L'Île-Perrot,,,192.15,1992,76700,218700,295400,2025,Logement,MAMH — Données Québec (rôle d'évaluation foncière),https://donneesouvertes.affmunqc.net/role/RL71060_2026.xml,,,,
"91, Rene-emard",,L'Île-Perrot,,,181.17,1992,72300,228600,300900,2025,Logement,MAMH — Données Québec (rôle d'évaluation foncière),https://donneesouvertes.affmunqc.net/role/RL71060_2026.xml,,,,
"74, Lucien-manning",,L'Île-Perrot,,,386.48,1992,107300,264900,372200,2025,Logement,MAMH — Données Québec (rôle d'évaluation foncière),https://donneesouvertes.affmunqc.net/role/RL71060_2026.xml,,,,
"76, Lucien-manning",,L'Île-Perrot,,,342.02,1992,101300,245400,346700,2025,Logement,MAMH — Données Québec (rôle d'évaluation foncière),https://donneesouvertes.affmunqc.net/role/RL71060_2026.xml,,,,
"99, Rene-emard",,L'Île-Perrot,,,182,1992,72600,207100,279700,2025,Logement,MAMH — Données Québec (rôle d'évaluation foncière),https://donneesouvertes.affmunqc.net/role/RL71060_2026.xml,,,,
"97, Rene-emard",,L'Île-Perrot,,,193.03,1992,77000,255800,332800,2025,Logement,MAMH — Données Québec (rôle d'évaluation foncière),https://donneesouvertes.affmunqc.net/role/RL71060_2026.xml,,,,
"101, Rene-emard",,L'Île-Perrot,,,176.48,1992,70400,182200,252600,2025,Logement,MAMH — Données Québec (rôle d'évaluation foncière),https://donneesouvertes.affmunqc.net/role/RL71060_2026.xml,,,,
"80, Lucien-manning",,L'Île-Perrot,,,243.4,1992,88200,258100,346300,2025,Logement,MAMH — Données Québec (rôle d'évaluation foncière),https://donneesouvertes.affmunqc.net/role/RL71060_2026.xml,,,,
"82, Lucien-manning",,L'Île-Perrot,,,254,1992,89600,274800,364400,2025,Logement,MAMH — Données Québec (rôle d'évaluation foncière),https://donneesouvertes.affmunqc.net/role/RL71060_2026.xml,,,,
"105, Rene-emard, app. 109",,L'Île-Perrot,,,553.9,2004,180100,507200,687300,2025,Logement,MAMH — Données Québec (rôle d'évaluation foncière),https://donneesouvertes.affmunqc.net/role/RL71060_2026.xml,,,,
"86, Lucien-manning",,L'Île-Perrot,,,253.25,1992,89500,286800,376300,2025,Logement,MAMH — Données Québec (rôle d'évaluation foncière),https://donneesouvertes.affmunqc.net/role/RL71060_2026.xml,,,,
"88, Lucien-manning",,L'Île-Perrot,,,242.65,1992,88100,262800,350900,2025,Logement,MAMH — Données Québec (rôle d'évaluation foncière),https://donneesouvertes.affmunqc.net/role/RL71060_2026.xml,,,,
"111, Rene-emard, app. 115",,L'Île-Perrot,,,556.3,2004,180400,506500,686900,2025,Logement,MAMH — Données Québec (rôle d'évaluation foncière),https://donneesouvertes.affmunqc.net/role/RL71060_2026.xml,,,,
"92, Lucien-manning",,L'Île-Perrot,,,241.85,1992,88000,219500,307500,2025,Logement,MAMH — Données Québec (rôle d'évaluation foncière),https://donneesouvertes.affmunqc.net/role/RL71060_2026.xml,,,,
"94, Lucien-manning",,L'Île-Perrot,,,252.45,1991,89400,273100,362500,2025,Logement,MAMH — Données Québec (rôle d'évaluation foncière),https://donneesouvertes.affmunqc.net/role/RL71060_2026.xml,,,,
"117, Rene-emard",,L'Île-Perrot,,,184.4,1992,73600,258900,332500,2025,Logement,MAMH — Données Québec (rôle d'évaluation foncière),https://donneesouvertes.affmunqc.net/role/RL71060_2026.xml,,,,
"119, Rene-emard",,L'Île-Perrot,,,190,1992,75800,258200,334000,2025,Logement,MAMH — Données Québec (rôle d'évaluation foncière),https://donneesouvertes.affmunqc.net/role/RL71060_2026.xml,,,,
"121, Rene-emard",,L'Île-Perrot,,,184.4,1992,73600,224800,298400,2025,Logement,MAMH — Données Québec (rôle d'évaluation foncière),https://donneesouvertes.affmunqc.net/role/RL71060_2026.xml,,,,
"98, Lucien-manning",,L'Île-Perrot,,,251.65,1991,89300,266700,356000,2025,Logement,MAMH — Données Québec (rôle d'évaluation foncière),https://donneesouvertes.affmunqc.net/role/RL71060_2026.xml,,,,
"100, Lucien-manning",,L'Île-Perrot,,,241.05,1992,87900,208900,296800,2025,Logement,MAMH — Données Québec (rôle d'évaluation foncière),https://donneesouvertes.affmunqc.net/role/RL71060_2026.xml,,,,
"104, Lucien-manning",,L'Île-Perrot,,,240.25,1991,87800,212300,300100,2025,Logement,MAMH — Données Québec (rôle d'évaluation foncière),https://donneesouvertes.affmunqc.net/role/RL71060_2026.xml,,,,
"106, Lucien-manning",,L'Île-Perrot,,,250.85,1991,89200,275800,365000,2025,Logement,MAMH — Données Québec (rôle d'évaluation foncière),https://donneesouvertes.affmunqc.net/role/RL71060_2026.xml,,,,
"95, Lucien-manning",,L'Île-Perrot,,,306.66,1991,96600,256600,353200,2025,Logement,MAMH — Données Québec (rôle d'évaluation foncière),https://donneesouvertes.affmunqc.net/role/RL71060_2026.xml,,,,
"97, Lucien-manning",,L'Île-Perrot,,,296.76,1992,95300,234600,329900,2025,Logement,MAMH — Données Québec (rôle d'évaluation foncière),https://donneesouvertes.affmunqc.net/role/RL71060_2026.xml,,,,
"99, Lucien-manning",,L'Île-Perrot,,,306.66,1992,96600,271300,367900,2025,Logement,MAMH — Données Québec (rôle d'évaluation foncière),https://donneesouvertes.affmunqc.net/role/RL71060_2026.xml,,,,
"110, Lucien-manning",,L'Île-Perrot,,,249.8,1991,89100,264000,353100,2025,Logement,MAMH — Données Québec (rôle d'évaluation foncière),https://donneesouvertes.affmunqc.net/role/RL71060_2026.xml,,,,
"112, Lucien-manning",,L'Île-Perrot,,,239.7,1991,87700,214700,302400,2025,Logement,MAMH — Données Québec (rôle d'évaluation foncière),https://donneesouvertes.affmunqc.net/role/RL71060_2026.xml,,,,
"116, Lucien-manning",,L'Île-Perrot,,,311.57,1991,97300,219000,316300,2025,Logement,MAMH — Données Québec (rôle d'évaluation foncière),https://donneesouvertes.affmunqc.net/role/RL71060_2026.xml,,,,
"118, Lucien-manning",,L'Île-Perrot,,,351.83,1991,102700,260700,363400,2025,Logement,MAMH — Données Québec (rôle d'évaluation foncière),https://donneesouvertes.affmunqc.net/role/RL71060_2026.xml,,,,
"103, Lucien-manning",,L'Île-Perrot,,,293.95,1992,95000,281400,376400,2025,Logement,MAMH — Données Québec (rôle d'évaluation foncière),https://donneesouvertes.affmunqc.net/role/RL71060_2026.xml,,,,
"105, Lucien-manning",,L'Île-Perrot,,,282.95,1992,93500,206000,299500,2025,Logement,MAMH — Données Québec (rôle d'évaluation foncière),https://donneesouvertes.affmunqc.net/role/RL71060_2026.xml,,,,
"51, Lucien-manning",,L'Île-Perrot,,,1152.8,1978,270800,110000,380800,2025,Immeuble commercial,MAMH — Données Québec (rôle d'évaluation foncière),https://donneesouvertes.affmunqc.net/role/RL71060_2026.xml,,,,
"73, Lucien-manning",,L'Île-Perrot,,,398.9,1995,108900,292200,401100,2025,Logement,MAMH — Données Québec (rôle d'évaluation foncière),https://donneesouvertes.affmunqc.net/role/RL71060_2026.xml,,,,
"75, Lucien-manning",,L'Île-Perrot,,,398.9,1995,108900,288200,397100,2025,Logement,MAMH — Données Québec (rôle d'évaluation foncière),https://donneesouvertes.affmunqc.net/role/RL71060_2026.xml,,,,
"79, Lucien-manning",,L'Île-Perrot,,,343.6,1996,101600,323200,424800,2025,Logement,MAMH — Données Québec (rôle d'évaluation foncière),https://donneesouvertes.affmunqc.net/role/RL71060_2026.xml,,,,
"81, Lucien-manning",,L'Île-Perrot,,,335.6,1996,100500,300500,401000,2025,Logement,MAMH — Données Québec (rôle d'évaluation foncière),https://donneesouvertes.affmunqc.net/role/RL71060_2026.xml,,,,
"83, Lucien-manning",,L'Île-Perrot,,,343.6,1996,101600,315000,416600,2025,Logement,MAMH — Données Québec (rôle d'évaluation foncière),https://donneesouvertes.affmunqc.net/role/RL71060_2026.xml,,,,
"87, Lucien-manning",,L'Île-Perrot,,,306.73,1992,96700,272000,368700,2025,Logement,MAMH — Données Québec (rôle d'évaluation foncière),https://donneesouvertes.affmunqc.net/role/RL71060_2026.xml,,,,
"89, Lucien-manning",,L'Île-Perrot,,,296.83,1992,95300,216100,311400,2025,Logement,MAMH — Données Québec (rôle d'évaluation foncière),https://donneesouvertes.affmunqc.net/role/RL71060_2026.xml,,,,
"91, Lucien-manning",,L'Île-Perrot,,,306.73,1992,96700,270300,367000,2025,Logement,MAMH — Données Québec (rôle d'évaluation foncière),https://donneesouvertes.affmunqc.net/role/RL71060_2026.xml,,,,
"471, Grand Boulevard, app. 475",,L'Île-Perrot,,,22149,,5449600,7331800,12781400,2025,Immeuble à bureaux,MAMH — Données Québec (rôle d'évaluation foncière),https://donneesouvertes.affmunqc.net/role/RL71060_2026.xml,,,,
"468, Grand Boulevard",,L'Île-Perrot,,,1153.7,1946,285500,130400,415900,2025,Immeuble à bureaux,MAMH — Données Québec (rôle d'évaluation foncière),https://donneesouvertes.affmunqc.net/role/RL71060_2026.xml,,,,
"460, Grand Boulevard",,L'Île-Perrot,,,2344.2,1977,773600,400300,1173900,2025,Immeuble à bureaux,MAMH — Données Québec (rôle d'évaluation foncière),https://donneesouvertes.affmunqc.net/role/RL71060_2026.xml,,,,
"456, Grand Boulevard",,L'Île-Perrot,,,1185.3,1982,391100,24800,415900,2025,Immeuble à bureaux,MAMH — Données Québec (rôle d'évaluation foncière),https://donneesouvertes.affmunqc.net/role/RL71060_2026.xml,,,,
"40, Don-quichotte",,L'Île-Perrot,,,6454.2,1986,2129900,2116700,4246600,2025,Immeuble à bureaux,MAMH — Données Québec (rôle d'évaluation foncière),https://donneesouvertes.affmunqc.net/role/RL71060_2026.xml,,,,
"211, Andre-lacombe",,L'Île-Perrot,,,275.3,1999,127100,236000,363100,2025,Logement,MAMH — Données Québec (rôle d'évaluation foncière),https://donneesouvertes.affmunqc.net/role/RL71060_2026.xml,,,,
"213, Andre-lacombe",,L'Île-Perrot,,,293.2,1999,130600,298900,429500,2025,Logement,MAMH — Données Québec (rôle d'évaluation foncière),https://donneesouvertes.affmunqc.net/role/RL71060_2026.xml,,,,
"207, Andre-lacombe",,L'Île-Perrot,,,357.05,1999,143400,271100,414500,2025,Logement,MAMH — Données Québec (rôle d'évaluation foncière),https://donneesouvertes.affmunqc.net/role/RL71060_2026.xml,,,,
"209, Andre-lacombe",,L'Île-Perrot,,,329.75,1999,138000,246600,384600,2025,Logement,MAMH — Données Québec (rôle d'évaluation foncière),https://donneesouvertes.affmunqc.net/role/RL71060_2026.xml,,,,
"201, Andre-lacombe",,L'Île-Perrot,,,396.85,2006,144200,273200,417400,2025,Logement,MAMH — Données Québec (rôle d'évaluation foncière),https://donneesouvertes.affmunqc.net/role/RL71060_2026.xml,,,,
"203, Andre-lacombe",,L'Île-Perrot,,,396.85,2006,144200,294600,438800,2025,Logement,MAMH — Données Québec (rôle d'évaluation foncière),https://donneesouvertes.affmunqc.net/role/RL71060_2026.xml,,,,
"146, Rene-emard",,L'Île-Perrot,,,147.15,1992,58700,230800,289500,2025,Logement,MAMH — Données Québec (rôle d'évaluation foncière),https://donneesouvertes.affmunqc.net/role/RL71060_2026.xml,,,,
"148, Rene-emard",,L'Île-Perrot,,,147.15,1992,58700,235500,294200,2025,Logement,MAMH — Données Québec (rôle d'évaluation foncière),https://donneesouvertes.affmunqc.net/role/RL71060_2026.xml,,,,
"150, Rene-emard",,L'Île-Perrot,,,151.61,1992,60500,273300,333800,2025,Logement,MAMH — Données Québec (rôle d'évaluation foncière),https://donneesouvertes.affmunqc.net/role/RL71060_2026.xml,,,,
"200, Andre-lacombe",,L'Île-Perrot,,,254.5,1995,122900,221900,344800,2025,Logement,MAMH — Données Québec (rôle d'évaluation foncière),https://donneesouvertes.affmunqc.net/role/RL71060_2026.xml,,,,
"202, Andre-lacombe",,L'Île-Perrot,,,269.3,1994,125900,251200,377100,2025,Logement,MAMH — Données Québec (rôle d'évaluation foncière),https://donneesouvertes.affmunqc.net/role/RL71060_2026.xml,,,,
"152, Rene-emard",,L'Île-Perrot,,,147.15,1992,58700,219700,278400,2025,Logement,MAMH — Données Québec (rôle d'évaluation foncière),https://donneesouvertes.affmunqc.net/role/RL71060_2026.xml,,,,
"154, Rene-emard",,L'Île-Perrot,,,147.15,1992,58700,253600,312300,2025,Logement,MAMH — Données Québec (rôle d'évaluation foncière),https://donneesouvertes.affmunqc.net/role/RL71060_2026.xml,,,,
"156, Rene-emard",,L'Île-Perrot,,,151.61,1992,60500,281800,342300,2025,Logement,MAMH — Données Québec (rôle d'évaluation foncière),https://donneesouvertes.affmunqc.net/role/RL71060_2026.xml,,,,
"194, Andre-lacombe",,L'Île-Perrot,,,270,1996,126000,260600,386600,2025,Logement,MAMH — Données Québec (rôle d'évaluation foncière),https://donneesouvertes.affmunqc.net/role/RL71060_2026.xml,,,,
"196, Andre-lacombe",,L'Île-Perrot,,,255.2,1994,123000,212700,335700,2025,Logement,MAMH — Données Québec (rôle d'évaluation foncière),https://donneesouvertes.affmunqc.net/role/RL71060_2026.xml,,,,
"158, Rene-emard",,L'Île-Perrot,,,147.15,1992,58700,253800,312500,2025,Logement,MAMH — Données Québec (rôle d'évaluation foncière),https://donneesouvertes.affmunqc.net/role/RL71060_2026.xml,,,,
"160, Rene-emard",,L'Île-Perrot,,,147.15,1992,58700,284300,343000,2025,Logement,MAMH — Données Québec (rôle d'évaluation foncière),https://donneesouvertes.affmunqc.net/role/RL71060_2026.xml,,,,
"162, Rene-emard",,L'Île-Perrot,,,151.61,1992,60500,299700,360200,2025,Logement,MAMH — Données Québec (rôle d'évaluation foncière),https://donneesouvertes.affmunqc.net/role/RL71060_2026.xml,,,,
"188, Andre-lacombe",,L'Île-Perrot,,,242.92,1993,120600,215600,336200,2025,Logement,MAMH — Données Québec (rôle d'évaluation foncière),https://donneesouvertes.affmunqc.net/role/RL71060_2026.xml,,,,
"190, Andre-lacombe",,L'Île-Perrot,,,254.55,1993,122900,240800,363700,2025,Logement,MAMH — Données Québec (rôle d'évaluation foncière),https://donneesouvertes.affmunqc.net/role/RL71060_2026.xml,,,,
"182, Andre-lacombe",,L'Île-Perrot,,,254.55,1993,122900,217400,340300,2025,Logement,MAMH — Données Québec (rôle d'évaluation foncière),https://donneesouvertes.affmunqc.net/role/RL71060_2026.xml,,,,
"184, Andre-lacombe",,L'Île-Perrot,,,242.95,1993,120600,206300,326900,2025,Logement,MAMH — Données Québec (rôle d'évaluation foncière),https://donneesouvertes.affmunqc.net/role/RL71060_2026.xml,,,,
"176, Andre-lacombe",,L'Île-Perrot,,,245.85,1993,121200,229600,350800,2025,Logement,MAMH — Données Québec (rôle d'évaluation foncière),https://donneesouvertes.affmunqc.net/role/RL71060_2026.xml,,,,
"178, Andre-lacombe",,L'Île-Perrot,,,257.45,1993,123500,267900,391400,2025,Logement,MAMH — Données Québec (rôle d'évaluation foncière),https://donneesouvertes.affmunqc.net/role/RL71060_2026.xml,,,,
"193, Andre-lacombe",,L'Île-Perrot,,,237.46,2000,119500,332600,452100,2025,Logement,MAMH — Données Québec (rôle d'évaluation foncière),https://donneesouvertes.affmunqc.net/role/RL71060_2026.xml,,,,
"195, Andre-lacombe",,L'Île-Perrot,,,196.76,2001,111400,287000,398400,2025,Logement,MAMH — Données Québec (rôle d'évaluation foncière),https://donneesouvertes.affmunqc.net/role/RL71060_2026.xml,,,,
"197, Andre-lacombe",,L'Île-Perrot,,,271.66,2000,126300,323600,449900,2025,Logement,MAMH — Données Québec (rôle d'évaluation foncière),https://donneesouvertes.affmunqc.net/role/RL71060_2026.xml,,,,
"170, Andre-lacombe",,L'Île-Perrot,,,288.05,1993,129600,255500,385100,2025,Logement,MAMH — Données Québec (rôle d'évaluation foncière),https://donneesouvertes.affmunqc.net/role/RL71060_2026.xml,,,,
"172, Andre-lacombe",,L'Île-Perrot,,,276.45,1993,127300,222700,350000,2025,Logement,MAMH — Données Québec (rôle d'évaluation foncière),https://donneesouvertes.affmunqc.net/role/RL71060_2026.xml,,,,
"187, Andre-lacombe",,L'Île-Perrot,,,328.53,2001,137700,322000,459700,2025,Logement,MAMH — Données Québec (rôle d'évaluation foncière),https://donneesouvertes.affmunqc.net/role/RL71060_2026.xml,,,,
"189, Andre-lacombe",,L'Île-Perrot,,,233.03,2000,118600,307100,425700,2025,Logement,MAMH — Données Québec (rôle d'évaluation foncière),https://donneesouvertes.affmunqc.net/role/RL71060_2026.xml,,,,
"191, Andre-lacombe",,L'Île-Perrot,,,242.13,2001,120400,338000,458400,2025,Logement,MAMH — Données Québec (rôle d'évaluation foncière),https://donneesouvertes.affmunqc.net/role/RL71060_2026.xml,,,,
"173, Andre-lacombe",,L'Île-Perrot,,,270.99,1994,126200,302400,428600,2025,Logement,MAMH — Données Québec (rôle d'évaluation foncière),https://donneesouvertes.affmunqc.net/role/RL71060_2026.xml,,,,
"175, Andre-lacombe",,L'Île-Perrot,,,248.21,1994,121600,258700,380300,2025,Logement,MAMH — Données Québec (rôle d'évaluation foncière),https://donneesouvertes.affmunqc.net/role/RL71060_2026.xml,,,,
"177, Andre-lacombe",,L'Île-Perrot,,,248.21,1994,121600,274200,395800,2025,Logement,MAMH — Données Québec (rôle d'évaluation foncière),https://donneesouvertes.affmunqc.net/role/RL71060_2026.xml,,,,
"179, Andre-lacombe",,L'Île-Perrot,,,248.21,1994,121600,249300,370900,2025,Logement,MAMH — Données Québec (rôle d'évaluation foncière),https://donneesouvertes.affmunqc.net/role/RL71060_2026.xml,,,,
"181, Andre-lacombe",,L'Île-Perrot,,,248.21,1994,121600,274500,396100,2025,Logement,MAMH — Données Québec (rôle d'évaluation foncière),https://donneesouvertes.affmunqc.net/role/RL71060_2026.xml,,,,
"183, Andre-lacombe",,L'Île-Perrot,,,270.99,1994,126200,287500,413700,2025,Logement,MAMH — Données Québec (rôle d'évaluation foncière),https://donneesouvertes.affmunqc.net/role/RL71060_2026.xml,,,,
"109, Lucien-manning",,L'Île-Perrot,,,283.5,1992,93600,253000,346600,2025,Logement,MAMH — Données Québec (rôle d'évaluation foncière),https://donneesouvertes.affmunqc.net/role/RL71060_2026.xml,,,,
"111, Lucien-manning",,L'Île-Perrot,,,294.5,1992,95000,267200,362200,2025,Logement,MAMH — Données Québec (rôle d'évaluation foncière),https://donneesouvertes.affmunqc.net/role/RL71060_2026.xml,,,,
"115, Lucien-manning",,L'Île-Perrot,,,295.05,1992,95100,242900,338000,2025,Logement,MAMH — Données Québec (rôle d'évaluation foncière),https://donneesouvertes.affmunqc.net/role/RL71060_2026.xml,,,,
"117, Lucien-manning",,L'Île-Perrot,,,284.05,1992,93600,212700,306300,2025,Logement,MAMH — Données Québec (rôle d'évaluation foncière),https://donneesouvertes.affmunqc.net/role/RL71060_2026.xml,,,,
"164, Rene-emard",,L'Île-Perrot,,,197.24,1992,78700,258600,337300,2025,Logement,MAMH — Données Québec (rôle d'évaluation foncière),https://donneesouvertes.affmunqc.net/role/RL71060_2026.xml,,,,
"166, Rene-emard",,L'Île-Perrot,,,197.24,1992,78700,267800,346500,2025,Logement,MAMH — Données Québec (rôle d'évaluation foncière),https://donneesouvertes.affmunqc.net/role/RL71060_2026.xml,,,,
"168, Rene-emard",,L'Île-Perrot,,,203.22,1992,81100,323300,404400,2025,Logement,MAMH — Données Québec (rôle d'évaluation foncière),https://donneesouvertes.affmunqc.net/role/RL71060_2026.xml,,,,
"121, Lucien-manning",,L'Île-Perrot,,,287.5,1992,94100,212100,306200,2025,Logement,MAMH — Données Québec (rôle d'évaluation foncière),https://donneesouvertes.affmunqc.net/role/RL71060_2026.xml,,,,
"123, Lucien-manning",,L'Île-Perrot,,,298.5,1992,95600,256700,352300,2025,Logement,MAMH — Données Québec (rôle d'évaluation foncière),https://donneesouvertes.affmunqc.net/role/RL71060_2026.xml,,,,
"421, Grand Boulevard",,L'Île-Perrot,,,2423.8,2017,839800,1219900,2059700,2025,Immeuble à bureaux,MAMH — Données Québec (rôle d'évaluation foncière),https://donneesouvertes.affmunqc.net/role/RL71060_2026.xml,,,,
"60, Don-quichotte",,L'Île-Perrot,,,2090,1988,793200,1235300,2028500,2025,Industrie,MAMH — Données Québec (rôle d'évaluation foncière),https://donneesouvertes.affmunqc.net/role/RL71060_2026.xml,,,,
"70, Don-quichotte",,L'Île-Perrot,,,3279.1,1987,1082100,433300,1515400,2025,Immeuble à bureaux,MAMH — Données Québec (rôle d'évaluation foncière),https://donneesouvertes.affmunqc.net/role/RL71060_2026.xml,,,,
"50, Don-quichotte",,L'Île-Perrot,,,3264.1,1987,1303400,531500,1834900,2025,Immeuble à bureaux,MAMH — Données Québec (rôle d'évaluation foncière),https://donneesouvertes.affmunqc.net/role/RL71060_2026.xml,,,,
"430, Grand Boulevard",,L'Île-Perrot,,,3955.5,2014,1305300,2919700,4225000,2025,Immeuble à bureaux,MAMH — Données Québec (rôle d'évaluation foncière),https://donneesouvertes.affmunqc.net/role/RL71060_2026.xml,,,,
"410, Grand Boulevard",,L'Île-Perrot,,,2790,1986,644500,598800,1243300,2025,Immeuble à bureaux,MAMH — Données Québec (rôle d'évaluation foncière),https://donneesouvertes.affmunqc.net/role/RL71060_2026.xml,,,,
"25, Don-quichotte",,L'Île-Perrot,,,13299.7,1991,3773000,3565400,7338400,2025,Immeuble à bureaux,MAMH — Données Québec (rôle d'évaluation foncière),https://donneesouvertes.affmunqc.net/role/RL71060_2026.xml,,,,
"167, Andre-lacombe",,L'Île-Perrot,,,276.75,1994,127400,262700,390100,2025,Logement,MAMH — Données Québec (rôle d'évaluation foncière),https://donneesouvertes.affmunqc.net/role/RL71060_2026.xml,,,,
"169, Andre-lacombe",,L'Île-Perrot,,,295.15,1994,131000,301000,432000,2025,Logement,MAMH — Données Québec (rôle d'évaluation foncière),https://donneesouvertes.affmunqc.net/role/RL71060_2026.xml,,,,
"161, Andre-lacombe",,L'Île-Perrot,,,295.15,1994,131000,270500,401500,2025,Logement,MAMH — Données Québec (rôle d'évaluation foncière),https://donneesouvertes.affmunqc.net/role/RL71060_2026.xml,,,,
"163, Andre-lacombe",,L'Île-Perrot,,,276.75,1994,127400,281800,409200,2025,Logement,MAMH — Données Québec (rôle d'évaluation foncière),https://donneesouvertes.affmunqc.net/role/RL71060_2026.xml,,,,
"151, Andre-lacombe",,L'Île-Perrot,,,311.45,1996,134300,329100,463400,2025,Logement,MAMH — Données Québec (rôle d'évaluation foncière),https://donneesouvertes.affmunqc.net/role/RL71060_2026.xml,,,,
"153, Andre-lacombe",,L'Île-Perrot,,,291.25,1997,130300,266000,396300,2025,Logement,MAMH — Données Québec (rôle d'évaluation foncière),https://donneesouvertes.affmunqc.net/role/RL71060_2026.xml,,,,
"155, Andre-lacombe",,L'Île-Perrot,,,291.25,1997,130300,268900,399200,2025,Logement,MAMH — Données Québec (rôle d'évaluation foncière),https://donneesouvertes.affmunqc.net/role/RL71060_2026.xml,,,,
"157, Andre-lacombe",,L'Île-Perrot,,,311.45,1996,134300,306300,440600,2025,Logement,MAMH — Données Québec (rôle d'évaluation foncière),https://donneesouvertes.affmunqc.net/role/RL71060_2026.xml,,,,
"9, Maricourt",,L'Île-Perrot,,,315.6,2008,87400,275600,363000,2025,Logement,MAMH — Données Québec (rôle d'évaluation foncière),https://donneesouvertes.affmunqc.net/role/RL71060_2026.xml,,,,
"11, Maricourt",,L'Île-Perrot,,,315.6,2008,87400,278400,365800,2025,Logement,MAMH — Données Québec (rôle d'évaluation foncière),https://donneesouvertes.affmunqc.net/role/RL71060_2026.xml,,,,
"80, Don-quichotte, app. 88",,L'Île-Perrot,,,6992.9,,2307700,682700,2990400,2025,Immeuble à bureaux,MAMH — Données Québec (rôle d'évaluation foncière),https://donneesouvertes.affmunqc.net/role/RL71060_2026.xml,,,,
"100, Don-quichotte",,L'Île-Perrot,,,958.28,2002,316200,441700,757900,2025,Industrie,MAMH — Données Québec (rôle d'évaluation foncière),https://donneesouvertes.affmunqc.net/role/RL71060_2026.xml,,,,
"77, Don-quichotte, app. 97",,L'Île-Perrot,,,6076.8,1976,2005300,2208600,4213900,2025,Immeuble à bureaux,MAMH — Données Québec (rôle d'évaluation foncière),https://donneesouvertes.affmunqc.net/role/RL71060_2026.xml,,,,
"409, Grand Boulevard",,L'Île-Perrot,,,2031.1,2014,770800,1277700,2048500,2025,Industrie,MAMH — Données Québec (rôle d'évaluation foncière),https://donneesouvertes.affmunqc.net/role/RL71060_2026.xml,,,,
"397, Grand Boulevard, app. 405",,L'Île-Perrot,,,7179.6,2001,1322800,3029800,4352600,2025,Immeuble à bureaux,MAMH — Données Québec (rôle d'évaluation foncière),https://donneesouvertes.affmunqc.net/role/RL71060_2026.xml,,,,
"400, Grand Boulevard",,L'Île-Perrot,,,4216.1,1988,973900,1842000,2815900,2025,Industrie,MAMH — Données Québec (rôle d'évaluation foncière),https://donneesouvertes.affmunqc.net/role/RL71060_2026.xml,,,,
"392, Grand Boulevard",,L'Île-Perrot,,,608.69,,140600,178200,318800,2025,Industrie,MAMH — Données Québec (rôle d'évaluation foncière),https://donneesouvertes.affmunqc.net/role/RL71060_2026.xml,,,,
"20, Maricourt",,L'Île-Perrot,,,266.6,2006,80000,288900,368900,2025,Logement,MAMH — Données Québec (rôle d'évaluation foncière),https://donneesouvertes.affmunqc.net/role/RL71060_2026.xml,,,,
"22, Maricourt",,L'Île-Perrot,,,267.5,2006,80300,282000,362300,2025,Logement,MAMH — Données Québec (rôle d'évaluation foncière),https://donneesouvertes.affmunqc.net/role/RL71060_2026.xml,,,,
"28, Maricourt",,L'Île-Perrot,,,249.2,2006,74800,300400,375200,2025,Logement,MAMH — Données Québec (rôle d'évaluation foncière),https://donneesouvertes.affmunqc.net/role/RL71060_2026.xml,,,,
"30, Maricourt",,L'Île-Perrot,,,248,2006,74400,269000,343400,2025,Logement,MAMH — Données Québec (rôle d'évaluation foncière),https://donneesouvertes.affmunqc.net/role/RL71060_2026.xml,,,,
"12, Maricourt",,L'Île-Perrot,,,266.6,2007,80000,281100,361100,2025,Logement,MAMH — Données Québec (rôle d'évaluation foncière),https://donneesouvertes.affmunqc.net/role/RL71060_2026.xml,,,,
"14, Maricourt",,L'Île-Perrot,,,267.8,2007,80300,279400,359700,2025,Logement,MAMH — Données Québec (rôle d'évaluation foncière),https://donneesouvertes.affmunqc.net/role/RL71060_2026.xml,,,,
"17, Maricourt",,L'Île-Perrot,,,329,2007,88700,294100,382800,2025,Logement,MAMH — Données Québec (rôle d'évaluation foncière),https://donneesouvertes.affmunqc.net/role/RL71060_2026.xml,,,,
"19, Maricourt",,L'Île-Perrot,,,327.8,2007,88600,309100,397700,2025,Logement,MAMH — Données Québec (rôle d'évaluation foncière),https://donneesouvertes.affmunqc.net/role/RL71060_2026.xml,,,,
"25, Maricourt",,L'Île-Perrot,,,295.7,2006,85400,287900,373300,2025,Logement,MAMH — Données Québec (rôle d'évaluation foncière),https://donneesouvertes.affmunqc.net/role/RL71060_2026.xml,,,,
"27, Maricourt",,L'Île-Perrot,,,294.2,2006,85200,289300,374500,2025,Logement,MAMH — Données Québec (rôle d'évaluation foncière),https://donneesouvertes.affmunqc.net/role/RL71060_2026.xml,,,,
"106, Don-quichotte",,L'Île-Perrot,,,38997.5,,8689700,12435000,21124700,2025,Immeuble à bureaux,MAMH — Données Québec (rôle d'évaluation foncière),https://donneesouvertes.affmunqc.net/role/RL71060_2026.xml,,,,
"348, 7e Avenue, app. 352",,L'Île-Perrot,,,1221.8,1975,391200,1533800,1925000,2025,Logement,MAMH — Données Québec (rôle d'évaluation foncière),https://donneesouvertes.affmunqc.net/role/RL71060_2026.xml,,,,
"100, 7e Rue",,L'Île-Perrot,,,586.6,1973,166700,273500,440200,2025,Logement,MAMH — Données Québec (rôle d'évaluation foncière),https://donneesouvertes.affmunqc.net/role/RL71060_2026.xml,,,,
"104, 7e Rue",,L'Île-Perrot,,,594.5,1974,167500,299600,467100,2025,Logement,MAMH — Données Québec (rôle d'évaluation foncière),https://donneesouvertes.affmunqc.net/role/RL71060_2026.xml,,,,
"108, 7e Rue",,L'Île-Perrot,,,595,1974,167500,251300,418800,2025,Logement,MAMH — Données Québec (rôle d'évaluation foncière),https://donneesouvertes.affmunqc.net/role/RL71060_2026.xml,,,,
"336, 7e Avenue, app. 344",,L'Île-Perrot,,,1830.1,1976,521700,2126900,2648600,2025,Logement,MAMH — Données Québec (rôle d'évaluation foncière),https://donneesouvertes.affmunqc.net/role/RL71060_2026.xml,,,,
"399, 6e Avenue, app. 403",,L'Île-Perrot,,,334.8,1984,115500,224800,340300,2025,Logement,MAMH — Données Québec (rôle d'évaluation foncière),https://donneesouvertes.affmunqc.net/role/RL71060_2026.xml,,,,
"332, 7e Avenue",,L'Île-Perrot,,,569.1,1976,164900,247200,412100,2025,Logement,MAMH — Données Québec (rôle d'évaluation foncière),https://donneesouvertes.affmunqc.net/role/RL71060_2026.xml,,,,
"341, 7e Avenue",,L'Île-Perrot,,,569.9,1976,165000,240600,405600,2025,Logement,MAMH — Données Québec (rôle d'évaluation foncière),https://donneesouvertes.affmunqc.net/role/RL71060_2026.xml,,,,
"328, 7e Avenue",,L'Île-Perrot,,,491.1,1976,147300,210200,357500,2025,Logement,MAMH — Données Québec (rôle d'évaluation foncière),https://donneesouvertes.affmunqc.net/role/RL71060_2026.xml,,,,
7e Avenue,,L'Île-Perrot,,,6086.7,,100,,100,2025,Immeuble commercial,MAMH — Données Québec (rôle d'évaluation foncière),https://donneesouvertes.affmunqc.net/role/RL71060_2026.xml,,,,
"337, 7e Avenue",,L'Île-Perrot,,,495.4,1976,148600,302600,451200,2025,Logement,MAMH — Données Québec (rôle d'évaluation foncière),https://donneesouvertes.affmunqc.net/role/RL71060_2026.xml,,,,
"103, 7e Rue",,L'Île-Perrot,,,539.2,1974,161800,308300,470100,2025,Logement,MAMH — Données Québec (rôle d'évaluation foncière),https://donneesouvertes.affmunqc.net/role/RL71060_2026.xml,,,,
"333, 7e Avenue",,L'Île-Perrot,,,491.4,1976,147400,258500,405900,2025,Logement,MAMH — Données Québec (rôle d'évaluation foncière),https://donneesouvertes.affmunqc.net/role/RL71060_2026.xml,,,,
"400, 6e Avenue",,L'Île-Perrot,,,687.4,1972,176700,378600,555300,2025,Logement,MAMH — Données Québec (rôle d'évaluation foncière),https://donneesouvertes.affmunqc.net/role/RL71060_2026.xml,,,,
"387, Grand Boulevard",,L'Île-Perrot,,,1741.7,1974,517700,572600,1090300,2025,Immeuble à bureaux,MAMH — Données Québec (rôle d'évaluation foncière),https://donneesouvertes.affmunqc.net/role/RL71060_2026.xml,,,,
"381, Grand Boulevard, app. 383",,L'Île-Perrot,,,1393.4,2007,474200,542900,1017100,2025,Immeuble à bureaux,MAMH — Données Québec (rôle d'évaluation foncière),https://donneesouvertes.affmunqc.net/role/RL71060_2026.xml,,,,
"395, 6e Avenue",,L'Île-Perrot,,,533.6,1976,160100,259400,419500,2025,Logement,MAMH — Données Québec (rôle d'évaluation foncière),https://donneesouvertes.affmunqc.net/role/RL71060_2026.xml,,,,
"373, Grand Boulevard",,L'Île-Perrot,,,1342.5,1987,467800,268900,736700,2025,Industrie,MAMH — Données Québec (rôle d'évaluation foncière),https://donneesouvertes.affmunqc.net/role/RL71060_2026.xml,,,,
"383, 6e Avenue, app. 387",,L'Île-Perrot,,,357.4,1988,117900,459900,577800,2025,Logement,MAMH — Données Québec (rôle d'évaluation foncière),https://donneesouvertes.affmunqc.net/role/RL71060_2026.xml,,,,
"375, 6e Avenue",,L'Île-Perrot,,,714.4,1960,179400,292700,472100,2025,Logement,MAMH — Données Québec (rôle d'évaluation foncière),https://donneesouvertes.affmunqc.net/role/RL71060_2026.xml,,,,
"324, 7e Avenue",,L'Île-Perrot,,,487.6,1976,146300,327600,473900,2025,Logement,MAMH — Données Québec (rôle d'évaluation foncière),https://donneesouvertes.affmunqc.net/role/RL71060_2026.xml,,,,
"373, 6e Avenue",,L'Île-Perrot,,,606.7,1960,168700,213100,381800,2025,Logement,MAMH — Données Québec (rôle d'évaluation foncière),https://donneesouvertes.affmunqc.net/role/RL71060_2026.xml,,,,
"320, 7e Avenue",,L'Île-Perrot,,,484.1,1976,145200,254900,400100,2025,Logement,MAMH — Données Québec (rôle d'évaluation foncière),https://donneesouvertes.affmunqc.net/role/RL71060_2026.xml,,,,
"36, Maricourt",,L'Île-Perrot,,,337.7,2006,89600,276700,366300,2025,Logement,MAMH — Données Québec (rôle d'évaluation foncière),https://donneesouvertes.affmunqc.net/role/RL71060_2026.xml,,,,
"38, Maricourt",,L'Île-Perrot,,,336.5,2006,89500,294200,383700,2025,Logement,MAMH — Données Québec (rôle d'évaluation foncière),https://donneesouvertes.affmunqc.net/role/RL71060_2026.xml,,,,
"41, Maricourt",,L'Île-Perrot,,,334.9,2005,89300,280800,370100,2025,Logement,MAMH — Données Québec (rôle d'évaluation foncière),https://donneesouvertes.affmunqc.net/role/RL71060_2026.xml,,,,
"43, Maricourt",,L'Île-Perrot,,,335.3,2005,89300,293800,383100,2025,Logement,MAMH — Données Québec (rôle d'évaluation foncière),https://donneesouvertes.affmunqc.net/role/RL71060_2026.xml,,,,
"33, Maricourt",,L'Île-Perrot,,,268.6,2005,80600,287100,367700,2025,Logement,MAMH — Données Québec (rôle d'évaluation foncière),https://donneesouvertes.affmunqc.net/role/RL71060_2026.xml,,,,
"35, Maricourt",,L'Île-Perrot,,,267.9,2005,80400,314200,394600,2025,Logement,MAMH — Données Québec (rôle d'évaluation foncière),https://donneesouvertes.affmunqc.net/role/RL71060_2026.xml,,,,
"105, Don-quichotte",,L'Île-Perrot,,,16118.1,2017,5319000,60253300,65572300,2025,Logement,MAMH — Données Québec (rôle d'évaluation foncière),https://donneesouvertes.affmunqc.net/role/RL71060_2026.xml,,,,
"107, 7e Rue, app. 107",,L'Île-Perrot,,,607.1,1974,168700,266700,435400,2025,Logement,MAMH — Données Québec (rôle d'évaluation foncière),https://donneesouvertes.affmunqc.net/role/RL71060_2026.xml,,,,
"335, 8e Avenue",,L'Île-Perrot,,,529.5,1974,158900,250000,408900,2025,Logement,MAMH — Données Québec (rôle d'évaluation foncière),https://donneesouvertes.affmunqc.net/role/RL71060_2026.xml,,,,
"344, Boise",,L'Île-Perrot,,,486.4,1997,155600,245900,401500,2025,Logement,MAMH — Données Québec (rôle d'évaluation foncière),https://donneesouvertes.affmunqc.net/role/RL71060_2026.xml,,,,
"342, Boise",,L'Île-Perrot,,,428,1996,148100,235000,383100,2025,Logement,MAMH — Données Québec (rôle d'évaluation foncière),https://donneesouvertes.affmunqc.net/role/RL71060_2026.xml,,,,
"338, Boise",,L'Île-Perrot,,,427.6,1996,148000,255600,403600,2025,Logement,MAMH — Données Québec (rôle d'évaluation foncière),https://donneesouvertes.affmunqc.net/role/RL71060_2026.xml,,,,
"336, Boise",,L'Île-Perrot,,,427.1,1996,148000,232200,380200,2025,Logement,MAMH — Données Québec (rôle d'évaluation foncière),https://donneesouvertes.affmunqc.net/role/RL71060_2026.xml,,,,
"345, Boise",,L'Île-Perrot,,,503.3,1996,157800,397500,555300,2025,Logement,MAMH — Données Québec (rôle d'évaluation foncière),https://donneesouvertes.affmunqc.net/role/RL71060_2026.xml,,,,
7e Rue,,L'Île-Perrot,,,930.9,,100,,100,2025,Immeuble commercial,MAMH — Données Québec (rôle d'évaluation foncière),https://donneesouvertes.affmunqc.net/role/RL71060_2026.xml,,,,
"343, Boise",,L'Île-Perrot,,,419.1,1996,146900,386800,533700,2025,Logement,MAMH — Données Québec (rôle d'évaluation foncière),https://donneesouvertes.affmunqc.net/role/RL71060_2026.xml,,,,
"339, Boise",,L'Île-Perrot,,,419.1,1996,146900,321100,468000,2025,Logement,MAMH — Données Québec (rôle d'évaluation foncière),https://donneesouvertes.affmunqc.net/role/RL71060_2026.xml,,,,
"338, 8e Avenue",,L'Île-Perrot,,,547,1973,162700,265600,428300,2025,Logement,MAMH — Données Québec (rôle d'évaluation foncière),https://donneesouvertes.affmunqc.net/role/RL71060_2026.xml,,,,
"329, 7e Avenue",,L'Île-Perrot,,,487.3,1976,146200,282300,428500,2025,Logement,MAMH — Données Québec (rôle d'évaluation foncière),https://donneesouvertes.affmunqc.net/role/RL71060_2026.xml,,,,
"334, 8e Avenue",,L'Île-Perrot,,,545.9,1973,162600,280100,442700,2025,Logement,MAMH — Données Québec (rôle d'évaluation foncière),https://donneesouvertes.affmunqc.net/role/RL71060_2026.xml,,,,
"325, 7e Avenue",,L'Île-Perrot,,,485.3,1976,145600,253400,399000,2025,Logement,MAMH — Données Québec (rôle d'évaluation foncière),https://donneesouvertes.affmunqc.net/role/RL71060_2026.xml,,,,
"330, 8e Avenue",,L'Île-Perrot,,,544.8,1973,162500,275900,438400,2025,Logement,MAMH — Données Québec (rôle d'évaluation foncière),https://donneesouvertes.affmunqc.net/role/RL71060_2026.xml,,,,
"321, 7e Avenue",,L'Île-Perrot,,,479.1,1976,143700,277100,420800,2025,Logement,MAMH — Données Québec (rôle d'évaluation foncière),https://donneesouvertes.affmunqc.net/role/RL71060_2026.xml,,,,
"326, 8e Avenue",,L'Île-Perrot,,,560.2,1973,164000,247900,411900,2025,Logement,MAMH — Données Québec (rôle d'évaluation foncière),https://donneesouvertes.affmunqc.net/role/RL71060_2026.xml,,,,
"322, 8e Avenue",,L'Île-Perrot,,,525.9,1973,157800,252600,410400,2025,Logement,MAMH — Données Québec (rôle d'évaluation foncière),https://donneesouvertes.affmunqc.net/role/RL71060_2026.xml,,,,
"331, 8e Avenue",,L'Île-Perrot,,,529.5,1975,158900,241400,400300,2025,Logement,MAMH — Données Québec (rôle d'évaluation foncière),https://donneesouvertes.affmunqc.net/role/RL71060_2026.xml,,,,
"318, 8e Avenue",,L'Île-Perrot,,,541.3,1973,162100,234800,396900,2025,Logement,MAMH — Données Québec (rôle d'évaluation foncière),https://donneesouvertes.affmunqc.net/role/RL71060_2026.xml,,,,
"327, 8e Avenue",,L'Île-Perrot,,,529.5,1974,158900,218200,377100,2025,Logement,MAMH — Données Québec (rôle d'évaluation foncière),https://donneesouvertes.affmunqc.net/role/RL71060_2026.xml,,,,
"323, 8e Avenue",,L'Île-Perrot,,,529.5,1974,158900,259900,418800,2025,Logement,MAMH — Données Québec (rôle d'évaluation foncière),https://donneesouvertes.affmunqc.net/role/RL71060_2026.xml,,,,
"319, 8e Avenue",,L'Île-Perrot,,,529.5,1974,158900,250200,409100,2025,Logement,MAMH — Données Québec (rôle d'évaluation foncière),https://donneesouvertes.affmunqc.net/role/RL71060_2026.xml,,,,
"332, Boise",,L'Île-Perrot,,,426.7,1993,147900,279500,427400,2025,Logement,MAMH — Données Québec (rôle d'évaluation foncière),https://donneesouvertes.affmunqc.net/role/RL71060_2026.xml,,,,
8e Avenue,,L'Île-Perrot,,,3793,,100,,100,2025,Immeuble commercial,MAMH — Données Québec (rôle d'évaluation foncière),https://donneesouvertes.affmunqc.net/role/RL71060_2026.xml,,,,
"315, 8e Avenue",,L'Île-Perrot,,,529.5,1974,158900,296000,454900,2025,Logement,MAMH — Données Québec (rôle d'évaluation foncière),https://donneesouvertes.affmunqc.net/role/RL71060_2026.xml,,,,
"330, Boise",,L'Île-Perrot,,,426.3,1992,147900,261300,409200,2025,Logement,MAMH — Données Québec (rôle d'évaluation foncière),https://donneesouvertes.affmunqc.net/role/RL71060_2026.xml,,,,
"316, 7e Avenue",,L'Île-Perrot,,,480.6,1976,144200,239900,384100,2025,Logement,MAMH — Données Québec (rôle d'évaluation foncière),https://donneesouvertes.affmunqc.net/role/RL71060_2026.xml,,,,
"363, 6e Avenue",,L'Île-Perrot,,,793.8,1963,187400,238200,425600,2025,Logement,MAMH — Données Québec (rôle d'évaluation foncière),https://donneesouvertes.affmunqc.net/role/RL71060_2026.xml,,,,
"310, 7e Avenue, app. 312",,L'Île-Perrot,,,477.1,1976,143100,335900,479000,2025,Logement,MAMH — Données Québec (rôle d'évaluation foncière),https://donneesouvertes.affmunqc.net/role/RL71060_2026.xml,,,,
"308, 7e Avenue",,L'Île-Perrot,,,473.6,1976,142100,255000,397100,2025,Logement,MAMH — Données Québec (rôle d'évaluation foncière),https://donneesouvertes.affmunqc.net/role/RL71060_2026.xml,,,,
"359, 6e Avenue",,L'Île-Perrot,,,353.3,1982,121900,351900,473800,2025,Logement,MAMH — Données Québec (rôle d'évaluation foncière),https://donneesouvertes.affmunqc.net/role/RL71060_2026.xml,,,,
"317, 7e Avenue",,L'Île-Perrot,,,470.9,1976,141300,215500,356800,2025,Logement,MAMH — Données Québec (rôle d'évaluation foncière),https://donneesouvertes.affmunqc.net/role/RL71060_2026.xml,,,,
"304, 7e Avenue",,L'Île-Perrot,,,509.1,1976,152700,232000,384700,2025,Logement,MAMH — Données Québec (rôle d'évaluation foncière),https://donneesouvertes.affmunqc.net/role/RL71060_2026.xml,,,,
"313, 7e Avenue",,L'Île-Perrot,,,470.9,1976,141300,259700,401000,2025,Logement,MAMH — Données Québec (rôle d'évaluation foncière),https://donneesouvertes.affmunqc.net/role/RL71060_2026.xml,,,,
"300, 7e Avenue",,L'Île-Perrot,,,505,1976,151500,239600,391100,2025,Logement,MAMH — Données Québec (rôle d'évaluation foncière),https://donneesouvertes.affmunqc.net/role/RL71060_2026.xml,,,,
"309, 7e Avenue",,L'Île-Perrot,,,474.6,1976,142400,241500,383900,2025,Logement,MAMH — Données Québec (rôle d'évaluation foncière),https://donneesouvertes.affmunqc.net/role/RL71060_2026.xml,,,,
"314, 8e Avenue",,L'Île-Perrot,,,540.2,1973,162000,227000,389000,2025,Logement,MAMH — Données Québec (rôle d'évaluation foncière),https://donneesouvertes.affmunqc.net/role/RL71060_2026.xml,,,,
"305, 7e Avenue",,L'Île-Perrot,,,470.3,1976,141100,262000,403100,2025,Logement,MAMH — Données Québec (rôle d'évaluation foncière),https://donneesouvertes.affmunqc.net/role/RL71060_2026.xml,,,,
"310, 8e Avenue",,L'Île-Perrot,,,539,1973,161700,213600,375300,2025,Logement,MAMH — Données Québec (rôle d'évaluation foncière),https://donneesouvertes.affmunqc.net/role/RL71060_2026.xml,,,,
"301, 7e Avenue",,L'Île-Perrot,,,473.7,1976,142100,249600,391700,2025,Logement,MAMH — Données Québec (rôle d'évaluation foncière),https://donneesouvertes.affmunqc.net/role/RL71060_2026.xml,,,,
"306, 8e Avenue",,L'Île-Perrot,,,537.3,1973,161200,264100,425300,2025,Logement,MAMH — Données Québec (rôle d'évaluation foncière),https://donneesouvertes.affmunqc.net/role/RL71060_2026.xml,,,,
"297, 7e Avenue",,L'Île-Perrot,,,469.3,1976,140800,270900,411700,2025,Logement,MAMH — Données Québec (rôle d'évaluation foncière),https://donneesouvertes.affmunqc.net/role/RL71060_2026.xml,,,,
"127, 7e Rue",,L'Île-Perrot,,,420.9,1993,147200,284300,431500,2025,Logement,MAMH — Données Québec (rôle d'évaluation foncière),https://donneesouvertes.affmunqc.net/role/RL71060_2026.xml,,,,
"337, Boise",,L'Île-Perrot,,,419.1,1996,146900,351800,498700,2025,Logement,MAMH — Données Québec (rôle d'évaluation foncière),https://donneesouvertes.affmunqc.net/role/RL71060_2026.xml,,,,
"131, 7e Rue",,L'Île-Perrot,,,505.1,1993,158000,295800,453800,2025,Logement,MAMH — Données Québec (rôle d'évaluation foncière),https://donneesouvertes.affmunqc.net/role/RL71060_2026.xml,,,,
"333, Boise",,L'Île-Perrot,,,419.1,1993,146900,251400,398300,2025,Logement,MAMH — Données Québec (rôle d'évaluation foncière),https://donneesouvertes.affmunqc.net/role/RL71060_2026.xml,,,,
"331, Boise",,L'Île-Perrot,,,419.1,1992,146900,264600,411500,2025,Logement,MAMH — Données Québec (rôle d'évaluation foncière),https://donneesouvertes.affmunqc.net/role/RL71060_2026.xml,,,,
"327, Boise",,L'Île-Perrot,,,419.1,1991,146900,313600,460500,2025,Logement,MAMH — Données Québec (rôle d'évaluation foncière),https://donneesouvertes.affmunqc.net/role/RL71060_2026.xml,,,,
"6, Trefles",,L'Île-Perrot,,,264.8,2023,132700,509200,641900,2025,Logement,MAMH — Données Québec (rôle d'évaluation foncière),https://donneesouvertes.affmunqc.net/role/RL71060_2026.xml,,,,
"8, Trefles",,L'Île-Perrot,,,181.1,2023,90700,440300,531000,2025,Logement,MAMH — Données Québec (rôle d'évaluation foncière),https://donneesouvertes.affmunqc.net/role/RL71060_2026.xml,,,,
"10, Trefles",,L'Île-Perrot,,,181.1,2024,90700,463900,554600,2025,Logement,MAMH — Données Québec (rôle d'évaluation foncière),https://donneesouvertes.affmunqc.net/role/RL71060_2026.xml,,,,
"12, Trefles",,L'Île-Perrot,,,264.8,2023,132700,519600,652300,2025,Logement,MAMH — Données Québec (rôle d'évaluation foncière),https://donneesouvertes.affmunqc.net/role/RL71060_2026.xml,,,,
"14, Trefles",,L'Île-Perrot,,,264.8,2023,132700,485700,618400,2025,Logement,MAMH — Données Québec (rôle d'évaluation foncière),https://donneesouvertes.affmunqc.net/role/RL71060_2026.xml,,,,
"16, Trefles",,L'Île-Perrot,,,181.1,2023,90700,440800,531500,2025,Logement,MAMH — Données Québec (rôle d'évaluation foncière),https://donneesouvertes.affmunqc.net/role/RL71060_2026.xml,,,,
"130, Trefles",,L'Île-Perrot,,,299,2024,149800,478900,628700,2025,Logement,MAMH — Données Québec (rôle d'évaluation foncière),https://donneesouvertes.affmunqc.net/role/RL71060_2026.xml,,,,
"128, Trefles",,L'Île-Perrot,,,181.1,2024,90700,464500,555200,2025,Logement,MAMH — Données Québec (rôle d'évaluation foncière),https://donneesouvertes.affmunqc.net/role/RL71060_2026.xml,,,,
"126, Trefles",,L'Île-Perrot,,,264.8,2024,132700,507800,640500,2025,Logement,MAMH — Données Québec (rôle d'évaluation foncière),https://donneesouvertes.affmunqc.net/role/RL71060_2026.xml,,,,
"326, Boise",,L'Île-Perrot,,,425.9,1992,147800,279900,427700,2025,Logement,MAMH — Données Québec (rôle d'évaluation foncière),https://donneesouvertes.affmunqc.net/role/RL71060_2026.xml,,,,
"311, 8e Avenue",,L'Île-Perrot,,,529.5,1974,158900,268700,427600,2025,Logement,MAMH — Données Québec (rôle d'évaluation foncière),https://donneesouvertes.affmunqc.net/role/RL71060_2026.xml,,,,
"324, Boise",,L'Île-Perrot,,,425.4,1993,147800,265800,413600,2025,Logement,MAMH — Données Québec (rôle d'évaluation foncière),https://donneesouvertes.affmunqc.net/role/RL71060_2026.xml,,,,
"307, 8e Avenue",,L'Île-Perrot,,,611.1,1974,169100,284300,453400,2025,Logement,MAMH — Données Québec (rôle d'évaluation foncière),https://donneesouvertes.affmunqc.net/role/RL71060_2026.xml,,,,
"320, Boise",,L'Île-Perrot,,,425,1993,147700,239400,387100,2025,Logement,MAMH — Données Québec (rôle d'évaluation foncière),https://donneesouvertes.affmunqc.net/role/RL71060_2026.xml,,,,
"318, Boise",,L'Île-Perrot,,,424.6,1993,147700,313300,461000,2025,Logement,MAMH — Données Québec (rôle d'évaluation foncière),https://donneesouvertes.affmunqc.net/role/RL71060_2026.xml,,,,
"325, Boise",,L'Île-Perrot,,,419.1,1991,146900,299300,446200,2025,Logement,MAMH — Données Québec (rôle d'évaluation foncière),https://donneesouvertes.affmunqc.net/role/RL71060_2026.xml,,,,
"314, Boise",,L'Île-Perrot,,,424.1,1993,147600,254300,401900,2025,Logement,MAMH — Données Québec (rôle d'évaluation foncière),https://donneesouvertes.affmunqc.net/role/RL71060_2026.xml,,,,
"321, Boise",,L'Île-Perrot,,,419.1,1991,146900,311200,458100,2025,Logement,MAMH — Données Québec (rôle d'évaluation foncière),https://donneesouvertes.affmunqc.net/role/RL71060_2026.xml,,,,
"312, Boise",,L'Île-Perrot,,,423.7,1993,147500,239900,387400,2025,Logement,MAMH — Données Québec (rôle d'évaluation foncière),https://donneesouvertes.affmunqc.net/role/RL71060_2026.xml,,,,
"319, Boise",,L'Île-Perrot,,,419.1,1991,146900,340000,486900,2025,Logement,MAMH — Données Québec (rôle d'évaluation foncière),https://donneesouvertes.affmunqc.net/role/RL71060_2026.xml,,,,
"315, Boise",,L'Île-Perrot,,,426.7,1991,147900,341000,488900,2025,Logement,MAMH — Données Québec (rôle d'évaluation foncière),https://donneesouvertes.affmunqc.net/role/RL71060_2026.xml,,,,
"313, Boise",,L'Île-Perrot,,,426.7,1991,147900,280200,428100,2025,Logement,MAMH — Données Québec (rôle d'évaluation foncière),https://donneesouvertes.affmunqc.net/role/RL71060_2026.xml,,,,
"18, Trefles",,L'Île-Perrot,,,181.1,2023,90700,440800,531500,2025,Logement,MAMH — Données Québec (rôle d'évaluation foncière),https://donneesouvertes.affmunqc.net/role/RL71060_2026.xml,,,,
"309, Boise",,L'Île-Perrot,,,426.7,1991,147900,347200,495100,2025,Logement,MAMH — Données Québec (rôle d'évaluation foncière),https://donneesouvertes.affmunqc.net/role/RL71060_2026.xml,,,,
"20, Trefles",,L'Île-Perrot,,,291.6,2024,146100,506200,652300,2025,Logement,MAMH — Données Québec (rôle d'évaluation foncière),https://donneesouvertes.affmunqc.net/role/RL71060_2026.xml,,,,
"307, Boise",,L'Île-Perrot,,,426.7,1991,147900,284800,432700,2025,Logement,MAMH — Données Québec (rôle d'évaluation foncière),https://donneesouvertes.affmunqc.net/role/RL71060_2026.xml,,,,
"22, Trefles",,L'Île-Perrot,,,291.6,2023,146100,484100,630200,2025,Logement,MAMH — Données Québec (rôle d'évaluation foncière),https://donneesouvertes.affmunqc.net/role/RL71060_2026.xml,,,,
"302, 8e Avenue",,L'Île-Perrot,,,529.6,1973,158900,271000,429900,2025,Logement,MAMH — Données Québec (rôle d'évaluation foncière),https://donneesouvertes.affmunqc.net/role/RL71060_2026.xml,,,,
"293, 7e Avenue",,L'Île-Perrot,,,567.2,1976,164700,364600,529300,2025,Logement,MAMH — Données Québec (rôle d'évaluation foncière),https://donneesouvertes.affmunqc.net/role/RL71060_2026.xml,,,,
"298, 8e Avenue",,L'Île-Perrot,,,597.3,1973,167700,259300,427000,2025,Logement,MAMH — Données Québec (rôle d'évaluation foncière),https://donneesouvertes.affmunqc.net/role/RL71060_2026.xml,,,,
"294, 8e Avenue",,L'Île-Perrot,,,585.5,1973,166600,216600,383200,2025,Logement,MAMH — Données Québec (rôle d'évaluation foncière),https://donneesouvertes.affmunqc.net/role/RL71060_2026.xml,,,,
"303, 8e Avenue",,L'Île-Perrot,,,460.8,2009,138200,374700,512900,2025,Logement,MAMH — Données Québec (rôle d'évaluation foncière),https://donneesouvertes.affmunqc.net/role/RL71060_2026.xml,,,,
"299, 8e Avenue",,L'Île-Perrot,,,624.3,1975,170400,239800,410200,2025,Logement,MAMH — Données Québec (rôle d'évaluation foncière),https://donneesouvertes.affmunqc.net/role/RL71060_2026.xml,,,,
"308, Boise",,L'Île-Perrot,,,560.8,1992,165200,313500,478700,2025,Logement,MAMH — Données Québec (rôle d'évaluation foncière),https://donneesouvertes.affmunqc.net/role/RL71060_2026.xml,,,,
"295, 8e Avenue",,L'Île-Perrot,,,692.2,1975,177200,363900,541100,2025,Logement,MAMH — Données Québec (rôle d'évaluation foncière),https://donneesouvertes.affmunqc.net/role/RL71060_2026.xml,,,,
"306, Boise",,L'Île-Perrot,,,560.4,1992,165200,298900,464100,2025,Logement,MAMH — Données Québec (rôle d'évaluation foncière),https://donneesouvertes.affmunqc.net/role/RL71060_2026.xml,,,,
"302, Boise",,L'Île-Perrot,,,560.1,1991,165100,318300,483400,2025,Logement,MAMH — Données Québec (rôle d'évaluation foncière),https://donneesouvertes.affmunqc.net/role/RL71060_2026.xml,,,,
"291, 8e Avenue",,L'Île-Perrot,,,630.8,1975,171100,219600,390700,2025,Logement,MAMH — Données Québec (rôle d'évaluation foncière),https://donneesouvertes.affmunqc.net/role/RL71060_2026.xml,,,,
"300, Boise",,L'Île-Perrot,,,600,1991,170300,310800,481100,2025,Logement,MAMH — Données Québec (rôle d'évaluation foncière),https://donneesouvertes.affmunqc.net/role/RL71060_2026.xml,,,,
4e Rue,,L'Île-Perrot,,,765.9,,100,,100,2025,Immeuble commercial,MAMH — Données Québec (rôle d'évaluation foncière),https://donneesouvertes.affmunqc.net/role/RL71060_2026.xml,,,,
"111, 4e Rue",,L'Île-Perrot,,,335.4,1993,129800,314900,444700,2025,Logement,MAMH — Données Québec (rôle d'évaluation foncière),https://donneesouvertes.affmunqc.net/role/RL71060_2026.xml,,,,
"261, 7e Rue",,L'Île-Perrot,,,791.8,2009,245300,461200,706500,2025,Logement,MAMH — Données Québec (rôle d'évaluation foncière),https://donneesouvertes.affmunqc.net/role/RL71060_2026.xml,,,,
"265, 7e Rue",,L'Île-Perrot,,,682.4,2008,231400,468100,699500,2025,Logement,MAMH — Données Québec (rôle d'évaluation foncière),https://donneesouvertes.affmunqc.net/role/RL71060_2026.xml,,,,
"308, Parc",,L'Île-Perrot,,,1231,2007,291000,535400,826400,2025,Logement,MAMH — Données Québec (rôle d'évaluation foncière),https://donneesouvertes.affmunqc.net/role/RL71060_2026.xml,,,,
"304, Parc",,L'Île-Perrot,,,781.4,2006,249400,459800,709200,2025,Logement,MAMH — Données Québec (rôle d'évaluation foncière),https://donneesouvertes.affmunqc.net/role/RL71060_2026.xml,,,,
"303, Parc",,L'Île-Perrot,,,1200.4,2006,290600,469500,760100,2025,Logement,MAMH — Données Québec (rôle d'évaluation foncière),https://donneesouvertes.affmunqc.net/role/RL71060_2026.xml,,,,
"300, Parc",,L'Île-Perrot,,,558.2,2007,221900,475700,697600,2025,Logement,MAMH — Données Québec (rôle d'évaluation foncière),https://donneesouvertes.affmunqc.net/role/RL71060_2026.xml,,,,
"296, Parc",,L'Île-Perrot,,,558.2,2007,221900,442600,664500,2025,Logement,MAMH — Données Québec (rôle d'évaluation foncière),https://donneesouvertes.affmunqc.net/role/RL71060_2026.xml,,,,
"292, Parc",,L'Île-Perrot,,,558.2,2007,221900,451700,673600,2025,Logement,MAMH — Données Québec (rôle d'évaluation foncière),https://donneesouvertes.affmunqc.net/role/RL71060_2026.xml,,,,
"288, Parc",,L'Île-Perrot,,,558.2,2007,221900,499400,721300,2025,Logement,MAMH — Données Québec (rôle d'évaluation foncière),https://donneesouvertes.affmunqc.net/role/RL71060_2026.xml,,,,
"284, Parc",,L'Île-Perrot,,,558.3,2005,221900,404600,626500,2025,Logement,MAMH — Données Québec (rôle d'évaluation foncière),https://donneesouvertes.affmunqc.net/role/RL71060_2026.xml,,,,
"124, Trefles",,L'Île-Perrot,,,264.8,2024,132700,478600,611300,2025,Logement,MAMH — Données Québec (rôle d'évaluation foncière),https://donneesouvertes.affmunqc.net/role/RL71060_2026.xml,,,,
"129, Trefles",,L'Île-Perrot,,,329.8,2023,155300,549300,704600,2025,Logement,MAMH — Données Québec (rôle d'évaluation foncière),https://donneesouvertes.affmunqc.net/role/RL71060_2026.xml,,,,
"122, Trefles",,L'Île-Perrot,,,181.1,2024,90700,440800,531500,2025,Logement,MAMH — Données Québec (rôle d'évaluation foncière),https://donneesouvertes.affmunqc.net/role/RL71060_2026.xml,,,,
"120, Trefles",,L'Île-Perrot,,,264.8,2024,132700,509700,642400,2025,Logement,MAMH — Données Québec (rôle d'évaluation foncière),https://donneesouvertes.affmunqc.net/role/RL71060_2026.xml,,,,
"127, Trefles",,L'Île-Perrot,,,295.1,2023,147800,504200,652000,2025,Logement,MAMH — Données Québec (rôle d'évaluation foncière),https://donneesouvertes.affmunqc.net/role/RL71060_2026.xml,,,,
"125, Trefles",,L'Île-Perrot,,,295.1,2023,147800,504200,652000,2025,Logement,MAMH — Données Québec (rôle d'évaluation foncière),https://donneesouvertes.affmunqc.net/role/RL71060_2026.xml,,,,
"123, Trefles",,L'Île-Perrot,,,295.1,2023,147800,546900,694700,2025,Logement,MAMH — Données Québec (rôle d'évaluation foncière),https://donneesouvertes.affmunqc.net/role/RL71060_2026.xml,,,,
"5, Sorbiers",,L'Île-Perrot,,,320.6,2023,153700,507100,660800,2025,Logement,MAMH — Données Québec (rôle d'évaluation foncière),https://donneesouvertes.affmunqc.net/role/RL71060_2026.xml,,,,
"121, Trefles",,L'Île-Perrot,,,295.1,2023,147800,504600,652400,2025,Logement,MAMH — Données Québec (rôle d'évaluation foncière),https://donneesouvertes.affmunqc.net/role/RL71060_2026.xml,,,,
"7, Sorbiers",,L'Île-Perrot,,,320.6,2023,153700,544000,697700,2025,Logement,MAMH — Données Québec (rôle d'évaluation foncière),https://donneesouvertes.affmunqc.net/role/RL71060_2026.xml,,,,
"114, Trefles",,L'Île-Perrot,,,363.3,2024,160900,501800,662700,2025,Logement,MAMH — Données Québec (rôle d'évaluation foncière),https://donneesouvertes.affmunqc.net/role/RL71060_2026.xml,,,,
"119, Trefles",,L'Île-Perrot,,,469.6,2023,178600,504600,683200,2025,Logement,MAMH — Données Québec (rôle d'évaluation foncière),https://donneesouvertes.affmunqc.net/role/RL71060_2026.xml,,,,
"9, Sorbiers",,L'Île-Perrot,,,320.6,2023,153700,539800,693500,2025,Logement,MAMH — Données Québec (rôle d'évaluation foncière),https://donneesouvertes.affmunqc.net/role/RL71060_2026.xml,,,,
"112, Trefles",,L'Île-Perrot,,,184,2024,92200,441700,533900,2025,Logement,MAMH — Données Québec (rôle d'évaluation foncière),https://donneesouvertes.affmunqc.net/role/RL71060_2026.xml,,,,
"11, Sorbiers",,L'Île-Perrot,,,320.6,2024,153700,520500,674200,2025,Logement,MAMH — Données Québec (rôle d'évaluation foncière),https://donneesouvertes.affmunqc.net/role/RL71060_2026.xml,,,,
"13, Sorbiers",,L'Île-Perrot,,,371.5,2024,162200,544300,706500,2025,Logement,MAMH — Données Québec (rôle d'évaluation foncière),https://donneesouvertes.affmunqc.net/role/RL71060_2026.xml,,,,
"110, Trefles",,L'Île-Perrot,,,387.3,2024,164900,484300,649200,2025,Logement,MAMH — Données Québec (rôle d'évaluation foncière),https://donneesouvertes.affmunqc.net/role/RL71060_2026.xml,,,,
"108, Trefles",,L'Île-Perrot,,,316.3,2024,153000,504700,657700,2025,Logement,MAMH — Données Québec (rôle d'évaluation foncière),https://donneesouvertes.affmunqc.net/role/RL71060_2026.xml,,,,
"106, Trefles",,L'Île-Perrot,,,181.1,2024,90700,462200,552900,2025,Logement,MAMH — Données Québec (rôle d'évaluation foncière),https://donneesouvertes.affmunqc.net/role/RL71060_2026.xml,,,,
"104, Trefles",,L'Île-Perrot,,,181.1,2024,90700,439900,530600,2025,Logement,MAMH — Données Québec (rôle d'évaluation foncière),https://donneesouvertes.affmunqc.net/role/RL71060_2026.xml,,,,
"102, Trefles",,L'Île-Perrot,,,264.8,2024,132700,493700,626400,2025,Logement,MAMH — Données Québec (rôle d'évaluation foncière),https://donneesouvertes.affmunqc.net/role/RL71060_2026.xml,,,,
"100, Trefles",,L'Île-Perrot,,,264.8,2024,132700,510800,643500,2025,Logement,MAMH — Données Québec (rôle d'évaluation foncière),https://donneesouvertes.affmunqc.net/role/RL71060_2026.xml,,,,
"98, Trefles",,L'Île-Perrot,,,181.1,2024,90700,441200,531900,2025,Logement,MAMH — Données Québec (rôle d'évaluation foncière),https://donneesouvertes.affmunqc.net/role/RL71060_2026.xml,,,,
"96, Trefles",,L'Île-Perrot,,,181.1,2024,90700,441200,531900,2025,Logement,MAMH — Données Québec (rôle d'évaluation foncière),https://donneesouvertes.affmunqc.net/role/RL71060_2026.xml,,,,
"24, Trefles",,L'Île-Perrot,,,181.1,2023,90700,440400,531100,2025,Logement,MAMH — Données Québec (rôle d'évaluation foncière),https://donneesouvertes.affmunqc.net/role/RL71060_2026.xml,,,,
"303, Boise",,L'Île-Perrot,,,426.7,1991,147900,319600,467500,2025,Logement,MAMH — Données Québec (rôle d'évaluation foncière),https://donneesouvertes.affmunqc.net/role/RL71060_2026.xml,,,,
"26, Trefles",,L'Île-Perrot,,,181.1,2023,90700,440400,531100,2025,Logement,MAMH — Données Québec (rôle d'évaluation foncière),https://donneesouvertes.affmunqc.net/role/RL71060_2026.xml,,,,
"28, Trefles",,L'Île-Perrot,,,264.8,2023,132700,488700,621400,2025,Logement,MAMH — Données Québec (rôle d'évaluation foncière),https://donneesouvertes.affmunqc.net/role/RL71060_2026.xml,,,,
"301, Boise",,L'Île-Perrot,,,426.7,1991,147900,309200,457100,2025,Logement,MAMH — Données Québec (rôle d'évaluation foncière),https://donneesouvertes.affmunqc.net/role/RL71060_2026.xml,,,,
"30, Trefles",,L'Île-Perrot,,,264.8,2024,132700,477600,610300,2025,Logement,MAMH — Données Québec (rôle d'évaluation foncière),https://donneesouvertes.affmunqc.net/role/RL71060_2026.xml,,,,
"32, Trefles",,L'Île-Perrot,,,181.1,2024,90700,440900,531600,2025,Logement,MAMH — Données Québec (rôle d'évaluation foncière),https://donneesouvertes.affmunqc.net/role/RL71060_2026.xml,,,,
"3, Sorbiers",,L'Île-Perrot,,,359,2023,160200,534800,695000,2025,Logement,MAMH — Données Québec (rôle d'évaluation foncière),https://donneesouvertes.affmunqc.net/role/RL71060_2026.xml,,,,
"34, Trefles",,L'Île-Perrot,,,181.1,2024,90700,440700,531400,2025,Logement,MAMH — Données Québec (rôle d'évaluation foncière),https://donneesouvertes.affmunqc.net/role/RL71060_2026.xml,,,,
"36, Trefles",,L'Île-Perrot,,,264.8,,132700,,132700,2025,Terrain vacant,MAMH — Données Québec (rôle d'évaluation foncière),https://donneesouvertes.affmunqc.net/role/RL71060_2026.xml,,,,
"38, Trefles",,L'Île-Perrot,,,264.8,2024,132700,519000,651700,2025,Logement,MAMH — Données Québec (rôle d'évaluation foncière),https://donneesouvertes.affmunqc.net/role/RL71060_2026.xml,,,,
"40, Trefles",,L'Île-Perrot,,,181.1,2024,90700,472000,562700,2025,Logement,MAMH — Données Québec (rôle d'évaluation foncière),https://donneesouvertes.affmunqc.net/role/RL71060_2026.xml,,,,
"42, Trefles",,L'Île-Perrot,,,181.1,2024,90700,445100,535800,2025,Logement,MAMH — Données Québec (rôle d'évaluation foncière),https://donneesouvertes.affmunqc.net/role/RL71060_2026.xml,,,,
"44, Trefles",,L'Île-Perrot,,,264.8,2024,132700,488700,621400,2025,Logement,MAMH — Données Québec (rôle d'évaluation foncière),https://donneesouvertes.affmunqc.net/role/RL71060_2026.xml,,,,
"31, Trefles",,L'Île-Perrot,,,324.2,2024,154300,545200,699500,2025,Logement,MAMH — Données Québec (rôle d'évaluation foncière),https://donneesouvertes.affmunqc.net/role/RL71060_2026.xml,,,,
"46, Trefles",,L'Île-Perrot,,,264.8,2024,132700,523100,655800,2025,Logement,MAMH — Données Québec (rôle d'évaluation foncière),https://donneesouvertes.affmunqc.net/role/RL71060_2026.xml,,,,
"33, Trefles",,L'Île-Perrot,,,290.1,2024,145300,502000,647300,2025,Logement,MAMH — Données Québec (rôle d'évaluation foncière),https://donneesouvertes.affmunqc.net/role/RL71060_2026.xml,,,,
"35, Trefles",,L'Île-Perrot,,,290.1,2025,145300,531500,676800,2025,Logement,MAMH — Données Québec (rôle d'évaluation foncière),https://donneesouvertes.affmunqc.net/role/RL71060_2026.xml,,,,
"37, Trefles",,L'Île-Perrot,,,290.5,,145500,,145500,2025,Terrain vacant,MAMH — Données Québec (rôle d'évaluation foncière),https://donneesouvertes.affmunqc.net/role/RL71060_2026.xml,,,,
"53, Trefles",,L'Île-Perrot,,,377.9,2024,163300,542300,705600,2025,Logement,MAMH — Données Québec (rôle d'évaluation foncière),https://donneesouvertes.affmunqc.net/role/RL71060_2026.xml,,,,
"39, Trefles",,L'Île-Perrot,,,430.4,2025,172100,542300,714400,2025,Logement,MAMH — Données Québec (rôle d'évaluation foncière),https://donneesouvertes.affmunqc.net/role/RL71060_2026.xml,,,,
"51, Trefles",,L'Île-Perrot,,,321.2,2024,153800,534100,687900,2025,Logement,MAMH — Données Québec (rôle d'évaluation foncière),https://donneesouvertes.affmunqc.net/role/RL71060_2026.xml,,,,
"49, Trefles",,L'Île-Perrot,,,303.9,,151000,,151000,2025,Terrain vacant,MAMH — Données Québec (rôle d'évaluation foncière),https://donneesouvertes.affmunqc.net/role/RL71060_2026.xml,,,,
"41, Trefles",,L'Île-Perrot,,,451.9,2024,175700,533100,708800,2025,Logement,MAMH — Données Québec (rôle d'évaluation foncière),https://donneesouvertes.affmunqc.net/role/RL71060_2026.xml,,,,
"47, Trefles",,L'Île-Perrot,,,290.4,,145500,,145500,2025,Terrain vacant,MAMH — Données Québec (rôle d'évaluation foncière),https://donneesouvertes.affmunqc.net/role/RL71060_2026.xml,,,,
"43, Trefles",,L'Île-Perrot,,,342.6,,157400,,157400,2025,Terrain vacant,MAMH — Données Québec (rôle d'évaluation foncière),https://donneesouvertes.affmunqc.net/role/RL71060_2026.xml,,,,
"115, 4e Rue",,L'Île-Perrot,,,334.7,1993,129500,342500,472000,2025,Logement,MAMH — Données Québec (rôle d'évaluation foncière),https://donneesouvertes.affmunqc.net/role/RL71060_2026.xml,,,,
"119, 4e Rue",,L'Île-Perrot,,,610.8,1996,171700,388300,560000,2025,Logement,MAMH — Données Québec (rôle d'évaluation foncière),https://donneesouvertes.affmunqc.net/role/RL71060_2026.xml,,,,
"297, Boise",,L'Île-Perrot,,,426.7,1996,147900,252500,400400,2025,Logement,MAMH — Données Québec (rôle d'évaluation foncière),https://donneesouvertes.affmunqc.net/role/RL71060_2026.xml,,,,
"298, Boise",,L'Île-Perrot,,,459.3,1994,152100,331300,483400,2025,Logement,MAMH — Données Québec (rôle d'évaluation foncière),https://donneesouvertes.affmunqc.net/role/RL71060_2026.xml,,,,
"295, Boise",,L'Île-Perrot,,,426.7,1996,147900,249900,397800,2025,Logement,MAMH — Données Québec (rôle d'évaluation foncière),https://donneesouvertes.affmunqc.net/role/RL71060_2026.xml,,,,
"291, Boise",,L'Île-Perrot,,,426.7,1992,147900,309300,457200,2025,Logement,MAMH — Données Québec (rôle d'évaluation foncière),https://donneesouvertes.affmunqc.net/role/RL71060_2026.xml,,,,
"289, Boise",,L'Île-Perrot,,,426.7,1992,147900,339400,487300,2025,Logement,MAMH — Données Québec (rôle d'évaluation foncière),https://donneesouvertes.affmunqc.net/role/RL71060_2026.xml,,,,
"285, Boise",,L'Île-Perrot,,,440,1993,149600,217400,367000,2025,Logement,MAMH — Données Québec (rôle d'évaluation foncière),https://donneesouvertes.affmunqc.net/role/RL71060_2026.xml,,,,
"48, Trefles",,L'Île-Perrot,,,181.4,2023,90900,472000,562900,2025,Logement,MAMH — Données Québec (rôle d'évaluation foncière),https://donneesouvertes.affmunqc.net/role/RL71060_2026.xml,,,,
"283, Boise",,L'Île-Perrot,,,420,1993,147100,224600,371700,2025,Logement,MAMH — Données Québec (rôle d'évaluation foncière),https://donneesouvertes.affmunqc.net/role/RL71060_2026.xml,,,,
"50, Trefles",,L'Île-Perrot,,,188.2,,94300,,94300,2025,Terrain vacant,MAMH — Données Québec (rôle d'évaluation foncière),https://donneesouvertes.affmunqc.net/role/RL71060_2026.xml,,,,
"52, Trefles",,L'Île-Perrot,,,463.4,2024,168700,546700,715400,2025,Logement,MAMH — Données Québec (rôle d'évaluation foncière),https://donneesouvertes.affmunqc.net/role/RL71060_2026.xml,,,,
"279, Boise",,L'Île-Perrot,,,420,1993,147100,222700,369800,2025,Logement,MAMH — Données Québec (rôle d'évaluation foncière),https://donneesouvertes.affmunqc.net/role/RL71060_2026.xml,,,,
"284, Boise",,L'Île-Perrot,,,655.8,1993,177500,254700,432200,2025,Logement,MAMH — Données Québec (rôle d'évaluation foncière),https://donneesouvertes.affmunqc.net/role/RL71060_2026.xml,,,,
"277, Boise",,L'Île-Perrot,,,418.9,1994,146900,261500,408400,2025,Logement,MAMH — Données Québec (rôle d'évaluation foncière),https://donneesouvertes.affmunqc.net/role/RL71060_2026.xml,,,,
"54, Trefles",,L'Île-Perrot,,,355.7,,159600,,159600,2025,Terrain vacant,MAMH — Données Québec (rôle d'évaluation foncière),https://donneesouvertes.affmunqc.net/role/RL71060_2026.xml,,,,
"282, Boise",,L'Île-Perrot,,,503.3,1993,157800,272300,430100,2025,Logement,MAMH — Données Québec (rôle d'évaluation foncière),https://donneesouvertes.affmunqc.net/role/RL71060_2026.xml,,,,
"125, Perrot",,L'Île-Perrot,,,1030.5,1915,107900,203800,311700,2025,Logement,MAMH — Données Québec (rôle d'évaluation foncière),https://donneesouvertes.affmunqc.net/role/RL71060_2026.xml,,,,
3e Avenue,,L'Île-Perrot,,,885.1,,100,,100,2025,Immeuble commercial,MAMH — Données Québec (rôle d'évaluation foncière),https://donneesouvertes.affmunqc.net/role/RL71060_2026.xml,,,,
"94, Perrot",,L'Île-Perrot,,,2660.8,1959,155700,355000,510700,2025,Logement,MAMH — Données Québec (rôle d'évaluation foncière),https://donneesouvertes.affmunqc.net/role/RL71060_2026.xml,,,,
"3, 3e Avenue",,L'Île-Perrot,,,943.2,1958,138000,335900,473900,2025,Logement,MAMH — Données Québec (rôle d'évaluation foncière),https://donneesouvertes.affmunqc.net/role/RL71060_2026.xml,,,,
"84, Perrot",,L'Île-Perrot,,,852.7,1955,131900,314100,446000,2025,Logement,MAMH — Données Québec (rôle d'évaluation foncière),https://donneesouvertes.affmunqc.net/role/RL71060_2026.xml,,,,
"64, Perrot",,L'Île-Perrot,,,8369.1,2014,106600,462400,569000,2025,Logement,MAMH — Données Québec (rôle d'évaluation foncière),https://donneesouvertes.affmunqc.net/role/RL71060_2026.xml,,,,
"7, 3e Avenue",,L'Île-Perrot,,,2891.9,1928,156600,301500,458100,2025,Logement,MAMH — Données Québec (rôle d'évaluation foncière),https://donneesouvertes.affmunqc.net/role/RL71060_2026.xml,,,,
"105, Perrot",,L'Île-Perrot,,,557.1,1905,112000,288500,400500,2025,Logement,MAMH — Données Québec (rôle d'évaluation foncière),https://donneesouvertes.affmunqc.net/role/RL71060_2026.xml,,,,
"72, Perrot, app. 78",,L'Île-Perrot,,,925.4,1949,136800,349900,486700,2025,Logement,MAMH — Données Québec (rôle d'évaluation foncière),https://donneesouvertes.affmunqc.net/role/RL71060_2026.xml,,,,
"85, Perrot, app. 89",,L'Île-Perrot,,,643.6,1930,117900,299200,417100,2025,Logement,MAMH — Données Québec (rôle d'évaluation foncière),https://donneesouvertes.affmunqc.net/role/RL71060_2026.xml,,,,
"5, 3e Avenue",,L'Île-Perrot,,,1105.4,1976,148800,409000,557800,2025,Logement,MAMH — Données Québec (rôle d'évaluation foncière),https://donneesouvertes.affmunqc.net/role/RL71060_2026.xml,,,,
"79, Perrot, app. 83",,L'Île-Perrot,,,1333,1950,150400,336600,487000,2025,Logement,MAMH — Données Québec (rôle d'évaluation foncière),https://donneesouvertes.affmunqc.net/role/RL71060_2026.xml,,,,
"67, Perrot, app. 71",,L'Île-Perrot,,,465.6,2019,60800,518000,578800,2025,Logement,MAMH — Données Québec (rôle d'évaluation foncière),https://donneesouvertes.affmunqc.net/role/RL71060_2026.xml,,,,
"12, 2e Avenue",,L'Île-Perrot,,,927.5,1949,136900,249800,386700,2025,Logement,MAMH — Données Québec (rôle d'évaluation foncière),https://donneesouvertes.affmunqc.net/role/RL71060_2026.xml,,,,
"61, Perrot, app. 65",,L'Île-Perrot,,,463.5,2019,60600,518000,578600,2025,Logement,MAMH — Données Québec (rôle d'évaluation foncière),https://donneesouvertes.affmunqc.net/role/RL71060_2026.xml,,,,
"10, 1re Avenue",,L'Île-Perrot,,,733.3,1981,123900,279000,402900,2025,Logement,MAMH — Données Québec (rôle d'évaluation foncière),https://donneesouvertes.affmunqc.net/role/RL71060_2026.xml,,,,
"18, 2e Avenue",,L'Île-Perrot,,,935.1,1935,137400,271200,408600,2025,Logement,MAMH — Données Québec (rôle d'évaluation foncière),https://donneesouvertes.affmunqc.net/role/RL71060_2026.xml,,,,
"68, Perrot",,L'Île-Perrot,,,2323.4,2019,138900,380900,519800,2025,Logement,MAMH — Données Québec (rôle d'évaluation foncière),https://donneesouvertes.affmunqc.net/role/RL71060_2026.xml,,,,
"54, Perrot",,L'Île-Perrot,,,2254.3,1986,113300,415500,528800,2025,Logement,MAMH — Données Québec (rôle d'évaluation foncière),https://donneesouvertes.affmunqc.net/role/RL71060_2026.xml,,,,
"56, Perrot",,L'Île-Perrot,,,703.4,1986,76000,296000,372000,2025,Logement,MAMH — Données Québec (rôle d'évaluation foncière),https://donneesouvertes.affmunqc.net/role/RL71060_2026.xml,,,,
"58, Perrot",,L'Île-Perrot,,,808.1,1986,84900,179000,263900,2025,Logement,MAMH — Données Québec (rôle d'évaluation foncière),https://donneesouvertes.affmunqc.net/role/RL71060_2026.xml,,,,
"60, Perrot",,L'Île-Perrot,,,926.8,1986,89200,201000,290200,2025,Logement,MAMH — Données Québec (rôle d'évaluation foncière),https://donneesouvertes.affmunqc.net/role/RL71060_2026.xml,,,,
"127, Ile-claude",,L'Île-Perrot,,,1111.5,1968,73100,139400,212500,2025,Logement,MAMH — Données Québec (rôle d'évaluation foncière),https://donneesouvertes.affmunqc.net/role/RL71060_2026.xml,,,,
"24, 2e Avenue",,L'Île-Perrot,,,863.9,1940,132700,194400,327100,2025,Logement,MAMH — Données Québec (rôle d'évaluation foncière),https://donneesouvertes.affmunqc.net/role/RL71060_2026.xml,,,,
1 579 005,,L'Île-Perrot,,,59523.2,,8187800,,8187800,2025,Immeuble commercial,MAMH — Données Québec (rôle d'évaluation foncière),https://donneesouvertes.affmunqc.net/role/RL71060_2026.xml,,,,
"30, 2e Avenue",,L'Île-Perrot,,,851.9,1960,105500,248900,354400,2025,Logement,MAMH — Données Québec (rôle d'évaluation foncière),https://donneesouvertes.affmunqc.net/role/RL71060_2026.xml,,,,
"37, 2e Avenue",,L'Île-Perrot,,,819.4,1967,103700,265100,368800,2025,Logement,MAMH — Données Québec (rôle d'évaluation foncière),https://donneesouvertes.affmunqc.net/role/RL71060_2026.xml,,,,
2e Avenue,,L'Île-Perrot,,,1212.4,,100,,100,2025,Immeuble commercial,MAMH — Données Québec (rôle d'évaluation foncière),https://donneesouvertes.affmunqc.net/role/RL71060_2026.xml,,,,
"57, Perrot",,L'Île-Perrot,,,800.6,1974,128400,322100,450500,2025,Logement,MAMH — Données Québec (rôle d'évaluation foncière),https://donneesouvertes.affmunqc.net/role/RL71060_2026.xml,,,,
"19, 2e Avenue",,L'Île-Perrot,,,437.8,1936,88000,127600,215600,2025,Logement,MAMH — Données Québec (rôle d'évaluation foncière),https://donneesouvertes.affmunqc.net/role/RL71060_2026.xml,,,,
"23, 2e Avenue",,L'Île-Perrot,,,868.7,1954,133000,238400,371400,2025,Logement,MAMH — Données Québec (rôle d'évaluation foncière),https://donneesouvertes.affmunqc.net/role/RL71060_2026.xml,,,,
"7, 1re Avenue",,L'Île-Perrot,,,431.9,1952,86800,329700,416500,2025,Logement,MAMH — Données Québec (rôle d'évaluation foncière),https://donneesouvertes.affmunqc.net/role/RL71060_2026.xml,,,,
1re Avenue,,L'Île-Perrot,,,1165.6,,100,,100,2025,Immeuble commercial,MAMH — Données Québec (rôle d'évaluation foncière),https://donneesouvertes.affmunqc.net/role/RL71060_2026.xml,,,,
"11, 1re Avenue, app. 13",,L'Île-Perrot,,,423.1,2019,85000,436200,521200,2025,Logement,MAMH — Données Québec (rôle d'évaluation foncière),https://donneesouvertes.affmunqc.net/role/RL71060_2026.xml,,,,
"25, Perrot, app. 27",,L'Île-Perrot,,,604.3,1965,115300,305600,420900,2025,Logement,MAMH — Données Québec (rôle d'évaluation foncière),https://donneesouvertes.affmunqc.net/role/RL71060_2026.xml,,,,
"31, 2e Avenue, app. 33",,L'Île-Perrot,,,678.7,1967,120200,359800,480000,2025,Logement,MAMH — Données Québec (rôle d'évaluation foncière),https://donneesouvertes.affmunqc.net/role/RL71060_2026.xml,,,,
"15, 1re Avenue, app. 17",,L'Île-Perrot,,,459.2,2019,92300,438500,530800,2025,Logement,MAMH — Données Québec (rôle d'évaluation foncière),https://donneesouvertes.affmunqc.net/role/RL71060_2026.xml,,,,
"21, 1re Avenue, app. 23",,L'Île-Perrot,,,476.1,2020,62200,376200,438400,2025,Logement,MAMH — Données Québec (rôle d'évaluation foncière),https://donneesouvertes.affmunqc.net/role/RL71060_2026.xml,,,,
"25, 1re Avenue, app. 27",,L'Île-Perrot,,,472.5,2020,61700,380600,442300,2025,Logement,MAMH — Données Québec (rôle d'évaluation foncière),https://donneesouvertes.affmunqc.net/role/RL71060_2026.xml,,,,
"23, Perrot",,L'Île-Perrot,,,1514.1,2023,143600,1482100,1625700,2025,Logement,MAMH — Données Québec (rôle d'évaluation foncière),https://donneesouvertes.affmunqc.net/role/RL71060_2026.xml,,,,
"52, Perrot",,L'Île-Perrot,,,1985.2,1999,187700,478900,666600,2025,Logement,MAMH — Données Québec (rôle d'évaluation foncière),https://donneesouvertes.affmunqc.net/role/RL71060_2026.xml,,,,
"48, Perrot",,L'Île-Perrot,,,2543.3,1958,190000,284900,474900,2025,Logement,MAMH — Données Québec (rôle d'évaluation foncière),https://donneesouvertes.affmunqc.net/role/RL71060_2026.xml,,,,
"16, Auguste-robert",,L'Île-Perrot,,,2598.7,1970,190200,548100,738300,2025,Logement,MAMH — Données Québec (rôle d'évaluation foncière),https://donneesouvertes.affmunqc.net/role/RL71060_2026.xml,,,,
"103, Ile-claude",,L'Île-Perrot,,,2901.7,1940,115400,282300,397700,2025,Logement,MAMH — Données Québec (rôle d'évaluation foncière),https://donneesouvertes.affmunqc.net/role/RL71060_2026.xml,,,,
"130, Ile-claude",,L'Île-Perrot,,,12949.9,2004,97100,682500,779600,2025,Logement,MAMH — Données Québec (rôle d'évaluation foncière),https://donneesouvertes.affmunqc.net/role/RL71060_2026.xml,,,,
"120, Ile-claude",,L'Île-Perrot,,,13103.1,2004,98300,789300,887600,2025,Logement,MAMH — Données Québec (rôle d'évaluation foncière),https://donneesouvertes.affmunqc.net/role/RL71060_2026.xml,,,,
"1, Don-quichotte",,L'Île-Perrot,,,10842.6,,3578100,2839700,6417800,2025,Immeuble à bureaux,MAMH — Données Québec (rôle d'évaluation foncière),https://donneesouvertes.affmunqc.net/role/RL71060_2026.xml,,,,
"15, Don-quichotte",,L'Île-Perrot,,,2528.44,1991,834400,750800,1585200,2025,Immeuble à bureaux,MAMH — Données Québec (rôle d'évaluation foncière),https://donneesouvertes.affmunqc.net/role/RL71060_2026.xml,,,,
"401, 1re Avenue, app. 407",,L'Île-Perrot,,,464.5,1988,213200,457100,670300,2025,Logement,MAMH — Données Québec (rôle d'évaluation foncière),https://donneesouvertes.affmunqc.net/role/RL71060_2026.xml,,,,
"200, Souvenir",,L'Île-Perrot,,,14580,1956,947700,129600,1077300,2025,Immeuble commercial,MAMH — Données Québec (rôle d'évaluation foncière),https://donneesouvertes.affmunqc.net/role/RL71060_2026.xml,,,,
"10, Perrot",,L'Île-Perrot,,,58119.9,,8347100,,8347100,2025,Immeuble commercial,MAMH — Données Québec (rôle d'évaluation foncière),https://donneesouvertes.affmunqc.net/role/RL71060_2026.xml,,,,
"15, Auguste-robert",,L'Île-Perrot,,,1084.5,1990,154800,542500,697300,2025,Logement,MAMH — Données Québec (rôle d'évaluation foncière),https://donneesouvertes.affmunqc.net/role/RL71060_2026.xml,,,,
"14, Auguste-robert",,L'Île-Perrot,,,1378.1,1974,158100,582800,740900,2025,Logement,MAMH — Données Québec (rôle d'évaluation foncière),https://donneesouvertes.affmunqc.net/role/RL71060_2026.xml,,,,
"11, Auguste-robert",,L'Île-Perrot,,,1028,1999,150800,514700,665500,2025,Logement,MAMH — Données Québec (rôle d'évaluation foncière),https://donneesouvertes.affmunqc.net/role/RL71060_2026.xml,,,,
"7, Auguste-robert",,L'Île-Perrot,,,1452,2005,158400,351700,510100,2025,Logement,MAMH — Données Québec (rôle d'évaluation foncière),https://donneesouvertes.affmunqc.net/role/RL71060_2026.xml,,,,
"17, Outaouais",,L'Île-Perrot,,,126.21,1990,47300,188300,235600,2025,Logement,MAMH — Données Québec (rôle d'évaluation foncière),https://donneesouvertes.affmunqc.net/role/RL71060_2026.xml,,,,
"23, Outaouais",,L'Île-Perrot,,,129.19,1990,48400,195000,243400,2025,Logement,MAMH — Données Québec (rôle d'évaluation foncière),https://donneesouvertes.affmunqc.net/role/RL71060_2026.xml,,,,
"29, Outaouais",,L'Île-Perrot,,,128.15,1990,48100,195500,243600,2025,Logement,MAMH — Données Québec (rôle d'évaluation foncière),https://donneesouvertes.affmunqc.net/role/RL71060_2026.xml,,,,
"35, Outaouais",,L'Île-Perrot,,,126.21,1990,47300,188300,235600,2025,Logement,MAMH — Données Québec (rôle d'évaluation foncière),https://donneesouvertes.affmunqc.net/role/RL71060_2026.xml,,,,
"19, Outaouais",,L'Île-Perrot,,,121.44,1990,45500,200200,245700,2025,Logement,MAMH — Données Québec (rôle d'évaluation foncière),https://donneesouvertes.affmunqc.net/role/RL71060_2026.xml,,,,
"25, Outaouais",,L'Île-Perrot,,,124.12,1990,46500,185500,232000,2025,Logement,MAMH — Données Québec (rôle d'évaluation foncière),https://donneesouvertes.affmunqc.net/role/RL71060_2026.xml,,,,
"31, Outaouais",,L'Île-Perrot,,,123.97,1990,46500,185300,231800,2025,Logement,MAMH — Données Québec (rôle d'évaluation foncière),https://donneesouvertes.affmunqc.net/role/RL71060_2026.xml,,,,
"37, Outaouais",,L'Île-Perrot,,,121.29,1990,45500,196300,241800,2025,Logement,MAMH — Données Québec (rôle d'évaluation foncière),https://donneesouvertes.affmunqc.net/role/RL71060_2026.xml,,,,
"21, Outaouais",,L'Île-Perrot,,,121.44,1990,45500,210700,256200,2025,Logement,MAMH — Données Québec (rôle d'évaluation foncière),https://donneesouvertes.affmunqc.net/role/RL71060_2026.xml,,,,
"27, Outaouais",,L'Île-Perrot,,,124.57,1990,46700,216500,263200,2025,Logement,MAMH — Données Québec (rôle d'évaluation foncière),https://donneesouvertes.affmunqc.net/role/RL71060_2026.xml,,,,
"33, Outaouais",,L'Île-Perrot,,,123.82,1990,46400,222600,269000,2025,Logement,MAMH — Données Québec (rôle d'évaluation foncière),https://donneesouvertes.affmunqc.net/role/RL71060_2026.xml,,,,
"39, Outaouais",,L'Île-Perrot,,,121.44,1990,45500,208400,253900,2025,Logement,MAMH — Données Québec (rôle d'évaluation foncière),https://donneesouvertes.affmunqc.net/role/RL71060_2026.xml,,,,
"9, Outaouais, app. 13",,L'Île-Perrot,,,600.1,1990,225000,401800,626800,2025,Logement,MAMH — Données Québec (rôle d'évaluation foncière),https://donneesouvertes.affmunqc.net/role/RL71060_2026.xml,,,,
"1, Outaouais, app. 5",,L'Île-Perrot,,,568.4,1990,213200,429600,642800,2025,Logement,MAMH — Données Québec (rôle d'évaluation foncière),https://donneesouvertes.affmunqc.net/role/RL71060_2026.xml,,,,
"53, Outaouais",,L'Île-Perrot,,,172.64,1990,59100,218500,277600,2025,Logement,MAMH — Données Québec (rôle d'évaluation foncière),https://donneesouvertes.affmunqc.net/role/RL71060_2026.xml,,,,
"47, Outaouais",,L'Île-Perrot,,,172.23,1990,59000,222400,281400,2025,Logement,MAMH — Données Québec (rôle d'évaluation foncière),https://donneesouvertes.affmunqc.net/role/RL71060_2026.xml,,,,
"55, Outaouais",,L'Île-Perrot,,,169.66,1990,58700,210800,269500,2025,Logement,MAMH — Données Québec (rôle d'évaluation foncière),https://donneesouvertes.affmunqc.net/role/RL71060_2026.xml,,,,
"49, Outaouais",,L'Île-Perrot,,,169.46,1990,58700,196800,255500,2025,Logement,MAMH — Données Québec (rôle d'évaluation foncière),https://donneesouvertes.affmunqc.net/role/RL71060_2026.xml,,,,
"57, Outaouais",,L'Île-Perrot,,,171,1990,58900,204800,263700,2025,Logement,MAMH — Données Québec (rôle d'évaluation foncière),https://donneesouvertes.affmunqc.net/role/RL71060_2026.xml,,,,
"51, Outaouais",,L'Île-Perrot,,,170.79,1990,58800,207200,266000,2025,Logement,MAMH — Données Québec (rôle d'évaluation foncière),https://donneesouvertes.affmunqc.net/role/RL71060_2026.xml,,,,
"109, Outaouais, app. 113",,L'Île-Perrot,,,455.4,1990,170800,444900,615700,2025,Logement,MAMH — Données Québec (rôle d'évaluation foncière),https://donneesouvertes.affmunqc.net/role/RL71060_2026.xml,,,,
"65, Outaouais",,L'Île-Perrot,,,139.81,1991,52400,252000,304400,2025,Logement,MAMH — Données Québec (rôle d'évaluation foncière),https://donneesouvertes.affmunqc.net/role/RL71060_2026.xml,,,,
"59, Outaouais",,L'Île-Perrot,,,140.14,1991,52600,248000,300600,2025,Logement,MAMH — Données Québec (rôle d'évaluation foncière),https://donneesouvertes.affmunqc.net/role/RL71060_2026.xml,,,,
"71, Outaouais",,L'Île-Perrot,,,138.49,1991,51900,243200,295100,2025,Logement,MAMH — Données Québec (rôle d'évaluation foncière),https://donneesouvertes.affmunqc.net/role/RL71060_2026.xml,,,,
"77, Outaouais",,L'Île-Perrot,,,138.49,1991,51900,248000,299900,2025,Logement,MAMH — Données Québec (rôle d'évaluation foncière),https://donneesouvertes.affmunqc.net/role/RL71060_2026.xml,,,,
"61, Outaouais",,L'Île-Perrot,,,137.33,1991,51500,239800,291300,2025,Logement,MAMH — Données Québec (rôle d'évaluation foncière),https://donneesouvertes.affmunqc.net/role/RL71060_2026.xml,,,,
"67, Outaouais",,L'Île-Perrot,,,136.51,1991,51200,238700,289900,2025,Logement,MAMH — Données Québec (rôle d'évaluation foncière),https://donneesouvertes.affmunqc.net/role/RL71060_2026.xml,,,,
"73, Outaouais",,L'Île-Perrot,,,138.65,1991,52000,245200,297200,2025,Logement,MAMH — Données Québec (rôle d'évaluation foncière),https://donneesouvertes.affmunqc.net/role/RL71060_2026.xml,,,,
"79, Outaouais",,L'Île-Perrot,,,138.65,1991,52000,239800,291800,2025,Logement,MAMH — Données Québec (rôle d'évaluation foncière),https://donneesouvertes.affmunqc.net/role/RL71060_2026.xml,,,,
"63, Outaouais",,L'Île-Perrot,,,136.01,1991,51000,235600,286600,2025,Logement,MAMH — Données Québec (rôle d'évaluation foncière),https://donneesouvertes.affmunqc.net/role/RL71060_2026.xml,,,,
"69, Outaouais",,L'Île-Perrot,,,134.69,1991,50500,241300,291800,2025,Logement,MAMH — Données Québec (rôle d'évaluation foncière),https://donneesouvertes.affmunqc.net/role/RL71060_2026.xml,,,,
"75, Outaouais",,L'Île-Perrot,,,136.34,1991,51100,239400,290500,2025,Logement,MAMH — Données Québec (rôle d'évaluation foncière),https://donneesouvertes.affmunqc.net/role/RL71060_2026.xml,,,,
"81, Outaouais",,L'Île-Perrot,,,135.52,1991,50800,233400,284200,2025,Logement,MAMH — Données Québec (rôle d'évaluation foncière),https://donneesouvertes.affmunqc.net/role/RL71060_2026.xml,,,,
"386, 2e Avenue, app. 392",,L'Île-Perrot,,,464.5,1986,213200,351600,564800,2025,Logement,MAMH — Données Québec (rôle d'évaluation foncière),https://donneesouvertes.affmunqc.net/role/RL71060_2026.xml,,,,
"384, 2e Avenue",,L'Île-Perrot,,,464.5,1986,213200,332800,546000,2025,Logement,MAMH — Données Québec (rôle d'évaluation foncière),https://donneesouvertes.affmunqc.net/role/RL71060_2026.xml,,,,
"40, Pionniers, app. 44",,L'Île-Perrot,,,591.1,1974,221700,338600,560300,2025,Logement,MAMH — Données Québec (rôle d'évaluation foncière),https://donneesouvertes.affmunqc.net/role/RL71060_2026.xml,,,,
"380, 2e Avenue",,L'Île-Perrot,,,464.5,1986,213200,321500,534700,2025,Logement,MAMH — Données Québec (rôle d'évaluation foncière),https://donneesouvertes.affmunqc.net/role/RL71060_2026.xml,,,,
"381, 2e Avenue",,L'Île-Perrot,,,478.4,1986,215400,306700,522100,2025,Logement,MAMH — Données Québec (rôle d'évaluation foncière),https://donneesouvertes.affmunqc.net/role/RL71060_2026.xml,,,,
"377, 2e Avenue",,L'Île-Perrot,,,478.4,1986,215400,342100,557500,2025,Logement,MAMH — Données Québec (rôle d'évaluation foncière),https://donneesouvertes.affmunqc.net/role/RL71060_2026.xml,,,,
"373, 2e Avenue",,L'Île-Perrot,,,478.4,1985,215400,358500,573900,2025,Logement,MAMH — Données Québec (rôle d'évaluation foncière),https://donneesouvertes.affmunqc.net/role/RL71060_2026.xml,,,,
"369, 2e Avenue",,L'Île-Perrot,,,478.4,1985,215400,348300,563700,2025,Logement,MAMH — Données Québec (rôle d'évaluation foncière),https://donneesouvertes.affmunqc.net/role/RL71060_2026.xml,,,,
"320, Pionniers",,L'Île-Perrot,,,72.11,1990,26000,205100,231100,2025,Logement,MAMH — Données Québec (rôle d'évaluation foncière),https://donneesouvertes.affmunqc.net/role/RL71060_2026.xml,,,,
"326, Pionniers",,L'Île-Perrot,,,74.66,1990,26900,199600,226500,2025,Logement,MAMH — Données Québec (rôle d'évaluation foncière),https://donneesouvertes.affmunqc.net/role/RL71060_2026.xml,,,,
"332, Pionniers",,L'Île-Perrot,,,74.09,1990,26700,205800,232500,2025,Logement,MAMH — Données Québec (rôle d'évaluation foncière),https://donneesouvertes.affmunqc.net/role/RL71060_2026.xml,,,,
"338, Pionniers",,L'Île-Perrot,,,74.8,1990,26900,205100,232000,2025,Logement,MAMH — Données Québec (rôle d'évaluation foncière),https://donneesouvertes.affmunqc.net/role/RL71060_2026.xml,,,,
"344, Pionniers",,L'Île-Perrot,,,74.66,1990,26900,197600,224500,2025,Logement,MAMH — Données Québec (rôle d'évaluation foncière),https://donneesouvertes.affmunqc.net/role/RL71060_2026.xml,,,,
"350, Pionniers",,L'Île-Perrot,,,72.53,1990,26100,230600,256700,2025,Logement,MAMH — Données Québec (rôle d'évaluation foncière),https://donneesouvertes.affmunqc.net/role/RL71060_2026.xml,,,,
"322, Pionniers",,L'Île-Perrot,,,69.56,1990,25000,231500,256500,2025,Logement,MAMH — Données Québec (rôle d'évaluation foncière),https://donneesouvertes.affmunqc.net/role/RL71060_2026.xml,,,,
"328, Pionniers",,L'Île-Perrot,,,71.83,1990,25900,200100,226000,2025,Logement,MAMH — Données Québec (rôle d'évaluation foncière),https://donneesouvertes.affmunqc.net/role/RL71060_2026.xml,,,,
"334, Pionniers",,L'Île-Perrot,,,71.4,1990,25700,206400,232100,2025,Logement,MAMH — Données Québec (rôle d'évaluation foncière),https://donneesouvertes.affmunqc.net/role/RL71060_2026.xml,,,,
"340, Pionniers",,L'Île-Perrot,,,71.97,1990,25900,202600,228500,2025,Logement,MAMH — Données Québec (rôle d'évaluation foncière),https://donneesouvertes.affmunqc.net/role/RL71060_2026.xml,,,,
"346, Pionniers",,L'Île-Perrot,,,71.97,1990,25900,204300,230200,2025,Logement,MAMH — Données Québec (rôle d'évaluation foncière),https://donneesouvertes.affmunqc.net/role/RL71060_2026.xml,,,,
"352, Pionniers",,L'Île-Perrot,,,69.84,1990,25100,196900,222000,2025,Logement,MAMH — Données Québec (rôle d'évaluation foncière),https://donneesouvertes.affmunqc.net/role/RL71060_2026.xml,,,,
"324, Pionniers",,L'Île-Perrot,,,91.94,1990,33100,228600,261700,2025,Logement,MAMH — Données Québec (rôle d'évaluation foncière),https://donneesouvertes.affmunqc.net/role/RL71060_2026.xml,,,,
"330, Pionniers",,L'Île-Perrot,,,94.35,1990,34000,238000,272000,2025,Logement,MAMH — Données Québec (rôle d'évaluation foncière),https://donneesouvertes.affmunqc.net/role/RL71060_2026.xml,,,,
"336, Pionniers",,L'Île-Perrot,,,93.93,1990,33800,227400,261200,2025,Logement,MAMH — Données Québec (rôle d'évaluation foncière),https://donneesouvertes.affmunqc.net/role/RL71060_2026.xml,,,,
"342, Pionniers",,L'Île-Perrot,,,87.69,1990,31600,236600,268200,2025,Logement,MAMH — Données Québec (rôle d'évaluation foncière),https://donneesouvertes.affmunqc.net/role/RL71060_2026.xml,,,,
"348, Pionniers",,L'Île-Perrot,,,87.69,1990,31600,251500,283100,2025,Logement,MAMH — Données Québec (rôle d'évaluation foncière),https://donneesouvertes.affmunqc.net/role/RL71060_2026.xml,,,,
"354, Pionniers",,L'Île-Perrot,,,92.37,1990,33300,228800,262100,2025,Logement,MAMH — Données Québec (rôle d'évaluation foncière),https://donneesouvertes.affmunqc.net/role/RL71060_2026.xml,,,,
"365, 2e Avenue",,L'Île-Perrot,,,478.4,1985,215400,322100,537500,2025,Logement,MAMH — Données Québec (rôle d'évaluation foncière),https://donneesouvertes.affmunqc.net/role/RL71060_2026.xml,,,,
"393, 1re Avenue, app. 399",,L'Île-Perrot,,,464.5,1988,213200,374700,587900,2025,Logement,MAMH — Données Québec (rôle d'évaluation foncière),https://donneesouvertes.affmunqc.net/role/RL71060_2026.xml,,,,
"385, 1re Avenue, app. 391",,L'Île-Perrot,,,464.5,1988,213200,377400,590600,2025,Logement,MAMH — Données Québec (rôle d'évaluation foncière),https://donneesouvertes.affmunqc.net/role/RL71060_2026.xml,,,,
"377, 1re Avenue, app. 383",,L'Île-Perrot,,,464.5,1988,213200,362800,576000,2025,Logement,MAMH — Données Québec (rôle d'évaluation foncière),https://donneesouvertes.affmunqc.net/role/RL71060_2026.xml,,,,
"369, 1re Avenue, app. 375",,L'Île-Perrot,,,464.5,1988,213200,347900,561100,2025,Logement,MAMH — Données Québec (rôle d'évaluation foncière),https://donneesouvertes.affmunqc.net/role/RL71060_2026.xml,,,,
"361, 1re Avenue, app. 367",,L'Île-Perrot,,,464.5,1988,213200,351700,564900,2025,Logement,MAMH — Données Québec (rôle d'évaluation foncière),https://donneesouvertes.affmunqc.net/role/RL71060_2026.xml,,,,
"376, 2e Avenue",,L'Île-Perrot,,,464.5,1985,213200,327000,540200,2025,Logement,MAMH — Données Québec (rôle d'évaluation foncière),https://donneesouvertes.affmunqc.net/role/RL71060_2026.xml,,,,
"353, 1re Avenue, app. 359",,L'Île-Perrot,,,464.5,1987,213200,332400,545600,2025,Logement,MAMH — Données Québec (rôle d'évaluation foncière),https://donneesouvertes.affmunqc.net/role/RL71060_2026.xml,,,,
"372, 2e Avenue",,L'Île-Perrot,,,464.5,1985,213200,330800,544000,2025,Logement,MAMH — Données Québec (rôle d'évaluation foncière),https://donneesouvertes.affmunqc.net/role/RL71060_2026.xml,,,,
"345, 1re Avenue, app. 351",,L'Île-Perrot,,,464.5,1987,213200,349700,562900,2025,Logement,MAMH — Données Québec (rôle d'évaluation foncière),https://donneesouvertes.affmunqc.net/role/RL71060_2026.xml,,,,
"368, 2e Avenue",,L'Île-Perrot,,,464.5,1983,213200,318900,532100,2025,Logement,MAMH — Données Québec (rôle d'évaluation foncière),https://donneesouvertes.affmunqc.net/role/RL71060_2026.xml,,,,
"337, 1re Avenue, app. 343",,L'Île-Perrot,,,464.5,1987,213200,351900,565100,2025,Logement,MAMH — Données Québec (rôle d'évaluation foncière),https://donneesouvertes.affmunqc.net/role/RL71060_2026.xml,,,,
"364, 2e Avenue",,L'Île-Perrot,,,464.5,1983,213200,308800,522000,2025,Logement,MAMH — Données Québec (rôle d'évaluation foncière),https://donneesouvertes.affmunqc.net/role/RL71060_2026.xml,,,,
"335, 1re Avenue",,L'Île-Perrot,,,464.5,1967,128200,286900,415100,2025,Logement,MAMH — Données Québec (rôle d'évaluation foncière),https://donneesouvertes.affmunqc.net/role/RL71060_2026.xml,,,,
"360, 2e Avenue",,L'Île-Perrot,,,464.5,1983,213200,313200,526400,2025,Logement,MAMH — Données Québec (rôle d'évaluation foncière),https://donneesouvertes.affmunqc.net/role/RL71060_2026.xml,,,,
"356, 2e Avenue",,L'Île-Perrot,,,464.5,1983,213200,331300,544500,2025,Logement,MAMH — Données Québec (rôle d'évaluation foncière),https://donneesouvertes.affmunqc.net/role/RL71060_2026.xml,,,,
"333, 1 Ere Avenue",,L'Île-Perrot,,,462.2,2020,127600,433200,560800,2025,Logement,MAMH — Données Québec (rôle d'évaluation foncière),https://donneesouvertes.affmunqc.net/role/RL71060_2026.xml,,,,
"12, Auguste-robert",,L'Île-Perrot,,,1116.2,1950,144000,373500,517500,2025,Logement,MAMH — Données Québec (rôle d'évaluation foncière),https://donneesouvertes.affmunqc.net/role/RL71060_2026.xml,,,,
"83, Ile-claude",,L'Île-Perrot,,,1790.9,1952,105000,262700,367700,2025,Logement,MAMH — Données Québec (rôle d'évaluation foncière),https://donneesouvertes.affmunqc.net/role/RL71060_2026.xml,,,,
"79, Ile-claude",,L'Île-Perrot,,,593.7,1963,49900,106800,156700,2025,Logement,MAMH — Données Québec (rôle d'évaluation foncière),https://donneesouvertes.affmunqc.net/role/RL71060_2026.xml,,,,
"86, Ile-claude",,L'Île-Perrot,,,325.2,1989,21500,232800,254300,2025,Logement,MAMH — Données Québec (rôle d'évaluation foncière),https://donneesouvertes.affmunqc.net/role/RL71060_2026.xml,,,,
"78, Ile-claude",,L'Île-Perrot,,,483.9,1990,31900,407400,439300,2025,Logement,MAMH — Données Québec (rôle d'évaluation foncière),https://donneesouvertes.affmunqc.net/role/RL71060_2026.xml,,,,
"75, Ile-claude",,L'Île-Perrot,,,490.5,1960,41200,182100,223300,2025,Logement,MAMH — Données Québec (rôle d'évaluation foncière),https://donneesouvertes.affmunqc.net/role/RL71060_2026.xml,,,,
"103, Outaouais, app. 107",,L'Île-Perrot,,,516,1990,193500,428600,622100,2025,Logement,MAMH — Données Québec (rôle d'évaluation foncière),https://donneesouvertes.affmunqc.net/role/RL71060_2026.xml,,,,
"70, Pionniers, app. 72",,L'Île-Perrot,,,557.9,1990,209200,446600,655800,2025,Logement,MAMH — Données Québec (rôle d'évaluation foncière),https://donneesouvertes.affmunqc.net/role/RL71060_2026.xml,,,,
"95, Outaouais",,L'Île-Perrot,,,1603,1991,425400,1402800,1828200,2025,Logement,MAMH — Données Québec (rôle d'évaluation foncière),https://donneesouvertes.affmunqc.net/role/RL71060_2026.xml,,,,
"90, Pionniers, app. 94",,L'Île-Perrot,,,876.9,1990,280100,425600,705700,2025,Logement,MAMH — Données Québec (rôle d'évaluation foncière),https://donneesouvertes.affmunqc.net/role/RL71060_2026.xml,,,,
"100, Pionniers, app. 104",,L'Île-Perrot,,,759.6,1990,258700,397900,656600,2025,Logement,MAMH — Données Québec (rôle d'évaluation foncière),https://donneesouvertes.affmunqc.net/role/RL71060_2026.xml,,,,
"384, Grand Boulevard",,L'Île-Perrot,,,5844.1,1942,854000,103600,957600,2025,Industrie,MAMH — Données Québec (rôle d'évaluation foncière),https://donneesouvertes.affmunqc.net/role/RL71060_2026.xml,,,,
"241, Pionniers",,L'Île-Perrot,,,706.5,1989,263300,955300,1218600,2025,Logement,MAMH — Données Québec (rôle d'évaluation foncière),https://donneesouvertes.affmunqc.net/role/RL71060_2026.xml,,,,
"310, Pionniers, app. 314",,L'Île-Perrot,,,477.2,1989,179000,406000,585000,2025,Logement,MAMH — Données Québec (rôle d'évaluation foncière),https://donneesouvertes.affmunqc.net/role/RL71060_2026.xml,,,,
"304, Pionniers, app. 308",,L'Île-Perrot,,,509.2,1989,191000,371100,562100,2025,Logement,MAMH — Données Québec (rôle d'évaluation foncière),https://donneesouvertes.affmunqc.net/role/RL71060_2026.xml,,,,
"80, Pionniers, app. 82",,L'Île-Perrot,,,642.9,1990,241100,387100,628200,2025,Logement,MAMH — Données Québec (rôle d'évaluation foncière),https://donneesouvertes.affmunqc.net/role/RL71060_2026.xml,,,,
"298, Pionniers, app. 302",,L'Île-Perrot,,,508.7,1989,190800,348500,539300,2025,Logement,MAMH — Données Québec (rôle d'évaluation foncière),https://donneesouvertes.affmunqc.net/role/RL71060_2026.xml,,,,
"292, Pionniers, app. 296",,L'Île-Perrot,,,508.1,1989,190500,346000,536500,2025,Logement,MAMH — Données Québec (rôle d'évaluation foncière),https://donneesouvertes.affmunqc.net/role/RL71060_2026.xml,,,,
"291, Pionniers, app. 295",,L'Île-Perrot,,,523.7,1990,196400,404000,600400,2025,Logement,MAMH — Données Québec (rôle d'évaluation foncière),https://donneesouvertes.affmunqc.net/role/RL71060_2026.xml,,,,
"283, Pionniers, app. 287",,L'Île-Perrot,,,523.9,1990,196500,396800,593300,2025,Logement,MAMH — Données Québec (rôle d'évaluation foncière),https://donneesouvertes.affmunqc.net/role/RL71060_2026.xml,,,,
"240, Pionniers, app. 244",,L'Île-Perrot,,,523.6,1990,196400,404400,600800,2025,Logement,MAMH — Données Québec (rôle d'évaluation foncière),https://donneesouvertes.affmunqc.net/role/RL71060_2026.xml,,,,
"275, Pionniers, app. 279",,L'Île-Perrot,,,523.9,1989,196500,382700,579200,2025,Logement,MAMH — Données Québec (rôle d'évaluation foncière),https://donneesouvertes.affmunqc.net/role/RL71060_2026.xml,,,,
"232, Pionniers, app. 236",,L'Île-Perrot,,,523.9,1990,196500,401000,597500,2025,Logement,MAMH — Données Québec (rôle d'évaluation foncière),https://donneesouvertes.affmunqc.net/role/RL71060_2026.xml,,,,
"265, Pionniers, app. 269",,L'Île-Perrot,,,523.9,1989,196500,390000,586500,2025,Logement,MAMH — Données Québec (rôle d'évaluation foncière),https://donneesouvertes.affmunqc.net/role/RL71060_2026.xml,,,,
"224, Pionniers, app. 228",,L'Île-Perrot,,,523.9,1989,196500,408500,605000,2025,Logement,MAMH — Données Québec (rôle d'évaluation foncière),https://donneesouvertes.affmunqc.net/role/RL71060_2026.xml,,,,
"259, Pionniers, app. 263",,L'Île-Perrot,,,523.9,1990,196500,419600,616100,2025,Logement,MAMH — Données Québec (rôle d'évaluation foncière),https://donneesouvertes.affmunqc.net/role/RL71060_2026.xml,,,,
"216, Pionniers",,L'Île-Perrot,,,314.3,1989,117900,251400,369300,2025,Logement,MAMH — Données Québec (rôle d'évaluation foncière),https://donneesouvertes.affmunqc.net/role/RL71060_2026.xml,,,,
"218, Pionniers",,L'Île-Perrot,,,209.6,1989,78600,129500,208100,2025,Logement,MAMH — Données Québec (rôle d'évaluation foncière),https://donneesouvertes.affmunqc.net/role/RL71060_2026.xml,,,,
"251, Pionniers, app. 255",,L'Île-Perrot,,,520.8,1990,195300,380300,575600,2025,Logement,MAMH — Données Québec (rôle d'évaluation foncière),https://donneesouvertes.affmunqc.net/role/RL71060_2026.xml,,,,
"361, 2e Avenue",,L'Île-Perrot,,,478.4,1985,215400,328800,544200,2025,Logement,MAMH — Données Québec (rôle d'évaluation foncière),https://donneesouvertes.affmunqc.net/role/RL71060_2026.xml,,,,
"357, 2e Avenue",,L'Île-Perrot,,,478.4,1984,215400,338900,554300,2025,Logement,MAMH — Données Québec (rôle d'évaluation foncière),https://donneesouvertes.affmunqc.net/role/RL71060_2026.xml,,,,
"352, 2e Avenue",,L'Île-Perrot,,,929,1967,321400,518200,839600,2025,Logement,MAMH — Données Québec (rôle d'évaluation foncière),https://donneesouvertes.affmunqc.net/role/RL71060_2026.xml,,,,
"353, 2e Avenue",,L'Île-Perrot,,,478.4,1984,215400,362300,577700,2025,Logement,MAMH — Données Québec (rôle d'évaluation foncière),https://donneesouvertes.affmunqc.net/role/RL71060_2026.xml,,,,
"347, 2e Avenue, app. 349",,L'Île-Perrot,,,959.2,1977,190900,355900,546800,2025,Logement,MAMH — Données Québec (rôle d'évaluation foncière),https://donneesouvertes.affmunqc.net/role/RL71060_2026.xml,,,,
"286, Pionniers, app. 288",,L'Île-Perrot,,,507.6,1989,190400,331300,521700,2025,Logement,MAMH — Données Québec (rôle d'évaluation foncière),https://donneesouvertes.affmunqc.net/role/RL71060_2026.xml,,,,
"343, 2e Avenue, app. 343",,L'Île-Perrot,,,454.6,2024,125500,554000,679500,2025,Logement,MAMH — Données Québec (rôle d'évaluation foncière),https://donneesouvertes.affmunqc.net/role/RL71060_2026.xml,,,,
"341, 2e Avenue, app. 341",,L'Île-Perrot,,,454.4,2024,125400,554000,679400,2025,Logement,MAMH — Données Québec (rôle d'évaluation foncière),https://donneesouvertes.affmunqc.net/role/RL71060_2026.xml,,,,
"282, Pionniers, app. 284",,L'Île-Perrot,,,575.3,1989,201800,398800,600600,2025,Logement,MAMH — Données Québec (rôle d'évaluation foncière),https://donneesouvertes.affmunqc.net/role/RL71060_2026.xml,,,,
"339, 2e Avenue",,L'Île-Perrot,,,526.3,1980,145300,229800,375100,2025,Logement,MAMH — Données Québec (rôle d'évaluation foncière),https://donneesouvertes.affmunqc.net/role/RL71060_2026.xml,,,,
"278, Pionniers, app. 280",,L'Île-Perrot,,,494.5,1989,185400,380800,566200,2025,Logement,MAMH — Données Québec (rôle d'évaluation foncière),https://donneesouvertes.affmunqc.net/role/RL71060_2026.xml,,,,
"274, Pionniers, app. 276",,L'Île-Perrot,,,731.1,1990,230900,457100,688000,2025,Logement,MAMH — Données Québec (rôle d'évaluation foncière),https://donneesouvertes.affmunqc.net/role/RL71060_2026.xml,,,,
"270, Pionniers",,L'Île-Perrot,,,473.62,1990,177600,228200,405800,2025,Logement,MAMH — Données Québec (rôle d'évaluation foncière),https://donneesouvertes.affmunqc.net/role/RL71060_2026.xml,,,,
"272, Pionniers",,L'Île-Perrot,,,248.34,1990,93100,215700,308800,2025,Logement,MAMH — Données Québec (rôle d'évaluation foncière),https://donneesouvertes.affmunqc.net/role/RL71060_2026.xml,,,,
"331, 1 Ere Avenue",,L'Île-Perrot,,,466.8,2020,128800,433200,562000,2025,Logement,MAMH — Données Québec (rôle d'évaluation foncière),https://donneesouvertes.affmunqc.net/role/RL71060_2026.xml,,,,
"329, 1 Ere Avenue",,L'Île-Perrot,,,462.2,2021,127600,421600,549200,2025,Logement,MAMH — Données Québec (rôle d'évaluation foncière),https://donneesouvertes.affmunqc.net/role/RL71060_2026.xml,,,,
"327, 1 Ere Avenue",,L'Île-Perrot,,,464.5,2021,128200,421600,549800,2025,Logement,MAMH — Données Québec (rôle d'évaluation foncière),https://donneesouvertes.affmunqc.net/role/RL71060_2026.xml,,,,
"342, 2e Avenue",,L'Île-Perrot,,,696.8,1964,284300,524100,808400,2025,Logement,MAMH — Données Québec (rôle d'évaluation foncière),https://donneesouvertes.affmunqc.net/role/RL71060_2026.xml,,,,
"325, 1re Avenue",,L'Île-Perrot,,,696.8,1960,166800,221900,388700,2025,Logement,MAMH — Données Québec (rôle d'évaluation foncière),https://donneesouvertes.affmunqc.net/role/RL71060_2026.xml,,,,
"338, 2e Avenue",,L'Île-Perrot,,,696.8,1964,284300,454000,738300,2025,Logement,MAMH — Données Québec (rôle d'évaluation foncière),https://donneesouvertes.affmunqc.net/role/RL71060_2026.xml,,,,
"321, 1re Avenue",,L'Île-Perrot,,,454.9,2019,175800,426800,602600,2025,Logement,MAMH — Données Québec (rôle d'évaluation foncière),https://donneesouvertes.affmunqc.net/role/RL71060_2026.xml,,,,
"319, 1re Avenue",,L'Île-Perrot,,,457.2,2019,176700,426800,603500,2025,Logement,MAMH — Données Québec (rôle d'évaluation foncière),https://donneesouvertes.affmunqc.net/role/RL71060_2026.xml,,,,
"330, 2e Avenue",,L'Île-Perrot,,,1195.9,1982,206000,428400,634400,2025,Logement,MAMH — Données Québec (rôle d'évaluation foncière),https://donneesouvertes.affmunqc.net/role/RL71060_2026.xml,,,,
"317, 1re Avenue",,L'Île-Perrot,,,713.7,1954,168300,194700,363000,2025,Logement,MAMH — Données Québec (rôle d'évaluation foncière),https://donneesouvertes.affmunqc.net/role/RL71060_2026.xml,,,,
"322, 2e Avenue, app. 328",,L'Île-Perrot,,,673.6,1957,164600,347500,512100,2025,Logement,MAMH — Données Québec (rôle d'évaluation foncière),https://donneesouvertes.affmunqc.net/role/RL71060_2026.xml,,,,
"335, 2e Avenue",,L'Île-Perrot,,,478.4,1964,215400,333700,549100,2025,Logement,MAMH — Données Québec (rôle d'évaluation foncière),https://donneesouvertes.affmunqc.net/role/RL71060_2026.xml,,,,
"190, Souvenir",,L'Île-Perrot,,,2425,2000,315300,164700,480000,2025,Institutionnel,MAMH — Données Québec (rôle d'évaluation foncière),https://donneesouvertes.affmunqc.net/role/RL71060_2026.xml,,,,
"313, 1re Avenue",,L'Île-Perrot,,,612.9,1954,151100,169200,320300,2025,Logement,MAMH — Données Québec (rôle d'évaluation foncière),https://donneesouvertes.affmunqc.net/role/RL71060_2026.xml,,,,
"34, Manoirs",,L'Île-Perrot,,,3004.7,2016,331900,870900,1202800,2025,Logement,MAMH — Données Québec (rôle d'évaluation foncière),https://donneesouvertes.affmunqc.net/role/RL71060_2026.xml,,,,
"30, Manoirs",,L'Île-Perrot,,,3120.1,2017,262000,891000,1153000,2025,Logement,MAMH — Données Québec (rôle d'évaluation foncière),https://donneesouvertes.affmunqc.net/role/RL71060_2026.xml,,,,
"231, Pionniers",,L'Île-Perrot,,,706.5,1989,263300,955300,1218600,2025,Logement,MAMH — Données Québec (rôle d'évaluation foncière),https://donneesouvertes.affmunqc.net/role/RL71060_2026.xml,,,,
"378, Grand Boulevard",,L'Île-Perrot,,,815.3,1985,305700,728800,1034500,2025,Logement,MAMH — Données Québec (rôle d'évaluation foncière),https://donneesouvertes.affmunqc.net/role/RL71060_2026.xml,,,,
"374, Grand Boulevard",,L'Île-Perrot,,,815.2,1985,305700,728800,1034500,2025,Logement,MAMH — Données Québec (rôle d'évaluation foncière),https://donneesouvertes.affmunqc.net/role/RL71060_2026.xml,,,,
"336, Grand Boulevard, app. 338",,L'Île-Perrot,,,2119.6,1975,565000,939700,1504700,2025,Immeuble à bureaux,MAMH — Données Québec (rôle d'évaluation foncière),https://donneesouvertes.affmunqc.net/role/RL71060_2026.xml,,,,
"367, Grand Boulevard",,L'Île-Perrot,,,1393.4,1970,474200,10200,484400,2025,Industrie,MAMH — Données Québec (rôle d'évaluation foncière),https://donneesouvertes.affmunqc.net/role/RL71060_2026.xml,,,,
"355, Grand Boulevard, app. 359",,L'Île-Perrot,,,1365.5,1956,470700,333400,804100,2025,Industrie,MAMH — Données Québec (rôle d'évaluation foncière),https://donneesouvertes.affmunqc.net/role/RL71060_2026.xml,,,,
"208, Pionniers, app. 212",,L'Île-Perrot,,,523.9,1989,196500,368000,564500,2025,Logement,MAMH — Données Québec (rôle d'évaluation foncière),https://donneesouvertes.affmunqc.net/role/RL71060_2026.xml,,,,
"225, Pionniers, app. 229",,L'Île-Perrot,,,445.9,1989,167200,376200,543400,2025,Logement,MAMH — Données Québec (rôle d'évaluation foncière),https://donneesouvertes.affmunqc.net/role/RL71060_2026.xml,,,,
"200, Pionniers, app. 204",,L'Île-Perrot,,,518.7,1989,194500,403700,598200,2025,Logement,MAMH — Données Québec (rôle d'évaluation foncière),https://donneesouvertes.affmunqc.net/role/RL71060_2026.xml,,,,
"221, Pionniers, app. 223",,L'Île-Perrot,,,250.9,1989,94100,323900,418000,2025,Logement,MAMH — Données Québec (rôle d'évaluation foncière),https://donneesouvertes.affmunqc.net/role/RL71060_2026.xml,,,,
"217, Pionniers, app. 219",,L'Île-Perrot,,,250.9,1989,94100,329900,424000,2025,Logement,MAMH — Données Québec (rôle d'évaluation foncière),https://donneesouvertes.affmunqc.net/role/RL71060_2026.xml,,,,
"211, Pionniers, app. 215",,L'Île-Perrot,,,445.9,1989,167200,356100,523300,2025,Logement,MAMH — Données Québec (rôle d'évaluation foncière),https://donneesouvertes.affmunqc.net/role/RL71060_2026.xml,,,,
"209, Pionniers",,L'Île-Perrot,,,783.3,1990,272900,748600,1021500,2025,Logement,MAMH — Données Québec (rôle d'évaluation foncière),https://donneesouvertes.affmunqc.net/role/RL71060_2026.xml,,,,
"201, Pionniers",,L'Île-Perrot,,,783.7,1990,273000,748600,1021600,2025,Logement,MAMH — Données Québec (rôle d'évaluation foncière),https://donneesouvertes.affmunqc.net/role/RL71060_2026.xml,,,,
"334, Grand Boulevard",,L'Île-Perrot,,,1568.6,1973,496100,1776500,2272600,2025,Logement,MAMH — Données Québec (rôle d'évaluation foncière),https://donneesouvertes.affmunqc.net/role/RL71060_2026.xml,,,,
"266, Pionniers, app. 268",,L'Île-Perrot,,,717.8,1989,229200,384500,613700,2025,Logement,MAMH — Données Québec (rôle d'évaluation foncière),https://donneesouvertes.affmunqc.net/role/RL71060_2026.xml,,,,
"262, Pionniers, app. 264",,L'Île-Perrot,,,571.8,1989,195500,374000,569500,2025,Logement,MAMH — Données Québec (rôle d'évaluation foncière),https://donneesouvertes.affmunqc.net/role/RL71060_2026.xml,,,,
"250, Pionniers, app. 252",,L'Île-Perrot,,,556,1989,208500,406200,614700,2025,Logement,MAMH — Données Québec (rôle d'évaluation foncière),https://donneesouvertes.affmunqc.net/role/RL71060_2026.xml,,,,
"331, 2e Avenue",,L'Île-Perrot,,,482.5,1965,216100,373100,589200,2025,Logement,MAMH — Données Québec (rôle d'évaluation foncière),https://donneesouvertes.affmunqc.net/role/RL71060_2026.xml,,,,
"318, 2e Avenue",,L'Île-Perrot,,,928.2,1956,188100,293400,481500,2025,Logement,MAMH — Données Québec (rôle d'évaluation foncière),https://donneesouvertes.affmunqc.net/role/RL71060_2026.xml,,,,
"325, 2e Avenue",,L'Île-Perrot,,,688.8,1972,166000,260300,426300,2025,Logement,MAMH — Données Québec (rôle d'évaluation foncière),https://donneesouvertes.affmunqc.net/role/RL71060_2026.xml,,,,
"258, Pionniers, app. 260",,L'Île-Perrot,,,780.5,1989,221600,457800,679400,2025,Logement,MAMH — Données Québec (rôle d'évaluation foncière),https://donneesouvertes.affmunqc.net/role/RL71060_2026.xml,,,,
"321, 2e Avenue",,L'Île-Perrot,,,688.7,1959,166000,350800,516800,2025,Logement,MAMH — Données Québec (rôle d'évaluation foncière),https://donneesouvertes.affmunqc.net/role/RL71060_2026.xml,,,,
"319, 2e Avenue",,L'Île-Perrot,,,535.6,1956,147800,213600,361400,2025,Logement,MAMH — Données Québec (rôle d'évaluation foncière),https://donneesouvertes.affmunqc.net/role/RL71060_2026.xml,,,,
"254, Pionniers",,L'Île-Perrot,,,545.32,1989,192200,213600,405800,2025,Logement,MAMH — Données Québec (rôle d'évaluation foncière),https://donneesouvertes.affmunqc.net/role/RL71060_2026.xml,,,,
"256, Pionniers",,L'Île-Perrot,,,289.14,1989,108400,150900,259300,2025,Logement,MAMH — Données Québec (rôle d'évaluation foncière),https://donneesouvertes.affmunqc.net/role/RL71060_2026.xml,,,,
"317, 2e Avenue",,L'Île-Perrot,,,478.3,1969,132000,232200,364200,2025,Logement,MAMH — Données Québec (rôle d'évaluation foncière),https://donneesouvertes.affmunqc.net/role/RL71060_2026.xml,,,,
"2, Francois-perrot",,L'Île-Perrot,,,483.01,1989,113100,178400,291500,2025,Logement,MAMH — Données Québec (rôle d'évaluation foncière),https://donneesouvertes.affmunqc.net/role/RL71060_2026.xml,,,,
"4, Francois-perrot",,L'Île-Perrot,,,395.19,1989,109200,148900,258100,2025,Logement,MAMH — Données Québec (rôle d'évaluation foncière),https://donneesouvertes.affmunqc.net/role/RL71060_2026.xml,,,,
"305, 2e Avenue",,L'Île-Perrot,,,956.5,1975,190700,259700,450400,2025,Logement,MAMH — Données Québec (rôle d'évaluation foncière),https://donneesouvertes.affmunqc.net/role/RL71060_2026.xml,,,,
"8, Francois-perrot",,L'Île-Perrot,,,267.3,1989,92100,226700,318800,2025,Logement,MAMH — Données Québec (rôle d'évaluation foncière),https://donneesouvertes.affmunqc.net/role/RL71060_2026.xml,,,,
"10, Francois-perrot",,L'Île-Perrot,,,218.7,1989,85600,176700,262300,2025,Logement,MAMH — Données Québec (rôle d'évaluation foncière),https://donneesouvertes.affmunqc.net/role/RL71060_2026.xml,,,,
"14, Francois-perrot",,L'Île-Perrot,,,415.91,1989,112000,207800,319800,2025,Logement,MAMH — Données Québec (rôle d'évaluation foncière),https://donneesouvertes.affmunqc.net/role/RL71060_2026.xml,,,,
"16, Francois-perrot",,L'Île-Perrot,,,340.29,1989,101900,147100,249000,2025,Logement,MAMH — Données Québec (rôle d'évaluation foncière),https://donneesouvertes.affmunqc.net/role/RL71060_2026.xml,,,,
"320, 3e Avenue",,L'Île-Perrot,,,842.1,1952,161400,312100,473500,2025,Logement,MAMH — Données Québec (rôle d'évaluation foncière),https://donneesouvertes.affmunqc.net/role/RL71060_2026.xml,,,,
"312, 3e Avenue, app. 316",,L'Île-Perrot,,,306.5,1998,98100,342100,440200,2025,Logement,MAMH — Données Québec (rôle d'évaluation foncière),https://donneesouvertes.affmunqc.net/role/RL71060_2026.xml,,,,
"305, 1re Avenue, app. 309",,L'Île-Perrot,,,948.5,1952,189900,261000,450900,2025,Logement,MAMH — Données Québec (rôle d'évaluation foncière),https://donneesouvertes.affmunqc.net/role/RL71060_2026.xml,,,,
"301, 1re Avenue",,L'Île-Perrot,,,464.2,1953,128100,187900,316000,2025,Logement,MAMH — Données Québec (rôle d'évaluation foncière),https://donneesouvertes.affmunqc.net/role/RL71060_2026.xml,,,,
"312, 2e Avenue",,L'Île-Perrot,,,464.5,2021,128200,426800,555000,2025,Logement,MAMH — Données Québec (rôle d'évaluation foncière),https://donneesouvertes.affmunqc.net/role/RL71060_2026.xml,,,,
"308, 2e Avenue",,L'Île-Perrot,,,464.5,2021,128200,426800,555000,2025,Logement,MAMH — Données Québec (rôle d'évaluation foncière),https://donneesouvertes.affmunqc.net/role/RL71060_2026.xml,,,,
"300, 2e Avenue, app. 302",,L'Île-Perrot,,,681.1,1956,157100,260400,417500,2025,Logement,MAMH — Données Québec (rôle d'évaluation foncière),https://donneesouvertes.affmunqc.net/role/RL71060_2026.xml,,,,
"297, 2e Avenue, app. 297",,L'Île-Perrot,,,671.5,1959,164500,230200,394700,2025,Logement,MAMH — Données Québec (rôle d'évaluation foncière),https://donneesouvertes.affmunqc.net/role/RL71060_2026.xml,,,,
"293, 2e Avenue",,L'Île-Perrot,,,748.8,1958,163000,196900,359900,2025,Logement,MAMH — Données Québec (rôle d'évaluation foncière),https://donneesouvertes.affmunqc.net/role/RL71060_2026.xml,,,,
"105, Souvenir",,L'Île-Perrot,,,1018.3,1958,185700,77800,263500,2025,Immeuble à bureaux,MAMH — Données Québec (rôle d'évaluation foncière),https://donneesouvertes.affmunqc.net/role/RL71060_2026.xml,,,,
"283, 1re Avenue, app. 216",,L'Île-Perrot,,,2613.6,,651000,1044800,1695800,2025,Immeuble à bureaux,MAMH — Données Québec (rôle d'évaluation foncière),https://donneesouvertes.affmunqc.net/role/RL71060_2026.xml,,,,
"26, Manoirs",,L'Île-Perrot,,,4767.1,2019,262700,748100,1010800,2025,Logement,MAMH — Données Québec (rôle d'évaluation foncière),https://donneesouvertes.affmunqc.net/role/RL71060_2026.xml,,,,
"336, 6e Avenue",,L'Île-Perrot,,,724.6,1977,212500,409900,622400,2025,Logement,MAMH — Données Québec (rôle d'évaluation foncière),https://donneesouvertes.affmunqc.net/role/RL71060_2026.xml,,,,
"353, Grand Boulevard",,L'Île-Perrot,,,522.6,1987,196000,211700,407700,2025,Immeuble à bureaux,MAMH — Données Québec (rôle d'évaluation foncière),https://donneesouvertes.affmunqc.net/role/RL71060_2026.xml,,,,
"332, 6e Avenue",,L'Île-Perrot,,,522.6,1977,156800,233800,390600,2025,Logement,MAMH — Données Québec (rôle d'évaluation foncière),https://donneesouvertes.affmunqc.net/role/RL71060_2026.xml,,,,
"355, 6e Avenue",,L'Île-Perrot,,,351.7,1982,121300,339100,460400,2025,Logement,MAMH — Données Québec (rôle d'évaluation foncière),https://donneesouvertes.affmunqc.net/role/RL71060_2026.xml,,,,
"345, 6e Avenue",,L'Île-Perrot,,,347.9,1982,120000,344400,464400,2025,Logement,MAMH — Données Québec (rôle d'évaluation foncière),https://donneesouvertes.affmunqc.net/role/RL71060_2026.xml,,,,
"328, 6e Avenue",,L'Île-Perrot,,,519.8,1975,155900,281100,437000,2025,Logement,MAMH — Données Québec (rôle d'évaluation foncière),https://donneesouvertes.affmunqc.net/role/RL71060_2026.xml,,,,
"335, 6e Avenue",,L'Île-Perrot,,,656.1,1966,196800,569600,766400,2025,Logement,MAMH — Données Québec (rôle d'évaluation foncière),https://donneesouvertes.affmunqc.net/role/RL71060_2026.xml,,,,
"296, 7e Avenue",,L'Île-Perrot,,,500.9,1976,150300,313700,464000,2025,Logement,MAMH — Données Québec (rôle d'évaluation foncière),https://donneesouvertes.affmunqc.net/role/RL71060_2026.xml,,,,
"292, 7e Avenue",,L'Île-Perrot,,,638.5,1976,171900,267600,439500,2025,Logement,MAMH — Données Québec (rôle d'évaluation foncière),https://donneesouvertes.affmunqc.net/role/RL71060_2026.xml,,,,
6e Avenue,,L'Île-Perrot,,,248.3,,85700,,85700,2025,Institutionnel,MAMH — Données Québec (rôle d'évaluation foncière),https://donneesouvertes.affmunqc.net/role/RL71060_2026.xml,,,,
"330, Grand Boulevard",,L'Île-Perrot,,,936.5,1986,351200,598400,949600,2025,Logement,MAMH — Données Québec (rôle d'évaluation foncière),https://donneesouvertes.affmunqc.net/role/RL71060_2026.xml,,,,
"328, Grand Boulevard",,L'Île-Perrot,,,936.5,1986,351200,598400,949600,2025,Logement,MAMH — Données Québec (rôle d'évaluation foncière),https://donneesouvertes.affmunqc.net/role/RL71060_2026.xml,,,,
"324, Grand Boulevard",,L'Île-Perrot,,,802.7,1950,301000,228100,529100,2025,Immeuble à bureaux,MAMH — Données Québec (rôle d'évaluation foncière),https://donneesouvertes.affmunqc.net/role/RL71060_2026.xml,,,,
"337, Grand Boulevard, app. 345",,L'Île-Perrot,,,526.1,1986,197300,562600,759900,2025,Immeuble à bureaux,MAMH — Données Québec (rôle d'évaluation foncière),https://donneesouvertes.affmunqc.net/role/RL71060_2026.xml,,,,
"329, Grand Boulevard, app. 333",,L'Île-Perrot,,,390.4,1957,179100,276300,455400,2025,Logement,MAMH — Données Québec (rôle d'évaluation foncière),https://donneesouvertes.affmunqc.net/role/RL71060_2026.xml,,,,
"325, Grand Boulevard, app. 327",,L'Île-Perrot,,,358.2,1954,142900,156800,299700,2025,Industrie,MAMH — Données Québec (rôle d'évaluation foncière),https://donneesouvertes.affmunqc.net/role/RL71060_2026.xml,,,,
"322, 6e Avenue, app. 326",,L'Île-Perrot,,,419.6,1989,132200,318400,450600,2025,Logement,MAMH — Données Québec (rôle d'évaluation foncière),https://donneesouvertes.affmunqc.net/role/RL71060_2026.xml,,,,
"320, 6e Avenue",,L'Île-Perrot,,,381.7,1963,126000,260000,386000,2025,Logement,MAMH — Données Québec (rôle d'évaluation foncière),https://donneesouvertes.affmunqc.net/role/RL71060_2026.xml,,,,
"323, Grand Boulevard",,L'Île-Perrot,,,740.6,1946,242100,331800,573900,2025,Logement,MAMH — Données Québec (rôle d'évaluation foncière),https://donneesouvertes.affmunqc.net/role/RL71060_2026.xml,,,,
"321, Grand Boulevard",,L'Île-Perrot,,,364.5,1974,145400,236900,382300,2025,Industrie,MAMH — Données Québec (rôle d'évaluation foncière),https://donneesouvertes.affmunqc.net/role/RL71060_2026.xml,,,,
"317, Grand Boulevard",,L'Île-Perrot,,,375.9,1955,150000,210300,360300,2025,Logement,MAMH — Données Québec (rôle d'évaluation foncière),https://donneesouvertes.affmunqc.net/role/RL71060_2026.xml,,,,
"312, 6e Avenue",,L'Île-Perrot,,,376.8,1956,124300,185100,309400,2025,Logement,MAMH — Données Québec (rôle d'évaluation foncière),https://donneesouvertes.affmunqc.net/role/RL71060_2026.xml,,,,
"315, Grand Boulevard",,L'Île-Perrot,,,362.4,1955,144600,214700,359300,2025,Industrie,MAMH — Données Québec (rôle d'évaluation foncière),https://donneesouvertes.affmunqc.net/role/RL71060_2026.xml,,,,
"28, Saint-pierre, app. 30",,L'Île-Perrot,,,18000,,2142000,5133000,7275000,2025,Industrie,MAMH — Données Québec (rôle d'évaluation foncière),https://donneesouvertes.affmunqc.net/role/RL71060_2026.xml,,,,
"308, 3e Avenue, app. 308",,L'Île-Perrot,,,613.1,1948,151000,289800,440800,2025,Logement,MAMH — Données Québec (rôle d'évaluation foncière),https://donneesouvertes.affmunqc.net/role/RL71060_2026.xml,,,,
"19, Francois-perrot",,L'Île-Perrot,,,130.13,1989,52300,188200,240500,2025,Logement,MAMH — Données Québec (rôle d'évaluation foncière),https://donneesouvertes.affmunqc.net/role/RL71060_2026.xml,,,,
"21, Francois-perrot",,L'Île-Perrot,,,106.47,1989,42800,159900,202700,2025,Logement,MAMH — Données Québec (rôle d'évaluation foncière),https://donneesouvertes.affmunqc.net/role/RL71060_2026.xml,,,,
"25, Francois-perrot",,L'Île-Perrot,,,195.75,1989,78700,188900,267600,2025,Logement,MAMH — Données Québec (rôle d'évaluation foncière),https://donneesouvertes.affmunqc.net/role/RL71060_2026.xml,,,,
"27, Francois-perrot",,L'Île-Perrot,,,160.16,1989,64400,154900,219300,2025,Logement,MAMH — Données Québec (rôle d'évaluation foncière),https://donneesouvertes.affmunqc.net/role/RL71060_2026.xml,,,,
"29, Saint-pierre",,L'Île-Perrot,,,1284,1978,305000,1293000,1598000,2025,Logement,MAMH — Données Québec (rôle d'évaluation foncière),https://donneesouvertes.affmunqc.net/role/RL71060_2026.xml,,,,
"300, 5e Avenue, app. 304",,L'Île-Perrot,,,464.4,1979,135100,343400,478500,2025,Logement,MAMH — Données Québec (rôle d'évaluation foncière),https://donneesouvertes.affmunqc.net/role/RL71060_2026.xml,,,,
"305, 3e Avenue",,L'Île-Perrot,,,2172.4,1979,451300,1583400,2034700,2025,Logement,MAMH — Données Québec (rôle d'évaluation foncière),https://donneesouvertes.affmunqc.net/role/RL71060_2026.xml,,,,
"292, 5e Avenue, app. 296",,L'Île-Perrot,,,464.4,1979,135100,348600,483700,2025,Logement,MAMH — Données Québec (rôle d'évaluation foncière),https://donneesouvertes.affmunqc.net/role/RL71060_2026.xml,,,,
"1, Francois-perrot",,L'Île-Perrot,,,352.5,1989,103500,183800,287300,2025,Logement,MAMH — Données Québec (rôle d'évaluation foncière),https://donneesouvertes.affmunqc.net/role/RL71060_2026.xml,,,,
"3, Francois-perrot",,L'Île-Perrot,,,288.4,1989,94900,170300,265200,2025,Logement,MAMH — Données Québec (rôle d'évaluation foncière),https://donneesouvertes.affmunqc.net/role/RL71060_2026.xml,,,,
"7, Francois-perrot",,L'Île-Perrot,,,198.99,1989,80000,198200,278200,2025,Logement,MAMH — Données Québec (rôle d'évaluation foncière),https://donneesouvertes.affmunqc.net/role/RL71060_2026.xml,,,,
"9, Francois-perrot",,L'Île-Perrot,,,162.81,1989,65500,163000,228500,2025,Logement,MAMH — Données Québec (rôle d'évaluation foncière),https://donneesouvertes.affmunqc.net/role/RL71060_2026.xml,,,,
"13, Francois-perrot",,L'Île-Perrot,,,307.29,1989,97500,203200,300700,2025,Logement,MAMH — Données Québec (rôle d'évaluation foncière),https://donneesouvertes.affmunqc.net/role/RL71060_2026.xml,,,,
"15, Francois-perrot",,L'Île-Perrot,,,251.41,1989,90000,165800,255800,2025,Logement,MAMH — Données Québec (rôle d'évaluation foncière),https://donneesouvertes.affmunqc.net/role/RL71060_2026.xml,,,,
"288, 3e Avenue, app. 298",,L'Île-Perrot,,,693.7,1972,201900,690100,892000,2025,Logement,MAMH — Données Québec (rôle d'évaluation foncière),https://donneesouvertes.affmunqc.net/role/RL71060_2026.xml,,,,
"20, Perrot",,L'Île-Perrot,,,2020.1,1965,287300,175000,462300,2025,Institutionnel,MAMH — Données Québec (rôle d'évaluation foncière),https://donneesouvertes.affmunqc.net/role/RL71060_2026.xml,,,,
"269, 1re Avenue",,L'Île-Perrot,,,928,1964,222700,96700,319400,2025,Industrie,MAMH — Données Québec (rôle d'évaluation foncière),https://donneesouvertes.affmunqc.net/role/RL71060_2026.xml,,,,
"199, 1re Avenue",,L'Île-Perrot,,,4989.3,1971,679600,210500,890100,2025,Immeuble à bureaux,MAMH — Données Québec (rôle d'évaluation foncière),https://donneesouvertes.affmunqc.net/role/RL71060_2026.xml,,,,
"217, 2e Avenue",,L'Île-Perrot,,,634.2,1979,127800,286700,414500,2025,Logement,MAMH — Données Québec (rôle d'évaluation foncière),https://donneesouvertes.affmunqc.net/role/RL71060_2026.xml,,,,
"213, 2e Avenue",,L'Île-Perrot,,,478.4,1979,104800,188600,293400,2025,Logement,MAMH — Données Québec (rôle d'évaluation foncière),https://donneesouvertes.affmunqc.net/role/RL71060_2026.xml,,,,
"209, 2e Avenue",,L'Île-Perrot,,,718.4,1973,133900,236900,370800,2025,Logement,MAMH — Données Québec (rôle d'évaluation foncière),https://donneesouvertes.affmunqc.net/role/RL71060_2026.xml,,,,
"19, Perrot",,L'Île-Perrot,,,1567.9,1986,231900,1045800,1277700,2025,Logement,MAMH — Données Québec (rôle d'évaluation foncière),https://donneesouvertes.affmunqc.net/role/RL71060_2026.xml,,,,
"207, 2e Avenue",,L'Île-Perrot,,,718.4,1972,133900,251000,384900,2025,Logement,MAMH — Données Québec (rôle d'évaluation foncière),https://donneesouvertes.affmunqc.net/role/RL71060_2026.xml,,,,
"95, Souvenir",,L'Île-Perrot,,,5073.1,,551500,429500,981000,2025,Immeuble à bureaux,MAMH — Données Québec (rôle d'évaluation foncière),https://donneesouvertes.affmunqc.net/role/RL71060_2026.xml,,,,
"195, 1re Avenue",,L'Île-Perrot,,,3854.1,1940,788300,355100,1143400,2025,Immeuble à bureaux,MAMH — Données Québec (rôle d'évaluation foncière),https://donneesouvertes.affmunqc.net/role/RL71060_2026.xml,,,,
"85, Souvenir",,L'Île-Perrot,,,1860.8,2001,424300,1647500,2071800,2025,Industrie,MAMH — Données Québec (rôle d'évaluation foncière),https://donneesouvertes.affmunqc.net/role/RL71060_2026.xml,,,,
"321, 6e Avenue",,L'Île-Perrot,,,680.4,1971,204100,588000,792100,2025,Logement,MAMH — Données Québec (rôle d'évaluation foncière),https://donneesouvertes.affmunqc.net/role/RL71060_2026.xml,,,,
"288, 7e Avenue",,L'Île-Perrot,,,669.2,1976,174900,252400,427300,2025,Logement,MAMH — Données Québec (rôle d'évaluation foncière),https://donneesouvertes.affmunqc.net/role/RL71060_2026.xml,,,,
"284, 7e Avenue",,L'Île-Perrot,,,601.8,1976,168200,318900,487100,2025,Logement,MAMH — Données Québec (rôle d'évaluation foncière),https://donneesouvertes.affmunqc.net/role/RL71060_2026.xml,,,,
"289, 7e Avenue",,L'Île-Perrot,,,577.2,1976,165700,249300,415000,2025,Logement,MAMH — Données Québec (rôle d'évaluation foncière),https://donneesouvertes.affmunqc.net/role/RL71060_2026.xml,,,,
"282, 7e Avenue",,L'Île-Perrot,,,598.7,1977,167900,451200,619100,2025,Logement,MAMH — Données Québec (rôle d'évaluation foncière),https://donneesouvertes.affmunqc.net/role/RL71060_2026.xml,,,,
"285, 7e Avenue",,L'Île-Perrot,,,509.9,1976,153000,231800,384800,2025,Logement,MAMH — Données Québec (rôle d'évaluation foncière),https://donneesouvertes.affmunqc.net/role/RL71060_2026.xml,,,,
"290, 8e Avenue",,L'Île-Perrot,,,669.2,1973,174900,243500,418400,2025,Logement,MAMH — Données Québec (rôle d'évaluation foncière),https://donneesouvertes.affmunqc.net/role/RL71060_2026.xml,,,,
"281, 7e Avenue",,L'Île-Perrot,,,496.4,1976,148900,214500,363400,2025,Logement,MAMH — Données Québec (rôle d'évaluation foncière),https://donneesouvertes.affmunqc.net/role/RL71060_2026.xml,,,,
"277, 7e Avenue, app. 279",,L'Île-Perrot,,,497.1,1976,149100,260700,409800,2025,Logement,MAMH — Données Québec (rôle d'évaluation foncière),https://donneesouvertes.affmunqc.net/role/RL71060_2026.xml,,,,
"286, 8e Avenue",,L'Île-Perrot,,,676.2,1973,175600,335400,511000,2025,Logement,MAMH — Données Québec (rôle d'évaluation foncière),https://donneesouvertes.affmunqc.net/role/RL71060_2026.xml,,,,
"273, 7e Avenue",,L'Île-Perrot,,,681.6,1976,176200,327500,503700,2025,Logement,MAMH — Données Québec (rôle d'évaluation foncière),https://donneesouvertes.affmunqc.net/role/RL71060_2026.xml,,,,
"282, 8e Avenue",,L'Île-Perrot,,,535.9,1971,160800,222400,383200,2025,Logement,MAMH — Données Québec (rôle d'évaluation foncière),https://donneesouvertes.affmunqc.net/role/RL71060_2026.xml,,,,
"287, 8e Avenue",,L'Île-Perrot,,,564.8,1977,164500,301700,466200,2025,Logement,MAMH — Données Québec (rôle d'évaluation foncière),https://donneesouvertes.affmunqc.net/role/RL71060_2026.xml,,,,
"306, 6e Avenue",,L'Île-Perrot,,,377,1954,124400,267300,391700,2025,Logement,MAMH — Données Québec (rôle d'évaluation foncière),https://donneesouvertes.affmunqc.net/role/RL71060_2026.xml,,,,
"309, Grand Boulevard",,L'Île-Perrot,,,373.9,2007,149200,437600,586800,2025,Logement,MAMH — Données Québec (rôle d'évaluation foncière),https://donneesouvertes.affmunqc.net/role/RL71060_2026.xml,,,,
"315, 6e Avenue, app. 317",,L'Île-Perrot,,,340.8,1990,117600,307400,425000,2025,Logement,MAMH — Données Québec (rôle d'évaluation foncière),https://donneesouvertes.affmunqc.net/role/RL71060_2026.xml,,,,
"302, 6e Avenue",,L'Île-Perrot,,,368.9,1959,121700,139600,261300,2025,Logement,MAMH — Données Québec (rôle d'évaluation foncière),https://donneesouvertes.affmunqc.net/role/RL71060_2026.xml,,,,
"311, 6e Avenue",,L'Île-Perrot,,,341.2,1935,117700,70900,188600,2025,Logement,MAMH — Données Québec (rôle d'évaluation foncière),https://donneesouvertes.affmunqc.net/role/RL71060_2026.xml,,,,
"294, 6e Avenue",,L'Île-Perrot,,,369.4,1975,121900,310700,432600,2025,Logement,MAMH — Données Québec (rôle d'évaluation foncière),https://donneesouvertes.affmunqc.net/role/RL71060_2026.xml,,,,
"307, Grand Boulevard",,L'Île-Perrot,,,743.9,1956,242600,422100,664700,2025,Logement,MAMH — Données Québec (rôle d'évaluation foncière),https://donneesouvertes.affmunqc.net/role/RL71060_2026.xml,,,,
"309, 6e Avenue",,L'Île-Perrot,,,512.6,1962,153800,289000,442800,2025,Logement,MAMH — Données Québec (rôle d'évaluation foncière),https://donneesouvertes.affmunqc.net/role/RL71060_2026.xml,,,,
"280, 6e Avenue",,L'Île-Perrot,,,364.5,1982,125800,372200,498000,2025,Logement,MAMH — Données Québec (rôle d'évaluation foncière),https://donneesouvertes.affmunqc.net/role/RL71060_2026.xml,,,,
"305, 6e Avenue, app. 305",,L'Île-Perrot,,,513.6,1973,154100,335400,489500,2025,Logement,MAMH — Données Québec (rôle d'évaluation foncière),https://donneesouvertes.affmunqc.net/role/RL71060_2026.xml,,,,
"280, 7e Avenue, app. 280",,L'Île-Perrot,,,331.3,1979,114300,196500,310800,2025,Logement,MAMH — Données Québec (rôle d'évaluation foncière),https://donneesouvertes.affmunqc.net/role/RL71060_2026.xml,,,,
"278, 7e Avenue, app. 278",,L'Île-Perrot,,,325.4,1979,112300,196000,308300,2025,Logement,MAMH — Données Québec (rôle d'évaluation foncière),https://donneesouvertes.affmunqc.net/role/RL71060_2026.xml,,,,
"277, 6e Avenue",,L'Île-Perrot,,,192.64,2015,66500,415800,482300,2025,Logement,MAMH — Données Québec (rôle d'évaluation foncière),https://donneesouvertes.affmunqc.net/role/RL71060_2026.xml,,,,
"279, 6e Avenue",,L'Île-Perrot,,,151.36,2015,52200,332400,384600,2025,Logement,MAMH — Données Québec (rôle d'évaluation foncière),https://donneesouvertes.affmunqc.net/role/RL71060_2026.xml,,,,
"281, 6e Avenue",,L'Île-Perrot,,,192.64,2015,66500,415500,482000,2025,Logement,MAMH — Données Québec (rôle d'évaluation foncière),https://donneesouvertes.affmunqc.net/role/RL71060_2026.xml,,,,
"283, 6e Avenue",,L'Île-Perrot,,,151.36,2015,52200,335800,388000,2025,Logement,MAMH — Données Québec (rôle d'évaluation foncière),https://donneesouvertes.affmunqc.net/role/RL71060_2026.xml,,,,
"276, 7e Avenue",,L'Île-Perrot,,,688.3,1978,176800,295700,472500,2025,Logement,MAMH — Données Québec (rôle d'évaluation foncière),https://donneesouvertes.affmunqc.net/role/RL71060_2026.xml,,,,
"255, 6e Avenue",,L'Île-Perrot,,,344.7,1981,118900,302300,421200,2025,Logement,MAMH — Données Québec (rôle d'évaluation foncière),https://donneesouvertes.affmunqc.net/role/RL71060_2026.xml,,,,
"251, 6e Avenue",,L'Île-Perrot,,,345.1,1950,119100,145900,265000,2025,Logement,MAMH — Données Québec (rôle d'évaluation foncière),https://donneesouvertes.affmunqc.net/role/RL71060_2026.xml,,,,
"270, 7e Avenue, app. 272",,L'Île-Perrot,,,670.3,1974,175000,291300,466300,2025,Logement,MAMH — Données Québec (rôle d'évaluation foncière),https://donneesouvertes.affmunqc.net/role/RL71060_2026.xml,,,,
"21, Saint-pierre",,L'Île-Perrot,,,668.9,1978,194700,591800,786500,2025,Logement,MAMH — Données Québec (rôle d'évaluation foncière),https://donneesouvertes.affmunqc.net/role/RL71060_2026.xml,,,,
"305, Grand Boulevard",,L'Île-Perrot,,,380.2,1993,151700,170100,321800,2025,Industrie,MAMH — Données Québec (rôle d'évaluation foncière),https://donneesouvertes.affmunqc.net/role/RL71060_2026.xml,,,,
"25, Saint-pierre",,L'Île-Perrot,,,668.9,1978,194700,509200,703900,2025,Logement,MAMH — Données Québec (rôle d'évaluation foncière),https://donneesouvertes.affmunqc.net/role/RL71060_2026.xml,,,,
"301, Grand Boulevard",,L'Île-Perrot,,,251.42,,100300,238200,338500,2025,Industrie,MAMH — Données Québec (rôle d'évaluation foncière),https://donneesouvertes.affmunqc.net/role/RL71060_2026.xml,,,,
"20, Saint-pierre",,L'Île-Perrot,,,132.1,2009,52700,158700,211400,2025,Logement,MAMH — Données Québec (rôle d'évaluation foncière),https://donneesouvertes.affmunqc.net/role/RL71060_2026.xml,,,,
"230, Grand Boulevard",,L'Île-Perrot,,,364.5,1947,109400,207100,316500,2025,Logement,MAMH — Données Québec (rôle d'évaluation foncière),https://donneesouvertes.affmunqc.net/role/RL71060_2026.xml,,,,
"254, 6e Avenue, app. 262",,L'Île-Perrot,,,361.9,1987,119400,344700,464100,2025,Logement,MAMH — Données Québec (rôle d'évaluation foncière),https://donneesouvertes.affmunqc.net/role/RL71060_2026.xml,,,,
"243, Grand Boulevard, app. 245",,L'Île-Perrot,,,390.1,1957,179000,381500,560500,2025,Logement,MAMH — Données Québec (rôle d'évaluation foncière),https://donneesouvertes.affmunqc.net/role/RL71060_2026.xml,,,,
"239, Grand Boulevard",,L'Île-Perrot,,,393.3,1990,156900,434900,591800,2025,Industrie,MAMH — Données Québec (rôle d'évaluation foncière),https://donneesouvertes.affmunqc.net/role/RL71060_2026.xml,,,,
"237, Grand Boulevard",,L'Île-Perrot,,,396.4,1953,158200,210000,368200,2025,Immeuble à bureaux,MAMH — Données Québec (rôle d'évaluation foncière),https://donneesouvertes.affmunqc.net/role/RL71060_2026.xml,,,,
"15, Saint-pierre",,L'Île-Perrot,,,711.6,1946,179200,271300,450500,2025,Logement,MAMH — Données Québec (rôle d'évaluation foncière),https://donneesouvertes.affmunqc.net/role/RL71060_2026.xml,,,,
"233, Grand Boulevard, app. 235",,L'Île-Perrot,,,403.7,1949,161100,265100,426200,2025,Logement,MAMH — Données Québec (rôle d'évaluation foncière),https://donneesouvertes.affmunqc.net/role/RL71060_2026.xml,,,,
"238, 6e Avenue",,L'Île-Perrot,,,352.2,1948,116200,175500,291700,2025,Logement,MAMH — Données Québec (rôle d'évaluation foncière),https://donneesouvertes.affmunqc.net/role/RL71060_2026.xml,,,,
"227, Grand Boulevard",,L'Île-Perrot,,,402.9,1980,160800,265600,426400,2025,Industrie,MAMH — Données Québec (rôle d'évaluation foncière),https://donneesouvertes.affmunqc.net/role/RL71060_2026.xml,,,,
"288, 5e Avenue",,L'Île-Perrot,,,306.6,1956,80000,185600,265600,2025,Logement,MAMH — Données Québec (rôle d'évaluation foncière),https://donneesouvertes.affmunqc.net/role/RL71060_2026.xml,,,,
"284, 5e Avenue",,L'Île-Perrot,,,339.2,1950,88500,241800,330300,2025,Logement,MAMH — Données Québec (rôle d'évaluation foncière),https://donneesouvertes.affmunqc.net/role/RL71060_2026.xml,,,,
"34, Perrot, app. 36",,L'Île-Perrot,,,1187,1949,207700,368900,576600,2025,Logement,MAMH — Données Québec (rôle d'évaluation foncière),https://donneesouvertes.affmunqc.net/role/RL71060_2026.xml,,,,
5e Avenue,,L'Île-Perrot,,,361.8,,94400,,94400,2025,Terrain vacant,MAMH — Données Québec (rôle d'évaluation foncière),https://donneesouvertes.affmunqc.net/role/RL71060_2026.xml,,,,
"289, 5e Avenue",,L'Île-Perrot,,,307.5,1956,92300,220700,313000,2025,Logement,MAMH — Données Québec (rôle d'évaluation foncière),https://donneesouvertes.affmunqc.net/role/RL71060_2026.xml,,,,
"278, 5e Avenue, app. 280",,L'Île-Perrot,,,360.3,1925,94000,158400,252400,2025,Logement,MAMH — Données Québec (rôle d'évaluation foncière),https://donneesouvertes.affmunqc.net/role/RL71060_2026.xml,,,,
"228, Grand Boulevard",,L'Île-Perrot,,,640.7,2019,228900,657800,886700,2025,Logement,MAMH — Données Québec (rôle d'évaluation foncière),https://donneesouvertes.affmunqc.net/role/RL71060_2026.xml,,,,
"272, 5e Avenue, app. 276",,L'Île-Perrot,,,716.8,1988,184200,610900,795100,2025,Logement,MAMH — Données Québec (rôle d'évaluation foncière),https://donneesouvertes.affmunqc.net/role/RL71060_2026.xml,,,,
"226, Grand Boulevard, app. 226",,L'Île-Perrot,,,616.8,1929,225700,243400,469100,2025,Logement,MAMH — Données Québec (rôle d'évaluation foncière),https://donneesouvertes.affmunqc.net/role/RL71060_2026.xml,,,,
"224, Grand Boulevard",,L'Île-Perrot,,,612.9,1925,225200,133100,358300,2025,Logement,MAMH — Données Québec (rôle d'évaluation foncière),https://donneesouvertes.affmunqc.net/role/RL71060_2026.xml,,,,
"220, Grand Boulevard, app. 222",,L'Île-Perrot,,,614.4,1950,225400,336500,561900,2025,Logement,MAMH — Données Québec (rôle d'évaluation foncière),https://donneesouvertes.affmunqc.net/role/RL71060_2026.xml,,,,
"273, 5e Avenue, app. 275",,L'Île-Perrot,,,249.1,1954,74700,179900,254600,2025,Logement,MAMH — Données Québec (rôle d'évaluation foncière),https://donneesouvertes.affmunqc.net/role/RL71060_2026.xml,,,,
"170, Grand Boulevard, app. 218",,L'Île-Perrot,,,1833.6,1971,483400,738400,1221800,2025,Immeuble à bureaux,MAMH — Données Québec (rôle d'évaluation foncière),https://donneesouvertes.affmunqc.net/role/RL71060_2026.xml,,,,
"38, Perrot",,L'Île-Perrot,,,498.2,1953,130000,142300,272300,2025,Logement,MAMH — Données Québec (rôle d'évaluation foncière),https://donneesouvertes.affmunqc.net/role/RL71060_2026.xml,,,,
"184, 4e Avenue, app. 194",,L'Île-Perrot,,,1068.3,2000,277000,928500,1205500,2025,Logement,MAMH — Données Québec (rôle d'évaluation foncière),https://donneesouvertes.affmunqc.net/role/RL71060_2026.xml,,,,
"40, Perrot",,L'Île-Perrot,,,699.5,1949,157900,259700,417600,2025,Logement,MAMH — Données Québec (rôle d'évaluation foncière),https://donneesouvertes.affmunqc.net/role/RL71060_2026.xml,,,,
"37, Perrot",,L'Île-Perrot,,,868.4,2022,169300,1721700,1891000,2025,Industrie,MAMH — Données Québec (rôle d'évaluation foncière),https://donneesouvertes.affmunqc.net/role/RL71060_2026.xml,,,,
"203, 2e Avenue",,L'Île-Perrot,,,478.4,1967,104800,283900,388700,2025,Logement,MAMH — Données Québec (rôle d'évaluation foncière),https://donneesouvertes.affmunqc.net/role/RL71060_2026.xml,,,,
"216, 3e Avenue, app. 218",,L'Île-Perrot,,,759.1,1991,136900,305500,442400,2025,Logement,MAMH — Données Québec (rôle d'évaluation foncière),https://donneesouvertes.affmunqc.net/role/RL71060_2026.xml,,,,
"201, 2e Avenue",,L'Île-Perrot,,,478.4,1959,104800,220300,325100,2025,Logement,MAMH — Données Québec (rôle d'évaluation foncière),https://donneesouvertes.affmunqc.net/role/RL71060_2026.xml,,,,
"199, 2e Avenue",,L'Île-Perrot,,,478.4,1955,104800,402200,507000,2025,Logement,MAMH — Données Québec (rôle d'évaluation foncière),https://donneesouvertes.affmunqc.net/role/RL71060_2026.xml,,,,
"215, 3 E Avenue",,L'Île-Perrot,,,756.5,2017,164000,811900,975900,2025,Logement,MAMH — Données Québec (rôle d'évaluation foncière),https://donneesouvertes.affmunqc.net/role/RL71060_2026.xml,,,,
"212, 3e Avenue",,L'Île-Perrot,,,185.63,2019,54900,333400,388300,2025,Logement,MAMH — Données Québec (rôle d'évaluation foncière),https://donneesouvertes.affmunqc.net/role/RL71060_2026.xml,,,,
"211, 3e Avenue",,L'Île-Perrot,,,733.9,2017,162100,811900,974000,2025,Logement,MAMH — Données Québec (rôle d'évaluation foncière),https://donneesouvertes.affmunqc.net/role/RL71060_2026.xml,,,,
"174, 4e Avenue",,L'Île-Perrot,,,921.6,1998,259400,666900,926300,2025,Logement,MAMH — Données Québec (rôle d'évaluation foncière),https://donneesouvertes.affmunqc.net/role/RL71060_2026.xml,,,,
"205, 3e Avenue",,L'Île-Perrot,,,173.83,2022,38100,357200,395300,2025,Logement,MAMH — Données Québec (rôle d'évaluation foncière),https://donneesouvertes.affmunqc.net/role/RL71060_2026.xml,,,,
4e Avenue,,L'Île-Perrot,,,1796.5,,100,,100,2025,Immeuble commercial,MAMH — Données Québec (rôle d'évaluation foncière),https://donneesouvertes.affmunqc.net/role/RL71060_2026.xml,,,,
"166, 4e Avenue, app. 170",,L'Île-Perrot,,,362.5,1988,95300,358300,453600,2025,Logement,MAMH — Données Québec (rôle d'évaluation foncière),https://donneesouvertes.affmunqc.net/role/RL71060_2026.xml,,,,
"191, 2e Avenue, app. 195",,L'Île-Perrot,,,478.4,1955,104800,378100,482900,2025,Logement,MAMH — Données Québec (rôle d'évaluation foncière),https://donneesouvertes.affmunqc.net/role/RL71060_2026.xml,,,,
"28, Grand Boulevard, app. 30",,L'Île-Perrot,,,683.1,1953,204900,163400,368300,2025,Industrie,MAMH — Données Québec (rôle d'évaluation foncière),https://donneesouvertes.affmunqc.net/role/RL71060_2026.xml,,,,
"189, 2e Avenue",,L'Île-Perrot,,,956.8,1975,287000,69500,356500,2025,Industrie,MAMH — Données Québec (rôle d'évaluation foncière),https://donneesouvertes.affmunqc.net/role/RL71060_2026.xml,,,,
"34, Grand Boulevard, app. 38",,L'Île-Perrot,,,542.1,1926,162600,586400,749000,2025,Industrie,MAMH — Données Québec (rôle d'évaluation foncière),https://donneesouvertes.affmunqc.net/role/RL71060_2026.xml,,,,
"206, 3e Avenue, app. 210",,L'Île-Perrot,,,526.3,2007,138300,421900,560200,2025,Logement,MAMH — Données Québec (rôle d'évaluation foncière),https://donneesouvertes.affmunqc.net/role/RL71060_2026.xml,,,,
"40, Grand Boulevard",,L'Île-Perrot,,,636.4,1950,190900,178100,369000,2025,Industrie,MAMH — Données Québec (rôle d'évaluation foncière),https://donneesouvertes.affmunqc.net/role/RL71060_2026.xml,,,,
"42, Grand Boulevard",,L'Île-Perrot,,,536.8,,161000,,161000,2025,Terrain vacant,MAMH — Données Québec (rôle d'évaluation foncière),https://donneesouvertes.affmunqc.net/role/RL71060_2026.xml,,,,
"64, Grand Boulevard, app. 66",,L'Île-Perrot,,,739.6,1935,221900,288700,510600,2025,Logement,MAMH — Données Québec (rôle d'évaluation foncière),https://donneesouvertes.affmunqc.net/role/RL71060_2026.xml,,,,
"10, Grand Boulevard",,L'Île-Perrot,,,1733.2,1898,395200,962100,1357300,2025,Immeuble à bureaux,MAMH — Données Québec (rôle d'évaluation foncière),https://donneesouvertes.affmunqc.net/role/RL71060_2026.xml,,,,
"20, Grand Boulevard",,L'Île-Perrot,,,2053.2,1968,505300,24100,529400,2025,Immeuble à bureaux,MAMH — Données Québec (rôle d'évaluation foncière),https://donneesouvertes.affmunqc.net/role/RL71060_2026.xml,,,,
"9, Grand Boulevard, app. 15",,L'Île-Perrot,,,494.6,,148400,493900,642300,2025,Logement,MAMH — Données Québec (rôle d'évaluation foncière),https://donneesouvertes.affmunqc.net/role/RL71060_2026.xml,,,,
"17, Grand Boulevard",,L'Île-Perrot,,,487.7,1954,146300,187400,333700,2025,Industrie,MAMH — Données Québec (rôle d'évaluation foncière),https://donneesouvertes.affmunqc.net/role/RL71060_2026.xml,,,,
"23, Grand Boulevard",,L'Île-Perrot,,,580.7,,174200,,174200,2025,Terrain vacant,MAMH — Données Québec (rôle d'évaluation foncière),https://donneesouvertes.affmunqc.net/role/RL71060_2026.xml,,,,
"27, Grand Boulevard",,L'Île-Perrot,,,444.7,1956,133400,94900,228300,2025,Industrie,MAMH — Données Québec (rôle d'évaluation foncière),https://donneesouvertes.affmunqc.net/role/RL71060_2026.xml,,,,
"115, 1re Avenue, app. 117",,L'Île-Perrot,,,464.4,1954,110100,219700,329800,2025,Logement,MAMH — Données Québec (rôle d'évaluation foncière),https://donneesouvertes.affmunqc.net/role/RL71060_2026.xml,,,,
"31, Grand Boulevard",,L'Île-Perrot,,,537.7,1957,161300,380200,541500,2025,Immeuble commercial,MAMH — Données Québec (rôle d'évaluation foncière),https://donneesouvertes.affmunqc.net/role/RL71060_2026.xml,,,,
"278, 8e Avenue, app. 278",,L'Île-Perrot,,,461,1971,138300,272200,410500,2025,Logement,MAMH — Données Québec (rôle d'évaluation foncière),https://donneesouvertes.affmunqc.net/role/RL71060_2026.xml,,,,
"283, 8e Avenue",,L'Île-Perrot,,,529.7,1971,158900,261100,420000,2025,Logement,MAMH — Données Québec (rôle d'évaluation foncière),https://donneesouvertes.affmunqc.net/role/RL71060_2026.xml,,,,
"274, 8e Avenue",,L'Île-Perrot,,,490.7,1970,147200,230200,377400,2025,Logement,MAMH — Données Québec (rôle d'évaluation foncière),https://donneesouvertes.affmunqc.net/role/RL71060_2026.xml,,,,
"296, Boise",,L'Île-Perrot,,,606.9,1994,171200,351600,522800,2025,Logement,MAMH — Données Québec (rôle d'évaluation foncière),https://donneesouvertes.affmunqc.net/role/RL71060_2026.xml,,,,
"279, 8e Avenue",,L'Île-Perrot,,,529.7,1970,158900,237400,396300,2025,Logement,MAMH — Données Québec (rôle d'évaluation foncière),https://donneesouvertes.affmunqc.net/role/RL71060_2026.xml,,,,
"275, 8e Avenue",,L'Île-Perrot,,,525.1,1971,157500,231300,388800,2025,Logement,MAMH — Données Québec (rôle d'évaluation foncière),https://donneesouvertes.affmunqc.net/role/RL71060_2026.xml,,,,
"292, Boise",,L'Île-Perrot,,,1420.8,2015,191400,438400,629800,2025,Logement,MAMH — Données Québec (rôle d'évaluation foncière),https://donneesouvertes.affmunqc.net/role/RL71060_2026.xml,,,,
"269, 8e Avenue, app. 271",,L'Île-Perrot,,,743.5,1970,182400,375600,558000,2025,Logement,MAMH — Données Québec (rôle d'évaluation foncière),https://donneesouvertes.affmunqc.net/role/RL71060_2026.xml,,,,
"288, Boise",,L'Île-Perrot,,,1158.9,2015,189300,411900,601200,2025,Logement,MAMH — Données Québec (rôle d'évaluation foncière),https://donneesouvertes.affmunqc.net/role/RL71060_2026.xml,,,,
"271, 7e Avenue",,L'Île-Perrot,,,665.7,1977,174600,310700,485300,2025,Logement,MAMH — Données Québec (rôle d'évaluation foncière),https://donneesouvertes.affmunqc.net/role/RL71060_2026.xml,,,,
"268, 7e Avenue",,L'Île-Perrot,,,669.3,1959,174900,216100,391000,2025,Logement,MAMH — Données Québec (rôle d'évaluation foncière),https://donneesouvertes.affmunqc.net/role/RL71060_2026.xml,,,,
"269, 7e Avenue",,L'Île-Perrot,,,494.6,1986,148400,391400,539800,2025,Logement,MAMH — Données Québec (rôle d'évaluation foncière),https://donneesouvertes.affmunqc.net/role/RL71060_2026.xml,,,,
"270, 8e Avenue",,L'Île-Perrot,,,766.8,1970,184700,250200,434900,2025,Logement,MAMH — Données Québec (rôle d'évaluation foncière),https://donneesouvertes.affmunqc.net/role/RL71060_2026.xml,,,,
"267, 7e Avenue",,L'Île-Perrot,,,362.4,1987,119600,375800,495400,2025,Logement,MAMH — Données Québec (rôle d'évaluation foncière),https://donneesouvertes.affmunqc.net/role/RL71060_2026.xml,,,,
"265, 7e Avenue, app. 267",,L'Île-Perrot,,,379.8,1962,131000,370400,501400,2025,Logement,MAMH — Données Québec (rôle d'évaluation foncière),https://donneesouvertes.affmunqc.net/role/RL71060_2026.xml,,,,
"266, 8e Avenue",,L'Île-Perrot,,,532.6,1970,159800,282300,442100,2025,Logement,MAMH — Données Québec (rôle d'évaluation foncière),https://donneesouvertes.affmunqc.net/role/RL71060_2026.xml,,,,
"259, 7e Avenue",,L'Île-Perrot,,,761.4,1960,184100,355000,539100,2025,Logement,MAMH — Données Québec (rôle d'évaluation foncière),https://donneesouvertes.affmunqc.net/role/RL71060_2026.xml,,,,
"262, 8e Avenue",,L'Île-Perrot,,,533.9,1970,160200,264000,424200,2025,Logement,MAMH — Données Québec (rôle d'évaluation foncière),https://donneesouvertes.affmunqc.net/role/RL71060_2026.xml,,,,
"267, 8e Avenue",,L'Île-Perrot,,,529.1,1970,158700,237500,396200,2025,Logement,MAMH — Données Québec (rôle d'évaluation foncière),https://donneesouvertes.affmunqc.net/role/RL71060_2026.xml,,,,
"258, 8e Avenue",,L'Île-Perrot,,,533.9,1970,160200,278700,438900,2025,Logement,MAMH — Données Québec (rôle d'évaluation foncière),https://donneesouvertes.affmunqc.net/role/RL71060_2026.xml,,,,
"263, 8e Avenue",,L'Île-Perrot,,,529.5,1970,158900,252200,411100,2025,Logement,MAMH — Données Québec (rôle d'évaluation foncière),https://donneesouvertes.affmunqc.net/role/RL71060_2026.xml,,,,
"254, 8e Avenue",,L'Île-Perrot,,,533.3,1970,160000,236900,396900,2025,Logement,MAMH — Données Québec (rôle d'évaluation foncière),https://donneesouvertes.affmunqc.net/role/RL71060_2026.xml,,,,
"247, 6e Avenue",,L'Île-Perrot,,,345.5,1947,119200,236200,355400,2025,Logement,MAMH — Données Québec (rôle d'évaluation foncière),https://donneesouvertes.affmunqc.net/role/RL71060_2026.xml,,,,
"232, 6e Avenue",,L'Île-Perrot,,,356.8,1940,117700,167800,285500,2025,Logement,MAMH — Données Québec (rôle d'évaluation foncière),https://donneesouvertes.affmunqc.net/role/RL71060_2026.xml,,,,
"245, 6e Avenue",,L'Île-Perrot,,,351.6,1972,116000,394300,510300,2025,Logement,MAMH — Données Québec (rôle d'évaluation foncière),https://donneesouvertes.affmunqc.net/role/RL71060_2026.xml,,,,
"230, 6e Avenue",,L'Île-Perrot,,,347.4,1956,119900,178900,298800,2025,Logement,MAMH — Données Québec (rôle d'évaluation foncière),https://donneesouvertes.affmunqc.net/role/RL71060_2026.xml,,,,
"239, 6e Avenue",,L'Île-Perrot,,,350.2,1920,115600,151600,267200,2025,Logement,MAMH — Données Québec (rôle d'évaluation foncière),https://donneesouvertes.affmunqc.net/role/RL71060_2026.xml,,,,
"224, 6e Avenue, app. 226",,L'Île-Perrot,,,518.7,2015,155600,702000,857600,2025,Logement,MAMH — Données Québec (rôle d'évaluation foncière),https://donneesouvertes.affmunqc.net/role/RL71060_2026.xml,,,,
"235, 6e Avenue",,L'Île-Perrot,,,350.7,1955,115700,195900,311600,2025,Logement,MAMH — Données Québec (rôle d'évaluation foncière),https://donneesouvertes.affmunqc.net/role/RL71060_2026.xml,,,,
"262, 7e Avenue, app. 264",,L'Île-Perrot,,,668.5,1959,174900,354700,529600,2025,Logement,MAMH — Données Québec (rôle d'évaluation foncière),https://donneesouvertes.affmunqc.net/role/RL71060_2026.xml,,,,
"233, 6e Avenue",,L'Île-Perrot,,,351.1,1948,115900,165300,281200,2025,Logement,MAMH — Données Québec (rôle d'évaluation foncière),https://donneesouvertes.affmunqc.net/role/RL71060_2026.xml,,,,
"260, 7e Avenue",,L'Île-Perrot,,,330.2,1967,113900,274300,388200,2025,Logement,MAMH — Données Québec (rôle d'évaluation foncière),https://donneesouvertes.affmunqc.net/role/RL71060_2026.xml,,,,
"229, 6e Avenue",,L'Île-Perrot,,,421.9,1955,132900,287300,420200,2025,Logement,MAMH — Données Québec (rôle d'évaluation foncière),https://donneesouvertes.affmunqc.net/role/RL71060_2026.xml,,,,
"252, 7e Avenue, app. 256",,L'Île-Perrot,,,666.8,1959,200000,405200,605200,2025,Logement,MAMH — Données Québec (rôle d'évaluation foncière),https://donneesouvertes.affmunqc.net/role/RL71060_2026.xml,,,,
"225, 6e Avenue",,L'Île-Perrot,,,416.6,1950,131200,236600,367800,2025,Logement,MAMH — Données Québec (rôle d'évaluation foncière),https://donneesouvertes.affmunqc.net/role/RL71060_2026.xml,,,,
"223, 6e Avenue",,L'Île-Perrot,,,450.1,1972,135000,354800,489800,2025,Logement,MAMH — Données Québec (rôle d'évaluation foncière),https://donneesouvertes.affmunqc.net/role/RL71060_2026.xml,,,,
"257, 7e Avenue",,L'Île-Perrot,,,761.4,1968,184100,288200,472300,2025,Logement,MAMH — Données Québec (rôle d'évaluation foncière),https://donneesouvertes.affmunqc.net/role/RL71060_2026.xml,,,,
"248, 7e Avenue",,L'Île-Perrot,,,697.1,1959,177700,315100,492800,2025,Logement,MAMH — Données Québec (rôle d'évaluation foncière),https://donneesouvertes.affmunqc.net/role/RL71060_2026.xml,,,,
"223, Grand Boulevard",,L'Île-Perrot,,,384.7,1930,153500,111700,265200,2025,Logement,MAMH — Données Québec (rôle d'évaluation foncière),https://donneesouvertes.affmunqc.net/role/RL71060_2026.xml,,,,
"221, Grand Boulevard",,L'Île-Perrot,,,434.6,1958,173400,164700,338100,2025,Logement,MAMH — Données Québec (rôle d'évaluation foncière),https://donneesouvertes.affmunqc.net/role/RL71060_2026.xml,,,,
"130, Grand Boulevard",,L'Île-Perrot,,,623.5,1971,187100,151500,338600,2025,Immeuble à bureaux,MAMH — Données Québec (rôle d'évaluation foncière),https://donneesouvertes.affmunqc.net/role/RL71060_2026.xml,,,,
"220, 6e Avenue",,L'Île-Perrot,,,516.7,1940,155000,227200,382200,2025,Logement,MAMH — Données Québec (rôle d'évaluation foncière),https://donneesouvertes.affmunqc.net/role/RL71060_2026.xml,,,,
"115, Grand Boulevard, app. 189",,L'Île-Perrot,,,3760.6,1961,736100,2013600,2749700,2025,Immeuble à bureaux,MAMH — Données Québec (rôle d'évaluation foncière),https://donneesouvertes.affmunqc.net/role/RL71060_2026.xml,,,,
"175, 4e Avenue, app. 181",,L'Île-Perrot,,,1567.4,2000,285200,668200,953400,2025,Logement,MAMH — Données Québec (rôle d'évaluation foncière),https://donneesouvertes.affmunqc.net/role/RL71060_2026.xml,,,,
"110, Grand Boulevard, app. 114",,L'Île-Perrot,,,3791.9,2009,1137600,1001300,2138900,2025,Immeuble à bureaux,MAMH — Données Québec (rôle d'évaluation foncière),https://donneesouvertes.affmunqc.net/role/RL71060_2026.xml,,,,
"99, Grand Boulevard, app. 105",,L'Île-Perrot,,,367.6,1959,110300,528600,638900,2025,Immeuble à bureaux,MAMH — Données Québec (rôle d'évaluation foncière),https://donneesouvertes.affmunqc.net/role/RL71060_2026.xml,,,,
"89, Grand Boulevard",,L'Île-Perrot,,,91.59,,34300,228000,262300,2025,Immeuble à bureaux,MAMH — Données Québec (rôle d'évaluation foncière),https://donneesouvertes.affmunqc.net/role/RL71060_2026.xml,,,,
"91, Grand Boulevard",,L'Île-Perrot,,,127.62,2017,53600,248000,301600,2025,Logement,MAMH — Données Québec (rôle d'évaluation foncière),https://donneesouvertes.affmunqc.net/role/RL71060_2026.xml,,,,
"113, Grand Boulevard",,L'Île-Perrot,,,1988,,1371700,,1371700,2025,Institutionnel,MAMH — Données Québec (rôle d'évaluation foncière),https://donneesouvertes.affmunqc.net/role/RL71060_2026.xml,,,,
"93, Grand Boulevard, app. 99",,L'Île-Perrot,,,862.5,1954,258800,338500,597300,2025,Immeuble à bureaux,MAMH — Données Québec (rôle d'évaluation foncière),https://donneesouvertes.affmunqc.net/role/RL71060_2026.xml,,,,
"68, Grand Boulevard",,L'Île-Perrot,,,884,1966,265200,258500,523700,2025,Immeuble à bureaux,MAMH — Données Québec (rôle d'évaluation foncière),https://donneesouvertes.affmunqc.net/role/RL71060_2026.xml,,,,
"160, 4e Avenue, app. 164",,L'Île-Perrot,,,365.8,1988,96100,347800,443900,2025,Logement,MAMH — Données Québec (rôle d'évaluation foncière),https://donneesouvertes.affmunqc.net/role/RL71060_2026.xml,,,,
"70, Grand Boulevard, app. 70",,L'Île-Perrot,,,309.5,1997,92900,365500,458400,2025,Industrie,MAMH — Données Québec (rôle d'évaluation foncière),https://donneesouvertes.affmunqc.net/role/RL71060_2026.xml,,,,
"72, Grand Boulevard, app. 76",,L'Île-Perrot,,,775.7,2008,197800,806700,1004500,2025,Industrie,MAMH — Données Québec (rôle d'évaluation foncière),https://donneesouvertes.affmunqc.net/role/RL71060_2026.xml,,,,
"100, Grand Boulevard",,L'Île-Perrot,,,1828.9,1988,482900,528100,1011000,2025,Immeuble à bureaux,MAMH — Données Québec (rôle d'évaluation foncière),https://donneesouvertes.affmunqc.net/role/RL71060_2026.xml,,,,
"87, Grand Boulevard",,L'Île-Perrot,,,4066.3,1968,766600,635200,1401800,2025,Institutionnel,MAMH — Données Québec (rôle d'évaluation foncière),https://donneesouvertes.affmunqc.net/role/RL71060_2026.xml,,,,
"51, Grand Boulevard",,L'Île-Perrot,,,577.4,1963,173200,651300,824500,2025,Logement,MAMH — Données Québec (rôle d'évaluation foncière),https://donneesouvertes.affmunqc.net/role/RL71060_2026.xml,,,,
"61, Grand Boulevard",,L'Île-Perrot,,,1018.8,1948,305600,294500,600100,2025,Terrain vacant,MAMH — Données Québec (rôle d'évaluation foncière),https://donneesouvertes.affmunqc.net/role/RL71060_2026.xml,,,,
"170, 3e Avenue",,L'Île-Perrot,,,348.4,1947,82600,204200,286800,2025,Logement,MAMH — Données Québec (rôle d'évaluation foncière),https://donneesouvertes.affmunqc.net/role/RL71060_2026.xml,,,,
"67, Grand Boulevard, app. 79",,L'Île-Perrot,,,2012.8,1946,501300,644100,1145400,2025,Immeuble à bureaux,MAMH — Données Québec (rôle d'évaluation foncière),https://donneesouvertes.affmunqc.net/role/RL71060_2026.xml,,,,
"173, 3e Avenue",,L'Île-Perrot,,,348.5,1951,82600,200200,282800,2025,Logement,MAMH — Données Québec (rôle d'évaluation foncière),https://donneesouvertes.affmunqc.net/role/RL71060_2026.xml,,,,
"169, 3e Avenue, app. 171",,L'Île-Perrot,,,348.5,1950,82600,304300,386900,2025,Logement,MAMH — Données Québec (rôle d'évaluation foncière),https://donneesouvertes.affmunqc.net/role/RL71060_2026.xml,,,,
"167, 3e Avenue, app. 167",,L'Île-Perrot,,,348.4,1947,95000,244500,339500,2025,Logement,MAMH — Données Québec (rôle d'évaluation foncière),https://donneesouvertes.affmunqc.net/role/RL71060_2026.xml,,,,
"128, 4e Avenue",,L'Île-Perrot,,,385.7,1950,91400,263400,354800,2025,Logement,MAMH — Données Québec (rôle d'évaluation foncière),https://donneesouvertes.affmunqc.net/role/RL71060_2026.xml,,,,
"165, 3e Avenue",,L'Île-Perrot,,,348.9,1949,82700,304100,386800,2025,Logement,MAMH — Données Québec (rôle d'évaluation foncière),https://donneesouvertes.affmunqc.net/role/RL71060_2026.xml,,,,
"126, 4e Avenue",,L'Île-Perrot,,,384.4,,91100,,91100,2025,Terrain vacant,MAMH — Données Québec (rôle d'évaluation foncière),https://donneesouvertes.affmunqc.net/role/RL71060_2026.xml,,,,
"157, 3e Avenue",,L'Île-Perrot,,,349.1,2019,82700,355300,438000,2025,Logement,MAMH — Données Québec (rôle d'évaluation foncière),https://donneesouvertes.affmunqc.net/role/RL71060_2026.xml,,,,
"109, 1re Avenue",,L'Île-Perrot,,,464.4,1950,110100,266700,376800,2025,Logement,MAMH — Données Québec (rôle d'évaluation foncière),https://donneesouvertes.affmunqc.net/role/RL71060_2026.xml,,,,
"98, 2e Avenue, app. 100",,L'Île-Perrot,,,461.3,1946,109300,218200,327500,2025,Logement,MAMH — Données Québec (rôle d'évaluation foncière),https://donneesouvertes.affmunqc.net/role/RL71060_2026.xml,,,,
"41, Grand Boulevard",,L'Île-Perrot,,,516.9,1958,155100,232400,387500,2025,Immeuble à bureaux,MAMH — Données Québec (rôle d'évaluation foncière),https://donneesouvertes.affmunqc.net/role/RL71060_2026.xml,,,,
"96, 2e Avenue, app. 96",,L'Île-Perrot,,,471.1,1960,111700,333600,445300,2025,Logement,MAMH — Données Québec (rôle d'évaluation foncière),https://donneesouvertes.affmunqc.net/role/RL71060_2026.xml,,,,
"90, 2e Avenue, app. 92",,L'Île-Perrot,,,460.9,2014,109200,489000,598200,2025,Logement,MAMH — Données Québec (rôle d'évaluation foncière),https://donneesouvertes.affmunqc.net/role/RL71060_2026.xml,,,,
"103, 2e Avenue",,L'Île-Perrot,,,483.1,1948,114500,290900,405400,2025,Logement,MAMH — Données Québec (rôle d'évaluation foncière),https://donneesouvertes.affmunqc.net/role/RL71060_2026.xml,,,,
"88, 2e Avenue",,L'Île-Perrot,,,464.4,1949,110100,176600,286700,2025,Logement,MAMH — Données Québec (rôle d'évaluation foncière),https://donneesouvertes.affmunqc.net/role/RL71060_2026.xml,,,,
"95, 2e Avenue, app. 97",,L'Île-Perrot,,,1449.2,1950,179000,370300,549300,2025,Logement,MAMH — Données Québec (rôle d'évaluation foncière),https://donneesouvertes.affmunqc.net/role/RL71060_2026.xml,,,,
"168, 3e Avenue",,L'Île-Perrot,,,576.5,1953,133700,268000,401700,2025,Logement,MAMH — Données Québec (rôle d'évaluation foncière),https://donneesouvertes.affmunqc.net/role/RL71060_2026.xml,,,,
"81, 2e Avenue",,L'Île-Perrot,,,966.4,1952,164500,486400,650900,2025,Logement,MAMH — Données Québec (rôle d'évaluation foncière),https://donneesouvertes.affmunqc.net/role/RL71060_2026.xml,,,,
"132, 3e Avenue",,L'Île-Perrot,,,468.6,2004,111100,404500,515600,2025,Logement,MAMH — Données Québec (rôle d'évaluation foncière),https://donneesouvertes.affmunqc.net/role/RL71060_2026.xml,,,,
"75, 2e Avenue, app. 79",,L'Île-Perrot,,,483.1,1987,131700,370900,502600,2025,Logement,MAMH — Données Québec (rôle d'évaluation foncière),https://donneesouvertes.affmunqc.net/role/RL71060_2026.xml,,,,
"128, 3e Avenue",,L'Île-Perrot,,,592.2,1972,134900,184400,319300,2025,Logement,MAMH — Données Québec (rôle d'évaluation foncière),https://donneesouvertes.affmunqc.net/role/RL71060_2026.xml,,,,
"69, 2e Avenue, app. 71",,L'Île-Perrot,,,483.1,2024,131700,396000,527700,2025,Logement,MAMH — Données Québec (rôle d'évaluation foncière),https://donneesouvertes.affmunqc.net/role/RL71060_2026.xml,,,,
"75, 1re Avenue",,L'Île-Perrot,,,464.4,1953,110100,225800,335900,2025,Logement,MAMH — Données Québec (rôle d'évaluation foncière),https://donneesouvertes.affmunqc.net/role/RL71060_2026.xml,,,,
"50, 1re Avenue, app. 54",,L'Île-Perrot,,,645.1,1959,164500,342600,507100,2025,Logement,MAMH — Données Québec (rôle d'évaluation foncière),https://donneesouvertes.affmunqc.net/role/RL71060_2026.xml,,,,
"53, 1re Avenue, app. 55",,L'Île-Perrot,,,464.4,1949,110100,237700,347800,2025,Logement,MAMH — Données Québec (rôle d'évaluation foncière),https://donneesouvertes.affmunqc.net/role/RL71060_2026.xml,,,,
"76, 2e Avenue, app. 82",,L'Île-Perrot,,,929,1955,177700,407800,585500,2025,Logement,MAMH — Données Québec (rôle d'évaluation foncière),https://donneesouvertes.affmunqc.net/role/RL71060_2026.xml,,,,
"51, 1re Avenue",,L'Île-Perrot,,,464.4,1952,110100,277100,387200,2025,Logement,MAMH — Données Québec (rôle d'évaluation foncière),https://donneesouvertes.affmunqc.net/role/RL71060_2026.xml,,,,
"70, 2e Avenue",,L'Île-Perrot,,,464.4,1949,110100,163000,273100,2025,Logement,MAMH — Données Québec (rôle d'évaluation foncière),https://donneesouvertes.affmunqc.net/role/RL71060_2026.xml,,,,
"45, 1re Avenue",,L'Île-Perrot,,,1254.5,1948,177400,204800,382200,2025,Logement,MAMH — Données Québec (rôle d'évaluation foncière),https://donneesouvertes.affmunqc.net/role/RL71060_2026.xml,,,,
"68, 2e Avenue",,L'Île-Perrot,,,464.4,1964,110100,323400,433500,2025,Logement,MAMH — Données Québec (rôle d'évaluation foncière),https://donneesouvertes.affmunqc.net/role/RL71060_2026.xml,,,,
"64, 2e Avenue",,L'Île-Perrot,,,464.4,1964,110100,249300,359400,2025,Logement,MAMH — Données Québec (rôle d'évaluation foncière),https://donneesouvertes.affmunqc.net/role/RL71060_2026.xml,,,,
"56, 2e Avenue, app. 60",,L'Île-Perrot,,,464.4,2003,126600,471400,598000,2025,Logement,MAMH — Données Québec (rôle d'évaluation foncière),https://donneesouvertes.affmunqc.net/role/RL71060_2026.xml,,,,
"71, Sagala, app. 73",,L'Île-Perrot,,,579.6,1952,194700,299100,493800,2025,Logement,MAMH — Données Québec (rôle d'évaluation foncière),https://donneesouvertes.affmunqc.net/role/RL71060_2026.xml,,,,
"75, Sagala",,L'Île-Perrot,,,610,1951,204900,295100,500000,2025,Logement,MAMH — Données Québec (rôle d'évaluation foncière),https://donneesouvertes.affmunqc.net/role/RL71060_2026.xml,,,,
"72, Sagala",,L'Île-Perrot,,,465.4,1963,122900,306300,429200,2025,Logement,MAMH — Données Québec (rôle d'évaluation foncière),https://donneesouvertes.affmunqc.net/role/RL71060_2026.xml,,,,
"77, Sagala",,L'Île-Perrot,,,632.1,1988,212400,300100,512500,2025,Logement,MAMH — Données Québec (rôle d'évaluation foncière),https://donneesouvertes.affmunqc.net/role/RL71060_2026.xml,,,,
"76, Sagala",,L'Île-Perrot,,,464.3,1950,122600,219700,342300,2025,Logement,MAMH — Données Québec (rôle d'évaluation foncière),https://donneesouvertes.affmunqc.net/role/RL71060_2026.xml,,,,
"79, Sagala",,L'Île-Perrot,,,600.8,1960,201700,240300,442000,2025,Logement,MAMH — Données Québec (rôle d'évaluation foncière),https://donneesouvertes.affmunqc.net/role/RL71060_2026.xml,,,,
"78, Sagala",,L'Île-Perrot,,,436.5,1950,115200,210600,325800,2025,Logement,MAMH — Données Québec (rôle d'évaluation foncière),https://donneesouvertes.affmunqc.net/role/RL71060_2026.xml,,,,
"80, Sagala",,L'Île-Perrot,,,195.9,1950,67200,195200,262400,2025,Logement,MAMH — Données Québec (rôle d'évaluation foncière),https://donneesouvertes.affmunqc.net/role/RL71060_2026.xml,,,,
"70, Ile-claude",,L'Île-Perrot,,,24826.5,1970,124100,245900,370000,2025,Logement,MAMH — Données Québec (rôle d'évaluation foncière),https://donneesouvertes.affmunqc.net/role/RL71060_2026.xml,,,,
"62, Manoirs",,L'Île-Perrot,,,2708.2,2017,314300,1067300,1381600,2025,Logement,MAMH — Données Québec (rôle d'évaluation foncière),https://donneesouvertes.affmunqc.net/role/RL71060_2026.xml,,,,
"58, Manoirs",,L'Île-Perrot,,,2427.5,2013,349000,998500,1347500,2025,Logement,MAMH — Données Québec (rôle d'évaluation foncière),https://donneesouvertes.affmunqc.net/role/RL71060_2026.xml,,,,
"54, Manoirs",,L'Île-Perrot,,,2391.9,2021,349000,1327200,1676200,2025,Logement,MAMH — Données Québec (rôle d'évaluation foncière),https://donneesouvertes.affmunqc.net/role/RL71060_2026.xml,,,,
"66, Manoirs",,L'Île-Perrot,,,8238.6,2020,434500,1208700,1643200,2025,Logement,MAMH — Données Québec (rôle d'évaluation foncière),https://donneesouvertes.affmunqc.net/role/RL71060_2026.xml,,,,
"74, Manoirs",,L'Île-Perrot,,,3244,2013,777200,1032300,1809500,2025,Logement,MAMH — Données Québec (rôle d'évaluation foncière),https://donneesouvertes.affmunqc.net/role/RL71060_2026.xml,,,,
"65, Manoirs",,L'Île-Perrot,,,2252.6,2011,776600,1257600,2034200,2025,Logement,MAMH — Données Québec (rôle d'évaluation foncière),https://donneesouvertes.affmunqc.net/role/RL71060_2026.xml,,,,
"61, Manoirs",,L'Île-Perrot,,,1653,2011,776300,952500,1728800,2025,Logement,MAMH — Données Québec (rôle d'évaluation foncière),https://donneesouvertes.affmunqc.net/role/RL71060_2026.xml,,,,
"50, Manoirs",,L'Île-Perrot,,,2502.1,2012,349100,884300,1233400,2025,Logement,MAMH — Données Québec (rôle d'évaluation foncière),https://donneesouvertes.affmunqc.net/role/RL71060_2026.xml,,,,
"46, Manoirs",,L'Île-Perrot,,,2591.2,2022,314200,1208500,1522700,2025,Logement,MAMH — Données Québec (rôle d'évaluation foncière),https://donneesouvertes.affmunqc.net/role/RL71060_2026.xml,,,,
"42, Manoirs",,L'Île-Perrot,,,2645,2018,314200,1091600,1405800,2025,Logement,MAMH — Données Québec (rôle d'évaluation foncière),https://donneesouvertes.affmunqc.net/role/RL71060_2026.xml,,,,
"38, Manoirs",,L'Île-Perrot,,,2780.8,2017,279400,796000,1075400,2025,Logement,MAMH — Données Québec (rôle d'évaluation foncière),https://donneesouvertes.affmunqc.net/role/RL71060_2026.xml,,,,
"49, Manoirs",,L'Île-Perrot,,,2998.8,2019,481000,1248200,1729200,2025,Logement,MAMH — Données Québec (rôle d'évaluation foncière),https://donneesouvertes.affmunqc.net/role/RL71060_2026.xml,,,,
"41, Manoirs",,L'Île-Perrot,,,2288.6,2017,352100,986600,1338700,2025,Logement,MAMH — Données Québec (rôle d'évaluation foncière),https://donneesouvertes.affmunqc.net/role/RL71060_2026.xml,,,,
"45, Manoirs",,L'Île-Perrot,,,3617.4,2015,481200,1005500,1486700,2025,Logement,MAMH — Données Québec (rôle d'évaluation foncière),https://donneesouvertes.affmunqc.net/role/RL71060_2026.xml,,,,
"57, Manoirs",,L'Île-Perrot,,,1782.8,2015,702500,1293700,1996200,2025,Logement,MAMH — Données Québec (rôle d'évaluation foncière),https://donneesouvertes.affmunqc.net/role/RL71060_2026.xml,,,,
"29, Manoirs",,L'Île-Perrot,,,1762.7,2015,313800,748700,1062500,2025,Logement,MAMH — Données Québec (rôle d'évaluation foncière),https://donneesouvertes.affmunqc.net/role/RL71060_2026.xml,,,,
"25, Manoirs",,L'Île-Perrot,,,1280.8,2010,309000,898600,1207600,2025,Logement,MAMH — Données Québec (rôle d'évaluation foncière),https://donneesouvertes.affmunqc.net/role/RL71060_2026.xml,,,,
"21, Manoirs",,L'Île-Perrot,,,1006.1,2013,245600,787200,1032800,2025,Logement,MAMH — Données Québec (rôle d'évaluation foncière),https://donneesouvertes.affmunqc.net/role/RL71060_2026.xml,,,,
"33, Manoirs",,L'Île-Perrot,,,2248.1,2016,332500,847300,1179800,2025,Logement,MAMH — Données Québec (rôle d'évaluation foncière),https://donneesouvertes.affmunqc.net/role/RL71060_2026.xml,,,,
"17, Manoirs",,L'Île-Perrot,,,1031.2,2020,217300,780000,997300,2025,Logement,MAMH — Données Québec (rôle d'évaluation foncière),https://donneesouvertes.affmunqc.net/role/RL71060_2026.xml,,,,
"22, Ile-claude, app. 24",,L'Île-Perrot,,,938.3,1950,49700,277200,326900,2025,Logement,MAMH — Données Québec (rôle d'évaluation foncière),https://donneesouvertes.affmunqc.net/role/RL71060_2026.xml,,,,
"9, Manoirs",,L'Île-Perrot,,,1184.3,2017,281700,861700,1143400,2025,Logement,MAMH — Données Québec (rôle d'évaluation foncière),https://donneesouvertes.affmunqc.net/role/RL71060_2026.xml,,,,
"1, Manoirs",,L'Île-Perrot,,,1775.4,2013,410500,1075600,1486100,2025,Logement,MAMH — Données Québec (rôle d'évaluation foncière),https://donneesouvertes.affmunqc.net/role/RL71060_2026.xml,,,,
"10, Ile-claude",,L'Île-Perrot,,,2084,1945,430200,384400,814600,2025,Logement,MAMH — Données Québec (rôle d'évaluation foncière),https://donneesouvertes.affmunqc.net/role/RL71060_2026.xml,,,,
5890389,,L'Île-Perrot,,,83787.7,,1621300,,1621300,2025,Terrain vacant,MAMH — Données Québec (rôle d'évaluation foncière),https://donneesouvertes.affmunqc.net/role/RL71060_2026.xml,,,,
"112, Colibris",,L'Île-Perrot,,,3033.7,2012,378300,651000,1029300,2025,Logement,MAMH — Données Québec (rôle d'évaluation foncière),https://donneesouvertes.affmunqc.net/role/RL71060_2026.xml,,,,
"108, Colibris",,L'Île-Perrot,,,1143.2,2016,351500,614300,965800,2025,Logement,MAMH — Données Québec (rôle d'évaluation foncière),https://donneesouvertes.affmunqc.net/role/RL71060_2026.xml,,,,
"104, Colibris",,L'Île-Perrot,,,644.1,2016,276600,545800,822400,2025,Logement,MAMH — Données Québec (rôle d'évaluation foncière),https://donneesouvertes.affmunqc.net/role/RL71060_2026.xml,,,,
"100, Colibris",,L'Île-Perrot,,,648.5,2011,277300,625300,902600,2025,Logement,MAMH — Données Québec (rôle d'évaluation foncière),https://donneesouvertes.affmunqc.net/role/RL71060_2026.xml,,,,
"116, Colibris",,L'Île-Perrot,,,1681.8,2016,364800,684900,1049700,2025,Logement,MAMH — Données Québec (rôle d'évaluation foncière),https://donneesouvertes.affmunqc.net/role/RL71060_2026.xml,,,,
"96, Colibris",,L'Île-Perrot,,,570,2009,256500,419400,675900,2025,Logement,MAMH — Données Québec (rôle d'évaluation foncière),https://donneesouvertes.affmunqc.net/role/RL71060_2026.xml,,,,
"92, Colibris",,L'Île-Perrot,,,570,2010,256500,418800,675300,2025,Logement,MAMH — Données Québec (rôle d'évaluation foncière),https://donneesouvertes.affmunqc.net/role/RL71060_2026.xml,,,,
"88, Colibris",,L'Île-Perrot,,,570,2010,256500,480200,736700,2025,Logement,MAMH — Données Québec (rôle d'évaluation foncière),https://donneesouvertes.affmunqc.net/role/RL71060_2026.xml,,,,
"84, Colibris",,L'Île-Perrot,,,570,2010,256500,407100,663600,2025,Logement,MAMH — Données Québec (rôle d'évaluation foncière),https://donneesouvertes.affmunqc.net/role/RL71060_2026.xml,,,,
"18, Lilas",,L'Île-Perrot,,,696.8,2003,208100,368800,576900,2025,Logement,MAMH — Données Québec (rôle d'évaluation foncière),https://donneesouvertes.affmunqc.net/role/RL71060_2026.xml,,,,
"20, Lilas",,L'Île-Perrot,,,724.7,2003,216400,482300,698700,2025,Logement,MAMH — Données Québec (rôle d'évaluation foncière),https://donneesouvertes.affmunqc.net/role/RL71060_2026.xml,,,,
"24, Lilas",,L'Île-Perrot,,,724.6,2003,216400,306700,523100,2025,Logement,MAMH — Données Québec (rôle d'évaluation foncière),https://donneesouvertes.affmunqc.net/role/RL71060_2026.xml,,,,
"26, Lilas",,L'Île-Perrot,,,733.4,2002,219100,364500,583600,2025,Logement,MAMH — Données Québec (rôle d'évaluation foncière),https://donneesouvertes.affmunqc.net/role/RL71060_2026.xml,,,,
"105, Colibris",,L'Île-Perrot,,,848,2011,307200,553200,860400,2025,Logement,MAMH — Données Québec (rôle d'évaluation foncière),https://donneesouvertes.affmunqc.net/role/RL71060_2026.xml,,,,
"101, Colibris",,L'Île-Perrot,,,607.4,2011,271100,477600,748700,2025,Logement,MAMH — Données Québec (rôle d'évaluation foncière),https://donneesouvertes.affmunqc.net/role/RL71060_2026.xml,,,,
"120, Colibris",,L'Île-Perrot,,,728.9,2010,289300,619800,909100,2025,Logement,MAMH — Données Québec (rôle d'évaluation foncière),https://donneesouvertes.affmunqc.net/role/RL71060_2026.xml,,,,
"124, Colibris",,L'Île-Perrot,,,608,2011,271200,352400,623600,2025,Logement,MAMH — Données Québec (rôle d'évaluation foncière),https://donneesouvertes.affmunqc.net/role/RL71060_2026.xml,,,,
"121, Colibris",,L'Île-Perrot,,,830.1,2011,304500,651400,955900,2025,Logement,MAMH — Données Québec (rôle d'évaluation foncière),https://donneesouvertes.affmunqc.net/role/RL71060_2026.xml,,,,
"128, Colibris",,L'Île-Perrot,,,608,2011,271200,497000,768200,2025,Logement,MAMH — Données Québec (rôle d'évaluation foncière),https://donneesouvertes.affmunqc.net/role/RL71060_2026.xml,,,,
"125, Colibris",,L'Île-Perrot,,,924.8,2012,318700,544900,863600,2025,Logement,MAMH — Données Québec (rôle d'évaluation foncière),https://donneesouvertes.affmunqc.net/role/RL71060_2026.xml,,,,
"132, Colibris",,L'Île-Perrot,,,608,2011,271200,601300,872500,2025,Logement,MAMH — Données Québec (rôle d'évaluation foncière),https://donneesouvertes.affmunqc.net/role/RL71060_2026.xml,,,,
"136, Colibris",,L'Île-Perrot,,,608,2010,271200,416400,687600,2025,Logement,MAMH — Données Québec (rôle d'évaluation foncière),https://donneesouvertes.affmunqc.net/role/RL71060_2026.xml,,,,
"80, Colibris",,L'Île-Perrot,,,572.3,2010,257500,373800,631300,2025,Logement,MAMH — Données Québec (rôle d'évaluation foncière),https://donneesouvertes.affmunqc.net/role/RL71060_2026.xml,,,,
"76, Colibris",,L'Île-Perrot,,,570,2009,256500,516800,773300,2025,Logement,MAMH — Données Québec (rôle d'évaluation foncière),https://donneesouvertes.affmunqc.net/role/RL71060_2026.xml,,,,
"97, Colibris",,L'Île-Perrot,,,570,2010,256500,421100,677600,2025,Logement,MAMH — Données Québec (rôle d'évaluation foncière),https://donneesouvertes.affmunqc.net/role/RL71060_2026.xml,,,,
"93, Colibris",,L'Île-Perrot,,,570,2010,256500,446400,702900,2025,Logement,MAMH — Données Québec (rôle d'évaluation foncière),https://donneesouvertes.affmunqc.net/role/RL71060_2026.xml,,,,
"89, Colibris",,L'Île-Perrot,,,570,2010,256500,480000,736500,2025,Logement,MAMH — Données Québec (rôle d'évaluation foncière),https://donneesouvertes.affmunqc.net/role/RL71060_2026.xml,,,,
"85, Colibris",,L'Île-Perrot,,,624.4,2010,273700,452100,725800,2025,Logement,MAMH — Données Québec (rôle d'évaluation foncière),https://donneesouvertes.affmunqc.net/role/RL71060_2026.xml,,,,
"1, Carouges",,L'Île-Perrot,,,678.5,2011,281800,397300,679100,2025,Logement,MAMH — Données Québec (rôle d'évaluation foncière),https://donneesouvertes.affmunqc.net/role/RL71060_2026.xml,,,,
"8, Carouges",,L'Île-Perrot,,,720,2011,288000,561200,849200,2025,Logement,MAMH — Données Québec (rôle d'évaluation foncière),https://donneesouvertes.affmunqc.net/role/RL71060_2026.xml,,,,
"5, Carouges",,L'Île-Perrot,,,558.1,2010,251100,414500,665600,2025,Logement,MAMH — Données Québec (rôle d'évaluation foncière),https://donneesouvertes.affmunqc.net/role/RL71060_2026.xml,,,,
"129, Colibris",,L'Île-Perrot,,,749.3,2011,292400,478300,770700,2025,Logement,MAMH — Données Québec (rôle d'évaluation foncière),https://donneesouvertes.affmunqc.net/role/RL71060_2026.xml,,,,
"12, Carouges",,L'Île-Perrot,,,632.1,2010,274800,435900,710700,2025,Logement,MAMH — Données Québec (rôle d'évaluation foncière),https://donneesouvertes.affmunqc.net/role/RL71060_2026.xml,,,,
"9, Carouges",,L'Île-Perrot,,,558.1,2010,251100,475200,726300,2025,Logement,MAMH — Données Québec (rôle d'évaluation foncière),https://donneesouvertes.affmunqc.net/role/RL71060_2026.xml,,,,
"72, Colibris",,L'Île-Perrot,,,570,2010,256500,455400,711900,2025,Logement,MAMH — Données Québec (rôle d'évaluation foncière),https://donneesouvertes.affmunqc.net/role/RL71060_2026.xml,,,,
"68, Colibris",,L'Île-Perrot,,,558,2007,251100,428600,679700,2025,Logement,MAMH — Données Québec (rôle d'évaluation foncière),https://donneesouvertes.affmunqc.net/role/RL71060_2026.xml,,,,
"64, Colibris",,L'Île-Perrot,,,558,2007,251100,473200,724300,2025,Logement,MAMH — Données Québec (rôle d'évaluation foncière),https://donneesouvertes.affmunqc.net/role/RL71060_2026.xml,,,,
"60, Colibris",,L'Île-Perrot,,,558,2007,251100,474400,725500,2025,Logement,MAMH — Données Québec (rôle d'évaluation foncière),https://donneesouvertes.affmunqc.net/role/RL71060_2026.xml,,,,
"56, Colibris",,L'Île-Perrot,,,558,2007,251100,521200,772300,2025,Logement,MAMH — Données Québec (rôle d'évaluation foncière),https://donneesouvertes.affmunqc.net/role/RL71060_2026.xml,,,,
"2, Gelinottes",,L'Île-Perrot,,,738.1,2008,290700,562300,853000,2025,Logement,MAMH — Données Québec (rôle d'évaluation foncière),https://donneesouvertes.affmunqc.net/role/RL71060_2026.xml,,,,
"1, Gelinottes",,L'Île-Perrot,,,658,2009,278700,483400,762100,2025,Logement,MAMH — Données Québec (rôle d'évaluation foncière),https://donneesouvertes.affmunqc.net/role/RL71060_2026.xml,,,,
"6, Gelinottes",,L'Île-Perrot,,,581.9,2008,261900,630000,891900,2025,Logement,MAMH — Données Québec (rôle d'évaluation foncière),https://donneesouvertes.affmunqc.net/role/RL71060_2026.xml,,,,
"55, Colibris, app. 55",,L'Île-Perrot,,,588,2011,264600,543500,808100,2025,Logement,MAMH — Données Québec (rôle d'évaluation foncière),https://donneesouvertes.affmunqc.net/role/RL71060_2026.xml,,,,
"5, Gelinottes",,L'Île-Perrot,,,581,2008,261500,471100,732600,2025,Logement,MAMH — Données Québec (rôle d'évaluation foncière),https://donneesouvertes.affmunqc.net/role/RL71060_2026.xml,,,,
"52, Colibris",,L'Île-Perrot,,,558,2007,251100,507400,758500,2025,Logement,MAMH — Données Québec (rôle d'évaluation foncière),https://donneesouvertes.affmunqc.net/role/RL71060_2026.xml,,,,
"48, Colibris",,L'Île-Perrot,,,631.3,2002,214300,396000,610300,2025,Logement,MAMH — Données Québec (rôle d'évaluation foncière),https://donneesouvertes.affmunqc.net/role/RL71060_2026.xml,,,,
"44, Colibris",,L'Île-Perrot,,,631.3,2002,214300,406400,620700,2025,Logement,MAMH — Données Québec (rôle d'évaluation foncière),https://donneesouvertes.affmunqc.net/role/RL71060_2026.xml,,,,
"40, Colibris",,L'Île-Perrot,,,558,2001,195900,459500,655400,2025,Logement,MAMH — Données Québec (rôle d'évaluation foncière),https://donneesouvertes.affmunqc.net/role/RL71060_2026.xml,,,,
"36, Colibris",,L'Île-Perrot,,,558,2002,195900,408500,604400,2025,Logement,MAMH — Données Québec (rôle d'évaluation foncière),https://donneesouvertes.affmunqc.net/role/RL71060_2026.xml,,,,
"51, Colibris",,L'Île-Perrot,,,558,2002,195900,438800,634700,2025,Logement,MAMH — Données Québec (rôle d'évaluation foncière),https://donneesouvertes.affmunqc.net/role/RL71060_2026.xml,,,,
"32, Colibris",,L'Île-Perrot,,,558,2002,195900,492700,688600,2025,Logement,MAMH — Données Québec (rôle d'évaluation foncière),https://donneesouvertes.affmunqc.net/role/RL71060_2026.xml,,,,
"28, Colibris",,L'Île-Perrot,,,558,2002,195900,365500,561400,2025,Logement,MAMH — Données Québec (rôle d'évaluation foncière),https://donneesouvertes.affmunqc.net/role/RL71060_2026.xml,,,,
"24, Colibris",,L'Île-Perrot,,,558,2002,195900,487800,683700,2025,Logement,MAMH — Données Québec (rôle d'évaluation foncière),https://donneesouvertes.affmunqc.net/role/RL71060_2026.xml,,,,
"20, Colibris",,L'Île-Perrot,,,558,2002,195900,376700,572600,2025,Logement,MAMH — Données Québec (rôle d'évaluation foncière),https://donneesouvertes.affmunqc.net/role/RL71060_2026.xml,,,,
"46, Lilas",,L'Île-Perrot,,,733.4,1990,219100,384500,603600,2025,Logement,MAMH — Données Québec (rôle d'évaluation foncière),https://donneesouvertes.affmunqc.net/role/RL71060_2026.xml,,,,
"50, Lilas",,L'Île-Perrot,,,800.2,1990,232000,422400,654400,2025,Logement,MAMH — Données Québec (rôle d'évaluation foncière),https://donneesouvertes.affmunqc.net/role/RL71060_2026.xml,,,,
"30, Lilas",,L'Île-Perrot,,,733.4,1991,219100,342900,562000,2025,Logement,MAMH — Données Québec (rôle d'évaluation foncière),https://donneesouvertes.affmunqc.net/role/RL71060_2026.xml,,,,
"34, Lilas",,L'Île-Perrot,,,733.4,1994,219100,265400,484500,2025,Logement,MAMH — Données Québec (rôle d'évaluation foncière),https://donneesouvertes.affmunqc.net/role/RL71060_2026.xml,,,,
"38, Lilas",,L'Île-Perrot,,,733.4,1995,219100,286200,505300,2025,Logement,MAMH — Données Québec (rôle d'évaluation foncière),https://donneesouvertes.affmunqc.net/role/RL71060_2026.xml,,,,
"25, Lilas",,L'Île-Perrot,,,661.3,1993,215900,332000,547900,2025,Logement,MAMH — Données Québec (rôle d'évaluation foncière),https://donneesouvertes.affmunqc.net/role/RL71060_2026.xml,,,,
"42, Lilas",,L'Île-Perrot,,,733.4,1991,219100,403800,622900,2025,Logement,MAMH — Données Québec (rôle d'évaluation foncière),https://donneesouvertes.affmunqc.net/role/RL71060_2026.xml,,,,
"29, Lilas",,L'Île-Perrot,,,570.7,1990,196500,497600,694100,2025,Logement,MAMH — Données Québec (rôle d'évaluation foncière),https://donneesouvertes.affmunqc.net/role/RL71060_2026.xml,,,,
"33, Lilas",,L'Île-Perrot,,,566.9,1991,195200,265000,460200,2025,Logement,MAMH — Données Québec (rôle d'évaluation foncière),https://donneesouvertes.affmunqc.net/role/RL71060_2026.xml,,,,
"37, Lilas",,L'Île-Perrot,,,566.9,1991,195200,485800,681000,2025,Logement,MAMH — Données Québec (rôle d'évaluation foncière),https://donneesouvertes.affmunqc.net/role/RL71060_2026.xml,,,,
"162, Bouleaux",,L'Île-Perrot,,,871,1990,226300,423300,649600,2025,Logement,MAMH — Données Québec (rôle d'évaluation foncière),https://donneesouvertes.affmunqc.net/role/RL71060_2026.xml,,,,
"133, Colibris",,L'Île-Perrot,,,850.6,2011,307600,450000,757600,2025,Logement,MAMH — Données Québec (rôle d'évaluation foncière),https://donneesouvertes.affmunqc.net/role/RL71060_2026.xml,,,,
"140, Colibris",,L'Île-Perrot,,,608,2010,271200,470100,741300,2025,Logement,MAMH — Données Québec (rôle d'évaluation foncière),https://donneesouvertes.affmunqc.net/role/RL71060_2026.xml,,,,
"144, Colibris",,L'Île-Perrot,,,608,2011,271200,539800,811000,2025,Logement,MAMH — Données Québec (rôle d'évaluation foncière),https://donneesouvertes.affmunqc.net/role/RL71060_2026.xml,,,,
"148, Colibris",,L'Île-Perrot,,,608,2010,271200,515200,786400,2025,Logement,MAMH — Données Québec (rôle d'évaluation foncière),https://donneesouvertes.affmunqc.net/role/RL71060_2026.xml,,,,
"152, Colibris",,L'Île-Perrot,,,608,2011,271200,468900,740100,2025,Logement,MAMH — Données Québec (rôle d'évaluation foncière),https://donneesouvertes.affmunqc.net/role/RL71060_2026.xml,,,,
"156, Colibris",,L'Île-Perrot,,,608,2010,271200,498200,769400,2025,Logement,MAMH — Données Québec (rôle d'évaluation foncière),https://donneesouvertes.affmunqc.net/role/RL71060_2026.xml,,,,
"160, Colibris",,L'Île-Perrot,,,608,2010,271200,518600,789800,2025,Logement,MAMH — Données Québec (rôle d'évaluation foncière),https://donneesouvertes.affmunqc.net/role/RL71060_2026.xml,,,,
"16, Carouges",,L'Île-Perrot,,,589,2010,265100,482000,747100,2025,Logement,MAMH — Données Québec (rôle d'évaluation foncière),https://donneesouvertes.affmunqc.net/role/RL71060_2026.xml,,,,
"20, Carouges",,L'Île-Perrot,,,666.2,2011,279900,529400,809300,2025,Logement,MAMH — Données Québec (rôle d'évaluation foncière),https://donneesouvertes.affmunqc.net/role/RL71060_2026.xml,,,,
"17, Carouges",,L'Île-Perrot,,,579.9,2010,261000,433700,694700,2025,Logement,MAMH — Données Québec (rôle d'évaluation foncière),https://donneesouvertes.affmunqc.net/role/RL71060_2026.xml,,,,
"24, Carouges",,L'Île-Perrot,,,699,2011,284900,474100,759000,2025,Logement,MAMH — Données Québec (rôle d'évaluation foncière),https://donneesouvertes.affmunqc.net/role/RL71060_2026.xml,,,,
"21, Carouges",,L'Île-Perrot,,,676.8,2011,281500,473400,754900,2025,Logement,MAMH — Données Québec (rôle d'évaluation foncière),https://donneesouvertes.affmunqc.net/role/RL71060_2026.xml,,,,
"22, Gelinottes",,L'Île-Perrot,,,601.5,2008,270200,502300,772500,2025,Logement,MAMH — Données Québec (rôle d'évaluation foncière),https://donneesouvertes.affmunqc.net/role/RL71060_2026.xml,,,,
"25, Carouges",,L'Île-Perrot,,,853,2012,308000,592500,900500,2025,Logement,MAMH — Données Québec (rôle d'évaluation foncière),https://donneesouvertes.affmunqc.net/role/RL71060_2026.xml,,,,
"153, Colibris",,L'Île-Perrot,,,726.5,2011,289000,460400,749400,2025,Logement,MAMH — Données Québec (rôle d'évaluation foncière),https://donneesouvertes.affmunqc.net/role/RL71060_2026.xml,,,,
"26, Gelinottes",,L'Île-Perrot,,,601.5,2008,270200,449300,719500,2025,Logement,MAMH — Données Québec (rôle d'évaluation foncière),https://donneesouvertes.affmunqc.net/role/RL71060_2026.xml,,,,
"157, Colibris",,L'Île-Perrot,,,672.7,2011,280900,516700,797600,2025,Logement,MAMH — Données Québec (rôle d'évaluation foncière),https://donneesouvertes.affmunqc.net/role/RL71060_2026.xml,,,,
"30, Gelinottes",,L'Île-Perrot,,,601.5,2006,270200,583300,853500,2025,Logement,MAMH — Données Québec (rôle d'évaluation foncière),https://donneesouvertes.affmunqc.net/role/RL71060_2026.xml,,,,
"9, Gelinottes",,L'Île-Perrot,,,682.1,2008,282300,530200,812500,2025,Logement,MAMH — Données Québec (rôle d'évaluation foncière),https://donneesouvertes.affmunqc.net/role/RL71060_2026.xml,,,,
"14, Gelinottes",,L'Île-Perrot,,,579,2006,260600,646800,907400,2025,Logement,MAMH — Données Québec (rôle d'évaluation foncière),https://donneesouvertes.affmunqc.net/role/RL71060_2026.xml,,,,
"240, Provence",,L'Île-Perrot,,,588,2007,264600,543600,808200,2025,Logement,MAMH — Données Québec (rôle d'évaluation foncière),https://donneesouvertes.affmunqc.net/role/RL71060_2026.xml,,,,
"18, Gelinottes",,L'Île-Perrot,,,605.1,2010,270800,661900,932700,2025,Logement,MAMH — Données Québec (rôle d'évaluation foncière),https://donneesouvertes.affmunqc.net/role/RL71060_2026.xml,,,,
"241, Provence",,L'Île-Perrot,,,644.5,2009,276700,425900,702600,2025,Logement,MAMH — Données Québec (rôle d'évaluation foncière),https://donneesouvertes.affmunqc.net/role/RL71060_2026.xml,,,,
"237, Provence",,L'Île-Perrot,,,558,2008,251100,434100,685200,2025,Logement,MAMH — Données Québec (rôle d'évaluation foncière),https://donneesouvertes.affmunqc.net/role/RL71060_2026.xml,,,,
"233, Provence",,L'Île-Perrot,,,629.8,2008,274500,600900,875400,2025,Logement,MAMH — Données Québec (rôle d'évaluation foncière),https://donneesouvertes.affmunqc.net/role/RL71060_2026.xml,,,,
"21, Gelinottes",,L'Île-Perrot,,,558.3,2007,251200,478800,730000,2025,Logement,MAMH — Données Québec (rôle d'évaluation foncière),https://donneesouvertes.affmunqc.net/role/RL71060_2026.xml,,,,
"217, Colibris",,L'Île-Perrot,,,558.3,2008,251200,471000,722200,2025,Logement,MAMH — Données Québec (rôle d'évaluation foncière),https://donneesouvertes.affmunqc.net/role/RL71060_2026.xml,,,,
"25, Gelinottes",,L'Île-Perrot,,,558.3,2007,251200,429700,680900,2025,Logement,MAMH — Données Québec (rôle d'évaluation foncière),https://donneesouvertes.affmunqc.net/role/RL71060_2026.xml,,,,
"47, Colibris",,L'Île-Perrot,,,558,2002,195900,506200,702100,2025,Logement,MAMH — Données Québec (rôle d'évaluation foncière),https://donneesouvertes.affmunqc.net/role/RL71060_2026.xml,,,,
"43, Colibris",,L'Île-Perrot,,,558,2002,195900,477800,673700,2025,Logement,MAMH — Données Québec (rôle d'évaluation foncière),https://donneesouvertes.affmunqc.net/role/RL71060_2026.xml,,,,
"39, Colibris",,L'Île-Perrot,,,558,2002,195900,418200,614100,2025,Logement,MAMH — Données Québec (rôle d'évaluation foncière),https://donneesouvertes.affmunqc.net/role/RL71060_2026.xml,,,,
"35, Colibris",,L'Île-Perrot,,,558,2002,195900,425000,620900,2025,Logement,MAMH — Données Québec (rôle d'évaluation foncière),https://donneesouvertes.affmunqc.net/role/RL71060_2026.xml,,,,
"236, Provence",,L'Île-Perrot,,,558,2002,195900,362100,558000,2025,Logement,MAMH — Données Québec (rôle d'évaluation foncière),https://donneesouvertes.affmunqc.net/role/RL71060_2026.xml,,,,
"232, Provence",,L'Île-Perrot,,,558,2002,195900,350900,546800,2025,Logement,MAMH — Données Québec (rôle d'évaluation foncière),https://donneesouvertes.affmunqc.net/role/RL71060_2026.xml,,,,
"228, Provence",,L'Île-Perrot,,,558,2001,195900,492300,688200,2025,Logement,MAMH — Données Québec (rôle d'évaluation foncière),https://donneesouvertes.affmunqc.net/role/RL71060_2026.xml,,,,
"224, Provence",,L'Île-Perrot,,,558,2002,195900,419200,615100,2025,Logement,MAMH — Données Québec (rôle d'évaluation foncière),https://donneesouvertes.affmunqc.net/role/RL71060_2026.xml,,,,
"220, Provence",,L'Île-Perrot,,,558,2002,195900,431400,627300,2025,Logement,MAMH — Données Québec (rôle d'évaluation foncière),https://donneesouvertes.affmunqc.net/role/RL71060_2026.xml,,,,
"216, Provence",,L'Île-Perrot,,,558,2002,195900,414800,610700,2025,Logement,MAMH — Données Québec (rôle d'évaluation foncière),https://donneesouvertes.affmunqc.net/role/RL71060_2026.xml,,,,
"229, Provence",,L'Île-Perrot,,,652.3,2002,216700,495000,711700,2025,Logement,MAMH — Données Québec (rôle d'évaluation foncière),https://donneesouvertes.affmunqc.net/role/RL71060_2026.xml,,,,
"225, Provence",,L'Île-Perrot,,,558,2001,195900,422300,618200,2025,Logement,MAMH — Données Québec (rôle d'évaluation foncière),https://donneesouvertes.affmunqc.net/role/RL71060_2026.xml,,,,
"221, Provence",,L'Île-Perrot,,,558,2002,195900,403000,598900,2025,Logement,MAMH — Données Québec (rôle d'évaluation foncière),https://donneesouvertes.affmunqc.net/role/RL71060_2026.xml,,,,
"217, Provence",,L'Île-Perrot,,,558,2002,195900,373300,569200,2025,Logement,MAMH — Données Québec (rôle d'évaluation foncière),https://donneesouvertes.affmunqc.net/role/RL71060_2026.xml,,,,
"213, Provence",,L'Île-Perrot,,,558,2001,195900,403500,599400,2025,Logement,MAMH — Données Québec (rôle d'évaluation foncière),https://donneesouvertes.affmunqc.net/role/RL71060_2026.xml,,,,
"16, Colibris",,L'Île-Perrot,,,558,2002,195900,390600,586500,2025,Logement,MAMH — Données Québec (rôle d'évaluation foncière),https://donneesouvertes.affmunqc.net/role/RL71060_2026.xml,,,,
"31, Colibris",,L'Île-Perrot,,,558,2002,195900,411200,607100,2025,Logement,MAMH — Données Québec (rôle d'évaluation foncière),https://donneesouvertes.affmunqc.net/role/RL71060_2026.xml,,,,
"27, Colibris",,L'Île-Perrot,,,558,2002,195900,486100,682000,2025,Logement,MAMH — Données Québec (rôle d'évaluation foncière),https://donneesouvertes.affmunqc.net/role/RL71060_2026.xml,,,,
"23, Colibris",,L'Île-Perrot,,,558,2002,195900,467500,663400,2025,Logement,MAMH — Données Québec (rôle d'évaluation foncière),https://donneesouvertes.affmunqc.net/role/RL71060_2026.xml,,,,
"19, Colibris",,L'Île-Perrot,,,558,2002,195900,451300,647200,2025,Logement,MAMH — Données Québec (rôle d'évaluation foncière),https://donneesouvertes.affmunqc.net/role/RL71060_2026.xml,,,,
"15, Colibris",,L'Île-Perrot,,,558,2002,195900,373000,568900,2025,Logement,MAMH — Données Québec (rôle d'évaluation foncière),https://donneesouvertes.affmunqc.net/role/RL71060_2026.xml,,,,
"11, Colibris",,L'Île-Perrot,,,631.8,2002,214300,426100,640400,2025,Logement,MAMH — Données Québec (rôle d'évaluation foncière),https://donneesouvertes.affmunqc.net/role/RL71060_2026.xml,,,,
"212, Provence",,L'Île-Perrot,,,558,2001,195900,434800,630700,2025,Logement,MAMH — Données Québec (rôle d'évaluation foncière),https://donneesouvertes.affmunqc.net/role/RL71060_2026.xml,,,,
"208, Provence",,L'Île-Perrot,,,558,2002,195900,367300,563200,2025,Logement,MAMH — Données Québec (rôle d'évaluation foncière),https://donneesouvertes.affmunqc.net/role/RL71060_2026.xml,,,,
"204, Provence",,L'Île-Perrot,,,558,2002,195900,325000,520900,2025,Logement,MAMH — Données Québec (rôle d'évaluation foncière),https://donneesouvertes.affmunqc.net/role/RL71060_2026.xml,,,,
"200, Provence",,L'Île-Perrot,,,887.7,2001,244300,516300,760600,2025,Logement,MAMH — Données Québec (rôle d'évaluation foncière),https://donneesouvertes.affmunqc.net/role/RL71060_2026.xml,,,,
"12, Colibris",,L'Île-Perrot,,,558,2002,195900,489700,685600,2025,Logement,MAMH — Données Québec (rôle d'évaluation foncière),https://donneesouvertes.affmunqc.net/role/RL71060_2026.xml,,,,
"8, Colibris",,L'Île-Perrot,,,614.5,2002,198300,352100,550400,2025,Logement,MAMH — Données Québec (rôle d'évaluation foncière),https://donneesouvertes.affmunqc.net/role/RL71060_2026.xml,,,,
"4, Colibris",,L'Île-Perrot,,,689.9,2002,207100,414900,622000,2025,Logement,MAMH — Données Québec (rôle d'évaluation foncière),https://donneesouvertes.affmunqc.net/role/RL71060_2026.xml,,,,
"60, Lilas",,L'Île-Perrot,,,82,2012,45900,231300,277200,2025,Logement,MAMH — Données Québec (rôle d'évaluation foncière),https://donneesouvertes.affmunqc.net/role/RL71060_2026.xml,,,,
"80, Lilas",,L'Île-Perrot,,,86.7,2012,48600,230800,279400,2025,Logement,MAMH — Données Québec (rôle d'évaluation foncière),https://donneesouvertes.affmunqc.net/role/RL71060_2026.xml,,,,
"81, Lilas",,L'Île-Perrot,,,344.9,2012,119300,368900,488200,2025,Logement,MAMH — Données Québec (rôle d'évaluation foncière),https://donneesouvertes.affmunqc.net/role/RL71060_2026.xml,,,,
"83, Lilas",,L'Île-Perrot,,,286,2012,112700,321800,434500,2025,Logement,MAMH — Données Québec (rôle d'évaluation foncière),https://donneesouvertes.affmunqc.net/role/RL71060_2026.xml,,,,
"85, Lilas",,L'Île-Perrot,,,286,2012,112700,339000,451700,2025,Logement,MAMH — Données Québec (rôle d'évaluation foncière),https://donneesouvertes.affmunqc.net/role/RL71060_2026.xml,,,,
"87, Lilas",,L'Île-Perrot,,,286,2012,112700,341700,454400,2025,Logement,MAMH — Données Québec (rôle d'évaluation foncière),https://donneesouvertes.affmunqc.net/role/RL71060_2026.xml,,,,
"89, Lilas",,L'Île-Perrot,,,286,2012,112700,354300,467000,2025,Logement,MAMH — Données Québec (rôle d'évaluation foncière),https://donneesouvertes.affmunqc.net/role/RL71060_2026.xml,,,,
"91, Lilas",,L'Île-Perrot,,,286,2012,112700,351800,464500,2025,Logement,MAMH — Données Québec (rôle d'évaluation foncière),https://donneesouvertes.affmunqc.net/role/RL71060_2026.xml,,,,
"93, Lilas",,L'Île-Perrot,,,286,2012,112700,345700,458400,2025,Logement,MAMH — Données Québec (rôle d'évaluation foncière),https://donneesouvertes.affmunqc.net/role/RL71060_2026.xml,,,,
"95, Lilas",,L'Île-Perrot,,,286,2012,112700,331200,443900,2025,Logement,MAMH — Données Québec (rôle d'évaluation foncière),https://donneesouvertes.affmunqc.net/role/RL71060_2026.xml,,,,
"97, Lilas",,L'Île-Perrot,,,341.7,2012,118900,366500,485400,2025,Logement,MAMH — Données Québec (rôle d'évaluation foncière),https://donneesouvertes.affmunqc.net/role/RL71060_2026.xml,,,,
"41, Lilas",,L'Île-Perrot,,,566.9,1990,195200,312100,507300,2025,Logement,MAMH — Données Québec (rôle d'évaluation foncière),https://donneesouvertes.affmunqc.net/role/RL71060_2026.xml,,,,
"166, Bouleaux",,L'Île-Perrot,,,587.1,1991,193400,384800,578200,2025,Logement,MAMH — Données Québec (rôle d'évaluation foncière),https://donneesouvertes.affmunqc.net/role/RL71060_2026.xml,,,,
"45, Lilas",,L'Île-Perrot,,,642.6,1990,213700,328900,542600,2025,Logement,MAMH — Données Québec (rôle d'évaluation foncière),https://donneesouvertes.affmunqc.net/role/RL71060_2026.xml,,,,
"170, Bouleaux",,L'Île-Perrot,,,568.7,1990,197900,362500,560400,2025,Logement,MAMH — Données Québec (rôle d'évaluation foncière),https://donneesouvertes.affmunqc.net/role/RL71060_2026.xml,,,,
"174, Bouleaux",,L'Île-Perrot,,,613.4,1991,210400,410400,620800,2025,Logement,MAMH — Données Québec (rôle d'évaluation foncière),https://donneesouvertes.affmunqc.net/role/RL71060_2026.xml,,,,
"157, Bouleaux",,L'Île-Perrot,,,675,1990,217500,414500,632000,2025,Logement,MAMH — Données Québec (rôle d'évaluation foncière),https://donneesouvertes.affmunqc.net/role/RL71060_2026.xml,,,,
"173, Bouleaux",,L'Île-Perrot,,,834.1,1990,236000,329000,565000,2025,Logement,MAMH — Données Québec (rôle d'évaluation foncière),https://donneesouvertes.affmunqc.net/role/RL71060_2026.xml,,,,
"61, Lilas",,L'Île-Perrot,,,315.65,2012,116000,354500,470500,2025,Logement,MAMH — Données Québec (rôle d'évaluation foncière),https://donneesouvertes.affmunqc.net/role/RL71060_2026.xml,,,,
"63, Lilas",,L'Île-Perrot,,,258.07,2012,109500,344800,454300,2025,Logement,MAMH — Données Québec (rôle d'évaluation foncière),https://donneesouvertes.affmunqc.net/role/RL71060_2026.xml,,,,
"65, Lilas",,L'Île-Perrot,,,258.07,2012,109500,349800,459300,2025,Logement,MAMH — Données Québec (rôle d'évaluation foncière),https://donneesouvertes.affmunqc.net/role/RL71060_2026.xml,,,,
"67, Lilas",,L'Île-Perrot,,,258.07,2012,109500,348300,457800,2025,Logement,MAMH — Données Québec (rôle d'évaluation foncière),https://donneesouvertes.affmunqc.net/role/RL71060_2026.xml,,,,
"69, Lilas",,L'Île-Perrot,,,258.07,2012,109500,373400,482900,2025,Logement,MAMH — Données Québec (rôle d'évaluation foncière),https://donneesouvertes.affmunqc.net/role/RL71060_2026.xml,,,,
"71, Lilas",,L'Île-Perrot,,,258.07,2012,109500,346700,456200,2025,Logement,MAMH — Données Québec (rôle d'évaluation foncière),https://donneesouvertes.affmunqc.net/role/RL71060_2026.xml,,,,
"73, Lilas",,L'Île-Perrot,,,258.07,2012,109500,343300,452800,2025,Logement,MAMH — Données Québec (rôle d'évaluation foncière),https://donneesouvertes.affmunqc.net/role/RL71060_2026.xml,,,,
"75, Lilas",,L'Île-Perrot,,,258.07,2012,109500,349300,458800,2025,Logement,MAMH — Données Québec (rôle d'évaluation foncière),https://donneesouvertes.affmunqc.net/role/RL71060_2026.xml,,,,
"77, Lilas",,L'Île-Perrot,,,312.46,2012,115600,365000,480600,2025,Logement,MAMH — Données Québec (rôle d'évaluation foncière),https://donneesouvertes.affmunqc.net/role/RL71060_2026.xml,,,,
"61, Rosiers",,L'Île-Perrot,,,725.8,1990,212700,277700,490400,2025,Logement,MAMH — Données Québec (rôle d'évaluation foncière),https://donneesouvertes.affmunqc.net/role/RL71060_2026.xml,,,,
"161, Colibris",,L'Île-Perrot,,,638.1,2010,275700,381800,657500,2025,Logement,MAMH — Données Québec (rôle d'évaluation foncière),https://donneesouvertes.affmunqc.net/role/RL71060_2026.xml,,,,
"34, Gelinottes",,L'Île-Perrot,,,691.9,2007,283800,541800,825600,2025,Logement,MAMH — Données Québec (rôle d'évaluation foncière),https://donneesouvertes.affmunqc.net/role/RL71060_2026.xml,,,,
"172, Colibris",,L'Île-Perrot,,,558,2006,251100,458100,709200,2025,Logement,MAMH — Données Québec (rôle d'évaluation foncière),https://donneesouvertes.affmunqc.net/role/RL71060_2026.xml,,,,
"176, Colibris",,L'Île-Perrot,,,558,2006,251100,371900,623000,2025,Logement,MAMH — Données Québec (rôle d'évaluation foncière),https://donneesouvertes.affmunqc.net/role/RL71060_2026.xml,,,,
"180, Colibris",,L'Île-Perrot,,,558,2006,251100,491600,742700,2025,Logement,MAMH — Données Québec (rôle d'évaluation foncière),https://donneesouvertes.affmunqc.net/role/RL71060_2026.xml,,,,
"213, Colibris",,L'Île-Perrot,,,558.3,2008,251200,390000,641200,2025,Logement,MAMH — Données Québec (rôle d'évaluation foncière),https://donneesouvertes.affmunqc.net/role/RL71060_2026.xml,,,,
"29, Gelinottes",,L'Île-Perrot,,,558.3,2007,251200,413900,665100,2025,Logement,MAMH — Données Québec (rôle d'évaluation foncière),https://donneesouvertes.affmunqc.net/role/RL71060_2026.xml,,,,
"209, Colibris",,L'Île-Perrot,,,558.3,2007,251200,385200,636400,2025,Logement,MAMH — Données Québec (rôle d'évaluation foncière),https://donneesouvertes.affmunqc.net/role/RL71060_2026.xml,,,,
"33, Gelinottes",,L'Île-Perrot,,,695.7,2010,284400,494900,779300,2025,Logement,MAMH — Données Québec (rôle d'évaluation foncière),https://donneesouvertes.affmunqc.net/role/RL71060_2026.xml,,,,
"205, Colibris",,L'Île-Perrot,,,696.5,2007,284500,510300,794800,2025,Logement,MAMH — Données Québec (rôle d'évaluation foncière),https://donneesouvertes.affmunqc.net/role/RL71060_2026.xml,,,,
"208, Colibris",,L'Île-Perrot,,,567.9,2007,255600,444900,700500,2025,Logement,MAMH — Données Québec (rôle d'évaluation foncière),https://donneesouvertes.affmunqc.net/role/RL71060_2026.xml,,,,
"204, Colibris",,L'Île-Perrot,,,617.8,2008,272700,399800,672500,2025,Logement,MAMH — Données Québec (rôle d'évaluation foncière),https://donneesouvertes.affmunqc.net/role/RL71060_2026.xml,,,,
"184, Colibris",,L'Île-Perrot,,,558,2008,251100,445600,696700,2025,Logement,MAMH — Données Québec (rôle d'évaluation foncière),https://donneesouvertes.affmunqc.net/role/RL71060_2026.xml,,,,
"188, Colibris",,L'Île-Perrot,,,558,2006,251100,628100,879200,2025,Logement,MAMH — Données Québec (rôle d'évaluation foncière),https://donneesouvertes.affmunqc.net/role/RL71060_2026.xml,,,,
"200, Colibris",,L'Île-Perrot,,,936.5,2008,320500,541500,862000,2025,Logement,MAMH — Données Québec (rôle d'évaluation foncière),https://donneesouvertes.affmunqc.net/role/RL71060_2026.xml,,,,
"196, Colibris",,L'Île-Perrot,,,867.4,2009,310100,739600,1049700,2025,Logement,MAMH — Données Québec (rôle d'évaluation foncière),https://donneesouvertes.affmunqc.net/role/RL71060_2026.xml,,,,
"216, Colibris",,L'Île-Perrot,,,592.2,2008,266500,398100,664600,2025,Logement,MAMH — Données Québec (rôle d'évaluation foncière),https://donneesouvertes.affmunqc.net/role/RL71060_2026.xml,,,,
"212, Colibris",,L'Île-Perrot,,,565.1,2008,254300,475100,729400,2025,Logement,MAMH — Données Québec (rôle d'évaluation foncière),https://donneesouvertes.affmunqc.net/role/RL71060_2026.xml,,,,
"1030, Don-quichotte",,L'Île-Perrot,,,22000,,1870000,5587500,7457500,2025,Industrie,MAMH — Données Québec (rôle d'évaluation foncière),https://donneesouvertes.affmunqc.net/role/RL71060_2026.xml,,,,
"209, Provence",,L'Île-Perrot,,,558,2001,195900,360400,556300,2025,Logement,MAMH — Données Québec (rôle d'évaluation foncière),https://donneesouvertes.affmunqc.net/role/RL71060_2026.xml,,,,
"205, Provence",,L'Île-Perrot,,,558,2001,195900,412000,607900,2025,Logement,MAMH — Données Québec (rôle d'évaluation foncière),https://donneesouvertes.affmunqc.net/role/RL71060_2026.xml,,,,
"201, Provence",,L'Île-Perrot,,,567,2001,199000,426800,625800,2025,Logement,MAMH — Données Québec (rôle d'évaluation foncière),https://donneesouvertes.affmunqc.net/role/RL71060_2026.xml,,,,
"160, Provence",,L'Île-Perrot,,,226.41,2016,106000,337200,443200,2025,Logement,MAMH — Données Québec (rôle d'évaluation foncière),https://donneesouvertes.affmunqc.net/role/RL71060_2026.xml,,,,
"180, Provence",,L'Île-Perrot,,,220.31,2016,105300,337200,442500,2025,Logement,MAMH — Données Québec (rôle d'évaluation foncière),https://donneesouvertes.affmunqc.net/role/RL71060_2026.xml,,,,
"2, Raimbeau",,L'Île-Perrot,,,431.7,1990,150200,312700,462900,2025,Logement,MAMH — Données Québec (rôle d'évaluation foncière),https://donneesouvertes.affmunqc.net/role/RL71060_2026.xml,,,,
"100, Lilas",,L'Île-Perrot,,,87.8,2013,49200,232300,281500,2025,Logement,MAMH — Données Québec (rôle d'évaluation foncière),https://donneesouvertes.affmunqc.net/role/RL71060_2026.xml,,,,
"101, Lilas",,L'Île-Perrot,,,381.3,2014,123400,366200,489600,2025,Logement,MAMH — Données Québec (rôle d'évaluation foncière),https://donneesouvertes.affmunqc.net/role/RL71060_2026.xml,,,,
"103, Lilas",,L'Île-Perrot,,,316.1,2014,116000,343300,459300,2025,Logement,MAMH — Données Québec (rôle d'évaluation foncière),https://donneesouvertes.affmunqc.net/role/RL71060_2026.xml,,,,
"105, Lilas",,L'Île-Perrot,,,316.1,2014,116000,377100,493100,2025,Logement,MAMH — Données Québec (rôle d'évaluation foncière),https://donneesouvertes.affmunqc.net/role/RL71060_2026.xml,,,,
"107, Lilas",,L'Île-Perrot,,,316.1,2014,116000,356600,472600,2025,Logement,MAMH — Données Québec (rôle d'évaluation foncière),https://donneesouvertes.affmunqc.net/role/RL71060_2026.xml,,,,
"109, Lilas",,L'Île-Perrot,,,316.1,2014,116000,383800,499800,2025,Logement,MAMH — Données Québec (rôle d'évaluation foncière),https://donneesouvertes.affmunqc.net/role/RL71060_2026.xml,,,,
"111, Lilas",,L'Île-Perrot,,,316.1,2014,116000,335000,451000,2025,Logement,MAMH — Données Québec (rôle d'évaluation foncière),https://donneesouvertes.affmunqc.net/role/RL71060_2026.xml,,,,
"113, Lilas",,L'Île-Perrot,,,378,2014,123000,364400,487400,2025,Logement,MAMH — Données Québec (rôle d'évaluation foncière),https://donneesouvertes.affmunqc.net/role/RL71060_2026.xml,,,,
"120, Lilas",,L'Île-Perrot,,,232.96,2017,106700,403100,509800,2025,Logement,MAMH — Données Québec (rôle d'évaluation foncière),https://donneesouvertes.affmunqc.net/role/RL71060_2026.xml,,,,
"122, Lilas",,L'Île-Perrot,,,162.52,2017,91000,384900,475900,2025,Logement,MAMH — Données Québec (rôle d'évaluation foncière),https://donneesouvertes.affmunqc.net/role/RL71060_2026.xml,,,,
"124, Lilas",,L'Île-Perrot,,,162.52,2017,91000,384900,475900,2025,Logement,MAMH — Données Québec (rôle d'évaluation foncière),https://donneesouvertes.affmunqc.net/role/RL71060_2026.xml,,,,
"126, Lilas",,L'Île-Perrot,,,162.52,2017,91000,395600,486600,2025,Logement,MAMH — Données Québec (rôle d'évaluation foncière),https://donneesouvertes.affmunqc.net/role/RL71060_2026.xml,,,,
"128, Lilas",,L'Île-Perrot,,,162.52,2017,91000,392400,483400,2025,Logement,MAMH — Données Québec (rôle d'évaluation foncière),https://donneesouvertes.affmunqc.net/role/RL71060_2026.xml,,,,
"130, Lilas",,L'Île-Perrot,,,162.52,2017,91000,406000,497000,2025,Logement,MAMH — Données Québec (rôle d'évaluation foncière),https://donneesouvertes.affmunqc.net/role/RL71060_2026.xml,,,,
"132, Lilas",,L'Île-Perrot,,,240.76,2017,107600,400200,507800,2025,Logement,MAMH — Données Québec (rôle d'évaluation foncière),https://donneesouvertes.affmunqc.net/role/RL71060_2026.xml,,,,
"117, Lilas",,L'Île-Perrot,,,373.5,2015,122500,368800,491300,2025,Logement,MAMH — Données Québec (rôle d'évaluation foncière),https://donneesouvertes.affmunqc.net/role/RL71060_2026.xml,,,,
"119, Lilas",,L'Île-Perrot,,,306.7,2015,115000,353500,468500,2025,Logement,MAMH — Données Québec (rôle d'évaluation foncière),https://donneesouvertes.affmunqc.net/role/RL71060_2026.xml,,,,
"121, Lilas",,L'Île-Perrot,,,306.7,2015,115000,350300,465300,2025,Logement,MAMH — Données Québec (rôle d'évaluation foncière),https://donneesouvertes.affmunqc.net/role/RL71060_2026.xml,,,,
"123, Lilas",,L'Île-Perrot,,,306.7,2015,115000,345200,460200,2025,Logement,MAMH — Données Québec (rôle d'évaluation foncière),https://donneesouvertes.affmunqc.net/role/RL71060_2026.xml,,,,
"125, Lilas",,L'Île-Perrot,,,306.7,2015,115000,340400,455400,2025,Logement,MAMH — Données Québec (rôle d'évaluation foncière),https://donneesouvertes.affmunqc.net/role/RL71060_2026.xml,,,,
"127, Lilas",,L'Île-Perrot,,,378.8,2015,123100,364000,487100,2025,Logement,MAMH — Données Québec (rôle d'évaluation foncière),https://donneesouvertes.affmunqc.net/role/RL71060_2026.xml,,,,
"200, Pins",,L'Île-Perrot,,,359.2,1993,125000,225500,350500,2025,Logement,MAMH — Données Québec (rôle d'évaluation foncière),https://donneesouvertes.affmunqc.net/role/RL71060_2026.xml,,,,
"57, Rosiers",,L'Île-Perrot,,,644.1,1990,200800,356600,557400,2025,Logement,MAMH — Données Québec (rôle d'évaluation foncière),https://donneesouvertes.affmunqc.net/role/RL71060_2026.xml,,,,
"53, Rosiers",,L'Île-Perrot,,,605.9,1990,195600,368600,564200,2025,Logement,MAMH — Données Québec (rôle d'évaluation foncière),https://donneesouvertes.affmunqc.net/role/RL71060_2026.xml,,,,
"184, Pins",,L'Île-Perrot,,,482.7,1993,142300,306700,449000,2025,Logement,MAMH — Données Québec (rôle d'évaluation foncière),https://donneesouvertes.affmunqc.net/role/RL71060_2026.xml,,,,
"182, Pins",,L'Île-Perrot,,,418.1,1992,134800,359500,494300,2025,Logement,MAMH — Données Québec (rôle d'évaluation foncière),https://donneesouvertes.affmunqc.net/role/RL71060_2026.xml,,,,
"180, Pins",,L'Île-Perrot,,,620.9,1990,197300,360700,558000,2025,Logement,MAMH — Données Québec (rôle d'évaluation foncière),https://donneesouvertes.affmunqc.net/role/RL71060_2026.xml,,,,
"186, Pins",,L'Île-Perrot,,,418.1,1993,134800,311900,446700,2025,Logement,MAMH — Données Québec (rôle d'évaluation foncière),https://donneesouvertes.affmunqc.net/role/RL71060_2026.xml,,,,
"176, Pins",,L'Île-Perrot,,,557.5,1991,192000,301600,493600,2025,Logement,MAMH — Données Québec (rôle d'évaluation foncière),https://donneesouvertes.affmunqc.net/role/RL71060_2026.xml,,,,
"188, Pins",,L'Île-Perrot,,,418.1,1993,134800,266600,401400,2025,Logement,MAMH — Données Québec (rôle d'évaluation foncière),https://donneesouvertes.affmunqc.net/role/RL71060_2026.xml,,,,
"192, Pins",,L'Île-Perrot,,,628.1,1990,173500,374500,548000,2025,Logement,MAMH — Données Québec (rôle d'évaluation foncière),https://donneesouvertes.affmunqc.net/role/RL71060_2026.xml,,,,
"196, Pins",,L'Île-Perrot,,,611.3,1991,171600,381100,552700,2025,Logement,MAMH — Données Québec (rôle d'évaluation foncière),https://donneesouvertes.affmunqc.net/role/RL71060_2026.xml,,,,
"169, Pins",,L'Île-Perrot,,,823.7,1991,234700,418900,653600,2025,Logement,MAMH — Données Québec (rôle d'évaluation foncière),https://donneesouvertes.affmunqc.net/role/RL71060_2026.xml,,,,
"165, Pins",,L'Île-Perrot,,,595.3,1993,196400,317400,513800,2025,Logement,MAMH — Données Québec (rôle d'évaluation foncière),https://donneesouvertes.affmunqc.net/role/RL71060_2026.xml,,,,
"161, Pins",,L'Île-Perrot,,,593.4,1993,196100,325400,521500,2025,Logement,MAMH — Données Québec (rôle d'évaluation foncière),https://donneesouvertes.affmunqc.net/role/RL71060_2026.xml,,,,
"69, Montpellier",,L'Île-Perrot,,,410.1,1989,142700,317300,460000,2025,Logement,MAMH — Données Québec (rôle d'évaluation foncière),https://donneesouvertes.affmunqc.net/role/RL71060_2026.xml,,,,
"4, Raimbeau",,L'Île-Perrot,,,354.6,1990,123400,308200,431600,2025,Logement,MAMH — Données Québec (rôle d'évaluation foncière),https://donneesouvertes.affmunqc.net/role/RL71060_2026.xml,,,,
"8, Raimbeau",,L'Île-Perrot,,,365,1992,127000,275300,402300,2025,Logement,MAMH — Données Québec (rôle d'évaluation foncière),https://donneesouvertes.affmunqc.net/role/RL71060_2026.xml,,,,
"67, Montpellier",,L'Île-Perrot,,,325.2,1989,113200,325300,438500,2025,Logement,MAMH — Données Québec (rôle d'évaluation foncière),https://donneesouvertes.affmunqc.net/role/RL71060_2026.xml,,,,
"10, Raimbeau",,L'Île-Perrot,,,373.5,1992,129600,311000,440600,2025,Logement,MAMH — Données Québec (rôle d'évaluation foncière),https://donneesouvertes.affmunqc.net/role/RL71060_2026.xml,,,,
"63, Montpellier",,L'Île-Perrot,,,325.2,1989,113200,412700,525900,2025,Logement,MAMH — Données Québec (rôle d'évaluation foncière),https://donneesouvertes.affmunqc.net/role/RL71060_2026.xml,,,,
1 578 096,,L'Île-Perrot,,,2340.7,,100,,100,2025,Immeuble commercial,MAMH — Données Québec (rôle d'évaluation foncière),https://donneesouvertes.affmunqc.net/role/RL71060_2026.xml,,,,
"14, Raimbeau",,L'Île-Perrot,,,380.1,1992,130400,317000,447400,2025,Logement,MAMH — Données Québec (rôle d'évaluation foncière),https://donneesouvertes.affmunqc.net/role/RL71060_2026.xml,,,,
"61, Montpellier",,L'Île-Perrot,,,325.2,1990,113200,381200,494400,2025,Logement,MAMH — Données Québec (rôle d'évaluation foncière),https://donneesouvertes.affmunqc.net/role/RL71060_2026.xml,,,,
"16, Raimbeau",,L'Île-Perrot,,,384.9,1991,131000,269000,400000,2025,Logement,MAMH — Données Québec (rôle d'évaluation foncière),https://donneesouvertes.affmunqc.net/role/RL71060_2026.xml,,,,
"57, Montpellier",,L'Île-Perrot,,,337.6,1990,117500,297800,415300,2025,Logement,MAMH — Données Québec (rôle d'évaluation foncière),https://donneesouvertes.affmunqc.net/role/RL71060_2026.xml,,,,
"20, Raimbeau",,L'Île-Perrot,,,387.9,1990,131300,280600,411900,2025,Logement,MAMH — Données Québec (rôle d'évaluation foncière),https://donneesouvertes.affmunqc.net/role/RL71060_2026.xml,,,,
"55, Montpellier",,L'Île-Perrot,,,496.7,1990,143900,343300,487200,2025,Logement,MAMH — Données Québec (rôle d'évaluation foncière),https://donneesouvertes.affmunqc.net/role/RL71060_2026.xml,,,,
"22, Raimbeau",,L'Île-Perrot,,,389,1990,131400,263600,395000,2025,Logement,MAMH — Données Québec (rôle d'évaluation foncière),https://donneesouvertes.affmunqc.net/role/RL71060_2026.xml,,,,
"26, Raimbeau",,L'Île-Perrot,,,388.3,1991,131300,310700,442000,2025,Logement,MAMH — Données Québec (rôle d'évaluation foncière),https://donneesouvertes.affmunqc.net/role/RL71060_2026.xml,,,,
"51, Montpellier",,L'Île-Perrot,,,800.4,1990,155800,327800,483600,2025,Logement,MAMH — Données Québec (rôle d'évaluation foncière),https://donneesouvertes.affmunqc.net/role/RL71060_2026.xml,,,,
"28, Raimbeau",,L'Île-Perrot,,,418.5,1991,134900,284600,419500,2025,Logement,MAMH — Données Québec (rôle d'évaluation foncière),https://donneesouvertes.affmunqc.net/role/RL71060_2026.xml,,,,
"49, Montpellier",,L'Île-Perrot,,,734.9,1990,154400,42500,196900,2025,Terrain vacant,MAMH — Données Québec (rôle d'évaluation foncière),https://donneesouvertes.affmunqc.net/role/RL71060_2026.xml,,,,
"45, Montpellier",,L'Île-Perrot,,,464.6,1990,140200,301800,442000,2025,Logement,MAMH — Données Québec (rôle d'évaluation foncière),https://donneesouvertes.affmunqc.net/role/RL71060_2026.xml,,,,
"204, Pins",,L'Île-Perrot,,,381.9,1993,131100,255400,386500,2025,Logement,MAMH — Données Québec (rôle d'évaluation foncière),https://donneesouvertes.affmunqc.net/role/RL71060_2026.xml,,,,
"159, Provence",,L'Île-Perrot,,,642.5,1989,213700,364600,578300,2025,Logement,MAMH — Données Québec (rôle d'évaluation foncière),https://donneesouvertes.affmunqc.net/role/RL71060_2026.xml,,,,
"155, Provence",,L'Île-Perrot,,,557.5,1989,192000,300700,492700,2025,Logement,MAMH — Données Québec (rôle d'évaluation foncière),https://donneesouvertes.affmunqc.net/role/RL71060_2026.xml,,,,
"151, Provence",,L'Île-Perrot,,,557.5,1999,192000,310300,502300,2025,Logement,MAMH — Données Québec (rôle d'évaluation foncière),https://donneesouvertes.affmunqc.net/role/RL71060_2026.xml,,,,
"147, Provence",,L'Île-Perrot,,,557.5,1992,192000,271100,463100,2025,Logement,MAMH — Données Québec (rôle d'évaluation foncière),https://donneesouvertes.affmunqc.net/role/RL71060_2026.xml,,,,
"34, Montpellier",,L'Île-Perrot,,,642.5,2003,213700,426500,640200,2025,Logement,MAMH — Données Québec (rôle d'évaluation foncière),https://donneesouvertes.affmunqc.net/role/RL71060_2026.xml,,,,
"30, Montpellier",,L'Île-Perrot,,,557.5,1989,192000,331500,523500,2025,Logement,MAMH — Données Québec (rôle d'évaluation foncière),https://donneesouvertes.affmunqc.net/role/RL71060_2026.xml,,,,
"26, Montpellier",,L'Île-Perrot,,,557.5,1993,192000,333600,525600,2025,Logement,MAMH — Données Québec (rôle d'évaluation foncière),https://donneesouvertes.affmunqc.net/role/RL71060_2026.xml,,,,
"22, Montpellier",,L'Île-Perrot,,,557.5,1990,191900,337300,529200,2025,Logement,MAMH — Données Québec (rôle d'évaluation foncière),https://donneesouvertes.affmunqc.net/role/RL71060_2026.xml,,,,
"18, Montpellier",,L'Île-Perrot,,,557.5,1992,192000,301700,493700,2025,Logement,MAMH — Données Québec (rôle d'évaluation foncière),https://donneesouvertes.affmunqc.net/role/RL71060_2026.xml,,,,
"43, Montpellier",,L'Île-Perrot,,,354.9,1990,123500,363400,486900,2025,Logement,MAMH — Données Québec (rôle d'évaluation foncière),https://donneesouvertes.affmunqc.net/role/RL71060_2026.xml,,,,
"140, Provence",,L'Île-Perrot,,,521.6,1991,161200,269800,431000,2025,Logement,MAMH — Données Québec (rôle d'évaluation foncière),https://donneesouvertes.affmunqc.net/role/RL71060_2026.xml,,,,
"138, Provence",,L'Île-Perrot,,,383.4,1991,133400,311900,445300,2025,Logement,MAMH — Données Québec (rôle d'évaluation foncière),https://donneesouvertes.affmunqc.net/role/RL71060_2026.xml,,,,
"134, Provence",,L'Île-Perrot,,,384.3,1991,133700,354600,488300,2025,Logement,MAMH — Données Québec (rôle d'évaluation foncière),https://donneesouvertes.affmunqc.net/role/RL71060_2026.xml,,,,
"132, Provence",,L'Île-Perrot,,,385.2,1991,134100,294800,428900,2025,Logement,MAMH — Données Québec (rôle d'évaluation foncière),https://donneesouvertes.affmunqc.net/role/RL71060_2026.xml,,,,
"128, Provence",,L'Île-Perrot,,,386.1,1991,134400,294800,429200,2025,Logement,MAMH — Données Québec (rôle d'évaluation foncière),https://donneesouvertes.affmunqc.net/role/RL71060_2026.xml,,,,
"126, Provence",,L'Île-Perrot,,,386.9,1991,134600,301700,436300,2025,Logement,MAMH — Données Québec (rôle d'évaluation foncière),https://donneesouvertes.affmunqc.net/role/RL71060_2026.xml,,,,
"143, Provence",,L'Île-Perrot,,,557.5,1999,192000,335700,527700,2025,Logement,MAMH — Données Québec (rôle d'évaluation foncière),https://donneesouvertes.affmunqc.net/role/RL71060_2026.xml,,,,
"139, Provence",,L'Île-Perrot,,,557.5,1991,192000,298300,490300,2025,Logement,MAMH — Données Québec (rôle d'évaluation foncière),https://donneesouvertes.affmunqc.net/role/RL71060_2026.xml,,,,
"135, Provence",,L'Île-Perrot,,,557.5,1990,192000,279500,471500,2025,Logement,MAMH — Données Québec (rôle d'évaluation foncière),https://donneesouvertes.affmunqc.net/role/RL71060_2026.xml,,,,
"131, Provence",,L'Île-Perrot,,,557.5,1990,192000,302400,494400,2025,Logement,MAMH — Données Québec (rôle d'évaluation foncière),https://donneesouvertes.affmunqc.net/role/RL71060_2026.xml,,,,
"127, Provence",,L'Île-Perrot,,,765,1991,227900,275700,503600,2025,Logement,MAMH — Données Québec (rôle d'évaluation foncière),https://donneesouvertes.affmunqc.net/role/RL71060_2026.xml,,,,
"14, Montpellier",,L'Île-Perrot,,,557.5,1992,192000,274600,466600,2025,Logement,MAMH — Données Québec (rôle d'évaluation foncière),https://donneesouvertes.affmunqc.net/role/RL71060_2026.xml,,,,
"10, Montpellier",,L'Île-Perrot,,,557.5,1999,192000,331600,523600,2025,Logement,MAMH — Données Québec (rôle d'évaluation foncière),https://donneesouvertes.affmunqc.net/role/RL71060_2026.xml,,,,
"6, Montpellier",,L'Île-Perrot,,,557.5,1990,192000,356900,548900,2025,Logement,MAMH — Données Québec (rôle d'évaluation foncière),https://donneesouvertes.affmunqc.net/role/RL71060_2026.xml,,,,
"274, 7e Rue",,L'Île-Perrot,,,1057.9,2008,279100,550400,829500,2025,Logement,MAMH — Données Québec (rôle d'évaluation foncière),https://donneesouvertes.affmunqc.net/role/RL71060_2026.xml,,,,
"278, 7e Rue",,L'Île-Perrot,,,845.9,2008,252200,393700,645900,2025,Logement,MAMH — Données Québec (rôle d'évaluation foncière),https://donneesouvertes.affmunqc.net/role/RL71060_2026.xml,,,,
"282, 7e Rue",,L'Île-Perrot,,,598.9,2011,228200,490500,718700,2025,Logement,MAMH — Données Québec (rôle d'évaluation foncière),https://donneesouvertes.affmunqc.net/role/RL71060_2026.xml,,,,
"286, 7e Rue",,L'Île-Perrot,,,786.1,2009,252200,657400,909600,2025,Logement,MAMH — Données Québec (rôle d'évaluation foncière),https://donneesouvertes.affmunqc.net/role/RL71060_2026.xml,,,,
"500, 22e Avenue",,L'Île-Perrot,,,142.74,1992,60000,236100,296100,2025,Logement,MAMH — Données Québec (rôle d'évaluation foncière),https://donneesouvertes.affmunqc.net/role/RL71060_2026.xml,,,,
"270, Montagne",,L'Île-Perrot,,,502.3,2011,190300,393700,584000,2025,Logement,MAMH — Données Québec (rôle d'évaluation foncière),https://donneesouvertes.affmunqc.net/role/RL71060_2026.xml,,,,
"274, Montagne",,L'Île-Perrot,,,520.5,2011,192100,404900,597000,2025,Logement,MAMH — Données Québec (rôle d'évaluation foncière),https://donneesouvertes.affmunqc.net/role/RL71060_2026.xml,,,,
"278, Montagne",,L'Île-Perrot,,,499.1,2010,190000,371300,561300,2025,Logement,MAMH — Données Québec (rôle d'évaluation foncière),https://donneesouvertes.affmunqc.net/role/RL71060_2026.xml,,,,
"290, 7e Rue",,L'Île-Perrot,,,728.4,2008,244900,522500,767400,2025,Logement,MAMH — Données Québec (rôle d'évaluation foncière),https://donneesouvertes.affmunqc.net/role/RL71060_2026.xml,,,,
"282, Montagne",,L'Île-Perrot,,,494.2,2010,189600,395800,585400,2025,Logement,MAMH — Données Québec (rôle d'évaluation foncière),https://donneesouvertes.affmunqc.net/role/RL71060_2026.xml,,,,
"299, Parc",,L'Île-Perrot,,,803.4,2007,252400,480200,732600,2025,Logement,MAMH — Données Québec (rôle d'évaluation foncière),https://donneesouvertes.affmunqc.net/role/RL71060_2026.xml,,,,
"269, 7e Rue",,L'Île-Perrot,,,733.5,2008,237900,519700,757600,2025,Logement,MAMH — Données Québec (rôle d'évaluation foncière),https://donneesouvertes.affmunqc.net/role/RL71060_2026.xml,,,,
"295, Parc",,L'Île-Perrot,,,793.6,2007,264200,382000,646200,2025,Logement,MAMH — Données Québec (rôle d'évaluation foncière),https://donneesouvertes.affmunqc.net/role/RL71060_2026.xml,,,,
"273, 7e Rue",,L'Île-Perrot,,,767.9,2008,245900,501200,747100,2025,Logement,MAMH — Données Québec (rôle d'évaluation foncière),https://donneesouvertes.affmunqc.net/role/RL71060_2026.xml,,,,
"277, 7e Rue",,L'Île-Perrot,,,781.7,2008,248400,704200,952600,2025,Logement,MAMH — Données Québec (rôle d'évaluation foncière),https://donneesouvertes.affmunqc.net/role/RL71060_2026.xml,,,,
"281, 7e Rue",,L'Île-Perrot,,,790.1,2007,249100,547100,796200,2025,Logement,MAMH — Données Québec (rôle d'évaluation foncière),https://donneesouvertes.affmunqc.net/role/RL71060_2026.xml,,,,
"285, 7e Rue",,L'Île-Perrot,,,780.6,2007,247700,423700,671400,2025,Logement,MAMH — Données Québec (rôle d'évaluation foncière),https://donneesouvertes.affmunqc.net/role/RL71060_2026.xml,,,,
"289, 7e Rue",,L'Île-Perrot,,,780,2007,247700,523900,771600,2025,Logement,MAMH — Données Québec (rôle d'évaluation foncière),https://donneesouvertes.affmunqc.net/role/RL71060_2026.xml,,,,
"280, Parc",,L'Île-Perrot,,,558.3,2005,221900,438400,660300,2025,Logement,MAMH — Données Québec (rôle d'évaluation foncière),https://donneesouvertes.affmunqc.net/role/RL71060_2026.xml,,,,
"291, Parc",,L'Île-Perrot,,,956.4,2007,289000,487600,776600,2025,Logement,MAMH — Données Québec (rôle d'évaluation foncière),https://donneesouvertes.affmunqc.net/role/RL71060_2026.xml,,,,
"287, Parc",,L'Île-Perrot,,,760.2,2006,249000,399600,648600,2025,Logement,MAMH — Données Québec (rôle d'évaluation foncière),https://donneesouvertes.affmunqc.net/role/RL71060_2026.xml,,,,
"283, Parc",,L'Île-Perrot,,,677.9,2007,238000,430800,668800,2025,Logement,MAMH — Données Québec (rôle d'évaluation foncière),https://donneesouvertes.affmunqc.net/role/RL71060_2026.xml,,,,
"279, Parc",,L'Île-Perrot,,,615,2005,229500,546600,776100,2025,Logement,MAMH — Données Québec (rôle d'évaluation foncière),https://donneesouvertes.affmunqc.net/role/RL71060_2026.xml,,,,
"275, Parc",,L'Île-Perrot,,,666,2005,250000,381200,631200,2025,Logement,MAMH — Données Québec (rôle d'évaluation foncière),https://donneesouvertes.affmunqc.net/role/RL71060_2026.xml,,,,
"135, Ancolies",,L'Île-Perrot,,,924.7,2005,255000,742400,997400,2025,Logement,MAMH — Données Québec (rôle d'évaluation foncière),https://donneesouvertes.affmunqc.net/role/RL71060_2026.xml,,,,
"131, Ancolies",,L'Île-Perrot,,,940.7,2003,256900,672500,929400,2025,Logement,MAMH — Données Québec (rôle d'évaluation foncière),https://donneesouvertes.affmunqc.net/role/RL71060_2026.xml,,,,
"94, Trefles",,L'Île-Perrot,,,264.8,2024,132700,474000,606700,2025,Logement,MAMH — Données Québec (rôle d'évaluation foncière),https://donneesouvertes.affmunqc.net/role/RL71060_2026.xml,,,,
"92, Trefles",,L'Île-Perrot,,,264.8,,132700,,132700,2025,Terrain vacant,MAMH — Données Québec (rôle d'évaluation foncière),https://donneesouvertes.affmunqc.net/role/RL71060_2026.xml,,,,
"90, Trefles",,L'Île-Perrot,,,181.1,,90700,,90700,2025,Terrain vacant,MAMH — Données Québec (rôle d'évaluation foncière),https://donneesouvertes.affmunqc.net/role/RL71060_2026.xml,,,,
"88, Trefles",,L'Île-Perrot,,,181.1,,90700,,90700,2025,Terrain vacant,MAMH — Données Québec (rôle d'évaluation foncière),https://donneesouvertes.affmunqc.net/role/RL71060_2026.xml,,,,
"276, Parc",,L'Île-Perrot,,,558.3,2005,221900,343900,565800,2025,Logement,MAMH — Données Québec (rôle d'évaluation foncière),https://donneesouvertes.affmunqc.net/role/RL71060_2026.xml,,,,
"86, Trefles",,L'Île-Perrot,,,264.8,,132700,,132700,2025,Terrain vacant,MAMH — Données Québec (rôle d'évaluation foncière),https://donneesouvertes.affmunqc.net/role/RL71060_2026.xml,,,,
"272, Parc",,L'Île-Perrot,,,558.3,2005,221900,404700,626600,2025,Logement,MAMH — Données Québec (rôle d'évaluation foncière),https://donneesouvertes.affmunqc.net/role/RL71060_2026.xml,,,,
"268, Parc",,L'Île-Perrot,,,558.3,2005,221900,436700,658600,2025,Logement,MAMH — Données Québec (rôle d'évaluation foncière),https://donneesouvertes.affmunqc.net/role/RL71060_2026.xml,,,,
"264, Parc",,L'Île-Perrot,,,558.3,2005,221900,388400,610300,2025,Logement,MAMH — Données Québec (rôle d'évaluation foncière),https://donneesouvertes.affmunqc.net/role/RL71060_2026.xml,,,,
"260, Parc",,L'Île-Perrot,,,558.3,2005,221900,390700,612600,2025,Logement,MAMH — Données Québec (rôle d'évaluation foncière),https://donneesouvertes.affmunqc.net/role/RL71060_2026.xml,,,,
"256, Parc",,L'Île-Perrot,,,558.3,2005,221900,419300,641200,2025,Logement,MAMH — Données Québec (rôle d'évaluation foncière),https://donneesouvertes.affmunqc.net/role/RL71060_2026.xml,,,,
"120, Ancolies",,L'Île-Perrot,,,832.8,2006,243900,675100,919000,2025,Logement,MAMH — Données Québec (rôle d'évaluation foncière),https://donneesouvertes.affmunqc.net/role/RL71060_2026.xml,,,,
"87, Fougeres",,L'Île-Perrot,,,884.4,2005,250100,606000,856100,2025,Logement,MAMH — Données Québec (rôle d'évaluation foncière),https://donneesouvertes.affmunqc.net/role/RL71060_2026.xml,,,,
"116, Ancolies",,L'Île-Perrot,,,825.8,2007,243100,510600,753700,2025,Logement,MAMH — Données Québec (rôle d'évaluation foncière),https://donneesouvertes.affmunqc.net/role/RL71060_2026.xml,,,,
"45, Trefles",,L'Île-Perrot,,,456.2,2024,176400,530200,706600,2025,Logement,MAMH — Données Québec (rôle d'évaluation foncière),https://donneesouvertes.affmunqc.net/role/RL71060_2026.xml,,,,
"60, Trefles",,L'Île-Perrot,,,264.8,,132700,,132700,2025,Terrain vacant,MAMH — Données Québec (rôle d'évaluation foncière),https://donneesouvertes.affmunqc.net/role/RL71060_2026.xml,,,,
"84, Trefles",,L'Île-Perrot,,,264.8,,132700,,132700,2025,Terrain vacant,MAMH — Données Québec (rôle d'évaluation foncière),https://donneesouvertes.affmunqc.net/role/RL71060_2026.xml,,,,
"62, Trefles",,L'Île-Perrot,,,264.8,,132700,,132700,2025,Terrain vacant,MAMH — Données Québec (rôle d'évaluation foncière),https://donneesouvertes.affmunqc.net/role/RL71060_2026.xml,,,,
"82, Trefles",,L'Île-Perrot,,,181.1,2024,90700,470900,561600,2025,Logement,MAMH — Données Québec (rôle d'évaluation foncière),https://donneesouvertes.affmunqc.net/role/RL71060_2026.xml,,,,
"80, Trefles",,L'Île-Perrot,,,181.1,2024,90700,471000,561700,2025,Logement,MAMH — Données Québec (rôle d'évaluation foncière),https://donneesouvertes.affmunqc.net/role/RL71060_2026.xml,,,,
"64, Trefles",,L'Île-Perrot,,,181.1,,90700,,90700,2025,Terrain vacant,MAMH — Données Québec (rôle d'évaluation foncière),https://donneesouvertes.affmunqc.net/role/RL71060_2026.xml,,,,
"78, Trefles",,L'Île-Perrot,,,264.8,2024,132700,487700,620400,2025,Logement,MAMH — Données Québec (rôle d'évaluation foncière),https://donneesouvertes.affmunqc.net/role/RL71060_2026.xml,,,,
"66, Trefles",,L'Île-Perrot,,,181.2,,90800,,90800,2025,Terrain vacant,MAMH — Données Québec (rôle d'évaluation foncière),https://donneesouvertes.affmunqc.net/role/RL71060_2026.xml,,,,
"76, Trefles",,L'Île-Perrot,,,264.8,,132700,,132700,2025,Terrain vacant,MAMH — Données Québec (rôle d'évaluation foncière),https://donneesouvertes.affmunqc.net/role/RL71060_2026.xml,,,,
"74, Trefles",,L'Île-Perrot,,,181.1,,90700,,90700,2025,Terrain vacant,MAMH — Données Québec (rôle d'évaluation foncière),https://donneesouvertes.affmunqc.net/role/RL71060_2026.xml,,,,
"72, Trefles",,L'Île-Perrot,,,184.4,,92400,,92400,2025,Terrain vacant,MAMH — Données Québec (rôle d'évaluation foncière),https://donneesouvertes.affmunqc.net/role/RL71060_2026.xml,,,,
"68, Trefles",,L'Île-Perrot,,,463.8,,177700,,177700,2025,Terrain vacant,MAMH — Données Québec (rôle d'évaluation foncière),https://donneesouvertes.affmunqc.net/role/RL71060_2026.xml,,,,
"70, Trefles",,L'Île-Perrot,,,425.1,,171200,,171200,2025,Terrain vacant,MAMH — Données Québec (rôle d'évaluation foncière),https://donneesouvertes.affmunqc.net/role/RL71060_2026.xml,,,,
"252, Parc",,L'Île-Perrot,,,558.3,2005,221900,438200,660100,2025,Logement,MAMH — Données Québec (rôle d'évaluation foncière),https://donneesouvertes.affmunqc.net/role/RL71060_2026.xml,,,,
"248, Parc",,L'Île-Perrot,,,558.3,2005,221900,358800,580700,2025,Logement,MAMH — Données Québec (rôle d'évaluation foncière),https://donneesouvertes.affmunqc.net/role/RL71060_2026.xml,,,,
"244, Parc",,L'Île-Perrot,,,558.3,2005,221900,425100,647000,2025,Logement,MAMH — Données Québec (rôle d'évaluation foncière),https://donneesouvertes.affmunqc.net/role/RL71060_2026.xml,,,,
"240, Parc",,L'Île-Perrot,,,667.2,2005,250200,498400,748600,2025,Logement,MAMH — Données Québec (rôle d'évaluation foncière),https://donneesouvertes.affmunqc.net/role/RL71060_2026.xml,,,,
"56, Trefles",,L'Île-Perrot,,,181.5,,90900,,90900,2025,Terrain vacant,MAMH — Données Québec (rôle d'évaluation foncière),https://donneesouvertes.affmunqc.net/role/RL71060_2026.xml,,,,
"58, Trefles",,L'Île-Perrot,,,181.1,,90700,,90700,2025,Terrain vacant,MAMH — Données Québec (rôle d'évaluation foncière),https://donneesouvertes.affmunqc.net/role/RL71060_2026.xml,,,,
"278, Boise",,L'Île-Perrot,,,503.8,1996,157900,335800,493700,2025,Logement,MAMH — Données Québec (rôle d'évaluation foncière),https://donneesouvertes.affmunqc.net/role/RL71060_2026.xml,,,,
"276, Boise",,L'Île-Perrot,,,513.4,1996,159100,337300,496400,2025,Logement,MAMH — Données Québec (rôle d'évaluation foncière),https://donneesouvertes.affmunqc.net/role/RL71060_2026.xml,,,,
"298, Montagne",,L'Île-Perrot,,,555.8,2010,195600,383100,578700,2025,Logement,MAMH — Données Québec (rôle d'évaluation foncière),https://donneesouvertes.affmunqc.net/role/RL71060_2026.xml,,,,
"302, Montagne",,L'Île-Perrot,,,595.8,2010,199500,408300,607800,2025,Logement,MAMH — Données Québec (rôle d'évaluation foncière),https://donneesouvertes.affmunqc.net/role/RL71060_2026.xml,,,,
"306, Montagne",,L'Île-Perrot,,,622.5,2010,181900,311500,493400,2025,Logement,MAMH — Données Québec (rôle d'évaluation foncière),https://donneesouvertes.affmunqc.net/role/RL71060_2026.xml,,,,
"310, Montagne",,L'Île-Perrot,,,487.2,2010,188900,430800,619700,2025,Logement,MAMH — Données Québec (rôle d'évaluation foncière),https://donneesouvertes.affmunqc.net/role/RL71060_2026.xml,,,,
"314, Montagne",,L'Île-Perrot,,,558.9,2010,195900,407700,603600,2025,Logement,MAMH — Données Québec (rôle d'évaluation foncière),https://donneesouvertes.affmunqc.net/role/RL71060_2026.xml,,,,
"318, Montagne",,L'Île-Perrot,,,639.9,2010,203800,420800,624600,2025,Logement,MAMH — Données Québec (rôle d'évaluation foncière),https://donneesouvertes.affmunqc.net/role/RL71060_2026.xml,,,,
"286, Montagne",,L'Île-Perrot,,,489.6,2010,189100,356000,545100,2025,Logement,MAMH — Données Québec (rôle d'évaluation foncière),https://donneesouvertes.affmunqc.net/role/RL71060_2026.xml,,,,
"281, Montagne",,L'Île-Perrot,,,538.1,2010,193900,376300,570200,2025,Logement,MAMH — Données Québec (rôle d'évaluation foncière),https://donneesouvertes.affmunqc.net/role/RL71060_2026.xml,,,,
"290, Montagne",,L'Île-Perrot,,,497,2010,189800,369000,558800,2025,Logement,MAMH — Données Québec (rôle d'évaluation foncière),https://donneesouvertes.affmunqc.net/role/RL71060_2026.xml,,,,
"285, Montagne",,L'Île-Perrot,,,429.1,2010,183200,384200,567400,2025,Logement,MAMH — Données Québec (rôle d'évaluation foncière),https://donneesouvertes.affmunqc.net/role/RL71060_2026.xml,,,,
"294, Montagne",,L'Île-Perrot,,,527.3,2010,192800,374400,567200,2025,Logement,MAMH — Données Québec (rôle d'évaluation foncière),https://donneesouvertes.affmunqc.net/role/RL71060_2026.xml,,,,
"289, Montagne",,L'Île-Perrot,,,409.1,2009,181200,381900,563100,2025,Logement,MAMH — Données Québec (rôle d'évaluation foncière),https://donneesouvertes.affmunqc.net/role/RL71060_2026.xml,,,,
"293, Montagne",,L'Île-Perrot,,,526.9,2009,192800,410100,602900,2025,Logement,MAMH — Données Québec (rôle d'évaluation foncière),https://donneesouvertes.affmunqc.net/role/RL71060_2026.xml,,,,
"289, 8e Rue",,L'Île-Perrot,,,495.7,2009,189700,365300,555000,2025,Logement,MAMH — Données Québec (rôle d'évaluation foncière),https://donneesouvertes.affmunqc.net/role/RL71060_2026.xml,,,,
"293, 8e Rue",,L'Île-Perrot,,,471.9,2009,187400,369100,556500,2025,Logement,MAMH — Données Québec (rôle d'évaluation foncière),https://donneesouvertes.affmunqc.net/role/RL71060_2026.xml,,,,
8e Rue,,L'Île-Perrot,,,1028.8,,100,,100,2025,Immeuble commercial,MAMH — Données Québec (rôle d'évaluation foncière),https://donneesouvertes.affmunqc.net/role/RL71060_2026.xml,,,,
"297, 8e Rue",,L'Île-Perrot,,,410.6,2009,181400,387600,569000,2025,Logement,MAMH — Données Québec (rôle d'évaluation foncière),https://donneesouvertes.affmunqc.net/role/RL71060_2026.xml,,,,
"305, Montagne",,L'Île-Perrot,,,496.5,2009,189800,425000,614800,2025,Logement,MAMH — Données Québec (rôle d'évaluation foncière),https://donneesouvertes.affmunqc.net/role/RL71060_2026.xml,,,,
"309, Montagne",,L'Île-Perrot,,,392.4,2009,179600,370100,549700,2025,Logement,MAMH — Données Québec (rôle d'évaluation foncière),https://donneesouvertes.affmunqc.net/role/RL71060_2026.xml,,,,
"301, 8e Rue",,L'Île-Perrot,,,393.5,2009,179700,365400,545100,2025,Logement,MAMH — Données Québec (rôle d'évaluation foncière),https://donneesouvertes.affmunqc.net/role/RL71060_2026.xml,,,,
"313, Montagne",,L'Île-Perrot,,,391.6,2009,179500,389500,569000,2025,Logement,MAMH — Données Québec (rôle d'évaluation foncière),https://donneesouvertes.affmunqc.net/role/RL71060_2026.xml,,,,
"294, 7e Rue",,L'Île-Perrot,,,618.9,2011,227200,484100,711300,2025,Logement,MAMH — Données Québec (rôle d'évaluation foncière),https://donneesouvertes.affmunqc.net/role/RL71060_2026.xml,,,,
"293, 7e Rue",,L'Île-Perrot,,,780,2008,247700,422100,669800,2025,Logement,MAMH — Données Québec (rôle d'évaluation foncière),https://donneesouvertes.affmunqc.net/role/RL71060_2026.xml,,,,
"298, 7e Rue",,L'Île-Perrot,,,647,2009,230800,390400,621200,2025,Logement,MAMH — Données Québec (rôle d'évaluation foncière),https://donneesouvertes.affmunqc.net/role/RL71060_2026.xml,,,,
"297, 7e Rue",,L'Île-Perrot,,,780,2008,247700,653400,901100,2025,Logement,MAMH — Données Québec (rôle d'évaluation foncière),https://donneesouvertes.affmunqc.net/role/RL71060_2026.xml,,,,
"302, 7e Rue",,L'Île-Perrot,,,675.1,2009,234300,537800,772100,2025,Logement,MAMH — Données Québec (rôle d'évaluation foncière),https://donneesouvertes.affmunqc.net/role/RL71060_2026.xml,,,,
"301, 7e Rue",,L'Île-Perrot,,,780,2008,247700,671400,919100,2025,Logement,MAMH — Données Québec (rôle d'évaluation foncière),https://donneesouvertes.affmunqc.net/role/RL71060_2026.xml,,,,
"306, 7e Rue",,L'Île-Perrot,,,703.3,2009,237900,615300,853200,2025,Logement,MAMH — Données Québec (rôle d'évaluation foncière),https://donneesouvertes.affmunqc.net/role/RL71060_2026.xml,,,,
"305, 7e Rue",,L'Île-Perrot,,,815,2008,253800,475700,729500,2025,Logement,MAMH — Données Québec (rôle d'évaluation foncière),https://donneesouvertes.affmunqc.net/role/RL71060_2026.xml,,,,
"310, 7e Rue",,L'Île-Perrot,,,790.5,2009,252800,693900,946700,2025,Logement,MAMH — Données Québec (rôle d'évaluation foncière),https://donneesouvertes.affmunqc.net/role/RL71060_2026.xml,,,,
"305, 8e Rue",,L'Île-Perrot,,,417.1,2009,182000,377000,559000,2025,Logement,MAMH — Données Québec (rôle d'évaluation foncière),https://donneesouvertes.affmunqc.net/role/RL71060_2026.xml,,,,
"309, 7e Rue",,L'Île-Perrot,,,1102.6,2008,284800,704000,988800,2025,Logement,MAMH — Données Québec (rôle d'évaluation foncière),https://donneesouvertes.affmunqc.net/role/RL71060_2026.xml,,,,
"127, Ancolies",,L'Île-Perrot,,,937.9,2002,256500,593200,849700,2025,Logement,MAMH — Données Québec (rôle d'évaluation foncière),https://donneesouvertes.affmunqc.net/role/RL71060_2026.xml,,,,
"123, Ancolies",,L'Île-Perrot,,,940.8,2003,256900,706200,963100,2025,Logement,MAMH — Données Québec (rôle d'évaluation foncière),https://donneesouvertes.affmunqc.net/role/RL71060_2026.xml,,,,
"119, Ancolies",,L'Île-Perrot,,,895,2004,251400,702900,954300,2025,Logement,MAMH — Données Québec (rôle d'évaluation foncière),https://donneesouvertes.affmunqc.net/role/RL71060_2026.xml,,,,
"115, Ancolies",,L'Île-Perrot,,,897.6,2003,251700,729500,981200,2025,Logement,MAMH — Données Québec (rôle d'évaluation foncière),https://donneesouvertes.affmunqc.net/role/RL71060_2026.xml,,,,
"112, Ancolies",,L'Île-Perrot,,,839.3,2004,244700,615000,859700,2025,Logement,MAMH — Données Québec (rôle d'évaluation foncière),https://donneesouvertes.affmunqc.net/role/RL71060_2026.xml,,,,
"83, Fougeres",,L'Île-Perrot,,,811.4,2005,241400,654900,896300,2025,Logement,MAMH — Données Québec (rôle d'évaluation foncière),https://donneesouvertes.affmunqc.net/role/RL71060_2026.xml,,,,
"72, Fougeres",,L'Île-Perrot,,,825.6,2006,243100,499800,742900,2025,Logement,MAMH — Données Québec (rôle d'évaluation foncière),https://donneesouvertes.affmunqc.net/role/RL71060_2026.xml,,,,
"108, Ancolies",,L'Île-Perrot,,,847.2,2009,245700,537500,783200,2025,Logement,MAMH — Données Québec (rôle d'évaluation foncière),https://donneesouvertes.affmunqc.net/role/RL71060_2026.xml,,,,
"79, Fougeres",,L'Île-Perrot,,,747,2005,233600,415200,648800,2025,Logement,MAMH — Données Québec (rôle d'évaluation foncière),https://donneesouvertes.affmunqc.net/role/RL71060_2026.xml,,,,
"68, Fougeres",,L'Île-Perrot,,,673.3,2005,224800,477700,702500,2025,Logement,MAMH — Données Québec (rôle d'évaluation foncière),https://donneesouvertes.affmunqc.net/role/RL71060_2026.xml,,,,
"64, Fougeres",,L'Île-Perrot,,,631.7,2005,219800,520600,740400,2025,Logement,MAMH — Données Québec (rôle d'évaluation foncière),https://donneesouvertes.affmunqc.net/role/RL71060_2026.xml,,,,
"104, Ancolies",,L'Île-Perrot,,,797.9,2008,239700,652900,892600,2025,Logement,MAMH — Données Québec (rôle d'évaluation foncière),https://donneesouvertes.affmunqc.net/role/RL71060_2026.xml,,,,
"75, Fougeres",,L'Île-Perrot,,,793.3,2005,239200,445700,684900,2025,Logement,MAMH — Données Québec (rôle d'évaluation foncière),https://donneesouvertes.affmunqc.net/role/RL71060_2026.xml,,,,
"71, Fougeres",,L'Île-Perrot,,,710.2,2006,229200,471800,701000,2025,Logement,MAMH — Données Québec (rôle d'évaluation foncière),https://donneesouvertes.affmunqc.net/role/RL71060_2026.xml,,,,
"100, Ancolies",,L'Île-Perrot,,,781,2006,237700,569000,806700,2025,Logement,MAMH — Données Québec (rôle d'évaluation foncière),https://donneesouvertes.affmunqc.net/role/RL71060_2026.xml,,,,
"67, Fougeres",,L'Île-Perrot,,,706.7,2005,228800,440900,669700,2025,Logement,MAMH — Données Québec (rôle d'évaluation foncière),https://donneesouvertes.affmunqc.net/role/RL71060_2026.xml,,,,
"96, Ancolies",,L'Île-Perrot,,,799.2,2009,239900,615600,855500,2025,Logement,MAMH — Données Québec (rôle d'évaluation foncière),https://donneesouvertes.affmunqc.net/role/RL71060_2026.xml,,,,
"63, Fougeres",,L'Île-Perrot,,,771.7,2006,236600,413600,650200,2025,Logement,MAMH — Données Québec (rôle d'évaluation foncière),https://donneesouvertes.affmunqc.net/role/RL71060_2026.xml,,,,
"236, Parc",,L'Île-Perrot,,,723.9,2005,257800,393000,650800,2025,Logement,MAMH — Données Québec (rôle d'évaluation foncière),https://donneesouvertes.affmunqc.net/role/RL71060_2026.xml,,,,
"247, Parc",,L'Île-Perrot,,,651.8,2005,248100,565400,813500,2025,Logement,MAMH — Données Québec (rôle d'évaluation foncière),https://donneesouvertes.affmunqc.net/role/RL71060_2026.xml,,,,
"243, Parc",,L'Île-Perrot,,,637.8,2005,234500,444300,678800,2025,Logement,MAMH — Données Québec (rôle d'évaluation foncière),https://donneesouvertes.affmunqc.net/role/RL71060_2026.xml,,,,
"239, Parc",,L'Île-Perrot,,,608.6,2005,230600,397500,628100,2025,Logement,MAMH — Données Québec (rôle d'évaluation foncière),https://donneesouvertes.affmunqc.net/role/RL71060_2026.xml,,,,
"235, Parc",,L'Île-Perrot,,,579.6,2005,226700,573800,800500,2025,Logement,MAMH — Données Québec (rôle d'évaluation foncière),https://donneesouvertes.affmunqc.net/role/RL71060_2026.xml,,,,
"60, Fougeres",,L'Île-Perrot,,,641.4,2006,246700,451800,698500,2025,Logement,MAMH — Données Québec (rôle d'évaluation foncière),https://donneesouvertes.affmunqc.net/role/RL71060_2026.xml,,,,
"231, Parc",,L'Île-Perrot,,,571,2005,229400,379400,608800,2025,Logement,MAMH — Données Québec (rôle d'évaluation foncière),https://donneesouvertes.affmunqc.net/role/RL71060_2026.xml,,,,
"56, Fougeres",,L'Île-Perrot,,,581.6,2003,226700,427100,653800,2025,Logement,MAMH — Données Québec (rôle d'évaluation foncière),https://donneesouvertes.affmunqc.net/role/RL71060_2026.xml,,,,
"52, Fougeres",,L'Île-Perrot,,,573.3,2003,225600,415600,641200,2025,Logement,MAMH — Données Québec (rôle d'évaluation foncière),https://donneesouvertes.affmunqc.net/role/RL71060_2026.xml,,,,
"48, Fougeres",,L'Île-Perrot,,,565,2003,224500,449700,674200,2025,Logement,MAMH — Données Québec (rôle d'évaluation foncière),https://donneesouvertes.affmunqc.net/role/RL71060_2026.xml,,,,
"44, Fougeres",,L'Île-Perrot,,,571.7,2003,229400,539100,768500,2025,Logement,MAMH — Données Québec (rôle d'évaluation foncière),https://donneesouvertes.affmunqc.net/role/RL71060_2026.xml,,,,
"232, Parc",,L'Île-Perrot,,,616.5,2004,243400,395900,639300,2025,Logement,MAMH — Données Québec (rôle d'évaluation foncière),https://donneesouvertes.affmunqc.net/role/RL71060_2026.xml,,,,
"228, Parc",,L'Île-Perrot,,,586.1,2005,235600,410500,646100,2025,Logement,MAMH — Données Québec (rôle d'évaluation foncière),https://donneesouvertes.affmunqc.net/role/RL71060_2026.xml,,,,
"224, Parc",,L'Île-Perrot,,,577.2,2005,232000,386600,618600,2025,Logement,MAMH — Données Québec (rôle d'évaluation foncière),https://donneesouvertes.affmunqc.net/role/RL71060_2026.xml,,,,
"220, Parc",,L'Île-Perrot,,,568.4,2005,228500,332400,560900,2025,Logement,MAMH — Données Québec (rôle d'évaluation foncière),https://donneesouvertes.affmunqc.net/role/RL71060_2026.xml,,,,
"216, Parc",,L'Île-Perrot,,,559.5,2005,224900,441200,666100,2025,Logement,MAMH — Données Québec (rôle d'évaluation foncière),https://donneesouvertes.affmunqc.net/role/RL71060_2026.xml,,,,
"227, Parc",,L'Île-Perrot,,,573.5,2005,230500,353000,583500,2025,Logement,MAMH — Données Québec (rôle d'évaluation foncière),https://donneesouvertes.affmunqc.net/role/RL71060_2026.xml,,,,
"223, Parc",,L'Île-Perrot,,,566.2,2005,227600,392000,619600,2025,Logement,MAMH — Données Québec (rôle d'évaluation foncière),https://donneesouvertes.affmunqc.net/role/RL71060_2026.xml,,,,
"219, Parc",,L'Île-Perrot,,,573.2,2005,230400,433100,663500,2025,Logement,MAMH — Données Québec (rôle d'évaluation foncière),https://donneesouvertes.affmunqc.net/role/RL71060_2026.xml,,,,
"215, Parc",,L'Île-Perrot,,,565.7,2005,227400,468200,695600,2025,Logement,MAMH — Données Québec (rôle d'évaluation foncière),https://donneesouvertes.affmunqc.net/role/RL71060_2026.xml,,,,
"405, Don-quichotte, app. 413",,L'Île-Perrot,,,6827.9,,1602800,3698900,5301700,2025,Logement,MAMH — Données Québec (rôle d'évaluation foncière),https://donneesouvertes.affmunqc.net/role/RL71060_2026.xml,,,,
"429, 22e Avenue",,L'Île-Perrot,,,617.3,1973,152800,235600,388400,2025,Logement,MAMH — Données Québec (rôle d'évaluation foncière),https://donneesouvertes.affmunqc.net/role/RL71060_2026.xml,,,,
"425, 22e Avenue",,L'Île-Perrot,,,795.9,1973,168800,278200,447000,2025,Logement,MAMH — Données Québec (rôle d'évaluation foncière),https://donneesouvertes.affmunqc.net/role/RL71060_2026.xml,,,,
"322, Montagne",,L'Île-Perrot,,,608.3,2010,200700,402900,603600,2025,Logement,MAMH — Données Québec (rôle d'évaluation foncière),https://donneesouvertes.affmunqc.net/role/RL71060_2026.xml,,,,
"437, 22e Avenue",,L'Île-Perrot,,,929.4,1973,180800,342700,523500,2025,Logement,MAMH — Données Québec (rôle d'évaluation foncière),https://donneesouvertes.affmunqc.net/role/RL71060_2026.xml,,,,
"433, 22e Avenue",,L'Île-Perrot,,,557.6,1973,147400,281200,428600,2025,Logement,MAMH — Données Québec (rôle d'évaluation foncière),https://donneesouvertes.affmunqc.net/role/RL71060_2026.xml,,,,
"408, 22e Avenue",,L'Île-Perrot,,,797.4,1973,169000,274800,443800,2025,Logement,MAMH — Données Québec (rôle d'évaluation foncière),https://donneesouvertes.affmunqc.net/role/RL71060_2026.xml,,,,
"333, Montagne",,L'Île-Perrot,,,718.2,1973,161800,281500,443300,2025,Logement,MAMH — Données Québec (rôle d'évaluation foncière),https://donneesouvertes.affmunqc.net/role/RL71060_2026.xml,,,,
"406, 22e Avenue",,L'Île-Perrot,,,752.2,1978,164900,352900,517800,2025,Logement,MAMH — Données Québec (rôle d'évaluation foncière),https://donneesouvertes.affmunqc.net/role/RL71060_2026.xml,,,,
"402, 22e Avenue",,L'Île-Perrot,,,557.4,1973,147400,196500,343900,2025,Logement,MAMH — Données Québec (rôle d'évaluation foncière),https://donneesouvertes.affmunqc.net/role/RL71060_2026.xml,,,,
"398, 22e Avenue",,L'Île-Perrot,,,557.4,1973,147400,238800,386200,2025,Logement,MAMH — Données Québec (rôle d'évaluation foncière),https://donneesouvertes.affmunqc.net/role/RL71060_2026.xml,,,,
"394, 22e Avenue",,L'Île-Perrot,,,557.4,1973,147400,277800,425200,2025,Logement,MAMH — Données Québec (rôle d'évaluation foncière),https://donneesouvertes.affmunqc.net/role/RL71060_2026.xml,,,,
22e Avenue,,L'Île-Perrot,,,1525.9,,100,,100,2025,Immeuble commercial,MAMH — Données Québec (rôle d'évaluation foncière),https://donneesouvertes.affmunqc.net/role/RL71060_2026.xml,,,,
"314, 8e Rue",,L'Île-Perrot,,,369.4,2009,177300,367400,544700,2025,Logement,MAMH — Données Québec (rôle d'évaluation foncière),https://donneesouvertes.affmunqc.net/role/RL71060_2026.xml,,,,
"317, Montagne",,L'Île-Perrot,,,395.3,2009,179900,385500,565400,2025,Logement,MAMH — Données Québec (rôle d'évaluation foncière),https://donneesouvertes.affmunqc.net/role/RL71060_2026.xml,,,,
"318, 8e Rue",,L'Île-Perrot,,,442.9,2009,184500,402100,586600,2025,Logement,MAMH — Données Québec (rôle d'évaluation foncière),https://donneesouvertes.affmunqc.net/role/RL71060_2026.xml,,,,
"321, Montagne",,L'Île-Perrot,,,374.8,2009,177900,388000,565900,2025,Logement,MAMH — Données Québec (rôle d'évaluation foncière),https://donneesouvertes.affmunqc.net/role/RL71060_2026.xml,,,,
"322, 8e Rue",,L'Île-Perrot,,,383,2009,178700,365500,544200,2025,Logement,MAMH — Données Québec (rôle d'évaluation foncière),https://donneesouvertes.affmunqc.net/role/RL71060_2026.xml,,,,
"325, Montagne",,L'Île-Perrot,,,386.9,2009,179000,413200,592200,2025,Logement,MAMH — Données Québec (rôle d'évaluation foncière),https://donneesouvertes.affmunqc.net/role/RL71060_2026.xml,,,,
"326, 8e Rue",,L'Île-Perrot,,,367.8,2010,177200,355600,532800,2025,Logement,MAMH — Données Québec (rôle d'évaluation foncière),https://donneesouvertes.affmunqc.net/role/RL71060_2026.xml,,,,
"321, 8e Rue",,L'Île-Perrot,,,366.6,2010,177000,351800,528800,2025,Logement,MAMH — Données Québec (rôle d'évaluation foncière),https://donneesouvertes.affmunqc.net/role/RL71060_2026.xml,,,,
"329, Montagne",,L'Île-Perrot,,,1211.5,1973,195500,347600,543100,2025,Logement,MAMH — Données Québec (rôle d'évaluation foncière),https://donneesouvertes.affmunqc.net/role/RL71060_2026.xml,,,,
"330, 8e Rue",,L'Île-Perrot,,,612.2,1973,152300,281500,433800,2025,Logement,MAMH — Données Québec (rôle d'évaluation foncière),https://donneesouvertes.affmunqc.net/role/RL71060_2026.xml,,,,
"325, 8e Rue",,L'Île-Perrot,,,373.3,2010,177700,401500,579200,2025,Logement,MAMH — Données Québec (rôle d'évaluation foncière),https://donneesouvertes.affmunqc.net/role/RL71060_2026.xml,,,,
"329, 8e Rue",,L'Île-Perrot,,,608.3,1973,151900,244100,396000,2025,Logement,MAMH — Données Québec (rôle d'évaluation foncière),https://donneesouvertes.affmunqc.net/role/RL71060_2026.xml,,,,
"334, 8e Rue",,L'Île-Perrot,,,603.9,1973,151600,301400,453000,2025,Logement,MAMH — Données Québec (rôle d'évaluation foncière),https://donneesouvertes.affmunqc.net/role/RL71060_2026.xml,,,,
"333, 8e Rue",,L'Île-Perrot,,,585.3,1973,149900,222600,372500,2025,Logement,MAMH — Données Québec (rôle d'évaluation foncière),https://donneesouvertes.affmunqc.net/role/RL71060_2026.xml,,,,
"390, 22e Avenue",,L'Île-Perrot,,,557.4,1973,147400,247400,394800,2025,Logement,MAMH — Données Québec (rôle d'évaluation foncière),https://donneesouvertes.affmunqc.net/role/RL71060_2026.xml,,,,
"314, 7e Rue",,L'Île-Perrot,,,725.1,2009,220000,459900,679900,2025,Logement,MAMH — Données Québec (rôle d'évaluation foncière),https://donneesouvertes.affmunqc.net/role/RL71060_2026.xml,,,,
"309, 8e Rue",,L'Île-Perrot,,,460,2009,186200,351000,537200,2025,Logement,MAMH — Données Québec (rôle d'évaluation foncière),https://donneesouvertes.affmunqc.net/role/RL71060_2026.xml,,,,
"313, 8e Rue",,L'Île-Perrot,,,428.3,2010,183100,370200,553300,2025,Logement,MAMH — Données Québec (rôle d'évaluation foncière),https://donneesouvertes.affmunqc.net/role/RL71060_2026.xml,,,,
"313, 7e Rue",,L'Île-Perrot,,,1184.9,2009,289900,509800,799700,2025,Logement,MAMH — Données Québec (rôle d'évaluation foncière),https://donneesouvertes.affmunqc.net/role/RL71060_2026.xml,,,,
"318, 7e Rue",,L'Île-Perrot,,,619.9,2009,231100,519100,750200,2025,Logement,MAMH — Données Québec (rôle d'évaluation foncière),https://donneesouvertes.affmunqc.net/role/RL71060_2026.xml,,,,
"317, 8e Rue",,L'Île-Perrot,,,397.6,2010,180100,402100,582200,2025,Logement,MAMH — Données Québec (rôle d'évaluation foncière),https://donneesouvertes.affmunqc.net/role/RL71060_2026.xml,,,,
"322, 7e Rue",,L'Île-Perrot,,,615.8,2009,230600,598100,828700,2025,Logement,MAMH — Données Québec (rôle d'évaluation foncière),https://donneesouvertes.affmunqc.net/role/RL71060_2026.xml,,,,
"321, 7e Rue",,L'Île-Perrot,,,582.9,2008,219300,626300,845600,2025,Logement,MAMH — Données Québec (rôle d'évaluation foncière),https://donneesouvertes.affmunqc.net/role/RL71060_2026.xml,,,,
"326, 7e Rue",,L'Île-Perrot,,,623.3,2009,231600,532800,764400,2025,Logement,MAMH — Données Québec (rôle d'évaluation foncière),https://donneesouvertes.affmunqc.net/role/RL71060_2026.xml,,,,
"325, 7e Rue",,L'Île-Perrot,,,581,2009,218900,539900,758800,2025,Logement,MAMH — Données Québec (rôle d'évaluation foncière),https://donneesouvertes.affmunqc.net/role/RL71060_2026.xml,,,,
"330, 7e Rue",,L'Île-Perrot,,,593.2,1973,150600,240100,390700,2025,Logement,MAMH — Données Québec (rôle d'évaluation foncière),https://donneesouvertes.affmunqc.net/role/RL71060_2026.xml,,,,
6e Rue,,L'Île-Perrot,,,744.4,,29800,,29800,2025,Terrain vacant,MAMH — Données Québec (rôle d'évaluation foncière),https://donneesouvertes.affmunqc.net/role/RL71060_2026.xml,,,,
"329, 7e Rue",,L'Île-Perrot,,,598.6,1974,151100,306600,457700,2025,Logement,MAMH — Données Québec (rôle d'évaluation foncière),https://donneesouvertes.affmunqc.net/role/RL71060_2026.xml,,,,
"111, Ancolies",,L'Île-Perrot,,,992.4,2003,263100,644600,907700,2025,Logement,MAMH — Données Québec (rôle d'évaluation foncière),https://donneesouvertes.affmunqc.net/role/RL71060_2026.xml,,,,
"107, Ancolies",,L'Île-Perrot,,,1017.3,2004,266100,582100,848200,2025,Logement,MAMH — Données Québec (rôle d'évaluation foncière),https://donneesouvertes.affmunqc.net/role/RL71060_2026.xml,,,,
"103, Ancolies",,L'Île-Perrot,,,969.4,2003,260300,579300,839600,2025,Logement,MAMH — Données Québec (rôle d'évaluation foncière),https://donneesouvertes.affmunqc.net/role/RL71060_2026.xml,,,,
20e Avenue,,L'Île-Perrot,,,2090.4,,62700,,62700,2025,Terrain vacant,MAMH — Données Québec (rôle d'évaluation foncière),https://donneesouvertes.affmunqc.net/role/RL71060_2026.xml,,,,
"92, Ancolies",,L'Île-Perrot,,,757.5,2003,234900,493600,728500,2025,Logement,MAMH — Données Québec (rôle d'évaluation foncière),https://donneesouvertes.affmunqc.net/role/RL71060_2026.xml,,,,
"88, Ancolies",,L'Île-Perrot,,,732,2003,231800,522100,753900,2025,Logement,MAMH — Données Québec (rôle d'évaluation foncière),https://donneesouvertes.affmunqc.net/role/RL71060_2026.xml,,,,
"84, Ancolies",,L'Île-Perrot,,,751.6,2002,234200,624600,858800,2025,Logement,MAMH — Données Québec (rôle d'évaluation foncière),https://donneesouvertes.affmunqc.net/role/RL71060_2026.xml,,,,
"99, Ancolies",,L'Île-Perrot,,,922.9,2006,254700,697900,952600,2025,Logement,MAMH — Données Québec (rôle d'évaluation foncière),https://donneesouvertes.affmunqc.net/role/RL71060_2026.xml,,,,
"95, Ancolies",,L'Île-Perrot,,,779.6,2002,237600,691000,928600,2025,Logement,MAMH — Données Québec (rôle d'évaluation foncière),https://donneesouvertes.affmunqc.net/role/RL71060_2026.xml,,,,
"91, Ancolies",,L'Île-Perrot,,,879.6,2004,237100,585200,822300,2025,Logement,MAMH — Données Québec (rôle d'évaluation foncière),https://donneesouvertes.affmunqc.net/role/RL71060_2026.xml,,,,
"40, Fougeres",,L'Île-Perrot,,,577.6,2003,232200,387100,619300,2025,Logement,MAMH — Données Québec (rôle d'évaluation foncière),https://donneesouvertes.affmunqc.net/role/RL71060_2026.xml,,,,
"59, Fougeres",,L'Île-Perrot,,,642.4,2003,246900,429800,676700,2025,Logement,MAMH — Données Québec (rôle d'évaluation foncière),https://donneesouvertes.affmunqc.net/role/RL71060_2026.xml,,,,
"55, Fougeres",,L'Île-Perrot,,,582.6,2003,230800,404800,635600,2025,Logement,MAMH — Données Québec (rôle d'évaluation foncière),https://donneesouvertes.affmunqc.net/role/RL71060_2026.xml,,,,
"51, Fougeres",,L'Île-Perrot,,,573.7,2004,229600,463700,693300,2025,Logement,MAMH — Données Québec (rôle d'évaluation foncière),https://donneesouvertes.affmunqc.net/role/RL71060_2026.xml,,,,
"47, Fougeres",,L'Île-Perrot,,,564.8,2004,227100,445400,672500,2025,Logement,MAMH — Données Québec (rôle d'évaluation foncière),https://donneesouvertes.affmunqc.net/role/RL71060_2026.xml,,,,
"74, Ancolies",,L'Île-Perrot,,,695.5,2000,254000,398200,652200,2025,Logement,MAMH — Données Québec (rôle d'évaluation foncière),https://donneesouvertes.affmunqc.net/role/RL71060_2026.xml,,,,
"43, Fougeres",,L'Île-Perrot,,,570.4,2004,229300,469500,698800,2025,Logement,MAMH — Données Québec (rôle d'évaluation foncière),https://donneesouvertes.affmunqc.net/role/RL71060_2026.xml,,,,
"70, Ancolies",,L'Île-Perrot,,,574.9,2000,224200,450000,674200,2025,Logement,MAMH — Données Québec (rôle d'évaluation foncière),https://donneesouvertes.affmunqc.net/role/RL71060_2026.xml,,,,
"66, Ancolies",,L'Île-Perrot,,,572.7,2000,223900,378900,602800,2025,Logement,MAMH — Données Québec (rôle d'évaluation foncière),https://donneesouvertes.affmunqc.net/role/RL71060_2026.xml,,,,
"62, Ancolies",,L'Île-Perrot,,,570.4,2000,223600,421000,644600,2025,Logement,MAMH — Données Québec (rôle d'évaluation foncière),https://donneesouvertes.affmunqc.net/role/RL71060_2026.xml,,,,
"58, Ancolies",,L'Île-Perrot,,,568.2,2000,223300,366500,589800,2025,Logement,MAMH — Données Québec (rôle d'évaluation foncière),https://donneesouvertes.affmunqc.net/role/RL71060_2026.xml,,,,
"54, Ancolies",,L'Île-Perrot,,,566,2000,223000,307900,530900,2025,Logement,MAMH — Données Québec (rôle d'évaluation foncière),https://donneesouvertes.affmunqc.net/role/RL71060_2026.xml,,,,
"87, Ancolies",,L'Île-Perrot,,,708.2,2002,255700,375400,631100,2025,Logement,MAMH — Données Québec (rôle d'évaluation foncière),https://donneesouvertes.affmunqc.net/role/RL71060_2026.xml,,,,
"83, Ancolies",,L'Île-Perrot,,,572,2002,223800,438400,662200,2025,Logement,MAMH — Données Québec (rôle d'évaluation foncière),https://donneesouvertes.affmunqc.net/role/RL71060_2026.xml,,,,
"211, Parc",,L'Île-Perrot,,,568.5,2005,228500,376600,605100,2025,Logement,MAMH — Données Québec (rôle d'évaluation foncière),https://donneesouvertes.affmunqc.net/role/RL71060_2026.xml,,,,
"36, Fougeres",,L'Île-Perrot,,,568.4,2003,228500,425700,654200,2025,Logement,MAMH — Données Québec (rôle d'évaluation foncière),https://donneesouvertes.affmunqc.net/role/RL71060_2026.xml,,,,
"32, Fougeres",,L'Île-Perrot,,,573.4,2003,230500,397600,628100,2025,Logement,MAMH — Données Québec (rôle d'évaluation foncière),https://donneesouvertes.affmunqc.net/role/RL71060_2026.xml,,,,
"28, Fougeres",,L'Île-Perrot,,,563.8,2004,226600,442900,669500,2025,Logement,MAMH — Données Québec (rôle d'évaluation foncière),https://donneesouvertes.affmunqc.net/role/RL71060_2026.xml,,,,
"24, Fougeres",,L'Île-Perrot,,,577.1,2003,232000,394400,626400,2025,Logement,MAMH — Données Québec (rôle d'évaluation foncière),https://donneesouvertes.affmunqc.net/role/RL71060_2026.xml,,,,
"14, Fougeres",,L'Île-Perrot,,,769.9,2003,264000,609800,873800,2025,Logement,MAMH — Données Québec (rôle d'évaluation foncière),https://donneesouvertes.affmunqc.net/role/RL71060_2026.xml,,,,
"39, Fougeres",,L'Île-Perrot,,,561.1,2004,225600,409800,635400,2025,Logement,MAMH — Données Québec (rôle d'évaluation foncière),https://donneesouvertes.affmunqc.net/role/RL71060_2026.xml,,,,
"35, Fougeres",,L'Île-Perrot,,,579.7,2003,233000,395800,628800,2025,Logement,MAMH — Données Québec (rôle d'évaluation foncière),https://donneesouvertes.affmunqc.net/role/RL71060_2026.xml,,,,
"31, Fougeres",,L'Île-Perrot,,,569.4,2004,228900,369500,598400,2025,Logement,MAMH — Données Québec (rôle d'évaluation foncière),https://donneesouvertes.affmunqc.net/role/RL71060_2026.xml,,,,
"27, Fougeres",,L'Île-Perrot,,,573.2,2004,230400,443200,673600,2025,Logement,MAMH — Données Québec (rôle d'évaluation foncière),https://donneesouvertes.affmunqc.net/role/RL71060_2026.xml,,,,
"23, Fougeres",,L'Île-Perrot,,,563.7,2004,226600,420300,646900,2025,Logement,MAMH — Données Québec (rôle d'évaluation foncière),https://donneesouvertes.affmunqc.net/role/RL71060_2026.xml,,,,
"50, Ancolies",,L'Île-Perrot,,,563.7,2001,222700,400300,623000,2025,Logement,MAMH — Données Québec (rôle d'évaluation foncière),https://donneesouvertes.affmunqc.net/role/RL71060_2026.xml,,,,
"19, Fougeres",,L'Île-Perrot,,,672.6,2004,234800,462200,697000,2025,Logement,MAMH — Données Québec (rôle d'évaluation foncière),https://donneesouvertes.affmunqc.net/role/RL71060_2026.xml,,,,
"46, Ancolies",,L'Île-Perrot,,,561.5,2000,222400,435200,657600,2025,Logement,MAMH — Données Québec (rôle d'évaluation foncière),https://donneesouvertes.affmunqc.net/role/RL71060_2026.xml,,,,
"42, Ancolies",,L'Île-Perrot,,,571.3,2001,229700,408900,638600,2025,Logement,MAMH — Données Québec (rôle d'évaluation foncière),https://donneesouvertes.affmunqc.net/role/RL71060_2026.xml,,,,
"460, Sommet",,L'Île-Perrot,,,1104.2,1981,250400,554300,804700,2025,Logement,MAMH — Données Québec (rôle d'évaluation foncière),https://donneesouvertes.affmunqc.net/role/RL71060_2026.xml,,,,
"455, Don-quichotte, app. 459",,L'Île-Perrot,,,983,1987,309800,469700,779500,2025,Immeuble à bureaux,MAMH — Données Québec (rôle d'évaluation foncière),https://donneesouvertes.affmunqc.net/role/RL71060_2026.xml,,,,
"470, 23e Avenue",,L'Île-Perrot,,,933.8,1972,201400,322300,523700,2025,Logement,MAMH — Données Québec (rôle d'évaluation foncière),https://donneesouvertes.affmunqc.net/role/RL71060_2026.xml,,,,
23e Avenue,,L'Île-Perrot,,,271.8,,35300,,35300,2025,Terrain vacant,MAMH — Données Québec (rôle d'évaluation foncière),https://donneesouvertes.affmunqc.net/role/RL71060_2026.xml,,,,
"471, 23e Avenue",,L'Île-Perrot,,,944.9,1973,202500,304000,506500,2025,Logement,MAMH — Données Québec (rôle d'évaluation foncière),https://donneesouvertes.affmunqc.net/role/RL71060_2026.xml,,,,
"421, 22e Avenue",,L'Île-Perrot,,,1251.3,1973,195800,224300,420100,2025,Logement,MAMH — Données Québec (rôle d'évaluation foncière),https://donneesouvertes.affmunqc.net/role/RL71060_2026.xml,,,,
"444, Sommet, app. 448",,L'Île-Perrot,,,439.7,1981,138500,338400,476900,2025,Logement,MAMH — Données Québec (rôle d'évaluation foncière),https://donneesouvertes.affmunqc.net/role/RL71060_2026.xml,,,,
"438, Sommet, app. 442",,L'Île-Perrot,,,321.6,1981,111000,280200,391200,2025,Logement,MAMH — Données Québec (rôle d'évaluation foncière),https://donneesouvertes.affmunqc.net/role/RL71060_2026.xml,,,,
"432, Sommet, app. 436",,L'Île-Perrot,,,323.2,1981,111500,277800,389300,2025,Logement,MAMH — Données Québec (rôle d'évaluation foncière),https://donneesouvertes.affmunqc.net/role/RL71060_2026.xml,,,,
"426, Sommet, app. 430",,L'Île-Perrot,,,454.5,1981,143200,321100,464300,2025,Logement,MAMH — Données Québec (rôle d'évaluation foncière),https://donneesouvertes.affmunqc.net/role/RL71060_2026.xml,,,,
"420, Sommet",,L'Île-Perrot,,,808,1962,188800,240300,429100,2025,Logement,MAMH — Données Québec (rôle d'évaluation foncière),https://donneesouvertes.affmunqc.net/role/RL71060_2026.xml,,,,
"466, 23e Avenue, app. 468",,L'Île-Perrot,,,464.5,1975,139400,238100,377500,2025,Logement,MAMH — Données Québec (rôle d'évaluation foncière),https://donneesouvertes.affmunqc.net/role/RL71060_2026.xml,,,,
"464, 23e Avenue",,L'Île-Perrot,,,464.5,1975,139400,231100,370500,2025,Logement,MAMH — Données Québec (rôle d'évaluation foncière),https://donneesouvertes.affmunqc.net/role/RL71060_2026.xml,,,,
"458, 23e Avenue",,L'Île-Perrot,,,614.2,1978,169400,250600,420000,2025,Logement,MAMH — Données Québec (rôle d'évaluation foncière),https://donneesouvertes.affmunqc.net/role/RL71060_2026.xml,,,,
"446, 23e Avenue",,L'Île-Perrot,,,611.4,1981,169100,315500,484600,2025,Logement,MAMH — Données Québec (rôle d'évaluation foncière),https://donneesouvertes.affmunqc.net/role/RL71060_2026.xml,,,,
"442, 23e Avenue",,L'Île-Perrot,,,603.8,1985,168400,345500,513900,2025,Logement,MAMH — Données Québec (rôle d'évaluation foncière),https://donneesouvertes.affmunqc.net/role/RL71060_2026.xml,,,,
"461, 23e Avenue",,L'Île-Perrot,,,464.5,1974,139400,184700,324100,2025,Logement,MAMH — Données Québec (rôle d'évaluation foncière),https://donneesouvertes.affmunqc.net/role/RL71060_2026.xml,,,,
"417, 22e Avenue",,L'Île-Perrot,,,618.3,1973,152800,283600,436400,2025,Logement,MAMH — Données Québec (rôle d'évaluation foncière),https://donneesouvertes.affmunqc.net/role/RL71060_2026.xml,,,,
"413, 22e Avenue",,L'Île-Perrot,,,555.8,1973,147200,231200,378400,2025,Logement,MAMH — Données Québec (rôle d'évaluation foncière),https://donneesouvertes.affmunqc.net/role/RL71060_2026.xml,,,,
"405, 22e Avenue",,L'Île-Perrot,,,1033.8,1973,190200,311000,501200,2025,Logement,MAMH — Données Québec (rôle d'évaluation foncière),https://donneesouvertes.affmunqc.net/role/RL71060_2026.xml,,,,
"401, 22e Avenue",,L'Île-Perrot,,,530.2,1973,143200,241200,384400,2025,Logement,MAMH — Données Québec (rôle d'évaluation foncière),https://donneesouvertes.affmunqc.net/role/RL71060_2026.xml,,,,
"397, 22e Avenue",,L'Île-Perrot,,,531.4,1973,143500,319200,462700,2025,Logement,MAMH — Données Québec (rôle d'évaluation foncière),https://donneesouvertes.affmunqc.net/role/RL71060_2026.xml,,,,
"410, Sommet",,L'Île-Perrot,,,794.5,1964,187500,252600,440100,2025,Logement,MAMH — Données Québec (rôle d'évaluation foncière),https://donneesouvertes.affmunqc.net/role/RL71060_2026.xml,,,,
"400, Sommet",,L'Île-Perrot,,,671.4,1964,175100,218500,393600,2025,Logement,MAMH — Données Québec (rôle d'évaluation foncière),https://donneesouvertes.affmunqc.net/role/RL71060_2026.xml,,,,
"398, Sommet",,L'Île-Perrot,,,790.2,1974,187000,212400,399400,2025,Logement,MAMH — Données Québec (rôle d'évaluation foncière),https://donneesouvertes.affmunqc.net/role/RL71060_2026.xml,,,,
"396, Sommet",,L'Île-Perrot,,,791,1970,187100,165600,352700,2025,Logement,MAMH — Données Québec (rôle d'évaluation foncière),https://donneesouvertes.affmunqc.net/role/RL71060_2026.xml,,,,
"438, 23e Avenue",,L'Île-Perrot,,,603.8,1979,168400,290100,458500,2025,Logement,MAMH — Données Québec (rôle d'évaluation foncière),https://donneesouvertes.affmunqc.net/role/RL71060_2026.xml,,,,
"434, 23e Avenue, app. 434",,L'Île-Perrot,,,929,1970,200900,306100,507000,2025,Logement,MAMH — Données Québec (rôle d'évaluation foncière),https://donneesouvertes.affmunqc.net/role/RL71060_2026.xml,,,,
"386, 22e Avenue",,L'Île-Perrot,,,642.3,1973,155000,250700,405700,2025,Logement,MAMH — Données Québec (rôle d'évaluation foncière),https://donneesouvertes.affmunqc.net/role/RL71060_2026.xml,,,,
"382, 22e Avenue",,L'Île-Perrot,,,642.3,1973,155000,229200,384200,2025,Logement,MAMH — Données Québec (rôle d'évaluation foncière),https://donneesouvertes.affmunqc.net/role/RL71060_2026.xml,,,,
"378, 22e Avenue",,L'Île-Perrot,,,557.4,1973,147400,314000,461400,2025,Logement,MAMH — Données Québec (rôle d'évaluation foncière),https://donneesouvertes.affmunqc.net/role/RL71060_2026.xml,,,,
"393, 22e Avenue",,L'Île-Perrot,,,532.7,1973,143800,302300,446100,2025,Logement,MAMH — Données Québec (rôle d'évaluation foncière),https://donneesouvertes.affmunqc.net/role/RL71060_2026.xml,,,,
"389, 22e Avenue",,L'Île-Perrot,,,540.6,1973,145900,232500,378400,2025,Logement,MAMH — Données Québec (rôle d'évaluation foncière),https://donneesouvertes.affmunqc.net/role/RL71060_2026.xml,,,,
"385, 22e Avenue",,L'Île-Perrot,,,540.6,1973,145900,253900,399800,2025,Logement,MAMH — Données Québec (rôle d'évaluation foncière),https://donneesouvertes.affmunqc.net/role/RL71060_2026.xml,,,,
"381, 22e Avenue",,L'Île-Perrot,,,540.6,1973,145900,298600,444500,2025,Logement,MAMH — Données Québec (rôle d'évaluation foncière),https://donneesouvertes.affmunqc.net/role/RL71060_2026.xml,,,,
"377, 22e Avenue",,L'Île-Perrot,,,540.6,1973,145900,265400,411300,2025,Logement,MAMH — Données Québec (rôle d'évaluation foncière),https://donneesouvertes.affmunqc.net/role/RL71060_2026.xml,,,,
"373, 22e Avenue",,L'Île-Perrot,,,540.6,1973,145900,263000,408900,2025,Logement,MAMH — Données Québec (rôle d'évaluation foncière),https://donneesouvertes.affmunqc.net/role/RL71060_2026.xml,,,,
"394, Sommet",,L'Île-Perrot,,,791.2,1960,187100,226000,413100,2025,Logement,MAMH — Données Québec (rôle d'évaluation foncière),https://donneesouvertes.affmunqc.net/role/RL71060_2026.xml,,,,
"392, Sommet",,L'Île-Perrot,,,791.5,1960,187200,191100,378300,2025,Logement,MAMH — Données Québec (rôle d'évaluation foncière),https://donneesouvertes.affmunqc.net/role/RL71060_2026.xml,,,,
"334, 7e Rue",,L'Île-Perrot,,,585.3,1973,149900,245300,395200,2025,Logement,MAMH — Données Québec (rôle d'évaluation foncière),https://donneesouvertes.affmunqc.net/role/RL71060_2026.xml,,,,
"333, 7e Rue",,L'Île-Perrot,,,557.4,1973,147400,237400,384800,2025,Logement,MAMH — Données Québec (rôle d'évaluation foncière),https://donneesouvertes.affmunqc.net/role/RL71060_2026.xml,,,,
"374, 22e Avenue",,L'Île-Perrot,,,642.3,1973,155000,275500,430500,2025,Logement,MAMH — Données Québec (rôle d'évaluation foncière),https://donneesouvertes.affmunqc.net/role/RL71060_2026.xml,,,,
"370, 22e Avenue",,L'Île-Perrot,,,642.2,1973,155000,334500,489500,2025,Logement,MAMH — Données Québec (rôle d'évaluation foncière),https://donneesouvertes.affmunqc.net/role/RL71060_2026.xml,,,,
"366, 22e Avenue",,L'Île-Perrot,,,557.4,1973,147400,280800,428200,2025,Logement,MAMH — Données Québec (rôle d'évaluation foncière),https://donneesouvertes.affmunqc.net/role/RL71060_2026.xml,,,,
"362, 22e Avenue",,L'Île-Perrot,,,642.3,1974,155000,254400,409400,2025,Logement,MAMH — Données Québec (rôle d'évaluation foncière),https://donneesouvertes.affmunqc.net/role/RL71060_2026.xml,,,,
"369, 22e Avenue",,L'Île-Perrot,,,540.1,1973,145800,240800,386600,2025,Logement,MAMH — Données Québec (rôle d'évaluation foncière),https://donneesouvertes.affmunqc.net/role/RL71060_2026.xml,,,,
"365, 22e Avenue",,L'Île-Perrot,,,538.9,1973,145500,238900,384400,2025,Logement,MAMH — Données Québec (rôle d'évaluation foncière),https://donneesouvertes.affmunqc.net/role/RL71060_2026.xml,,,,
"361, 22e Avenue",,L'Île-Perrot,,,537.7,1973,145200,297400,442600,2025,Logement,MAMH — Données Québec (rôle d'évaluation foncière),https://donneesouvertes.affmunqc.net/role/RL71060_2026.xml,,,,
"342, 22e Avenue",,L'Île-Perrot,,,1502.8,1972,197800,378600,576400,2025,Logement,MAMH — Données Québec (rôle d'évaluation foncière),https://donneesouvertes.affmunqc.net/role/RL71060_2026.xml,,,,
"346, 22e Avenue",,L'Île-Perrot,,,552.5,1972,146900,232100,379000,2025,Logement,MAMH — Données Québec (rôle d'évaluation foncière),https://donneesouvertes.affmunqc.net/role/RL71060_2026.xml,,,,
"358, 22e Avenue",,L'Île-Perrot,,,1219.3,1973,185700,324800,510500,2025,Logement,MAMH — Données Québec (rôle d'évaluation foncière),https://donneesouvertes.affmunqc.net/role/RL71060_2026.xml,,,,
"337, 22e Avenue",,L'Île-Perrot,,,610,1972,152100,261200,413300,2025,Logement,MAMH — Données Québec (rôle d'évaluation foncière),https://donneesouvertes.affmunqc.net/role/RL71060_2026.xml,,,,
"354, 22e Avenue",,L'Île-Perrot,,,562.4,1973,147800,213100,360900,2025,Logement,MAMH — Données Québec (rôle d'évaluation foncière),https://donneesouvertes.affmunqc.net/role/RL71060_2026.xml,,,,
"350, 22e Avenue",,L'Île-Perrot,,,642.5,1972,155000,258900,413900,2025,Logement,MAMH — Données Québec (rôle d'évaluation foncière),https://donneesouvertes.affmunqc.net/role/RL71060_2026.xml,,,,
"341, 22e Avenue",,L'Île-Perrot,,,612.9,1972,152400,286800,439200,2025,Logement,MAMH — Données Québec (rôle d'évaluation foncière),https://donneesouvertes.affmunqc.net/role/RL71060_2026.xml,,,,
"346, 20e Avenue, app. 348",,L'Île-Perrot,,,348.4,1989,120200,296000,416200,2025,Logement,MAMH — Données Québec (rôle d'évaluation foncière),https://donneesouvertes.affmunqc.net/role/RL71060_2026.xml,,,,
"338, 22e Avenue",,L'Île-Perrot,,,1467.6,1989,197500,932300,1129800,2025,Immeuble commercial,MAMH — Données Québec (rôle d'évaluation foncière),https://donneesouvertes.affmunqc.net/role/RL71060_2026.xml,,,,
"332, 22e Avenue",,L'Île-Perrot,,,702.2,1973,160400,248300,408700,2025,Logement,MAMH — Données Québec (rôle d'évaluation foncière),https://donneesouvertes.affmunqc.net/role/RL71060_2026.xml,,,,
"345, 20e Avenue",,L'Île-Perrot,,,348.5,1988,120200,268000,388200,2025,Logement,MAMH — Données Québec (rôle d'évaluation foncière),https://donneesouvertes.affmunqc.net/role/RL71060_2026.xml,,,,
"341, 20e Avenue, app. 341",,L'Île-Perrot,,,348.7,1988,120300,268400,388700,2025,Logement,MAMH — Données Québec (rôle d'évaluation foncière),https://donneesouvertes.affmunqc.net/role/RL71060_2026.xml,,,,
3e Rue,,L'Île-Perrot,,,204.4,,61300,,61300,2025,Terrain vacant,MAMH — Données Québec (rôle d'évaluation foncière),https://donneesouvertes.affmunqc.net/role/RL71060_2026.xml,,,,
"333, 22e Avenue",,L'Île-Perrot,,,529.5,1972,143000,260000,403000,2025,Logement,MAMH — Données Québec (rôle d'évaluation foncière),https://donneesouvertes.affmunqc.net/role/RL71060_2026.xml,,,,
"329, 4e Rue",,L'Île-Perrot,,,548.1,1972,162800,239700,402500,2025,Logement,MAMH — Données Québec (rôle d'évaluation foncière),https://donneesouvertes.affmunqc.net/role/RL71060_2026.xml,,,,
"329, 22e Avenue",,L'Île-Perrot,,,609.6,1972,152100,301000,453100,2025,Logement,MAMH — Données Québec (rôle d'évaluation foncière),https://donneesouvertes.affmunqc.net/role/RL71060_2026.xml,,,,
"333, 4e Rue",,L'Île-Perrot,,,548.1,1972,162800,221300,384100,2025,Logement,MAMH — Données Québec (rôle d'évaluation foncière),https://donneesouvertes.affmunqc.net/role/RL71060_2026.xml,,,,
"79, Ancolies",,L'Île-Perrot,,,569.7,2001,223500,391800,615300,2025,Logement,MAMH — Données Québec (rôle d'évaluation foncière),https://donneesouvertes.affmunqc.net/role/RL71060_2026.xml,,,,
"75, Ancolies",,L'Île-Perrot,,,567.3,2002,223200,408400,631600,2025,Logement,MAMH — Données Québec (rôle d'évaluation foncière),https://donneesouvertes.affmunqc.net/role/RL71060_2026.xml,,,,
"71, Ancolies",,L'Île-Perrot,,,564.9,2001,222800,365300,588100,2025,Logement,MAMH — Données Québec (rôle d'évaluation foncière),https://donneesouvertes.affmunqc.net/role/RL71060_2026.xml,,,,
"342, 20e Avenue, app. 344",,L'Île-Perrot,,,348.4,1989,120200,297600,417800,2025,Logement,MAMH — Données Québec (rôle d'évaluation foncière),https://donneesouvertes.affmunqc.net/role/RL71060_2026.xml,,,,
"67, Ancolies",,L'Île-Perrot,,,562.6,2002,222500,403700,626200,2025,Logement,MAMH — Données Québec (rôle d'évaluation foncière),https://donneesouvertes.affmunqc.net/role/RL71060_2026.xml,,,,
"338, 20e Avenue, app. 340",,L'Île-Perrot,,,348.4,1989,120200,294100,414300,2025,Logement,MAMH — Données Québec (rôle d'évaluation foncière),https://donneesouvertes.affmunqc.net/role/RL71060_2026.xml,,,,
"334, 20e Avenue, app. 336",,L'Île-Perrot,,,348.4,1989,120200,277500,397700,2025,Logement,MAMH — Données Québec (rôle d'évaluation foncière),https://donneesouvertes.affmunqc.net/role/RL71060_2026.xml,,,,
"330, 20e Avenue, app. 332",,L'Île-Perrot,,,348.4,1989,120200,289000,409200,2025,Logement,MAMH — Données Québec (rôle d'évaluation foncière),https://donneesouvertes.affmunqc.net/role/RL71060_2026.xml,,,,
"326, 20e Avenue, app. 328",,L'Île-Perrot,,,348.4,1989,120200,277100,397300,2025,Logement,MAMH — Données Québec (rôle d'évaluation foncière),https://donneesouvertes.affmunqc.net/role/RL71060_2026.xml,,,,
"320, 20e Avenue, app. 324",,L'Île-Perrot,,,696.8,1960,177700,365700,543400,2025,Logement,MAMH — Données Québec (rôle d'évaluation foncière),https://donneesouvertes.affmunqc.net/role/RL71060_2026.xml,,,,
"337, 20e Avenue",,L'Île-Perrot,,,348.7,2008,120300,466800,587100,2025,Logement,MAMH — Données Québec (rôle d'évaluation foncière),https://donneesouvertes.affmunqc.net/role/RL71060_2026.xml,,,,
"333, 20e Avenue",,L'Île-Perrot,,,348.6,2008,120300,448100,568400,2025,Logement,MAMH — Données Québec (rôle d'évaluation foncière),https://donneesouvertes.affmunqc.net/role/RL71060_2026.xml,,,,
"325, 20e Avenue",,L'Île-Perrot,,,499.2,1992,149800,366900,516700,2025,Logement,MAMH — Données Québec (rôle d'évaluation foncière),https://donneesouvertes.affmunqc.net/role/RL71060_2026.xml,,,,
"321, 20e Avenue",,L'Île-Perrot,,,499.2,1960,149800,204800,354600,2025,Logement,MAMH — Données Québec (rôle d'évaluation foncière),https://donneesouvertes.affmunqc.net/role/RL71060_2026.xml,,,,
"330, 3e Rue",,L'Île-Perrot,,,548.1,1972,162800,397600,560400,2025,Logement,MAMH — Données Québec (rôle d'évaluation foncière),https://donneesouvertes.affmunqc.net/role/RL71060_2026.xml,,,,
"312, 21e Avenue",,L'Île-Perrot,,,441.4,1972,139000,262600,401600,2025,Logement,MAMH — Données Québec (rôle d'évaluation foncière),https://donneesouvertes.affmunqc.net/role/RL71060_2026.xml,,,,
"38, Ancolies",,L'Île-Perrot,,,558.3,2001,221900,367900,589800,2025,Logement,MAMH — Données Québec (rôle d'évaluation foncière),https://donneesouvertes.affmunqc.net/role/RL71060_2026.xml,,,,
"34, Ancolies",,L'Île-Perrot,,,558.3,2000,221900,416600,638500,2025,Logement,MAMH — Données Québec (rôle d'évaluation foncière),https://donneesouvertes.affmunqc.net/role/RL71060_2026.xml,,,,
"30, Ancolies",,L'Île-Perrot,,,558.3,2001,221900,397400,619300,2025,Logement,MAMH — Données Québec (rôle d'évaluation foncière),https://donneesouvertes.affmunqc.net/role/RL71060_2026.xml,,,,
"63, Ancolies",,L'Île-Perrot,,,560.2,2001,222200,399200,621400,2025,Logement,MAMH — Données Québec (rôle d'évaluation foncière),https://donneesouvertes.affmunqc.net/role/RL71060_2026.xml,,,,
"59, Ancolies",,L'Île-Perrot,,,557.8,2002,221900,385300,607200,2025,Logement,MAMH — Données Québec (rôle d'évaluation foncière),https://donneesouvertes.affmunqc.net/role/RL71060_2026.xml,,,,
"55, Ancolies",,L'Île-Perrot,,,562.6,2002,222500,420800,643300,2025,Logement,MAMH — Données Québec (rôle d'évaluation foncière),https://donneesouvertes.affmunqc.net/role/RL71060_2026.xml,,,,
"51, Ancolies",,L'Île-Perrot,,,560.4,2001,223000,367000,590000,2025,Logement,MAMH — Données Québec (rôle d'évaluation foncière),https://donneesouvertes.affmunqc.net/role/RL71060_2026.xml,,,,
"47, Ancolies",,L'Île-Perrot,,,558.1,2001,221900,390200,612100,2025,Logement,MAMH — Données Québec (rôle d'évaluation foncière),https://donneesouvertes.affmunqc.net/role/RL71060_2026.xml,,,,
"43, Ancolies",,L'Île-Perrot,,,558.3,2001,221900,330000,551900,2025,Logement,MAMH — Données Québec (rôle d'évaluation foncière),https://donneesouvertes.affmunqc.net/role/RL71060_2026.xml,,,,
"316, 20e Avenue",,L'Île-Perrot,,,696.8,1963,177700,293200,470900,2025,Logement,MAMH — Données Québec (rôle d'évaluation foncière),https://donneesouvertes.affmunqc.net/role/RL71060_2026.xml,,,,
"298, 20e Avenue",,L'Île-Perrot,,,1045.1,1959,212500,296100,508600,2025,Logement,MAMH — Données Québec (rôle d'évaluation foncière),https://donneesouvertes.affmunqc.net/role/RL71060_2026.xml,,,,
"266, 20e Avenue",,L'Île-Perrot,,,522.6,1972,156800,254900,411700,2025,Logement,MAMH — Données Québec (rôle d'évaluation foncière),https://donneesouvertes.affmunqc.net/role/RL71060_2026.xml,,,,
"313, 20e Avenue, app. 315",,L'Île-Perrot,,,704.1,1970,178400,275300,453700,2025,Logement,MAMH — Données Québec (rôle d'évaluation foncière),https://donneesouvertes.affmunqc.net/role/RL71060_2026.xml,,,,
"459, 24e Avenue",,L'Île-Perrot,,,819.3,1987,221900,547000,768900,2025,Logement,MAMH — Données Québec (rôle d'évaluation foncière),https://donneesouvertes.affmunqc.net/role/RL71060_2026.xml,,,,
"455, 24e Avenue",,L'Île-Perrot,,,679.3,1987,203800,560100,763900,2025,Logement,MAMH — Données Québec (rôle d'évaluation foncière),https://donneesouvertes.affmunqc.net/role/RL71060_2026.xml,,,,
"456, 25e Avenue",,L'Île-Perrot,,,824.8,2004,221000,333300,554300,2025,Logement,MAMH — Données Québec (rôle d'évaluation foncière),https://donneesouvertes.affmunqc.net/role/RL71060_2026.xml,,,,
"2, Lilas",,L'Île-Perrot,,,1029.2,2003,244700,390000,634700,2025,Logement,MAMH — Données Québec (rôle d'évaluation foncière),https://donneesouvertes.affmunqc.net/role/RL71060_2026.xml,,,,
"452, 25e Avenue",,L'Île-Perrot,,,624.1,2004,197700,407000,604700,2025,Logement,MAMH — Données Québec (rôle d'évaluation foncière),https://donneesouvertes.affmunqc.net/role/RL71060_2026.xml,,,,
"6, Lilas",,L'Île-Perrot,,,811.5,2003,219400,353800,573200,2025,Logement,MAMH — Données Québec (rôle d'évaluation foncière),https://donneesouvertes.affmunqc.net/role/RL71060_2026.xml,,,,
"448, 24e Avenue",,L'Île-Perrot,,,901.6,1972,198200,278300,476500,2025,Logement,MAMH — Données Québec (rôle d'évaluation foncière),https://donneesouvertes.affmunqc.net/role/RL71060_2026.xml,,,,
"444, 24e Avenue",,L'Île-Perrot,,,570.6,1968,165100,332300,497400,2025,Logement,MAMH — Données Québec (rôle d'évaluation foncière),https://donneesouvertes.affmunqc.net/role/RL71060_2026.xml,,,,
"440, 24e Avenue",,L'Île-Perrot,,,600.1,1967,168000,275200,443200,2025,Logement,MAMH — Données Québec (rôle d'évaluation foncière),https://donneesouvertes.affmunqc.net/role/RL71060_2026.xml,,,,
"436, 24e Avenue",,L'Île-Perrot,,,863,1965,194300,299000,493300,2025,Logement,MAMH — Données Québec (rôle d'évaluation foncière),https://donneesouvertes.affmunqc.net/role/RL71060_2026.xml,,,,
"451, 24e Avenue",,L'Île-Perrot,,,534.2,1983,160300,304900,465200,2025,Logement,MAMH — Données Québec (rôle d'évaluation foncière),https://donneesouvertes.affmunqc.net/role/RL71060_2026.xml,,,,
"447, 24e Avenue",,L'Île-Perrot,,,748.2,1971,182800,294500,477300,2025,Logement,MAMH — Données Québec (rôle d'évaluation foncière),https://donneesouvertes.affmunqc.net/role/RL71060_2026.xml,,,,
"441, 24e Avenue",,L'Île-Perrot,,,921.4,1968,200100,255600,455700,2025,Logement,MAMH — Données Québec (rôle d'évaluation foncière),https://donneesouvertes.affmunqc.net/role/RL71060_2026.xml,,,,
"439, 24e Avenue",,L'Île-Perrot,,,788,1966,186800,220000,406800,2025,Logement,MAMH — Données Québec (rôle d'évaluation foncière),https://donneesouvertes.affmunqc.net/role/RL71060_2026.xml,,,,
"435, 24e Avenue",,L'Île-Perrot,,,1068.4,1986,214800,464800,679600,2025,Logement,MAMH — Données Québec (rôle d'évaluation foncière),https://donneesouvertes.affmunqc.net/role/RL71060_2026.xml,,,,
"448, 25e Avenue",,L'Île-Perrot,,,765.3,2004,228000,467100,695100,2025,Logement,MAMH — Données Québec (rôle d'évaluation foncière),https://donneesouvertes.affmunqc.net/role/RL71060_2026.xml,,,,
"444, 25e Avenue",,L'Île-Perrot,,,717.7,1989,183400,371200,554600,2025,Logement,MAMH — Données Québec (rôle d'évaluation foncière),https://donneesouvertes.affmunqc.net/role/RL71060_2026.xml,,,,
"451, 23e Avenue",,L'Île-Perrot,,,817.6,1968,189800,264800,454600,2025,Logement,MAMH — Données Québec (rôle d'évaluation foncière),https://donneesouvertes.affmunqc.net/role/RL71060_2026.xml,,,,
"447, 23e Avenue",,L'Île-Perrot,,,576,1972,165600,261500,427100,2025,Logement,MAMH — Données Québec (rôle d'évaluation foncière),https://donneesouvertes.affmunqc.net/role/RL71060_2026.xml,,,,
"445, 23e Avenue, app. 445",,L'Île-Perrot,,,464.5,1975,139400,264800,404200,2025,Logement,MAMH — Données Québec (rôle d'évaluation foncière),https://donneesouvertes.affmunqc.net/role/RL71060_2026.xml,,,,
"443, 23e Avenue",,L'Île-Perrot,,,464.5,1975,139400,260700,400100,2025,Logement,MAMH — Données Québec (rôle d'évaluation foncière),https://donneesouvertes.affmunqc.net/role/RL71060_2026.xml,,,,
"439, 23e Avenue",,L'Île-Perrot,,,929,1973,200900,370600,571500,2025,Logement,MAMH — Données Québec (rôle d'évaluation foncière),https://donneesouvertes.affmunqc.net/role/RL71060_2026.xml,,,,
"432, 24e Avenue",,L'Île-Perrot,,,869.7,1976,195000,440600,635600,2025,Logement,MAMH — Données Québec (rôle d'évaluation foncière),https://donneesouvertes.affmunqc.net/role/RL71060_2026.xml,,,,
"428, 24e Avenue",,L'Île-Perrot,,,876.4,1976,195600,333700,529300,2025,Logement,MAMH — Données Québec (rôle d'évaluation foncière),https://donneesouvertes.affmunqc.net/role/RL71060_2026.xml,,,,
"424, 24e Avenue",,L'Île-Perrot,,,883,1974,196300,268500,464800,2025,Logement,MAMH — Données Québec (rôle d'évaluation foncière),https://donneesouvertes.affmunqc.net/role/RL71060_2026.xml,,,,
24e Avenue,,L'Île-Perrot,,,7743.2,,100,,100,2025,Immeuble commercial,MAMH — Données Québec (rôle d'évaluation foncière),https://donneesouvertes.affmunqc.net/role/RL71060_2026.xml,,,,
"432, 23e Avenue",,L'Île-Perrot,,,929,1965,200900,315900,516800,2025,Logement,MAMH — Données Québec (rôle d'évaluation foncière),https://donneesouvertes.affmunqc.net/role/RL71060_2026.xml,,,,
"428, 23e Avenue",,L'Île-Perrot,,,929.8,1959,201000,200400,401400,2025,Logement,MAMH — Données Québec (rôle d'évaluation foncière),https://donneesouvertes.affmunqc.net/role/RL71060_2026.xml,,,,
"435, 23e Avenue",,L'Île-Perrot,,,929,1978,200900,354500,555400,2025,Logement,MAMH — Données Québec (rôle d'évaluation foncière),https://donneesouvertes.affmunqc.net/role/RL71060_2026.xml,,,,
"431, 23e Avenue",,L'Île-Perrot,,,929,1971,200900,243400,444300,2025,Logement,MAMH — Données Québec (rôle d'évaluation foncière),https://donneesouvertes.affmunqc.net/role/RL71060_2026.xml,,,,
"427, 23e Avenue",,L'Île-Perrot,,,929,,200900,1300,202200,2025,Logement,MAMH — Données Québec (rôle d'évaluation foncière),https://donneesouvertes.affmunqc.net/role/RL71060_2026.xml,,,,
"420, 24e Avenue",,L'Île-Perrot,,,889.7,1980,197000,352200,549200,2025,Logement,MAMH — Données Québec (rôle d'évaluation foncière),https://donneesouvertes.affmunqc.net/role/RL71060_2026.xml,,,,
"416, 24e Avenue",,L'Île-Perrot,,,447.4,1971,140900,238800,379700,2025,Logement,MAMH — Données Québec (rôle d'évaluation foncière),https://donneesouvertes.affmunqc.net/role/RL71060_2026.xml,,,,
"412, 24e Avenue",,L'Île-Perrot,,,503,1971,158400,259400,417800,2025,Logement,MAMH — Données Québec (rôle d'évaluation foncière),https://donneesouvertes.affmunqc.net/role/RL71060_2026.xml,,,,
"408, 24e Avenue",,L'Île-Perrot,,,849,1969,192900,266400,459300,2025,Logement,MAMH — Données Québec (rôle d'évaluation foncière),https://donneesouvertes.affmunqc.net/role/RL71060_2026.xml,,,,
"400, 24e Avenue",,L'Île-Perrot,,,909.4,1963,198900,229400,428300,2025,Logement,MAMH — Données Québec (rôle d'évaluation foncière),https://donneesouvertes.affmunqc.net/role/RL71060_2026.xml,,,,
"390, Sommet",,L'Île-Perrot,,,791.8,1960,187200,246200,433400,2025,Logement,MAMH — Données Québec (rôle d'évaluation foncière),https://donneesouvertes.affmunqc.net/role/RL71060_2026.xml,,,,
"424, 23e Avenue",,L'Île-Perrot,,,929,1959,200900,285900,486800,2025,Logement,MAMH — Données Québec (rôle d'évaluation foncière),https://donneesouvertes.affmunqc.net/role/RL71060_2026.xml,,,,
"416, 23e Avenue",,L'Île-Perrot,,,929,1955,200900,213900,414800,2025,Logement,MAMH — Données Québec (rôle d'évaluation foncière),https://donneesouvertes.affmunqc.net/role/RL71060_2026.xml,,,,
"408, 23e Avenue",,L'Île-Perrot,,,464.9,1956,139500,145700,285200,2025,Logement,MAMH — Données Québec (rôle d'évaluation foncière),https://donneesouvertes.affmunqc.net/role/RL71060_2026.xml,,,,
"406, 23e Avenue",,L'Île-Perrot,,,464.9,1978,139500,193000,332500,2025,Logement,MAMH — Données Québec (rôle d'évaluation foncière),https://donneesouvertes.affmunqc.net/role/RL71060_2026.xml,,,,
"417, 23e Avenue",,L'Île-Perrot,,,929,1974,200900,297500,498400,2025,Logement,MAMH — Données Québec (rôle d'évaluation foncière),https://donneesouvertes.affmunqc.net/role/RL71060_2026.xml,,,,
"405, 23e Avenue",,L'Île-Perrot,,,928.7,1978,200900,279400,480300,2025,Logement,MAMH — Données Québec (rôle d'évaluation foncière),https://donneesouvertes.affmunqc.net/role/RL71060_2026.xml,,,,
"403, 23e Avenue",,L'Île-Perrot,,,464.4,2003,139300,307700,447000,2025,Logement,MAMH — Données Québec (rôle d'évaluation foncière),https://donneesouvertes.affmunqc.net/role/RL71060_2026.xml,,,,
"386, Sommet",,L'Île-Perrot,,,795.7,1970,187600,179900,367500,2025,Logement,MAMH — Données Québec (rôle d'évaluation foncière),https://donneesouvertes.affmunqc.net/role/RL71060_2026.xml,,,,
"384, Sommet",,L'Île-Perrot,,,802.2,1979,188200,212200,400400,2025,Logement,MAMH — Données Québec (rôle d'évaluation foncière),https://donneesouvertes.affmunqc.net/role/RL71060_2026.xml,,,,
"382, Sommet",,L'Île-Perrot,,,797.7,1955,187800,210200,398000,2025,Logement,MAMH — Données Québec (rôle d'évaluation foncière),https://donneesouvertes.affmunqc.net/role/RL71060_2026.xml,,,,
"376, Sommet",,L'Île-Perrot,,,418.1,1991,131700,377900,509600,2025,Logement,MAMH — Données Québec (rôle d'évaluation foncière),https://donneesouvertes.affmunqc.net/role/RL71060_2026.xml,,,,
"398, 23e Avenue",,L'Île-Perrot,,,929,1977,200900,284100,485000,2025,Logement,MAMH — Données Québec (rôle d'évaluation foncière),https://donneesouvertes.affmunqc.net/role/RL71060_2026.xml,,,,
"394, 23e Avenue",,L'Île-Perrot,,,835.7,1971,191600,221700,413300,2025,Logement,MAMH — Données Québec (rôle d'évaluation foncière),https://donneesouvertes.affmunqc.net/role/RL71060_2026.xml,,,,
"388, 23e Avenue",,L'Île-Perrot,,,929,1989,200900,437300,638200,2025,Logement,MAMH — Données Québec (rôle d'évaluation foncière),https://donneesouvertes.affmunqc.net/role/RL71060_2026.xml,,,,
"345, 22e Avenue",,L'Île-Perrot,,,627.9,1972,153700,291400,445100,2025,Logement,MAMH — Données Québec (rôle d'évaluation foncière),https://donneesouvertes.affmunqc.net/role/RL71060_2026.xml,,,,
"357, 22e Avenue",,L'Île-Perrot,,,564.8,1972,148000,215300,363300,2025,Logement,MAMH — Données Québec (rôle d'évaluation foncière),https://donneesouvertes.affmunqc.net/role/RL71060_2026.xml,,,,
"353, 22e Avenue",,L'Île-Perrot,,,719.9,1972,162000,257000,419000,2025,Logement,MAMH — Données Québec (rôle d'évaluation foncière),https://donneesouvertes.affmunqc.net/role/RL71060_2026.xml,,,,
"349, 22e Avenue",,L'Île-Perrot,,,1112.5,1972,194700,248600,443300,2025,Logement,MAMH — Données Québec (rôle d'évaluation foncière),https://donneesouvertes.affmunqc.net/role/RL71060_2026.xml,,,,
"374, Sommet",,L'Île-Perrot,,,418.1,1991,131700,341700,473400,2025,Logement,MAMH — Données Québec (rôle d'évaluation foncière),https://donneesouvertes.affmunqc.net/role/RL71060_2026.xml,,,,
"370, Sommet",,L'Île-Perrot,,,739.2,1958,181900,284600,466500,2025,Logement,MAMH — Données Québec (rôle d'évaluation foncière),https://donneesouvertes.affmunqc.net/role/RL71060_2026.xml,,,,
"360, Sommet",,L'Île-Perrot,,,393,1987,129700,219500,349200,2025,Logement,MAMH — Données Québec (rôle d'évaluation foncière),https://donneesouvertes.affmunqc.net/role/RL71060_2026.xml,,,,
"356, Sommet",,L'Île-Perrot,,,396.9,1987,131000,223900,354900,2025,Logement,MAMH — Données Québec (rôle d'évaluation foncière),https://donneesouvertes.affmunqc.net/role/RL71060_2026.xml,,,,
"350, Sommet",,L'Île-Perrot,,,791.6,1976,187200,284200,471400,2025,Logement,MAMH — Données Québec (rôle d'évaluation foncière),https://donneesouvertes.affmunqc.net/role/RL71060_2026.xml,,,,
"380, 23e Avenue",,L'Île-Perrot,,,929,1972,200900,232100,433000,2025,Logement,MAMH — Données Québec (rôle d'évaluation foncière),https://donneesouvertes.affmunqc.net/role/RL71060_2026.xml,,,,
"374, 23e Avenue",,L'Île-Perrot,,,650,1977,173000,236900,409900,2025,Logement,MAMH — Données Québec (rôle d'évaluation foncière),https://donneesouvertes.affmunqc.net/role/RL71060_2026.xml,,,,
"340, 4e Rue",,L'Île-Perrot,,,552.5,1973,163300,248800,412100,2025,Logement,MAMH — Données Québec (rôle d'évaluation foncière),https://donneesouvertes.affmunqc.net/role/RL71060_2026.xml,,,,
"337, 4e Rue",,L'Île-Perrot,,,548.1,1972,162800,215400,378200,2025,Logement,MAMH — Données Québec (rôle d'évaluation foncière),https://donneesouvertes.affmunqc.net/role/RL71060_2026.xml,,,,
"344, 4e Rue",,L'Île-Perrot,,,557.4,1972,163700,232700,396400,2025,Logement,MAMH — Données Québec (rôle d'évaluation foncière),https://donneesouvertes.affmunqc.net/role/RL71060_2026.xml,,,,
"338, 3e Rue",,L'Île-Perrot,,,548.1,1972,162800,219900,382700,2025,Logement,MAMH — Données Québec (rôle d'évaluation foncière),https://donneesouvertes.affmunqc.net/role/RL71060_2026.xml,,,,
"341, 4e Rue",,L'Île-Perrot,,,642.3,1972,172200,257100,429300,2025,Logement,MAMH — Données Québec (rôle d'évaluation foncière),https://donneesouvertes.affmunqc.net/role/RL71060_2026.xml,,,,
"348, 4e Rue",,L'Île-Perrot,,,557.4,1972,163700,208700,372400,2025,Logement,MAMH — Données Québec (rôle d'évaluation foncière),https://donneesouvertes.affmunqc.net/role/RL71060_2026.xml,,,,
"342, 3e Rue",,L'Île-Perrot,,,642.3,1972,172200,202000,374200,2025,Logement,MAMH — Données Québec (rôle d'évaluation foncière),https://donneesouvertes.affmunqc.net/role/RL71060_2026.xml,,,,
"352, 4e Rue",,L'Île-Perrot,,,568.1,1972,164800,218400,383200,2025,Logement,MAMH — Données Québec (rôle d'évaluation foncière),https://donneesouvertes.affmunqc.net/role/RL71060_2026.xml,,,,
"345, 4e Rue",,L'Île-Perrot,,,703,1972,178300,240900,419200,2025,Logement,MAMH — Données Québec (rôle d'évaluation foncière),https://donneesouvertes.affmunqc.net/role/RL71060_2026.xml,,,,
"360, 4e Rue",,L'Île-Perrot,,,404,1975,127300,223500,350800,2025,Logement,MAMH — Données Québec (rôle d'évaluation foncière),https://donneesouvertes.affmunqc.net/role/RL71060_2026.xml,,,,
"321, 22e Avenue",,L'Île-Perrot,,,1281.2,1956,225300,260600,485900,2025,Logement,MAMH — Données Québec (rôle d'évaluation foncière),https://donneesouvertes.affmunqc.net/role/RL71060_2026.xml,,,,
"351, 4e Rue",,L'Île-Perrot,,,1396.7,1975,226200,300900,527100,2025,Logement,MAMH — Données Québec (rôle d'évaluation foncière),https://donneesouvertes.affmunqc.net/role/RL71060_2026.xml,,,,
"334, 3e Rue",,L'Île-Perrot,,,548.1,1972,162800,245900,408700,2025,Logement,MAMH — Données Québec (rôle d'évaluation foncière),https://donneesouvertes.affmunqc.net/role/RL71060_2026.xml,,,,
"308, 21e Avenue",,L'Île-Perrot,,,447.9,1972,141100,273300,414400,2025,Logement,MAMH — Données Québec (rôle d'évaluation foncière),https://donneesouvertes.affmunqc.net/role/RL71060_2026.xml,,,,
"304, 21e Avenue",,L'Île-Perrot,,,537.4,1973,161200,268100,429300,2025,Logement,MAMH — Données Québec (rôle d'évaluation foncière),https://donneesouvertes.affmunqc.net/role/RL71060_2026.xml,,,,
"309, 21e Avenue",,L'Île-Perrot,,,706.1,1972,178600,299500,478100,2025,Logement,MAMH — Données Québec (rôle d'évaluation foncière),https://donneesouvertes.affmunqc.net/role/RL71060_2026.xml,,,,
"305, 21e Avenue",,L'Île-Perrot,,,706.1,1972,178600,241100,419700,2025,Logement,MAMH — Données Québec (rôle d'évaluation foncière),https://donneesouvertes.affmunqc.net/role/RL71060_2026.xml,,,,
"301, 21e Avenue",,L'Île-Perrot,,,493.5,1972,148100,273500,421600,2025,Logement,MAMH — Données Québec (rôle d'évaluation foncière),https://donneesouvertes.affmunqc.net/role/RL71060_2026.xml,,,,
"312, 22e Avenue",,L'Île-Perrot,,,370.4,1959,122200,260300,382500,2025,Logement,MAMH — Données Québec (rôle d'évaluation foncière),https://donneesouvertes.affmunqc.net/role/RL71060_2026.xml,,,,
"308, 22e Avenue, app. 310",,L'Île-Perrot,,,353,1986,116500,276000,392500,2025,Logement,MAMH — Données Québec (rôle d'évaluation foncière),https://donneesouvertes.affmunqc.net/role/RL71060_2026.xml,,,,
"304, 22e Avenue",,L'Île-Perrot,,,529.6,1955,158900,255500,414400,2025,Logement,MAMH — Données Québec (rôle d'évaluation foncière),https://donneesouvertes.affmunqc.net/role/RL71060_2026.xml,,,,
"300, 22e Avenue",,L'Île-Perrot,,,529.6,1951,158900,298300,457200,2025,Logement,MAMH — Données Québec (rôle d'évaluation foncière),https://donneesouvertes.affmunqc.net/role/RL71060_2026.xml,,,,
"317, 22e Avenue",,L'Île-Perrot,,,856.4,1988,193600,321700,515300,2025,Logement,MAMH — Données Québec (rôle d'évaluation foncière),https://donneesouvertes.affmunqc.net/role/RL71060_2026.xml,,,,
"313, 22e Avenue, app. 315",,L'Île-Perrot,,,743.9,2020,182400,498600,681000,2025,Logement,MAMH — Données Québec (rôle d'évaluation foncière),https://donneesouvertes.affmunqc.net/role/RL71060_2026.xml,,,,
"295, 20e Avenue",,L'Île-Perrot,,,1063.3,1957,214300,381600,595900,2025,Logement,MAMH — Données Québec (rôle d'évaluation foncière),https://donneesouvertes.affmunqc.net/role/RL71060_2026.xml,,,,
"298, 21e Avenue",,L'Île-Perrot,,,358.3,1953,118200,247500,365700,2025,Logement,MAMH — Données Québec (rôle d'évaluation foncière),https://donneesouvertes.affmunqc.net/role/RL71060_2026.xml,,,,
"291, 20e Avenue",,L'Île-Perrot,,,357,,107100,,107100,2025,Terrain vacant,MAMH — Données Québec (rôle d'évaluation foncière),https://donneesouvertes.affmunqc.net/role/RL71060_2026.xml,,,,
"294, 21e Avenue, app. 296",,L'Île-Perrot,,,529.5,1951,158900,295400,454300,2025,Logement,MAMH — Données Québec (rôle d'évaluation foncière),https://donneesouvertes.affmunqc.net/role/RL71060_2026.xml,,,,
"290, 21e Avenue",,L'Île-Perrot,,,953.2,1950,203300,222800,426100,2025,Logement,MAMH — Données Québec (rôle d'évaluation foncière),https://donneesouvertes.affmunqc.net/role/RL71060_2026.xml,,,,
"280, 21e Avenue",,L'Île-Perrot,,,996.6,1949,207700,291400,499100,2025,Logement,MAMH — Données Québec (rôle d'évaluation foncière),https://donneesouvertes.affmunqc.net/role/RL71060_2026.xml,,,,
"297, 21e Avenue",,L'Île-Perrot,,,408.5,1982,128700,386500,515200,2025,Logement,MAMH — Données Québec (rôle d'évaluation foncière),https://donneesouvertes.affmunqc.net/role/RL71060_2026.xml,,,,
"291, 21e Avenue",,L'Île-Perrot,,,527.1,1950,158100,189400,347500,2025,Logement,MAMH — Données Québec (rôle d'évaluation foncière),https://donneesouvertes.affmunqc.net/role/RL71060_2026.xml,,,,
"283, 21e Avenue",,L'Île-Perrot,,,706.1,1950,178600,144400,323000,2025,Logement,MAMH — Données Québec (rôle d'évaluation foncière),https://donneesouvertes.affmunqc.net/role/RL71060_2026.xml,,,,
"296, 22e Avenue",,L'Île-Perrot,,,423.6,1951,133400,245800,379200,2025,Logement,MAMH — Données Québec (rôle d'évaluation foncière),https://donneesouvertes.affmunqc.net/role/RL71060_2026.xml,,,,
"281, 21e Avenue",,L'Île-Perrot,,,480.7,1957,144200,203900,348100,2025,Logement,MAMH — Données Québec (rôle d'évaluation foncière),https://donneesouvertes.affmunqc.net/role/RL71060_2026.xml,,,,
"292, 22e Avenue",,L'Île-Perrot,,,723.7,1984,180400,354100,534500,2025,Logement,MAMH — Données Québec (rôle d'évaluation foncière),https://donneesouvertes.affmunqc.net/role/RL71060_2026.xml,,,,
"284, 22e Avenue",,L'Île-Perrot,,,843.2,1950,192300,205600,397900,2025,Logement,MAMH — Données Québec (rôle d'évaluation foncière),https://donneesouvertes.affmunqc.net/role/RL71060_2026.xml,,,,
"8, Lilas",,L'Île-Perrot,,,696.8,2003,208100,455400,663500,2025,Logement,MAMH — Données Québec (rôle d'évaluation foncière),https://donneesouvertes.affmunqc.net/role/RL71060_2026.xml,,,,
"12, Lilas",,L'Île-Perrot,,,696.8,2003,208100,374000,582100,2025,Logement,MAMH — Données Québec (rôle d'évaluation foncière),https://donneesouvertes.affmunqc.net/role/RL71060_2026.xml,,,,
"1, Lilas",,L'Île-Perrot,,,715.6,1997,222200,381600,603800,2025,Logement,MAMH — Données Québec (rôle d'évaluation foncière),https://donneesouvertes.affmunqc.net/role/RL71060_2026.xml,,,,
"455, 25e Avenue",,L'Île-Perrot,,,658.2,1999,215600,414100,629700,2025,Logement,MAMH — Données Québec (rôle d'évaluation foncière),https://donneesouvertes.affmunqc.net/role/RL71060_2026.xml,,,,
"14, Lilas",,L'Île-Perrot,,,696.8,2004,208100,319600,527700,2025,Logement,MAMH — Données Québec (rôle d'évaluation foncière),https://donneesouvertes.affmunqc.net/role/RL71060_2026.xml,,,,
"5, Lilas",,L'Île-Perrot,,,563.9,2000,196200,312600,508800,2025,Logement,MAMH — Données Québec (rôle d'évaluation foncière),https://donneesouvertes.affmunqc.net/role/RL71060_2026.xml,,,,
"9, Lilas",,L'Île-Perrot,,,557.5,1998,192000,356300,548300,2025,Logement,MAMH — Données Québec (rôle d'évaluation foncière),https://donneesouvertes.affmunqc.net/role/RL71060_2026.xml,,,,
"89, Chenes",,L'Île-Perrot,,,802.3,1999,218300,538000,756300,2025,Logement,MAMH — Données Québec (rôle d'évaluation foncière),https://donneesouvertes.affmunqc.net/role/RL71060_2026.xml,,,,
"13, Lilas",,L'Île-Perrot,,,557.5,2000,192000,384600,576600,2025,Logement,MAMH — Données Québec (rôle d'évaluation foncière),https://donneesouvertes.affmunqc.net/role/RL71060_2026.xml,,,,
"17, Lilas",,L'Île-Perrot,,,566.1,1999,194900,425000,619900,2025,Logement,MAMH — Données Québec (rôle d'évaluation foncière),https://donneesouvertes.affmunqc.net/role/RL71060_2026.xml,,,,
"93, Chenes",,L'Île-Perrot,,,597.6,1997,194600,369500,564100,2025,Logement,MAMH — Données Québec (rôle d'évaluation foncière),https://donneesouvertes.affmunqc.net/role/RL71060_2026.xml,,,,
"19, Lilas",,L'Île-Perrot,,,557.6,1999,192000,416500,608500,2025,Logement,MAMH — Données Québec (rôle d'évaluation foncière),https://donneesouvertes.affmunqc.net/role/RL71060_2026.xml,,,,
"440, 25e Avenue",,L'Île-Perrot,,,717.7,1989,183400,451100,634500,2025,Logement,MAMH — Données Québec (rôle d'évaluation foncière),https://donneesouvertes.affmunqc.net/role/RL71060_2026.xml,,,,
"436, 25e Avenue",,L'Île-Perrot,,,956.9,1989,207800,457100,664900,2025,Logement,MAMH — Données Québec (rôle d'évaluation foncière),https://donneesouvertes.affmunqc.net/role/RL71060_2026.xml,,,,
"451, 25e Avenue",,L'Île-Perrot,,,557.5,1997,192000,367400,559400,2025,Logement,MAMH — Données Québec (rôle d'évaluation foncière),https://donneesouvertes.affmunqc.net/role/RL71060_2026.xml,,,,
"447, 25e Avenue",,L'Île-Perrot,,,557.5,1999,192000,253300,445300,2025,Logement,MAMH — Données Québec (rôle d'évaluation foncière),https://donneesouvertes.affmunqc.net/role/RL71060_2026.xml,,,,
"443, 25e Avenue",,L'Île-Perrot,,,557.5,1996,192000,333300,525300,2025,Logement,MAMH — Données Québec (rôle d'évaluation foncière),https://donneesouvertes.affmunqc.net/role/RL71060_2026.xml,,,,
"439, 25e Avenue",,L'Île-Perrot,,,557.5,1999,192000,329700,521700,2025,Logement,MAMH — Données Québec (rôle d'évaluation foncière),https://donneesouvertes.affmunqc.net/role/RL71060_2026.xml,,,,
"435, 25e Avenue",,L'Île-Perrot,,,557.5,2000,192000,388400,580400,2025,Logement,MAMH — Données Québec (rôle d'évaluation foncière),https://donneesouvertes.affmunqc.net/role/RL71060_2026.xml,,,,
"85, Chenes",,L'Île-Perrot,,,798.1,1991,217900,679700,897600,2025,Logement,MAMH — Données Québec (rôle d'évaluation foncière),https://donneesouvertes.affmunqc.net/role/RL71060_2026.xml,,,,
"81, Chenes",,L'Île-Perrot,,,602.9,1997,197200,469900,667100,2025,Logement,MAMH — Données Québec (rôle d'évaluation foncière),https://donneesouvertes.affmunqc.net/role/RL71060_2026.xml,,,,
"77, Chenes",,L'Île-Perrot,,,602.9,1999,197200,426300,623500,2025,Logement,MAMH — Données Québec (rôle d'évaluation foncière),https://donneesouvertes.affmunqc.net/role/RL71060_2026.xml,,,,
"73, Chenes",,L'Île-Perrot,,,602.9,1999,197200,400200,597400,2025,Logement,MAMH — Données Québec (rôle d'évaluation foncière),https://donneesouvertes.affmunqc.net/role/RL71060_2026.xml,,,,
"69, Chenes",,L'Île-Perrot,,,602.9,1997,197200,458900,656100,2025,Logement,MAMH — Données Québec (rôle d'évaluation foncière),https://donneesouvertes.affmunqc.net/role/RL71060_2026.xml,,,,
"65, Chenes",,L'Île-Perrot,,,602.9,1999,197200,353500,550700,2025,Logement,MAMH — Données Québec (rôle d'évaluation foncière),https://donneesouvertes.affmunqc.net/role/RL71060_2026.xml,,,,
"427, 24e Avenue",,L'Île-Perrot,,,1065.8,1959,214600,341300,555900,2025,Logement,MAMH — Données Québec (rôle d'évaluation foncière),https://donneesouvertes.affmunqc.net/role/RL71060_2026.xml,,,,
"431, 24e Avenue",,L'Île-Perrot,,,2025.3,1989,265800,470800,736600,2025,Logement,MAMH — Données Québec (rôle d'évaluation foncière),https://donneesouvertes.affmunqc.net/role/RL71060_2026.xml,,,,
"423, 24e Avenue",,L'Île-Perrot,,,1159.8,1965,216600,258000,474600,2025,Logement,MAMH — Données Québec (rôle d'évaluation foncière),https://donneesouvertes.affmunqc.net/role/RL71060_2026.xml,,,,
"432, 25e Avenue",,L'Île-Perrot,,,478.5,1990,146400,337800,484200,2025,Logement,MAMH — Données Québec (rôle d'évaluation foncière),https://donneesouvertes.affmunqc.net/role/RL71060_2026.xml,,,,
"428, 25e Avenue",,L'Île-Perrot,,,478.5,1990,146400,361700,508100,2025,Logement,MAMH — Données Québec (rôle d'évaluation foncière),https://donneesouvertes.affmunqc.net/role/RL71060_2026.xml,,,,
"424, 25e Avenue",,L'Île-Perrot,,,865.5,1989,198400,601500,799900,2025,Logement,MAMH — Données Québec (rôle d'évaluation foncière),https://donneesouvertes.affmunqc.net/role/RL71060_2026.xml,,,,
"431, 25e Avenue",,L'Île-Perrot,,,557.5,2001,192000,407700,599700,2025,Logement,MAMH — Données Québec (rôle d'évaluation foncière),https://donneesouvertes.affmunqc.net/role/RL71060_2026.xml,,,,
"427, 25e Avenue",,L'Île-Perrot,,,642.5,1998,213700,472400,686100,2025,Logement,MAMH — Données Québec (rôle d'évaluation foncière),https://donneesouvertes.affmunqc.net/role/RL71060_2026.xml,,,,
"421, 25e Avenue",,L'Île-Perrot,,,1200,2000,278400,582100,860500,2025,Logement,MAMH — Données Québec (rôle d'évaluation foncière),https://donneesouvertes.affmunqc.net/role/RL71060_2026.xml,,,,
"415, 25e Avenue",,L'Île-Perrot,,,557.5,2001,192000,393000,585000,2025,Logement,MAMH — Données Québec (rôle d'évaluation foncière),https://donneesouvertes.affmunqc.net/role/RL71060_2026.xml,,,,
"421, 24e Avenue",,L'Île-Perrot,,,1068.4,1957,214800,424900,639700,2025,Logement,MAMH — Données Québec (rôle d'évaluation foncière),https://donneesouvertes.affmunqc.net/role/RL71060_2026.xml,,,,
"411, 24e Avenue",,L'Île-Perrot,,,1067.4,1987,214700,456900,671600,2025,Logement,MAMH — Données Québec (rôle d'évaluation foncière),https://donneesouvertes.affmunqc.net/role/RL71060_2026.xml,,,,
"405, 24e Avenue",,L'Île-Perrot,,,1068.4,1974,214800,282400,497200,2025,Logement,MAMH — Données Québec (rôle d'évaluation foncière),https://donneesouvertes.affmunqc.net/role/RL71060_2026.xml,,,,
"401, 24e Avenue",,L'Île-Perrot,,,534.2,1974,160300,205400,365700,2025,Logement,MAMH — Données Québec (rôle d'évaluation foncière),https://donneesouvertes.affmunqc.net/role/RL71060_2026.xml,,,,
"420, 25e Avenue",,L'Île-Perrot,,,956.9,1968,207800,231900,439700,2025,Logement,MAMH — Données Québec (rôle d'évaluation foncière),https://donneesouvertes.affmunqc.net/role/RL71060_2026.xml,,,,
"376, 25e Avenue",,L'Île-Perrot,,,478.5,1989,146400,368900,515300,2025,Logement,MAMH — Données Québec (rôle d'évaluation foncière),https://donneesouvertes.affmunqc.net/role/RL71060_2026.xml,,,,
"372, 25e Avenue",,L'Île-Perrot,,,478.5,1989,146400,371000,517400,2025,Logement,MAMH — Données Québec (rôle d'évaluation foncière),https://donneesouvertes.affmunqc.net/role/RL71060_2026.xml,,,,
"368, 25e Avenue",,L'Île-Perrot,,,956.9,1985,207800,412700,620500,2025,Logement,MAMH — Données Québec (rôle d'évaluation foncière),https://donneesouvertes.affmunqc.net/role/RL71060_2026.xml,,,,
"364, 25e Avenue",,L'Île-Perrot,,,956.9,1980,207800,452000,659800,2025,Logement,MAMH — Données Québec (rôle d'évaluation foncière),https://donneesouvertes.affmunqc.net/role/RL71060_2026.xml,,,,
"396, 24e Avenue",,L'Île-Perrot,,,916.5,1971,199700,283400,483100,2025,Logement,MAMH — Données Québec (rôle d'évaluation foncière),https://donneesouvertes.affmunqc.net/role/RL71060_2026.xml,,,,
"394, 24e Avenue",,L'Île-Perrot,,,922.6,1973,200300,362800,563100,2025,Logement,MAMH — Données Québec (rôle d'évaluation foncière),https://donneesouvertes.affmunqc.net/role/RL71060_2026.xml,,,,
"374, 24e Avenue",,L'Île-Perrot,,,929.3,1958,200900,231600,432500,2025,Logement,MAMH — Données Québec (rôle d'évaluation foncière),https://donneesouvertes.affmunqc.net/role/RL71060_2026.xml,,,,
"397, 24e Avenue",,L'Île-Perrot,,,534.2,1974,160300,206200,366500,2025,Logement,MAMH — Données Québec (rôle d'évaluation foncière),https://donneesouvertes.affmunqc.net/role/RL71060_2026.xml,,,,
"393, 24e Avenue",,L'Île-Perrot,,,1068.4,1953,214800,211700,426500,2025,Logement,MAMH — Données Québec (rôle d'évaluation foncière),https://donneesouvertes.affmunqc.net/role/RL71060_2026.xml,,,,
"389, 24e Avenue",,L'Île-Perrot,,,1068.3,1955,214800,260500,475300,2025,Logement,MAMH — Données Québec (rôle d'évaluation foncière),https://donneesouvertes.affmunqc.net/role/RL71060_2026.xml,,,,
"360, 25e Avenue",,L'Île-Perrot,,,956.9,1975,207800,413300,621100,2025,Logement,MAMH — Données Québec (rôle d'évaluation foncière),https://donneesouvertes.affmunqc.net/role/RL71060_2026.xml,,,,
"405, Boischatel, app. 407",,L'Île-Perrot,,,509.7,1985,152900,339400,492300,2025,Logement,MAMH — Données Québec (rôle d'évaluation foncière),https://donneesouvertes.affmunqc.net/role/RL71060_2026.xml,,,,
"356, 25e Avenue",,L'Île-Perrot,,,516.9,1958,158200,194500,352700,2025,Logement,MAMH — Données Québec (rôle d'évaluation foncière),https://donneesouvertes.affmunqc.net/role/RL71060_2026.xml,,,,
"401, 23e Avenue",,L'Île-Perrot,,,928.7,2001,200900,337900,538800,2025,Logement,MAMH — Données Québec (rôle d'évaluation foncière),https://donneesouvertes.affmunqc.net/role/RL71060_2026.xml,,,,
"395, 23e Avenue",,L'Île-Perrot,,,464.3,2019,139300,438900,578200,2025,Logement,MAMH — Données Québec (rôle d'évaluation foncière),https://donneesouvertes.affmunqc.net/role/RL71060_2026.xml,,,,
"391, 23e Avenue",,L'Île-Perrot,,,464.4,2019,139300,420500,559800,2025,Logement,MAMH — Données Québec (rôle d'évaluation foncière),https://donneesouvertes.affmunqc.net/role/RL71060_2026.xml,,,,
"375, 23e Avenue",,L'Île-Perrot,,,929,1961,200900,363700,564600,2025,Logement,MAMH — Données Québec (rôle d'évaluation foncière),https://donneesouvertes.affmunqc.net/role/RL71060_2026.xml,,,,
"370, 24e Avenue, app. 372",,L'Île-Perrot,,,555.4,2016,163500,437800,601300,2025,Logement,MAMH — Données Québec (rôle d'évaluation foncière),https://donneesouvertes.affmunqc.net/role/RL71060_2026.xml,,,,
"368, 24e Avenue",,L'Île-Perrot,,,757.3,1950,183700,153700,337400,2025,Logement,MAMH — Données Québec (rôle d'évaluation foncière),https://donneesouvertes.affmunqc.net/role/RL71060_2026.xml,,,,
"360, 24e Avenue",,L'Île-Perrot,,,945.3,1973,202500,309300,511800,2025,Logement,MAMH — Données Québec (rôle d'évaluation foncière),https://donneesouvertes.affmunqc.net/role/RL71060_2026.xml,,,,
"358, 24e Avenue",,L'Île-Perrot,,,742,1940,182200,227100,409300,2025,Logement,MAMH — Données Québec (rôle d'évaluation foncière),https://donneesouvertes.affmunqc.net/role/RL71060_2026.xml,,,,
"401, Boischatel, app. 403",,L'Île-Perrot,,,509.7,1985,152900,336000,488900,2025,Logement,MAMH — Données Québec (rôle d'évaluation foncière),https://donneesouvertes.affmunqc.net/role/RL71060_2026.xml,,,,
"367, 24e Avenue, app. 369",,L'Île-Perrot,,,536.5,1984,161000,332200,493200,2025,Logement,MAMH — Données Québec (rôle d'évaluation foncière),https://donneesouvertes.affmunqc.net/role/RL71060_2026.xml,,,,
"363, 24e Avenue, app. 365",,L'Île-Perrot,,,536.5,1984,161000,366300,527300,2025,Logement,MAMH — Données Québec (rôle d'évaluation foncière),https://donneesouvertes.affmunqc.net/role/RL71060_2026.xml,,,,
"359, 24e Avenue, app. 359",,L'Île-Perrot,,,335.8,1992,115900,347600,463500,2025,Logement,MAMH — Données Québec (rôle d'évaluation foncière),https://donneesouvertes.affmunqc.net/role/RL71060_2026.xml,,,,
"368, 23e Avenue",,L'Île-Perrot,,,647.7,1977,172800,244600,417400,2025,Logement,MAMH — Données Québec (rôle d'évaluation foncière),https://donneesouvertes.affmunqc.net/role/RL71060_2026.xml,,,,
"366, 23e Avenue",,L'Île-Perrot,,,642,1977,172200,221700,393900,2025,Logement,MAMH — Données Québec (rôle d'évaluation foncière),https://donneesouvertes.affmunqc.net/role/RL71060_2026.xml,,,,
"369, 23e Avenue, app. 371",,L'Île-Perrot,,,464.5,1986,139400,415300,554700,2025,Logement,MAMH — Données Québec (rôle d'évaluation foncière),https://donneesouvertes.affmunqc.net/role/RL71060_2026.xml,,,,
"365, 23e Avenue",,L'Île-Perrot,,,929,1956,200900,271300,472200,2025,Logement,MAMH — Données Québec (rôle d'évaluation foncière),https://donneesouvertes.affmunqc.net/role/RL71060_2026.xml,,,,
"359, 23e Avenue",,L'Île-Perrot,,,464.5,1980,139400,155100,294500,2025,Logement,MAMH — Données Québec (rôle d'évaluation foncière),https://donneesouvertes.affmunqc.net/role/RL71060_2026.xml,,,,
"355, 23e Avenue",,L'Île-Perrot,,,464.5,1991,139400,202400,341800,2025,Logement,MAMH — Données Québec (rôle d'évaluation foncière),https://donneesouvertes.affmunqc.net/role/RL71060_2026.xml,,,,
"353, 23e Avenue",,L'Île-Perrot,,,650.3,1972,173000,246200,419200,2025,Logement,MAMH — Données Québec (rôle d'évaluation foncière),https://donneesouvertes.affmunqc.net/role/RL71060_2026.xml,,,,
"356, 24e Avenue",,L'Île-Perrot,,,1168.7,1945,216700,590600,807300,2025,Logement,MAMH — Données Québec (rôle d'évaluation foncière),https://donneesouvertes.affmunqc.net/role/RL71060_2026.xml,,,,
"350, 24e Avenue",,L'Île-Perrot,,,964.8,1992,204500,327200,531700,2025,Logement,MAMH — Données Québec (rôle d'évaluation foncière),https://donneesouvertes.affmunqc.net/role/RL71060_2026.xml,,,,
"326, 24e Avenue",,L'Île-Perrot,,,971.5,2001,205200,653900,859100,2025,Logement,MAMH — Données Québec (rôle d'évaluation foncière),https://donneesouvertes.affmunqc.net/role/RL71060_2026.xml,,,,
"324, 24e Avenue",,L'Île-Perrot,,,978,1945,205800,238600,444400,2025,Logement,MAMH — Données Québec (rôle d'évaluation foncière),https://donneesouvertes.affmunqc.net/role/RL71060_2026.xml,,,,
"362, 23e Avenue",,L'Île-Perrot,,,644.5,1977,172500,294100,466600,2025,Logement,MAMH — Données Québec (rôle d'évaluation foncière),https://donneesouvertes.affmunqc.net/role/RL71060_2026.xml,,,,
"354, 23e Avenue",,L'Île-Perrot,,,1055.7,1974,213600,244200,457800,2025,Logement,MAMH — Données Québec (rôle d'évaluation foncière),https://donneesouvertes.affmunqc.net/role/RL71060_2026.xml,,,,
"358, 23e Avenue",,L'Île-Perrot,,,650.1,1977,173000,282300,455300,2025,Logement,MAMH — Données Québec (rôle d'évaluation foncière),https://donneesouvertes.affmunqc.net/role/RL71060_2026.xml,,,,
"352, 23e Avenue",,L'Île-Perrot,,,979.9,1974,206000,246300,452300,2025,Logement,MAMH — Données Québec (rôle d'évaluation foncière),https://donneesouvertes.affmunqc.net/role/RL71060_2026.xml,,,,
"351, 23e Avenue",,L'Île-Perrot,,,743.2,1973,155000,359700,514700,2025,Logement,MAMH — Données Québec (rôle d'évaluation foncière),https://donneesouvertes.affmunqc.net/role/RL71060_2026.xml,,,,
"347, 23e Avenue",,L'Île-Perrot,,,464.5,1978,139400,217600,357000,2025,Logement,MAMH — Données Québec (rôle d'évaluation foncière),https://donneesouvertes.affmunqc.net/role/RL71060_2026.xml,,,,
"345, 23e Avenue",,L'Île-Perrot,,,464.5,1978,139400,198000,337400,2025,Logement,MAMH — Données Québec (rôle d'évaluation foncière),https://donneesouvertes.affmunqc.net/role/RL71060_2026.xml,,,,
"341, 23e Avenue",,L'Île-Perrot,,,929,1973,200900,299500,500400,2025,Logement,MAMH — Données Québec (rôle d'évaluation foncière),https://donneesouvertes.affmunqc.net/role/RL71060_2026.xml,,,,
"339, 23e Avenue",,L'Île-Perrot,,,464.5,2011,139400,338200,477600,2025,Logement,MAMH — Données Québec (rôle d'évaluation foncière),https://donneesouvertes.affmunqc.net/role/RL71060_2026.xml,,,,
"337, 23e Avenue",,L'Île-Perrot,,,464.5,2011,139400,338500,477900,2025,Logement,MAMH — Données Québec (rôle d'évaluation foncière),https://donneesouvertes.affmunqc.net/role/RL71060_2026.xml,,,,
"309, 22e Avenue",,L'Île-Perrot,,,920.1,1977,200000,223100,423100,2025,Logement,MAMH — Données Québec (rôle d'évaluation foncière),https://donneesouvertes.affmunqc.net/role/RL71060_2026.xml,,,,
"305, 22e Avenue",,L'Île-Perrot,,,917.5,1979,199800,215800,415600,2025,Logement,MAMH — Données Québec (rôle d'évaluation foncière),https://donneesouvertes.affmunqc.net/role/RL71060_2026.xml,,,,
"301, 22e Avenue, app. 303",,L'Île-Perrot,,,1371.5,1954,218300,312100,530400,2025,Logement,MAMH — Données Québec (rôle d'évaluation foncière),https://donneesouvertes.affmunqc.net/role/RL71060_2026.xml,,,,
"297, 22e Avenue, app. 299",,L'Île-Perrot,,,911.2,1952,199100,419200,618300,2025,Logement,MAMH — Données Québec (rôle d'évaluation foncière),https://donneesouvertes.affmunqc.net/role/RL71060_2026.xml,,,,
"350, 23e Avenue",,L'Île-Perrot,,,930.9,1974,201100,247800,448900,2025,Logement,MAMH — Données Québec (rôle d'évaluation foncière),https://donneesouvertes.affmunqc.net/role/RL71060_2026.xml,,,,
"348, 23e Avenue",,L'Île-Perrot,,,891.9,1949,197200,210300,407500,2025,Logement,MAMH — Données Québec (rôle d'évaluation foncière),https://donneesouvertes.affmunqc.net/role/RL71060_2026.xml,,,,
"344, 23e Avenue",,L'Île-Perrot,,,929,1982,200900,353600,554500,2025,Logement,MAMH — Données Québec (rôle d'évaluation foncière),https://donneesouvertes.affmunqc.net/role/RL71060_2026.xml,,,,
"328, 23e Avenue",,L'Île-Perrot,,,928.5,1981,200900,309800,510700,2025,Logement,MAMH — Données Québec (rôle d'évaluation foncière),https://donneesouvertes.affmunqc.net/role/RL71060_2026.xml,,,,
"278, 22e Avenue",,L'Île-Perrot,,,353,1948,116500,170100,286600,2025,Logement,MAMH — Données Québec (rôle d'évaluation foncière),https://donneesouvertes.affmunqc.net/role/RL71060_2026.xml,,,,
"274, 22e Avenue",,L'Île-Perrot,,,353,1951,116500,131700,248200,2025,Logement,MAMH — Données Québec (rôle d'évaluation foncière),https://donneesouvertes.affmunqc.net/role/RL71060_2026.xml,,,,
"289, 22e Avenue, app. 291",,L'Île-Perrot,,,352.9,1986,116500,268600,385100,2025,Logement,MAMH — Données Québec (rôle d'évaluation foncière),https://donneesouvertes.affmunqc.net/role/RL71060_2026.xml,,,,
"295, 22e Avenue",,L'Île-Perrot,,,1461.3,1971,197100,282800,479900,2025,Logement,MAMH — Données Québec (rôle d'évaluation foncière),https://donneesouvertes.affmunqc.net/role/RL71060_2026.xml,,,,
"285, 22e Avenue, app. 287",,L'Île-Perrot,,,1353.1,2019,218200,613000,831200,2025,Logement,MAMH — Données Québec (rôle d'évaluation foncière),https://donneesouvertes.affmunqc.net/role/RL71060_2026.xml,,,,
"283, 22e Avenue",,L'Île-Perrot,,,899.2,1953,197900,164500,362400,2025,Logement,MAMH — Données Québec (rôle d'évaluation foncière),https://donneesouvertes.affmunqc.net/role/RL71060_2026.xml,,,,
"281, 22e Avenue",,L'Île-Perrot,,,896.7,1948,197700,251500,449200,2025,Logement,MAMH — Données Québec (rôle d'évaluation foncière),https://donneesouvertes.affmunqc.net/role/RL71060_2026.xml,,,,
"279, 22e Avenue",,L'Île-Perrot,,,894.1,1952,197400,152700,350100,2025,Logement,MAMH — Données Québec (rôle d'évaluation foncière),https://donneesouvertes.affmunqc.net/role/RL71060_2026.xml,,,,
"269, 22e Avenue",,L'Île-Perrot,,,1780.4,1972,221600,547500,769100,2025,Logement,MAMH — Données Québec (rôle d'évaluation foncière),https://donneesouvertes.affmunqc.net/role/RL71060_2026.xml,,,,
"322, 23e Avenue",,L'Île-Perrot,,,928.5,1981,200900,339800,540700,2025,Logement,MAMH — Données Québec (rôle d'évaluation foncière),https://donneesouvertes.affmunqc.net/role/RL71060_2026.xml,,,,
"318, 23e Avenue",,L'Île-Perrot,,,464.2,1951,139300,146100,285400,2025,Logement,MAMH — Données Québec (rôle d'évaluation foncière),https://donneesouvertes.affmunqc.net/role/RL71060_2026.xml,,,,
"97, Chenes",,L'Île-Perrot,,,759.5,1998,215400,368000,583400,2025,Logement,MAMH — Données Québec (rôle d'évaluation foncière),https://donneesouvertes.affmunqc.net/role/RL71060_2026.xml,,,,
"21, Lilas",,L'Île-Perrot,,,620.8,1996,211200,457000,668200,2025,Logement,MAMH — Données Québec (rôle d'évaluation foncière),https://donneesouvertes.affmunqc.net/role/RL71060_2026.xml,,,,
"66, Peupliers",,L'Île-Perrot,,,732.7,1989,224200,457100,681300,2025,Logement,MAMH — Données Québec (rôle d'évaluation foncière),https://donneesouvertes.affmunqc.net/role/RL71060_2026.xml,,,,
"62, Peupliers",,L'Île-Perrot,,,654.7,1989,215100,363100,578200,2025,Logement,MAMH — Données Québec (rôle d'évaluation foncière),https://donneesouvertes.affmunqc.net/role/RL71060_2026.xml,,,,
"54, Peupliers",,L'Île-Perrot,,,649.6,1989,214600,279900,494500,2025,Logement,MAMH — Données Québec (rôle d'évaluation foncière),https://donneesouvertes.affmunqc.net/role/RL71060_2026.xml,,,,
"69, Peupliers",,L'Île-Perrot,,,690.7,1989,205400,399600,605000,2025,Logement,MAMH — Données Québec (rôle d'évaluation foncière),https://donneesouvertes.affmunqc.net/role/RL71060_2026.xml,,,,
"65, Peupliers",,L'Île-Perrot,,,586.8,1989,202100,419800,621900,2025,Logement,MAMH — Données Québec (rôle d'évaluation foncière),https://donneesouvertes.affmunqc.net/role/RL71060_2026.xml,,,,
"61, Peupliers",,L'Île-Perrot,,,586.7,1989,202000,287600,489600,2025,Logement,MAMH — Données Québec (rôle d'évaluation foncière),https://donneesouvertes.affmunqc.net/role/RL71060_2026.xml,,,,
"57, Peupliers",,L'Île-Perrot,,,586.7,1989,202000,309500,511500,2025,Logement,MAMH — Données Québec (rôle d'évaluation foncière),https://donneesouvertes.affmunqc.net/role/RL71060_2026.xml,,,,
"53, Peupliers",,L'Île-Perrot,,,586.7,1989,202000,433200,635200,2025,Logement,MAMH — Données Québec (rôle d'évaluation foncière),https://donneesouvertes.affmunqc.net/role/RL71060_2026.xml,,,,
"49, Peupliers",,L'Île-Perrot,,,586.7,1989,202000,318200,520200,2025,Logement,MAMH — Données Québec (rôle d'évaluation foncière),https://donneesouvertes.affmunqc.net/role/RL71060_2026.xml,,,,
"158, Bouleaux",,L'Île-Perrot,,,666.6,1991,206600,382700,589300,2025,Logement,MAMH — Données Québec (rôle d'évaluation foncière),https://donneesouvertes.affmunqc.net/role/RL71060_2026.xml,,,,
"84, Chenes",,L'Île-Perrot,,,645.2,1999,214000,346900,560900,2025,Logement,MAMH — Données Québec (rôle d'évaluation foncière),https://donneesouvertes.affmunqc.net/role/RL71060_2026.xml,,,,
"80, Chenes",,L'Île-Perrot,,,590.1,1989,203000,277900,480900,2025,Logement,MAMH — Données Québec (rôle d'évaluation foncière),https://donneesouvertes.affmunqc.net/role/RL71060_2026.xml,,,,
"76, Chenes",,L'Île-Perrot,,,590.5,2000,203000,419000,622000,2025,Logement,MAMH — Données Québec (rôle d'évaluation foncière),https://donneesouvertes.affmunqc.net/role/RL71060_2026.xml,,,,
"72, Chenes",,L'Île-Perrot,,,590.8,1990,203100,357000,560100,2025,Logement,MAMH — Données Québec (rôle d'évaluation foncière),https://donneesouvertes.affmunqc.net/role/RL71060_2026.xml,,,,
"68, Chenes",,L'Île-Perrot,,,591.2,2000,203100,426700,629800,2025,Logement,MAMH — Données Québec (rôle d'évaluation foncière),https://donneesouvertes.affmunqc.net/role/RL71060_2026.xml,,,,
"64, Chenes",,L'Île-Perrot,,,591.6,1990,203200,333700,536900,2025,Logement,MAMH — Données Québec (rôle d'évaluation foncière),https://donneesouvertes.affmunqc.net/role/RL71060_2026.xml,,,,
"50, Peupliers",,L'Île-Perrot,,,593.3,1989,203400,354400,557800,2025,Logement,MAMH — Données Québec (rôle d'évaluation foncière),https://donneesouvertes.affmunqc.net/role/RL71060_2026.xml,,,,
"46, Peupliers",,L'Île-Perrot,,,592.9,1991,203300,532600,735900,2025,Logement,MAMH — Données Québec (rôle d'évaluation foncière),https://donneesouvertes.affmunqc.net/role/RL71060_2026.xml,,,,
"42, Peupliers",,L'Île-Perrot,,,592.5,1989,203300,326200,529500,2025,Logement,MAMH — Données Québec (rôle d'évaluation foncière),https://donneesouvertes.affmunqc.net/role/RL71060_2026.xml,,,,
"38, Peupliers",,L'Île-Perrot,,,592.1,1989,203200,418500,621700,2025,Logement,MAMH — Données Québec (rôle d'évaluation foncière),https://donneesouvertes.affmunqc.net/role/RL71060_2026.xml,,,,
"34, Peupliers",,L'Île-Perrot,,,591.7,1989,203200,340800,544000,2025,Logement,MAMH — Données Québec (rôle d'évaluation foncière),https://donneesouvertes.affmunqc.net/role/RL71060_2026.xml,,,,
"45, Peupliers",,L'Île-Perrot,,,586.7,1989,202000,388400,590400,2025,Logement,MAMH — Données Québec (rôle d'évaluation foncière),https://donneesouvertes.affmunqc.net/role/RL71060_2026.xml,,,,
"61, Chenes",,L'Île-Perrot,,,695.4,1999,219900,571400,791300,2025,Logement,MAMH — Données Québec (rôle d'évaluation foncière),https://donneesouvertes.affmunqc.net/role/RL71060_2026.xml,,,,
"57, Chenes",,L'Île-Perrot,,,695.4,1999,219900,354500,574400,2025,Logement,MAMH — Données Québec (rôle d'évaluation foncière),https://donneesouvertes.affmunqc.net/role/RL71060_2026.xml,,,,
"53, Chenes",,L'Île-Perrot,,,602.9,1997,197200,438600,635800,2025,Logement,MAMH — Données Québec (rôle d'évaluation foncière),https://donneesouvertes.affmunqc.net/role/RL71060_2026.xml,,,,
"49, Chenes",,L'Île-Perrot,,,602.9,1999,197200,379100,576300,2025,Logement,MAMH — Données Québec (rôle d'évaluation foncière),https://donneesouvertes.affmunqc.net/role/RL71060_2026.xml,,,,
"60, Chenes",,L'Île-Perrot,,,592,2000,203200,334700,537900,2025,Logement,MAMH — Données Québec (rôle d'évaluation foncière),https://donneesouvertes.affmunqc.net/role/RL71060_2026.xml,,,,
"56, Chenes",,L'Île-Perrot,,,592.4,1999,203300,508600,711900,2025,Logement,MAMH — Données Québec (rôle d'évaluation foncière),https://donneesouvertes.affmunqc.net/role/RL71060_2026.xml,,,,
"52, Chenes",,L'Île-Perrot,,,592.7,1999,196300,481700,678000,2025,Logement,MAMH — Données Québec (rôle d'évaluation foncière),https://donneesouvertes.affmunqc.net/role/RL71060_2026.xml,,,,
"48, Chenes",,L'Île-Perrot,,,593.1,1999,203300,388100,591400,2025,Logement,MAMH — Données Québec (rôle d'évaluation foncière),https://donneesouvertes.affmunqc.net/role/RL71060_2026.xml,,,,
"44, Chenes",,L'Île-Perrot,,,561.4,1998,192400,420500,612900,2025,Logement,MAMH — Données Québec (rôle d'évaluation foncière),https://donneesouvertes.affmunqc.net/role/RL71060_2026.xml,,,,
"30, Peupliers",,L'Île-Perrot,,,591.4,1989,203100,344500,547600,2025,Logement,MAMH — Données Québec (rôle d'évaluation foncière),https://donneesouvertes.affmunqc.net/role/RL71060_2026.xml,,,,
"26, Peupliers",,L'Île-Perrot,,,591,1989,203100,427000,630100,2025,Logement,MAMH — Données Québec (rôle d'évaluation foncière),https://donneesouvertes.affmunqc.net/role/RL71060_2026.xml,,,,
"22, Peupliers",,L'Île-Perrot,,,590.6,1989,203000,462800,665800,2025,Logement,MAMH — Données Québec (rôle d'évaluation foncière),https://donneesouvertes.affmunqc.net/role/RL71060_2026.xml,,,,
"18, Peupliers",,L'Île-Perrot,,,590.2,1989,203000,361400,564400,2025,Logement,MAMH — Données Québec (rôle d'évaluation foncière),https://donneesouvertes.affmunqc.net/role/RL71060_2026.xml,,,,
"375, 25e Avenue",,L'Île-Perrot,,,557.5,2001,192000,381300,573300,2025,Logement,MAMH — Données Québec (rôle d'évaluation foncière),https://donneesouvertes.affmunqc.net/role/RL71060_2026.xml,,,,
"371, 25e Avenue",,L'Île-Perrot,,,557.5,2001,192000,365500,557500,2025,Logement,MAMH — Données Québec (rôle d'évaluation foncière),https://donneesouvertes.affmunqc.net/role/RL71060_2026.xml,,,,
"367, 25e Avenue",,L'Île-Perrot,,,557.5,2000,192000,322200,514200,2025,Logement,MAMH — Données Québec (rôle d'évaluation foncière),https://donneesouvertes.affmunqc.net/role/RL71060_2026.xml,,,,
"363, 25e Avenue",,L'Île-Perrot,,,576,1975,168900,273700,442600,2025,Logement,MAMH — Données Québec (rôle d'évaluation foncière),https://donneesouvertes.affmunqc.net/role/RL71060_2026.xml,,,,
"359, 25e Avenue",,L'Île-Perrot,,,576,1975,168900,277000,445900,2025,Logement,MAMH — Données Québec (rôle d'évaluation foncière),https://donneesouvertes.affmunqc.net/role/RL71060_2026.xml,,,,
"45, Chenes",,L'Île-Perrot,,,602.9,2000,197200,417200,614400,2025,Logement,MAMH — Données Québec (rôle d'évaluation foncière),https://donneesouvertes.affmunqc.net/role/RL71060_2026.xml,,,,
"355, 25e Avenue",,L'Île-Perrot,,,576,1975,168900,253800,422700,2025,Logement,MAMH — Données Québec (rôle d'évaluation foncière),https://donneesouvertes.affmunqc.net/role/RL71060_2026.xml,,,,
"41, Chenes",,L'Île-Perrot,,,602.9,1999,197200,374200,571400,2025,Logement,MAMH — Données Québec (rôle d'évaluation foncière),https://donneesouvertes.affmunqc.net/role/RL71060_2026.xml,,,,
"37, Chenes",,L'Île-Perrot,,,602.9,1999,197200,400800,598000,2025,Logement,MAMH — Données Québec (rôle d'évaluation foncière),https://donneesouvertes.affmunqc.net/role/RL71060_2026.xml,,,,
"33, Chenes",,L'Île-Perrot,,,691.8,1989,205500,289600,495100,2025,Logement,MAMH — Données Québec (rôle d'évaluation foncière),https://donneesouvertes.affmunqc.net/role/RL71060_2026.xml,,,,
"29, Chenes",,L'Île-Perrot,,,925.8,1994,232700,470000,702700,2025,Logement,MAMH — Données Québec (rôle d'évaluation foncière),https://donneesouvertes.affmunqc.net/role/RL71060_2026.xml,,,,
"25, Chenes",,L'Île-Perrot,,,838.1,2000,222500,514400,736900,2025,Logement,MAMH — Données Québec (rôle d'évaluation foncière),https://donneesouvertes.affmunqc.net/role/RL71060_2026.xml,,,,
"40, Chenes",,L'Île-Perrot,,,561.6,1999,192400,351700,544100,2025,Logement,MAMH — Données Québec (rôle d'évaluation foncière),https://donneesouvertes.affmunqc.net/role/RL71060_2026.xml,,,,
"36, Chenes",,L'Île-Perrot,,,561.8,1999,192500,340900,533400,2025,Logement,MAMH — Données Québec (rôle d'évaluation foncière),https://donneesouvertes.affmunqc.net/role/RL71060_2026.xml,,,,
"32, Chenes",,L'Île-Perrot,,,647.6,1993,214300,609100,823400,2025,Logement,MAMH — Données Québec (rôle d'évaluation foncière),https://donneesouvertes.affmunqc.net/role/RL71060_2026.xml,,,,
"21, Chenes",,L'Île-Perrot,,,610.5,1993,196100,427100,623200,2025,Logement,MAMH — Données Québec (rôle d'évaluation foncière),https://donneesouvertes.affmunqc.net/role/RL71060_2026.xml,,,,
"352, 25e Avenue",,L'Île-Perrot,,,440.3,1959,134700,211600,346300,2025,Logement,MAMH — Données Québec (rôle d'évaluation foncière),https://donneesouvertes.affmunqc.net/role/RL71060_2026.xml,,,,
"348, 25e Avenue",,L'Île-Perrot,,,815.1,1981,193300,398400,591700,2025,Logement,MAMH — Données Québec (rôle d'évaluation foncière),https://donneesouvertes.affmunqc.net/role/RL71060_2026.xml,,,,
"351, 25e Avenue",,L'Île-Perrot,,,576,1975,168900,298300,467200,2025,Logement,MAMH — Données Québec (rôle d'évaluation foncière),https://donneesouvertes.affmunqc.net/role/RL71060_2026.xml,,,,
"347, 25e Avenue",,L'Île-Perrot,,,642.3,1975,175700,309600,485300,2025,Logement,MAMH — Données Québec (rôle d'évaluation foncière),https://donneesouvertes.affmunqc.net/role/RL71060_2026.xml,,,,
"343, 25e Avenue",,L'Île-Perrot,,,642.4,1976,175700,295200,470900,2025,Logement,MAMH — Données Québec (rôle d'évaluation foncière),https://donneesouvertes.affmunqc.net/role/RL71060_2026.xml,,,,
"339, 25e Avenue",,L'Île-Perrot,,,557.4,1975,167000,386100,553100,2025,Logement,MAMH — Données Québec (rôle d'évaluation foncière),https://donneesouvertes.affmunqc.net/role/RL71060_2026.xml,,,,
"418, Boischatel",,L'Île-Perrot,,,580.6,1975,169400,343400,512800,2025,Logement,MAMH — Données Québec (rôle d'évaluation foncière),https://donneesouvertes.affmunqc.net/role/RL71060_2026.xml,,,,
"417, Boischatel",,L'Île-Perrot,,,594.6,1975,170800,237300,408100,2025,Logement,MAMH — Données Québec (rôle d'évaluation foncière),https://donneesouvertes.affmunqc.net/role/RL71060_2026.xml,,,,
"422, Boischatel",,L'Île-Perrot,,,580.6,1975,169400,248900,418300,2025,Logement,MAMH — Données Québec (rôle d'évaluation foncière),https://donneesouvertes.affmunqc.net/role/RL71060_2026.xml,,,,
"421, Boischatel",,L'Île-Perrot,,,585.3,1975,169900,253500,423400,2025,Logement,MAMH — Données Québec (rôle d'évaluation foncière),https://donneesouvertes.affmunqc.net/role/RL71060_2026.xml,,,,
"357, 24e Avenue, app. 357",,L'Île-Perrot,,,335.6,1992,115800,367900,483700,2025,Logement,MAMH — Données Québec (rôle d'évaluation foncière),https://donneesouvertes.affmunqc.net/role/RL71060_2026.xml,,,,
"353, 24e Avenue, app. 355",,L'Île-Perrot,,,613.6,1959,169400,381600,551000,2025,Logement,MAMH — Données Québec (rôle d'évaluation foncière),https://donneesouvertes.affmunqc.net/role/RL71060_2026.xml,,,,
"351, 24e Avenue",,L'Île-Perrot,,,963.8,1982,204400,460500,664900,2025,Logement,MAMH — Données Québec (rôle d'évaluation foncière),https://donneesouvertes.affmunqc.net/role/RL71060_2026.xml,,,,
"346, 25e Avenue",,L'Île-Perrot,,,393.5,1978,120400,258600,379000,2025,Logement,MAMH — Données Québec (rôle d'évaluation foncière),https://donneesouvertes.affmunqc.net/role/RL71060_2026.xml,,,,
"344, 25e Avenue",,L'Île-Perrot,,,393.5,1978,120400,303900,424300,2025,Logement,MAMH — Données Québec (rôle d'évaluation foncière),https://donneesouvertes.affmunqc.net/role/RL71060_2026.xml,,,,
"340, 25e Avenue",,L'Île-Perrot,,,393.5,1978,120400,242900,363300,2025,Logement,MAMH — Données Québec (rôle d'évaluation foncière),https://donneesouvertes.affmunqc.net/role/RL71060_2026.xml,,,,
"336, 25e Avenue",,L'Île-Perrot,,,393.5,1978,120400,239700,360100,2025,Logement,MAMH — Données Québec (rôle d'évaluation foncière),https://donneesouvertes.affmunqc.net/role/RL71060_2026.xml,,,,
"332, 25e Avenue",,L'Île-Perrot,,,393.5,1978,120400,250200,370600,2025,Logement,MAMH — Données Québec (rôle d'évaluation foncière),https://donneesouvertes.affmunqc.net/role/RL71060_2026.xml,,,,
"328, 25e Avenue",,L'Île-Perrot,,,393.5,1978,120400,242800,363200,2025,Logement,MAMH — Données Québec (rôle d'évaluation foncière),https://donneesouvertes.affmunqc.net/role/RL71060_2026.xml,,,,
"324, 25e Avenue",,L'Île-Perrot,,,393.5,1978,120400,281000,401400,2025,Logement,MAMH — Données Québec (rôle d'évaluation foncière),https://donneesouvertes.affmunqc.net/role/RL71060_2026.xml,,,,
"320, 25e Avenue",,L'Île-Perrot,,,394.3,1978,120700,267100,387800,2025,Logement,MAMH — Données Québec (rôle d'évaluation foncière),https://donneesouvertes.affmunqc.net/role/RL71060_2026.xml,,,,
"335, 25e Avenue",,L'Île-Perrot,,,557.4,1975,167000,314700,481700,2025,Logement,MAMH — Données Québec (rôle d'évaluation foncière),https://donneesouvertes.affmunqc.net/role/RL71060_2026.xml,,,,
"331, 25e Avenue",,L'Île-Perrot,,,557.4,1975,167000,292000,459000,2025,Logement,MAMH — Données Québec (rôle d'évaluation foncière),https://donneesouvertes.affmunqc.net/role/RL71060_2026.xml,,,,
"327, 25e Avenue",,L'Île-Perrot,,,557.4,1975,167000,279100,446100,2025,Logement,MAMH — Données Québec (rôle d'évaluation foncière),https://donneesouvertes.affmunqc.net/role/RL71060_2026.xml,,,,
"323, 25e Avenue",,L'Île-Perrot,,,557.4,1975,167000,348200,515200,2025,Logement,MAMH — Données Québec (rôle d'évaluation foncière),https://donneesouvertes.affmunqc.net/role/RL71060_2026.xml,,,,
"319, 25e Avenue",,L'Île-Perrot,,,557.4,1975,167000,316500,483500,2025,Logement,MAMH — Données Québec (rôle d'évaluation foncière),https://donneesouvertes.affmunqc.net/role/RL71060_2026.xml,,,,
"315, 25e Avenue",,L'Île-Perrot,,,557.4,1975,167000,262800,429800,2025,Logement,MAMH — Données Québec (rôle d'évaluation foncière),https://donneesouvertes.affmunqc.net/role/RL71060_2026.xml,,,,
"347, 24e Avenue",,L'Île-Perrot,,,482,1984,144600,195600,340200,2025,Logement,MAMH — Données Québec (rôle d'évaluation foncière),https://donneesouvertes.affmunqc.net/role/RL71060_2026.xml,,,,
"343, 24e Avenue",,L'Île-Perrot,,,481.8,1984,144500,219100,363600,2025,Logement,MAMH — Données Québec (rôle d'évaluation foncière),https://donneesouvertes.affmunqc.net/role/RL71060_2026.xml,,,,
"325, 24e Avenue, app. 327",,L'Île-Perrot,,,1070.6,1973,215100,570100,785200,2025,Logement,MAMH — Données Québec (rôle d'évaluation foncière),https://donneesouvertes.affmunqc.net/role/RL71060_2026.xml,,,,
"323, 24e Avenue",,L'Île-Perrot,,,931,1983,201100,297700,498800,2025,Logement,MAMH — Données Québec (rôle d'évaluation foncière),https://donneesouvertes.affmunqc.net/role/RL71060_2026.xml,,,,
"316, 25e Avenue",,L'Île-Perrot,,,394.3,1978,120700,254200,374900,2025,Logement,MAMH — Données Québec (rôle d'évaluation foncière),https://donneesouvertes.affmunqc.net/role/RL71060_2026.xml,,,,
"312, 25e Avenue",,L'Île-Perrot,,,393.9,1978,120500,260000,380500,2025,Logement,MAMH — Données Québec (rôle d'évaluation foncière),https://donneesouvertes.affmunqc.net/role/RL71060_2026.xml,,,,
"306, 25e Avenue",,L'Île-Perrot,,,958.9,1980,208000,282600,490600,2025,Logement,MAMH — Données Québec (rôle d'évaluation foncière),https://donneesouvertes.affmunqc.net/role/RL71060_2026.xml,,,,
"304, 25e Avenue",,L'Île-Perrot,,,1098.6,1974,220500,302500,523000,2025,Logement,MAMH — Données Québec (rôle d'évaluation foncière),https://donneesouvertes.affmunqc.net/role/RL71060_2026.xml,,,,
25e Avenue,,L'Île-Perrot,,,17918,,100,,100,2025,Immeuble commercial,MAMH — Données Québec (rôle d'évaluation foncière),https://donneesouvertes.affmunqc.net/role/RL71060_2026.xml,,,,
"302, 25e Avenue",,L'Île-Perrot,,,958.7,1987,207900,521400,729300,2025,Logement,MAMH — Données Québec (rôle d'évaluation foncière),https://donneesouvertes.affmunqc.net/role/RL71060_2026.xml,,,,
"320, 24e Avenue",,L'Île-Perrot,,,984.7,1945,206500,274700,481200,2025,Logement,MAMH — Données Québec (rôle d'évaluation foncière),https://donneesouvertes.affmunqc.net/role/RL71060_2026.xml,,,,
"310, 24e Avenue",,L'Île-Perrot,,,991.4,1945,207100,161900,369000,2025,Logement,MAMH — Données Québec (rôle d'évaluation foncière),https://donneesouvertes.affmunqc.net/role/RL71060_2026.xml,,,,
"308, 24e Avenue",,L'Île-Perrot,,,506.6,1948,152000,221500,373500,2025,Logement,MAMH — Données Québec (rôle d'évaluation foncière),https://donneesouvertes.affmunqc.net/role/RL71060_2026.xml,,,,
"319, 24e Avenue",,L'Île-Perrot,,,1070.6,2008,215100,541400,756500,2025,Logement,MAMH — Données Québec (rôle d'évaluation foncière),https://donneesouvertes.affmunqc.net/role/RL71060_2026.xml,,,,
"317, 24e Avenue",,L'Île-Perrot,,,836.1,1960,191600,316800,508400,2025,Logement,MAMH — Données Québec (rôle d'évaluation foncière),https://donneesouvertes.affmunqc.net/role/RL71060_2026.xml,,,,
"315, 24e Avenue, app. 315",,L'Île-Perrot,,,535.5,1987,160700,284000,444700,2025,Logement,MAMH — Données Québec (rôle d'évaluation foncière),https://donneesouvertes.affmunqc.net/role/RL71060_2026.xml,,,,
"313, 24e Avenue, app. 313",,L'Île-Perrot,,,535.5,1987,160700,304000,464700,2025,Logement,MAMH — Données Québec (rôle d'évaluation foncière),https://donneesouvertes.affmunqc.net/role/RL71060_2026.xml,,,,
"311, 24e Avenue",,L'Île-Perrot,,,1043.3,1958,212300,364200,576500,2025,Logement,MAMH — Données Québec (rôle d'évaluation foncière),https://donneesouvertes.affmunqc.net/role/RL71060_2026.xml,,,,
"300, 25e Avenue",,L'Île-Perrot,,,1193.8,1969,233000,465300,698300,2025,Logement,MAMH — Données Québec (rôle d'évaluation foncière),https://donneesouvertes.affmunqc.net/role/RL71060_2026.xml,,,,
"333, 23e Avenue",,L'Île-Perrot,,,1393.5,1952,218500,272300,490800,2025,Logement,MAMH — Données Québec (rôle d'évaluation foncière),https://donneesouvertes.affmunqc.net/role/RL71060_2026.xml,,,,
"327, 23e Avenue, app. 329",,L'Île-Perrot,,,464.5,1986,139400,251900,391300,2025,Logement,MAMH — Données Québec (rôle d'évaluation foncière),https://donneesouvertes.affmunqc.net/role/RL71060_2026.xml,,,,
"296, 24e Avenue",,L'Île-Perrot,,,1097.3,1938,216100,395200,611300,2025,Logement,MAMH — Données Québec (rôle d'évaluation foncière),https://donneesouvertes.affmunqc.net/role/RL71060_2026.xml,,,,
"294, 24e Avenue",,L'Île-Perrot,,,595.8,2004,167600,313600,481200,2025,Logement,MAMH — Données Québec (rôle d'évaluation foncière),https://donneesouvertes.affmunqc.net/role/RL71060_2026.xml,,,,
"294, 24e Avenue, app. 294",,L'Île-Perrot,,,415.5,1954,130900,297700,428600,2025,Logement,MAMH — Données Québec (rôle d'évaluation foncière),https://donneesouvertes.affmunqc.net/role/RL71060_2026.xml,,,,
"292, 24e Avenue",,L'Île-Perrot,,,1018,1948,209800,146600,356400,2025,Logement,MAMH — Données Québec (rôle d'évaluation foncière),https://donneesouvertes.affmunqc.net/role/RL71060_2026.xml,,,,
"293, 24e Avenue, app. 295",,L'Île-Perrot,,,1070.7,,215100,274200,489300,2025,Logement,MAMH — Données Québec (rôle d'évaluation foncière),https://donneesouvertes.affmunqc.net/role/RL71060_2026.xml,,,,
"291, 24e Avenue",,L'Île-Perrot,,,535.5,1948,160700,218200,378900,2025,Logement,MAMH — Données Québec (rôle d'évaluation foncière),https://donneesouvertes.affmunqc.net/role/RL71060_2026.xml,,,,
"316, 23e Avenue",,L'Île-Perrot,,,464.3,1955,139300,195500,334800,2025,Logement,MAMH — Données Québec (rôle d'évaluation foncière),https://donneesouvertes.affmunqc.net/role/RL71060_2026.xml,,,,
"314, 23e Avenue",,L'Île-Perrot,,,464.3,1962,139300,273300,412600,2025,Logement,MAMH — Données Québec (rôle d'évaluation foncière),https://donneesouvertes.affmunqc.net/role/RL71060_2026.xml,,,,
"312, 23e Avenue",,L'Île-Perrot,,,464.2,1955,139300,219200,358500,2025,Logement,MAMH — Données Québec (rôle d'évaluation foncière),https://donneesouvertes.affmunqc.net/role/RL71060_2026.xml,,,,
"306, 23e Avenue",,L'Île-Perrot,,,650.1,1983,173000,394000,567000,2025,Logement,MAMH — Données Québec (rôle d'évaluation foncière),https://donneesouvertes.affmunqc.net/role/RL71060_2026.xml,,,,
"323, 23e Avenue",,L'Île-Perrot,,,464.5,1956,139400,625700,765100,2025,Logement,MAMH — Données Québec (rôle d'évaluation foncière),https://donneesouvertes.affmunqc.net/role/RL71060_2026.xml,,,,
"319, 23e Avenue, app. 321",,L'Île-Perrot,,,464.5,,139400,4100,143500,2025,Logement,MAMH — Données Québec (rôle d'évaluation foncière),https://donneesouvertes.affmunqc.net/role/RL71060_2026.xml,,,,
"317, 23e Avenue",,L'Île-Perrot,,,348.4,1982,120200,256400,376600,2025,Logement,MAMH — Données Québec (rôle d'évaluation foncière),https://donneesouvertes.affmunqc.net/role/RL71060_2026.xml,,,,
"315, 23e Avenue",,L'Île-Perrot,,,348.4,1982,120200,196800,317000,2025,Logement,MAMH — Données Québec (rôle d'évaluation foncière),https://donneesouvertes.affmunqc.net/role/RL71060_2026.xml,,,,
"311, 23e Avenue",,L'Île-Perrot,,,348.4,1982,115000,261900,376900,2025,Logement,MAMH — Données Québec (rôle d'évaluation foncière),https://donneesouvertes.affmunqc.net/role/RL71060_2026.xml,,,,
"309, 23e Avenue",,L'Île-Perrot,,,394.8,1982,130300,264400,394700,2025,Logement,MAMH — Données Québec (rôle d'évaluation foncière),https://donneesouvertes.affmunqc.net/role/RL71060_2026.xml,,,,
"303, 23e Avenue, app. 307",,L'Île-Perrot,,,879.4,1955,195900,297300,493200,2025,Logement,MAMH — Données Québec (rôle d'évaluation foncière),https://donneesouvertes.affmunqc.net/role/RL71060_2026.xml,,,,
"268, 24e Avenue, app. 272",,L'Île-Perrot,,,1003.9,1958,208400,535400,743800,2025,Logement,MAMH — Données Québec (rôle d'évaluation foncière),https://donneesouvertes.affmunqc.net/role/RL71060_2026.xml,,,,
"264, 24e Avenue",,L'Île-Perrot,,,469.5,1944,140900,147600,288500,2025,Logement,MAMH — Données Québec (rôle d'évaluation foncière),https://donneesouvertes.affmunqc.net/role/RL71060_2026.xml,,,,
"262, 24e Avenue",,L'Île-Perrot,,,777.7,1975,185800,292900,478700,2025,Logement,MAMH — Données Québec (rôle d'évaluation foncière),https://donneesouvertes.affmunqc.net/role/RL71060_2026.xml,,,,
"258, 24e Avenue",,L'Île-Perrot,,,795.9,1950,187600,210300,397900,2025,Logement,MAMH — Données Québec (rôle d'évaluation foncière),https://donneesouvertes.affmunqc.net/role/RL71060_2026.xml,,,,
"254, 24e Avenue, app. 256",,L'Île-Perrot,,,728.7,1930,180900,278100,459000,2025,Logement,MAMH — Données Québec (rôle d'évaluation foncière),https://donneesouvertes.affmunqc.net/role/RL71060_2026.xml,,,,
"154, Bouleaux",,L'Île-Perrot,,,572.1,1990,193700,343800,537500,2025,Logement,MAMH — Données Québec (rôle d'évaluation foncière),https://donneesouvertes.affmunqc.net/role/RL71060_2026.xml,,,,
"150, Bouleaux",,L'Île-Perrot,,,586.7,1990,202000,365000,567000,2025,Logement,MAMH — Données Québec (rôle d'évaluation foncière),https://donneesouvertes.affmunqc.net/role/RL71060_2026.xml,,,,
"146, Bouleaux",,L'Île-Perrot,,,586.7,1990,202000,458700,660700,2025,Logement,MAMH — Données Québec (rôle d'évaluation foncière),https://donneesouvertes.affmunqc.net/role/RL71060_2026.xml,,,,
"142, Bouleaux",,L'Île-Perrot,,,586.7,1990,202000,416800,618800,2025,Logement,MAMH — Données Québec (rôle d'évaluation foncière),https://donneesouvertes.affmunqc.net/role/RL71060_2026.xml,,,,
"153, Bouleaux",,L'Île-Perrot,,,587.9,1990,195500,439200,634700,2025,Logement,MAMH — Données Québec (rôle d'évaluation foncière),https://donneesouvertes.affmunqc.net/role/RL71060_2026.xml,,,,
"149, Bouleaux",,L'Île-Perrot,,,560.5,1990,193800,386000,579800,2025,Logement,MAMH — Données Québec (rôle d'évaluation foncière),https://donneesouvertes.affmunqc.net/role/RL71060_2026.xml,,,,
"145, Bouleaux",,L'Île-Perrot,,,560.5,1991,195100,404300,599400,2025,Logement,MAMH — Données Québec (rôle d'évaluation foncière),https://donneesouvertes.affmunqc.net/role/RL71060_2026.xml,,,,
"141, Bouleaux",,L'Île-Perrot,,,560.5,1992,195100,304500,499600,2025,Logement,MAMH — Données Québec (rôle d'évaluation foncière),https://donneesouvertes.affmunqc.net/role/RL71060_2026.xml,,,,
"137, Bouleaux",,L'Île-Perrot,,,560.5,1990,195100,436100,631200,2025,Logement,MAMH — Données Québec (rôle d'évaluation foncière),https://donneesouvertes.affmunqc.net/role/RL71060_2026.xml,,,,
"48, Rosiers",,L'Île-Perrot,,,564.4,1991,196400,301900,498300,2025,Logement,MAMH — Données Québec (rôle d'évaluation foncière),https://donneesouvertes.affmunqc.net/role/RL71060_2026.xml,,,,
"44, Rosiers",,L'Île-Perrot,,,571.7,1990,199000,357400,556400,2025,Logement,MAMH — Données Québec (rôle d'évaluation foncière),https://donneesouvertes.affmunqc.net/role/RL71060_2026.xml,,,,
"40, Rosiers",,L'Île-Perrot,,,559.2,1990,194600,376200,570800,2025,Logement,MAMH — Données Québec (rôle d'évaluation foncière),https://donneesouvertes.affmunqc.net/role/RL71060_2026.xml,,,,
"36, Rosiers",,L'Île-Perrot,,,561.3,1994,195300,321500,516800,2025,Logement,MAMH — Données Québec (rôle d'évaluation foncière),https://donneesouvertes.affmunqc.net/role/RL71060_2026.xml,,,,
"32, Rosiers",,L'Île-Perrot,,,563.4,1991,196100,356000,552100,2025,Logement,MAMH — Données Québec (rôle d'évaluation foncière),https://donneesouvertes.affmunqc.net/role/RL71060_2026.xml,,,,
"41, Peupliers",,L'Île-Perrot,,,586.7,1989,202000,282700,484700,2025,Logement,MAMH — Données Québec (rôle d'évaluation foncière),https://donneesouvertes.affmunqc.net/role/RL71060_2026.xml,,,,
"37, Peupliers",,L'Île-Perrot,,,586.7,1989,202000,308100,510100,2025,Logement,MAMH — Données Québec (rôle d'évaluation foncière),https://donneesouvertes.affmunqc.net/role/RL71060_2026.xml,,,,
"33, Peupliers",,L'Île-Perrot,,,586.7,1989,202000,271300,473300,2025,Logement,MAMH — Données Québec (rôle d'évaluation foncière),https://donneesouvertes.affmunqc.net/role/RL71060_2026.xml,,,,
"29, Peupliers",,L'Île-Perrot,,,586.7,1990,202000,433500,635500,2025,Logement,MAMH — Données Québec (rôle d'évaluation foncière),https://donneesouvertes.affmunqc.net/role/RL71060_2026.xml,,,,
"138, Bouleaux",,L'Île-Perrot,,,586.7,1990,202000,447400,649400,2025,Logement,MAMH — Données Québec (rôle d'évaluation foncière),https://donneesouvertes.affmunqc.net/role/RL71060_2026.xml,,,,
"134, Bouleaux",,L'Île-Perrot,,,586.7,1990,202000,408100,610100,2025,Logement,MAMH — Données Québec (rôle d'évaluation foncière),https://donneesouvertes.affmunqc.net/role/RL71060_2026.xml,,,,
"130, Bouleaux",,L'Île-Perrot,,,586.7,1990,202000,360400,562400,2025,Logement,MAMH — Données Québec (rôle d'évaluation foncière),https://donneesouvertes.affmunqc.net/role/RL71060_2026.xml,,,,
"126, Bouleaux",,L'Île-Perrot,,,586.7,1990,202000,415200,617200,2025,Logement,MAMH — Données Québec (rôle d'évaluation foncière),https://donneesouvertes.affmunqc.net/role/RL71060_2026.xml,,,,
"122, Bouleaux",,L'Île-Perrot,,,586.7,1990,202000,396600,598600,2025,Logement,MAMH — Données Québec (rôle d'évaluation foncière),https://donneesouvertes.affmunqc.net/role/RL71060_2026.xml,,,,
"118, Bouleaux",,L'Île-Perrot,,,586.7,1990,202000,405500,607500,2025,Logement,MAMH — Données Québec (rôle d'évaluation foncière),https://donneesouvertes.affmunqc.net/role/RL71060_2026.xml,,,,
"133, Bouleaux",,L'Île-Perrot,,,560.5,1991,195100,343000,538100,2025,Logement,MAMH — Données Québec (rôle d'évaluation foncière),https://donneesouvertes.affmunqc.net/role/RL71060_2026.xml,,,,
"129, Bouleaux",,L'Île-Perrot,,,560.5,1999,195100,356900,552000,2025,Logement,MAMH — Données Québec (rôle d'évaluation foncière),https://donneesouvertes.affmunqc.net/role/RL71060_2026.xml,,,,
"125, Bouleaux",,L'Île-Perrot,,,621.1,1991,211200,351100,562300,2025,Logement,MAMH — Données Québec (rôle d'évaluation foncière),https://donneesouvertes.affmunqc.net/role/RL71060_2026.xml,,,,
"1, Rosiers",,L'Île-Perrot,,,615.8,1990,210600,471600,682200,2025,Logement,MAMH — Données Québec (rôle d'évaluation foncière),https://donneesouvertes.affmunqc.net/role/RL71060_2026.xml,,,,
"14, Peupliers",,L'Île-Perrot,,,558.1,1989,192000,313700,505700,2025,Logement,MAMH — Données Québec (rôle d'évaluation foncière),https://donneesouvertes.affmunqc.net/role/RL71060_2026.xml,,,,
"10, Peupliers",,L'Île-Perrot,,,557.9,1989,192000,341800,533800,2025,Logement,MAMH — Données Québec (rôle d'évaluation foncière),https://donneesouvertes.affmunqc.net/role/RL71060_2026.xml,,,,
"25, Peupliers",,L'Île-Perrot,,,586.7,1990,202000,380600,582600,2025,Logement,MAMH — Données Québec (rôle d'évaluation foncière),https://donneesouvertes.affmunqc.net/role/RL71060_2026.xml,,,,
"21, Peupliers",,L'Île-Perrot,,,586.7,1990,202000,358400,560400,2025,Logement,MAMH — Données Québec (rôle d'évaluation foncière),https://donneesouvertes.affmunqc.net/role/RL71060_2026.xml,,,,
"17, Peupliers",,L'Île-Perrot,,,586.7,1989,202000,404500,606500,2025,Logement,MAMH — Données Québec (rôle d'évaluation foncière),https://donneesouvertes.affmunqc.net/role/RL71060_2026.xml,,,,
"15, Peupliers",,L'Île-Perrot,,,557.4,1989,192000,339800,531800,2025,Logement,MAMH — Données Québec (rôle d'évaluation foncière),https://donneesouvertes.affmunqc.net/role/RL71060_2026.xml,,,,
"9, Peupliers",,L'Île-Perrot,,,557.4,1989,192000,261200,453200,2025,Logement,MAMH — Données Québec (rôle d'évaluation foncière),https://donneesouvertes.affmunqc.net/role/RL71060_2026.xml,,,,
"5, Peupliers",,L'Île-Perrot,,,557.4,1989,192000,273700,465700,2025,Logement,MAMH — Données Québec (rôle d'évaluation foncière),https://donneesouvertes.affmunqc.net/role/RL71060_2026.xml,,,,
"114, Bouleaux",,L'Île-Perrot,,,586.7,1990,202000,457100,659100,2025,Logement,MAMH — Données Québec (rôle d'évaluation foncière),https://donneesouvertes.affmunqc.net/role/RL71060_2026.xml,,,,
"110, Bouleaux",,L'Île-Perrot,,,588.6,1994,202700,373400,576100,2025,Logement,MAMH — Données Québec (rôle d'évaluation foncière),https://donneesouvertes.affmunqc.net/role/RL71060_2026.xml,,,,
"106, Bouleaux",,L'Île-Perrot,,,557.4,1988,192000,350700,542700,2025,Logement,MAMH — Données Québec (rôle d'évaluation foncière),https://donneesouvertes.affmunqc.net/role/RL71060_2026.xml,,,,
"102, Bouleaux",,L'Île-Perrot,,,557.4,1988,192000,311200,503200,2025,Logement,MAMH — Données Québec (rôle d'évaluation foncière),https://donneesouvertes.affmunqc.net/role/RL71060_2026.xml,,,,
"98, Bouleaux",,L'Île-Perrot,,,557.4,1988,192000,274400,466400,2025,Logement,MAMH — Données Québec (rôle d'évaluation foncière),https://donneesouvertes.affmunqc.net/role/RL71060_2026.xml,,,,
"17, Chenes",,L'Île-Perrot,,,557.4,1990,192000,258900,450900,2025,Logement,MAMH — Données Québec (rôle d'évaluation foncière),https://donneesouvertes.affmunqc.net/role/RL71060_2026.xml,,,,
"6, Peupliers",,L'Île-Perrot,,,557.8,1989,192000,294300,486300,2025,Logement,MAMH — Données Québec (rôle d'évaluation foncière),https://donneesouvertes.affmunqc.net/role/RL71060_2026.xml,,,,
"2, Peupliers",,L'Île-Perrot,,,642.5,1991,213700,372600,586300,2025,Logement,MAMH — Données Québec (rôle d'évaluation foncière),https://donneesouvertes.affmunqc.net/role/RL71060_2026.xml,,,,
"13, Chenes",,L'Île-Perrot,,,580.6,1989,199900,352400,552300,2025,Logement,MAMH — Données Québec (rôle d'évaluation foncière),https://donneesouvertes.affmunqc.net/role/RL71060_2026.xml,,,,
"438, Boischatel",,L'Île-Perrot,,,778.3,1989,189500,400300,589800,2025,Logement,MAMH — Données Québec (rôle d'évaluation foncière),https://donneesouvertes.affmunqc.net/role/RL71060_2026.xml,,,,
"9, Chenes",,L'Île-Perrot,,,580.6,1989,199900,303600,503500,2025,Logement,MAMH — Données Québec (rôle d'évaluation foncière),https://donneesouvertes.affmunqc.net/role/RL71060_2026.xml,,,,
"442, Boischatel",,L'Île-Perrot,,,386.1,1989,134400,272300,406700,2025,Logement,MAMH — Données Québec (rôle d'évaluation foncière),https://donneesouvertes.affmunqc.net/role/RL71060_2026.xml,,,,
"1, Peupliers",,L'Île-Perrot,,,642.4,1989,213700,343800,557500,2025,Logement,MAMH — Données Québec (rôle d'évaluation foncière),https://donneesouvertes.affmunqc.net/role/RL71060_2026.xml,,,,
"5, Chenes",,L'Île-Perrot,,,580.6,1989,199900,524900,724800,2025,Logement,MAMH — Données Québec (rôle d'évaluation foncière),https://donneesouvertes.affmunqc.net/role/RL71060_2026.xml,,,,
"446, Boischatel",,L'Île-Perrot,,,386.1,1989,134400,281400,415800,2025,Logement,MAMH — Données Québec (rôle d'évaluation foncière),https://donneesouvertes.affmunqc.net/role/RL71060_2026.xml,,,,
"1, Chenes",,L'Île-Perrot,,,580.6,1990,199900,343600,543500,2025,Logement,MAMH — Données Québec (rôle d'évaluation foncière),https://donneesouvertes.affmunqc.net/role/RL71060_2026.xml,,,,
"450, Boischatel",,L'Île-Perrot,,,386.1,1989,134400,270300,404700,2025,Logement,MAMH — Données Québec (rôle d'évaluation foncière),https://donneesouvertes.affmunqc.net/role/RL71060_2026.xml,,,,
"94, Bouleaux",,L'Île-Perrot,,,642.4,1989,213700,424700,638400,2025,Logement,MAMH — Données Québec (rôle d'évaluation foncière),https://donneesouvertes.affmunqc.net/role/RL71060_2026.xml,,,,
"454, Boischatel",,L'Île-Perrot,,,386.1,1989,134400,269600,404000,2025,Logement,MAMH — Données Québec (rôle d'évaluation foncière),https://donneesouvertes.affmunqc.net/role/RL71060_2026.xml,,,,
"426, Boischatel",,L'Île-Perrot,,,580.6,1975,169400,264100,433500,2025,Logement,MAMH — Données Québec (rôle d'évaluation foncière),https://donneesouvertes.affmunqc.net/role/RL71060_2026.xml,,,,
"328, Rebec",,L'Île-Perrot,,,865.4,1975,198400,319100,517500,2025,Logement,MAMH — Données Québec (rôle d'évaluation foncière),https://donneesouvertes.affmunqc.net/role/RL71060_2026.xml,,,,
"425, Boischatel",,L'Île-Perrot,,,585.2,1975,169900,268500,438400,2025,Logement,MAMH — Données Québec (rôle d'évaluation foncière),https://donneesouvertes.affmunqc.net/role/RL71060_2026.xml,,,,
"430, Boischatel, app. 432",,L'Île-Perrot,,,664.1,1975,177900,267900,445800,2025,Logement,MAMH — Données Québec (rôle d'évaluation foncière),https://donneesouvertes.affmunqc.net/role/RL71060_2026.xml,,,,
"332, Rebec",,L'Île-Perrot,,,603.8,1975,171700,261200,432900,2025,Logement,MAMH — Données Québec (rôle d'évaluation foncière),https://donneesouvertes.affmunqc.net/role/RL71060_2026.xml,,,,
"429, Boischatel",,L'Île-Perrot,,,557.4,1975,167000,284300,451300,2025,Logement,MAMH — Données Québec (rôle d'évaluation foncière),https://donneesouvertes.affmunqc.net/role/RL71060_2026.xml,,,,
"336, Rebec",,L'Île-Perrot,,,557.4,1975,167000,265400,432400,2025,Logement,MAMH — Données Québec (rôle d'évaluation foncière),https://donneesouvertes.affmunqc.net/role/RL71060_2026.xml,,,,
"324, Rebec",,L'Île-Perrot,,,768.4,1975,188500,262200,450700,2025,Logement,MAMH — Données Québec (rôle d'évaluation foncière),https://donneesouvertes.affmunqc.net/role/RL71060_2026.xml,,,,
"320, Rebec",,L'Île-Perrot,,,557.4,1975,167000,334100,501100,2025,Logement,MAMH — Données Québec (rôle d'évaluation foncière),https://donneesouvertes.affmunqc.net/role/RL71060_2026.xml,,,,
"316, Rebec",,L'Île-Perrot,,,557.4,1975,167000,247000,414000,2025,Logement,MAMH — Données Québec (rôle d'évaluation foncière),https://donneesouvertes.affmunqc.net/role/RL71060_2026.xml,,,,
"312, Rebec",,L'Île-Perrot,,,557.4,1975,167000,255700,422700,2025,Logement,MAMH — Données Québec (rôle d'évaluation foncière),https://donneesouvertes.affmunqc.net/role/RL71060_2026.xml,,,,
"308, Rebec",,L'Île-Perrot,,,557.4,1975,167000,272700,439700,2025,Logement,MAMH — Données Québec (rôle d'évaluation foncière),https://donneesouvertes.affmunqc.net/role/RL71060_2026.xml,,,,
"323, Rebec",,L'Île-Perrot,,,700.9,1975,181700,244200,425900,2025,Logement,MAMH — Données Québec (rôle d'évaluation foncière),https://donneesouvertes.affmunqc.net/role/RL71060_2026.xml,,,,
"319, Rebec",,L'Île-Perrot,,,627.8,1975,174200,227200,401400,2025,Logement,MAMH — Données Québec (rôle d'évaluation foncière),https://donneesouvertes.affmunqc.net/role/RL71060_2026.xml,,,,
"315, Rebec",,L'Île-Perrot,,,627.8,1988,174200,345100,519300,2025,Logement,MAMH — Données Québec (rôle d'évaluation foncière),https://donneesouvertes.affmunqc.net/role/RL71060_2026.xml,,,,
"311, Rebec",,L'Île-Perrot,,,627.8,1989,174200,486800,661000,2025,Logement,MAMH — Données Québec (rôle d'évaluation foncière),https://donneesouvertes.affmunqc.net/role/RL71060_2026.xml,,,,
"307, Rebec",,L'Île-Perrot,,,627.8,1985,174200,251100,425300,2025,Logement,MAMH — Données Québec (rôle d'évaluation foncière),https://donneesouvertes.affmunqc.net/role/RL71060_2026.xml,,,,
"311, 25e Avenue",,L'Île-Perrot,,,557.4,1975,167000,218000,385000,2025,Logement,MAMH — Données Québec (rôle d'évaluation foncière),https://donneesouvertes.affmunqc.net/role/RL71060_2026.xml,,,,
"307, 25e Avenue",,L'Île-Perrot,,,557.4,1974,167000,297700,464700,2025,Logement,MAMH — Données Québec (rôle d'évaluation foncière),https://donneesouvertes.affmunqc.net/role/RL71060_2026.xml,,,,
"303, 25e Avenue",,L'Île-Perrot,,,557.4,1974,167000,259800,426800,2025,Logement,MAMH — Données Québec (rôle d'évaluation foncière),https://donneesouvertes.affmunqc.net/role/RL71060_2026.xml,,,,
"299, 25e Avenue",,L'Île-Perrot,,,557.4,1974,167000,232100,399100,2025,Logement,MAMH — Données Québec (rôle d'évaluation foncière),https://donneesouvertes.affmunqc.net/role/RL71060_2026.xml,,,,
"295, 25e Avenue",,L'Île-Perrot,,,557.4,1974,167000,307300,474300,2025,Logement,MAMH — Données Québec (rôle d'évaluation foncière),https://donneesouvertes.affmunqc.net/role/RL71060_2026.xml,,,,
"304, Rebec",,L'Île-Perrot,,,557.4,1975,167000,291400,458400,2025,Logement,MAMH — Données Québec (rôle d'évaluation foncière),https://donneesouvertes.affmunqc.net/role/RL71060_2026.xml,,,,
"300, Rebec",,L'Île-Perrot,,,557.4,1975,167000,323100,490100,2025,Logement,MAMH — Données Québec (rôle d'évaluation foncière),https://donneesouvertes.affmunqc.net/role/RL71060_2026.xml,,,,
"296, Rebec",,L'Île-Perrot,,,557.4,1975,167000,276900,443900,2025,Logement,MAMH — Données Québec (rôle d'évaluation foncière),https://donneesouvertes.affmunqc.net/role/RL71060_2026.xml,,,,
"292, Rebec",,L'Île-Perrot,,,557.4,1975,167000,272000,439000,2025,Logement,MAMH — Données Québec (rôle d'évaluation foncière),https://donneesouvertes.affmunqc.net/role/RL71060_2026.xml,,,,
"288, Rebec",,L'Île-Perrot,,,557.4,1975,167000,308200,475200,2025,Logement,MAMH — Données Québec (rôle d'évaluation foncière),https://donneesouvertes.affmunqc.net/role/RL71060_2026.xml,,,,
"284, Rebec",,L'Île-Perrot,,,557.4,1975,167000,300600,467600,2025,Logement,MAMH — Données Québec (rôle d'évaluation foncière),https://donneesouvertes.affmunqc.net/role/RL71060_2026.xml,,,,
"303, Rebec",,L'Île-Perrot,,,627.8,1988,174200,392800,567000,2025,Logement,MAMH — Données Québec (rôle d'évaluation foncière),https://donneesouvertes.affmunqc.net/role/RL71060_2026.xml,,,,
"299, Rebec",,L'Île-Perrot,,,627.8,1975,174200,261700,435900,2025,Logement,MAMH — Données Québec (rôle d'évaluation foncière),https://donneesouvertes.affmunqc.net/role/RL71060_2026.xml,,,,
"295, Rebec",,L'Île-Perrot,,,627.8,1974,174200,408700,582900,2025,Logement,MAMH — Données Québec (rôle d'évaluation foncière),https://donneesouvertes.affmunqc.net/role/RL71060_2026.xml,,,,
"292, 25e Avenue, app. 298",,L'Île-Perrot,,,959.2,1981,208000,592300,800300,2025,Logement,MAMH — Données Québec (rôle d'évaluation foncière),https://donneesouvertes.affmunqc.net/role/RL71060_2026.xml,,,,
"290, 25e Avenue",,L'Île-Perrot,,,987,1952,243500,347200,590700,2025,Logement,MAMH — Données Québec (rôle d'évaluation foncière),https://donneesouvertes.affmunqc.net/role/RL71060_2026.xml,,,,
"291, 25e Avenue",,L'Île-Perrot,,,557.4,1974,167000,297200,464200,2025,Logement,MAMH — Données Québec (rôle d'évaluation foncière),https://donneesouvertes.affmunqc.net/role/RL71060_2026.xml,,,,
"281, 25e Avenue",,L'Île-Perrot,,,557.4,1974,167000,272700,439700,2025,Logement,MAMH — Données Québec (rôle d'évaluation foncière),https://donneesouvertes.affmunqc.net/role/RL71060_2026.xml,,,,
"277, 25e Avenue",,L'Île-Perrot,,,580.6,1974,169400,262300,431700,2025,Logement,MAMH — Données Québec (rôle d'évaluation foncière),https://donneesouvertes.affmunqc.net/role/RL71060_2026.xml,,,,
"273, 25e Avenue",,L'Île-Perrot,,,580.6,1973,169400,285500,454900,2025,Logement,MAMH — Données Québec (rôle d'évaluation foncière),https://donneesouvertes.affmunqc.net/role/RL71060_2026.xml,,,,
"269, 25e Avenue",,L'Île-Perrot,,,580.6,1974,169400,223900,393300,2025,Logement,MAMH — Données Québec (rôle d'évaluation foncière),https://donneesouvertes.affmunqc.net/role/RL71060_2026.xml,,,,
"265, 25e Avenue",,L'Île-Perrot,,,580.6,1976,169400,297000,466400,2025,Logement,MAMH — Données Québec (rôle d'évaluation foncière),https://donneesouvertes.affmunqc.net/role/RL71060_2026.xml,,,,
"280, Rebec",,L'Île-Perrot,,,557.4,1975,167000,283800,450800,2025,Logement,MAMH — Données Québec (rôle d'évaluation foncière),https://donneesouvertes.affmunqc.net/role/RL71060_2026.xml,,,,
"276, Rebec",,L'Île-Perrot,,,580.6,1974,169400,288900,458300,2025,Logement,MAMH — Données Québec (rôle d'évaluation foncière),https://donneesouvertes.affmunqc.net/role/RL71060_2026.xml,,,,
"272, Rebec",,L'Île-Perrot,,,580.6,1974,169400,256100,425500,2025,Logement,MAMH — Données Québec (rôle d'évaluation foncière),https://donneesouvertes.affmunqc.net/role/RL71060_2026.xml,,,,
"268, Rebec",,L'Île-Perrot,,,580.6,1974,169400,296300,465700,2025,Logement,MAMH — Données Québec (rôle d'évaluation foncière),https://donneesouvertes.affmunqc.net/role/RL71060_2026.xml,,,,
"264, Rebec",,L'Île-Perrot,,,580.6,1974,169400,215400,384800,2025,Logement,MAMH — Données Québec (rôle d'évaluation foncière),https://donneesouvertes.affmunqc.net/role/RL71060_2026.xml,,,,
"283, 24e Avenue, app. 287",,L'Île-Perrot,,,535.5,1953,160700,470900,631600,2025,Logement,MAMH — Données Québec (rôle d'évaluation foncière),https://donneesouvertes.affmunqc.net/role/RL71060_2026.xml,,,,
"277, 24e Avenue, app. 279",,L'Île-Perrot,,,536.5,1987,161000,249100,410100,2025,Logement,MAMH — Données Québec (rôle d'évaluation foncière),https://donneesouvertes.affmunqc.net/role/RL71060_2026.xml,,,,
"271, 24e Avenue, app. 273",,L'Île-Perrot,,,401,1987,126300,269700,396000,2025,Logement,MAMH — Données Québec (rôle d'évaluation foncière),https://donneesouvertes.affmunqc.net/role/RL71060_2026.xml,,,,
"286, 25e Avenue, app. 288",,L'Île-Perrot,,,479.6,1978,146800,353000,499800,2025,Logement,MAMH — Données Québec (rôle d'évaluation foncière),https://donneesouvertes.affmunqc.net/role/RL71060_2026.xml,,,,
"282, 25e Avenue, app. 284",,L'Île-Perrot,,,479.6,1978,146800,329100,475900,2025,Logement,MAMH — Données Québec (rôle d'évaluation foncière),https://donneesouvertes.affmunqc.net/role/RL71060_2026.xml,,,,
"414, Erables",,L'Île-Perrot,,,959.1,1977,240600,544000,784600,2025,Logement,MAMH — Données Québec (rôle d'évaluation foncière),https://donneesouvertes.affmunqc.net/role/RL71060_2026.xml,,,,
"413, Erables, app. 415",,L'Île-Perrot,,,474.7,1992,145300,340100,485400,2025,Logement,MAMH — Données Québec (rôle d'évaluation foncière),https://donneesouvertes.affmunqc.net/role/RL71060_2026.xml,,,,
"280, 25e Avenue",,L'Île-Perrot,,,956.8,1975,207800,247000,454800,2025,Logement,MAMH — Données Québec (rôle d'évaluation foncière),https://donneesouvertes.affmunqc.net/role/RL71060_2026.xml,,,,
"418, Erables",,L'Île-Perrot,,,642.4,1974,175700,272800,448500,2025,Logement,MAMH — Données Québec (rôle d'évaluation foncière),https://donneesouvertes.affmunqc.net/role/RL71060_2026.xml,,,,
"417, Erables",,L'Île-Perrot,,,642.4,1974,175700,346600,522300,2025,Logement,MAMH — Données Québec (rôle d'évaluation foncière),https://donneesouvertes.affmunqc.net/role/RL71060_2026.xml,,,,
"422, Erables",,L'Île-Perrot,,,557.4,1974,167000,297400,464400,2025,Logement,MAMH — Données Québec (rôle d'évaluation foncière),https://donneesouvertes.affmunqc.net/role/RL71060_2026.xml,,,,
"273, 27e Avenue",,L'Île-Perrot,,,642.3,1974,175700,261500,437200,2025,Logement,MAMH — Données Québec (rôle d'évaluation foncière),https://donneesouvertes.affmunqc.net/role/RL71060_2026.xml,,,,
"265, 24e Avenue, app. 267",,L'Île-Perrot,,,767.5,2008,184800,480600,665400,2025,Logement,MAMH — Données Québec (rôle d'évaluation foncière),https://donneesouvertes.affmunqc.net/role/RL71060_2026.xml,,,,
"261, 24e Avenue",,L'Île-Perrot,,,976.8,1973,205700,301700,507400,2025,Logement,MAMH — Données Québec (rôle d'évaluation foncière),https://donneesouvertes.affmunqc.net/role/RL71060_2026.xml,,,,
"257, 24e Avenue",,L'Île-Perrot,,,732.6,1941,181300,254700,436000,2025,Logement,MAMH — Données Québec (rôle d'évaluation foncière),https://donneesouvertes.affmunqc.net/role/RL71060_2026.xml,,,,
"251, 24e Avenue",,L'Île-Perrot,,,511.7,1958,153500,194400,347900,2025,Logement,MAMH — Données Québec (rôle d'évaluation foncière),https://donneesouvertes.affmunqc.net/role/RL71060_2026.xml,,,,
"247, 24e Avenue",,L'Île-Perrot,,,666,1976,174600,308100,482700,2025,Logement,MAMH — Données Québec (rôle d'évaluation foncière),https://donneesouvertes.affmunqc.net/role/RL71060_2026.xml,,,,
"276, 25e Avenue",,L'Île-Perrot,,,622.1,1976,173600,255000,428600,2025,Logement,MAMH — Données Québec (rôle d'évaluation foncière),https://donneesouvertes.affmunqc.net/role/RL71060_2026.xml,,,,
"272, 25e Avenue",,L'Île-Perrot,,,593.3,1975,170700,276600,447300,2025,Logement,MAMH — Données Québec (rôle d'évaluation foncière),https://donneesouvertes.affmunqc.net/role/RL71060_2026.xml,,,,
"268, 25e Avenue",,L'Île-Perrot,,,727.2,1976,184300,240800,425100,2025,Logement,MAMH — Données Québec (rôle d'évaluation foncière),https://donneesouvertes.affmunqc.net/role/RL71060_2026.xml,,,,
"266, 25e Avenue",,L'Île-Perrot,,,1003.3,1967,212500,260900,473400,2025,Logement,MAMH — Données Québec (rôle d'évaluation foncière),https://donneesouvertes.affmunqc.net/role/RL71060_2026.xml,,,,
"49, Rosiers",,L'Île-Perrot,,,565,1991,190800,296500,487300,2025,Logement,MAMH — Données Québec (rôle d'évaluation foncière),https://donneesouvertes.affmunqc.net/role/RL71060_2026.xml,,,,
"45, Rosiers",,L'Île-Perrot,,,559.5,1991,192200,342100,534300,2025,Logement,MAMH — Données Québec (rôle d'évaluation foncière),https://donneesouvertes.affmunqc.net/role/RL71060_2026.xml,,,,
"41, Rosiers",,L'Île-Perrot,,,559.3,1992,192200,343000,535200,2025,Logement,MAMH — Données Québec (rôle d'évaluation foncière),https://donneesouvertes.affmunqc.net/role/RL71060_2026.xml,,,,
"37, Rosiers",,L'Île-Perrot,,,559.1,1991,192200,365400,557600,2025,Logement,MAMH — Données Québec (rôle d'évaluation foncière),https://donneesouvertes.affmunqc.net/role/RL71060_2026.xml,,,,
"33, Rosiers",,L'Île-Perrot,,,558.9,1992,192100,324200,516300,2025,Logement,MAMH — Données Québec (rôle d'évaluation foncière),https://donneesouvertes.affmunqc.net/role/RL71060_2026.xml,,,,
"29, Rosiers",,L'Île-Perrot,,,558.7,1990,192100,257400,449500,2025,Logement,MAMH — Données Québec (rôle d'évaluation foncière),https://donneesouvertes.affmunqc.net/role/RL71060_2026.xml,,,,
"170, Pins",,L'Île-Perrot,,,557.5,1991,192000,347500,539500,2025,Logement,MAMH — Données Québec (rôle d'évaluation foncière),https://donneesouvertes.affmunqc.net/role/RL71060_2026.xml,,,,
"164, Pins",,L'Île-Perrot,,,557.5,1991,192000,327600,519600,2025,Logement,MAMH — Données Québec (rôle d'évaluation foncière),https://donneesouvertes.affmunqc.net/role/RL71060_2026.xml,,,,
"158, Pins",,L'Île-Perrot,,,557.5,1991,192000,312400,504400,2025,Logement,MAMH — Données Québec (rôle d'évaluation foncière),https://donneesouvertes.affmunqc.net/role/RL71060_2026.xml,,,,
"152, Pins",,L'Île-Perrot,,,557.5,1993,192000,310400,502400,2025,Logement,MAMH — Données Québec (rôle d'évaluation foncière),https://donneesouvertes.affmunqc.net/role/RL71060_2026.xml,,,,
"146, Pins",,L'Île-Perrot,,,557.5,1991,192000,295200,487200,2025,Logement,MAMH — Données Québec (rôle d'évaluation foncière),https://donneesouvertes.affmunqc.net/role/RL71060_2026.xml,,,,
"142, Pins",,L'Île-Perrot,,,557.5,1990,192000,347200,539200,2025,Logement,MAMH — Données Québec (rôle d'évaluation foncière),https://donneesouvertes.affmunqc.net/role/RL71060_2026.xml,,,,
"28, Rosiers",,L'Île-Perrot,,,565.5,1992,196800,438000,634800,2025,Logement,MAMH — Données Québec (rôle d'évaluation foncière),https://donneesouvertes.affmunqc.net/role/RL71060_2026.xml,,,,
"24, Rosiers",,L'Île-Perrot,,,567.7,1992,197600,355300,552900,2025,Logement,MAMH — Données Québec (rôle d'évaluation foncière),https://donneesouvertes.affmunqc.net/role/RL71060_2026.xml,,,,
"20, Rosiers",,L'Île-Perrot,,,632.3,1990,212500,392400,604900,2025,Logement,MAMH — Données Québec (rôle d'évaluation foncière),https://donneesouvertes.affmunqc.net/role/RL71060_2026.xml,,,,
"5, Rosiers",,L'Île-Perrot,,,558.3,1991,194300,310700,505000,2025,Logement,MAMH — Données Québec (rôle d'évaluation foncière),https://donneesouvertes.affmunqc.net/role/RL71060_2026.xml,,,,
"9, Rosiers",,L'Île-Perrot,,,575,1993,192000,314100,506100,2025,Logement,MAMH — Données Québec (rôle d'évaluation foncière),https://donneesouvertes.affmunqc.net/role/RL71060_2026.xml,,,,
"25, Rosiers",,L'Île-Perrot,,,558.5,1992,192100,332400,524500,2025,Logement,MAMH — Données Québec (rôle d'évaluation foncière),https://donneesouvertes.affmunqc.net/role/RL71060_2026.xml,,,,
"13, Rosiers",,L'Île-Perrot,,,908,1991,230600,445800,676400,2025,Logement,MAMH — Données Québec (rôle d'évaluation foncière),https://donneesouvertes.affmunqc.net/role/RL71060_2026.xml,,,,
"21, Rosiers",,L'Île-Perrot,,,636.3,1991,200100,327600,527700,2025,Logement,MAMH — Données Québec (rôle d'évaluation foncière),https://donneesouvertes.affmunqc.net/role/RL71060_2026.xml,,,,
"468, Cedres",,L'Île-Perrot,,,566.9,1989,195200,357100,552300,2025,Logement,MAMH — Données Québec (rôle d'évaluation foncière),https://donneesouvertes.affmunqc.net/role/RL71060_2026.xml,,,,
"17, Rosiers",,L'Île-Perrot,,,957.6,1991,236400,393200,629600,2025,Logement,MAMH — Données Québec (rôle d'évaluation foncière),https://donneesouvertes.affmunqc.net/role/RL71060_2026.xml,,,,
"472, Cedres",,L'Île-Perrot,,,566.9,1989,195200,310100,505300,2025,Logement,MAMH — Données Québec (rôle d'évaluation foncière),https://donneesouvertes.affmunqc.net/role/RL71060_2026.xml,,,,
"138, Pins",,L'Île-Perrot,,,557.5,1992,192000,344000,536000,2025,Logement,MAMH — Données Québec (rôle d'évaluation foncière),https://donneesouvertes.affmunqc.net/role/RL71060_2026.xml,,,,
"134, Pins",,L'Île-Perrot,,,557.5,1990,192000,350400,542400,2025,Logement,MAMH — Données Québec (rôle d'évaluation foncière),https://donneesouvertes.affmunqc.net/role/RL71060_2026.xml,,,,
"476, Cedres",,L'Île-Perrot,,,566.9,1989,195200,441100,636300,2025,Logement,MAMH — Données Québec (rôle d'évaluation foncière),https://donneesouvertes.affmunqc.net/role/RL71060_2026.xml,,,,
"130, Pins",,L'Île-Perrot,,,557.5,1990,192000,312100,504100,2025,Logement,MAMH — Données Québec (rôle d'évaluation foncière),https://donneesouvertes.affmunqc.net/role/RL71060_2026.xml,,,,
"456, Cedres",,L'Île-Perrot,,,647.7,1988,214300,354500,568800,2025,Logement,MAMH — Données Québec (rôle d'évaluation foncière),https://donneesouvertes.affmunqc.net/role/RL71060_2026.xml,,,,
"107, Bouleaux",,L'Île-Perrot,,,643.3,1988,213800,374100,587900,2025,Logement,MAMH — Données Québec (rôle d'évaluation foncière),https://donneesouvertes.affmunqc.net/role/RL71060_2026.xml,,,,
"460, Cedres",,L'Île-Perrot,,,566.9,1989,195200,313800,509000,2025,Logement,MAMH — Données Québec (rôle d'évaluation foncière),https://donneesouvertes.affmunqc.net/role/RL71060_2026.xml,,,,
"103, Bouleaux",,L'Île-Perrot,,,571.5,1988,196800,349200,546000,2025,Logement,MAMH — Données Québec (rôle d'évaluation foncière),https://donneesouvertes.affmunqc.net/role/RL71060_2026.xml,,,,
"99, Bouleaux",,L'Île-Perrot,,,571.5,1988,196800,498500,695300,2025,Logement,MAMH — Données Québec (rôle d'évaluation foncière),https://donneesouvertes.affmunqc.net/role/RL71060_2026.xml,,,,
"464, Cedres",,L'Île-Perrot,,,566.9,1988,195200,289400,484600,2025,Logement,MAMH — Données Québec (rôle d'évaluation foncière),https://donneesouvertes.affmunqc.net/role/RL71060_2026.xml,,,,
"106, Ormeaux",,L'Île-Perrot,,,625.2,2011,211700,481500,693200,2025,Logement,MAMH — Données Québec (rôle d'évaluation foncière),https://donneesouvertes.affmunqc.net/role/RL71060_2026.xml,,,,
"102, Ormeaux",,L'Île-Perrot,,,558.2,1989,194300,314300,508600,2025,Logement,MAMH — Données Québec (rôle d'évaluation foncière),https://donneesouvertes.affmunqc.net/role/RL71060_2026.xml,,,,
"98, Ormeaux",,L'Île-Perrot,,,560.2,1988,195000,298800,493800,2025,Logement,MAMH — Données Québec (rôle d'évaluation foncière),https://donneesouvertes.affmunqc.net/role/RL71060_2026.xml,,,,
"94, Ormeaux",,L'Île-Perrot,,,569.6,1987,198200,286600,484800,2025,Logement,MAMH — Données Québec (rôle d'évaluation foncière),https://donneesouvertes.affmunqc.net/role/RL71060_2026.xml,,,,
"107, Ormeaux",,L'Île-Perrot,,,649.1,1988,214500,417700,632200,2025,Logement,MAMH — Données Québec (rôle d'évaluation foncière),https://donneesouvertes.affmunqc.net/role/RL71060_2026.xml,,,,
"90, Bouleaux",,L'Île-Perrot,,,642.4,1988,213700,405700,619400,2025,Logement,MAMH — Données Québec (rôle d'évaluation foncière),https://donneesouvertes.affmunqc.net/role/RL71060_2026.xml,,,,
"86, Bouleaux",,L'Île-Perrot,,,557.4,1990,192000,382600,574600,2025,Logement,MAMH — Données Québec (rôle d'évaluation foncière),https://donneesouvertes.affmunqc.net/role/RL71060_2026.xml,,,,
"82, Bouleaux",,L'Île-Perrot,,,642.4,1988,192300,356400,548700,2025,Logement,MAMH — Données Québec (rôle d'évaluation foncière),https://donneesouvertes.affmunqc.net/role/RL71060_2026.xml,,,,
"95, Bouleaux",,L'Île-Perrot,,,579.1,1988,199400,257300,456700,2025,Logement,MAMH — Données Québec (rôle d'évaluation foncière),https://donneesouvertes.affmunqc.net/role/RL71060_2026.xml,,,,
"91, Bouleaux",,L'Île-Perrot,,,579.1,1988,199400,370200,569600,2025,Logement,MAMH — Données Québec (rôle d'évaluation foncière),https://donneesouvertes.affmunqc.net/role/RL71060_2026.xml,,,,
"87, Bouleaux",,L'Île-Perrot,,,579.1,1988,199400,491600,691000,2025,Logement,MAMH — Données Québec (rôle d'évaluation foncière),https://donneesouvertes.affmunqc.net/role/RL71060_2026.xml,,,,
"83, Bouleaux",,L'Île-Perrot,,,642.4,1988,192300,338000,530300,2025,Logement,MAMH — Données Québec (rôle d'évaluation foncière),https://donneesouvertes.affmunqc.net/role/RL71060_2026.xml,,,,
"90, Ormeaux",,L'Île-Perrot,,,571.7,1989,198600,386600,585200,2025,Logement,MAMH — Données Québec (rôle d'évaluation foncière),https://donneesouvertes.affmunqc.net/role/RL71060_2026.xml,,,,
"86, Ormeaux",,L'Île-Perrot,,,573.7,1988,198800,466700,665500,2025,Logement,MAMH — Données Québec (rôle d'évaluation foncière),https://donneesouvertes.affmunqc.net/role/RL71060_2026.xml,,,,
"82, Ormeaux",,L'Île-Perrot,,,631.2,1989,212400,394900,607300,2025,Logement,MAMH — Données Québec (rôle d'évaluation foncière),https://donneesouvertes.affmunqc.net/role/RL71060_2026.xml,,,,
"291, Rebec",,L'Île-Perrot,,,627.8,1974,174200,251400,425600,2025,Logement,MAMH — Données Québec (rôle d'évaluation foncière),https://donneesouvertes.affmunqc.net/role/RL71060_2026.xml,,,,
"287, Rebec",,L'Île-Perrot,,,627.8,1974,174200,294200,468400,2025,Logement,MAMH — Données Québec (rôle d'évaluation foncière),https://donneesouvertes.affmunqc.net/role/RL71060_2026.xml,,,,
"20, Ormeaux",,L'Île-Perrot,,,1080.3,1986,303300,368400,671700,2025,Logement,MAMH — Données Québec (rôle d'évaluation foncière),https://donneesouvertes.affmunqc.net/role/RL71060_2026.xml,,,,
"281, Rebec",,L'Île-Perrot,,,627.8,1974,174200,306200,480400,2025,Logement,MAMH — Données Québec (rôle d'évaluation foncière),https://donneesouvertes.affmunqc.net/role/RL71060_2026.xml,,,,
"279, Rebec",,L'Île-Perrot,,,700.9,1974,181700,293100,474800,2025,Logement,MAMH — Données Québec (rôle d'évaluation foncière),https://donneesouvertes.affmunqc.net/role/RL71060_2026.xml,,,,
"275, Rebec",,L'Île-Perrot,,,700.9,1974,181700,246000,427700,2025,Logement,MAMH — Données Québec (rôle d'évaluation foncière),https://donneesouvertes.affmunqc.net/role/RL71060_2026.xml,,,,
"271, Rebec",,L'Île-Perrot,,,607.6,1974,172100,265200,437300,2025,Logement,MAMH — Données Québec (rôle d'évaluation foncière),https://donneesouvertes.affmunqc.net/role/RL71060_2026.xml,,,,
"267, Rebec",,L'Île-Perrot,,,700.9,1974,181700,327800,509500,2025,Logement,MAMH — Données Québec (rôle d'évaluation foncière),https://donneesouvertes.affmunqc.net/role/RL71060_2026.xml,,,,
"2, Saules",,L'Île-Perrot,,,642.3,1984,245000,289500,534500,2025,Logement,MAMH — Données Québec (rôle d'évaluation foncière),https://donneesouvertes.affmunqc.net/role/RL71060_2026.xml,,,,
"3, Ormeaux",,L'Île-Perrot,,,650.3,1984,246100,306100,552200,2025,Logement,MAMH — Données Québec (rôle d'évaluation foncière),https://donneesouvertes.affmunqc.net/role/RL71060_2026.xml,,,,
"430, Erables",,L'Île-Perrot,,,613.2,1983,184900,260700,445600,2025,Logement,MAMH — Données Québec (rôle d'évaluation foncière),https://donneesouvertes.affmunqc.net/role/RL71060_2026.xml,,,,
"7, Ormeaux",,L'Île-Perrot,,,704.7,1983,248900,300000,548900,2025,Logement,MAMH — Données Québec (rôle d'évaluation foncière),https://donneesouvertes.affmunqc.net/role/RL71060_2026.xml,,,,
"434, Erables",,L'Île-Perrot,,,704.7,1983,194300,283400,477700,2025,Logement,MAMH — Données Québec (rôle d'évaluation foncière),https://donneesouvertes.affmunqc.net/role/RL71060_2026.xml,,,,
"421, Erables",,L'Île-Perrot,,,557.4,1974,167000,311300,478300,2025,Logement,MAMH — Données Québec (rôle d'évaluation foncière),https://donneesouvertes.affmunqc.net/role/RL71060_2026.xml,,,,
"426, Erables",,L'Île-Perrot,,,642.4,1974,175700,269100,444800,2025,Logement,MAMH — Données Québec (rôle d'évaluation foncière),https://donneesouvertes.affmunqc.net/role/RL71060_2026.xml,,,,
"269, 27e Avenue",,L'Île-Perrot,,,557.4,1974,167000,210400,377400,2025,Logement,MAMH — Données Québec (rôle d'évaluation foncière),https://donneesouvertes.affmunqc.net/role/RL71060_2026.xml,,,,
"425, Erables",,L'Île-Perrot,,,557.4,1974,167000,315200,482200,2025,Logement,MAMH — Données Québec (rôle d'évaluation foncière),https://donneesouvertes.affmunqc.net/role/RL71060_2026.xml,,,,
"265, 27e Avenue",,L'Île-Perrot,,,557.4,1974,167000,241400,408400,2025,Logement,MAMH — Données Québec (rôle d'évaluation foncière),https://donneesouvertes.affmunqc.net/role/RL71060_2026.xml,,,,
"429, Erables",,L'Île-Perrot,,,588.3,1974,170200,405500,575700,2025,Logement,MAMH — Données Québec (rôle d'évaluation foncière),https://donneesouvertes.affmunqc.net/role/RL71060_2026.xml,,,,
"261, 27e Avenue",,L'Île-Perrot,,,702.4,1974,181800,370000,551800,2025,Logement,MAMH — Données Québec (rôle d'évaluation foncière),https://donneesouvertes.affmunqc.net/role/RL71060_2026.xml,,,,
"433, Erables",,L'Île-Perrot,,,981.5,1974,210300,363000,573300,2025,Logement,MAMH — Données Québec (rôle d'évaluation foncière),https://donneesouvertes.affmunqc.net/role/RL71060_2026.xml,,,,
"257, 27e Avenue",,L'Île-Perrot,,,1058.6,1974,218100,240000,458100,2025,Logement,MAMH — Données Québec (rôle d'évaluation foncière),https://donneesouvertes.affmunqc.net/role/RL71060_2026.xml,,,,
"253, 27e Avenue",,L'Île-Perrot,,,711.6,1974,182700,216400,399100,2025,Logement,MAMH — Données Québec (rôle d'évaluation foncière),https://donneesouvertes.affmunqc.net/role/RL71060_2026.xml,,,,
"24, Hetres",,L'Île-Perrot,,,921.1,1977,216400,312800,529200,2025,Logement,MAMH — Données Québec (rôle d'évaluation foncière),https://donneesouvertes.affmunqc.net/role/RL71060_2026.xml,,,,
"20, Hetres",,L'Île-Perrot,,,580.7,1977,175800,295100,470900,2025,Logement,MAMH — Données Québec (rôle d'évaluation foncière),https://donneesouvertes.affmunqc.net/role/RL71060_2026.xml,,,,
"258, 27e Avenue",,L'Île-Perrot,,,642.4,1974,175700,256900,432600,2025,Logement,MAMH — Données Québec (rôle d'évaluation foncière),https://donneesouvertes.affmunqc.net/role/RL71060_2026.xml,,,,
"247, 25e Avenue",,L'Île-Perrot,,,565.8,1974,167900,253600,421500,2025,Logement,MAMH — Données Québec (rôle d'évaluation foncière),https://donneesouvertes.affmunqc.net/role/RL71060_2026.xml,,,,
"243, 25e Avenue",,L'Île-Perrot,,,557.4,1974,167000,261700,428700,2025,Logement,MAMH — Données Québec (rôle d'évaluation foncière),https://donneesouvertes.affmunqc.net/role/RL71060_2026.xml,,,,
"254, 27e Avenue",,L'Île-Perrot,,,532.3,1974,162900,282200,445100,2025,Logement,MAMH — Données Québec (rôle d'évaluation foncière),https://donneesouvertes.affmunqc.net/role/RL71060_2026.xml,,,,
"250, 27e Avenue",,L'Île-Perrot,,,620.8,1974,173500,272700,446200,2025,Logement,MAMH — Données Québec (rôle d'évaluation foncière),https://donneesouvertes.affmunqc.net/role/RL71060_2026.xml,,,,
"246, 27e Avenue",,L'Île-Perrot,,,573.9,1974,168700,284400,453100,2025,Logement,MAMH — Données Québec (rôle d'évaluation foncière),https://donneesouvertes.affmunqc.net/role/RL71060_2026.xml,,,,
"242, 27e Avenue",,L'Île-Perrot,,,568.6,1974,168200,223500,391700,2025,Logement,MAMH — Données Québec (rôle d'évaluation foncière),https://donneesouvertes.affmunqc.net/role/RL71060_2026.xml,,,,
"238, 27e Avenue",,L'Île-Perrot,,,563.2,1974,167600,288200,455800,2025,Logement,MAMH — Données Québec (rôle d'évaluation foncière),https://donneesouvertes.affmunqc.net/role/RL71060_2026.xml,,,,
"234, 27e Avenue",,L'Île-Perrot,,,568.6,1974,168200,322400,490600,2025,Logement,MAMH — Données Québec (rôle d'évaluation foncière),https://donneesouvertes.affmunqc.net/role/RL71060_2026.xml,,,,
"249, 27e Avenue",,L'Île-Perrot,,,596.4,1974,171000,262700,433700,2025,Logement,MAMH — Données Québec (rôle d'évaluation foncière),https://donneesouvertes.affmunqc.net/role/RL71060_2026.xml,,,,
27e Avenue,,L'Île-Perrot,,,5384.1,,100,,100,2025,Immeuble commercial,MAMH — Données Québec (rôle d'évaluation foncière),https://donneesouvertes.affmunqc.net/role/RL71060_2026.xml,,,,
