address,borough,city,latitude,longitude,lot_area_sqm,construction_year,assessment_land,assessment_building,assessment_total,assessment_year,property_category,data_source,source_url,street_photo_url,street_photo_taken_at,street_photo_author,street_photo_source
"721, Soulanges",,Brossard,,,254.22,1978,139800,311000,450800,2025,Logement,MAMH — Données Québec (rôle d'évaluation foncière),https://donneesouvertes.affmunqc.net/role/RL58007_2026.xml,,,,
"723, Soulanges",,Brossard,,,254.22,1978,139800,270800,410600,2025,Logement,MAMH — Données Québec (rôle d'évaluation foncière),https://donneesouvertes.affmunqc.net/role/RL58007_2026.xml,,,,
"725, Soulanges",,Brossard,,,254.22,1978,139800,265200,405000,2025,Logement,MAMH — Données Québec (rôle d'évaluation foncière),https://donneesouvertes.affmunqc.net/role/RL58007_2026.xml,,,,
"727, Soulanges",,Brossard,,,254.22,1978,139800,293200,433000,2025,Logement,MAMH — Données Québec (rôle d'évaluation foncière),https://donneesouvertes.affmunqc.net/role/RL58007_2026.xml,,,,
"729, Soulanges",,Brossard,,,254.22,1978,139800,308000,447800,2025,Logement,MAMH — Données Québec (rôle d'évaluation foncière),https://donneesouvertes.affmunqc.net/role/RL58007_2026.xml,,,,
"731, Soulanges",,Brossard,,,269.9,1978,148400,310800,459200,2025,Logement,MAMH — Données Québec (rôle d'évaluation foncière),https://donneesouvertes.affmunqc.net/role/RL58007_2026.xml,,,,
"741, Soulanges",,Brossard,,,269.9,1978,148400,386300,534700,2025,Logement,MAMH — Données Québec (rôle d'évaluation foncière),https://donneesouvertes.affmunqc.net/role/RL58007_2026.xml,,,,
"743, Soulanges",,Brossard,,,254.22,1978,139800,302700,442500,2025,Logement,MAMH — Données Québec (rôle d'évaluation foncière),https://donneesouvertes.affmunqc.net/role/RL58007_2026.xml,,,,
"745, Soulanges",,Brossard,,,254.22,1978,139800,304000,443800,2025,Logement,MAMH — Données Québec (rôle d'évaluation foncière),https://donneesouvertes.affmunqc.net/role/RL58007_2026.xml,,,,
"747, Soulanges",,Brossard,,,269.9,1978,148400,309500,457900,2025,Logement,MAMH — Données Québec (rôle d'évaluation foncière),https://donneesouvertes.affmunqc.net/role/RL58007_2026.xml,,,,
"751, Soulanges",,Brossard,,,269.9,1978,148400,371300,519700,2025,Logement,MAMH — Données Québec (rôle d'évaluation foncière),https://donneesouvertes.affmunqc.net/role/RL58007_2026.xml,,,,
"753, Soulanges",,Brossard,,,254.22,1978,139800,283700,423500,2025,Logement,MAMH — Données Québec (rôle d'évaluation foncière),https://donneesouvertes.affmunqc.net/role/RL58007_2026.xml,,,,
"755, Soulanges",,Brossard,,,254.22,1978,139800,278200,418000,2025,Logement,MAMH — Données Québec (rôle d'évaluation foncière),https://donneesouvertes.affmunqc.net/role/RL58007_2026.xml,,,,
"757, Soulanges",,Brossard,,,254.22,1978,139800,303600,443400,2025,Logement,MAMH — Données Québec (rôle d'évaluation foncière),https://donneesouvertes.affmunqc.net/role/RL58007_2026.xml,,,,
"759, Soulanges",,Brossard,,,254.22,1978,139800,263400,403200,2025,Logement,MAMH — Données Québec (rôle d'évaluation foncière),https://donneesouvertes.affmunqc.net/role/RL58007_2026.xml,,,,
"761, Soulanges",,Brossard,,,254.22,1978,139800,271100,410900,2025,Logement,MAMH — Données Québec (rôle d'évaluation foncière),https://donneesouvertes.affmunqc.net/role/RL58007_2026.xml,,,,
"763, Soulanges",,Brossard,,,254.22,1978,139800,293700,433500,2025,Logement,MAMH — Données Québec (rôle d'évaluation foncière),https://donneesouvertes.affmunqc.net/role/RL58007_2026.xml,,,,
"765, Soulanges",,Brossard,,,269.9,1978,148400,360200,508600,2025,Logement,MAMH — Données Québec (rôle d'évaluation foncière),https://donneesouvertes.affmunqc.net/role/RL58007_2026.xml,,,,
"775, Soulanges",,Brossard,,,269.9,1978,148400,367800,516200,2025,Logement,MAMH — Données Québec (rôle d'évaluation foncière),https://donneesouvertes.affmunqc.net/role/RL58007_2026.xml,,,,
"777, Soulanges",,Brossard,,,254.22,1978,139800,299400,439200,2025,Logement,MAMH — Données Québec (rôle d'évaluation foncière),https://donneesouvertes.affmunqc.net/role/RL58007_2026.xml,,,,
"779, Soulanges",,Brossard,,,254.22,1978,139800,312700,452500,2025,Logement,MAMH — Données Québec (rôle d'évaluation foncière),https://donneesouvertes.affmunqc.net/role/RL58007_2026.xml,,,,
"781, Soulanges",,Brossard,,,269.9,1978,148400,356600,505000,2025,Logement,MAMH — Données Québec (rôle d'évaluation foncière),https://donneesouvertes.affmunqc.net/role/RL58007_2026.xml,,,,
"789, Soulanges",,Brossard,,,289.85,1978,159400,289500,448900,2025,Logement,MAMH — Données Québec (rôle d'évaluation foncière),https://donneesouvertes.affmunqc.net/role/RL58007_2026.xml,,,,
"791, Soulanges",,Brossard,,,272.75,1978,150000,277800,427800,2025,Logement,MAMH — Données Québec (rôle d'évaluation foncière),https://donneesouvertes.affmunqc.net/role/RL58007_2026.xml,,,,
"793, Soulanges",,Brossard,,,272.75,1978,150000,270600,420600,2025,Logement,MAMH — Données Québec (rôle d'évaluation foncière),https://donneesouvertes.affmunqc.net/role/RL58007_2026.xml,,,,
"795, Soulanges",,Brossard,,,272.75,1978,150000,261100,411100,2025,Logement,MAMH — Données Québec (rôle d'évaluation foncière),https://donneesouvertes.affmunqc.net/role/RL58007_2026.xml,,,,
"797, Soulanges",,Brossard,,,272.75,1978,150000,279500,429500,2025,Logement,MAMH — Données Québec (rôle d'évaluation foncière),https://donneesouvertes.affmunqc.net/role/RL58007_2026.xml,,,,
"799, Soulanges",,Brossard,,,289.85,1978,159400,358600,518000,2025,Logement,MAMH — Données Québec (rôle d'évaluation foncière),https://donneesouvertes.affmunqc.net/role/RL58007_2026.xml,,,,
"801, Soulanges",,Brossard,,,269.9,1978,148400,296300,444700,2025,Logement,MAMH — Données Québec (rôle d'évaluation foncière),https://donneesouvertes.affmunqc.net/role/RL58007_2026.xml,,,,
"803, Soulanges",,Brossard,,,254.22,1978,139800,314200,454000,2025,Logement,MAMH — Données Québec (rôle d'évaluation foncière),https://donneesouvertes.affmunqc.net/role/RL58007_2026.xml,,,,
"805, Soulanges",,Brossard,,,254.22,1978,139800,293100,432900,2025,Logement,MAMH — Données Québec (rôle d'évaluation foncière),https://donneesouvertes.affmunqc.net/role/RL58007_2026.xml,,,,
"807, Soulanges",,Brossard,,,254.22,1978,139800,296600,436400,2025,Logement,MAMH — Données Québec (rôle d'évaluation foncière),https://donneesouvertes.affmunqc.net/role/RL58007_2026.xml,,,,
"809, Soulanges",,Brossard,,,254.22,1978,139800,303300,443100,2025,Logement,MAMH — Données Québec (rôle d'évaluation foncière),https://donneesouvertes.affmunqc.net/role/RL58007_2026.xml,,,,
"811, Soulanges",,Brossard,,,269.9,1978,148400,348200,496600,2025,Logement,MAMH — Données Québec (rôle d'évaluation foncière),https://donneesouvertes.affmunqc.net/role/RL58007_2026.xml,,,,
"821, Soulanges",,Brossard,,,289.85,1978,159400,396200,555600,2025,Logement,MAMH — Données Québec (rôle d'évaluation foncière),https://donneesouvertes.affmunqc.net/role/RL58007_2026.xml,,,,
"823, Soulanges",,Brossard,,,272.75,1978,150000,305300,455300,2025,Logement,MAMH — Données Québec (rôle d'évaluation foncière),https://donneesouvertes.affmunqc.net/role/RL58007_2026.xml,,,,
"825, Soulanges",,Brossard,,,272.75,1978,150000,334300,484300,2025,Logement,MAMH — Données Québec (rôle d'évaluation foncière),https://donneesouvertes.affmunqc.net/role/RL58007_2026.xml,,,,
"827, Soulanges",,Brossard,,,289.85,1978,159400,433500,592900,2025,Logement,MAMH — Données Québec (rôle d'évaluation foncière),https://donneesouvertes.affmunqc.net/role/RL58007_2026.xml,,,,
"851, Soulanges",,Brossard,,,289.85,1978,159400,407800,567200,2025,Logement,MAMH — Données Québec (rôle d'évaluation foncière),https://donneesouvertes.affmunqc.net/role/RL58007_2026.xml,,,,
"853, Soulanges",,Brossard,,,272.75,1978,150000,394200,544200,2025,Logement,MAMH — Données Québec (rôle d'évaluation foncière),https://donneesouvertes.affmunqc.net/role/RL58007_2026.xml,,,,
"855, Soulanges",,Brossard,,,272.75,1978,150000,329200,479200,2025,Logement,MAMH — Données Québec (rôle d'évaluation foncière),https://donneesouvertes.affmunqc.net/role/RL58007_2026.xml,,,,
"857, Soulanges",,Brossard,,,289.85,1978,159400,475200,634600,2025,Logement,MAMH — Données Québec (rôle d'évaluation foncière),https://donneesouvertes.affmunqc.net/role/RL58007_2026.xml,,,,
"867, Soulanges",,Brossard,,,269.9,1978,148400,304500,452900,2025,Logement,MAMH — Données Québec (rôle d'évaluation foncière),https://donneesouvertes.affmunqc.net/role/RL58007_2026.xml,,,,
"869, Soulanges",,Brossard,,,254.22,1978,139800,317700,457500,2025,Logement,MAMH — Données Québec (rôle d'évaluation foncière),https://donneesouvertes.affmunqc.net/role/RL58007_2026.xml,,,,
"871, Soulanges",,Brossard,,,254.22,1978,139800,298300,438100,2025,Logement,MAMH — Données Québec (rôle d'évaluation foncière),https://donneesouvertes.affmunqc.net/role/RL58007_2026.xml,,,,
"873, Soulanges",,Brossard,,,254.22,1978,139800,275900,415700,2025,Logement,MAMH — Données Québec (rôle d'évaluation foncière),https://donneesouvertes.affmunqc.net/role/RL58007_2026.xml,,,,
"875, Soulanges",,Brossard,,,254.22,1978,139800,299200,439000,2025,Logement,MAMH — Données Québec (rôle d'évaluation foncière),https://donneesouvertes.affmunqc.net/role/RL58007_2026.xml,,,,
"877, Soulanges",,Brossard,,,269.9,1978,148400,287800,436200,2025,Logement,MAMH — Données Québec (rôle d'évaluation foncière),https://donneesouvertes.affmunqc.net/role/RL58007_2026.xml,,,,
"901, Soulanges",,Brossard,,,289.85,1978,159400,332500,491900,2025,Logement,MAMH — Données Québec (rôle d'évaluation foncière),https://donneesouvertes.affmunqc.net/role/RL58007_2026.xml,,,,
"903, Soulanges",,Brossard,,,272.75,1978,150000,323000,473000,2025,Logement,MAMH — Données Québec (rôle d'évaluation foncière),https://donneesouvertes.affmunqc.net/role/RL58007_2026.xml,,,,
"905, Soulanges",,Brossard,,,272.75,1978,150000,290200,440200,2025,Logement,MAMH — Données Québec (rôle d'évaluation foncière),https://donneesouvertes.affmunqc.net/role/RL58007_2026.xml,,,,
"907, Soulanges",,Brossard,,,272.75,1978,150000,290500,440500,2025,Logement,MAMH — Données Québec (rôle d'évaluation foncière),https://donneesouvertes.affmunqc.net/role/RL58007_2026.xml,,,,
"909, Soulanges",,Brossard,,,272.75,1978,150000,353300,503300,2025,Logement,MAMH — Données Québec (rôle d'évaluation foncière),https://donneesouvertes.affmunqc.net/role/RL58007_2026.xml,,,,
"911, Soulanges",,Brossard,,,289.85,1978,159400,319800,479200,2025,Logement,MAMH — Données Québec (rôle d'évaluation foncière),https://donneesouvertes.affmunqc.net/role/RL58007_2026.xml,,,,
"921, Soulanges",,Brossard,,,269.9,1978,148400,371600,520000,2025,Logement,MAMH — Données Québec (rôle d'évaluation foncière),https://donneesouvertes.affmunqc.net/role/RL58007_2026.xml,,,,
"923, Soulanges",,Brossard,,,254.22,1978,139800,270200,410000,2025,Logement,MAMH — Données Québec (rôle d'évaluation foncière),https://donneesouvertes.affmunqc.net/role/RL58007_2026.xml,,,,
"925, Soulanges",,Brossard,,,254.22,1978,139800,354400,494200,2025,Logement,MAMH — Données Québec (rôle d'évaluation foncière),https://donneesouvertes.affmunqc.net/role/RL58007_2026.xml,,,,
"927, Soulanges",,Brossard,,,254.22,1978,139800,293900,433700,2025,Logement,MAMH — Données Québec (rôle d'évaluation foncière),https://donneesouvertes.affmunqc.net/role/RL58007_2026.xml,,,,
"929, Soulanges",,Brossard,,,254.22,1978,139800,285800,425600,2025,Logement,MAMH — Données Québec (rôle d'évaluation foncière),https://donneesouvertes.affmunqc.net/role/RL58007_2026.xml,,,,
"931, Soulanges",,Brossard,,,269.9,1978,148400,271500,419900,2025,Logement,MAMH — Données Québec (rôle d'évaluation foncière),https://donneesouvertes.affmunqc.net/role/RL58007_2026.xml,,,,
"951, Soulanges",,Brossard,,,269.9,1978,148400,312400,460800,2025,Logement,MAMH — Données Québec (rôle d'évaluation foncière),https://donneesouvertes.affmunqc.net/role/RL58007_2026.xml,,,,
"953, Soulanges",,Brossard,,,254.22,1978,139800,295700,435500,2025,Logement,MAMH — Données Québec (rôle d'évaluation foncière),https://donneesouvertes.affmunqc.net/role/RL58007_2026.xml,,,,
"955, Soulanges",,Brossard,,,254.22,1978,139800,276300,416100,2025,Logement,MAMH — Données Québec (rôle d'évaluation foncière),https://donneesouvertes.affmunqc.net/role/RL58007_2026.xml,,,,
"957, Soulanges",,Brossard,,,254.22,1978,139800,288200,428000,2025,Logement,MAMH — Données Québec (rôle d'évaluation foncière),https://donneesouvertes.affmunqc.net/role/RL58007_2026.xml,,,,
"959, Soulanges",,Brossard,,,254.22,1978,139800,274900,414700,2025,Logement,MAMH — Données Québec (rôle d'évaluation foncière),https://donneesouvertes.affmunqc.net/role/RL58007_2026.xml,,,,
"961, Soulanges",,Brossard,,,269.9,1978,148400,305500,453900,2025,Logement,MAMH — Données Québec (rôle d'évaluation foncière),https://donneesouvertes.affmunqc.net/role/RL58007_2026.xml,,,,
"971, Soulanges",,Brossard,,,289.85,1978,159400,326600,486000,2025,Logement,MAMH — Données Québec (rôle d'évaluation foncière),https://donneesouvertes.affmunqc.net/role/RL58007_2026.xml,,,,
"973, Soulanges",,Brossard,,,272.75,1978,150000,305900,455900,2025,Logement,MAMH — Données Québec (rôle d'évaluation foncière),https://donneesouvertes.affmunqc.net/role/RL58007_2026.xml,,,,
"975, Soulanges",,Brossard,,,272.75,1978,150000,373700,523700,2025,Logement,MAMH — Données Québec (rôle d'évaluation foncière),https://donneesouvertes.affmunqc.net/role/RL58007_2026.xml,,,,
"977, Soulanges",,Brossard,,,272.75,1978,150000,470600,620600,2025,Logement,MAMH — Données Québec (rôle d'évaluation foncière),https://donneesouvertes.affmunqc.net/role/RL58007_2026.xml,,,,
"979, Soulanges",,Brossard,,,272.75,1978,150000,327200,477200,2025,Logement,MAMH — Données Québec (rôle d'évaluation foncière),https://donneesouvertes.affmunqc.net/role/RL58007_2026.xml,,,,
"981, Soulanges",,Brossard,,,272.75,1978,150000,285000,435000,2025,Logement,MAMH — Données Québec (rôle d'évaluation foncière),https://donneesouvertes.affmunqc.net/role/RL58007_2026.xml,,,,
"983, Soulanges",,Brossard,,,272.75,1978,150000,322200,472200,2025,Logement,MAMH — Données Québec (rôle d'évaluation foncière),https://donneesouvertes.affmunqc.net/role/RL58007_2026.xml,,,,
"985, Soulanges",,Brossard,,,289.85,1978,159400,404900,564300,2025,Logement,MAMH — Données Québec (rôle d'évaluation foncière),https://donneesouvertes.affmunqc.net/role/RL58007_2026.xml,,,,
"1745, Tolstoï",,Brossard,,,552.8,1983,289500,439700,729200,2025,Logement,MAMH — Données Québec (rôle d'évaluation foncière),https://donneesouvertes.affmunqc.net/role/RL58007_2026.xml,,,,
"1735, Tolstoï",,Brossard,,,510.9,1983,278000,464500,742500,2025,Logement,MAMH — Données Québec (rôle d'évaluation foncière),https://donneesouvertes.affmunqc.net/role/RL58007_2026.xml,,,,
"1725, Tolstoï",,Brossard,,,593,1983,300600,354200,654800,2025,Logement,MAMH — Données Québec (rôle d'évaluation foncière),https://donneesouvertes.affmunqc.net/role/RL58007_2026.xml,,,,
"1715, Tolstoï",,Brossard,,,552.8,1983,289500,374400,663900,2025,Logement,MAMH — Données Québec (rôle d'évaluation foncière),https://donneesouvertes.affmunqc.net/role/RL58007_2026.xml,,,,
"1705, Tolstoï",,Brossard,,,510.9,1983,278000,392300,670300,2025,Logement,MAMH — Données Québec (rôle d'évaluation foncière),https://donneesouvertes.affmunqc.net/role/RL58007_2026.xml,,,,
"1695, Tolstoï",,Brossard,,,656.7,1984,318100,435700,753800,2025,Logement,MAMH — Données Québec (rôle d'évaluation foncière),https://donneesouvertes.affmunqc.net/role/RL58007_2026.xml,,,,
"1555, Tolstoï",,Brossard,,,539.9,1981,286000,365600,651600,2025,Logement,MAMH — Données Québec (rôle d'évaluation foncière),https://donneesouvertes.affmunqc.net/role/RL58007_2026.xml,,,,
"1640, Tolstoï",,Brossard,,,465.1,1982,255800,339900,595700,2025,Logement,MAMH — Données Québec (rôle d'évaluation foncière),https://donneesouvertes.affmunqc.net/role/RL58007_2026.xml,,,,
"1550, Tolstoï",,Brossard,,,539.9,1983,286000,354600,640600,2025,Logement,MAMH — Données Québec (rôle d'évaluation foncière),https://donneesouvertes.affmunqc.net/role/RL58007_2026.xml,,,,
"1565, Tolstoï",,Brossard,,,503.3,1981,275900,387500,663400,2025,Logement,MAMH — Données Québec (rôle d'évaluation foncière),https://donneesouvertes.affmunqc.net/role/RL58007_2026.xml,,,,
"1630, Tolstoï",,Brossard,,,539.9,1983,286000,486800,772800,2025,Logement,MAMH — Données Québec (rôle d'évaluation foncière),https://donneesouvertes.affmunqc.net/role/RL58007_2026.xml,,,,
"1560, Tolstoï",,Brossard,,,503.3,1983,275900,490400,766300,2025,Logement,MAMH — Données Québec (rôle d'évaluation foncière),https://donneesouvertes.affmunqc.net/role/RL58007_2026.xml,,,,
"1575, Tolstoï",,Brossard,,,465.1,1981,255800,389200,645000,2025,Logement,MAMH — Données Québec (rôle d'évaluation foncière),https://donneesouvertes.affmunqc.net/role/RL58007_2026.xml,,,,
"1620, Tolstoï",,Brossard,,,651.2,1981,316600,433500,750100,2025,Logement,MAMH — Données Québec (rôle d'évaluation foncière),https://donneesouvertes.affmunqc.net/role/RL58007_2026.xml,,,,
"1570, Tolstoï",,Brossard,,,465.1,1983,255800,440800,696600,2025,Logement,MAMH — Données Québec (rôle d'évaluation foncière),https://donneesouvertes.affmunqc.net/role/RL58007_2026.xml,,,,
"1585, Tolstoï",,Brossard,,,539.9,1981,286000,320100,606100,2025,Logement,MAMH — Données Québec (rôle d'évaluation foncière),https://donneesouvertes.affmunqc.net/role/RL58007_2026.xml,,,,
"1610, Tolstoï",,Brossard,,,465.1,1981,255800,428100,683900,2025,Logement,MAMH — Données Québec (rôle d'évaluation foncière),https://donneesouvertes.affmunqc.net/role/RL58007_2026.xml,,,,
"1580, Tolstoï",,Brossard,,,539.9,1983,286000,418700,704700,2025,Logement,MAMH — Données Québec (rôle d'évaluation foncière),https://donneesouvertes.affmunqc.net/role/RL58007_2026.xml,,,,
"1595, Tolstoï",,Brossard,,,503.3,1981,275900,381800,657700,2025,Logement,MAMH — Données Québec (rôle d'évaluation foncière),https://donneesouvertes.affmunqc.net/role/RL58007_2026.xml,,,,
"1600, Tolstoï",,Brossard,,,587,1981,298900,370400,669300,2025,Logement,MAMH — Données Québec (rôle d'évaluation foncière),https://donneesouvertes.affmunqc.net/role/RL58007_2026.xml,,,,
"1590, Tolstoï",,Brossard,,,550.4,1981,288900,334200,623100,2025,Logement,MAMH — Données Québec (rôle d'évaluation foncière),https://donneesouvertes.affmunqc.net/role/RL58007_2026.xml,,,,
"1605, Tolstoï",,Brossard,,,465.1,1981,255800,538800,794600,2025,Logement,MAMH — Données Québec (rôle d'évaluation foncière),https://donneesouvertes.affmunqc.net/role/RL58007_2026.xml,,,,
"1760, Tahiti",,Brossard,,,471.1,1987,259100,445600,704700,2025,Logement,MAMH — Données Québec (rôle d'évaluation foncière),https://donneesouvertes.affmunqc.net/role/RL58007_2026.xml,,,,
"1750, Tahiti",,Brossard,,,460,1986,253000,546600,799600,2025,Logement,MAMH — Données Québec (rôle d'évaluation foncière),https://donneesouvertes.affmunqc.net/role/RL58007_2026.xml,,,,
"1740, Tahiti",,Brossard,,,460,1985,253000,385100,638100,2025,Logement,MAMH — Données Québec (rôle d'évaluation foncière),https://donneesouvertes.affmunqc.net/role/RL58007_2026.xml,,,,
"1730, Tahiti",,Brossard,,,460,1986,253000,447000,700000,2025,Logement,MAMH — Données Québec (rôle d'évaluation foncière),https://donneesouvertes.affmunqc.net/role/RL58007_2026.xml,,,,
"1835, Toscanini",,Brossard,,,460.5,1986,253300,434200,687500,2025,Logement,MAMH — Données Québec (rôle d'évaluation foncière),https://donneesouvertes.affmunqc.net/role/RL58007_2026.xml,,,,
"1825, Toscanini",,Brossard,,,460.5,1986,253300,681200,934500,2025,Logement,MAMH — Données Québec (rôle d'évaluation foncière),https://donneesouvertes.affmunqc.net/role/RL58007_2026.xml,,,,
"1815, Toscanini",,Brossard,,,460.5,1985,253300,472800,726100,2025,Logement,MAMH — Données Québec (rôle d'évaluation foncière),https://donneesouvertes.affmunqc.net/role/RL58007_2026.xml,,,,
"1765, Tahiti",,Brossard,,,471.1,1987,259100,438400,697500,2025,Logement,MAMH — Données Québec (rôle d'évaluation foncière),https://donneesouvertes.affmunqc.net/role/RL58007_2026.xml,,,,
"1755, Tahiti",,Brossard,,,460,1987,253000,407900,660900,2025,Logement,MAMH — Données Québec (rôle d'évaluation foncière),https://donneesouvertes.affmunqc.net/role/RL58007_2026.xml,,,,
"1745, Tahiti",,Brossard,,,460,1987,253000,371200,624200,2025,Logement,MAMH — Données Québec (rôle d'évaluation foncière),https://donneesouvertes.affmunqc.net/role/RL58007_2026.xml,,,,
"1735, Tahiti",,Brossard,,,460,1986,253000,522100,775100,2025,Logement,MAMH — Données Québec (rôle d'évaluation foncière),https://donneesouvertes.affmunqc.net/role/RL58007_2026.xml,,,,
"1805, Toscanini",,Brossard,,,460.5,1987,253300,424600,677900,2025,Logement,MAMH — Données Québec (rôle d'évaluation foncière),https://donneesouvertes.affmunqc.net/role/RL58007_2026.xml,,,,
"1795, Toscanini",,Brossard,,,460.5,1986,253300,434500,687800,2025,Logement,MAMH — Données Québec (rôle d'évaluation foncière),https://donneesouvertes.affmunqc.net/role/RL58007_2026.xml,,,,
"1770, Toscanini",,Brossard,,,471.1,1987,259100,532600,791700,2025,Logement,MAMH — Données Québec (rôle d'évaluation foncière),https://donneesouvertes.affmunqc.net/role/RL58007_2026.xml,,,,
"1760, Toscanini",,Brossard,,,460,1986,253000,276100,529100,2025,Logement,MAMH — Données Québec (rôle d'évaluation foncière),https://donneesouvertes.affmunqc.net/role/RL58007_2026.xml,,,,
"1750, Toscanini",,Brossard,,,460,1986,253000,517300,770300,2025,Logement,MAMH — Données Québec (rôle d'évaluation foncière),https://donneesouvertes.affmunqc.net/role/RL58007_2026.xml,,,,
"1740, Toscanini",,Brossard,,,460,1986,253000,427000,680000,2025,Logement,MAMH — Données Québec (rôle d'évaluation foncière),https://donneesouvertes.affmunqc.net/role/RL58007_2026.xml,,,,
"1785, Toscanini",,Brossard,,,460.5,1986,253300,572100,825400,2025,Logement,MAMH — Données Québec (rôle d'évaluation foncière),https://donneesouvertes.affmunqc.net/role/RL58007_2026.xml,,,,
"1720, Tahiti",,Brossard,,,460,1986,253000,452400,705400,2025,Logement,MAMH — Données Québec (rôle d'évaluation foncière),https://donneesouvertes.affmunqc.net/role/RL58007_2026.xml,,,,
"1710, Tahiti",,Brossard,,,460,1989,253000,570100,823100,2025,Logement,MAMH — Données Québec (rôle d'évaluation foncière),https://donneesouvertes.affmunqc.net/role/RL58007_2026.xml,,,,
"1700, Tahiti",,Brossard,,,460,1986,253000,422400,675400,2025,Logement,MAMH — Données Québec (rôle d'évaluation foncière),https://donneesouvertes.affmunqc.net/role/RL58007_2026.xml,,,,
"1690, Tahiti",,Brossard,,,460,1986,253000,450300,703300,2025,Logement,MAMH — Données Québec (rôle d'évaluation foncière),https://donneesouvertes.affmunqc.net/role/RL58007_2026.xml,,,,
"1680, Tahiti",,Brossard,,,460,1986,253000,393600,646600,2025,Logement,MAMH — Données Québec (rôle d'évaluation foncière),https://donneesouvertes.affmunqc.net/role/RL58007_2026.xml,,,,
"1670, Tahiti",,Brossard,,,460,1986,253000,412200,665200,2025,Logement,MAMH — Données Québec (rôle d'évaluation foncière),https://donneesouvertes.affmunqc.net/role/RL58007_2026.xml,,,,
"1725, Tahiti",,Brossard,,,460,1986,253000,317400,570400,2025,Logement,MAMH — Données Québec (rôle d'évaluation foncière),https://donneesouvertes.affmunqc.net/role/RL58007_2026.xml,,,,
"1715, Tahiti",,Brossard,,,460,1986,253000,445200,698200,2025,Logement,MAMH — Données Québec (rôle d'évaluation foncière),https://donneesouvertes.affmunqc.net/role/RL58007_2026.xml,,,,
"1705, Tahiti",,Brossard,,,460,1987,253000,376500,629500,2025,Logement,MAMH — Données Québec (rôle d'évaluation foncière),https://donneesouvertes.affmunqc.net/role/RL58007_2026.xml,,,,
"1695, Tahiti",,Brossard,,,460,1986,253000,366900,619900,2025,Logement,MAMH — Données Québec (rôle d'évaluation foncière),https://donneesouvertes.affmunqc.net/role/RL58007_2026.xml,,,,
"1685, Tahiti",,Brossard,,,460,1986,253000,455200,708200,2025,Logement,MAMH — Données Québec (rôle d'évaluation foncière),https://donneesouvertes.affmunqc.net/role/RL58007_2026.xml,,,,
"1675, Tahiti",,Brossard,,,460,1986,253000,536600,789600,2025,Logement,MAMH — Données Québec (rôle d'évaluation foncière),https://donneesouvertes.affmunqc.net/role/RL58007_2026.xml,,,,
"1665, Tahiti",,Brossard,,,460,1985,253000,349400,602400,2025,Logement,MAMH — Données Québec (rôle d'évaluation foncière),https://donneesouvertes.affmunqc.net/role/RL58007_2026.xml,,,,
"1730, Toscanini",,Brossard,,,460,1987,253000,482200,735200,2025,Logement,MAMH — Données Québec (rôle d'évaluation foncière),https://donneesouvertes.affmunqc.net/role/RL58007_2026.xml,,,,
"1720, Toscanini",,Brossard,,,460,1986,253000,371300,624300,2025,Logement,MAMH — Données Québec (rôle d'évaluation foncière),https://donneesouvertes.affmunqc.net/role/RL58007_2026.xml,,,,
"1710, Toscanini",,Brossard,,,460,1986,253000,477300,730300,2025,Logement,MAMH — Données Québec (rôle d'évaluation foncière),https://donneesouvertes.affmunqc.net/role/RL58007_2026.xml,,,,
"1700, Toscanini",,Brossard,,,460,1987,253000,439400,692400,2025,Logement,MAMH — Données Québec (rôle d'évaluation foncière),https://donneesouvertes.affmunqc.net/role/RL58007_2026.xml,,,,
"1690, Toscanini",,Brossard,,,460,1987,253000,469000,722000,2025,Logement,MAMH — Données Québec (rôle d'évaluation foncière),https://donneesouvertes.affmunqc.net/role/RL58007_2026.xml,,,,
"1680, Toscanini",,Brossard,,,460,1986,253000,342100,595100,2025,Logement,MAMH — Données Québec (rôle d'évaluation foncière),https://donneesouvertes.affmunqc.net/role/RL58007_2026.xml,,,,
"1670, Toscanini",,Brossard,,,460,1986,253000,425500,678500,2025,Logement,MAMH — Données Québec (rôle d'évaluation foncière),https://donneesouvertes.affmunqc.net/role/RL58007_2026.xml,,,,
"1545, Toscanini",,Brossard,,,466.4,1986,256500,575100,831600,2025,Logement,MAMH — Données Québec (rôle d'évaluation foncière),https://donneesouvertes.affmunqc.net/role/RL58007_2026.xml,,,,
"1660, Tahiti",,Brossard,,,460,1985,253000,357800,610800,2025,Logement,MAMH — Données Québec (rôle d'évaluation foncière),https://donneesouvertes.affmunqc.net/role/RL58007_2026.xml,,,,
"1650, Tahiti",,Brossard,,,460,1986,253000,488900,741900,2025,Logement,MAMH — Données Québec (rôle d'évaluation foncière),https://donneesouvertes.affmunqc.net/role/RL58007_2026.xml,,,,
"1640, Tahiti",,Brossard,,,471.1,1986,259100,458200,717300,2025,Logement,MAMH — Données Québec (rôle d'évaluation foncière),https://donneesouvertes.affmunqc.net/role/RL58007_2026.xml,,,,
"1555, Toscanini",,Brossard,,,466.4,1986,256500,510300,766800,2025,Logement,MAMH — Données Québec (rôle d'évaluation foncière),https://donneesouvertes.affmunqc.net/role/RL58007_2026.xml,,,,
"1565, Toscanini",,Brossard,,,466.4,1985,256500,418500,675000,2025,Logement,MAMH — Données Québec (rôle d'évaluation foncière),https://donneesouvertes.affmunqc.net/role/RL58007_2026.xml,,,,
"1700, Turgeon",,Brossard,,,460.6,1985,253300,349200,602500,2025,Logement,MAMH — Données Québec (rôle d'évaluation foncière),https://donneesouvertes.affmunqc.net/role/RL58007_2026.xml,,,,
"1575, Toscanini",,Brossard,,,466.4,1986,256500,375500,632000,2025,Logement,MAMH — Données Québec (rôle d'évaluation foncière),https://donneesouvertes.affmunqc.net/role/RL58007_2026.xml,,,,
"1690, Turgeon",,Brossard,,,460.6,1985,253300,283800,537100,2025,Logement,MAMH — Données Québec (rôle d'évaluation foncière),https://donneesouvertes.affmunqc.net/role/RL58007_2026.xml,,,,
"1655, Tahiti",,Brossard,,,460,1987,253000,396200,649200,2025,Logement,MAMH — Données Québec (rôle d'évaluation foncière),https://donneesouvertes.affmunqc.net/role/RL58007_2026.xml,,,,
"1645, Tahiti",,Brossard,,,471.1,1987,259100,485400,744500,2025,Logement,MAMH — Données Québec (rôle d'évaluation foncière),https://donneesouvertes.affmunqc.net/role/RL58007_2026.xml,,,,
"1585, Toscanini",,Brossard,,,466.4,1986,256500,476500,733000,2025,Logement,MAMH — Données Québec (rôle d'évaluation foncière),https://donneesouvertes.affmunqc.net/role/RL58007_2026.xml,,,,
"1680, Turgeon",,Brossard,,,460.6,1984,253300,401400,654700,2025,Logement,MAMH — Données Québec (rôle d'évaluation foncière),https://donneesouvertes.affmunqc.net/role/RL58007_2026.xml,,,,
"1595, Toscanini",,Brossard,,,466.4,1986,256500,485300,741800,2025,Logement,MAMH — Données Québec (rôle d'évaluation foncière),https://donneesouvertes.affmunqc.net/role/RL58007_2026.xml,,,,
"1670, Turgeon",,Brossard,,,465.1,1985,255800,428800,684600,2025,Logement,MAMH — Données Québec (rôle d'évaluation foncière),https://donneesouvertes.affmunqc.net/role/RL58007_2026.xml,,,,
"1660, Toscanini",,Brossard,,,460,1986,253000,477700,730700,2025,Logement,MAMH — Données Québec (rôle d'évaluation foncière),https://donneesouvertes.affmunqc.net/role/RL58007_2026.xml,,,,
"1650, Toscanini",,Brossard,,,471.1,1987,259100,467700,726800,2025,Logement,MAMH — Données Québec (rôle d'évaluation foncière),https://donneesouvertes.affmunqc.net/role/RL58007_2026.xml,,,,
"1720, Turgeon",,Brossard,,,460.6,1985,253300,443200,696500,2025,Logement,MAMH — Données Québec (rôle d'évaluation foncière),https://donneesouvertes.affmunqc.net/role/RL58007_2026.xml,,,,
"1995, Turgeon",,Brossard,,,491,1984,270100,383000,653100,2025,Logement,MAMH — Données Québec (rôle d'évaluation foncière),https://donneesouvertes.affmunqc.net/role/RL58007_2026.xml,,,,
"1985, Turgeon",,Brossard,,,465.1,1984,255800,420800,676600,2025,Logement,MAMH — Données Québec (rôle d'évaluation foncière),https://donneesouvertes.affmunqc.net/role/RL58007_2026.xml,,,,
"1975, Turgeon",,Brossard,,,465.1,1984,255800,355100,610900,2025,Logement,MAMH — Données Québec (rôle d'évaluation foncière),https://donneesouvertes.affmunqc.net/role/RL58007_2026.xml,,,,
"1965, Turgeon",,Brossard,,,465.1,1984,255800,383500,639300,2025,Logement,MAMH — Données Québec (rôle d'évaluation foncière),https://donneesouvertes.affmunqc.net/role/RL58007_2026.xml,,,,
"1710, Turgeon",,Brossard,,,460.6,1985,253300,463300,716600,2025,Logement,MAMH — Données Québec (rôle d'évaluation foncière),https://donneesouvertes.affmunqc.net/role/RL58007_2026.xml,,,,
"1990, Turgeon",,Brossard,,,496.7,1984,273200,411800,685000,2025,Logement,MAMH — Données Québec (rôle d'évaluation foncière),https://donneesouvertes.affmunqc.net/role/RL58007_2026.xml,,,,
"1980, Turgeon",,Brossard,,,469.7,1984,258300,425400,683700,2025,Logement,MAMH — Données Québec (rôle d'évaluation foncière),https://donneesouvertes.affmunqc.net/role/RL58007_2026.xml,,,,
"1970, Turgeon",,Brossard,,,469.7,1990,258300,783700,1042000,2025,Logement,MAMH — Données Québec (rôle d'évaluation foncière),https://donneesouvertes.affmunqc.net/role/RL58007_2026.xml,,,,
"1960, Turgeon",,Brossard,,,469.7,1984,258300,400700,659000,2025,Logement,MAMH — Données Québec (rôle d'évaluation foncière),https://donneesouvertes.affmunqc.net/role/RL58007_2026.xml,,,,
"1950, Turgeon",,Brossard,,,469.7,1985,258300,357200,615500,2025,Logement,MAMH — Données Québec (rôle d'évaluation foncière),https://donneesouvertes.affmunqc.net/role/RL58007_2026.xml,,,,
"1625, Turgeon",,Brossard,,,496.7,1984,273200,474600,747800,2025,Logement,MAMH — Données Québec (rôle d'évaluation foncière),https://donneesouvertes.affmunqc.net/role/RL58007_2026.xml,,,,
"1615, Turgeon",,Brossard,,,469.7,1984,258300,479400,737700,2025,Logement,MAMH — Données Québec (rôle d'évaluation foncière),https://donneesouvertes.affmunqc.net/role/RL58007_2026.xml,,,,
"1605, Turgeon",,Brossard,,,469.7,1984,258300,454500,712800,2025,Logement,MAMH — Données Québec (rôle d'évaluation foncière),https://donneesouvertes.affmunqc.net/role/RL58007_2026.xml,,,,
"1595, Turgeon",,Brossard,,,469.7,1985,258300,467300,725600,2025,Logement,MAMH — Données Québec (rôle d'évaluation foncière),https://donneesouvertes.affmunqc.net/role/RL58007_2026.xml,,,,
"1585, Turgeon",,Brossard,,,469.7,1984,258300,397900,656200,2025,Logement,MAMH — Données Québec (rôle d'évaluation foncière),https://donneesouvertes.affmunqc.net/role/RL58007_2026.xml,,,,
"1880, Turgeon",,Brossard,,,629.6,1985,310600,466800,777400,2025,Logement,MAMH — Données Québec (rôle d'évaluation foncière),https://donneesouvertes.affmunqc.net/role/RL58007_2026.xml,,,,
"1955, Turgeon",,Brossard,,,465.1,1984,255800,331900,587700,2025,Logement,MAMH — Données Québec (rôle d'évaluation foncière),https://donneesouvertes.affmunqc.net/role/RL58007_2026.xml,,,,
"1945, Turgeon",,Brossard,,,465.1,1984,255800,332500,588300,2025,Logement,MAMH — Données Québec (rôle d'évaluation foncière),https://donneesouvertes.affmunqc.net/role/RL58007_2026.xml,,,,
"1935, Turgeon",,Brossard,,,465.1,1984,255800,420100,675900,2025,Logement,MAMH — Données Québec (rôle d'évaluation foncière),https://donneesouvertes.affmunqc.net/role/RL58007_2026.xml,,,,
"1925, Turgeon",,Brossard,,,492.16,1984,270700,402800,673500,2025,Logement,MAMH — Données Québec (rôle d'évaluation foncière),https://donneesouvertes.affmunqc.net/role/RL58007_2026.xml,,,,
"1890, Turgeon",,Brossard,,,618.3,1985,307500,780700,1088200,2025,Logement,MAMH — Données Québec (rôle d'évaluation foncière),https://donneesouvertes.affmunqc.net/role/RL58007_2026.xml,,,,
"1900, Turgeon",,Brossard,,,873.4,1985,377700,503300,881000,2025,Logement,MAMH — Données Québec (rôle d'évaluation foncière),https://donneesouvertes.affmunqc.net/role/RL58007_2026.xml,,,,
"1940, Turgeon",,Brossard,,,469.7,1984,258300,412400,670700,2025,Logement,MAMH — Données Québec (rôle d'évaluation foncière),https://donneesouvertes.affmunqc.net/role/RL58007_2026.xml,,,,
"1930, Turgeon",,Brossard,,,469.7,1984,258300,469100,727400,2025,Logement,MAMH — Données Québec (rôle d'évaluation foncière),https://donneesouvertes.affmunqc.net/role/RL58007_2026.xml,,,,
"1920, Turgeon",,Brossard,,,471.2,1984,259200,410500,669700,2025,Logement,MAMH — Données Québec (rôle d'évaluation foncière),https://donneesouvertes.affmunqc.net/role/RL58007_2026.xml,,,,
"1910, Turgeon",,Brossard,,,883,1986,380300,604000,984300,2025,Logement,MAMH — Données Québec (rôle d'évaluation foncière),https://donneesouvertes.affmunqc.net/role/RL58007_2026.xml,,,,
"1575, Turgeon",,Brossard,,,469.7,1984,258300,557100,815400,2025,Logement,MAMH — Données Québec (rôle d'évaluation foncière),https://donneesouvertes.affmunqc.net/role/RL58007_2026.xml,,,,
"1565, Turgeon",,Brossard,,,469.7,1986,258300,473000,731300,2025,Logement,MAMH — Données Québec (rôle d'évaluation foncière),https://donneesouvertes.affmunqc.net/role/RL58007_2026.xml,,,,
"1555, Turgeon",,Brossard,,,474.2,1984,260800,348800,609600,2025,Logement,MAMH — Données Québec (rôle d'évaluation foncière),https://donneesouvertes.affmunqc.net/role/RL58007_2026.xml,,,,
"6020, Tisserand",,Brossard,,,299.3,1983,164600,324700,489300,2025,Logement,MAMH — Données Québec (rôle d'évaluation foncière),https://donneesouvertes.affmunqc.net/role/RL58007_2026.xml,,,,
"6045, Tisserand",,Brossard,,,334.1,1981,169700,319800,489500,2025,Logement,MAMH — Données Québec (rôle d'évaluation foncière),https://donneesouvertes.affmunqc.net/role/RL58007_2026.xml,,,,
"6030, Tisserand",,Brossard,,,300.9,1983,165100,275100,440200,2025,Logement,MAMH — Données Québec (rôle d'évaluation foncière),https://donneesouvertes.affmunqc.net/role/RL58007_2026.xml,,,,
"6055, Tisserand",,Brossard,,,327.6,1982,168800,274000,442800,2025,Logement,MAMH — Données Québec (rôle d'évaluation foncière),https://donneesouvertes.affmunqc.net/role/RL58007_2026.xml,,,,
"6040, Tisserand",,Brossard,,,298.9,1983,164400,283200,447600,2025,Logement,MAMH — Données Québec (rôle d'évaluation foncière),https://donneesouvertes.affmunqc.net/role/RL58007_2026.xml,,,,
"6065, Tisserand",,Brossard,,,321.9,1982,168000,292600,460600,2025,Logement,MAMH — Données Québec (rôle d'évaluation foncière),https://donneesouvertes.affmunqc.net/role/RL58007_2026.xml,,,,
"6050, Tisserand",,Brossard,,,313.5,1983,166900,321500,488400,2025,Logement,MAMH — Données Québec (rôle d'évaluation foncière),https://donneesouvertes.affmunqc.net/role/RL58007_2026.xml,,,,
"6075, Tisserand",,Brossard,,,336.1,1981,169900,267800,437700,2025,Logement,MAMH — Données Québec (rôle d'évaluation foncière),https://donneesouvertes.affmunqc.net/role/RL58007_2026.xml,,,,
"6060, Tisserand",,Brossard,,,329.3,1983,169000,288500,457500,2025,Logement,MAMH — Données Québec (rôle d'évaluation foncière),https://donneesouvertes.affmunqc.net/role/RL58007_2026.xml,,,,
"6085, Tisserand",,Brossard,,,334.84,1981,169800,311200,481000,2025,Logement,MAMH — Données Québec (rôle d'évaluation foncière),https://donneesouvertes.affmunqc.net/role/RL58007_2026.xml,,,,
"6070, Tisserand",,Brossard,,,319.3,1983,167600,272200,439800,2025,Logement,MAMH — Données Québec (rôle d'évaluation foncière),https://donneesouvertes.affmunqc.net/role/RL58007_2026.xml,,,,
"6095, Tisserand",,Brossard,,,325.7,1981,168500,268600,437100,2025,Logement,MAMH — Données Québec (rôle d'évaluation foncière),https://donneesouvertes.affmunqc.net/role/RL58007_2026.xml,,,,
"6080, Tisserand",,Brossard,,,340.3,1983,170500,291000,461500,2025,Logement,MAMH — Données Québec (rôle d'évaluation foncière),https://donneesouvertes.affmunqc.net/role/RL58007_2026.xml,,,,
"6105, Tisserand",,Brossard,,,326.6,1981,168600,277100,445700,2025,Logement,MAMH — Données Québec (rôle d'évaluation foncière),https://donneesouvertes.affmunqc.net/role/RL58007_2026.xml,,,,
"6090, Tisserand",,Brossard,,,369.8,1982,174600,329700,504300,2025,Logement,MAMH — Données Québec (rôle d'évaluation foncière),https://donneesouvertes.affmunqc.net/role/RL58007_2026.xml,,,,
"6115, Tisserand",,Brossard,,,337.3,1981,170100,283600,453700,2025,Logement,MAMH — Données Québec (rôle d'évaluation foncière),https://donneesouvertes.affmunqc.net/role/RL58007_2026.xml,,,,
"6100, Tisserand",,Brossard,,,357.6,1983,172900,367300,540200,2025,Logement,MAMH — Données Québec (rôle d'évaluation foncière),https://donneesouvertes.affmunqc.net/role/RL58007_2026.xml,,,,
"6125, Tisserand",,Brossard,,,338.2,1981,170200,286000,456200,2025,Logement,MAMH — Données Québec (rôle d'évaluation foncière),https://donneesouvertes.affmunqc.net/role/RL58007_2026.xml,,,,
"6135, Tisserand",,Brossard,,,333.2,1981,169500,275400,444900,2025,Logement,MAMH — Données Québec (rôle d'évaluation foncière),https://donneesouvertes.affmunqc.net/role/RL58007_2026.xml,,,,
"1030, Sénécal",,Brossard,,,501.7,1978,275500,447300,722800,2025,Logement,MAMH — Données Québec (rôle d'évaluation foncière),https://donneesouvertes.affmunqc.net/role/RL58007_2026.xml,,,,
"1040, Sénécal",,Brossard,,,501.7,1979,275500,513400,788900,2025,Logement,MAMH — Données Québec (rôle d'évaluation foncière),https://donneesouvertes.affmunqc.net/role/RL58007_2026.xml,,,,
"1050, Sénécal",,Brossard,,,501.7,1979,275500,449700,725200,2025,Logement,MAMH — Données Québec (rôle d'évaluation foncière),https://donneesouvertes.affmunqc.net/role/RL58007_2026.xml,,,,
"1060, Sénécal",,Brossard,,,501.7,1977,275500,310600,586100,2025,Logement,MAMH — Données Québec (rôle d'évaluation foncière),https://donneesouvertes.affmunqc.net/role/RL58007_2026.xml,,,,
"1070, Sénécal",,Brossard,,,501.7,1979,275500,650900,926400,2025,Logement,MAMH — Données Québec (rôle d'évaluation foncière),https://donneesouvertes.affmunqc.net/role/RL58007_2026.xml,,,,
"1685, Tolstoï",,Brossard,,,973.9,1984,337400,535800,873200,2025,Logement,MAMH — Données Québec (rôle d'évaluation foncière),https://donneesouvertes.affmunqc.net/role/RL58007_2026.xml,,,,
"1665, Tolstoï",,Brossard,,,465.1,1982,230200,401800,632000,2025,Logement,MAMH — Données Québec (rôle d'évaluation foncière),https://donneesouvertes.affmunqc.net/role/RL58007_2026.xml,,,,
"1675, Tolstoï",,Brossard,,,678.4,1981,291700,416300,708000,2025,Logement,MAMH — Données Québec (rôle d'évaluation foncière),https://donneesouvertes.affmunqc.net/role/RL58007_2026.xml,,,,
"1615, Tolstoï",,Brossard,,,667.7,1981,321100,494700,815800,2025,Logement,MAMH — Données Québec (rôle d'évaluation foncière),https://donneesouvertes.affmunqc.net/role/RL58007_2026.xml,,,,
"1655, Tolstoï",,Brossard,,,539.9,1981,257400,433100,690500,2025,Logement,MAMH — Données Québec (rôle d'évaluation foncière),https://donneesouvertes.affmunqc.net/role/RL58007_2026.xml,,,,
"1645, Tolstoï",,Brossard,,,503.3,1981,248300,486600,734900,2025,Logement,MAMH — Données Québec (rôle d'évaluation foncière),https://donneesouvertes.affmunqc.net/role/RL58007_2026.xml,,,,
"1635, Tolstoï",,Brossard,,,553.6,1981,260800,427500,688300,2025,Logement,MAMH — Données Québec (rôle d'évaluation foncière),https://donneesouvertes.affmunqc.net/role/RL58007_2026.xml,,,,
"1625, Tolstoï",,Brossard,,,920.5,1983,325200,316600,641800,2025,Logement,MAMH — Données Québec (rôle d'évaluation foncière),https://donneesouvertes.affmunqc.net/role/RL58007_2026.xml,,,,
"1775, Toscanini",,Brossard,,,706.5,1986,331800,497200,829000,2025,Logement,MAMH — Données Québec (rôle d'évaluation foncière),https://donneesouvertes.affmunqc.net/role/RL58007_2026.xml,,,,
"1755, Toscanini",,Brossard,,,460.5,1986,227900,634400,862300,2025,Logement,MAMH — Données Québec (rôle d'évaluation foncière),https://donneesouvertes.affmunqc.net/role/RL58007_2026.xml,,,,
"1745, Toscanini",,Brossard,,,460.5,1985,227900,380400,608300,2025,Logement,MAMH — Données Québec (rôle d'évaluation foncière),https://donneesouvertes.affmunqc.net/role/RL58007_2026.xml,,,,
"1765, Toscanini",,Brossard,,,961,1987,330300,422500,752800,2025,Logement,MAMH — Données Québec (rôle d'évaluation foncière),https://donneesouvertes.affmunqc.net/role/RL58007_2026.xml,,,,
"1735, Toscanini",,Brossard,,,460.5,1987,227900,528500,756400,2025,Logement,MAMH — Données Québec (rôle d'évaluation foncière),https://donneesouvertes.affmunqc.net/role/RL58007_2026.xml,,,,
"1725, Toscanini",,Brossard,,,460.5,1986,227900,382000,609900,2025,Logement,MAMH — Données Québec (rôle d'évaluation foncière),https://donneesouvertes.affmunqc.net/role/RL58007_2026.xml,,,,
"1715, Toscanini",,Brossard,,,460.5,1986,227900,466000,693900,2025,Logement,MAMH — Données Québec (rôle d'évaluation foncière),https://donneesouvertes.affmunqc.net/role/RL58007_2026.xml,,,,
"1705, Toscanini",,Brossard,,,460.5,1986,227900,371800,599700,2025,Logement,MAMH — Données Québec (rôle d'évaluation foncière),https://donneesouvertes.affmunqc.net/role/RL58007_2026.xml,,,,
"1695, Toscanini",,Brossard,,,460.5,1987,227900,460000,687900,2025,Logement,MAMH — Données Québec (rôle d'évaluation foncière),https://donneesouvertes.affmunqc.net/role/RL58007_2026.xml,,,,
"1685, Toscanini",,Brossard,,,460.5,1987,227900,432600,660500,2025,Logement,MAMH — Données Québec (rôle d'évaluation foncière),https://donneesouvertes.affmunqc.net/role/RL58007_2026.xml,,,,
"1675, Toscanini",,Brossard,,,460.5,1986,227900,426700,654600,2025,Logement,MAMH — Données Québec (rôle d'évaluation foncière),https://donneesouvertes.affmunqc.net/role/RL58007_2026.xml,,,,
"1665, Toscanini",,Brossard,,,460.5,1986,227900,485900,713800,2025,Logement,MAMH — Données Québec (rôle d'évaluation foncière),https://donneesouvertes.affmunqc.net/role/RL58007_2026.xml,,,,
"1655, Toscanini",,Brossard,,,460.5,1986,227900,380100,608000,2025,Logement,MAMH — Données Québec (rôle d'évaluation foncière),https://donneesouvertes.affmunqc.net/role/RL58007_2026.xml,,,,
"1605, Toscanini",,Brossard,,,571.9,1987,294800,477100,771900,2025,Logement,MAMH — Données Québec (rôle d'évaluation foncière),https://donneesouvertes.affmunqc.net/role/RL58007_2026.xml,,,,
"1650, Turgeon",,Brossard,,,541.4,1984,286400,468400,754800,2025,Logement,MAMH — Données Québec (rôle d'évaluation foncière),https://donneesouvertes.affmunqc.net/role/RL58007_2026.xml,,,,
"1615, Toscanini",,Brossard,,,941.6,1986,327900,453200,781100,2025,Logement,MAMH — Données Québec (rôle d'évaluation foncière),https://donneesouvertes.affmunqc.net/role/RL58007_2026.xml,,,,
"1640, Turgeon",,Brossard,,,882.1,1987,342100,409400,751500,2025,Logement,MAMH — Données Québec (rôle d'évaluation foncière),https://donneesouvertes.affmunqc.net/role/RL58007_2026.xml,,,,
"1645, Toscanini",,Brossard,,,460.5,1986,227900,411600,639500,2025,Logement,MAMH — Données Québec (rôle d'évaluation foncière),https://donneesouvertes.affmunqc.net/role/RL58007_2026.xml,,,,
"1635, Toscanini",,Brossard,,,460.5,1986,227900,497400,725300,2025,Logement,MAMH — Données Québec (rôle d'évaluation foncière),https://donneesouvertes.affmunqc.net/role/RL58007_2026.xml,,,,
"1625, Toscanini",,Brossard,,,599.2,1986,272100,524700,796800,2025,Logement,MAMH — Données Québec (rôle d'évaluation foncière),https://donneesouvertes.affmunqc.net/role/RL58007_2026.xml,,,,
"1620, Turgeon",,Brossard,,,556.3,1982,261400,476000,737400,2025,Logement,MAMH — Données Québec (rôle d'évaluation foncière),https://donneesouvertes.affmunqc.net/role/RL58007_2026.xml,,,,
"1610, Turgeon",,Brossard,,,549,1982,259600,473000,732600,2025,Logement,MAMH — Données Québec (rôle d'évaluation foncière),https://donneesouvertes.affmunqc.net/role/RL58007_2026.xml,,,,
"1630, Turgeon",,Brossard,,,617.2,1985,276500,508600,785100,2025,Logement,MAMH — Données Québec (rôle d'évaluation foncière),https://donneesouvertes.affmunqc.net/role/RL58007_2026.xml,,,,
"1600, Turgeon",,Brossard,,,460.1,1983,227700,440500,668200,2025,Logement,MAMH — Données Québec (rôle d'évaluation foncière),https://donneesouvertes.affmunqc.net/role/RL58007_2026.xml,,,,
"1594, Turgeon",,Brossard,,,460.1,1983,227700,489800,717500,2025,Logement,MAMH — Données Québec (rôle d'évaluation foncière),https://donneesouvertes.affmunqc.net/role/RL58007_2026.xml,,,,
"1590, Turgeon",,Brossard,,,460.1,1983,227700,345700,573400,2025,Logement,MAMH — Données Québec (rôle d'évaluation foncière),https://donneesouvertes.affmunqc.net/role/RL58007_2026.xml,,,,
"1545, Turgeon",,Brossard,,,559.7,1983,291400,408100,699500,2025,Logement,MAMH — Données Québec (rôle d'évaluation foncière),https://donneesouvertes.affmunqc.net/role/RL58007_2026.xml,,,,
"1535, Turgeon",,Brossard,,,558.2,1984,291000,432500,723500,2025,Logement,MAMH — Données Québec (rôle d'évaluation foncière),https://donneesouvertes.affmunqc.net/role/RL58007_2026.xml,,,,
"1525, Turgeon",,Brossard,,,553.4,1981,289700,487900,777600,2025,Logement,MAMH — Données Québec (rôle d'évaluation foncière),https://donneesouvertes.affmunqc.net/role/RL58007_2026.xml,,,,
"1580, Turgeon",,Brossard,,,460.1,1983,227700,326200,553900,2025,Logement,MAMH — Données Québec (rôle d'évaluation foncière),https://donneesouvertes.affmunqc.net/role/RL58007_2026.xml,,,,
"1570, Turgeon",,Brossard,,,460.1,1983,227700,414200,641900,2025,Logement,MAMH — Données Québec (rôle d'évaluation foncière),https://donneesouvertes.affmunqc.net/role/RL58007_2026.xml,,,,
"1560, Turgeon",,Brossard,,,461.6,1983,228500,473600,702100,2025,Logement,MAMH — Données Québec (rôle d'évaluation foncière),https://donneesouvertes.affmunqc.net/role/RL58007_2026.xml,,,,
"1550, Turgeon",,Brossard,,,559.7,1984,262300,373200,635500,2025,Logement,MAMH — Données Québec (rôle d'évaluation foncière),https://donneesouvertes.affmunqc.net/role/RL58007_2026.xml,,,,
"1540, Turgeon",,Brossard,,,558.2,1983,261900,313700,575600,2025,Logement,MAMH — Données Québec (rôle d'évaluation foncière),https://donneesouvertes.affmunqc.net/role/RL58007_2026.xml,,,,
"1530, Turgeon",,Brossard,,,558.2,1984,261900,315100,577000,2025,Logement,MAMH — Données Québec (rôle d'évaluation foncière),https://donneesouvertes.affmunqc.net/role/RL58007_2026.xml,,,,
"6145, Tisserand",,Brossard,,,333.2,1981,169500,314300,483800,2025,Logement,MAMH — Données Québec (rôle d'évaluation foncière),https://donneesouvertes.affmunqc.net/role/RL58007_2026.xml,,,,
"1505, Turgeon",,Brossard,,,633.5,1981,311700,362600,674300,2025,Logement,MAMH — Données Québec (rôle d'évaluation foncière),https://donneesouvertes.affmunqc.net/role/RL58007_2026.xml,,,,
"1515, Turgeon",,Brossard,,,522.2,1981,281100,379300,660400,2025,Logement,MAMH — Données Québec (rôle d'évaluation foncière),https://donneesouvertes.affmunqc.net/role/RL58007_2026.xml,,,,
"6155, Tisserand",,Brossard,,,333.2,1981,169500,269000,438500,2025,Logement,MAMH — Données Québec (rôle d'évaluation foncière),https://donneesouvertes.affmunqc.net/role/RL58007_2026.xml,,,,
"6160, Tisserand",,Brossard,,,656.5,1982,318000,382600,700600,2025,Logement,MAMH — Données Québec (rôle d'évaluation foncière),https://donneesouvertes.affmunqc.net/role/RL58007_2026.xml,,,,
"1520, Turgeon",,Brossard,,,558.2,1983,261900,381600,643500,2025,Logement,MAMH — Données Québec (rôle d'évaluation foncière),https://donneesouvertes.affmunqc.net/role/RL58007_2026.xml,,,,
"1510, Turgeon",,Brossard,,,728.9,1982,304200,316900,621100,2025,Logement,MAMH — Données Québec (rôle d'évaluation foncière),https://donneesouvertes.affmunqc.net/role/RL58007_2026.xml,,,,
"6170, Tisserand",,Brossard,,,702.3,1982,297600,379400,677000,2025,Logement,MAMH — Données Québec (rôle d'évaluation foncière),https://donneesouvertes.affmunqc.net/role/RL58007_2026.xml,,,,
"6000, Marie-victorin",,Brossard,,,7532.3,1992,1625000,438300,2063300,2025,Immeuble à bureaux,MAMH — Données Québec (rôle d'évaluation foncière),https://donneesouvertes.affmunqc.net/role/RL58007_2026.xml,,,,
"5815, Marie-victorin",,Brossard,,,796.1,1955,314100,215900,530000,2025,Logement,MAMH — Données Québec (rôle d'évaluation foncière),https://donneesouvertes.affmunqc.net/role/RL58007_2026.xml,,,,
"5825, Marie-victorin",,Brossard,,,933.3,1960,345000,244800,589800,2025,Logement,MAMH — Données Québec (rôle d'évaluation foncière),https://donneesouvertes.affmunqc.net/role/RL58007_2026.xml,,,,
"5855, Marie-victorin",,Brossard,,,700,1979,292500,515500,808000,2025,Logement,MAMH — Données Québec (rôle d'évaluation foncière),https://donneesouvertes.affmunqc.net/role/RL58007_2026.xml,,,,
"7030, Turenne",,Brossard,,,465.02,1988,340200,274800,615000,2025,Logement,MAMH — Données Québec (rôle d'évaluation foncière),https://donneesouvertes.affmunqc.net/role/RL58007_2026.xml,,,,
"7040, Turenne",,Brossard,,,465.02,1988,340200,275100,615300,2025,Logement,MAMH — Données Québec (rôle d'évaluation foncière),https://donneesouvertes.affmunqc.net/role/RL58007_2026.xml,,,,
"7050, Turenne",,Brossard,,,465.02,1989,340200,304900,645100,2025,Logement,MAMH — Données Québec (rôle d'évaluation foncière),https://donneesouvertes.affmunqc.net/role/RL58007_2026.xml,,,,
"7060, Turenne",,Brossard,,,354.73,1988,266000,304200,570200,2025,Logement,MAMH — Données Québec (rôle d'évaluation foncière),https://donneesouvertes.affmunqc.net/role/RL58007_2026.xml,,,,
"7070, Turenne",,Brossard,,,465.02,1988,340200,309300,649500,2025,Logement,MAMH — Données Québec (rôle d'évaluation foncière),https://donneesouvertes.affmunqc.net/role/RL58007_2026.xml,,,,
"7080, Turenne",,Brossard,,,465.22,1988,425300,274100,699400,2025,Logement,MAMH — Données Québec (rôle d'évaluation foncière),https://donneesouvertes.affmunqc.net/role/RL58007_2026.xml,,,,
"7090, Turenne",,Brossard,,,406.02,1988,380600,278000,658600,2025,Logement,MAMH — Données Québec (rôle d'évaluation foncière),https://donneesouvertes.affmunqc.net/role/RL58007_2026.xml,,,,
"7100, Turenne",,Brossard,,,406.02,1988,380600,375000,755600,2025,Logement,MAMH — Données Québec (rôle d'évaluation foncière),https://donneesouvertes.affmunqc.net/role/RL58007_2026.xml,,,,
"7110, Turenne",,Brossard,,,465.22,1988,425300,238900,664200,2025,Logement,MAMH — Données Québec (rôle d'évaluation foncière),https://donneesouvertes.affmunqc.net/role/RL58007_2026.xml,,,,
"7120, Turenne",,Brossard,,,465.32,1988,425400,275600,701000,2025,Logement,MAMH — Données Québec (rôle d'évaluation foncière),https://donneesouvertes.affmunqc.net/role/RL58007_2026.xml,,,,
"7130, Turenne",,Brossard,,,406.12,1988,380700,260400,641100,2025,Logement,MAMH — Données Québec (rôle d'évaluation foncière),https://donneesouvertes.affmunqc.net/role/RL58007_2026.xml,,,,
"7140, Turenne",,Brossard,,,406.12,1988,380700,367600,748300,2025,Logement,MAMH — Données Québec (rôle d'évaluation foncière),https://donneesouvertes.affmunqc.net/role/RL58007_2026.xml,,,,
"7150, Turenne",,Brossard,,,465.32,1988,425400,310000,735400,2025,Logement,MAMH — Données Québec (rôle d'évaluation foncière),https://donneesouvertes.affmunqc.net/role/RL58007_2026.xml,,,,
"7160, Turenne",,Brossard,,,464.92,1988,340200,240900,581100,2025,Logement,MAMH — Données Québec (rôle d'évaluation foncière),https://donneesouvertes.affmunqc.net/role/RL58007_2026.xml,,,,
"7170, Turenne",,Brossard,,,354.53,1988,265900,222600,488500,2025,Logement,MAMH — Données Québec (rôle d'évaluation foncière),https://donneesouvertes.affmunqc.net/role/RL58007_2026.xml,,,,
"7180, Turenne",,Brossard,,,405.92,1988,304400,342100,646500,2025,Logement,MAMH — Données Québec (rôle d'évaluation foncière),https://donneesouvertes.affmunqc.net/role/RL58007_2026.xml,,,,
"7190, Turenne",,Brossard,,,406.02,1988,304500,393800,698300,2025,Logement,MAMH — Données Québec (rôle d'évaluation foncière),https://donneesouvertes.affmunqc.net/role/RL58007_2026.xml,,,,
"7200, Turenne",,Brossard,,,354.63,1988,266000,250500,516500,2025,Logement,MAMH — Données Québec (rôle d'évaluation foncière),https://donneesouvertes.affmunqc.net/role/RL58007_2026.xml,,,,
"7210, Turenne",,Brossard,,,465.02,1988,340200,319000,659200,2025,Logement,MAMH — Données Québec (rôle d'évaluation foncière),https://donneesouvertes.affmunqc.net/role/RL58007_2026.xml,,,,
"7220, Turenne",,Brossard,,,465.12,1988,340300,364400,704700,2025,Logement,MAMH — Données Québec (rôle d'évaluation foncière),https://donneesouvertes.affmunqc.net/role/RL58007_2026.xml,,,,
"7230, Turenne",,Brossard,,,406.12,1989,304600,302300,606900,2025,Logement,MAMH — Données Québec (rôle d'évaluation foncière),https://donneesouvertes.affmunqc.net/role/RL58007_2026.xml,,,,
"7240, Turenne",,Brossard,,,406.12,1989,304600,298400,603000,2025,Logement,MAMH — Données Québec (rôle d'évaluation foncière),https://donneesouvertes.affmunqc.net/role/RL58007_2026.xml,,,,
"7250, Turenne",,Brossard,,,465.12,1989,340300,336300,676600,2025,Logement,MAMH — Données Québec (rôle d'évaluation foncière),https://donneesouvertes.affmunqc.net/role/RL58007_2026.xml,,,,
"7020, Turenne",,Brossard,,,519.5,1988,259800,472400,732200,2025,Logement,MAMH — Données Québec (rôle d'évaluation foncière),https://donneesouvertes.affmunqc.net/role/RL58007_2026.xml,,,,
"7010, Turenne",,Brossard,,,541.2,1989,270600,530900,801500,2025,Logement,MAMH — Données Québec (rôle d'évaluation foncière),https://donneesouvertes.affmunqc.net/role/RL58007_2026.xml,,,,
"7000, Turenne",,Brossard,,,575.9,1988,288000,396800,684800,2025,Logement,MAMH — Données Québec (rôle d'évaluation foncière),https://donneesouvertes.affmunqc.net/role/RL58007_2026.xml,,,,
"401, Van-dyck",,Brossard,,,1326.7,1985,385300,950400,1335700,2025,Logement,MAMH — Données Québec (rôle d'évaluation foncière),https://donneesouvertes.affmunqc.net/role/RL58007_2026.xml,,,,
"409, Van-dyck",,Brossard,,,1333.8,1985,386800,1064700,1451500,2025,Logement,MAMH — Données Québec (rôle d'évaluation foncière),https://donneesouvertes.affmunqc.net/role/RL58007_2026.xml,,,,
"6025, Marie-victorin",,Brossard,,,2787,1973,766400,584600,1351000,2025,Immeuble à bureaux,MAMH — Données Québec (rôle d'évaluation foncière),https://donneesouvertes.affmunqc.net/role/RL58007_2026.xml,,,,
"5885, Marie-victorin",,Brossard,,,818.3,1955,319100,123200,442300,2025,Logement,MAMH — Données Québec (rôle d'évaluation foncière),https://donneesouvertes.affmunqc.net/role/RL58007_2026.xml,,,,
"5895, Marie-victorin",,Brossard,,,823.3,1954,320200,66700,386900,2025,Logement,MAMH — Données Québec (rôle d'évaluation foncière),https://donneesouvertes.affmunqc.net/role/RL58007_2026.xml,,,,
"5955, Marie-victorin",,Brossard,,,1584.4,2013,435700,2114200,2549900,2025,Industrie,MAMH — Données Québec (rôle d'évaluation foncière),https://donneesouvertes.affmunqc.net/role/RL58007_2026.xml,,,,
"5860, Vigneault",,Brossard,,,638.2,1968,291800,418800,710600,2025,Logement,MAMH — Données Québec (rôle d'évaluation foncière),https://donneesouvertes.affmunqc.net/role/RL58007_2026.xml,,,,
"5880, Vigneault",,Brossard,,,659.7,1960,294200,285800,580000,2025,Logement,MAMH — Données Québec (rôle d'évaluation foncière),https://donneesouvertes.affmunqc.net/role/RL58007_2026.xml,,,,
"370, Vanier",,Brossard,,,659.7,1954,294200,408700,702900,2025,Logement,MAMH — Données Québec (rôle d'évaluation foncière),https://donneesouvertes.affmunqc.net/role/RL58007_2026.xml,,,,
"375, Vanier",,Brossard,,,525.2,1956,266100,273700,539800,2025,Logement,MAMH — Données Québec (rôle d'évaluation foncière),https://donneesouvertes.affmunqc.net/role/RL58007_2026.xml,,,,
"405, Vanier",,Brossard,,,526,,266300,,266300,2025,Terrain vacant,MAMH — Données Québec (rôle d'évaluation foncière),https://donneesouvertes.affmunqc.net/role/RL58007_2026.xml,,,,
"5875, Marie-victorin",,Brossard,,,1833,1955,474600,292100,766700,2025,Logement,MAMH — Données Québec (rôle d'évaluation foncière),https://donneesouvertes.affmunqc.net/role/RL58007_2026.xml,,,,
"5800, Vigneault, app. 5810",,Brossard,,,656.6,1961,293800,326300,620100,2025,Logement,MAMH — Données Québec (rôle d'évaluation foncière),https://donneesouvertes.affmunqc.net/role/RL58007_2026.xml,,,,
"5820, Vigneault",,Brossard,,,911.1,1963,321800,354400,676200,2025,Logement,MAMH — Données Québec (rôle d'évaluation foncière),https://donneesouvertes.affmunqc.net/role/RL58007_2026.xml,,,,
"5840, Vigneault",,Brossard,,,661.8,1963,294400,479800,774200,2025,Logement,MAMH — Données Québec (rôle d'évaluation foncière),https://donneesouvertes.affmunqc.net/role/RL58007_2026.xml,,,,
"5850, Vigneault",,Brossard,,,212.8,1976,122400,271700,394100,2025,Logement,MAMH — Données Québec (rôle d'évaluation foncière),https://donneesouvertes.affmunqc.net/role/RL58007_2026.xml,,,,
"5852, Vigneault",,Brossard,,,212.3,1976,122100,246000,368100,2025,Logement,MAMH — Données Québec (rôle d'évaluation foncière),https://donneesouvertes.affmunqc.net/role/RL58007_2026.xml,,,,
"5805, Vigneault",,Brossard,,,589.6,2016,284600,782400,1067000,2025,Logement,MAMH — Données Québec (rôle d'évaluation foncière),https://donneesouvertes.affmunqc.net/role/RL58007_2026.xml,,,,
"5815, Vigneault",,Brossard,,,507,2017,260800,775700,1036500,2025,Logement,MAMH — Données Québec (rôle d'évaluation foncière),https://donneesouvertes.affmunqc.net/role/RL58007_2026.xml,,,,
"5835, Vigneault",,Brossard,,,636.9,2018,291700,834500,1126200,2025,Logement,MAMH — Données Québec (rôle d'évaluation foncière),https://donneesouvertes.affmunqc.net/role/RL58007_2026.xml,,,,
"5845, Vigneault",,Brossard,,,532,2019,268000,884300,1152300,2025,Logement,MAMH — Données Québec (rôle d'évaluation foncière),https://donneesouvertes.affmunqc.net/role/RL58007_2026.xml,,,,
"445, Venise",,Brossard,,,464.5,1954,248600,183700,432300,2025,Logement,MAMH — Données Québec (rôle d'évaluation foncière),https://donneesouvertes.affmunqc.net/role/RL58007_2026.xml,,,,
"6990, Turenne",,Brossard,,,905.3,1961,376300,327000,703300,2025,Logement,MAMH — Données Québec (rôle d'évaluation foncière),https://donneesouvertes.affmunqc.net/role/RL58007_2026.xml,,,,
"7290, Turenne",,Brossard,,,550.9,1988,275500,529600,805100,2025,Logement,MAMH — Données Québec (rôle d'évaluation foncière),https://donneesouvertes.affmunqc.net/role/RL58007_2026.xml,,,,
"6980, Turenne",,Brossard,,,735.5,,333900,,333900,2025,Immeuble commercial,MAMH — Données Québec (rôle d'évaluation foncière),https://donneesouvertes.affmunqc.net/role/RL58007_2026.xml,,,,
"423, Van-dyck, app. 427",,Brossard,,,503.9,1981,180800,498900,679700,2025,Logement,MAMH — Données Québec (rôle d'évaluation foncière),https://donneesouvertes.affmunqc.net/role/RL58007_2026.xml,,,,
"433, Van-dyck, app. 437",,Brossard,,,503.1,1981,180600,531600,712200,2025,Logement,MAMH — Données Québec (rôle d'évaluation foncière),https://donneesouvertes.affmunqc.net/role/RL58007_2026.xml,,,,
"443, Van-dyck, app. 447",,Brossard,,,634.9,1981,203500,512000,715500,2025,Logement,MAMH — Données Québec (rôle d'évaluation foncière),https://donneesouvertes.affmunqc.net/role/RL58007_2026.xml,,,,
"453, Van-dyck, app. 457",,Brossard,,,742.9,1981,214300,513000,727300,2025,Logement,MAMH — Données Québec (rôle d'évaluation foncière),https://donneesouvertes.affmunqc.net/role/RL58007_2026.xml,,,,
"465, Van-dyck",,Brossard,,,780.7,1961,218100,264700,482800,2025,Logement,MAMH — Données Québec (rôle d'évaluation foncière),https://donneesouvertes.affmunqc.net/role/RL58007_2026.xml,,,,
"475, Van-dyck",,Brossard,,,825.3,1962,222500,242000,464500,2025,Logement,MAMH — Données Québec (rôle d'évaluation foncière),https://donneesouvertes.affmunqc.net/role/RL58007_2026.xml,,,,
"485, Van-dyck",,Brossard,,,916.2,1962,231600,239900,471500,2025,Logement,MAMH — Données Québec (rôle d'évaluation foncière),https://donneesouvertes.affmunqc.net/role/RL58007_2026.xml,,,,
"415, Van-dyck",,Brossard,,,1652.8,,453600,414400,868000,2025,Industrie,MAMH — Données Québec (rôle d'évaluation foncière),https://donneesouvertes.affmunqc.net/role/RL58007_2026.xml,,,,
"420, Van-dyck",,Brossard,,,604.4,1962,288100,235500,523600,2025,Logement,MAMH — Données Québec (rôle d'évaluation foncière),https://donneesouvertes.affmunqc.net/role/RL58007_2026.xml,,,,
"428, Van-dyck",,Brossard,,,543.4,1962,271300,253500,524800,2025,Logement,MAMH — Données Québec (rôle d'évaluation foncière),https://donneesouvertes.affmunqc.net/role/RL58007_2026.xml,,,,
"436, Van-dyck",,Brossard,,,511.5,1962,262100,278900,541000,2025,Logement,MAMH — Données Québec (rôle d'évaluation foncière),https://donneesouvertes.affmunqc.net/role/RL58007_2026.xml,,,,
"442, Van-dyck",,Brossard,,,530.2,1962,267500,292700,560200,2025,Logement,MAMH — Données Québec (rôle d'évaluation foncière),https://donneesouvertes.affmunqc.net/role/RL58007_2026.xml,,,,
"450, Van-dyck",,Brossard,,,635.2,1962,291500,273800,565300,2025,Logement,MAMH — Données Québec (rôle d'évaluation foncière),https://donneesouvertes.affmunqc.net/role/RL58007_2026.xml,,,,
"425, Vimy",,Brossard,,,560.6,1964,276300,291400,567700,2025,Logement,MAMH — Données Québec (rôle d'évaluation foncière),https://donneesouvertes.affmunqc.net/role/RL58007_2026.xml,,,,
"435, Vimy",,Brossard,,,516.3,1962,263500,270300,533800,2025,Logement,MAMH — Données Québec (rôle d'évaluation foncière),https://donneesouvertes.affmunqc.net/role/RL58007_2026.xml,,,,
"460, Van-dyck",,Brossard,,,511,1962,262000,354000,616000,2025,Logement,MAMH — Données Québec (rôle d'évaluation foncière),https://donneesouvertes.affmunqc.net/role/RL58007_2026.xml,,,,
"445, Vimy",,Brossard,,,660.1,1964,294200,290200,584400,2025,Logement,MAMH — Données Québec (rôle d'évaluation foncière),https://donneesouvertes.affmunqc.net/role/RL58007_2026.xml,,,,
"395, Provencher",,Brossard,,,682.1,1964,296600,236500,533100,2025,Logement,MAMH — Données Québec (rôle d'évaluation foncière),https://donneesouvertes.affmunqc.net/role/RL58007_2026.xml,,,,
"402, Van-dyck",,Brossard,,,574,1962,280100,266000,546100,2025,Logement,MAMH — Données Québec (rôle d'évaluation foncière),https://donneesouvertes.affmunqc.net/role/RL58007_2026.xml,,,,
"410, Van-dyck",,Brossard,,,674.5,1962,295800,265400,561200,2025,Logement,MAMH — Données Québec (rôle d'évaluation foncière),https://donneesouvertes.affmunqc.net/role/RL58007_2026.xml,,,,
"415, Provencher",,Brossard,,,521.2,1964,264900,255200,520100,2025,Logement,MAMH — Données Québec (rôle d'évaluation foncière),https://donneesouvertes.affmunqc.net/role/RL58007_2026.xml,,,,
"435, Provencher",,Brossard,,,511,1964,262000,245800,507800,2025,Logement,MAMH — Données Québec (rôle d'évaluation foncière),https://donneesouvertes.affmunqc.net/role/RL58007_2026.xml,,,,
"430, Vimy",,Brossard,,,600.2,1964,287600,264400,552000,2025,Logement,MAMH — Données Québec (rôle d'évaluation foncière),https://donneesouvertes.affmunqc.net/role/RL58007_2026.xml,,,,
"455, Provencher",,Brossard,,,511,1964,262000,250500,512500,2025,Logement,MAMH — Données Québec (rôle d'évaluation foncière),https://donneesouvertes.affmunqc.net/role/RL58007_2026.xml,,,,
"440, Vimy",,Brossard,,,511,1964,262000,351300,613300,2025,Logement,MAMH — Données Québec (rôle d'évaluation foncière),https://donneesouvertes.affmunqc.net/role/RL58007_2026.xml,,,,
"5935, Vieni",,Brossard,,,548.1,1964,272700,318800,591500,2025,Logement,MAMH — Données Québec (rôle d'évaluation foncière),https://donneesouvertes.affmunqc.net/role/RL58007_2026.xml,,,,
"475, Provencher",,Brossard,,,511,1964,262000,235500,497500,2025,Logement,MAMH — Données Québec (rôle d'évaluation foncière),https://donneesouvertes.affmunqc.net/role/RL58007_2026.xml,,,,
"450, Vimy",,Brossard,,,511,1963,262000,277300,539300,2025,Logement,MAMH — Données Québec (rôle d'évaluation foncière),https://donneesouvertes.affmunqc.net/role/RL58007_2026.xml,,,,
"415, Vanier",,Brossard,,,526.6,2021,266500,815400,1081900,2025,Logement,MAMH — Données Québec (rôle d'évaluation foncière),https://donneesouvertes.affmunqc.net/role/RL58007_2026.xml,,,,
"5865, Vigneault",,Brossard,,,920.3,1970,322800,268200,591000,2025,Logement,MAMH — Données Québec (rôle d'évaluation foncière),https://donneesouvertes.affmunqc.net/role/RL58007_2026.xml,,,,
"5885, Vigneault",,Brossard,,,922.6,1955,323100,354600,677700,2025,Logement,MAMH — Données Québec (rôle d'évaluation foncière),https://donneesouvertes.affmunqc.net/role/RL58007_2026.xml,,,,
"420, Vanier",,Brossard,,,699,1964,298500,301000,599500,2025,Logement,MAMH — Données Québec (rôle d'évaluation foncière),https://donneesouvertes.affmunqc.net/role/RL58007_2026.xml,,,,
"425, Vanier",,Brossard,,,791.4,1956,308700,195200,503900,2025,Logement,MAMH — Données Québec (rôle d'évaluation foncière),https://donneesouvertes.affmunqc.net/role/RL58007_2026.xml,,,,
"480, Vanier",,Brossard,,,929,1957,323800,308800,632600,2025,Logement,MAMH — Données Québec (rôle d'évaluation foncière),https://donneesouvertes.affmunqc.net/role/RL58007_2026.xml,,,,
"5930, Vieni",,Brossard,,,793.7,1968,308900,327900,636800,2025,Logement,MAMH — Données Québec (rôle d'évaluation foncière),https://donneesouvertes.affmunqc.net/role/RL58007_2026.xml,,,,
"475, Vincent",,Brossard,,,921,1964,322900,251900,574800,2025,Logement,MAMH — Données Québec (rôle d'évaluation foncière),https://donneesouvertes.affmunqc.net/role/RL58007_2026.xml,,,,
"5925, Vieni",,Brossard,,,511,1961,262000,301200,563200,2025,Logement,MAMH — Données Québec (rôle d'évaluation foncière),https://donneesouvertes.affmunqc.net/role/RL58007_2026.xml,,,,
"5905, Vieni",,Brossard,,,743.2,1967,303400,415200,718600,2025,Logement,MAMH — Données Québec (rôle d'évaluation foncière),https://donneesouvertes.affmunqc.net/role/RL58007_2026.xml,,,,
"5885, Vieni",,Brossard,,,557.4,1964,275300,267700,543000,2025,Logement,MAMH — Données Québec (rôle d'évaluation foncière),https://donneesouvertes.affmunqc.net/role/RL58007_2026.xml,,,,
"5915, Vieni",,Brossard,,,557.1,1966,275200,369600,644800,2025,Logement,MAMH — Données Québec (rôle d'évaluation foncière),https://donneesouvertes.affmunqc.net/role/RL58007_2026.xml,,,,
"5875, Vieni",,Brossard,,,557.4,1964,275300,283000,558300,2025,Logement,MAMH — Données Québec (rôle d'évaluation foncière),https://donneesouvertes.affmunqc.net/role/RL58007_2026.xml,,,,
"420, Vincent",,Brossard,,,557.4,1962,275300,262400,537700,2025,Logement,MAMH — Données Québec (rôle d'évaluation foncière),https://donneesouvertes.affmunqc.net/role/RL58007_2026.xml,,,,
"485, Venise",,Brossard,,,464.5,1954,248600,247900,496500,2025,Logement,MAMH — Données Québec (rôle d'évaluation foncière),https://donneesouvertes.affmunqc.net/role/RL58007_2026.xml,,,,
"505, Venise",,Brossard,,,464.5,1954,248600,253000,501600,2025,Logement,MAMH — Données Québec (rôle d'évaluation foncière),https://donneesouvertes.affmunqc.net/role/RL58007_2026.xml,,,,
"430, Vincent",,Brossard,,,603.9,1963,288000,309900,597900,2025,Logement,MAMH — Données Québec (rôle d'évaluation foncière),https://donneesouvertes.affmunqc.net/role/RL58007_2026.xml,,,,
"515, Venise",,Brossard,,,464.5,1954,248600,216600,465200,2025,Logement,MAMH — Données Québec (rôle d'évaluation foncière),https://donneesouvertes.affmunqc.net/role/RL58007_2026.xml,,,,
"440, Vincent",,Brossard,,,688.8,1966,297400,321300,618700,2025,Logement,MAMH — Données Québec (rôle d'évaluation foncière),https://donneesouvertes.affmunqc.net/role/RL58007_2026.xml,,,,
"525, Venise",,Brossard,,,456.5,1954,246300,188200,434500,2025,Logement,MAMH — Données Québec (rôle d'évaluation foncière),https://donneesouvertes.affmunqc.net/role/RL58007_2026.xml,,,,
"5869, Vieni",,Brossard,,,464.5,1967,248600,327200,575800,2025,Logement,MAMH — Données Québec (rôle d'évaluation foncière),https://donneesouvertes.affmunqc.net/role/RL58007_2026.xml,,,,
"5865, Vieni",,Brossard,,,557.4,1962,275300,227500,502800,2025,Logement,MAMH — Données Québec (rôle d'évaluation foncière),https://donneesouvertes.affmunqc.net/role/RL58007_2026.xml,,,,
"5855, Vieni",,Brossard,,,557.4,1962,275300,281500,556800,2025,Logement,MAMH — Données Québec (rôle d'évaluation foncière),https://donneesouvertes.affmunqc.net/role/RL58007_2026.xml,,,,
"575, Venise",,Brossard,,,743.2,1962,303400,296300,599700,2025,Logement,MAMH — Données Québec (rôle d'évaluation foncière),https://donneesouvertes.affmunqc.net/role/RL58007_2026.xml,,,,
"495, Van-dyck",,Brossard,,,766.5,1962,216700,255100,471800,2025,Logement,MAMH — Données Québec (rôle d'évaluation foncière),https://donneesouvertes.affmunqc.net/role/RL58007_2026.xml,,,,
"505, Van-dyck",,Brossard,,,627.13,1962,202700,233200,435900,2025,Logement,MAMH — Données Québec (rôle d'évaluation foncière),https://donneesouvertes.affmunqc.net/role/RL58007_2026.xml,,,,
"445, Voltaire",,Brossard,,,1131,1978,253100,294700,547800,2025,Logement,MAMH — Données Québec (rôle d'évaluation foncière),https://donneesouvertes.affmunqc.net/role/RL58007_2026.xml,,,,
"425, Voltaire",,Brossard,,,464.5,1978,172900,269100,442000,2025,Logement,MAMH — Données Québec (rôle d'évaluation foncière),https://donneesouvertes.affmunqc.net/role/RL58007_2026.xml,,,,
"515, Van-dyck",,Brossard,,,631.7,1962,203200,231200,434400,2025,Logement,MAMH — Données Québec (rôle d'évaluation foncière),https://donneesouvertes.affmunqc.net/role/RL58007_2026.xml,,,,
"498, Valois",,Brossard,,,585.3,1964,283400,230400,513800,2025,Logement,MAMH — Données Québec (rôle d'évaluation foncière),https://donneesouvertes.affmunqc.net/role/RL58007_2026.xml,,,,
"400, Voltaire",,Brossard,,,481.2,1976,253400,340800,594200,2025,Logement,MAMH — Données Québec (rôle d'évaluation foncière),https://donneesouvertes.affmunqc.net/role/RL58007_2026.xml,,,,
"525, Van-dyck",,Brossard,,,631.7,1962,291100,316800,607900,2025,Logement,MAMH — Données Québec (rôle d'évaluation foncière),https://donneesouvertes.affmunqc.net/role/RL58007_2026.xml,,,,
"470, Van-dyck",,Brossard,,,511,1962,262000,285500,547500,2025,Logement,MAMH — Données Québec (rôle d'évaluation foncière),https://donneesouvertes.affmunqc.net/role/RL58007_2026.xml,,,,
"455, Vimy",,Brossard,,,561.1,1964,276400,254500,530900,2025,Logement,MAMH — Données Québec (rôle d'évaluation foncière),https://donneesouvertes.affmunqc.net/role/RL58007_2026.xml,,,,
"480, Van-dyck",,Brossard,,,536.5,1962,269300,269000,538300,2025,Logement,MAMH — Données Québec (rôle d'évaluation foncière),https://donneesouvertes.affmunqc.net/role/RL58007_2026.xml,,,,
"465, Vimy",,Brossard,,,726.1,1962,301500,310200,611700,2025,Logement,MAMH — Données Québec (rôle d'évaluation foncière),https://donneesouvertes.affmunqc.net/role/RL58007_2026.xml,,,,
"475, Vimy",,Brossard,,,548.9,1962,272900,238000,510900,2025,Logement,MAMH — Données Québec (rôle d'évaluation foncière),https://donneesouvertes.affmunqc.net/role/RL58007_2026.xml,,,,
"485, Vimy",,Brossard,,,514.7,1964,263000,382300,645300,2025,Logement,MAMH — Données Québec (rôle d'évaluation foncière),https://donneesouvertes.affmunqc.net/role/RL58007_2026.xml,,,,
"490, Van-dyck",,Brossard,,,587.6,1962,284000,263500,547500,2025,Logement,MAMH — Données Québec (rôle d'évaluation foncière),https://donneesouvertes.affmunqc.net/role/RL58007_2026.xml,,,,
"506, Valois",,Brossard,,,511,1964,262000,293200,555200,2025,Logement,MAMH — Données Québec (rôle d'évaluation foncière),https://donneesouvertes.affmunqc.net/role/RL58007_2026.xml,,,,
"514, Valois",,Brossard,,,511,1964,262000,233900,495900,2025,Logement,MAMH — Données Québec (rôle d'évaluation foncière),https://donneesouvertes.affmunqc.net/role/RL58007_2026.xml,,,,
"522, Valois",,Brossard,,,492.4,1963,256600,309700,566300,2025,Logement,MAMH — Données Québec (rôle d'évaluation foncière),https://donneesouvertes.affmunqc.net/role/RL58007_2026.xml,,,,
"530, Valois",,Brossard,,,557.4,1962,275300,301300,576600,2025,Logement,MAMH — Données Québec (rôle d'évaluation foncière),https://donneesouvertes.affmunqc.net/role/RL58007_2026.xml,,,,
"495, Provencher",,Brossard,,,511,1964,262000,224000,486000,2025,Logement,MAMH — Données Québec (rôle d'évaluation foncière),https://donneesouvertes.affmunqc.net/role/RL58007_2026.xml,,,,
"460, Vimy",,Brossard,,,534.2,1964,268700,261900,530600,2025,Logement,MAMH — Données Québec (rôle d'évaluation foncière),https://donneesouvertes.affmunqc.net/role/RL58007_2026.xml,,,,
"515, Provencher",,Brossard,,,511,1962,262000,288100,550100,2025,Logement,MAMH — Données Québec (rôle d'évaluation foncière),https://donneesouvertes.affmunqc.net/role/RL58007_2026.xml,,,,
"470, Vimy",,Brossard,,,723.7,1962,301200,390300,691500,2025,Logement,MAMH — Données Québec (rôle d'évaluation foncière),https://donneesouvertes.affmunqc.net/role/RL58007_2026.xml,,,,
"535, Provencher",,Brossard,,,514.7,1962,263000,289600,552600,2025,Logement,MAMH — Données Québec (rôle d'évaluation foncière),https://donneesouvertes.affmunqc.net/role/RL58007_2026.xml,,,,
"480, Vimy",,Brossard,,,693.6,1962,297900,277000,574900,2025,Logement,MAMH — Données Québec (rôle d'évaluation foncière),https://donneesouvertes.affmunqc.net/role/RL58007_2026.xml,,,,
"555, Provencher",,Brossard,,,518.5,1964,264100,313400,577500,2025,Logement,MAMH — Données Québec (rôle d'évaluation foncière),https://donneesouvertes.affmunqc.net/role/RL58007_2026.xml,,,,
"575, Provencher",,Brossard,,,520.9,1964,264800,243500,508300,2025,Logement,MAMH — Données Québec (rôle d'évaluation foncière),https://donneesouvertes.affmunqc.net/role/RL58007_2026.xml,,,,
"595, Provencher",,Brossard,,,530.1,1964,267500,265600,533100,2025,Logement,MAMH — Données Québec (rôle d'évaluation foncière),https://donneesouvertes.affmunqc.net/role/RL58007_2026.xml,,,,
"490, Provencher",,Brossard,,,603.7,1966,288000,355100,643100,2025,Logement,MAMH — Données Québec (rôle d'évaluation foncière),https://donneesouvertes.affmunqc.net/role/RL58007_2026.xml,,,,
"5830, Villiers",,Brossard,,,673.5,1974,295700,354300,650000,2025,Logement,MAMH — Données Québec (rôle d'évaluation foncière),https://donneesouvertes.affmunqc.net/role/RL58007_2026.xml,,,,
"5836, Villiers",,Brossard,,,871.9,1973,317500,417700,735200,2025,Logement,MAMH — Données Québec (rôle d'évaluation foncière),https://donneesouvertes.affmunqc.net/role/RL58007_2026.xml,,,,
"5820, Villiers",,Brossard,,,594.6,1967,286000,358400,644400,2025,Logement,MAMH — Données Québec (rôle d'évaluation foncière),https://donneesouvertes.affmunqc.net/role/RL58007_2026.xml,,,,
"510, Provencher",,Brossard,,,603.7,1965,288000,244800,532800,2025,Logement,MAMH — Données Québec (rôle d'évaluation foncière),https://donneesouvertes.affmunqc.net/role/RL58007_2026.xml,,,,
"5842, Villiers",,Brossard,,,947.8,1967,325900,431500,757400,2025,Logement,MAMH — Données Québec (rôle d'évaluation foncière),https://donneesouvertes.affmunqc.net/role/RL58007_2026.xml,,,,
"530, Provencher",,Brossard,,,577.3,1966,281100,320500,601600,2025,Logement,MAMH — Données Québec (rôle d'évaluation foncière),https://donneesouvertes.affmunqc.net/role/RL58007_2026.xml,,,,
"5848, Villiers",,Brossard,,,625.9,1965,290400,337300,627700,2025,Logement,MAMH — Données Québec (rôle d'évaluation foncière),https://donneesouvertes.affmunqc.net/role/RL58007_2026.xml,,,,
"550, Provencher",,Brossard,,,535.9,1965,269100,533700,802800,2025,Logement,MAMH — Données Québec (rôle d'évaluation foncière),https://donneesouvertes.affmunqc.net/role/RL58007_2026.xml,,,,
"5835, Villiers",,Brossard,,,772,1967,306500,356600,663100,2025,Logement,MAMH — Données Québec (rôle d'évaluation foncière),https://donneesouvertes.affmunqc.net/role/RL58007_2026.xml,,,,
"5825, Villiers",,Brossard,,,594.6,1965,286000,303900,589900,2025,Logement,MAMH — Données Québec (rôle d'évaluation foncière),https://donneesouvertes.affmunqc.net/role/RL58007_2026.xml,,,,
"570, Provencher",,Brossard,,,535.9,1964,269100,255600,524700,2025,Logement,MAMH — Données Québec (rôle d'évaluation foncière),https://donneesouvertes.affmunqc.net/role/RL58007_2026.xml,,,,
"5854, Villiers",,Brossard,,,576.9,1965,280900,310200,591100,2025,Logement,MAMH — Données Québec (rôle d'évaluation foncière),https://donneesouvertes.affmunqc.net/role/RL58007_2026.xml,,,,
"590, Provencher",,Brossard,,,535.9,1964,269100,250000,519100,2025,Logement,MAMH — Données Québec (rôle d'évaluation foncière),https://donneesouvertes.affmunqc.net/role/RL58007_2026.xml,,,,
"5860, Villiers",,Brossard,,,576.9,1966,280900,259800,540700,2025,Logement,MAMH — Données Québec (rôle d'évaluation foncière),https://donneesouvertes.affmunqc.net/role/RL58007_2026.xml,,,,
"5810, Villiers",,Brossard,,,594.6,1965,286000,402900,688900,2025,Logement,MAMH — Données Québec (rôle d'évaluation foncière),https://donneesouvertes.affmunqc.net/role/RL58007_2026.xml,,,,
"5800, Villiers",,Brossard,,,622.43,1965,290100,357000,647100,2025,Logement,MAMH — Données Québec (rôle d'évaluation foncière),https://donneesouvertes.affmunqc.net/role/RL58007_2026.xml,,,,
"615, Venise",,Brossard,,,836.1,1968,313600,398100,711700,2025,Logement,MAMH — Données Québec (rôle d'évaluation foncière),https://donneesouvertes.affmunqc.net/role/RL58007_2026.xml,,,,
"645, Venise",,Brossard,,,643.8,1966,292400,312600,605000,2025,Logement,MAMH — Données Québec (rôle d'évaluation foncière),https://donneesouvertes.affmunqc.net/role/RL58007_2026.xml,,,,
"5815, Villiers",,Brossard,,,576,1964,280700,299300,580000,2025,Logement,MAMH — Données Québec (rôle d'évaluation foncière),https://donneesouvertes.affmunqc.net/role/RL58007_2026.xml,,,,
"5805, Villiers",,Brossard,,,554.2,1965,274400,249700,524100,2025,Logement,MAMH — Données Québec (rôle d'évaluation foncière),https://donneesouvertes.affmunqc.net/role/RL58007_2026.xml,,,,
"655, Venise",,Brossard,,,621.1,1966,289900,363700,653600,2025,Logement,MAMH — Données Québec (rôle d'évaluation foncière),https://donneesouvertes.affmunqc.net/role/RL58007_2026.xml,,,,
"465, Voltaire",,Brossard,,,677.7,1978,192900,325200,518100,2025,Logement,MAMH — Données Québec (rôle d'évaluation foncière),https://donneesouvertes.affmunqc.net/role/RL58007_2026.xml,,,,
"485, Voltaire",,Brossard,,,424.2,1977,165500,238600,404100,2025,Logement,MAMH — Données Québec (rôle d'évaluation foncière),https://donneesouvertes.affmunqc.net/role/RL58007_2026.xml,,,,
"420, Voltaire",,Brossard,,,461.6,1977,247700,336600,584300,2025,Logement,MAMH — Données Québec (rôle d'évaluation foncière),https://donneesouvertes.affmunqc.net/role/RL58007_2026.xml,,,,
"541, Van-dyck",,Brossard,,,557.4,1962,275300,255100,530400,2025,Logement,MAMH — Données Québec (rôle d'évaluation foncière),https://donneesouvertes.affmunqc.net/role/RL58007_2026.xml,,,,
"528, Van-dyck",,Brossard,,,646.3,1962,292700,253100,545800,2025,Logement,MAMH — Données Québec (rôle d'évaluation foncière),https://donneesouvertes.affmunqc.net/role/RL58007_2026.xml,,,,
"440, Voltaire",,Brossard,,,467.9,1977,249600,287100,536700,2025,Logement,MAMH — Données Québec (rôle d'évaluation foncière),https://donneesouvertes.affmunqc.net/role/RL58007_2026.xml,,,,
"555, Van-dyck",,Brossard,,,557.4,1962,275300,250800,526100,2025,Logement,MAMH — Données Québec (rôle d'évaluation foncière),https://donneesouvertes.affmunqc.net/role/RL58007_2026.xml,,,,
"544, Van-dyck",,Brossard,,,544.5,1962,271600,329800,601400,2025,Logement,MAMH — Données Québec (rôle d'évaluation foncière),https://donneesouvertes.affmunqc.net/role/RL58007_2026.xml,,,,
"460, Voltaire",,Brossard,,,474.1,1977,251300,269600,520900,2025,Logement,MAMH — Données Québec (rôle d'évaluation foncière),https://donneesouvertes.affmunqc.net/role/RL58007_2026.xml,,,,
"571, Van-dyck",,Brossard,,,557.4,1962,275300,243000,518300,2025,Logement,MAMH — Données Québec (rôle d'évaluation foncière),https://donneesouvertes.affmunqc.net/role/RL58007_2026.xml,,,,
"560, Van-dyck",,Brossard,,,546.1,1962,272100,295700,567800,2025,Logement,MAMH — Données Québec (rôle d'évaluation foncière),https://donneesouvertes.affmunqc.net/role/RL58007_2026.xml,,,,
"480, Voltaire",,Brossard,,,480.3,1977,253100,251500,504600,2025,Logement,MAMH — Données Québec (rôle d'évaluation foncière),https://donneesouvertes.affmunqc.net/role/RL58007_2026.xml,,,,
"585, Van-dyck",,Brossard,,,557.4,1963,275300,348700,624000,2025,Logement,MAMH — Données Québec (rôle d'évaluation foncière),https://donneesouvertes.affmunqc.net/role/RL58007_2026.xml,,,,
"576, Van-dyck",,Brossard,,,547.7,1962,272500,319800,592300,2025,Logement,MAMH — Données Québec (rôle d'évaluation foncière),https://donneesouvertes.affmunqc.net/role/RL58007_2026.xml,,,,
"500, Voltaire",,Brossard,,,486.6,1975,254900,357600,612500,2025,Logement,MAMH — Données Québec (rôle d'évaluation foncière),https://donneesouvertes.affmunqc.net/role/RL58007_2026.xml,,,,
"601, Van-dyck",,Brossard,,,557.4,1962,275300,320600,595900,2025,Logement,MAMH — Données Québec (rôle d'évaluation foncière),https://donneesouvertes.affmunqc.net/role/RL58007_2026.xml,,,,
"592, Van-dyck",,Brossard,,,549.3,1962,273000,305400,578400,2025,Logement,MAMH — Données Québec (rôle d'évaluation foncière),https://donneesouvertes.affmunqc.net/role/RL58007_2026.xml,,,,
"520, Voltaire",,Brossard,,,492.8,1975,256700,256800,513500,2025,Logement,MAMH — Données Québec (rôle d'évaluation foncière),https://donneesouvertes.affmunqc.net/role/RL58007_2026.xml,,,,
"615, Van-dyck",,Brossard,,,557.4,1962,275300,297200,572500,2025,Logement,MAMH — Données Québec (rôle d'évaluation foncière),https://donneesouvertes.affmunqc.net/role/RL58007_2026.xml,,,,
"535, Valois",,Brossard,,,641.6,1964,292200,276200,568400,2025,Logement,MAMH — Données Québec (rôle d'évaluation foncière),https://donneesouvertes.affmunqc.net/role/RL58007_2026.xml,,,,
"600, Valois",,Brossard,,,7766.7,,1553300,,1553300,2025,Institutionnel,MAMH — Données Québec (rôle d'évaluation foncière),https://donneesouvertes.affmunqc.net/role/RL58007_2026.xml,,,,
"555, Valois",,Brossard,,,544.5,1963,271600,338900,610500,2025,Logement,MAMH — Données Québec (rôle d'évaluation foncière),https://donneesouvertes.affmunqc.net/role/RL58007_2026.xml,,,,
"575, Valois",,Brossard,,,546.1,1963,272100,269700,541800,2025,Logement,MAMH — Données Québec (rôle d'évaluation foncière),https://donneesouvertes.affmunqc.net/role/RL58007_2026.xml,,,,
"595, Valois",,Brossard,,,547.7,1963,272500,249400,521900,2025,Logement,MAMH — Données Québec (rôle d'évaluation foncière),https://donneesouvertes.affmunqc.net/role/RL58007_2026.xml,,,,
"610, Valois",,Brossard,,,529.5,1964,267300,283300,550600,2025,Logement,MAMH — Données Québec (rôle d'évaluation foncière),https://donneesouvertes.affmunqc.net/role/RL58007_2026.xml,,,,
"615, Valois",,Brossard,,,549.3,1963,273000,249700,522700,2025,Logement,MAMH — Données Québec (rôle d'évaluation foncière),https://donneesouvertes.affmunqc.net/role/RL58007_2026.xml,,,,
"630, Valois",,Brossard,,,529.5,1964,267300,330700,598000,2025,Logement,MAMH — Données Québec (rôle d'évaluation foncière),https://donneesouvertes.affmunqc.net/role/RL58007_2026.xml,,,,
"615, Provencher",,Brossard,,,543.9,1964,271400,324500,595900,2025,Logement,MAMH — Données Québec (rôle d'évaluation foncière),https://donneesouvertes.affmunqc.net/role/RL58007_2026.xml,,,,
"635, Provencher",,Brossard,,,552.9,1964,274000,256700,530700,2025,Logement,MAMH — Données Québec (rôle d'évaluation foncière),https://donneesouvertes.affmunqc.net/role/RL58007_2026.xml,,,,
"655, Provencher",,Brossard,,,660.8,1962,294300,266000,560300,2025,Logement,MAMH — Données Québec (rôle d'évaluation foncière),https://donneesouvertes.affmunqc.net/role/RL58007_2026.xml,,,,
"701, Valiquette",,Brossard,,,548.1,1962,272700,313600,586300,2025,Logement,MAMH — Données Québec (rôle d'évaluation foncière),https://donneesouvertes.affmunqc.net/role/RL58007_2026.xml,,,,
"700, Valiquette",,Brossard,,,643.8,1962,292400,262500,554900,2025,Logement,MAMH — Données Québec (rôle d'évaluation foncière),https://donneesouvertes.affmunqc.net/role/RL58007_2026.xml,,,,
"711, Valiquette",,Brossard,,,548.11,1962,272700,275200,547900,2025,Logement,MAMH — Données Québec (rôle d'évaluation foncière),https://donneesouvertes.affmunqc.net/role/RL58007_2026.xml,,,,
"716, Valiquette",,Brossard,,,526.9,1962,266500,339300,605800,2025,Logement,MAMH — Données Québec (rôle d'évaluation foncière),https://donneesouvertes.affmunqc.net/role/RL58007_2026.xml,,,,
"5855, Villiers",,Brossard,,,2947.4,,589500,,589500,2025,Institutionnel,MAMH — Données Québec (rôle d'évaluation foncière),https://donneesouvertes.affmunqc.net/role/RL58007_2026.xml,,,,
"610, Provencher",,Brossard,,,535.9,1964,269100,329400,598500,2025,Logement,MAMH — Données Québec (rôle d'évaluation foncière),https://donneesouvertes.affmunqc.net/role/RL58007_2026.xml,,,,
"5866, Villiers",,Brossard,,,577.1,1968,281000,364700,645700,2025,Logement,MAMH — Données Québec (rôle d'évaluation foncière),https://donneesouvertes.affmunqc.net/role/RL58007_2026.xml,,,,
"630, Provencher",,Brossard,,,535.9,1964,269100,264400,533500,2025,Logement,MAMH — Données Québec (rôle d'évaluation foncière),https://donneesouvertes.affmunqc.net/role/RL58007_2026.xml,,,,
"5872, Villiers",,Brossard,,,576.9,1966,280900,306800,587700,2025,Logement,MAMH — Données Québec (rôle d'évaluation foncière),https://donneesouvertes.affmunqc.net/role/RL58007_2026.xml,,,,
"5885, Villiers",,Brossard,,,685.8,1966,297000,307900,604900,2025,Logement,MAMH — Données Québec (rôle d'évaluation foncière),https://donneesouvertes.affmunqc.net/role/RL58007_2026.xml,,,,
"650, Provencher",,Brossard,,,535.9,1964,269100,387800,656900,2025,Logement,MAMH — Données Québec (rôle d'évaluation foncière),https://donneesouvertes.affmunqc.net/role/RL58007_2026.xml,,,,
"5878, Villiers",,Brossard,,,541.3,1965,270700,248200,518900,2025,Logement,MAMH — Données Québec (rôle d'évaluation foncière),https://donneesouvertes.affmunqc.net/role/RL58007_2026.xml,,,,
"670, Provencher",,Brossard,,,490.2,1964,256000,311100,567100,2025,Logement,MAMH — Données Québec (rôle d'évaluation foncière),https://donneesouvertes.affmunqc.net/role/RL58007_2026.xml,,,,
"5884, Villiers",,Brossard,,,602.1,1965,287800,335200,623000,2025,Logement,MAMH — Données Québec (rôle d'évaluation foncière),https://donneesouvertes.affmunqc.net/role/RL58007_2026.xml,,,,
"678, Provencher",,Brossard,,,660.8,1968,380000,743200,1123200,2025,Logement,MAMH — Données Québec (rôle d'évaluation foncière),https://donneesouvertes.affmunqc.net/role/RL58007_2026.xml,,,,
"5890, Villiers",,Brossard,,,843.3,1968,314400,379900,694300,2025,Logement,MAMH — Données Québec (rôle d'évaluation foncière),https://donneesouvertes.affmunqc.net/role/RL58007_2026.xml,,,,
"684, Provencher",,Brossard,,,611.5,1969,351600,771600,1123200,2025,Logement,MAMH — Données Québec (rôle d'évaluation foncière),https://donneesouvertes.affmunqc.net/role/RL58007_2026.xml,,,,
"5896, Villiers",,Brossard,,,1026.8,1976,334500,269400,603900,2025,Logement,MAMH — Données Québec (rôle d'évaluation foncière),https://donneesouvertes.affmunqc.net/role/RL58007_2026.xml,,,,
"665, Venise",,Brossard,,,625.7,1966,290400,278900,569300,2025,Logement,MAMH — Données Québec (rôle d'évaluation foncière),https://donneesouvertes.affmunqc.net/role/RL58007_2026.xml,,,,
"5905, Villiers",,Brossard,,,605.8,1966,288200,338700,626900,2025,Logement,MAMH — Données Québec (rôle d'évaluation foncière),https://donneesouvertes.affmunqc.net/role/RL58007_2026.xml,,,,
"675, Venise",,Brossard,,,645.9,1967,292600,302000,594600,2025,Logement,MAMH — Données Québec (rôle d'évaluation foncière),https://donneesouvertes.affmunqc.net/role/RL58007_2026.xml,,,,
"5895, Villiers",,Brossard,,,580.6,1966,282000,396000,678000,2025,Logement,MAMH — Données Québec (rôle d'évaluation foncière),https://donneesouvertes.affmunqc.net/role/RL58007_2026.xml,,,,
"695, Venise",,Brossard,,,750.9,1970,304200,275600,579800,2025,Logement,MAMH — Données Québec (rôle d'évaluation foncière),https://donneesouvertes.affmunqc.net/role/RL58007_2026.xml,,,,
"5908, Villiers",,Brossard,,,548.1,1966,272700,326500,599200,2025,Logement,MAMH — Données Québec (rôle d'évaluation foncière),https://donneesouvertes.affmunqc.net/role/RL58007_2026.xml,,,,
"690, Venise",,Brossard,,,1002.4,1969,331900,385800,717700,2025,Logement,MAMH — Données Québec (rôle d'évaluation foncière),https://donneesouvertes.affmunqc.net/role/RL58007_2026.xml,,,,
"5902, Villiers",,Brossard,,,687.3,1966,297200,316700,613900,2025,Logement,MAMH — Données Québec (rôle d'évaluation foncière),https://donneesouvertes.affmunqc.net/role/RL58007_2026.xml,,,,
"755, Victor-hugo",,Brossard,,,516,1969,263400,210500,473900,2025,Logement,MAMH — Données Québec (rôle d'évaluation foncière),https://donneesouvertes.affmunqc.net/role/RL58007_2026.xml,,,,
"505, Voltaire",,Brossard,,,450.4,1978,168300,284300,452600,2025,Logement,MAMH — Données Québec (rôle d'évaluation foncière),https://donneesouvertes.affmunqc.net/role/RL58007_2026.xml,,,,
"525, Voltaire",,Brossard,,,340.5,1978,153200,276600,429800,2025,Logement,MAMH — Données Québec (rôle d'évaluation foncière),https://donneesouvertes.affmunqc.net/role/RL58007_2026.xml,,,,
"545, Voltaire",,Brossard,,,346.3,1978,155800,270300,426100,2025,Logement,MAMH — Données Québec (rôle d'évaluation foncière),https://donneesouvertes.affmunqc.net/role/RL58007_2026.xml,,,,
"565, Voltaire",,Brossard,,,325.6,1978,146500,240400,386900,2025,Logement,MAMH — Données Québec (rôle d'évaluation foncière),https://donneesouvertes.affmunqc.net/role/RL58007_2026.xml,,,,
"585, Voltaire",,Brossard,,,330.6,1978,148800,242900,391700,2025,Logement,MAMH — Données Québec (rôle d'évaluation foncière),https://donneesouvertes.affmunqc.net/role/RL58007_2026.xml,,,,
"605, Voltaire",,Brossard,,,335.7,1978,151100,233100,384200,2025,Logement,MAMH — Données Québec (rôle d'évaluation foncière),https://donneesouvertes.affmunqc.net/role/RL58007_2026.xml,,,,
"625, Voltaire",,Brossard,,,340.66,1978,153300,230200,383500,2025,Logement,MAMH — Données Québec (rôle d'évaluation foncière),https://donneesouvertes.affmunqc.net/role/RL58007_2026.xml,,,,
"645, Voltaire",,Brossard,,,298.7,1977,134400,220900,355300,2025,Logement,MAMH — Données Québec (rôle d'évaluation foncière),https://donneesouvertes.affmunqc.net/role/RL58007_2026.xml,,,,
"655, Voltaire",,Brossard,,,302.4,1977,136100,273100,409200,2025,Logement,MAMH — Données Québec (rôle d'évaluation foncière),https://donneesouvertes.affmunqc.net/role/RL58007_2026.xml,,,,
"540, Voltaire",,Brossard,,,499.1,1975,258500,272600,531100,2025,Logement,MAMH — Données Québec (rôle d'évaluation foncière),https://donneesouvertes.affmunqc.net/role/RL58007_2026.xml,,,,
"608, Van-dyck",,Brossard,,,550.9,1962,273500,283600,557100,2025,Logement,MAMH — Données Québec (rôle d'évaluation foncière),https://donneesouvertes.affmunqc.net/role/RL58007_2026.xml,,,,
"560, Voltaire",,Brossard,,,505.2,1975,260300,274500,534800,2025,Logement,MAMH — Données Québec (rôle d'évaluation foncière),https://donneesouvertes.affmunqc.net/role/RL58007_2026.xml,,,,
"631, Van-dyck",,Brossard,,,557.4,1962,275300,262800,538100,2025,Logement,MAMH — Données Québec (rôle d'évaluation foncière),https://donneesouvertes.affmunqc.net/role/RL58007_2026.xml,,,,
"624, Van-dyck",,Brossard,,,552.6,1962,273900,265500,539400,2025,Logement,MAMH — Données Québec (rôle d'évaluation foncière),https://donneesouvertes.affmunqc.net/role/RL58007_2026.xml,,,,
"580, Voltaire",,Brossard,,,511.4,1975,262100,307500,569600,2025,Logement,MAMH — Données Québec (rôle d'évaluation foncière),https://donneesouvertes.affmunqc.net/role/RL58007_2026.xml,,,,
"645, Van-dyck",,Brossard,,,557.4,1964,275300,370000,645300,2025,Logement,MAMH — Données Québec (rôle d'évaluation foncière),https://donneesouvertes.affmunqc.net/role/RL58007_2026.xml,,,,
"640, Van-dyck",,Brossard,,,554.2,1962,274400,289500,563900,2025,Logement,MAMH — Données Québec (rôle d'évaluation foncière),https://donneesouvertes.affmunqc.net/role/RL58007_2026.xml,,,,
"600, Voltaire",,Brossard,,,517.7,1975,263900,302000,565900,2025,Logement,MAMH — Données Québec (rôle d'évaluation foncière),https://donneesouvertes.affmunqc.net/role/RL58007_2026.xml,,,,
"661, Van-dyck",,Brossard,,,543.5,1962,271300,284600,555900,2025,Logement,MAMH — Données Québec (rôle d'évaluation foncière),https://donneesouvertes.affmunqc.net/role/RL58007_2026.xml,,,,
"656, Van-dyck",,Brossard,,,555.6,1962,274800,337600,612400,2025,Logement,MAMH — Données Québec (rôle d'évaluation foncière),https://donneesouvertes.affmunqc.net/role/RL58007_2026.xml,,,,
"620, Voltaire",,Brossard,,,523.9,1975,265700,325100,590800,2025,Logement,MAMH — Données Québec (rôle d'évaluation foncière),https://donneesouvertes.affmunqc.net/role/RL58007_2026.xml,,,,
"675, Van-dyck",,Brossard,,,543.5,1962,271300,327700,599000,2025,Logement,MAMH — Données Québec (rôle d'évaluation foncière),https://donneesouvertes.affmunqc.net/role/RL58007_2026.xml,,,,
"672, Van-dyck",,Brossard,,,556.9,1962,275200,299300,574500,2025,Logement,MAMH — Données Québec (rôle d'évaluation foncière),https://donneesouvertes.affmunqc.net/role/RL58007_2026.xml,,,,
"640, Voltaire",,Brossard,,,530.1,1975,267500,286100,553600,2025,Logement,MAMH — Données Québec (rôle d'évaluation foncière),https://donneesouvertes.affmunqc.net/role/RL58007_2026.xml,,,,
"691, Van-dyck",,Brossard,,,529.6,1962,267300,294400,561700,2025,Logement,MAMH — Données Québec (rôle d'évaluation foncière),https://donneesouvertes.affmunqc.net/role/RL58007_2026.xml,,,,
"688, Van-dyck",,Brossard,,,558.4,1971,275600,308200,583800,2025,Logement,MAMH — Données Québec (rôle d'évaluation foncière),https://donneesouvertes.affmunqc.net/role/RL58007_2026.xml,,,,
"660, Voltaire",,Brossard,,,536.3,1975,269300,295600,564900,2025,Logement,MAMH — Données Québec (rôle d'évaluation foncière),https://donneesouvertes.affmunqc.net/role/RL58007_2026.xml,,,,
"635, Valois",,Brossard,,,550.9,1963,273500,256700,530200,2025,Logement,MAMH — Données Québec (rôle d'évaluation foncière),https://donneesouvertes.affmunqc.net/role/RL58007_2026.xml,,,,
"650, Valois",,Brossard,,,529.5,1964,267300,297400,564700,2025,Logement,MAMH — Données Québec (rôle d'évaluation foncière),https://donneesouvertes.affmunqc.net/role/RL58007_2026.xml,,,,
"655, Valois",,Brossard,,,552.6,1963,273900,248300,522200,2025,Logement,MAMH — Données Québec (rôle d'évaluation foncière),https://donneesouvertes.affmunqc.net/role/RL58007_2026.xml,,,,
"670, Valois",,Brossard,,,529.5,1964,267300,308500,575800,2025,Logement,MAMH — Données Québec (rôle d'évaluation foncière),https://donneesouvertes.affmunqc.net/role/RL58007_2026.xml,,,,
"675, Valois",,Brossard,,,554.2,1963,274400,315900,590300,2025,Logement,MAMH — Données Québec (rôle d'évaluation foncière),https://donneesouvertes.affmunqc.net/role/RL58007_2026.xml,,,,
"690, Valois",,Brossard,,,529.5,1964,267300,279700,547000,2025,Logement,MAMH — Données Québec (rôle d'évaluation foncière),https://donneesouvertes.affmunqc.net/role/RL58007_2026.xml,,,,
"695, Valois",,Brossard,,,555.6,1962,274800,261300,536100,2025,Logement,MAMH — Données Québec (rôle d'évaluation foncière),https://donneesouvertes.affmunqc.net/role/RL58007_2026.xml,,,,
"710, Valois",,Brossard,,,557.4,1964,275300,281500,556800,2025,Logement,MAMH — Données Québec (rôle d'évaluation foncière),https://donneesouvertes.affmunqc.net/role/RL58007_2026.xml,,,,
"715, Valois",,Brossard,,,556.9,1962,275200,314700,589900,2025,Logement,MAMH — Données Québec (rôle d'évaluation foncière),https://donneesouvertes.affmunqc.net/role/RL58007_2026.xml,,,,
"777, Valiquette",,Brossard,,,884,1962,318800,211600,530400,2025,Logement,MAMH — Données Québec (rôle d'évaluation foncière),https://donneesouvertes.affmunqc.net/role/RL58007_2026.xml,,,,
"730, Valois",,Brossard,,,557.4,1964,275300,310400,585700,2025,Logement,MAMH — Données Québec (rôle d'évaluation foncière),https://donneesouvertes.affmunqc.net/role/RL58007_2026.xml,,,,
"735, Valois",,Brossard,,,558.4,1964,275600,312500,588100,2025,Logement,MAMH — Données Québec (rôle d'évaluation foncière),https://donneesouvertes.affmunqc.net/role/RL58007_2026.xml,,,,
"750, Valois",,Brossard,,,557.4,1964,275300,297000,572300,2025,Logement,MAMH — Données Québec (rôle d'évaluation foncière),https://donneesouvertes.affmunqc.net/role/RL58007_2026.xml,,,,
"733, Valiquette",,Brossard,,,548.1,1962,272700,268600,541300,2025,Logement,MAMH — Données Québec (rôle d'évaluation foncière),https://donneesouvertes.affmunqc.net/role/RL58007_2026.xml,,,,
"732, Valiquette",,Brossard,,,526.1,1962,266300,280500,546800,2025,Logement,MAMH — Données Québec (rôle d'évaluation foncière),https://donneesouvertes.affmunqc.net/role/RL58007_2026.xml,,,,
"715, Provencher",,Brossard,,,1849.3,1977,369900,413100,783000,2025,Industrie,MAMH — Données Québec (rôle d'évaluation foncière),https://donneesouvertes.affmunqc.net/role/RL58007_2026.xml,,,,
"747, Valiquette",,Brossard,,,548.1,1962,272700,263000,535700,2025,Logement,MAMH — Données Québec (rôle d'évaluation foncière),https://donneesouvertes.affmunqc.net/role/RL58007_2026.xml,,,,
"750, Valiquette",,Brossard,,,525.6,1962,266200,256600,522800,2025,Logement,MAMH — Données Québec (rôle d'évaluation foncière),https://donneesouvertes.affmunqc.net/role/RL58007_2026.xml,,,,
"765, Valiquette",,Brossard,,,548.1,1962,272700,334000,606700,2025,Logement,MAMH — Données Québec (rôle d'évaluation foncière),https://donneesouvertes.affmunqc.net/role/RL58007_2026.xml,,,,
"766, Valiquette",,Brossard,,,525,1962,266000,275300,541300,2025,Logement,MAMH — Données Québec (rôle d'évaluation foncière),https://donneesouvertes.affmunqc.net/role/RL58007_2026.xml,,,,
"782, Valiquette",,Brossard,,,876.6,1962,318000,242600,560600,2025,Logement,MAMH — Données Québec (rôle d'évaluation foncière),https://donneesouvertes.affmunqc.net/role/RL58007_2026.xml,,,,
"795, Valiquette",,Brossard,,,847,1962,314800,251900,566700,2025,Logement,MAMH — Données Québec (rôle d'évaluation foncière),https://donneesouvertes.affmunqc.net/role/RL58007_2026.xml,,,,
"800, Valiquette",,Brossard,,,841.3,1962,314100,251200,565300,2025,Logement,MAMH — Données Québec (rôle d'évaluation foncière),https://donneesouvertes.affmunqc.net/role/RL58007_2026.xml,,,,
"700, Provencher",,Brossard,,,268.6,,154400,,154400,2025,Terrain vacant,MAMH — Données Québec (rôle d'évaluation foncière),https://donneesouvertes.affmunqc.net/role/RL58007_2026.xml,,,,
"710, Provencher",,Brossard,,,207.7,,119400,,119400,2025,Terrain vacant,MAMH — Données Québec (rôle d'évaluation foncière),https://donneesouvertes.affmunqc.net/role/RL58007_2026.xml,,,,
"720, Provencher",,Brossard,,,207.7,,119400,,119400,2025,Terrain vacant,MAMH — Données Québec (rôle d'évaluation foncière),https://donneesouvertes.affmunqc.net/role/RL58007_2026.xml,,,,
"730, Provencher",,Brossard,,,254,,146100,,146100,2025,Terrain vacant,MAMH — Données Québec (rôle d'évaluation foncière),https://donneesouvertes.affmunqc.net/role/RL58007_2026.xml,,,,
"795, Victor-hugo",,Brossard,,,574,1966,280100,316000,596100,2025,Logement,MAMH — Données Québec (rôle d'évaluation foncière),https://donneesouvertes.affmunqc.net/role/RL58007_2026.xml,,,,
"750, Provencher",,Brossard,,,252.9,,145400,,145400,2025,Terrain vacant,MAMH — Données Québec (rôle d'évaluation foncière),https://donneesouvertes.affmunqc.net/role/RL58007_2026.xml,,,,
"760, Provencher",,Brossard,,,202.7,,116600,,116600,2025,Terrain vacant,MAMH — Données Québec (rôle d'évaluation foncière),https://donneesouvertes.affmunqc.net/role/RL58007_2026.xml,,,,
"770, Provencher",,Brossard,,,198.9,,114400,,114400,2025,Terrain vacant,MAMH — Données Québec (rôle d'évaluation foncière),https://donneesouvertes.affmunqc.net/role/RL58007_2026.xml,,,,
"780, Provencher",,Brossard,,,298.5,,171600,,171600,2025,Terrain vacant,MAMH — Données Québec (rôle d'évaluation foncière),https://donneesouvertes.affmunqc.net/role/RL58007_2026.xml,,,,
"725, Provencher",,Brossard,,,2553.1,1965,510600,280400,791000,2025,Industrie,MAMH — Données Québec (rôle d'évaluation foncière),https://donneesouvertes.affmunqc.net/role/RL58007_2026.xml,,,,
"735, Provencher",,Brossard,,,581.4,1971,282200,272300,554500,2025,Logement,MAMH — Données Québec (rôle d'évaluation foncière),https://donneesouvertes.affmunqc.net/role/RL58007_2026.xml,,,,
"765, Victor-hugo",,Brossard,,,395.5,1969,227400,208900,436300,2025,Logement,MAMH — Données Québec (rôle d'évaluation foncière),https://donneesouvertes.affmunqc.net/role/RL58007_2026.xml,,,,
"775, Victor-hugo",,Brossard,,,620.1,1967,289800,390200,680000,2025,Logement,MAMH — Données Québec (rôle d'évaluation foncière),https://donneesouvertes.affmunqc.net/role/RL58007_2026.xml,,,,
"785, Victor-hugo",,Brossard,,,580.7,1967,282000,353800,635800,2025,Logement,MAMH — Données Québec (rôle d'évaluation foncière),https://donneesouvertes.affmunqc.net/role/RL58007_2026.xml,,,,
"800, Victor-hugo, app. 810",,Brossard,,,13022.15,1966,2604400,12516800,15121200,2025,Industrie,MAMH — Données Québec (rôle d'évaluation foncière),https://donneesouvertes.affmunqc.net/role/RL58007_2026.xml,,,,
"790, Victor-hugo",,Brossard,,,295.15,1982,75100,779400,854500,2025,Institutionnel,MAMH — Données Québec (rôle d'évaluation foncière),https://donneesouvertes.affmunqc.net/role/RL58007_2026.xml,,,,
"665, Voltaire",,Brossard,,,306.1,1977,137700,218000,355700,2025,Logement,MAMH — Données Québec (rôle d'évaluation foncière),https://donneesouvertes.affmunqc.net/role/RL58007_2026.xml,,,,
"675, Voltaire",,Brossard,,,300.2,1980,135100,308700,443800,2025,Logement,MAMH — Données Québec (rôle d'évaluation foncière),https://donneesouvertes.affmunqc.net/role/RL58007_2026.xml,,,,
"685, Voltaire",,Brossard,,,303.7,1977,136700,241600,378300,2025,Logement,MAMH — Données Québec (rôle d'évaluation foncière),https://donneesouvertes.affmunqc.net/role/RL58007_2026.xml,,,,
"695, Voltaire",,Brossard,,,307.2,1977,138200,290400,428600,2025,Logement,MAMH — Données Québec (rôle d'évaluation foncière),https://donneesouvertes.affmunqc.net/role/RL58007_2026.xml,,,,
"705, Voltaire",,Brossard,,,310.7,1980,139800,297600,437400,2025,Logement,MAMH — Données Québec (rôle d'évaluation foncière),https://donneesouvertes.affmunqc.net/role/RL58007_2026.xml,,,,
"715, Voltaire",,Brossard,,,314.3,1977,141400,281100,422500,2025,Logement,MAMH — Données Québec (rôle d'évaluation foncière),https://donneesouvertes.affmunqc.net/role/RL58007_2026.xml,,,,
"725, Voltaire",,Brossard,,,317.8,1977,143000,279200,422200,2025,Logement,MAMH — Données Québec (rôle d'évaluation foncière),https://donneesouvertes.affmunqc.net/role/RL58007_2026.xml,,,,
"735, Voltaire",,Brossard,,,321.3,1980,144600,292100,436700,2025,Logement,MAMH — Données Québec (rôle d'évaluation foncière),https://donneesouvertes.affmunqc.net/role/RL58007_2026.xml,,,,
"745, Voltaire",,Brossard,,,324.7,1980,146100,261400,407500,2025,Logement,MAMH — Données Québec (rôle d'évaluation foncière),https://donneesouvertes.affmunqc.net/role/RL58007_2026.xml,,,,
"755, Voltaire",,Brossard,,,328.2,1980,147700,285400,433100,2025,Logement,MAMH — Données Québec (rôle d'évaluation foncière),https://donneesouvertes.affmunqc.net/role/RL58007_2026.xml,,,,
"717, Van-dyck",,Brossard,,,520.3,1962,264600,277100,541700,2025,Logement,MAMH — Données Québec (rôle d'évaluation foncière),https://donneesouvertes.affmunqc.net/role/RL58007_2026.xml,,,,
"704, Van-dyck",,Brossard,,,579.4,1961,281700,345400,627100,2025,Logement,MAMH — Données Québec (rôle d'évaluation foncière),https://donneesouvertes.affmunqc.net/role/RL58007_2026.xml,,,,
"680, Voltaire",,Brossard,,,542.6,1975,271100,328600,599700,2025,Logement,MAMH — Données Québec (rôle d'évaluation foncière),https://donneesouvertes.affmunqc.net/role/RL58007_2026.xml,,,,
"733, Van-dyck",,Brossard,,,613.2,1962,289100,271900,561000,2025,Logement,MAMH — Données Québec (rôle d'évaluation foncière),https://donneesouvertes.affmunqc.net/role/RL58007_2026.xml,,,,
"720, Van-dyck",,Brossard,,,547.2,1962,272400,317700,590100,2025,Logement,MAMH — Données Québec (rôle d'évaluation foncière),https://donneesouvertes.affmunqc.net/role/RL58007_2026.xml,,,,
"700, Voltaire",,Brossard,,,548.8,1975,272900,361100,634000,2025,Logement,MAMH — Données Québec (rôle d'évaluation foncière),https://donneesouvertes.affmunqc.net/role/RL58007_2026.xml,,,,
"736, Van-dyck",,Brossard,,,582.8,1964,282600,353500,636100,2025,Logement,MAMH — Données Québec (rôle d'évaluation foncière),https://donneesouvertes.affmunqc.net/role/RL58007_2026.xml,,,,
"749, Van-dyck",,Brossard,,,650.3,1962,293100,373600,666700,2025,Logement,MAMH — Données Québec (rôle d'évaluation foncière),https://donneesouvertes.affmunqc.net/role/RL58007_2026.xml,,,,
"720, Voltaire",,Brossard,,,555.1,1975,274700,314200,588900,2025,Logement,MAMH — Données Québec (rôle d'évaluation foncière),https://donneesouvertes.affmunqc.net/role/RL58007_2026.xml,,,,
"752, Van-dyck",,Brossard,,,574,1964,280100,269600,549700,2025,Logement,MAMH — Données Québec (rôle d'évaluation foncière),https://donneesouvertes.affmunqc.net/role/RL58007_2026.xml,,,,
"740, Voltaire",,Brossard,,,561.3,1975,276500,335000,611500,2025,Logement,MAMH — Données Québec (rôle d'évaluation foncière),https://donneesouvertes.affmunqc.net/role/RL58007_2026.xml,,,,
"765, Van-dyck",,Brossard,,,557.4,1962,275300,313300,588600,2025,Logement,MAMH — Données Québec (rôle d'évaluation foncière),https://donneesouvertes.affmunqc.net/role/RL58007_2026.xml,,,,
"760, Voltaire",,Brossard,,,631,1974,291000,325100,616100,2025,Logement,MAMH — Données Québec (rôle d'évaluation foncière),https://donneesouvertes.affmunqc.net/role/RL58007_2026.xml,,,,
"781, Van-dyck",,Brossard,,,557.4,1962,275300,270300,545600,2025,Logement,MAMH — Données Québec (rôle d'évaluation foncière),https://donneesouvertes.affmunqc.net/role/RL58007_2026.xml,,,,
"935, Valois",,Brossard,,,495,1964,257400,258100,515500,2025,Logement,MAMH — Données Québec (rôle d'évaluation foncière),https://donneesouvertes.affmunqc.net/role/RL58007_2026.xml,,,,
"915, Valois",,Brossard,,,468.2,1964,249600,257500,507100,2025,Logement,MAMH — Données Québec (rôle d'évaluation foncière),https://donneesouvertes.affmunqc.net/role/RL58007_2026.xml,,,,
"755, Valois",,Brossard,,,579.4,1964,281700,288300,570000,2025,Logement,MAMH — Données Québec (rôle d'évaluation foncière),https://donneesouvertes.affmunqc.net/role/RL58007_2026.xml,,,,
"770, Valois",,Brossard,,,520.3,1964,264600,263600,528200,2025,Logement,MAMH — Données Québec (rôle d'évaluation foncière),https://donneesouvertes.affmunqc.net/role/RL58007_2026.xml,,,,
"775, Valois",,Brossard,,,542.4,1964,271000,332100,603100,2025,Logement,MAMH — Données Québec (rôle d'évaluation foncière),https://donneesouvertes.affmunqc.net/role/RL58007_2026.xml,,,,
"815, Val-royal",,Brossard,,,821.9,1962,312000,307800,619800,2025,Logement,MAMH — Données Québec (rôle d'évaluation foncière),https://donneesouvertes.affmunqc.net/role/RL58007_2026.xml,,,,
"790, Valois",,Brossard,,,520.3,1964,264600,259900,524500,2025,Logement,MAMH — Données Québec (rôle d'évaluation foncière),https://donneesouvertes.affmunqc.net/role/RL58007_2026.xml,,,,
"795, Valois",,Brossard,,,582.8,1964,282600,335100,617700,2025,Logement,MAMH — Données Québec (rôle d'évaluation foncière),https://donneesouvertes.affmunqc.net/role/RL58007_2026.xml,,,,
"810, Valois",,Brossard,,,520.3,1964,264600,295700,560300,2025,Logement,MAMH — Données Québec (rôle d'évaluation foncière),https://donneesouvertes.affmunqc.net/role/RL58007_2026.xml,,,,
"825, Val-royal",,Brossard,,,585.4,1962,283400,278400,561800,2025,Logement,MAMH — Données Québec (rôle d'évaluation foncière),https://donneesouvertes.affmunqc.net/role/RL58007_2026.xml,,,,
"815, Valois",,Brossard,,,574.1,1964,280100,333000,613100,2025,Logement,MAMH — Données Québec (rôle d'évaluation foncière),https://donneesouvertes.affmunqc.net/role/RL58007_2026.xml,,,,
"830, Valois",,Brossard,,,520.3,1964,264600,250900,515500,2025,Logement,MAMH — Données Québec (rôle d'évaluation foncière),https://donneesouvertes.affmunqc.net/role/RL58007_2026.xml,,,,
"835, Val-royal",,Brossard,,,607,1962,288400,281600,570000,2025,Logement,MAMH — Données Québec (rôle d'évaluation foncière),https://donneesouvertes.affmunqc.net/role/RL58007_2026.xml,,,,
"850, Valois",,Brossard,,,786,1964,308100,273700,581800,2025,Logement,MAMH — Données Québec (rôle d'évaluation foncière),https://donneesouvertes.affmunqc.net/role/RL58007_2026.xml,,,,
"845, Val-royal",,Brossard,,,642.7,1962,292300,257800,550100,2025,Logement,MAMH — Données Québec (rôle d'évaluation foncière),https://donneesouvertes.affmunqc.net/role/RL58007_2026.xml,,,,
"5715, Véronique",,Brossard,,,1342.5,1972,369300,339300,708600,2025,Logement,MAMH — Données Québec (rôle d'évaluation foncière),https://donneesouvertes.affmunqc.net/role/RL58007_2026.xml,,,,
"805, Val-royal",,Brossard,,,827,1962,312600,239700,552300,2025,Logement,MAMH — Données Québec (rôle d'évaluation foncière),https://donneesouvertes.affmunqc.net/role/RL58007_2026.xml,,,,
"810, Val-royal",,Brossard,,,822.2,1962,312000,310900,622900,2025,Logement,MAMH — Données Québec (rôle d'évaluation foncière),https://donneesouvertes.affmunqc.net/role/RL58007_2026.xml,,,,
"820, Val-royal",,Brossard,,,811.5,1962,310900,267400,578300,2025,Logement,MAMH — Données Québec (rôle d'évaluation foncière),https://donneesouvertes.affmunqc.net/role/RL58007_2026.xml,,,,
"5725, Véronique",,Brossard,,,563.2,1974,277000,419100,696100,2025,Logement,MAMH — Données Québec (rôle d'évaluation foncière),https://donneesouvertes.affmunqc.net/role/RL58007_2026.xml,,,,
"830, Val-royal",,Brossard,,,576.9,1971,280900,388600,669500,2025,Logement,MAMH — Données Québec (rôle d'évaluation foncière),https://donneesouvertes.affmunqc.net/role/RL58007_2026.xml,,,,
"5735, Véronique",,Brossard,,,520.7,1969,264800,274300,539100,2025,Logement,MAMH — Données Québec (rôle d'évaluation foncière),https://donneesouvertes.affmunqc.net/role/RL58007_2026.xml,,,,
"840, Val-royal",,Brossard,,,597.8,1962,287000,277400,564400,2025,Logement,MAMH — Données Québec (rôle d'évaluation foncière),https://donneesouvertes.affmunqc.net/role/RL58007_2026.xml,,,,
"5745, Véronique",,Brossard,,,716.3,1969,300400,400300,700700,2025,Logement,MAMH — Données Québec (rôle d'évaluation foncière),https://donneesouvertes.affmunqc.net/role/RL58007_2026.xml,,,,
"850, Val-royal",,Brossard,,,632.9,1962,291200,232900,524100,2025,Logement,MAMH — Données Québec (rôle d'évaluation foncière),https://donneesouvertes.affmunqc.net/role/RL58007_2026.xml,,,,
"5755, Véronique",,Brossard,,,976.7,1971,329000,362100,691100,2025,Logement,MAMH — Données Québec (rôle d'évaluation foncière),https://donneesouvertes.affmunqc.net/role/RL58007_2026.xml,,,,
"745, Provencher",,Brossard,,,517.7,1973,263900,342500,606400,2025,Logement,MAMH — Données Québec (rôle d'évaluation foncière),https://donneesouvertes.affmunqc.net/role/RL58007_2026.xml,,,,
"5720, Véronique",,Brossard,,,745.4,1972,303600,348800,652400,2025,Logement,MAMH — Données Québec (rôle d'évaluation foncière),https://donneesouvertes.affmunqc.net/role/RL58007_2026.xml,,,,
"755, Provencher",,Brossard,,,484.5,1969,254300,434800,689100,2025,Logement,MAMH — Données Québec (rôle d'évaluation foncière),https://donneesouvertes.affmunqc.net/role/RL58007_2026.xml,,,,
"765, Provencher",,Brossard,,,496.6,1967,257800,315000,572800,2025,Logement,MAMH — Données Québec (rôle d'évaluation foncière),https://donneesouvertes.affmunqc.net/role/RL58007_2026.xml,,,,
"5730, Véronique",,Brossard,,,523.2,1972,265500,365300,630800,2025,Logement,MAMH — Données Québec (rôle d'évaluation foncière),https://donneesouvertes.affmunqc.net/role/RL58007_2026.xml,,,,
"775, Provencher",,Brossard,,,512.5,1970,262400,416200,678600,2025,Logement,MAMH — Données Québec (rôle d'évaluation foncière),https://donneesouvertes.affmunqc.net/role/RL58007_2026.xml,,,,
"5740, Véronique",,Brossard,,,446.2,1970,243300,337300,580600,2025,Logement,MAMH — Données Québec (rôle d'évaluation foncière),https://donneesouvertes.affmunqc.net/role/RL58007_2026.xml,,,,
"785, Provencher",,Brossard,,,524.7,1968,265900,407300,673200,2025,Logement,MAMH — Données Québec (rôle d'évaluation foncière),https://donneesouvertes.affmunqc.net/role/RL58007_2026.xml,,,,
"5750, Véronique",,Brossard,,,467.7,1969,249500,306400,555900,2025,Logement,MAMH — Données Québec (rôle d'évaluation foncière),https://donneesouvertes.affmunqc.net/role/RL58007_2026.xml,,,,
"795, Provencher",,Brossard,,,529.1,1967,267200,359000,626200,2025,Logement,MAMH — Données Québec (rôle d'évaluation foncière),https://donneesouvertes.affmunqc.net/role/RL58007_2026.xml,,,,
"5760, Véronique",,Brossard,,,479.2,1970,252800,306300,559100,2025,Logement,MAMH — Données Québec (rôle d'évaluation foncière),https://donneesouvertes.affmunqc.net/role/RL58007_2026.xml,,,,
"805, Provencher",,Brossard,,,527.5,1970,266700,298900,565600,2025,Logement,MAMH — Données Québec (rôle d'évaluation foncière),https://donneesouvertes.affmunqc.net/role/RL58007_2026.xml,,,,
"5770, Véronique",,Brossard,,,480.2,1971,253100,340600,593700,2025,Logement,MAMH — Données Québec (rôle d'évaluation foncière),https://donneesouvertes.affmunqc.net/role/RL58007_2026.xml,,,,
"765, Voltaire",,Brossard,,,331.9,1977,149400,258100,407500,2025,Logement,MAMH — Données Québec (rôle d'évaluation foncière),https://donneesouvertes.affmunqc.net/role/RL58007_2026.xml,,,,
"775, Voltaire",,Brossard,,,335.3,1977,150900,289600,440500,2025,Logement,MAMH — Données Québec (rôle d'évaluation foncière),https://donneesouvertes.affmunqc.net/role/RL58007_2026.xml,,,,
"800, Voltaire",,Brossard,,,581.5,1975,282300,269700,552000,2025,Logement,MAMH — Données Québec (rôle d'évaluation foncière),https://donneesouvertes.affmunqc.net/role/RL58007_2026.xml,,,,
"785, Voltaire",,Brossard,,,338.8,1980,152500,344400,496900,2025,Logement,MAMH — Données Québec (rôle d'évaluation foncière),https://donneesouvertes.affmunqc.net/role/RL58007_2026.xml,,,,
"795, Voltaire",,Brossard,,,342.3,1980,154000,292700,446700,2025,Logement,MAMH — Données Québec (rôle d'évaluation foncière),https://donneesouvertes.affmunqc.net/role/RL58007_2026.xml,,,,
"820, Voltaire",,Brossard,,,587.78,1975,284100,276000,560100,2025,Logement,MAMH — Données Québec (rôle d'évaluation foncière),https://donneesouvertes.affmunqc.net/role/RL58007_2026.xml,,,,
"805, Voltaire",,Brossard,,,345.9,1980,155700,333700,489400,2025,Logement,MAMH — Données Québec (rôle d'évaluation foncière),https://donneesouvertes.affmunqc.net/role/RL58007_2026.xml,,,,
"815, Voltaire",,Brossard,,,349.4,1980,157200,291800,449000,2025,Logement,MAMH — Données Québec (rôle d'évaluation foncière),https://donneesouvertes.affmunqc.net/role/RL58007_2026.xml,,,,
"840, Voltaire",,Brossard,,,660.5,1975,294300,343600,637900,2025,Logement,MAMH — Données Québec (rôle d'évaluation foncière),https://donneesouvertes.affmunqc.net/role/RL58007_2026.xml,,,,
"825, Voltaire",,Brossard,,,352.9,1980,157800,242600,400400,2025,Logement,MAMH — Données Québec (rôle d'évaluation foncière),https://donneesouvertes.affmunqc.net/role/RL58007_2026.xml,,,,
"835, Voltaire",,Brossard,,,356.5,1980,158200,339100,497300,2025,Logement,MAMH — Données Québec (rôle d'évaluation foncière),https://donneesouvertes.affmunqc.net/role/RL58007_2026.xml,,,,
"860, Voltaire",,Brossard,,,668.3,1975,295100,296300,591400,2025,Logement,MAMH — Données Québec (rôle d'évaluation foncière),https://donneesouvertes.affmunqc.net/role/RL58007_2026.xml,,,,
"845, Voltaire",,Brossard,,,359.9,1978,158600,322500,481100,2025,Logement,MAMH — Données Québec (rôle d'évaluation foncière),https://donneesouvertes.affmunqc.net/role/RL58007_2026.xml,,,,
"855, Voltaire",,Brossard,,,363.4,1980,158900,305700,464600,2025,Logement,MAMH — Données Québec (rôle d'évaluation foncière),https://donneesouvertes.affmunqc.net/role/RL58007_2026.xml,,,,
"880, Voltaire",,Brossard,,,608.1,1975,288500,312600,601100,2025,Logement,MAMH — Données Québec (rôle d'évaluation foncière),https://donneesouvertes.affmunqc.net/role/RL58007_2026.xml,,,,
"865, Voltaire",,Brossard,,,414.6,1979,164500,297700,462200,2025,Logement,MAMH — Données Québec (rôle d'évaluation foncière),https://donneesouvertes.affmunqc.net/role/RL58007_2026.xml,,,,
"780, Voltaire",,Brossard,,,638.8,1974,291900,298200,590100,2025,Logement,MAMH — Données Québec (rôle d'évaluation foncière),https://donneesouvertes.affmunqc.net/role/RL58007_2026.xml,,,,
"797, Van-dyck",,Brossard,,,557.4,1964,275300,258800,534100,2025,Logement,MAMH — Données Québec (rôle d'évaluation foncière),https://donneesouvertes.affmunqc.net/role/RL58007_2026.xml,,,,
"813, Van-dyck",,Brossard,,,557.4,1963,275300,249800,525100,2025,Logement,MAMH — Données Québec (rôle d'évaluation foncière),https://donneesouvertes.affmunqc.net/role/RL58007_2026.xml,,,,
"6080, Verlaine",,Brossard,,,547.3,1965,272400,317100,589500,2025,Logement,MAMH — Données Québec (rôle d'évaluation foncière),https://donneesouvertes.affmunqc.net/role/RL58007_2026.xml,,,,
"6060, Verlaine",,Brossard,,,493.3,1965,256900,306700,563600,2025,Logement,MAMH — Données Québec (rôle d'évaluation foncière),https://donneesouvertes.affmunqc.net/role/RL58007_2026.xml,,,,
"829, Van-dyck",,Brossard,,,557.4,1964,275300,307200,582500,2025,Logement,MAMH — Données Québec (rôle d'évaluation foncière),https://donneesouvertes.affmunqc.net/role/RL58007_2026.xml,,,,
"845, Van-dyck",,Brossard,,,557.4,1963,275300,314800,590100,2025,Logement,MAMH — Données Québec (rôle d'évaluation foncière),https://donneesouvertes.affmunqc.net/role/RL58007_2026.xml,,,,
"850, Van-dyck",,Brossard,,,530.5,1963,267600,264200,531800,2025,Logement,MAMH — Données Québec (rôle d'évaluation foncière),https://donneesouvertes.affmunqc.net/role/RL58007_2026.xml,,,,
"861, Van-dyck",,Brossard,,,557.4,1964,275300,253200,528500,2025,Logement,MAMH — Données Québec (rôle d'évaluation foncière),https://donneesouvertes.affmunqc.net/role/RL58007_2026.xml,,,,
"860, Van-dyck",,Brossard,,,485.2,1964,254500,276600,531100,2025,Logement,MAMH — Données Québec (rôle d'évaluation foncière),https://donneesouvertes.affmunqc.net/role/RL58007_2026.xml,,,,
"877, Van-dyck",,Brossard,,,557.4,1964,275300,285200,560500,2025,Logement,MAMH — Données Québec (rôle d'évaluation foncière),https://donneesouvertes.affmunqc.net/role/RL58007_2026.xml,,,,
"895, Valois",,Brossard,,,468.2,1964,249600,315600,565200,2025,Logement,MAMH — Données Québec (rôle d'évaluation foncière),https://donneesouvertes.affmunqc.net/role/RL58007_2026.xml,,,,
"875, Valois",,Brossard,,,485,1964,254500,356800,611300,2025,Logement,MAMH — Données Québec (rôle d'évaluation foncière),https://donneesouvertes.affmunqc.net/role/RL58007_2026.xml,,,,
"855, Valois",,Brossard,,,671.4,1966,295500,359300,654800,2025,Logement,MAMH — Données Québec (rôle d'évaluation foncière),https://donneesouvertes.affmunqc.net/role/RL58007_2026.xml,,,,
"855, Val-royal",,Brossard,,,678.7,1962,296300,255900,552200,2025,Logement,MAMH — Données Québec (rôle d'évaluation foncière),https://donneesouvertes.affmunqc.net/role/RL58007_2026.xml,,,,
"6040, Verlaine",,Brossard,,,493.3,1963,256900,273700,530600,2025,Logement,MAMH — Données Québec (rôle d'évaluation foncière),https://donneesouvertes.affmunqc.net/role/RL58007_2026.xml,,,,
"6020, Verlaine",,Brossard,,,493.3,1963,256900,298700,555600,2025,Logement,MAMH — Données Québec (rôle d'évaluation foncière),https://donneesouvertes.affmunqc.net/role/RL58007_2026.xml,,,,
"6000, Verlaine",,Brossard,,,493.3,1963,256900,280900,537800,2025,Logement,MAMH — Données Québec (rôle d'évaluation foncière),https://donneesouvertes.affmunqc.net/role/RL58007_2026.xml,,,,
"5980, Verlaine",,Brossard,,,493.3,1963,256900,284600,541500,2025,Logement,MAMH — Données Québec (rôle d'évaluation foncière),https://donneesouvertes.affmunqc.net/role/RL58007_2026.xml,,,,
"5960, Verlaine",,Brossard,,,501.7,1963,259300,261400,520700,2025,Logement,MAMH — Données Québec (rôle d'évaluation foncière),https://donneesouvertes.affmunqc.net/role/RL58007_2026.xml,,,,
"6035, Véronique",,Brossard,,,533.1,1963,268300,286200,554500,2025,Logement,MAMH — Données Québec (rôle d'évaluation foncière),https://donneesouvertes.affmunqc.net/role/RL58007_2026.xml,,,,
"5990, Véronique",,Brossard,,,533.1,1965,268300,323900,592200,2025,Logement,MAMH — Données Québec (rôle d'évaluation foncière),https://donneesouvertes.affmunqc.net/role/RL58007_2026.xml,,,,
"5975, Verlaine",,Brossard,,,503.1,1963,259700,311300,571000,2025,Logement,MAMH — Données Québec (rôle d'évaluation foncière),https://donneesouvertes.affmunqc.net/role/RL58007_2026.xml,,,,
"5955, Verlaine",,Brossard,,,503.1,1963,259700,272800,532500,2025,Logement,MAMH — Données Québec (rôle d'évaluation foncière),https://donneesouvertes.affmunqc.net/role/RL58007_2026.xml,,,,
"6025, Véronique",,Brossard,,,485,1963,254500,282800,537300,2025,Logement,MAMH — Données Québec (rôle d'évaluation foncière),https://donneesouvertes.affmunqc.net/role/RL58007_2026.xml,,,,
"5980, Véronique",,Brossard,,,501.66,1965,259300,312800,572100,2025,Logement,MAMH — Données Québec (rôle d'évaluation foncière),https://donneesouvertes.affmunqc.net/role/RL58007_2026.xml,,,,
"860, Val-royal",,Brossard,,,671.7,1964,295500,299900,595400,2025,Logement,MAMH — Données Québec (rôle d'évaluation foncière),https://donneesouvertes.affmunqc.net/role/RL58007_2026.xml,,,,
"5940, Verlaine",,Brossard,,,533.1,1963,268300,259900,528200,2025,Logement,MAMH — Données Québec (rôle d'évaluation foncière),https://donneesouvertes.affmunqc.net/role/RL58007_2026.xml,,,,
"5890, Verlaine",,Brossard,,,560,1968,276100,447000,723100,2025,Logement,MAMH — Données Québec (rôle d'évaluation foncière),https://donneesouvertes.affmunqc.net/role/RL58007_2026.xml,,,,
"5900, Verlaine",,Brossard,,,583.6,1968,282900,377600,660500,2025,Logement,MAMH — Données Québec (rôle d'évaluation foncière),https://donneesouvertes.affmunqc.net/role/RL58007_2026.xml,,,,
"5920, Verlaine",,Brossard,,,533.1,1963,268300,292800,561100,2025,Logement,MAMH — Données Québec (rôle d'évaluation foncière),https://donneesouvertes.affmunqc.net/role/RL58007_2026.xml,,,,
"5910, Verlaine",,Brossard,,,503.6,1963,259800,374600,634400,2025,Logement,MAMH — Données Québec (rôle d'évaluation foncière),https://donneesouvertes.affmunqc.net/role/RL58007_2026.xml,,,,
"5945, Verlaine",,Brossard,,,503.1,1964,259700,333000,592700,2025,Logement,MAMH — Données Québec (rôle d'évaluation foncière),https://donneesouvertes.affmunqc.net/role/RL58007_2026.xml,,,,
"5935, Verlaine",,Brossard,,,503.1,1963,259700,307100,566800,2025,Logement,MAMH — Données Québec (rôle d'évaluation foncière),https://donneesouvertes.affmunqc.net/role/RL58007_2026.xml,,,,
"5925, Verlaine",,Brossard,,,503.1,1963,259700,273100,532800,2025,Logement,MAMH — Données Québec (rôle d'évaluation foncière),https://donneesouvertes.affmunqc.net/role/RL58007_2026.xml,,,,
"5915, Verlaine",,Brossard,,,509.6,1963,261600,360700,622300,2025,Logement,MAMH — Données Québec (rôle d'évaluation foncière),https://donneesouvertes.affmunqc.net/role/RL58007_2026.xml,,,,
"5895, Verlaine",,Brossard,,,524.7,1969,265900,285000,550900,2025,Logement,MAMH — Données Québec (rôle d'évaluation foncière),https://donneesouvertes.affmunqc.net/role/RL58007_2026.xml,,,,
"5905, Verlaine",,Brossard,,,605.9,1970,288200,375000,663200,2025,Logement,MAMH — Données Québec (rôle d'évaluation foncière),https://donneesouvertes.affmunqc.net/role/RL58007_2026.xml,,,,
"5765, Véronique",,Brossard,,,536.8,1969,269400,313000,582400,2025,Logement,MAMH — Données Québec (rôle d'évaluation foncière),https://donneesouvertes.affmunqc.net/role/RL58007_2026.xml,,,,
"5780, Véronique",,Brossard,,,481.2,1971,253400,477300,730700,2025,Logement,MAMH — Données Québec (rôle d'évaluation foncière),https://donneesouvertes.affmunqc.net/role/RL58007_2026.xml,,,,
"5870, Verlaine",,Brossard,,,635.2,1969,291500,328300,619800,2025,Logement,MAMH — Données Québec (rôle d'évaluation foncière),https://donneesouvertes.affmunqc.net/role/RL58007_2026.xml,,,,
"5790, Véronique",,Brossard,,,505.7,1969,260400,391500,651900,2025,Logement,MAMH — Données Québec (rôle d'évaluation foncière),https://donneesouvertes.affmunqc.net/role/RL58007_2026.xml,,,,
"5880, Verlaine",,Brossard,,,523.7,1968,265600,270800,536400,2025,Logement,MAMH — Données Québec (rôle d'évaluation foncière),https://donneesouvertes.affmunqc.net/role/RL58007_2026.xml,,,,
"5800, Véronique",,Brossard,,,686.8,1967,297100,273600,570700,2025,Logement,MAMH — Données Québec (rôle d'évaluation foncière),https://donneesouvertes.affmunqc.net/role/RL58007_2026.xml,,,,
"5810, Véronique",,Brossard,,,585.3,1967,283400,209700,493100,2025,Logement,MAMH — Données Québec (rôle d'évaluation foncière),https://donneesouvertes.affmunqc.net/role/RL58007_2026.xml,,,,
"5865, Verlaine",,Brossard,,,687.9,1968,297300,293100,590400,2025,Logement,MAMH — Données Québec (rôle d'évaluation foncière),https://donneesouvertes.affmunqc.net/role/RL58007_2026.xml,,,,
"5875, Verlaine",,Brossard,,,504,1971,260000,294000,554000,2025,Logement,MAMH — Données Québec (rôle d'évaluation foncière),https://donneesouvertes.affmunqc.net/role/RL58007_2026.xml,,,,
"5885, Verlaine",,Brossard,,,524.1,1968,265700,355500,621200,2025,Logement,MAMH — Données Québec (rôle d'évaluation foncière),https://donneesouvertes.affmunqc.net/role/RL58007_2026.xml,,,,
"5850, Véronique",,Brossard,,,549.1,1972,272900,372900,645800,2025,Logement,MAMH — Données Québec (rôle d'évaluation foncière),https://donneesouvertes.affmunqc.net/role/RL58007_2026.xml,,,,
"5860, Véronique",,Brossard,,,534.1,1971,268600,234900,503500,2025,Logement,MAMH — Données Québec (rôle d'évaluation foncière),https://donneesouvertes.affmunqc.net/role/RL58007_2026.xml,,,,
"815, Provencher",,Brossard,,,557.3,1967,275300,248400,523700,2025,Logement,MAMH — Données Québec (rôle d'évaluation foncière),https://donneesouvertes.affmunqc.net/role/RL58007_2026.xml,,,,
"830, Provencher, app. 842",,Brossard,,,11366.3,1966,2291800,799800,3091600,2025,Immeuble à bureaux,MAMH — Données Québec (rôle d'évaluation foncière),https://donneesouvertes.affmunqc.net/role/RL58007_2026.xml,,,,
"825, Provencher",,Brossard,,,646.4,1966,292700,387100,679800,2025,Logement,MAMH — Données Québec (rôle d'évaluation foncière),https://donneesouvertes.affmunqc.net/role/RL58007_2026.xml,,,,
"835, Provencher",,Brossard,,,548.1,1966,272700,393800,666500,2025,Logement,MAMH — Données Québec (rôle d'évaluation foncière),https://donneesouvertes.affmunqc.net/role/RL58007_2026.xml,,,,
"845, Provencher",,Brossard,,,548.1,1966,272700,307400,580100,2025,Logement,MAMH — Données Québec (rôle d'évaluation foncière),https://donneesouvertes.affmunqc.net/role/RL58007_2026.xml,,,,
"855, Provencher",,Brossard,,,548.1,1966,272700,373000,645700,2025,Logement,MAMH — Données Québec (rôle d'évaluation foncière),https://donneesouvertes.affmunqc.net/role/RL58007_2026.xml,,,,
"5820, Véronique",,Brossard,,,585.3,1967,283400,284400,567800,2025,Logement,MAMH — Données Québec (rôle d'évaluation foncière),https://donneesouvertes.affmunqc.net/role/RL58007_2026.xml,,,,
"865, Provencher",,Brossard,,,548.1,1966,272700,266500,539200,2025,Logement,MAMH — Données Québec (rôle d'évaluation foncière),https://donneesouvertes.affmunqc.net/role/RL58007_2026.xml,,,,
"900, Voltaire",,Brossard,,,682.91,1974,296700,372800,669500,2025,Logement,MAMH — Données Québec (rôle d'évaluation foncière),https://donneesouvertes.affmunqc.net/role/RL58007_2026.xml,,,,
"875, Voltaire",,Brossard,,,413,1979,164300,264300,428600,2025,Logement,MAMH — Données Québec (rôle d'évaluation foncière),https://donneesouvertes.affmunqc.net/role/RL58007_2026.xml,,,,
"885, Voltaire",,Brossard,,,417.4,1979,164800,297400,462200,2025,Logement,MAMH — Données Québec (rôle d'évaluation foncière),https://donneesouvertes.affmunqc.net/role/RL58007_2026.xml,,,,
"920, Voltaire",,Brossard,,,621.2,1975,289900,364300,654200,2025,Logement,MAMH — Données Québec (rôle d'évaluation foncière),https://donneesouvertes.affmunqc.net/role/RL58007_2026.xml,,,,
"895, Voltaire",,Brossard,,,421.8,1979,165300,271100,436400,2025,Logement,MAMH — Données Québec (rôle d'évaluation foncière),https://donneesouvertes.affmunqc.net/role/RL58007_2026.xml,,,,
"940, Voltaire",,Brossard,,,602.2,1974,287800,323800,611600,2025,Logement,MAMH — Données Québec (rôle d'évaluation foncière),https://donneesouvertes.affmunqc.net/role/RL58007_2026.xml,,,,
"905, Voltaire",,Brossard,,,399.9,1978,162900,320800,483700,2025,Logement,MAMH — Données Québec (rôle d'évaluation foncière),https://donneesouvertes.affmunqc.net/role/RL58007_2026.xml,,,,
"915, Voltaire",,Brossard,,,416,1978,164600,264100,428700,2025,Logement,MAMH — Données Québec (rôle d'évaluation foncière),https://donneesouvertes.affmunqc.net/role/RL58007_2026.xml,,,,
"960, Voltaire",,Brossard,,,621.1,1975,289900,242900,532800,2025,Logement,MAMH — Données Québec (rôle d'évaluation foncière),https://donneesouvertes.affmunqc.net/role/RL58007_2026.xml,,,,
"925, Voltaire",,Brossard,,,426.9,1978,165800,276100,441900,2025,Logement,MAMH — Données Québec (rôle d'évaluation foncière),https://donneesouvertes.affmunqc.net/role/RL58007_2026.xml,,,,
"935, Voltaire",,Brossard,,,446.4,1978,167900,282500,450400,2025,Logement,MAMH — Données Québec (rôle d'évaluation foncière),https://donneesouvertes.affmunqc.net/role/RL58007_2026.xml,,,,
"980, Voltaire",,Brossard,,,554.1,1974,274400,317400,591800,2025,Logement,MAMH — Données Québec (rôle d'évaluation foncière),https://donneesouvertes.affmunqc.net/role/RL58007_2026.xml,,,,
"945, Voltaire",,Brossard,,,465.9,1978,170000,263200,433200,2025,Logement,MAMH — Données Québec (rôle d'évaluation foncière),https://donneesouvertes.affmunqc.net/role/RL58007_2026.xml,,,,
"955, Voltaire",,Brossard,,,485.3,1978,172100,277600,449700,2025,Logement,MAMH — Données Québec (rôle d'évaluation foncière),https://donneesouvertes.affmunqc.net/role/RL58007_2026.xml,,,,
"1000, Voltaire",,Brossard,,,555.6,1974,274800,284400,559200,2025,Logement,MAMH — Données Québec (rôle d'évaluation foncière),https://donneesouvertes.affmunqc.net/role/RL58007_2026.xml,,,,
"965, Voltaire",,Brossard,,,511.6,1978,175000,253200,428200,2025,Logement,MAMH — Données Québec (rôle d'évaluation foncière),https://donneesouvertes.affmunqc.net/role/RL58007_2026.xml,,,,
"870, Van-dyck",,Brossard,,,487.5,1964,255200,236300,491500,2025,Logement,MAMH — Données Québec (rôle d'évaluation foncière),https://donneesouvertes.affmunqc.net/role/RL58007_2026.xml,,,,
"893, Van-dyck",,Brossard,,,557.4,1964,275300,275000,550300,2025,Logement,MAMH — Données Québec (rôle d'évaluation foncière),https://donneesouvertes.affmunqc.net/role/RL58007_2026.xml,,,,
"880, Van-dyck",,Brossard,,,506.2,1964,260600,342500,603100,2025,Logement,MAMH — Données Québec (rôle d'évaluation foncière),https://donneesouvertes.affmunqc.net/role/RL58007_2026.xml,,,,
"909, Van-dyck",,Brossard,,,702.9,1964,298900,230300,529200,2025,Logement,MAMH — Données Québec (rôle d'évaluation foncière),https://donneesouvertes.affmunqc.net/role/RL58007_2026.xml,,,,
"890, Van-dyck",,Brossard,,,487.9,1964,255300,251200,506500,2025,Logement,MAMH — Données Québec (rôle d'évaluation foncière),https://donneesouvertes.affmunqc.net/role/RL58007_2026.xml,,,,
"900, Van-dyck",,Brossard,,,499.4,1964,258600,351400,610000,2025,Logement,MAMH — Données Québec (rôle d'évaluation foncière),https://donneesouvertes.affmunqc.net/role/RL58007_2026.xml,,,,
"6270, Vega",,Brossard,,,548.6,1964,272800,320500,593300,2025,Logement,MAMH — Données Québec (rôle d'évaluation foncière),https://donneesouvertes.affmunqc.net/role/RL58007_2026.xml,,,,
"6300, Vega",,Brossard,,,616.7,1964,289400,296000,585400,2025,Logement,MAMH — Données Québec (rôle d'évaluation foncière),https://donneesouvertes.affmunqc.net/role/RL58007_2026.xml,,,,
"910, Van-dyck",,Brossard,,,484.5,1964,254300,314700,569000,2025,Logement,MAMH — Données Québec (rôle d'évaluation foncière),https://donneesouvertes.affmunqc.net/role/RL58007_2026.xml,,,,
"920, Van-dyck",,Brossard,,,506.8,1964,260800,403100,663900,2025,Logement,MAMH — Données Québec (rôle d'évaluation foncière),https://donneesouvertes.affmunqc.net/role/RL58007_2026.xml,,,,
"941, Van-dyck",,Brossard,,,508,1962,261100,292900,554000,2025,Logement,MAMH — Données Québec (rôle d'évaluation foncière),https://donneesouvertes.affmunqc.net/role/RL58007_2026.xml,,,,
"6015, Véronique",,Brossard,,,485,1963,254500,273700,528200,2025,Logement,MAMH — Données Québec (rôle d'évaluation foncière),https://donneesouvertes.affmunqc.net/role/RL58007_2026.xml,,,,
"5960, Véronique",,Brossard,,,503.05,1965,259700,306700,566400,2025,Logement,MAMH — Données Québec (rôle d'évaluation foncière),https://donneesouvertes.affmunqc.net/role/RL58007_2026.xml,,,,
"5950, Véronique",,Brossard,,,503.1,1965,259700,351700,611400,2025,Logement,MAMH — Données Québec (rôle d'évaluation foncière),https://donneesouvertes.affmunqc.net/role/RL58007_2026.xml,,,,
"5970, Véronique",,Brossard,,,533.1,1965,268300,299400,567700,2025,Logement,MAMH — Données Québec (rôle d'évaluation foncière),https://donneesouvertes.affmunqc.net/role/RL58007_2026.xml,,,,
"6005, Véronique",,Brossard,,,623.8,1963,290200,237600,527800,2025,Logement,MAMH — Données Québec (rôle d'évaluation foncière),https://donneesouvertes.affmunqc.net/role/RL58007_2026.xml,,,,
"5995, Véronique",,Brossard,,,764.1,1963,305700,336800,642500,2025,Logement,MAMH — Données Québec (rôle d'évaluation foncière),https://donneesouvertes.affmunqc.net/role/RL58007_2026.xml,,,,
"5975, Véronique",,Brossard,,,476.6,1963,252100,288400,540500,2025,Logement,MAMH — Données Québec (rôle d'évaluation foncière),https://donneesouvertes.affmunqc.net/role/RL58007_2026.xml,,,,
"5965, Véronique",,Brossard,,,476.6,1963,252100,318600,570700,2025,Logement,MAMH — Données Québec (rôle d'évaluation foncière),https://donneesouvertes.affmunqc.net/role/RL58007_2026.xml,,,,
"5985, Véronique",,Brossard,,,566.1,1963,277800,282300,560100,2025,Logement,MAMH — Données Québec (rôle d'évaluation foncière),https://donneesouvertes.affmunqc.net/role/RL58007_2026.xml,,,,
"5955, Véronique",,Brossard,,,476.6,1963,252100,278500,530600,2025,Logement,MAMH — Données Québec (rôle d'évaluation foncière),https://donneesouvertes.affmunqc.net/role/RL58007_2026.xml,,,,
"5970, Panama",,Brossard,,,626.8,1962,290500,270200,560700,2025,Logement,MAMH — Données Québec (rôle d'évaluation foncière),https://donneesouvertes.affmunqc.net/role/RL58007_2026.xml,,,,
"5960, Panama",,Brossard,,,517.9,1962,264000,272600,536600,2025,Logement,MAMH — Données Québec (rôle d'évaluation foncière),https://donneesouvertes.affmunqc.net/role/RL58007_2026.xml,,,,
"5950, Panama",,Brossard,,,511.9,1962,262200,366900,629100,2025,Logement,MAMH — Données Québec (rôle d'évaluation foncière),https://donneesouvertes.affmunqc.net/role/RL58007_2026.xml,,,,
"5940, Panama",,Brossard,,,511.9,1962,262200,360600,622800,2025,Logement,MAMH — Données Québec (rôle d'évaluation foncière),https://donneesouvertes.affmunqc.net/role/RL58007_2026.xml,,,,
"5980, Panama",,Brossard,,,799.2,1962,309500,297200,606700,2025,Logement,MAMH — Données Québec (rôle d'évaluation foncière),https://donneesouvertes.affmunqc.net/role/RL58007_2026.xml,,,,
"930, Van-dyck",,Brossard,,,548.3,1964,272700,247900,520600,2025,Logement,MAMH — Données Québec (rôle d'évaluation foncière),https://donneesouvertes.affmunqc.net/role/RL58007_2026.xml,,,,
"5940, Véronique",,Brossard,,,503.1,1963,259700,380400,640100,2025,Logement,MAMH — Données Québec (rôle d'évaluation foncière),https://donneesouvertes.affmunqc.net/role/RL58007_2026.xml,,,,
"5930, Véronique",,Brossard,,,503.1,1965,259700,377000,636700,2025,Logement,MAMH — Données Québec (rôle d'évaluation foncière),https://donneesouvertes.affmunqc.net/role/RL58007_2026.xml,,,,
"5920, Véronique",,Brossard,,,503.1,1965,259700,335400,595100,2025,Logement,MAMH — Données Québec (rôle d'évaluation foncière),https://donneesouvertes.affmunqc.net/role/RL58007_2026.xml,,,,
"5910, Véronique",,Brossard,,,494.7,1965,257300,285300,542600,2025,Logement,MAMH — Données Québec (rôle d'évaluation foncière),https://donneesouvertes.affmunqc.net/role/RL58007_2026.xml,,,,
"5890, Véronique",,Brossard,,,538.5,1971,269900,353700,623600,2025,Logement,MAMH — Données Québec (rôle d'évaluation foncière),https://donneesouvertes.affmunqc.net/role/RL58007_2026.xml,,,,
"5900, Véronique",,Brossard,,,531.5,1973,267900,296600,564500,2025,Logement,MAMH — Données Québec (rôle d'évaluation foncière),https://donneesouvertes.affmunqc.net/role/RL58007_2026.xml,,,,
"5945, Véronique",,Brossard,,,476.58,1963,252100,302200,554300,2025,Logement,MAMH — Données Québec (rôle d'évaluation foncière),https://donneesouvertes.affmunqc.net/role/RL58007_2026.xml,,,,
"5935, Véronique",,Brossard,,,476.6,1963,252100,264100,516200,2025,Logement,MAMH — Données Québec (rôle d'évaluation foncière),https://donneesouvertes.affmunqc.net/role/RL58007_2026.xml,,,,
"5925, Véronique",,Brossard,,,468.2,1963,249600,269900,519500,2025,Logement,MAMH — Données Québec (rôle d'évaluation foncière),https://donneesouvertes.affmunqc.net/role/RL58007_2026.xml,,,,
"5915, Véronique",,Brossard,,,471.1,1963,250500,357000,607500,2025,Logement,MAMH — Données Québec (rôle d'évaluation foncière),https://donneesouvertes.affmunqc.net/role/RL58007_2026.xml,,,,
"5905, Véronique",,Brossard,,,542.5,1972,271000,307100,578100,2025,Logement,MAMH — Données Québec (rôle d'évaluation foncière),https://donneesouvertes.affmunqc.net/role/RL58007_2026.xml,,,,
"5895, Véronique",,Brossard,,,543.5,1973,271300,327000,598300,2025,Logement,MAMH — Données Québec (rôle d'évaluation foncière),https://donneesouvertes.affmunqc.net/role/RL58007_2026.xml,,,,
"5930, Panama",,Brossard,,,511.9,1962,262200,235000,497200,2025,Logement,MAMH — Données Québec (rôle d'évaluation foncière),https://donneesouvertes.affmunqc.net/role/RL58007_2026.xml,,,,
"5920, Panama",,Brossard,,,511.9,1962,262200,290500,552700,2025,Logement,MAMH — Données Québec (rôle d'évaluation foncière),https://donneesouvertes.affmunqc.net/role/RL58007_2026.xml,,,,
"5910, Panama",,Brossard,,,501.7,1962,259300,271700,531000,2025,Logement,MAMH — Données Québec (rôle d'évaluation foncière),https://donneesouvertes.affmunqc.net/role/RL58007_2026.xml,,,,
"5900, Panama",,Brossard,,,574.9,1972,280400,283800,564200,2025,Logement,MAMH — Données Québec (rôle d'évaluation foncière),https://donneesouvertes.affmunqc.net/role/RL58007_2026.xml,,,,
"5890, Panama",,Brossard,,,573.7,1971,280000,277900,557900,2025,Logement,MAMH — Données Québec (rôle d'évaluation foncière),https://donneesouvertes.affmunqc.net/role/RL58007_2026.xml,,,,
"5870, Véronique",,Brossard,,,575.3,1972,280500,295200,575700,2025,Logement,MAMH — Données Québec (rôle d'évaluation foncière),https://donneesouvertes.affmunqc.net/role/RL58007_2026.xml,,,,
"5880, Véronique",,Brossard,,,577.4,1973,281100,281500,562600,2025,Logement,MAMH — Données Québec (rôle d'évaluation foncière),https://donneesouvertes.affmunqc.net/role/RL58007_2026.xml,,,,
"5855, Véronique",,Brossard,,,522.6,1967,265300,360200,625500,2025,Logement,MAMH — Données Québec (rôle d'évaluation foncière),https://donneesouvertes.affmunqc.net/role/RL58007_2026.xml,,,,
"5865, Véronique",,Brossard,,,501.7,1967,259300,232900,492200,2025,Logement,MAMH — Données Québec (rôle d'évaluation foncière),https://donneesouvertes.affmunqc.net/role/RL58007_2026.xml,,,,
"5875, Véronique",,Brossard,,,637.6,1967,291700,226900,518600,2025,Logement,MAMH — Données Québec (rôle d'évaluation foncière),https://donneesouvertes.affmunqc.net/role/RL58007_2026.xml,,,,
"5885, Véronique",,Brossard,,,568.4,1972,278500,311000,589500,2025,Logement,MAMH — Données Québec (rôle d'évaluation foncière),https://donneesouvertes.affmunqc.net/role/RL58007_2026.xml,,,,
"5850, Panama",,Brossard,,,529.5,1967,267300,219300,486600,2025,Logement,MAMH — Données Québec (rôle d'évaluation foncière),https://donneesouvertes.affmunqc.net/role/RL58007_2026.xml,,,,
"5860, Panama",,Brossard,,,529.5,1967,267300,204100,471400,2025,Logement,MAMH — Données Québec (rôle d'évaluation foncière),https://donneesouvertes.affmunqc.net/role/RL58007_2026.xml,,,,
"5870, Panama",,Brossard,,,671.4,1967,295500,284500,580000,2025,Logement,MAMH — Données Québec (rôle d'évaluation foncière),https://donneesouvertes.affmunqc.net/role/RL58007_2026.xml,,,,
"5880, Panama",,Brossard,,,595,1975,286200,209900,496100,2025,Logement,MAMH — Données Québec (rôle d'évaluation foncière),https://donneesouvertes.affmunqc.net/role/RL58007_2026.xml,,,,
"5830, Véronique",,Brossard,,,787.8,1967,308300,271400,579700,2025,Logement,MAMH — Données Québec (rôle d'évaluation foncière),https://donneesouvertes.affmunqc.net/role/RL58007_2026.xml,,,,
"875, Provencher",,Brossard,,,548.1,1966,272700,322600,595300,2025,Logement,MAMH — Données Québec (rôle d'évaluation foncière),https://donneesouvertes.affmunqc.net/role/RL58007_2026.xml,,,,
"5845, Véronique",,Brossard,,,689.8,1967,297500,283800,581300,2025,Logement,MAMH — Données Québec (rôle d'évaluation foncière),https://donneesouvertes.affmunqc.net/role/RL58007_2026.xml,,,,
"885, Provencher",,Brossard,,,650.3,1966,293100,399400,692500,2025,Logement,MAMH — Données Québec (rôle d'évaluation foncière),https://donneesouvertes.affmunqc.net/role/RL58007_2026.xml,,,,
"5820, Panama",,Brossard,,,529.5,1967,267300,235100,502400,2025,Logement,MAMH — Données Québec (rôle d'évaluation foncière),https://donneesouvertes.affmunqc.net/role/RL58007_2026.xml,,,,
"5830, Panama",,Brossard,,,529.5,1967,267300,294500,561800,2025,Logement,MAMH — Données Québec (rôle d'évaluation foncière),https://donneesouvertes.affmunqc.net/role/RL58007_2026.xml,,,,
"5840, Panama",,Brossard,,,529.5,1967,267300,330600,597900,2025,Logement,MAMH — Données Québec (rôle d'évaluation foncière),https://donneesouvertes.affmunqc.net/role/RL58007_2026.xml,,,,
"925, Provencher",,Brossard,,,387.8,1964,223000,261800,484800,2025,Logement,MAMH — Données Québec (rôle d'évaluation foncière),https://donneesouvertes.affmunqc.net/role/RL58007_2026.xml,,,,
"929, Provencher",,Brossard,,,292.6,1964,168200,331200,499400,2025,Logement,MAMH — Données Québec (rôle d'évaluation foncière),https://donneesouvertes.affmunqc.net/role/RL58007_2026.xml,,,,
"930, Pothier",,Brossard,,,369.3,1965,212300,221300,433600,2025,Logement,MAMH — Données Québec (rôle d'évaluation foncière),https://donneesouvertes.affmunqc.net/role/RL58007_2026.xml,,,,
"931, Provencher",,Brossard,,,292.6,1964,168200,236800,405000,2025,Logement,MAMH — Données Québec (rôle d'évaluation foncière),https://donneesouvertes.affmunqc.net/role/RL58007_2026.xml,,,,
"936, Pothier",,Brossard,,,278.7,1965,160300,331400,491700,2025,Logement,MAMH — Données Québec (rôle d'évaluation foncière),https://donneesouvertes.affmunqc.net/role/RL58007_2026.xml,,,,
"935, Provencher",,Brossard,,,239,1964,137400,283500,420900,2025,Logement,MAMH — Données Québec (rôle d'évaluation foncière),https://donneesouvertes.affmunqc.net/role/RL58007_2026.xml,,,,
"942, Pothier",,Brossard,,,278.7,1965,160300,323400,483700,2025,Logement,MAMH — Données Québec (rôle d'évaluation foncière),https://donneesouvertes.affmunqc.net/role/RL58007_2026.xml,,,,
"937, Provencher",,Brossard,,,208.1,1964,119700,356300,476000,2025,Logement,MAMH — Données Québec (rôle d'évaluation foncière),https://donneesouvertes.affmunqc.net/role/RL58007_2026.xml,,,,
"6165, Tisserand",,Brossard,,,333.2,1981,169500,246800,416300,2025,Logement,MAMH — Données Québec (rôle d'évaluation foncière),https://donneesouvertes.affmunqc.net/role/RL58007_2026.xml,,,,
"6175, Tisserand",,Brossard,,,333.2,1981,169500,257800,427300,2025,Logement,MAMH — Données Québec (rôle d'évaluation foncière),https://donneesouvertes.affmunqc.net/role/RL58007_2026.xml,,,,
"6185, Tisserand",,Brossard,,,304.4,1981,149000,279600,428600,2025,Logement,MAMH — Données Québec (rôle d'évaluation foncière),https://donneesouvertes.affmunqc.net/role/RL58007_2026.xml,,,,
"6600, Villon",,Brossard,,,8980,,359500,,359500,2025,Institutionnel,MAMH — Données Québec (rôle d'évaluation foncière),https://donneesouvertes.affmunqc.net/role/RL58007_2026.xml,,,,
"6540, Villon",,Brossard,,,1286,1977,363100,703300,1066400,2025,Logement,MAMH — Données Québec (rôle d'évaluation foncière),https://donneesouvertes.affmunqc.net/role/RL58007_2026.xml,,,,
"6550, Villon",,Brossard,,,726,1980,198100,458200,656300,2025,Logement,MAMH — Données Québec (rôle d'évaluation foncière),https://donneesouvertes.affmunqc.net/role/RL58007_2026.xml,,,,
"6560, Villon",,Brossard,,,624.7,1979,187200,362500,549700,2025,Logement,MAMH — Données Québec (rôle d'évaluation foncière),https://donneesouvertes.affmunqc.net/role/RL58007_2026.xml,,,,
"6570, Villon",,Brossard,,,761.22,1979,201900,365200,567100,2025,Logement,MAMH — Données Québec (rôle d'évaluation foncière),https://donneesouvertes.affmunqc.net/role/RL58007_2026.xml,,,,
"6555, Villon",,Brossard,,,638.4,1977,291800,377400,669200,2025,Logement,MAMH — Données Québec (rôle d'évaluation foncière),https://donneesouvertes.affmunqc.net/role/RL58007_2026.xml,,,,
"6535, Villon",,Brossard,,,752.1,1977,304300,336800,641100,2025,Logement,MAMH — Données Québec (rôle d'évaluation foncière),https://donneesouvertes.affmunqc.net/role/RL58007_2026.xml,,,,
"6575, Villon",,Brossard,,,636.7,1977,291600,414400,706000,2025,Logement,MAMH — Données Québec (rôle d'évaluation foncière),https://donneesouvertes.affmunqc.net/role/RL58007_2026.xml,,,,
"975, Voltaire",,Brossard,,,552.9,1978,179400,246200,425600,2025,Logement,MAMH — Données Québec (rôle d'évaluation foncière),https://donneesouvertes.affmunqc.net/role/RL58007_2026.xml,,,,
"985, Voltaire",,Brossard,,,562.3,1978,180400,371300,551700,2025,Logement,MAMH — Données Québec (rôle d'évaluation foncière),https://donneesouvertes.affmunqc.net/role/RL58007_2026.xml,,,,
"1020, Voltaire",,Brossard,,,582.3,1974,282500,310600,593100,2025,Logement,MAMH — Données Québec (rôle d'évaluation foncière),https://donneesouvertes.affmunqc.net/role/RL58007_2026.xml,,,,
"995, Voltaire",,Brossard,,,563.1,1978,180500,286200,466700,2025,Logement,MAMH — Données Québec (rôle d'évaluation foncière),https://donneesouvertes.affmunqc.net/role/RL58007_2026.xml,,,,
"1030, Voltaire",,Brossard,,,462.5,1975,248000,316200,564200,2025,Logement,MAMH — Données Québec (rôle d'évaluation foncière),https://donneesouvertes.affmunqc.net/role/RL58007_2026.xml,,,,
"6530, Villon",,Brossard,,,490.2,1978,172600,347100,519700,2025,Logement,MAMH — Données Québec (rôle d'évaluation foncière),https://donneesouvertes.affmunqc.net/role/RL58007_2026.xml,,,,
"6520, Villon",,Brossard,,,334.5,1979,150500,223900,374400,2025,Logement,MAMH — Données Québec (rôle d'évaluation foncière),https://donneesouvertes.affmunqc.net/role/RL58007_2026.xml,,,,
"6510, Villon",,Brossard,,,334.5,1979,150500,260800,411300,2025,Logement,MAMH — Données Québec (rôle d'évaluation foncière),https://donneesouvertes.affmunqc.net/role/RL58007_2026.xml,,,,
"6500, Villon",,Brossard,,,416.4,1979,164700,297900,462600,2025,Logement,MAMH — Données Québec (rôle d'évaluation foncière),https://donneesouvertes.affmunqc.net/role/RL58007_2026.xml,,,,
"1040, Voltaire",,Brossard,,,511.8,1974,262200,356900,619100,2025,Logement,MAMH — Données Québec (rôle d'évaluation foncière),https://donneesouvertes.affmunqc.net/role/RL58007_2026.xml,,,,
"1050, Voltaire",,Brossard,,,506.2,1974,260600,316100,576700,2025,Logement,MAMH — Données Québec (rôle d'évaluation foncière),https://donneesouvertes.affmunqc.net/role/RL58007_2026.xml,,,,
"6525, Villon",,Brossard,,,688.1,1976,297300,470000,767300,2025,Logement,MAMH — Données Québec (rôle d'évaluation foncière),https://donneesouvertes.affmunqc.net/role/RL58007_2026.xml,,,,
"6515, Villon",,Brossard,,,511,1976,262000,346300,608300,2025,Logement,MAMH — Données Québec (rôle d'évaluation foncière),https://donneesouvertes.affmunqc.net/role/RL58007_2026.xml,,,,
"6505, Villon",,Brossard,,,553.3,1976,274200,298000,572200,2025,Logement,MAMH — Données Québec (rôle d'évaluation foncière),https://donneesouvertes.affmunqc.net/role/RL58007_2026.xml,,,,
"1060, Voltaire",,Brossard,,,468.4,1975,249700,290700,540400,2025,Logement,MAMH — Données Québec (rôle d'évaluation foncière),https://donneesouvertes.affmunqc.net/role/RL58007_2026.xml,,,,
"957, Van-dyck",,Brossard,,,468.2,1963,249600,336500,586100,2025,Logement,MAMH — Données Québec (rôle d'évaluation foncière),https://donneesouvertes.affmunqc.net/role/RL58007_2026.xml,,,,
"6275, Vega",,Brossard,,,510,1964,261700,314200,575900,2025,Logement,MAMH — Données Québec (rôle d'évaluation foncière),https://donneesouvertes.affmunqc.net/role/RL58007_2026.xml,,,,
"6295, Vega",,Brossard,,,551.5,1964,273600,386700,660300,2025,Logement,MAMH — Données Québec (rôle d'évaluation foncière),https://donneesouvertes.affmunqc.net/role/RL58007_2026.xml,,,,
"973, Van-dyck",,Brossard,,,518.4,1962,264100,314100,578200,2025,Logement,MAMH — Données Québec (rôle d'évaluation foncière),https://donneesouvertes.affmunqc.net/role/RL58007_2026.xml,,,,
"995, Panama",,Brossard,,,532.5,1962,268200,302500,570700,2025,Logement,MAMH — Données Québec (rôle d'évaluation foncière),https://donneesouvertes.affmunqc.net/role/RL58007_2026.xml,,,,
"1005, Panama",,Brossard,,,692.6,1965,297800,316800,614600,2025,Logement,MAMH — Données Québec (rôle d'évaluation foncière),https://donneesouvertes.affmunqc.net/role/RL58007_2026.xml,,,,
"990, Panama",,Brossard,,,467.8,1963,249500,348200,597700,2025,Logement,MAMH — Données Québec (rôle d'évaluation foncière),https://donneesouvertes.affmunqc.net/role/RL58007_2026.xml,,,,
"1015, Panama",,Brossard,,,742.9,1962,303300,230100,533400,2025,Logement,MAMH — Données Québec (rôle d'évaluation foncière),https://donneesouvertes.affmunqc.net/role/RL58007_2026.xml,,,,
"1000, Panama",,Brossard,,,479.2,1962,252800,343700,596500,2025,Logement,MAMH — Données Québec (rôle d'évaluation foncière),https://donneesouvertes.affmunqc.net/role/RL58007_2026.xml,,,,
"1010, Panama",,Brossard,,,466.8,1965,249200,254100,503300,2025,Logement,MAMH — Données Québec (rôle d'évaluation foncière),https://donneesouvertes.affmunqc.net/role/RL58007_2026.xml,,,,
"1025, Panama",,Brossard,,,625.12,1962,290400,252400,542800,2025,Logement,MAMH — Données Québec (rôle d'évaluation foncière),https://donneesouvertes.affmunqc.net/role/RL58007_2026.xml,,,,
"1015, Parnasse",,Brossard,,,659.3,1963,294100,250400,544500,2025,Logement,MAMH — Données Québec (rôle d'évaluation foncière),https://donneesouvertes.affmunqc.net/role/RL58007_2026.xml,,,,
"1020, Panama",,Brossard,,,467.8,1965,249500,341600,591100,2025,Logement,MAMH — Données Québec (rôle d'évaluation foncière),https://donneesouvertes.affmunqc.net/role/RL58007_2026.xml,,,,
"5965, Panama",,Brossard,,,513.7,1963,262700,272100,534800,2025,Logement,MAMH — Données Québec (rôle d'évaluation foncière),https://donneesouvertes.affmunqc.net/role/RL58007_2026.xml,,,,
"5955, Panama",,Brossard,,,494.2,1963,257100,287700,544800,2025,Logement,MAMH — Données Québec (rôle d'évaluation foncière),https://donneesouvertes.affmunqc.net/role/RL58007_2026.xml,,,,
"5945, Panama",,Brossard,,,494.2,1963,257100,242300,499400,2025,Logement,MAMH — Données Québec (rôle d'évaluation foncière),https://donneesouvertes.affmunqc.net/role/RL58007_2026.xml,,,,
"5975, Panama",,Brossard,,,476.6,1963,252100,335700,587800,2025,Logement,MAMH — Données Québec (rôle d'évaluation foncière),https://donneesouvertes.affmunqc.net/role/RL58007_2026.xml,,,,
"5985, Panama",,Brossard,,,481,1963,253300,298000,551300,2025,Logement,MAMH — Données Québec (rôle d'évaluation foncière),https://donneesouvertes.affmunqc.net/role/RL58007_2026.xml,,,,
"5995, Panama",,Brossard,,,494.2,1963,257100,270900,528000,2025,Logement,MAMH — Données Québec (rôle d'évaluation foncière),https://donneesouvertes.affmunqc.net/role/RL58007_2026.xml,,,,
"980, Panama",,Brossard,,,494.2,1963,257100,300400,557500,2025,Logement,MAMH — Données Québec (rôle d'évaluation foncière),https://donneesouvertes.affmunqc.net/role/RL58007_2026.xml,,,,
"5950, Parnasse",,Brossard,,,468.2,1962,249600,337400,587000,2025,Logement,MAMH — Données Québec (rôle d'évaluation foncière),https://donneesouvertes.affmunqc.net/role/RL58007_2026.xml,,,,
"5960, Parnasse",,Brossard,,,596.4,1962,286600,285000,571600,2025,Logement,MAMH — Données Québec (rôle d'évaluation foncière),https://donneesouvertes.affmunqc.net/role/RL58007_2026.xml,,,,
"5940, Parnasse",,Brossard,,,468.2,1962,249600,257000,506600,2025,Logement,MAMH — Données Québec (rôle d'évaluation foncière),https://donneesouvertes.affmunqc.net/role/RL58007_2026.xml,,,,
"5970, Parnasse",,Brossard,,,468.2,1963,249600,268200,517800,2025,Logement,MAMH — Données Québec (rôle d'évaluation foncière),https://donneesouvertes.affmunqc.net/role/RL58007_2026.xml,,,,
"5980, Parnasse",,Brossard,,,468.2,1962,249600,330600,580200,2025,Logement,MAMH — Données Québec (rôle d'évaluation foncière),https://donneesouvertes.affmunqc.net/role/RL58007_2026.xml,,,,
"5990, Parnasse",,Brossard,,,535.1,1962,268900,306600,575500,2025,Logement,MAMH — Données Québec (rôle d'évaluation foncière),https://donneesouvertes.affmunqc.net/role/RL58007_2026.xml,,,,
"1005, Pasteur",,Brossard,,,628,1963,290700,282200,572900,2025,Logement,MAMH — Données Québec (rôle d'évaluation foncière),https://donneesouvertes.affmunqc.net/role/RL58007_2026.xml,,,,
"5935, Panama",,Brossard,,,494.2,1963,257100,270300,527400,2025,Logement,MAMH — Données Québec (rôle d'évaluation foncière),https://donneesouvertes.affmunqc.net/role/RL58007_2026.xml,,,,
"5925, Panama",,Brossard,,,494.2,1963,257100,248900,506000,2025,Logement,MAMH — Données Québec (rôle d'évaluation foncière),https://donneesouvertes.affmunqc.net/role/RL58007_2026.xml,,,,
"5915, Panama",,Brossard,,,495.5,1963,257500,316300,573800,2025,Logement,MAMH — Données Québec (rôle d'évaluation foncière),https://donneesouvertes.affmunqc.net/role/RL58007_2026.xml,,,,
"5905, Panama",,Brossard,,,290.9,1972,167300,266500,433800,2025,Logement,MAMH — Données Québec (rôle d'évaluation foncière),https://donneesouvertes.affmunqc.net/role/RL58007_2026.xml,,,,
"5903, Panama",,Brossard,,,150.4,1973,86500,267800,354300,2025,Logement,MAMH — Données Québec (rôle d'évaluation foncière),https://donneesouvertes.affmunqc.net/role/RL58007_2026.xml,,,,
"5897, Panama",,Brossard,,,150.4,1972,86500,246100,332600,2025,Logement,MAMH — Données Québec (rôle d'évaluation foncière),https://donneesouvertes.affmunqc.net/role/RL58007_2026.xml,,,,
"5895, Panama",,Brossard,,,150.4,1972,86500,269200,355700,2025,Logement,MAMH — Données Québec (rôle d'évaluation foncière),https://donneesouvertes.affmunqc.net/role/RL58007_2026.xml,,,,
"5893, Panama",,Brossard,,,150.4,1972,86500,274200,360700,2025,Logement,MAMH — Données Québec (rôle d'évaluation foncière),https://donneesouvertes.affmunqc.net/role/RL58007_2026.xml,,,,
"5891, Panama",,Brossard,,,275,1972,158100,291200,449300,2025,Logement,MAMH — Données Québec (rôle d'évaluation foncière),https://donneesouvertes.affmunqc.net/role/RL58007_2026.xml,,,,
"5930, Parnasse",,Brossard,,,468.2,1962,249600,262500,512100,2025,Logement,MAMH — Données Québec (rôle d'évaluation foncière),https://donneesouvertes.affmunqc.net/role/RL58007_2026.xml,,,,
"5920, Parnasse",,Brossard,,,468.2,1962,249600,239400,489000,2025,Logement,MAMH — Données Québec (rôle d'évaluation foncière),https://donneesouvertes.affmunqc.net/role/RL58007_2026.xml,,,,
"5910, Parnasse",,Brossard,,,473.7,1962,251200,302800,554000,2025,Logement,MAMH — Données Québec (rôle d'évaluation foncière),https://donneesouvertes.affmunqc.net/role/RL58007_2026.xml,,,,
"5900, Parnasse",,Brossard,,,288.3,1973,165800,248000,413800,2025,Logement,MAMH — Données Québec (rôle d'évaluation foncière),https://donneesouvertes.affmunqc.net/role/RL58007_2026.xml,,,,
"5890, Parnasse",,Brossard,,,150.4,1973,86500,289700,376200,2025,Logement,MAMH — Données Québec (rôle d'évaluation foncière),https://donneesouvertes.affmunqc.net/role/RL58007_2026.xml,,,,
"5880, Parnasse",,Brossard,,,150.4,1973,86500,267000,353500,2025,Logement,MAMH — Données Québec (rôle d'évaluation foncière),https://donneesouvertes.affmunqc.net/role/RL58007_2026.xml,,,,
"5870, Parnasse",,Brossard,,,150.4,1973,86500,278900,365400,2025,Logement,MAMH — Données Québec (rôle d'évaluation foncière),https://donneesouvertes.affmunqc.net/role/RL58007_2026.xml,,,,
"5860, Parnasse",,Brossard,,,150.4,1972,86500,255900,342400,2025,Logement,MAMH — Données Québec (rôle d'évaluation foncière),https://donneesouvertes.affmunqc.net/role/RL58007_2026.xml,,,,
"5850, Parnasse",,Brossard,,,275,1973,158100,211200,369300,2025,Logement,MAMH — Données Québec (rôle d'évaluation foncière),https://donneesouvertes.affmunqc.net/role/RL58007_2026.xml,,,,
"1000, Pasteur",,Brossard,,,536.78,1963,269400,277600,547000,2025,Logement,MAMH — Données Québec (rôle d'évaluation foncière),https://donneesouvertes.affmunqc.net/role/RL58007_2026.xml,,,,
"5905, Parnasse",,Brossard,,,269.5,1972,155000,208700,363700,2025,Logement,MAMH — Données Québec (rôle d'évaluation foncière),https://donneesouvertes.affmunqc.net/role/RL58007_2026.xml,,,,
"5895, Parnasse",,Brossard,,,146.3,1972,84100,250100,334200,2025,Logement,MAMH — Données Québec (rôle d'évaluation foncière),https://donneesouvertes.affmunqc.net/role/RL58007_2026.xml,,,,
"5885, Parnasse",,Brossard,,,146.3,1972,84100,290300,374400,2025,Logement,MAMH — Données Québec (rôle d'évaluation foncière),https://donneesouvertes.affmunqc.net/role/RL58007_2026.xml,,,,
"5875, Parnasse",,Brossard,,,146.3,1972,84100,275200,359300,2025,Logement,MAMH — Données Québec (rôle d'évaluation foncière),https://donneesouvertes.affmunqc.net/role/RL58007_2026.xml,,,,
"5865, Parnasse",,Brossard,,,146.3,1972,84100,268700,352800,2025,Logement,MAMH — Données Québec (rôle d'évaluation foncière),https://donneesouvertes.affmunqc.net/role/RL58007_2026.xml,,,,
"5855, Parnasse",,Brossard,,,275.9,1972,158600,282000,440600,2025,Logement,MAMH — Données Québec (rôle d'évaluation foncière),https://donneesouvertes.affmunqc.net/role/RL58007_2026.xml,,,,
"5835, Panama",,Brossard,,,174.6,1972,100400,379300,479700,2025,Logement,MAMH — Données Québec (rôle d'évaluation foncière),https://donneesouvertes.affmunqc.net/role/RL58007_2026.xml,,,,
"5837, Panama",,Brossard,,,171,1972,98300,262100,360400,2025,Logement,MAMH — Données Québec (rôle d'évaluation foncière),https://donneesouvertes.affmunqc.net/role/RL58007_2026.xml,,,,
"5841, Panama",,Brossard,,,167.6,1972,96400,328200,424600,2025,Logement,MAMH — Données Québec (rôle d'évaluation foncière),https://donneesouvertes.affmunqc.net/role/RL58007_2026.xml,,,,
"5845, Panama",,Brossard,,,297.2,1972,170900,248700,419600,2025,Logement,MAMH — Données Québec (rôle d'évaluation foncière),https://donneesouvertes.affmunqc.net/role/RL58007_2026.xml,,,,
"5853, Panama",,Brossard,,,318.5,1972,183100,202800,385900,2025,Logement,MAMH — Données Québec (rôle d'évaluation foncière),https://donneesouvertes.affmunqc.net/role/RL58007_2026.xml,,,,
"5855, Panama",,Brossard,,,155.5,1971,89400,283500,372900,2025,Logement,MAMH — Données Québec (rôle d'évaluation foncière),https://donneesouvertes.affmunqc.net/role/RL58007_2026.xml,,,,
"5857, Panama",,Brossard,,,154.3,1972,88700,272300,361000,2025,Logement,MAMH — Données Québec (rôle d'évaluation foncière),https://donneesouvertes.affmunqc.net/role/RL58007_2026.xml,,,,
"5861, Panama",,Brossard,,,152.7,1972,87800,261400,349200,2025,Logement,MAMH — Données Québec (rôle d'évaluation foncière),https://donneesouvertes.affmunqc.net/role/RL58007_2026.xml,,,,
"5863, Panama",,Brossard,,,152,1972,87400,253400,340800,2025,Logement,MAMH — Données Québec (rôle d'évaluation foncière),https://donneesouvertes.affmunqc.net/role/RL58007_2026.xml,,,,
"5865, Panama",,Brossard,,,296.8,1972,170700,259000,429700,2025,Logement,MAMH — Données Québec (rôle d'évaluation foncière),https://donneesouvertes.affmunqc.net/role/RL58007_2026.xml,,,,
"5883, Panama",,Brossard,,,150.4,1972,86500,274000,360500,2025,Logement,MAMH — Données Québec (rôle d'évaluation foncière),https://donneesouvertes.affmunqc.net/role/RL58007_2026.xml,,,,
"5881, Panama",,Brossard,,,150.6,1973,86600,293100,379700,2025,Logement,MAMH — Données Québec (rôle d'évaluation foncière),https://donneesouvertes.affmunqc.net/role/RL58007_2026.xml,,,,
"5877, Panama",,Brossard,,,151.7,1972,87200,246800,334000,2025,Logement,MAMH — Données Québec (rôle d'évaluation foncière),https://donneesouvertes.affmunqc.net/role/RL58007_2026.xml,,,,
"5875, Panama",,Brossard,,,293.8,1972,168900,230200,399100,2025,Logement,MAMH — Données Québec (rôle d'évaluation foncière),https://donneesouvertes.affmunqc.net/role/RL58007_2026.xml,,,,
"5885, Panama",,Brossard,,,296.6,1972,170500,208900,379400,2025,Logement,MAMH — Données Québec (rôle d'évaluation foncière),https://donneesouvertes.affmunqc.net/role/RL58007_2026.xml,,,,
"5670, Parnasse",,Brossard,,,311.2,1972,178900,281600,460500,2025,Logement,MAMH — Données Québec (rôle d'évaluation foncière),https://donneesouvertes.affmunqc.net/role/RL58007_2026.xml,,,,
"5700, Parnasse",,Brossard,,,313.1,1972,180000,232500,412500,2025,Logement,MAMH — Données Québec (rôle d'évaluation foncière),https://donneesouvertes.affmunqc.net/role/RL58007_2026.xml,,,,
"5710, Parnasse",,Brossard,,,156.1,1972,89800,266200,356000,2025,Logement,MAMH — Données Québec (rôle d'évaluation foncière),https://donneesouvertes.affmunqc.net/role/RL58007_2026.xml,,,,
"5720, Parnasse",,Brossard,,,154.7,1972,89000,286600,375600,2025,Logement,MAMH — Données Québec (rôle d'évaluation foncière),https://donneesouvertes.affmunqc.net/role/RL58007_2026.xml,,,,
"5730, Parnasse",,Brossard,,,154.2,1972,88700,253200,341900,2025,Logement,MAMH — Données Québec (rôle d'évaluation foncière),https://donneesouvertes.affmunqc.net/role/RL58007_2026.xml,,,,
"5740, Parnasse",,Brossard,,,154.5,1972,88800,251800,340600,2025,Logement,MAMH — Données Québec (rôle d'évaluation foncière),https://donneesouvertes.affmunqc.net/role/RL58007_2026.xml,,,,
"5750, Parnasse",,Brossard,,,309.3,1972,177800,240800,418600,2025,Logement,MAMH — Données Québec (rôle d'évaluation foncière),https://donneesouvertes.affmunqc.net/role/RL58007_2026.xml,,,,
"5770, Parnasse",,Brossard,,,331.5,1972,190600,279600,470200,2025,Logement,MAMH — Données Québec (rôle d'évaluation foncière),https://donneesouvertes.affmunqc.net/role/RL58007_2026.xml,,,,
"5790, Parnasse",,Brossard,,,150.4,1972,86500,241900,328400,2025,Logement,MAMH — Données Québec (rôle d'évaluation foncière),https://donneesouvertes.affmunqc.net/role/RL58007_2026.xml,,,,
"5780, Parnasse",,Brossard,,,152.1,1972,87500,249100,336600,2025,Logement,MAMH — Données Québec (rôle d'évaluation foncière),https://donneesouvertes.affmunqc.net/role/RL58007_2026.xml,,,,
"5830, Parnasse",,Brossard,,,306.2,1972,176100,238400,414500,2025,Logement,MAMH — Données Québec (rôle d'évaluation foncière),https://donneesouvertes.affmunqc.net/role/RL58007_2026.xml,,,,
"5820, Parnasse",,Brossard,,,150.8,1972,86700,245200,331900,2025,Logement,MAMH — Données Québec (rôle d'évaluation foncière),https://donneesouvertes.affmunqc.net/role/RL58007_2026.xml,,,,
"5810, Parnasse",,Brossard,,,151,1972,86800,291500,378300,2025,Logement,MAMH — Données Québec (rôle d'évaluation foncière),https://donneesouvertes.affmunqc.net/role/RL58007_2026.xml,,,,
"5800, Parnasse",,Brossard,,,150.4,1973,86500,251100,337600,2025,Logement,MAMH — Données Québec (rôle d'évaluation foncière),https://donneesouvertes.affmunqc.net/role/RL58007_2026.xml,,,,
"5675, Parnasse",,Brossard,,,267.6,1972,153900,222200,376100,2025,Logement,MAMH — Données Québec (rôle d'évaluation foncière),https://donneesouvertes.affmunqc.net/role/RL58007_2026.xml,,,,
"5695, Parnasse",,Brossard,,,292.4,1972,168100,205000,373100,2025,Logement,MAMH — Données Québec (rôle d'évaluation foncière),https://donneesouvertes.affmunqc.net/role/RL58007_2026.xml,,,,
"5705, Parnasse",,Brossard,,,146.4,1972,84200,293900,378100,2025,Logement,MAMH — Données Québec (rôle d'évaluation foncière),https://donneesouvertes.affmunqc.net/role/RL58007_2026.xml,,,,
"5715, Parnasse",,Brossard,,,146.3,1972,84100,295100,379200,2025,Logement,MAMH — Données Québec (rôle d'évaluation foncière),https://donneesouvertes.affmunqc.net/role/RL58007_2026.xml,,,,
"5725, Parnasse",,Brossard,,,146.3,1973,84100,279000,363100,2025,Logement,MAMH — Données Québec (rôle d'évaluation foncière),https://donneesouvertes.affmunqc.net/role/RL58007_2026.xml,,,,
"5735, Parnasse",,Brossard,,,146.3,1972,84100,285200,369300,2025,Logement,MAMH — Données Québec (rôle d'évaluation foncière),https://donneesouvertes.affmunqc.net/role/RL58007_2026.xml,,,,
"5745, Parnasse",,Brossard,,,146.4,1972,84200,289000,373200,2025,Logement,MAMH — Données Québec (rôle d'évaluation foncière),https://donneesouvertes.affmunqc.net/role/RL58007_2026.xml,,,,
"5755, Parnasse",,Brossard,,,292.5,1972,168200,192700,360900,2025,Logement,MAMH — Données Québec (rôle d'évaluation foncière),https://donneesouvertes.affmunqc.net/role/RL58007_2026.xml,,,,
"5795, Parnasse",,Brossard,,,146.3,1972,84100,361400,445500,2025,Logement,MAMH — Données Québec (rôle d'évaluation foncière),https://donneesouvertes.affmunqc.net/role/RL58007_2026.xml,,,,
"5785, Parnasse",,Brossard,,,146.4,1972,84200,266000,350200,2025,Logement,MAMH — Données Québec (rôle d'évaluation foncière),https://donneesouvertes.affmunqc.net/role/RL58007_2026.xml,,,,
"5775, Parnasse",,Brossard,,,292.5,1972,168200,227300,395500,2025,Logement,MAMH — Données Québec (rôle d'évaluation foncière),https://donneesouvertes.affmunqc.net/role/RL58007_2026.xml,,,,
"948, Pothier",,Brossard,,,227.6,1965,130900,245200,376100,2025,Logement,MAMH — Données Québec (rôle d'évaluation foncière),https://donneesouvertes.affmunqc.net/role/RL58007_2026.xml,,,,
"941, Provencher",,Brossard,,,292.3,1964,168100,258700,426800,2025,Logement,MAMH — Données Québec (rôle d'évaluation foncière),https://donneesouvertes.affmunqc.net/role/RL58007_2026.xml,,,,
"5831, Panama",,Brossard,,,366.5,1972,210700,240400,451100,2025,Logement,MAMH — Données Québec (rôle d'évaluation foncière),https://donneesouvertes.affmunqc.net/role/RL58007_2026.xml,,,,
"5833, Panama",,Brossard,,,178,1972,102400,266800,369200,2025,Logement,MAMH — Données Québec (rôle d'évaluation foncière),https://donneesouvertes.affmunqc.net/role/RL58007_2026.xml,,,,
"954, Pothier",,Brossard,,,229.1,1965,131700,316900,448600,2025,Logement,MAMH — Données Québec (rôle d'évaluation foncière),https://donneesouvertes.affmunqc.net/role/RL58007_2026.xml,,,,
"945, Provencher",,Brossard,,,290.7,1964,167200,292700,459900,2025,Logement,MAMH — Données Québec (rôle d'évaluation foncière),https://donneesouvertes.affmunqc.net/role/RL58007_2026.xml,,,,
"960, Pothier",,Brossard,,,233.8,1965,134400,270600,405000,2025,Logement,MAMH — Données Québec (rôle d'évaluation foncière),https://donneesouvertes.affmunqc.net/role/RL58007_2026.xml,,,,
"947, Provencher",,Brossard,,,384,1965,220800,225300,446100,2025,Logement,MAMH — Données Québec (rôle d'évaluation foncière),https://donneesouvertes.affmunqc.net/role/RL58007_2026.xml,,,,
"966, Pothier",,Brossard,,,242,1965,139200,307800,447000,2025,Logement,MAMH — Données Québec (rôle d'évaluation foncière),https://donneesouvertes.affmunqc.net/role/RL58007_2026.xml,,,,
"972, Pothier",,Brossard,,,422,1965,236300,299500,535800,2025,Logement,MAMH — Données Québec (rôle d'évaluation foncière),https://donneesouvertes.affmunqc.net/role/RL58007_2026.xml,,,,
"5620, Parnasse",,Brossard,,,311.5,1972,179100,268900,448000,2025,Logement,MAMH — Données Québec (rôle d'évaluation foncière),https://donneesouvertes.affmunqc.net/role/RL58007_2026.xml,,,,
"5630, Parnasse",,Brossard,,,165.7,1972,95300,244500,339800,2025,Logement,MAMH — Données Québec (rôle d'évaluation foncière),https://donneesouvertes.affmunqc.net/role/RL58007_2026.xml,,,,
"5640, Parnasse",,Brossard,,,164.5,1973,94600,276400,371000,2025,Logement,MAMH — Données Québec (rôle d'évaluation foncière),https://donneesouvertes.affmunqc.net/role/RL58007_2026.xml,,,,
"5650, Parnasse",,Brossard,,,163.2,1972,93800,331000,424800,2025,Logement,MAMH — Données Québec (rôle d'évaluation foncière),https://donneesouvertes.affmunqc.net/role/RL58007_2026.xml,,,,
"5660, Parnasse",,Brossard,,,162,1972,93200,302500,395700,2025,Logement,MAMH — Données Québec (rôle d'évaluation foncière),https://donneesouvertes.affmunqc.net/role/RL58007_2026.xml,,,,
"5804, Prévert",,Brossard,,,282.7,1965,162600,256800,419400,2025,Logement,MAMH — Données Québec (rôle d'évaluation foncière),https://donneesouvertes.affmunqc.net/role/RL58007_2026.xml,,,,
"5808, Prévert",,Brossard,,,251.2,1965,144400,325900,470300,2025,Logement,MAMH — Données Québec (rôle d'évaluation foncière),https://donneesouvertes.affmunqc.net/role/RL58007_2026.xml,,,,
"5812, Prévert",,Brossard,,,251.5,1965,144600,357400,502000,2025,Logement,MAMH — Données Québec (rôle d'évaluation foncière),https://donneesouvertes.affmunqc.net/role/RL58007_2026.xml,,,,
"5816, Prévert",,Brossard,,,205.4,1965,118100,283400,401500,2025,Logement,MAMH — Données Québec (rôle d'évaluation foncière),https://donneesouvertes.affmunqc.net/role/RL58007_2026.xml,,,,
"5820, Prévert",,Brossard,,,366.2,1965,210600,264100,474700,2025,Logement,MAMH — Données Québec (rôle d'évaluation foncière),https://donneesouvertes.affmunqc.net/role/RL58007_2026.xml,,,,
"5625, Parnasse",,Brossard,,,295.6,1972,170000,235300,405300,2025,Logement,MAMH — Données Québec (rôle d'évaluation foncière),https://donneesouvertes.affmunqc.net/role/RL58007_2026.xml,,,,
"5635, Parnasse",,Brossard,,,146.3,1972,84100,266500,350600,2025,Logement,MAMH — Données Québec (rôle d'évaluation foncière),https://donneesouvertes.affmunqc.net/role/RL58007_2026.xml,,,,
"5645, Parnasse",,Brossard,,,146.3,1972,84100,275400,359500,2025,Logement,MAMH — Données Québec (rôle d'évaluation foncière),https://donneesouvertes.affmunqc.net/role/RL58007_2026.xml,,,,
"5655, Parnasse",,Brossard,,,146.3,1972,84100,275000,359100,2025,Logement,MAMH — Données Québec (rôle d'évaluation foncière),https://donneesouvertes.affmunqc.net/role/RL58007_2026.xml,,,,
"5665, Parnasse",,Brossard,,,146.3,1972,84100,277700,361800,2025,Logement,MAMH — Données Québec (rôle d'évaluation foncière),https://donneesouvertes.affmunqc.net/role/RL58007_2026.xml,,,,
"5785, Marie-victorin",,Brossard,,,1528.5,1962,375000,241300,616300,2025,Logement,MAMH — Données Québec (rôle d'évaluation foncière),https://donneesouvertes.affmunqc.net/role/RL58007_2026.xml,,,,
"5795, Marie-victorin",,Brossard,,,752.7,1958,304400,178400,482800,2025,Logement,MAMH — Données Québec (rôle d'évaluation foncière),https://donneesouvertes.affmunqc.net/role/RL58007_2026.xml,,,,
"365, Valéry",,Brossard,,,720.4,1966,300800,266500,567300,2025,Logement,MAMH — Données Québec (rôle d'évaluation foncière),https://donneesouvertes.affmunqc.net/role/RL58007_2026.xml,,,,
"375, Valéry",,Brossard,,,1390.2,1965,299600,419700,719300,2025,Logement,MAMH — Données Québec (rôle d'évaluation foncière),https://donneesouvertes.affmunqc.net/role/RL58007_2026.xml,,,,
"340, Venise",,Brossard,,,716.2,1953,270300,212100,482400,2025,Logement,MAMH — Données Québec (rôle d'évaluation foncière),https://donneesouvertes.affmunqc.net/role/RL58007_2026.xml,,,,
"325, Victor-hugo",,Brossard,,,915.2,1979,322300,433300,755600,2025,Logement,MAMH — Données Québec (rôle d'évaluation foncière),https://donneesouvertes.affmunqc.net/role/RL58007_2026.xml,,,,
"5715, Marie-victorin",,Brossard,,,440,1976,168000,275800,443800,2025,Logement,MAMH — Données Québec (rôle d'évaluation foncière),https://donneesouvertes.affmunqc.net/role/RL58007_2026.xml,,,,
"5719, Marie-victorin",,Brossard,,,298.1,1976,119200,257400,376600,2025,Logement,MAMH — Données Québec (rôle d'évaluation foncière),https://donneesouvertes.affmunqc.net/role/RL58007_2026.xml,,,,
"5725, Marie-victorin",,Brossard,,,297.6,1976,119000,215500,334500,2025,Logement,MAMH — Données Québec (rôle d'évaluation foncière),https://donneesouvertes.affmunqc.net/role/RL58007_2026.xml,,,,
"5729, Marie-victorin",,Brossard,,,297.1,1976,118800,202300,321100,2025,Logement,MAMH — Données Québec (rôle d'évaluation foncière),https://donneesouvertes.affmunqc.net/role/RL58007_2026.xml,,,,
"5735, Marie-victorin",,Brossard,,,296.6,1976,118600,199000,317600,2025,Logement,MAMH — Données Québec (rôle d'évaluation foncière),https://donneesouvertes.affmunqc.net/role/RL58007_2026.xml,,,,
"5739, Marie-victorin",,Brossard,,,449.1,1976,169800,260100,429900,2025,Logement,MAMH — Données Québec (rôle d'évaluation foncière),https://donneesouvertes.affmunqc.net/role/RL58007_2026.xml,,,,
"5749, Marie-victorin",,Brossard,,,447.7,1976,169500,183800,353300,2025,Logement,MAMH — Données Québec (rôle d'évaluation foncière),https://donneesouvertes.affmunqc.net/role/RL58007_2026.xml,,,,
"5755, Marie-victorin",,Brossard,,,294.4,1976,117800,240200,358000,2025,Logement,MAMH — Données Québec (rôle d'évaluation foncière),https://donneesouvertes.affmunqc.net/role/RL58007_2026.xml,,,,
"5759, Marie-victorin",,Brossard,,,293.9,1976,117600,221000,338600,2025,Logement,MAMH — Données Québec (rôle d'évaluation foncière),https://donneesouvertes.affmunqc.net/role/RL58007_2026.xml,,,,
"5765, Marie-victorin",,Brossard,,,293.4,1976,117400,209900,327300,2025,Logement,MAMH — Données Québec (rôle d'évaluation foncière),https://donneesouvertes.affmunqc.net/role/RL58007_2026.xml,,,,
"5769, Marie-victorin",,Brossard,,,292.9,1976,117200,207300,324500,2025,Logement,MAMH — Données Québec (rôle d'évaluation foncière),https://donneesouvertes.affmunqc.net/role/RL58007_2026.xml,,,,
"5775, Marie-victorin",,Brossard,,,459.6,1976,171900,226900,398800,2025,Logement,MAMH — Données Québec (rôle d'évaluation foncière),https://donneesouvertes.affmunqc.net/role/RL58007_2026.xml,,,,
"335, Victor-hugo",,Brossard,,,649.4,1962,293000,334800,627800,2025,Logement,MAMH — Données Québec (rôle d'évaluation foncière),https://donneesouvertes.affmunqc.net/role/RL58007_2026.xml,,,,
"335, Valéry",,Brossard,,,771.6,1964,306500,394300,700800,2025,Logement,MAMH — Données Québec (rôle d'évaluation foncière),https://donneesouvertes.affmunqc.net/role/RL58007_2026.xml,,,,
"345, Valéry",,Brossard,,,632,1966,291100,324500,615600,2025,Logement,MAMH — Données Québec (rôle d'évaluation foncière),https://donneesouvertes.affmunqc.net/role/RL58007_2026.xml,,,,
"345, Victor-hugo",,Brossard,,,592.2,1962,285400,365400,650800,2025,Logement,MAMH — Données Québec (rôle d'évaluation foncière),https://donneesouvertes.affmunqc.net/role/RL58007_2026.xml,,,,
"355, Valéry",,Brossard,,,606.2,1965,288300,291000,579300,2025,Logement,MAMH — Données Québec (rôle d'évaluation foncière),https://donneesouvertes.affmunqc.net/role/RL58007_2026.xml,,,,
"385, Victor-hugo",,Brossard,,,657.4,1963,293900,376200,670100,2025,Logement,MAMH — Données Québec (rôle d'évaluation foncière),https://donneesouvertes.affmunqc.net/role/RL58007_2026.xml,,,,
"360, Valéry",,Brossard,,,526.8,1966,266500,320600,587100,2025,Logement,MAMH — Données Québec (rôle d'évaluation foncière),https://donneesouvertes.affmunqc.net/role/RL58007_2026.xml,,,,
"340, Valéry",,Brossard,,,485,1966,254500,400600,655100,2025,Logement,MAMH — Données Québec (rôle d'évaluation foncière),https://donneesouvertes.affmunqc.net/role/RL58007_2026.xml,,,,
"340, Victor-hugo",,Brossard,,,573.19,1962,279900,363500,643400,2025,Logement,MAMH — Données Québec (rôle d'évaluation foncière),https://donneesouvertes.affmunqc.net/role/RL58007_2026.xml,,,,
"5625, Vendôme",,Brossard,,,700.9,1962,298700,427800,726500,2025,Logement,MAMH — Données Québec (rôle d'évaluation foncière),https://donneesouvertes.affmunqc.net/role/RL58007_2026.xml,,,,
"360, Victor-hugo",,Brossard,,,611.1,1962,288800,264400,553200,2025,Logement,MAMH — Données Québec (rôle d'évaluation foncière),https://donneesouvertes.affmunqc.net/role/RL58007_2026.xml,,,,
"5615, Vendôme",,Brossard,,,584.4,1962,283100,355100,638200,2025,Logement,MAMH — Données Québec (rôle d'évaluation foncière),https://donneesouvertes.affmunqc.net/role/RL58007_2026.xml,,,,
"380, Victor-hugo",,Brossard,,,635.5,1962,291500,359400,650900,2025,Logement,MAMH — Données Québec (rôle d'évaluation foncière),https://donneesouvertes.affmunqc.net/role/RL58007_2026.xml,,,,
"375, Van Gogh",,Brossard,,,611.2,1965,288800,326000,614800,2025,Logement,MAMH — Données Québec (rôle d'évaluation foncière),https://donneesouvertes.affmunqc.net/role/RL58007_2026.xml,,,,
"370, Van Gogh",,Brossard,,,717.9,1962,300600,479900,780500,2025,Logement,MAMH — Données Québec (rôle d'évaluation foncière),https://donneesouvertes.affmunqc.net/role/RL58007_2026.xml,,,,
"385, Van Gogh",,Brossard,,,709.6,1963,299700,371300,671000,2025,Logement,MAMH — Données Québec (rôle d'évaluation foncière),https://donneesouvertes.affmunqc.net/role/RL58007_2026.xml,,,,
"390, Victor-hugo",,Brossard,,,609.1,1962,288600,380100,668700,2025,Logement,MAMH — Données Québec (rôle d'évaluation foncière),https://donneesouvertes.affmunqc.net/role/RL58007_2026.xml,,,,
"5600, Vendôme",,Brossard,,,597,1962,286700,394500,681200,2025,Logement,MAMH — Données Québec (rôle d'évaluation foncière),https://donneesouvertes.affmunqc.net/role/RL58007_2026.xml,,,,
"345, Verdure",,Brossard,,,538.8,1964,270000,288600,558600,2025,Logement,MAMH — Données Québec (rôle d'évaluation foncière),https://donneesouvertes.affmunqc.net/role/RL58007_2026.xml,,,,
"5590, Vauclin",,Brossard,,,557.4,1964,275300,255500,530800,2025,Logement,MAMH — Données Québec (rôle d'évaluation foncière),https://donneesouvertes.affmunqc.net/role/RL58007_2026.xml,,,,
"5580, Vauclin",,Brossard,,,557.4,1964,275300,344100,619400,2025,Logement,MAMH — Données Québec (rôle d'évaluation foncière),https://donneesouvertes.affmunqc.net/role/RL58007_2026.xml,,,,
"5595, Vendôme",,Brossard,,,569.5,1962,278800,519100,797900,2025,Logement,MAMH — Données Québec (rôle d'évaluation foncière),https://donneesouvertes.affmunqc.net/role/RL58007_2026.xml,,,,
"355, Verdure",,Brossard,,,538.8,1964,270000,343700,613700,2025,Logement,MAMH — Données Québec (rôle d'évaluation foncière),https://donneesouvertes.affmunqc.net/role/RL58007_2026.xml,,,,
"365, Verdure",,Brossard,,,538.8,1964,270000,287500,557500,2025,Logement,MAMH — Données Québec (rôle d'évaluation foncière),https://donneesouvertes.affmunqc.net/role/RL58007_2026.xml,,,,
"5605, Vendôme",,Brossard,,,883.9,1994,318800,650100,968900,2025,Logement,MAMH — Données Québec (rôle d'évaluation foncière),https://donneesouvertes.affmunqc.net/role/RL58007_2026.xml,,,,
"5595, Vauclin",,Brossard,,,603.9,1965,288000,327300,615300,2025,Logement,MAMH — Données Québec (rôle d'évaluation foncière),https://donneesouvertes.affmunqc.net/role/RL58007_2026.xml,,,,
"5585, Vauclin",,Brossard,,,548.1,1965,272700,321800,594500,2025,Logement,MAMH — Données Québec (rôle d'évaluation foncière),https://donneesouvertes.affmunqc.net/role/RL58007_2026.xml,,,,
"375, Verdure",,Brossard,,,538.8,1964,270000,326300,596300,2025,Logement,MAMH — Données Québec (rôle d'évaluation foncière),https://donneesouvertes.affmunqc.net/role/RL58007_2026.xml,,,,
"385, Verdure",,Brossard,,,538.8,1963,270000,330800,600800,2025,Logement,MAMH — Données Québec (rôle d'évaluation foncière),https://donneesouvertes.affmunqc.net/role/RL58007_2026.xml,,,,
"380, Van Gogh",,Brossard,,,765.3,1963,305800,403500,709300,2025,Logement,MAMH — Données Québec (rôle d'évaluation foncière),https://donneesouvertes.affmunqc.net/role/RL58007_2026.xml,,,,
"5570, Vauclin",,Brossard,,,557.4,1964,275300,229100,504400,2025,Logement,MAMH — Données Québec (rôle d'évaluation foncière),https://donneesouvertes.affmunqc.net/role/RL58007_2026.xml,,,,
"5560, Vauclin",,Brossard,,,650.3,1964,293100,263300,556400,2025,Logement,MAMH — Données Québec (rôle d'évaluation foncière),https://donneesouvertes.affmunqc.net/role/RL58007_2026.xml,,,,
"5550, Vauclin",,Brossard,,,650.3,1964,293100,271000,564100,2025,Logement,MAMH — Données Québec (rôle d'évaluation foncière),https://donneesouvertes.affmunqc.net/role/RL58007_2026.xml,,,,
"5540, Vauclin",,Brossard,,,807.7,1964,310400,370400,680800,2025,Logement,MAMH — Données Québec (rôle d'évaluation foncière),https://donneesouvertes.affmunqc.net/role/RL58007_2026.xml,,,,
"5530, Vauclin",,Brossard,,,718.1,1964,300600,297600,598200,2025,Logement,MAMH — Données Québec (rôle d'évaluation foncière),https://donneesouvertes.affmunqc.net/role/RL58007_2026.xml,,,,
"5520, Vauclin",,Brossard,,,605.2,1964,288200,237300,525500,2025,Logement,MAMH — Données Québec (rôle d'évaluation foncière),https://donneesouvertes.affmunqc.net/role/RL58007_2026.xml,,,,
"5575, Vauclin",,Brossard,,,548.1,1965,272700,304600,577300,2025,Logement,MAMH — Données Québec (rôle d'évaluation foncière),https://donneesouvertes.affmunqc.net/role/RL58007_2026.xml,,,,
"5565, Vauclin",,Brossard,,,552.8,1965,274000,350800,624800,2025,Logement,MAMH — Données Québec (rôle d'évaluation foncière),https://donneesouvertes.affmunqc.net/role/RL58007_2026.xml,,,,
"5555, Vauclin",,Brossard,,,603.9,1965,288000,302700,590700,2025,Logement,MAMH — Données Québec (rôle d'évaluation foncière),https://donneesouvertes.affmunqc.net/role/RL58007_2026.xml,,,,
"5510, Vauclin",,Brossard,,,504.8,1964,260200,337200,597400,2025,Logement,MAMH — Données Québec (rôle d'évaluation foncière),https://donneesouvertes.affmunqc.net/role/RL58007_2026.xml,,,,
"5500, Vauclin",,Brossard,,,504.7,1964,260200,246200,506400,2025,Logement,MAMH — Données Québec (rôle d'évaluation foncière),https://donneesouvertes.affmunqc.net/role/RL58007_2026.xml,,,,
"385, Valéry",,Brossard,,,900.9,1963,256600,402100,658700,2025,Logement,MAMH — Données Québec (rôle d'évaluation foncière),https://donneesouvertes.affmunqc.net/role/RL58007_2026.xml,,,,
"360, Venise",,Brossard,,,618.35,1956,260700,258600,519300,2025,Logement,MAMH — Données Québec (rôle d'évaluation foncière),https://donneesouvertes.affmunqc.net/role/RL58007_2026.xml,,,,
"380, Venise",,Brossard,,,702.7,1956,269000,252600,521600,2025,Logement,MAMH — Données Québec (rôle d'évaluation foncière),https://donneesouvertes.affmunqc.net/role/RL58007_2026.xml,,,,
"395, Valéry",,Brossard,,,862.9,1965,255600,384500,640100,2025,Logement,MAMH — Données Québec (rôle d'évaluation foncière),https://donneesouvertes.affmunqc.net/role/RL58007_2026.xml,,,,
"390, Venise, app. 410",,Brossard,,,1207,1963,301200,404300,705500,2025,Logement,MAMH — Données Québec (rôle d'évaluation foncière),https://donneesouvertes.affmunqc.net/role/RL58007_2026.xml,,,,
"405, Valéry",,Brossard,,,866.3,1965,263000,402000,665000,2025,Logement,MAMH — Données Québec (rôle d'évaluation foncière),https://donneesouvertes.affmunqc.net/role/RL58007_2026.xml,,,,
"430, Venise",,Brossard,,,1722.6,1956,328900,303000,631900,2025,Logement,MAMH — Données Québec (rôle d'évaluation foncière),https://donneesouvertes.affmunqc.net/role/RL58007_2026.xml,,,,
"415, Valéry",,Brossard,,,842.1,1965,267100,649500,916600,2025,Logement,MAMH — Données Québec (rôle d'évaluation foncière),https://donneesouvertes.affmunqc.net/role/RL58007_2026.xml,,,,
"445, Valéry",,Brossard,,,912.9,,270500,,270500,2025,Terrain vacant,MAMH — Données Québec (rôle d'évaluation foncière),https://donneesouvertes.affmunqc.net/role/RL58007_2026.xml,,,,
"440, Venise",,Brossard,,,1300.2,1956,309900,299900,609800,2025,Logement,MAMH — Données Québec (rôle d'évaluation foncière),https://donneesouvertes.affmunqc.net/role/RL58007_2026.xml,,,,
"455, Valéry",,Brossard,,,909.6,1965,273400,50300,323700,2025,Terrain vacant,MAMH — Données Québec (rôle d'évaluation foncière),https://donneesouvertes.affmunqc.net/role/RL58007_2026.xml,,,,
"395, Victor-hugo",,Brossard,,,650.3,1963,293100,366900,660000,2025,Logement,MAMH — Données Québec (rôle d'évaluation foncière),https://donneesouvertes.affmunqc.net/role/RL58007_2026.xml,,,,
"390, Valéry",,Brossard,,,620.6,1964,289900,309800,599700,2025,Logement,MAMH — Données Québec (rôle d'évaluation foncière),https://donneesouvertes.affmunqc.net/role/RL58007_2026.xml,,,,
"400, Valéry",,Brossard,,,571.7,1966,279500,395100,674600,2025,Logement,MAMH — Données Québec (rôle d'évaluation foncière),https://donneesouvertes.affmunqc.net/role/RL58007_2026.xml,,,,
"405, Victor-hugo",,Brossard,,,650.3,1962,293100,302500,595600,2025,Logement,MAMH — Données Québec (rôle d'évaluation foncière),https://donneesouvertes.affmunqc.net/role/RL58007_2026.xml,,,,
"410, Valéry",,Brossard,,,616.1,1963,289400,310900,600300,2025,Logement,MAMH — Données Québec (rôle d'évaluation foncière),https://donneesouvertes.affmunqc.net/role/RL58007_2026.xml,,,,
"415, Victor-hugo",,Brossard,,,650.3,1965,293100,293400,586500,2025,Logement,MAMH — Données Québec (rôle d'évaluation foncière),https://donneesouvertes.affmunqc.net/role/RL58007_2026.xml,,,,
"5730, Viceroy",,Brossard,,,514.4,1965,262900,370400,633300,2025,Logement,MAMH — Données Québec (rôle d'évaluation foncière),https://donneesouvertes.affmunqc.net/role/RL58007_2026.xml,,,,
"5720, Viceroy",,Brossard,,,485,1963,254500,433300,687800,2025,Logement,MAMH — Données Québec (rôle d'évaluation foncière),https://donneesouvertes.affmunqc.net/role/RL58007_2026.xml,,,,
"425, Victor-hugo",,Brossard,,,631.7,1963,291100,326500,617600,2025,Logement,MAMH — Données Québec (rôle d'évaluation foncière),https://donneesouvertes.affmunqc.net/role/RL58007_2026.xml,,,,
"400, Victor-hugo",,Brossard,,,581.2,1962,282200,308800,591000,2025,Logement,MAMH — Données Québec (rôle d'évaluation foncière),https://donneesouvertes.affmunqc.net/role/RL58007_2026.xml,,,,
"395, Van Gogh",,Brossard,,,568.6,1963,278600,308100,586700,2025,Logement,MAMH — Données Québec (rôle d'évaluation foncière),https://donneesouvertes.affmunqc.net/role/RL58007_2026.xml,,,,
"415, Van Gogh",,Brossard,,,571.2,1962,279300,291700,571000,2025,Logement,MAMH — Données Québec (rôle d'évaluation foncière),https://donneesouvertes.affmunqc.net/role/RL58007_2026.xml,,,,
"405, Van Gogh",,Brossard,,,558.3,1963,275600,357300,632900,2025,Logement,MAMH — Données Québec (rôle d'évaluation foncière),https://donneesouvertes.affmunqc.net/role/RL58007_2026.xml,,,,
"450, Victor-hugo",,Brossard,,,571.15,1963,279300,326000,605300,2025,Logement,MAMH — Données Québec (rôle d'évaluation foncière),https://donneesouvertes.affmunqc.net/role/RL58007_2026.xml,,,,
"410, Van Gogh",,Brossard,,,1540.1,1961,391000,885200,1276200,2025,Logement,MAMH — Données Québec (rôle d'évaluation foncière),https://donneesouvertes.affmunqc.net/role/RL58007_2026.xml,,,,
"440, Van Gogh",,Brossard,,,585.3,1963,283400,356200,639600,2025,Logement,MAMH — Données Québec (rôle d'évaluation foncière),https://donneesouvertes.affmunqc.net/role/RL58007_2026.xml,,,,
"430, Van Gogh",,Brossard,,,585.3,1962,283400,405200,688600,2025,Logement,MAMH — Données Québec (rôle d'évaluation foncière),https://donneesouvertes.affmunqc.net/role/RL58007_2026.xml,,,,
"470, Victor-hugo",,Brossard,,,581.2,1963,282200,337600,619800,2025,Logement,MAMH — Données Québec (rôle d'évaluation foncière),https://donneesouvertes.affmunqc.net/role/RL58007_2026.xml,,,,
"395, Verdure",,Brossard,,,538.82,1964,270000,356800,626800,2025,Logement,MAMH — Données Québec (rôle d'évaluation foncière),https://donneesouvertes.affmunqc.net/role/RL58007_2026.xml,,,,
"390, Van Gogh",,Brossard,,,595,1963,286200,430000,716200,2025,Logement,MAMH — Données Québec (rôle d'évaluation foncière),https://donneesouvertes.affmunqc.net/role/RL58007_2026.xml,,,,
"405, Verdure",,Brossard,,,538.8,1964,270000,309500,579500,2025,Logement,MAMH — Données Québec (rôle d'évaluation foncière),https://donneesouvertes.affmunqc.net/role/RL58007_2026.xml,,,,
"435, Verdure",,Brossard,,,538.8,1964,270000,287500,557500,2025,Logement,MAMH — Données Québec (rôle d'évaluation foncière),https://donneesouvertes.affmunqc.net/role/RL58007_2026.xml,,,,
"400, Van Gogh",,Brossard,,,601.5,1963,287800,333100,620900,2025,Logement,MAMH — Données Québec (rôle d'évaluation foncière),https://donneesouvertes.affmunqc.net/role/RL58007_2026.xml,,,,
"5405, Vauclin",,Brossard,,,603.9,1964,288000,310200,598200,2025,Logement,MAMH — Données Québec (rôle d'évaluation foncière),https://donneesouvertes.affmunqc.net/role/RL58007_2026.xml,,,,
"5415, Vauclin",,Brossard,,,548.1,1965,272700,318900,591600,2025,Logement,MAMH — Données Québec (rôle d'évaluation foncière),https://donneesouvertes.affmunqc.net/role/RL58007_2026.xml,,,,
"445, Verdure",,Brossard,,,538.8,1964,270000,280100,550100,2025,Logement,MAMH — Données Québec (rôle d'évaluation foncière),https://donneesouvertes.affmunqc.net/role/RL58007_2026.xml,,,,
"465, Verdure",,Brossard,,,538.8,1964,270000,324600,594600,2025,Logement,MAMH — Données Québec (rôle d'évaluation foncière),https://donneesouvertes.affmunqc.net/role/RL58007_2026.xml,,,,
"475, Verdure",,Brossard,,,538.8,1964,270000,312000,582000,2025,Logement,MAMH — Données Québec (rôle d'évaluation foncière),https://donneesouvertes.affmunqc.net/role/RL58007_2026.xml,,,,
"460, Verdure",,Brossard,,,650.3,1965,293100,297700,590800,2025,Logement,MAMH — Données Québec (rôle d'évaluation foncière),https://donneesouvertes.affmunqc.net/role/RL58007_2026.xml,,,,
"5400, Vauclin",,Brossard,,,511,1964,262000,259100,521100,2025,Logement,MAMH — Données Québec (rôle d'évaluation foncière),https://donneesouvertes.affmunqc.net/role/RL58007_2026.xml,,,,
"400, Verdure",,Brossard,,,5473.6,,2128100,,2128100,2025,Institutionnel,MAMH — Données Québec (rôle d'évaluation foncière),https://donneesouvertes.affmunqc.net/role/RL58007_2026.xml,,,,
"5490, Vauclin",,Brossard,,,596.3,1964,286500,441200,727700,2025,Logement,MAMH — Données Québec (rôle d'évaluation foncière),https://donneesouvertes.affmunqc.net/role/RL58007_2026.xml,,,,
"5480, Vauclin",,Brossard,,,642,1964,292200,346300,638500,2025,Logement,MAMH — Données Québec (rôle d'évaluation foncière),https://donneesouvertes.affmunqc.net/role/RL58007_2026.xml,,,,
"5470, Vauclin",,Brossard,,,550.1,1964,273200,303400,576600,2025,Logement,MAMH — Données Québec (rôle d'évaluation foncière),https://donneesouvertes.affmunqc.net/role/RL58007_2026.xml,,,,
"5425, Vauclin",,Brossard,,,548.1,1965,272700,294100,566800,2025,Logement,MAMH — Données Québec (rôle d'évaluation foncière),https://donneesouvertes.affmunqc.net/role/RL58007_2026.xml,,,,
"5435, Vauclin",,Brossard,,,552.8,1965,274000,307500,581500,2025,Logement,MAMH — Données Québec (rôle d'évaluation foncière),https://donneesouvertes.affmunqc.net/role/RL58007_2026.xml,,,,
"5445, Vauclin",,Brossard,,,603.9,1965,288000,311700,599700,2025,Logement,MAMH — Données Québec (rôle d'évaluation foncière),https://donneesouvertes.affmunqc.net/role/RL58007_2026.xml,,,,
"5460, Vauclin",,Brossard,,,626.7,1964,290500,284100,574600,2025,Logement,MAMH — Données Québec (rôle d'évaluation foncière),https://donneesouvertes.affmunqc.net/role/RL58007_2026.xml,,,,
"5450, Vauclin",,Brossard,,,680.7,1964,296500,271100,567600,2025,Logement,MAMH — Données Québec (rôle d'évaluation foncière),https://donneesouvertes.affmunqc.net/role/RL58007_2026.xml,,,,
"5410, Vauclin",,Brossard,,,511,1964,262000,304400,566400,2025,Logement,MAMH — Données Québec (rôle d'évaluation foncière),https://donneesouvertes.affmunqc.net/role/RL58007_2026.xml,,,,
"5420, Vauclin",,Brossard,,,534.2,1964,268700,298700,567400,2025,Logement,MAMH — Données Québec (rôle d'évaluation foncière),https://donneesouvertes.affmunqc.net/role/RL58007_2026.xml,,,,
"460, Venise",,Brossard,,,1305.3,1956,310400,253800,564200,2025,Logement,MAMH — Données Québec (rôle d'évaluation foncière),https://donneesouvertes.affmunqc.net/role/RL58007_2026.xml,,,,
"465, Valéry",,Brossard,,,871.1,1965,266600,329500,596100,2025,Logement,MAMH — Données Québec (rôle d'évaluation foncière),https://donneesouvertes.affmunqc.net/role/RL58007_2026.xml,,,,
"490, Venise",,Brossard,,,896,1956,272100,312200,584300,2025,Logement,MAMH — Données Québec (rôle d'évaluation foncière),https://donneesouvertes.affmunqc.net/role/RL58007_2026.xml,,,,
"485, Valéry",,Brossard,,,846.6,1965,261200,305800,567000,2025,Logement,MAMH — Données Québec (rôle d'évaluation foncière),https://donneesouvertes.affmunqc.net/role/RL58007_2026.xml,,,,
"510, Venise",,Brossard,,,580.5,1956,239700,199100,438800,2025,Logement,MAMH — Données Québec (rôle d'évaluation foncière),https://donneesouvertes.affmunqc.net/role/RL58007_2026.xml,,,,
"520, Venise",,Brossard,,,746.8,1955,303700,218200,521900,2025,Logement,MAMH — Données Québec (rôle d'évaluation foncière),https://donneesouvertes.affmunqc.net/role/RL58007_2026.xml,,,,
"495, Valéry",,Brossard,,,1056.3,1966,273600,342200,615800,2025,Logement,MAMH — Données Québec (rôle d'évaluation foncière),https://donneesouvertes.affmunqc.net/role/RL58007_2026.xml,,,,
"560, Venise, app. 570",,Brossard,,,1161.3,1953,349300,468200,817500,2025,Logement,MAMH — Données Québec (rôle d'évaluation foncière),https://donneesouvertes.affmunqc.net/role/RL58007_2026.xml,,,,
"5755, Vieni",,Brossard,,,1027.1,1966,277700,384600,662300,2025,Logement,MAMH — Données Québec (rôle d'évaluation foncière),https://donneesouvertes.affmunqc.net/role/RL58007_2026.xml,,,,
"5745, Vieni",,Brossard,,,553.6,1966,274200,306600,580800,2025,Logement,MAMH — Données Québec (rôle d'évaluation foncière),https://donneesouvertes.affmunqc.net/role/RL58007_2026.xml,,,,
"475, Victor-hugo",,Brossard,,,610.9,1971,288800,612400,901200,2025,Logement,MAMH — Données Québec (rôle d'évaluation foncière),https://donneesouvertes.affmunqc.net/role/RL58007_2026.xml,,,,
"5735, Viceroy",,Brossard,,,545.4,1965,271900,329300,601200,2025,Logement,MAMH — Données Québec (rôle d'évaluation foncière),https://donneesouvertes.affmunqc.net/role/RL58007_2026.xml,,,,
"5725, Viceroy",,Brossard,,,501.7,1965,259300,340700,600000,2025,Logement,MAMH — Données Québec (rôle d'évaluation foncière),https://donneesouvertes.affmunqc.net/role/RL58007_2026.xml,,,,
"495, Victor-hugo",,Brossard,,,563.8,1966,277200,321000,598200,2025,Logement,MAMH — Données Québec (rôle d'évaluation foncière),https://donneesouvertes.affmunqc.net/role/RL58007_2026.xml,,,,
"490, Valéry",,Brossard,,,745.6,1964,303600,313700,617300,2025,Logement,MAMH — Données Québec (rôle d'évaluation foncière),https://donneesouvertes.affmunqc.net/role/RL58007_2026.xml,,,,
"535, Victor-hugo",,Brossard,,,576.6,1964,280900,390300,671200,2025,Logement,MAMH — Données Québec (rôle d'évaluation foncière),https://donneesouvertes.affmunqc.net/role/RL58007_2026.xml,,,,
"510, Valéry",,Brossard,,,673.2,1964,295700,360300,656000,2025,Logement,MAMH — Données Québec (rôle d'évaluation foncière),https://donneesouvertes.affmunqc.net/role/RL58007_2026.xml,,,,
"565, Victor-hugo",,Brossard,,,638.6,1965,291800,269100,560900,2025,Logement,MAMH — Données Québec (rôle d'évaluation foncière),https://donneesouvertes.affmunqc.net/role/RL58007_2026.xml,,,,
"520, Valéry",,Brossard,,,731.9,1966,302100,320500,622600,2025,Logement,MAMH — Données Québec (rôle d'évaluation foncière),https://donneesouvertes.affmunqc.net/role/RL58007_2026.xml,,,,
"595, Victor-hugo",,Brossard,,,638.1,1966,291800,375000,666800,2025,Logement,MAMH — Données Québec (rôle d'évaluation foncière),https://donneesouvertes.affmunqc.net/role/RL58007_2026.xml,,,,
"5620, Valcourt",,Brossard,,,610.2,1963,288700,305300,594000,2025,Logement,MAMH — Données Québec (rôle d'évaluation foncière),https://donneesouvertes.affmunqc.net/role/RL58007_2026.xml,,,,
"5610, Valcourt",,Brossard,,,585.3,1963,283400,362700,646100,2025,Logement,MAMH — Données Québec (rôle d'évaluation foncière),https://donneesouvertes.affmunqc.net/role/RL58007_2026.xml,,,,
"5630, Valcourt",,Brossard,,,672,1964,295500,327800,623300,2025,Logement,MAMH — Données Québec (rôle d'évaluation foncière),https://donneesouvertes.affmunqc.net/role/RL58007_2026.xml,,,,
"5640, Valcourt",,Brossard,,,571.2,1965,279300,270200,549500,2025,Logement,MAMH — Données Québec (rôle d'évaluation foncière),https://donneesouvertes.affmunqc.net/role/RL58007_2026.xml,,,,
"510, Victor-hugo",,Brossard,,,594.6,1964,286000,291200,577200,2025,Logement,MAMH — Données Québec (rôle d'évaluation foncière),https://donneesouvertes.affmunqc.net/role/RL58007_2026.xml,,,,
"5625, Valcourt",,Brossard,,,634.7,1963,291400,462100,753500,2025,Logement,MAMH — Données Québec (rôle d'évaluation foncière),https://donneesouvertes.affmunqc.net/role/RL58007_2026.xml,,,,
"5615, Valcourt",,Brossard,,,653.8,1964,293500,436300,729800,2025,Logement,MAMH — Données Québec (rôle d'évaluation foncière),https://donneesouvertes.affmunqc.net/role/RL58007_2026.xml,,,,
"520, Victor-hugo",,Brossard,,,613.2,1964,289100,374900,664000,2025,Logement,MAMH — Données Québec (rôle d'évaluation foncière),https://donneesouvertes.affmunqc.net/role/RL58007_2026.xml,,,,
"5605, Valcourt",,Brossard,,,794.6,1963,309000,309000,618000,2025,Logement,MAMH — Données Québec (rôle d'évaluation foncière),https://donneesouvertes.affmunqc.net/role/RL58007_2026.xml,,,,
"5530, Vallerand",,Brossard,,,586.9,1972,283800,425000,708800,2025,Logement,MAMH — Données Québec (rôle d'évaluation foncière),https://donneesouvertes.affmunqc.net/role/RL58007_2026.xml,,,,
"600, Victor-hugo",,Brossard,,,631.7,1967,291100,328700,619800,2025,Logement,MAMH — Données Québec (rôle d'évaluation foncière),https://donneesouvertes.affmunqc.net/role/RL58007_2026.xml,,,,
"5540, Vallerand",,Brossard,,,485,1968,254500,365000,619500,2025,Logement,MAMH — Données Québec (rôle d'évaluation foncière),https://donneesouvertes.affmunqc.net/role/RL58007_2026.xml,,,,
"5550, Vallerand",,Brossard,,,609.8,1968,288700,340600,629300,2025,Logement,MAMH — Données Québec (rôle d'évaluation foncière),https://donneesouvertes.affmunqc.net/role/RL58007_2026.xml,,,,
"5600, Valcourt",,Brossard,,,599.86,1963,287600,295000,582600,2025,Logement,MAMH — Données Québec (rôle d'évaluation foncière),https://donneesouvertes.affmunqc.net/role/RL58007_2026.xml,,,,
"485, Verdure",,Brossard,,,666.1,1964,294900,337500,632400,2025,Logement,MAMH — Données Québec (rôle d'évaluation foncière),https://donneesouvertes.affmunqc.net/role/RL58007_2026.xml,,,,
"480, Verdure",,Brossard,,,557.4,1965,275300,317300,592600,2025,Logement,MAMH — Données Québec (rôle d'évaluation foncière),https://donneesouvertes.affmunqc.net/role/RL58007_2026.xml,,,,
"530, Verdure",,Brossard,,,511,1965,262000,273100,535100,2025,Logement,MAMH — Données Québec (rôle d'évaluation foncière),https://donneesouvertes.affmunqc.net/role/RL58007_2026.xml,,,,
"500, Verdure",,Brossard,,,650.3,1965,293100,286200,579300,2025,Logement,MAMH — Données Québec (rôle d'évaluation foncière),https://donneesouvertes.affmunqc.net/role/RL58007_2026.xml,,,,
"495, Verdure",,Brossard,,,628.8,1966,290800,325700,616500,2025,Logement,MAMH — Données Québec (rôle d'évaluation foncière),https://donneesouvertes.affmunqc.net/role/RL58007_2026.xml,,,,
"5595, Valcourt",,Brossard,,,750.8,1963,304200,398600,702800,2025,Logement,MAMH — Données Québec (rôle d'évaluation foncière),https://donneesouvertes.affmunqc.net/role/RL58007_2026.xml,,,,
"505, Verdure",,Brossard,,,943.4,1966,325400,332700,658100,2025,Logement,MAMH — Données Québec (rôle d'évaluation foncière),https://donneesouvertes.affmunqc.net/role/RL58007_2026.xml,,,,
"515, Verdure",,Brossard,,,608.5,1966,288500,419800,708300,2025,Logement,MAMH — Données Québec (rôle d'évaluation foncière),https://donneesouvertes.affmunqc.net/role/RL58007_2026.xml,,,,
"535, Verdure",,Brossard,,,501.7,1965,259300,330100,589400,2025,Logement,MAMH — Données Québec (rôle d'évaluation foncière),https://donneesouvertes.affmunqc.net/role/RL58007_2026.xml,,,,
"525, Verdure",,Brossard,,,557.4,1965,275300,223400,498700,2025,Logement,MAMH — Données Québec (rôle d'évaluation foncière),https://donneesouvertes.affmunqc.net/role/RL58007_2026.xml,,,,
"5430, Vauclin",,Brossard,,,580.6,1964,282000,336800,618800,2025,Logement,MAMH — Données Québec (rôle d'évaluation foncière),https://donneesouvertes.affmunqc.net/role/RL58007_2026.xml,,,,
"5440, Vauclin",,Brossard,,,715.1,1963,300300,313600,613900,2025,Logement,MAMH — Données Québec (rôle d'évaluation foncière),https://donneesouvertes.affmunqc.net/role/RL58007_2026.xml,,,,
"540, Verdure",,Brossard,,,511,1965,262000,284300,546300,2025,Logement,MAMH — Données Québec (rôle d'évaluation foncière),https://donneesouvertes.affmunqc.net/role/RL58007_2026.xml,,,,
"560, Verdure",,Brossard,,,580.6,1965,282000,353900,635900,2025,Logement,MAMH — Données Québec (rôle d'évaluation foncière),https://donneesouvertes.affmunqc.net/role/RL58007_2026.xml,,,,
"570, Verdure",,Brossard,,,719.9,1965,300800,342700,643500,2025,Logement,MAMH — Données Québec (rôle d'évaluation foncière),https://donneesouvertes.affmunqc.net/role/RL58007_2026.xml,,,,
"550, Verdure",,Brossard,,,534.2,1965,268700,284000,552700,2025,Logement,MAMH — Données Québec (rôle d'évaluation foncière),https://donneesouvertes.affmunqc.net/role/RL58007_2026.xml,,,,
"580, Verdure",,Brossard,,,682.7,1965,296700,277100,573800,2025,Logement,MAMH — Données Québec (rôle d'évaluation foncière),https://donneesouvertes.affmunqc.net/role/RL58007_2026.xml,,,,
"590, Verdure",,Brossard,,,592.8,1965,285500,330700,616200,2025,Logement,MAMH — Données Québec (rôle d'évaluation foncière),https://donneesouvertes.affmunqc.net/role/RL58007_2026.xml,,,,
"545, Verdure",,Brossard,,,501.7,1965,259300,321200,580500,2025,Logement,MAMH — Données Québec (rôle d'évaluation foncière),https://donneesouvertes.affmunqc.net/role/RL58007_2026.xml,,,,
"555, Verdure",,Brossard,,,501.7,1965,259300,269200,528500,2025,Logement,MAMH — Données Québec (rôle d'évaluation foncière),https://donneesouvertes.affmunqc.net/role/RL58007_2026.xml,,,,
"565, Verdure",,Brossard,,,557.4,1965,275300,316700,592000,2025,Logement,MAMH — Données Québec (rôle d'évaluation foncière),https://donneesouvertes.affmunqc.net/role/RL58007_2026.xml,,,,
"600, Verdure",,Brossard,,,504.1,1965,260000,319300,579300,2025,Logement,MAMH — Données Québec (rôle d'évaluation foncière),https://donneesouvertes.affmunqc.net/role/RL58007_2026.xml,,,,
"610, Verdure",,Brossard,,,506.5,1965,260700,396100,656800,2025,Logement,MAMH — Données Québec (rôle d'évaluation foncière),https://donneesouvertes.affmunqc.net/role/RL58007_2026.xml,,,,
"580, Venise",,Brossard,,,1080,1963,279100,271300,550400,2025,Logement,MAMH — Données Québec (rôle d'évaluation foncière),https://donneesouvertes.affmunqc.net/role/RL58007_2026.xml,,,,
"635, Villars",,Brossard,,,762.21,1972,305400,406400,711800,2025,Logement,MAMH — Données Québec (rôle d'évaluation foncière),https://donneesouvertes.affmunqc.net/role/RL58007_2026.xml,,,,
"645, Villars",,Brossard,,,1097.2,1967,284100,296200,580300,2025,Logement,MAMH — Données Québec (rôle d'évaluation foncière),https://donneesouvertes.affmunqc.net/role/RL58007_2026.xml,,,,
"600, Venise",,Brossard,,,905.8,1964,282700,326000,608700,2025,Logement,MAMH — Données Québec (rôle d'évaluation foncière),https://donneesouvertes.affmunqc.net/role/RL58007_2026.xml,,,,
"655, Villars",,Brossard,,,1004.4,1966,252400,415800,668200,2025,Logement,MAMH — Données Québec (rôle d'évaluation foncière),https://donneesouvertes.affmunqc.net/role/RL58007_2026.xml,,,,
"610, Venise",,Brossard,,,696.8,1964,298200,407100,705300,2025,Logement,MAMH — Données Québec (rôle d'évaluation foncière),https://donneesouvertes.affmunqc.net/role/RL58007_2026.xml,,,,
"665, Villars",,Brossard,,,710.7,1966,266800,339000,605800,2025,Logement,MAMH — Données Québec (rôle d'évaluation foncière),https://donneesouvertes.affmunqc.net/role/RL58007_2026.xml,,,,
"630, Venise",,Brossard,,,1056.8,1974,273700,458800,732500,2025,Logement,MAMH — Données Québec (rôle d'évaluation foncière),https://donneesouvertes.affmunqc.net/role/RL58007_2026.xml,,,,
"675, Villars",,Brossard,,,819,1966,271200,339400,610600,2025,Logement,MAMH — Données Québec (rôle d'évaluation foncière),https://donneesouvertes.affmunqc.net/role/RL58007_2026.xml,,,,
"650, Venise",,Brossard,,,1237.8,1963,311200,432300,743500,2025,Logement,MAMH — Données Québec (rôle d'évaluation foncière),https://donneesouvertes.affmunqc.net/role/RL58007_2026.xml,,,,
"615, Victor-hugo",,Brossard,,,3823.05,,1038300,,1038300,2025,Institutionnel,MAMH — Données Québec (rôle d'évaluation foncière),https://donneesouvertes.affmunqc.net/role/RL58007_2026.xml,,,,
"635, Victor-hugo",,Brossard,,,630.3,1966,290900,310400,601300,2025,Logement,MAMH — Données Québec (rôle d'évaluation foncière),https://donneesouvertes.affmunqc.net/role/RL58007_2026.xml,,,,
"670, Villars",,Brossard,,,880,1975,318400,307800,626200,2025,Logement,MAMH — Données Québec (rôle d'évaluation foncière),https://donneesouvertes.affmunqc.net/role/RL58007_2026.xml,,,,
"655, Victor-hugo",,Brossard,,,627.9,1966,290700,371900,662600,2025,Logement,MAMH — Données Québec (rôle d'évaluation foncière),https://donneesouvertes.affmunqc.net/role/RL58007_2026.xml,,,,
"680, Villars",,Brossard,,,640.3,1966,292000,392400,684400,2025,Logement,MAMH — Données Québec (rôle d'évaluation foncière),https://donneesouvertes.affmunqc.net/role/RL58007_2026.xml,,,,
"685, Victor-hugo",,Brossard,,,690.1,1965,297500,350000,647500,2025,Logement,MAMH — Données Québec (rôle d'évaluation foncière),https://donneesouvertes.affmunqc.net/role/RL58007_2026.xml,,,,
"640, Victor-hugo",,Brossard,,,537.4,1967,269600,407000,676600,2025,Logement,MAMH — Données Québec (rôle d'évaluation foncière),https://donneesouvertes.affmunqc.net/role/RL58007_2026.xml,,,,
"695, Victor-hugo",,Brossard,,,724.1,1967,301300,328700,630000,2025,Logement,MAMH — Données Québec (rôle d'évaluation foncière),https://donneesouvertes.affmunqc.net/role/RL58007_2026.xml,,,,
"690, Villars",,Brossard,,,522.8,1966,265400,303100,568500,2025,Logement,MAMH — Données Québec (rôle d'évaluation foncière),https://donneesouvertes.affmunqc.net/role/RL58007_2026.xml,,,,
"5560, Vallerand",,Brossard,,,806,1969,310300,567800,878100,2025,Logement,MAMH — Données Québec (rôle d'évaluation foncière),https://donneesouvertes.affmunqc.net/role/RL58007_2026.xml,,,,
"610, Victor-hugo",,Brossard,,,562.7,1967,276900,470500,747400,2025,Logement,MAMH — Données Québec (rôle d'évaluation foncière),https://donneesouvertes.affmunqc.net/role/RL58007_2026.xml,,,,
"5570, Vallerand",,Brossard,,,639.2,1972,291900,387900,679800,2025,Logement,MAMH — Données Québec (rôle d'évaluation foncière),https://donneesouvertes.affmunqc.net/role/RL58007_2026.xml,,,,
"5595, Vallerand",,Brossard,,,529.3,1968,267200,405000,672200,2025,Logement,MAMH — Données Québec (rôle d'évaluation foncière),https://donneesouvertes.affmunqc.net/role/RL58007_2026.xml,,,,
"5605, Vallerand",,Brossard,,,624.4,1972,290300,215700,506000,2025,Logement,MAMH — Données Québec (rôle d'évaluation foncière),https://donneesouvertes.affmunqc.net/role/RL58007_2026.xml,,,,
"620, Victor-hugo",,Brossard,,,625.8,1967,290400,360000,650400,2025,Logement,MAMH — Données Québec (rôle d'évaluation foncière),https://donneesouvertes.affmunqc.net/role/RL58007_2026.xml,,,,
"5580, Vallerand",,Brossard,,,570,1968,279000,357700,636700,2025,Logement,MAMH — Données Québec (rôle d'évaluation foncière),https://donneesouvertes.affmunqc.net/role/RL58007_2026.xml,,,,
"5615, Vallerand",,Brossard,,,645.2,1968,292600,396300,688900,2025,Logement,MAMH — Données Québec (rôle d'évaluation foncière),https://donneesouvertes.affmunqc.net/role/RL58007_2026.xml,,,,
"630, Victor-hugo",,Brossard,,,579.1,1967,281600,343400,625000,2025,Logement,MAMH — Données Québec (rôle d'évaluation foncière),https://donneesouvertes.affmunqc.net/role/RL58007_2026.xml,,,,
"5590, Vallerand",,Brossard,,,661.9,1969,294400,404400,698800,2025,Logement,MAMH — Données Québec (rôle d'évaluation foncière),https://donneesouvertes.affmunqc.net/role/RL58007_2026.xml,,,,
"5635, Vallerand",,Brossard,,,600.3,1968,287600,432800,720400,2025,Logement,MAMH — Données Québec (rôle d'évaluation foncière),https://donneesouvertes.affmunqc.net/role/RL58007_2026.xml,,,,
"5655, Vallerand",,Brossard,,,585.1,1968,283300,315900,599200,2025,Logement,MAMH — Données Québec (rôle d'évaluation foncière),https://donneesouvertes.affmunqc.net/role/RL58007_2026.xml,,,,
"5600, Vallerand",,Brossard,,,861.8,1972,316400,349600,666000,2025,Logement,MAMH — Données Québec (rôle d'évaluation foncière),https://donneesouvertes.affmunqc.net/role/RL58007_2026.xml,,,,
"5440, Vallée",,Brossard,,,557.4,1966,275300,276600,551900,2025,Logement,MAMH — Données Québec (rôle d'évaluation foncière),https://donneesouvertes.affmunqc.net/role/RL58007_2026.xml,,,,
"5430, Vallée",,Brossard,,,954.6,1966,326600,408200,734800,2025,Logement,MAMH — Données Québec (rôle d'évaluation foncière),https://donneesouvertes.affmunqc.net/role/RL58007_2026.xml,,,,
"5450, Vallée",,Brossard,,,557.4,1966,275300,409700,685000,2025,Logement,MAMH — Données Québec (rôle d'évaluation foncière),https://donneesouvertes.affmunqc.net/role/RL58007_2026.xml,,,,
"5460, Vallée",,Brossard,,,501.7,1966,259300,268200,527500,2025,Logement,MAMH — Données Québec (rôle d'évaluation foncière),https://donneesouvertes.affmunqc.net/role/RL58007_2026.xml,,,,
"5420, Vallée",,Brossard,,,594.6,1966,286000,319300,605300,2025,Logement,MAMH — Données Québec (rôle d'évaluation foncière),https://donneesouvertes.affmunqc.net/role/RL58007_2026.xml,,,,
"5425, Vallée",,Brossard,,,694.5,1966,298000,328100,626100,2025,Logement,MAMH — Données Québec (rôle d'évaluation foncière),https://donneesouvertes.affmunqc.net/role/RL58007_2026.xml,,,,
"5465, Vallée",,Brossard,,,587.6,1966,284000,315500,599500,2025,Logement,MAMH — Données Québec (rôle d'évaluation foncière),https://donneesouvertes.affmunqc.net/role/RL58007_2026.xml,,,,
"5455, Vallée",,Brossard,,,497.5,1966,258100,271800,529900,2025,Logement,MAMH — Données Québec (rôle d'évaluation foncière),https://donneesouvertes.affmunqc.net/role/RL58007_2026.xml,,,,
"5445, Vallée",,Brossard,,,485,1966,254500,245400,499900,2025,Logement,MAMH — Données Québec (rôle d'évaluation foncière),https://donneesouvertes.affmunqc.net/role/RL58007_2026.xml,,,,
"5435, Vallée",,Brossard,,,749.5,1965,304000,325200,629200,2025,Logement,MAMH — Données Québec (rôle d'évaluation foncière),https://donneesouvertes.affmunqc.net/role/RL58007_2026.xml,,,,
"5590, Varin",,Brossard,,,630.2,1966,290900,297400,588300,2025,Logement,MAMH — Données Québec (rôle d'évaluation foncière),https://donneesouvertes.affmunqc.net/role/RL58007_2026.xml,,,,
"5580, Varin",,Brossard,,,590,1966,284700,332400,617100,2025,Logement,MAMH — Données Québec (rôle d'évaluation foncière),https://donneesouvertes.affmunqc.net/role/RL58007_2026.xml,,,,
"5570, Varin",,Brossard,,,610.4,1966,288700,289200,577900,2025,Logement,MAMH — Données Québec (rôle d'évaluation foncière),https://donneesouvertes.affmunqc.net/role/RL58007_2026.xml,,,,
"5560, Varin",,Brossard,,,630.7,1966,291000,350600,641600,2025,Logement,MAMH — Données Québec (rôle d'évaluation foncière),https://donneesouvertes.affmunqc.net/role/RL58007_2026.xml,,,,
"5550, Varin",,Brossard,,,619.7,1966,289800,298000,587800,2025,Logement,MAMH — Données Québec (rôle d'évaluation foncière),https://donneesouvertes.affmunqc.net/role/RL58007_2026.xml,,,,
"5470, Vallée",,Brossard,,,501.7,1966,259300,278100,537400,2025,Logement,MAMH — Données Québec (rôle d'évaluation foncière),https://donneesouvertes.affmunqc.net/role/RL58007_2026.xml,,,,
"5480, Vallée",,Brossard,,,501.7,1966,259300,286000,545300,2025,Logement,MAMH — Données Québec (rôle d'évaluation foncière),https://donneesouvertes.affmunqc.net/role/RL58007_2026.xml,,,,
"5490, Vallée",,Brossard,,,557.4,1966,275300,372700,648000,2025,Logement,MAMH — Données Québec (rôle d'évaluation foncière),https://donneesouvertes.affmunqc.net/role/RL58007_2026.xml,,,,
"620, Verdure",,Brossard,,,510.1,1965,261700,298300,560000,2025,Logement,MAMH — Données Québec (rôle d'évaluation foncière),https://donneesouvertes.affmunqc.net/role/RL58007_2026.xml,,,,
"630, Verdure",,Brossard,,,511,1965,262000,322100,584100,2025,Logement,MAMH — Données Québec (rôle d'évaluation foncière),https://donneesouvertes.affmunqc.net/role/RL58007_2026.xml,,,,
"645, Verdure",,Brossard,,,529.5,1966,267300,254900,522200,2025,Logement,MAMH — Données Québec (rôle d'évaluation foncière),https://donneesouvertes.affmunqc.net/role/RL58007_2026.xml,,,,
"640, Verdure",,Brossard,,,511,1966,262000,336300,598300,2025,Logement,MAMH — Données Québec (rôle d'évaluation foncière),https://donneesouvertes.affmunqc.net/role/RL58007_2026.xml,,,,
"5475, Vallée",,Brossard,,,619.7,1966,289800,354400,644200,2025,Logement,MAMH — Données Québec (rôle d'évaluation foncière),https://donneesouvertes.affmunqc.net/role/RL58007_2026.xml,,,,
"665, Verdure",,Brossard,,,485.4,1966,254600,281900,536500,2025,Logement,MAMH — Données Québec (rôle d'évaluation foncière),https://donneesouvertes.affmunqc.net/role/RL58007_2026.xml,,,,
"650, Verdure",,Brossard,,,511,1966,262000,263700,525700,2025,Logement,MAMH — Données Québec (rôle d'évaluation foncière),https://donneesouvertes.affmunqc.net/role/RL58007_2026.xml,,,,
"685, Verdure",,Brossard,,,485.4,1966,254600,301500,556100,2025,Logement,MAMH — Données Québec (rôle d'évaluation foncière),https://donneesouvertes.affmunqc.net/role/RL58007_2026.xml,,,,
"660, Verdure",,Brossard,,,511,1966,262000,296600,558600,2025,Logement,MAMH — Données Québec (rôle d'évaluation foncière),https://donneesouvertes.affmunqc.net/role/RL58007_2026.xml,,,,
"5540, Varin",,Brossard,,,619.7,1966,289800,318500,608300,2025,Logement,MAMH — Données Québec (rôle d'évaluation foncière),https://donneesouvertes.affmunqc.net/role/RL58007_2026.xml,,,,
"705, Verdure",,Brossard,,,529.5,1966,267300,358200,625500,2025,Logement,MAMH — Données Québec (rôle d'évaluation foncière),https://donneesouvertes.affmunqc.net/role/RL58007_2026.xml,,,,
"670, Verdure",,Brossard,,,511,1966,262000,265600,527600,2025,Logement,MAMH — Données Québec (rôle d'évaluation foncière),https://donneesouvertes.affmunqc.net/role/RL58007_2026.xml,,,,
"685, Villars",,Brossard,,,959.1,1967,278000,404000,682000,2025,Logement,MAMH — Données Québec (rôle d'évaluation foncière),https://donneesouvertes.affmunqc.net/role/RL58007_2026.xml,,,,
"660, Venise",,Brossard,,,860.5,1966,284600,325600,610200,2025,Logement,MAMH — Données Québec (rôle d'évaluation foncière),https://donneesouvertes.affmunqc.net/role/RL58007_2026.xml,,,,
"695, Villars",,Brossard,,,605.1,1966,288200,374000,662200,2025,Logement,MAMH — Données Québec (rôle d'évaluation foncière),https://donneesouvertes.affmunqc.net/role/RL58007_2026.xml,,,,
"670, Venise",,Brossard,,,860.5,1967,284600,389800,674400,2025,Logement,MAMH — Données Québec (rôle d'évaluation foncière),https://donneesouvertes.affmunqc.net/role/RL58007_2026.xml,,,,
"725, Victor-hugo",,Brossard,,,1054,1967,273400,331300,604700,2025,Logement,MAMH — Données Québec (rôle d'évaluation foncière),https://donneesouvertes.affmunqc.net/role/RL58007_2026.xml,,,,
"680, Venise",,Brossard,,,860.5,1966,284600,368700,653300,2025,Logement,MAMH — Données Québec (rôle d'évaluation foncière),https://donneesouvertes.affmunqc.net/role/RL58007_2026.xml,,,,
"710, Victor-hugo",,Brossard,,,585.3,1972,283400,404700,688100,2025,Logement,MAMH — Données Québec (rôle d'évaluation foncière),https://donneesouvertes.affmunqc.net/role/RL58007_2026.xml,,,,
"650, Victor-hugo",,Brossard,,,547.4,1967,272500,347400,619900,2025,Logement,MAMH — Données Québec (rôle d'évaluation foncière),https://donneesouvertes.affmunqc.net/role/RL58007_2026.xml,,,,
"700, Villars",,Brossard,,,566.7,1966,278000,351700,629700,2025,Logement,MAMH — Données Québec (rôle d'évaluation foncière),https://donneesouvertes.affmunqc.net/role/RL58007_2026.xml,,,,
"660, Victor-hugo",,Brossard,,,547.4,1967,272500,302200,574700,2025,Logement,MAMH — Données Québec (rôle d'évaluation foncière),https://donneesouvertes.affmunqc.net/role/RL58007_2026.xml,,,,
"670, Victor-hugo",,Brossard,,,547.4,1972,272500,385500,658000,2025,Logement,MAMH — Données Québec (rôle d'évaluation foncière),https://donneesouvertes.affmunqc.net/role/RL58007_2026.xml,,,,
"5705, Vallerand",,Brossard,,,522.8,1967,265400,347500,612900,2025,Logement,MAMH — Données Québec (rôle d'évaluation foncière),https://donneesouvertes.affmunqc.net/role/RL58007_2026.xml,,,,
"680, Victor-hugo",,Brossard,,,504.1,1967,260000,315200,575200,2025,Logement,MAMH — Données Québec (rôle d'évaluation foncière),https://donneesouvertes.affmunqc.net/role/RL58007_2026.xml,,,,
"5725, Vallerand",,Brossard,,,507.3,1967,260900,332700,593600,2025,Logement,MAMH — Données Québec (rôle d'évaluation foncière),https://donneesouvertes.affmunqc.net/role/RL58007_2026.xml,,,,
"690, Victor-hugo",,Brossard,,,485,1967,254500,360300,614800,2025,Logement,MAMH — Données Québec (rôle d'évaluation foncière),https://donneesouvertes.affmunqc.net/role/RL58007_2026.xml,,,,
"5745, Vallerand",,Brossard,,,498.7,1972,258400,457900,716300,2025,Logement,MAMH — Données Québec (rôle d'évaluation foncière),https://donneesouvertes.affmunqc.net/role/RL58007_2026.xml,,,,
"700, Victor-hugo",,Brossard,,,485,1967,254500,350000,604500,2025,Logement,MAMH — Données Québec (rôle d'évaluation foncière),https://donneesouvertes.affmunqc.net/role/RL58007_2026.xml,,,,
"5765, Vallerand",,Brossard,,,521.6,1972,265000,354600,619600,2025,Logement,MAMH — Données Québec (rôle d'évaluation foncière),https://donneesouvertes.affmunqc.net/role/RL58007_2026.xml,,,,
"5785, Vallerand",,Brossard,,,485,1972,254500,260500,515000,2025,Logement,MAMH — Données Québec (rôle d'évaluation foncière),https://donneesouvertes.affmunqc.net/role/RL58007_2026.xml,,,,
"5805, Vallerand",,Brossard,,,485,1972,254500,349300,603800,2025,Logement,MAMH — Données Québec (rôle d'évaluation foncière),https://donneesouvertes.affmunqc.net/role/RL58007_2026.xml,,,,
"5825, Vallerand",,Brossard,,,566.7,1972,278000,335600,613600,2025,Logement,MAMH — Données Québec (rôle d'évaluation foncière),https://donneesouvertes.affmunqc.net/role/RL58007_2026.xml,,,,
"5760, Vallerand",,Brossard,,,584.8,1972,283200,307500,590700,2025,Logement,MAMH — Données Québec (rôle d'évaluation foncière),https://donneesouvertes.affmunqc.net/role/RL58007_2026.xml,,,,
"5675, Vallerand",,Brossard,,,570.9,1968,279200,309500,588700,2025,Logement,MAMH — Données Québec (rôle d'évaluation foncière),https://donneesouvertes.affmunqc.net/role/RL58007_2026.xml,,,,
"5695, Vallerand",,Brossard,,,542.1,1967,270900,307800,578700,2025,Logement,MAMH — Données Québec (rôle d'évaluation foncière),https://donneesouvertes.affmunqc.net/role/RL58007_2026.xml,,,,
"5650, Vallerand",,Brossard,,,5455.1,,1363800,,1363800,2025,Institutionnel,MAMH — Données Québec (rôle d'évaluation foncière),https://donneesouvertes.affmunqc.net/role/RL58007_2026.xml,,,,
"5700, Vallerand",,Brossard,,,814.6,1969,311200,448200,759400,2025,Logement,MAMH — Données Québec (rôle d'évaluation foncière),https://donneesouvertes.affmunqc.net/role/RL58007_2026.xml,,,,
"5720, Vallerand",,Brossard,,,699.3,1972,298500,267900,566400,2025,Logement,MAMH — Données Québec (rôle d'évaluation foncière),https://donneesouvertes.affmunqc.net/role/RL58007_2026.xml,,,,
"5740, Vallerand",,Brossard,,,624.4,1972,290300,332300,622600,2025,Logement,MAMH — Données Québec (rôle d'évaluation foncière),https://donneesouvertes.affmunqc.net/role/RL58007_2026.xml,,,,
"799, Viger, app. 803",,Brossard,,,934,1974,324300,546000,870300,2025,Logement,MAMH — Données Québec (rôle d'évaluation foncière),https://donneesouvertes.affmunqc.net/role/RL58007_2026.xml,,,,
"5595, Varin",,Brossard,,,627.1,1966,290600,433200,723800,2025,Logement,MAMH — Données Québec (rôle d'évaluation foncière),https://donneesouvertes.affmunqc.net/role/RL58007_2026.xml,,,,
"5585, Varin",,Brossard,,,520.3,1966,264600,381200,645800,2025,Logement,MAMH — Données Québec (rôle d'évaluation foncière),https://donneesouvertes.affmunqc.net/role/RL58007_2026.xml,,,,
"5575, Varin",,Brossard,,,517.2,1966,263800,305700,569500,2025,Logement,MAMH — Données Québec (rôle d'évaluation foncière),https://donneesouvertes.affmunqc.net/role/RL58007_2026.xml,,,,
"5565, Varin",,Brossard,,,517.7,1966,263900,333200,597100,2025,Logement,MAMH — Données Québec (rôle d'évaluation foncière),https://donneesouvertes.affmunqc.net/role/RL58007_2026.xml,,,,
"5555, Varin",,Brossard,,,517.9,1966,264000,252800,516800,2025,Logement,MAMH — Données Québec (rôle d'évaluation foncière),https://donneesouvertes.affmunqc.net/role/RL58007_2026.xml,,,,
"5560, Vermette",,Brossard,,,550.2,1967,273300,287000,560300,2025,Logement,MAMH — Données Québec (rôle d'évaluation foncière),https://donneesouvertes.affmunqc.net/role/RL58007_2026.xml,,,,
"5550, Vermette",,Brossard,,,550.4,1967,273300,288600,561900,2025,Logement,MAMH — Données Québec (rôle d'évaluation foncière),https://donneesouvertes.affmunqc.net/role/RL58007_2026.xml,,,,
"5540, Vermette",,Brossard,,,550.6,1967,273400,350100,623500,2025,Logement,MAMH — Données Québec (rôle d'évaluation foncière),https://donneesouvertes.affmunqc.net/role/RL58007_2026.xml,,,,
"680, Verdure",,Brossard,,,511,1966,262000,287800,549800,2025,Logement,MAMH — Données Québec (rôle d'évaluation foncière),https://donneesouvertes.affmunqc.net/role/RL58007_2026.xml,,,,
"690, Verdure",,Brossard,,,511,1966,262000,353100,615100,2025,Logement,MAMH — Données Québec (rôle d'évaluation foncière),https://donneesouvertes.affmunqc.net/role/RL58007_2026.xml,,,,
"5545, Varin",,Brossard,,,471.9,1966,250700,344600,595300,2025,Logement,MAMH — Données Québec (rôle d'évaluation foncière),https://donneesouvertes.affmunqc.net/role/RL58007_2026.xml,,,,
"5535, Varin",,Brossard,,,462.9,1966,248100,266400,514500,2025,Logement,MAMH — Données Québec (rôle d'évaluation foncière),https://donneesouvertes.affmunqc.net/role/RL58007_2026.xml,,,,
"5525, Varin",,Brossard,,,602.9,1966,287900,338800,626700,2025,Logement,MAMH — Données Québec (rôle d'évaluation foncière),https://donneesouvertes.affmunqc.net/role/RL58007_2026.xml,,,,
"700, Verdure",,Brossard,,,464.5,1966,248600,211600,460200,2025,Logement,MAMH — Données Québec (rôle d'évaluation foncière),https://donneesouvertes.affmunqc.net/role/RL58007_2026.xml,,,,
"710, Verdure",,Brossard,,,464.5,1966,248600,286900,535500,2025,Logement,MAMH — Données Québec (rôle d'évaluation foncière),https://donneesouvertes.affmunqc.net/role/RL58007_2026.xml,,,,
"5530, Vermette",,Brossard,,,550.9,1967,273500,235800,509300,2025,Logement,MAMH — Données Québec (rôle d'évaluation foncière),https://donneesouvertes.affmunqc.net/role/RL58007_2026.xml,,,,
"5520, Vermette",,Brossard,,,642.5,1967,292300,350000,642300,2025,Logement,MAMH — Données Québec (rôle d'évaluation foncière),https://donneesouvertes.affmunqc.net/role/RL58007_2026.xml,,,,
"720, Verdure",,Brossard,,,511,1967,262000,293700,555700,2025,Logement,MAMH — Données Québec (rôle d'évaluation foncière),https://donneesouvertes.affmunqc.net/role/RL58007_2026.xml,,,,
"730, Verdure",,Brossard,,,464.5,1967,248600,223100,471700,2025,Logement,MAMH — Données Québec (rôle d'évaluation foncière),https://donneesouvertes.affmunqc.net/role/RL58007_2026.xml,,,,
"675, Ponsard, app. 765",,Brossard,,,8185.9,,1122000,6870600,7992600,2025,Logement,MAMH — Données Québec (rôle d'évaluation foncière),https://donneesouvertes.affmunqc.net/role/RL58007_2026.xml,,,,
"805, Perrier, app. 807",,Brossard,,,423.6,1967,236800,557000,793800,2025,Logement,MAMH — Données Québec (rôle d'évaluation foncière),https://donneesouvertes.affmunqc.net/role/RL58007_2026.xml,,,,
"5780, Vallerand",,Brossard,,,567.4,1972,278200,586800,865000,2025,Logement,MAMH — Données Québec (rôle d'évaluation foncière),https://donneesouvertes.affmunqc.net/role/RL58007_2026.xml,,,,
"5800, Vallerand",,Brossard,,,547.5,1972,272500,416800,689300,2025,Logement,MAMH — Données Québec (rôle d'évaluation foncière),https://donneesouvertes.affmunqc.net/role/RL58007_2026.xml,,,,
"5820, Vallerand",,Brossard,,,547.7,1972,272500,323900,596400,2025,Logement,MAMH — Données Québec (rôle d'évaluation foncière),https://donneesouvertes.affmunqc.net/role/RL58007_2026.xml,,,,
"700, Picard, app. 704",,Brossard,,,464.5,1971,248600,532600,781200,2025,Logement,MAMH — Données Québec (rôle d'évaluation foncière),https://donneesouvertes.affmunqc.net/role/RL58007_2026.xml,,,,
"5840, Vallerand",,Brossard,,,631.6,1972,291100,308700,599800,2025,Logement,MAMH — Données Québec (rôle d'évaluation foncière),https://donneesouvertes.affmunqc.net/role/RL58007_2026.xml,,,,
"690, Picard",,Brossard,,,275.9,1973,158600,236400,395000,2025,Logement,MAMH — Données Québec (rôle d'évaluation foncière),https://donneesouvertes.affmunqc.net/role/RL58007_2026.xml,,,,
"680, Picard",,Brossard,,,171.4,1973,98600,281100,379700,2025,Logement,MAMH — Données Québec (rôle d'évaluation foncière),https://donneesouvertes.affmunqc.net/role/RL58007_2026.xml,,,,
"670, Picard",,Brossard,,,171.4,1973,98600,274400,373000,2025,Logement,MAMH — Données Québec (rôle d'évaluation foncière),https://donneesouvertes.affmunqc.net/role/RL58007_2026.xml,,,,
"660, Picard",,Brossard,,,275.9,1973,158600,252100,410700,2025,Logement,MAMH — Données Québec (rôle d'évaluation foncière),https://donneesouvertes.affmunqc.net/role/RL58007_2026.xml,,,,
"650, Picard",,Brossard,,,285.2,1973,164000,299000,463000,2025,Logement,MAMH — Données Québec (rôle d'évaluation foncière),https://donneesouvertes.affmunqc.net/role/RL58007_2026.xml,,,,
"640, Picard",,Brossard,,,244.8,1973,140800,256600,397400,2025,Logement,MAMH — Données Québec (rôle d'évaluation foncière),https://donneesouvertes.affmunqc.net/role/RL58007_2026.xml,,,,
"795, Perrier, app. 797",,Brossard,,,397.2,1966,228400,450100,678500,2025,Logement,MAMH — Données Québec (rôle d'évaluation foncière),https://donneesouvertes.affmunqc.net/role/RL58007_2026.xml,,,,
"675, Picard",,Brossard,,,380.4,1972,218700,228600,447300,2025,Logement,MAMH — Données Québec (rôle d'évaluation foncière),https://donneesouvertes.affmunqc.net/role/RL58007_2026.xml,,,,
"801, Perrier, app. 803",,Brossard,,,374.2,1966,215200,427200,642400,2025,Logement,MAMH — Données Québec (rôle d'évaluation foncière),https://donneesouvertes.affmunqc.net/role/RL58007_2026.xml,,,,
"774, Ponsard, app. 780",,Brossard,,,565.7,1969,277700,580800,858500,2025,Logement,MAMH — Données Québec (rôle d'évaluation foncière),https://donneesouvertes.affmunqc.net/role/RL58007_2026.xml,,,,
"750, Picard",,Brossard,,,716,1972,300400,261900,562300,2025,Logement,MAMH — Données Québec (rôle d'évaluation foncière),https://donneesouvertes.affmunqc.net/role/RL58007_2026.xml,,,,
"740, Picard",,Brossard,,,277.1,1972,159300,236400,395700,2025,Logement,MAMH — Données Québec (rôle d'évaluation foncière),https://donneesouvertes.affmunqc.net/role/RL58007_2026.xml,,,,
"730, Picard",,Brossard,,,242.3,1972,139300,256000,395300,2025,Logement,MAMH — Données Québec (rôle d'évaluation foncière),https://donneesouvertes.affmunqc.net/role/RL58007_2026.xml,,,,
"805, Viger, app. 809",,Brossard,,,538.7,1974,269900,479500,749400,2025,Logement,MAMH — Données Québec (rôle d'évaluation foncière),https://donneesouvertes.affmunqc.net/role/RL58007_2026.xml,,,,
"720, Picard",,Brossard,,,380.3,1972,218700,275300,494000,2025,Logement,MAMH — Données Québec (rôle d'évaluation foncière),https://donneesouvertes.affmunqc.net/role/RL58007_2026.xml,,,,
"710, Picard, app. 712",,Brossard,,,464.5,1972,248600,602300,850900,2025,Logement,MAMH — Données Québec (rôle d'évaluation foncière),https://donneesouvertes.affmunqc.net/role/RL58007_2026.xml,,,,
"811, Viger, app. 815",,Brossard,,,404.5,1974,231300,506000,737300,2025,Logement,MAMH — Données Québec (rôle d'évaluation foncière),https://donneesouvertes.affmunqc.net/role/RL58007_2026.xml,,,,
"760, Picard",,Brossard,,,415.7,1972,234500,281000,515500,2025,Logement,MAMH — Données Québec (rôle d'évaluation foncière),https://donneesouvertes.affmunqc.net/role/RL58007_2026.xml,,,,
"770, Picard",,Brossard,,,200.7,1972,115400,228300,343700,2025,Logement,MAMH — Données Québec (rôle d'évaluation foncière),https://donneesouvertes.affmunqc.net/role/RL58007_2026.xml,,,,
"817, Viger, app. 821",,Brossard,,,367.9,1974,211500,472900,684400,2025,Logement,MAMH — Données Québec (rôle d'évaluation foncière),https://donneesouvertes.affmunqc.net/role/RL58007_2026.xml,,,,
"780, Picard",,Brossard,,,200.7,1972,115400,322600,438000,2025,Logement,MAMH — Données Québec (rôle d'évaluation foncière),https://donneesouvertes.affmunqc.net/role/RL58007_2026.xml,,,,
"790, Picard",,Brossard,,,200.7,1972,115400,224600,340000,2025,Logement,MAMH — Données Québec (rôle d'évaluation foncière),https://donneesouvertes.affmunqc.net/role/RL58007_2026.xml,,,,
"823, Viger, app. 825",,Brossard,,,367.9,1969,211500,647800,859300,2025,Logement,MAMH — Données Québec (rôle d'évaluation foncière),https://donneesouvertes.affmunqc.net/role/RL58007_2026.xml,,,,
"800, Picard",,Brossard,,,200.7,1972,115400,255200,370600,2025,Logement,MAMH — Données Québec (rôle d'évaluation foncière),https://donneesouvertes.affmunqc.net/role/RL58007_2026.xml,,,,
"705, Picard",,Brossard,,,331.9,1972,190800,236600,427400,2025,Logement,MAMH — Données Québec (rôle d'évaluation foncière),https://donneesouvertes.affmunqc.net/role/RL58007_2026.xml,,,,
"829, Viger, app. 831",,Brossard,,,367.9,1969,211500,481000,692500,2025,Logement,MAMH — Données Québec (rôle d'évaluation foncière),https://donneesouvertes.affmunqc.net/role/RL58007_2026.xml,,,,
"810, Picard",,Brossard,,,306,1972,176000,267800,443800,2025,Logement,MAMH — Données Québec (rôle d'évaluation foncière),https://donneesouvertes.affmunqc.net/role/RL58007_2026.xml,,,,
"695, Picard",,Brossard,,,202.9,1972,116700,248200,364900,2025,Logement,MAMH — Données Québec (rôle d'évaluation foncière),https://donneesouvertes.affmunqc.net/role/RL58007_2026.xml,,,,
"685, Picard",,Brossard,,,202.9,1972,116700,288400,405100,2025,Logement,MAMH — Données Québec (rôle d'évaluation foncière),https://donneesouvertes.affmunqc.net/role/RL58007_2026.xml,,,,
"835, Viger, app. 837",,Brossard,,,367.9,1974,211500,413400,624900,2025,Logement,MAMH — Données Québec (rôle d'évaluation foncière),https://donneesouvertes.affmunqc.net/role/RL58007_2026.xml,,,,
"820, Picard",,Brossard,,,306,1972,176000,208200,384200,2025,Logement,MAMH — Données Québec (rôle d'évaluation foncière),https://donneesouvertes.affmunqc.net/role/RL58007_2026.xml,,,,
"830, Picard",,Brossard,,,200.7,1972,115400,257100,372500,2025,Logement,MAMH — Données Québec (rôle d'évaluation foncière),https://donneesouvertes.affmunqc.net/role/RL58007_2026.xml,,,,
"841, Viger, app. 843",,Brossard,,,367.9,1974,211500,454000,665500,2025,Logement,MAMH — Données Québec (rôle d'évaluation foncière),https://donneesouvertes.affmunqc.net/role/RL58007_2026.xml,,,,
"845, Picard",,Brossard,,,522.3,1972,265200,220000,485200,2025,Logement,MAMH — Données Québec (rôle d'évaluation foncière),https://donneesouvertes.affmunqc.net/role/RL58007_2026.xml,,,,
"840, Picard",,Brossard,,,200.7,1972,115400,234700,350100,2025,Logement,MAMH — Données Québec (rôle d'évaluation foncière),https://donneesouvertes.affmunqc.net/role/RL58007_2026.xml,,,,
"5595, Vermette",,Brossard,,,520.4,1967,264700,287600,552300,2025,Logement,MAMH — Données Québec (rôle d'évaluation foncière),https://donneesouvertes.affmunqc.net/role/RL58007_2026.xml,,,,
"5585, Vermette",,Brossard,,,464.5,1967,248600,288700,537300,2025,Logement,MAMH — Données Québec (rôle d'évaluation foncière),https://donneesouvertes.affmunqc.net/role/RL58007_2026.xml,,,,
"5575, Vermette",,Brossard,,,464.5,1967,248600,272600,521200,2025,Logement,MAMH — Données Québec (rôle d'évaluation foncière),https://donneesouvertes.affmunqc.net/role/RL58007_2026.xml,,,,
"5565, Vermette",,Brossard,,,492.4,1967,256600,351600,608200,2025,Logement,MAMH — Données Québec (rôle d'évaluation foncière),https://donneesouvertes.affmunqc.net/role/RL58007_2026.xml,,,,
"5555, Vermette",,Brossard,,,511,1967,262000,346300,608300,2025,Logement,MAMH — Données Québec (rôle d'évaluation foncière),https://donneesouvertes.affmunqc.net/role/RL58007_2026.xml,,,,
"5560, Viau",,Brossard,,,836.26,1967,313600,302700,616300,2025,Logement,MAMH — Données Québec (rôle d'évaluation foncière),https://donneesouvertes.affmunqc.net/role/RL58007_2026.xml,,,,
"5570, Viau",,Brossard,,,464.5,1967,248600,302100,550700,2025,Logement,MAMH — Données Québec (rôle d'évaluation foncière),https://donneesouvertes.affmunqc.net/role/RL58007_2026.xml,,,,
"5590, Viau",,Brossard,,,655.6,1967,293700,241500,535200,2025,Logement,MAMH — Données Québec (rôle d'évaluation foncière),https://donneesouvertes.affmunqc.net/role/RL58007_2026.xml,,,,
"5580, Viau",,Brossard,,,532.5,1967,268200,367400,635600,2025,Logement,MAMH — Données Québec (rôle d'évaluation foncière),https://donneesouvertes.affmunqc.net/role/RL58007_2026.xml,,,,
"5550, Viau",,Brossard,,,845.6,1967,314600,334900,649500,2025,Logement,MAMH — Données Québec (rôle d'évaluation foncière),https://donneesouvertes.affmunqc.net/role/RL58007_2026.xml,,,,
"5555, Viau",,Brossard,,,834.9,1967,313400,259700,573100,2025,Logement,MAMH — Données Québec (rôle d'évaluation foncière),https://donneesouvertes.affmunqc.net/role/RL58007_2026.xml,,,,
"5595, Viau",,Brossard,,,775.8,1967,306900,272100,579000,2025,Logement,MAMH — Données Québec (rôle d'évaluation foncière),https://donneesouvertes.affmunqc.net/role/RL58007_2026.xml,,,,
"5585, Viau",,Brossard,,,635.7,1967,291500,237000,528500,2025,Logement,MAMH — Données Québec (rôle d'évaluation foncière),https://donneesouvertes.affmunqc.net/role/RL58007_2026.xml,,,,
"5575, Viau",,Brossard,,,521,1967,264800,281600,546400,2025,Logement,MAMH — Données Québec (rôle d'évaluation foncière),https://donneesouvertes.affmunqc.net/role/RL58007_2026.xml,,,,
"5565, Viau",,Brossard,,,805.3,1967,310200,339900,650100,2025,Logement,MAMH — Données Québec (rôle d'évaluation foncière),https://donneesouvertes.affmunqc.net/role/RL58007_2026.xml,,,,
"725, Verdure",,Brossard,,,672.1,1966,295500,275400,570900,2025,Logement,MAMH — Données Québec (rôle d'évaluation foncière),https://donneesouvertes.affmunqc.net/role/RL58007_2026.xml,,,,
"740, Verdure",,Brossard,,,511,1967,262000,268700,530700,2025,Logement,MAMH — Données Québec (rôle d'évaluation foncière),https://donneesouvertes.affmunqc.net/role/RL58007_2026.xml,,,,
"5545, Vermette",,Brossard,,,464.5,1967,248600,226400,475000,2025,Logement,MAMH — Données Québec (rôle d'évaluation foncière),https://donneesouvertes.affmunqc.net/role/RL58007_2026.xml,,,,
"750, Verdure",,Brossard,,,464.5,1967,248600,252100,500700,2025,Logement,MAMH — Données Québec (rôle d'évaluation foncière),https://donneesouvertes.affmunqc.net/role/RL58007_2026.xml,,,,
"735, Verdure",,Brossard,,,536.5,1967,269300,294500,563800,2025,Logement,MAMH — Données Québec (rôle d'évaluation foncière),https://donneesouvertes.affmunqc.net/role/RL58007_2026.xml,,,,
"760, Verdure",,Brossard,,,511,1967,262000,395100,657100,2025,Logement,MAMH — Données Québec (rôle d'évaluation foncière),https://donneesouvertes.affmunqc.net/role/RL58007_2026.xml,,,,
"745, Verdure",,Brossard,,,536.5,1967,269300,345600,614900,2025,Logement,MAMH — Données Québec (rôle d'évaluation foncière),https://donneesouvertes.affmunqc.net/role/RL58007_2026.xml,,,,
"770, Verdure",,Brossard,,,464.5,1967,248600,250200,498800,2025,Logement,MAMH — Données Québec (rôle d'évaluation foncière),https://donneesouvertes.affmunqc.net/role/RL58007_2026.xml,,,,
"755, Verdure",,Brossard,,,536.5,1967,269300,266200,535500,2025,Logement,MAMH — Données Québec (rôle d'évaluation foncière),https://donneesouvertes.affmunqc.net/role/RL58007_2026.xml,,,,
"780, Verdure",,Brossard,,,511,1967,262000,484700,746700,2025,Logement,MAMH — Données Québec (rôle d'évaluation foncière),https://donneesouvertes.affmunqc.net/role/RL58007_2026.xml,,,,
"765, Verdure",,Brossard,,,536.5,1967,269300,304600,573900,2025,Logement,MAMH — Données Québec (rôle d'évaluation foncière),https://donneesouvertes.affmunqc.net/role/RL58007_2026.xml,,,,
"790, Verdure",,Brossard,,,464.5,1967,248600,244700,493300,2025,Logement,MAMH — Données Québec (rôle d'évaluation foncière),https://donneesouvertes.affmunqc.net/role/RL58007_2026.xml,,,,
"775, Verdure",,Brossard,,,639.4,1967,291900,385500,677400,2025,Logement,MAMH — Données Québec (rôle d'évaluation foncière),https://donneesouvertes.affmunqc.net/role/RL58007_2026.xml,,,,
"809, Perrier, app. 811",,Brossard,,,423.62,1967,236800,563100,799900,2025,Logement,MAMH — Données Québec (rôle d'évaluation foncière),https://donneesouvertes.affmunqc.net/role/RL58007_2026.xml,,,,
"813, Perrier, app. 815",,Brossard,,,454.6,1967,245700,503900,749600,2025,Logement,MAMH — Données Québec (rôle d'évaluation foncière),https://donneesouvertes.affmunqc.net/role/RL58007_2026.xml,,,,
"817, Perrier, app. 819",,Brossard,,,552.7,1967,246600,543900,790500,2025,Logement,MAMH — Données Québec (rôle d'évaluation foncière),https://donneesouvertes.affmunqc.net/role/RL58007_2026.xml,,,,
"821, Perrier, app. 823",,Brossard,,,1272,1967,325400,520700,846100,2025,Logement,MAMH — Données Québec (rôle d'évaluation foncière),https://donneesouvertes.affmunqc.net/role/RL58007_2026.xml,,,,
"814, Perrier",,Brossard,,,331.8,1965,190800,327100,517900,2025,Logement,MAMH — Données Québec (rôle d'évaluation foncière),https://donneesouvertes.affmunqc.net/role/RL58007_2026.xml,,,,
"818, Perrier",,Brossard,,,324.4,1965,186500,229200,415700,2025,Logement,MAMH — Données Québec (rôle d'évaluation foncière),https://donneesouvertes.affmunqc.net/role/RL58007_2026.xml,,,,
"825, Perrier, app. 829",,Brossard,,,468.1,1967,224700,553400,778100,2025,Logement,MAMH — Données Québec (rôle d'évaluation foncière),https://donneesouvertes.affmunqc.net/role/RL58007_2026.xml,,,,
"831, Perrier, app. 833",,Brossard,,,409.7,1967,209500,385300,594800,2025,Logement,MAMH — Données Québec (rôle d'évaluation foncière),https://donneesouvertes.affmunqc.net/role/RL58007_2026.xml,,,,
"822, Perrier, app. 826",,Brossard,,,512.2,1966,262300,475900,738200,2025,Logement,MAMH — Données Québec (rôle d'évaluation foncière),https://donneesouvertes.affmunqc.net/role/RL58007_2026.xml,,,,
"837, Perrier, app. 839",,Brossard,,,409.7,1967,209500,412900,622400,2025,Logement,MAMH — Données Québec (rôle d'évaluation foncière),https://donneesouvertes.affmunqc.net/role/RL58007_2026.xml,,,,
"830, Perrier, app. 832",,Brossard,,,505.2,1966,260300,506900,767200,2025,Logement,MAMH — Données Québec (rôle d'évaluation foncière),https://donneesouvertes.affmunqc.net/role/RL58007_2026.xml,,,,
"843, Perrier, app. 845",,Brossard,,,409.7,1967,209500,449300,658800,2025,Logement,MAMH — Données Québec (rôle d'évaluation foncière),https://donneesouvertes.affmunqc.net/role/RL58007_2026.xml,,,,
"836, Perrier, app. 840",,Brossard,,,646.3,1966,292700,428100,720800,2025,Logement,MAMH — Données Québec (rôle d'évaluation foncière),https://donneesouvertes.affmunqc.net/role/RL58007_2026.xml,,,,
"784, Ponsard, app. 790",,Brossard,,,603.9,1969,288000,587000,875000,2025,Logement,MAMH — Données Québec (rôle d'évaluation foncière),https://donneesouvertes.affmunqc.net/role/RL58007_2026.xml,,,,
"790, Perrier",,Brossard,,,326,1965,187500,218700,406200,2025,Logement,MAMH — Données Québec (rôle d'évaluation foncière),https://donneesouvertes.affmunqc.net/role/RL58007_2026.xml,,,,
"794, Perrier",,Brossard,,,253.2,1965,145600,305800,451400,2025,Logement,MAMH — Données Québec (rôle d'évaluation foncière),https://donneesouvertes.affmunqc.net/role/RL58007_2026.xml,,,,
"794, Ponsard, app. 800",,Brossard,,,561.8,1969,276600,563200,839800,2025,Logement,MAMH — Données Québec (rôle d'évaluation foncière),https://donneesouvertes.affmunqc.net/role/RL58007_2026.xml,,,,
"798, Perrier",,Brossard,,,180,1965,103500,251300,354800,2025,Logement,MAMH — Données Québec (rôle d'évaluation foncière),https://donneesouvertes.affmunqc.net/role/RL58007_2026.xml,,,,
"802, Perrier",,Brossard,,,180,1965,103500,270900,374400,2025,Logement,MAMH — Données Québec (rôle d'évaluation foncière),https://donneesouvertes.affmunqc.net/role/RL58007_2026.xml,,,,
"806, Perrier",,Brossard,,,229.9,1965,132200,291300,423500,2025,Logement,MAMH — Données Québec (rôle d'évaluation foncière),https://donneesouvertes.affmunqc.net/role/RL58007_2026.xml,,,,
"801, Ponsard, app. 803",,Brossard,,,336.9,1967,193700,488500,682200,2025,Logement,MAMH — Données Québec (rôle d'évaluation foncière),https://donneesouvertes.affmunqc.net/role/RL58007_2026.xml,,,,
"810, Perrier",,Brossard,,,266.8,1965,153400,274300,427700,2025,Logement,MAMH — Données Québec (rôle d'évaluation foncière),https://donneesouvertes.affmunqc.net/role/RL58007_2026.xml,,,,
"804, Ponsard, app. 810",,Brossard,,,557.7,1969,275400,562100,837500,2025,Logement,MAMH — Données Québec (rôle d'évaluation foncière),https://donneesouvertes.affmunqc.net/role/RL58007_2026.xml,,,,
"807, Ponsard, app. 809",,Brossard,,,371.8,1967,213800,489000,702800,2025,Logement,MAMH — Données Québec (rôle d'évaluation foncière),https://donneesouvertes.affmunqc.net/role/RL58007_2026.xml,,,,
"814, Ponsard, app. 820",,Brossard,,,557.6,1969,275400,562800,838200,2025,Logement,MAMH — Données Québec (rôle d'évaluation foncière),https://donneesouvertes.affmunqc.net/role/RL58007_2026.xml,,,,
"811, Ponsard, app. 813",,Brossard,,,375,1967,215600,464400,680000,2025,Logement,MAMH — Données Québec (rôle d'évaluation foncière),https://donneesouvertes.affmunqc.net/role/RL58007_2026.xml,,,,
"817, Ponsard, app. 819",,Brossard,,,371.9,1967,213800,444500,658300,2025,Logement,MAMH — Données Québec (rôle d'évaluation foncière),https://donneesouvertes.affmunqc.net/role/RL58007_2026.xml,,,,
"824, Ponsard, app. 830",,Brossard,,,571.3,1969,279300,558900,838200,2025,Logement,MAMH — Données Québec (rôle d'évaluation foncière),https://donneesouvertes.affmunqc.net/role/RL58007_2026.xml,,,,
"823, Ponsard, app. 825",,Brossard,,,375.4,1967,215900,456200,672100,2025,Logement,MAMH — Données Québec (rôle d'évaluation foncière),https://donneesouvertes.affmunqc.net/role/RL58007_2026.xml,,,,
"850, Picard",,Brossard,,,200.7,1972,115400,233700,349100,2025,Logement,MAMH — Données Québec (rôle d'évaluation foncière),https://donneesouvertes.affmunqc.net/role/RL58007_2026.xml,,,,
"847, Viger, app. 849",,Brossard,,,367.9,1967,211500,631300,842800,2025,Logement,MAMH — Données Québec (rôle d'évaluation foncière),https://donneesouvertes.affmunqc.net/role/RL58007_2026.xml,,,,
"855, Picard",,Brossard,,,222.3,1972,127800,259600,387400,2025,Logement,MAMH — Données Québec (rôle d'évaluation foncière),https://donneesouvertes.affmunqc.net/role/RL58007_2026.xml,,,,
"860, Picard",,Brossard,,,200.7,1972,115400,260900,376300,2025,Logement,MAMH — Données Québec (rôle d'évaluation foncière),https://donneesouvertes.affmunqc.net/role/RL58007_2026.xml,,,,
"865, Picard",,Brossard,,,219.2,1972,126000,261800,387800,2025,Logement,MAMH — Données Québec (rôle d'évaluation foncière),https://donneesouvertes.affmunqc.net/role/RL58007_2026.xml,,,,
"870, Picard",,Brossard,,,200.7,1972,115400,271100,386500,2025,Logement,MAMH — Données Québec (rôle d'évaluation foncière),https://donneesouvertes.affmunqc.net/role/RL58007_2026.xml,,,,
"853, Viger, app. 857",,Brossard,,,367.9,1967,211500,430500,642000,2025,Logement,MAMH — Données Québec (rôle d'évaluation foncière),https://donneesouvertes.affmunqc.net/role/RL58007_2026.xml,,,,
"875, Picard",,Brossard,,,328.1,1972,188700,220200,408900,2025,Logement,MAMH — Données Québec (rôle d'évaluation foncière),https://donneesouvertes.affmunqc.net/role/RL58007_2026.xml,,,,
"880, Picard",,Brossard,,,200.7,1972,115400,227700,343100,2025,Logement,MAMH — Données Québec (rôle d'évaluation foncière),https://donneesouvertes.affmunqc.net/role/RL58007_2026.xml,,,,
"859, Viger, app. 861",,Brossard,,,367.9,1967,211500,458000,669500,2025,Logement,MAMH — Données Québec (rôle d'évaluation foncière),https://donneesouvertes.affmunqc.net/role/RL58007_2026.xml,,,,
"895, Picard",,Brossard,,,320.7,1972,184400,264100,448500,2025,Logement,MAMH — Données Québec (rôle d'évaluation foncière),https://donneesouvertes.affmunqc.net/role/RL58007_2026.xml,,,,
"890, Picard",,Brossard,,,306,1972,176000,190600,366600,2025,Logement,MAMH — Données Québec (rôle d'évaluation foncière),https://donneesouvertes.affmunqc.net/role/RL58007_2026.xml,,,,
"905, Picard",,Brossard,,,206.3,1972,118600,260300,378900,2025,Logement,MAMH — Données Québec (rôle d'évaluation foncière),https://donneesouvertes.affmunqc.net/role/RL58007_2026.xml,,,,
"900, Picard",,Brossard,,,306,1972,176000,182600,358600,2025,Logement,MAMH — Données Québec (rôle d'évaluation foncière),https://donneesouvertes.affmunqc.net/role/RL58007_2026.xml,,,,
"865, Viger, app. 867",,Brossard,,,367.9,1967,211500,474700,686200,2025,Logement,MAMH — Données Québec (rôle d'évaluation foncière),https://donneesouvertes.affmunqc.net/role/RL58007_2026.xml,,,,
"915, Picard",,Brossard,,,203.5,1972,117000,293200,410200,2025,Logement,MAMH — Données Québec (rôle d'évaluation foncière),https://donneesouvertes.affmunqc.net/role/RL58007_2026.xml,,,,
"910, Picard",,Brossard,,,200.7,1972,115400,244800,360200,2025,Logement,MAMH — Données Québec (rôle d'évaluation foncière),https://donneesouvertes.affmunqc.net/role/RL58007_2026.xml,,,,
"925, Picard",,Brossard,,,202.9,1972,116700,264700,381400,2025,Logement,MAMH — Données Québec (rôle d'évaluation foncière),https://donneesouvertes.affmunqc.net/role/RL58007_2026.xml,,,,
"871, Viger, app. 873",,Brossard,,,367.9,1967,211500,463900,675400,2025,Logement,MAMH — Données Québec (rôle d'évaluation foncière),https://donneesouvertes.affmunqc.net/role/RL58007_2026.xml,,,,
"920, Picard",,Brossard,,,200.7,1972,115400,284200,399600,2025,Logement,MAMH — Données Québec (rôle d'évaluation foncière),https://donneesouvertes.affmunqc.net/role/RL58007_2026.xml,,,,
"935, Picard",,Brossard,,,202.9,1972,116700,282100,398800,2025,Logement,MAMH — Données Québec (rôle d'évaluation foncière),https://donneesouvertes.affmunqc.net/role/RL58007_2026.xml,,,,
"930, Picard",,Brossard,,,200.7,1972,115400,225800,341200,2025,Logement,MAMH — Données Québec (rôle d'évaluation foncière),https://donneesouvertes.affmunqc.net/role/RL58007_2026.xml,,,,
"877, Viger, app. 879",,Brossard,,,367.9,1967,211500,488500,700000,2025,Logement,MAMH — Données Québec (rôle d'évaluation foncière),https://donneesouvertes.affmunqc.net/role/RL58007_2026.xml,,,,
"940, Picard",,Brossard,,,200.8,1972,115500,289800,405300,2025,Logement,MAMH — Données Québec (rôle d'évaluation foncière),https://donneesouvertes.affmunqc.net/role/RL58007_2026.xml,,,,
"945, Picard",,Brossard,,,485.6,1972,254700,207300,462000,2025,Logement,MAMH — Données Québec (rôle d'évaluation foncière),https://donneesouvertes.affmunqc.net/role/RL58007_2026.xml,,,,
"883, Viger, app. 885",,Brossard,,,367.9,1967,211500,523600,735100,2025,Logement,MAMH — Données Québec (rôle d'évaluation foncière),https://donneesouvertes.affmunqc.net/role/RL58007_2026.xml,,,,
"950, Picard",,Brossard,,,405.2,1972,231500,185100,416600,2025,Logement,MAMH — Données Québec (rôle d'évaluation foncière),https://donneesouvertes.affmunqc.net/role/RL58007_2026.xml,,,,
"865, Verdure",,Brossard,,,565.5,1967,277700,351300,629000,2025,Logement,MAMH — Données Québec (rôle d'évaluation foncière),https://donneesouvertes.affmunqc.net/role/RL58007_2026.xml,,,,
"875, Verdure",,Brossard,,,586.5,1967,283700,323400,607100,2025,Logement,MAMH — Données Québec (rôle d'évaluation foncière),https://donneesouvertes.affmunqc.net/role/RL58007_2026.xml,,,,
"885, Verdure",,Brossard,,,601.7,1967,287800,347700,635500,2025,Logement,MAMH — Données Québec (rôle d'évaluation foncière),https://donneesouvertes.affmunqc.net/role/RL58007_2026.xml,,,,
"895, Verdure",,Brossard,,,616.7,1967,289400,323400,612800,2025,Logement,MAMH — Données Québec (rôle d'évaluation foncière),https://donneesouvertes.affmunqc.net/role/RL58007_2026.xml,,,,
"905, Verdure",,Brossard,,,808.6,1967,310500,304700,615200,2025,Logement,MAMH — Données Québec (rôle d'évaluation foncière),https://donneesouvertes.affmunqc.net/role/RL58007_2026.xml,,,,
"870, Verdure",,Brossard,,,518.9,1967,264200,333800,598000,2025,Logement,MAMH — Données Québec (rôle d'évaluation foncière),https://donneesouvertes.affmunqc.net/role/RL58007_2026.xml,,,,
"880, Verdure",,Brossard,,,518.9,1967,264200,249000,513200,2025,Logement,MAMH — Données Québec (rôle d'évaluation foncière),https://donneesouvertes.affmunqc.net/role/RL58007_2026.xml,,,,
"890, Verdure",,Brossard,,,518.9,1967,264200,334100,598300,2025,Logement,MAMH — Données Québec (rôle d'évaluation foncière),https://donneesouvertes.affmunqc.net/role/RL58007_2026.xml,,,,
"900, Verdure",,Brossard,,,518.9,1967,264200,324000,588200,2025,Logement,MAMH — Données Québec (rôle d'évaluation foncière),https://donneesouvertes.affmunqc.net/role/RL58007_2026.xml,,,,
"910, Verdure",,Brossard,,,608.1,1967,288500,307200,595700,2025,Logement,MAMH — Données Québec (rôle d'évaluation foncière),https://donneesouvertes.affmunqc.net/role/RL58007_2026.xml,,,,
"800, Verdure",,Brossard,,,511,1967,262000,265300,527300,2025,Logement,MAMH — Données Québec (rôle d'évaluation foncière),https://donneesouvertes.affmunqc.net/role/RL58007_2026.xml,,,,
"845, Verdure",,Brossard,,,656.3,1967,293800,336700,630500,2025,Logement,MAMH — Données Québec (rôle d'évaluation foncière),https://donneesouvertes.affmunqc.net/role/RL58007_2026.xml,,,,
"855, Verdure",,Brossard,,,561.6,1967,276500,298100,574600,2025,Logement,MAMH — Données Québec (rôle d'évaluation foncière),https://donneesouvertes.affmunqc.net/role/RL58007_2026.xml,,,,
"810, Verdure",,Brossard,,,533.2,1967,268400,291700,560100,2025,Logement,MAMH — Données Québec (rôle d'évaluation foncière),https://donneesouvertes.affmunqc.net/role/RL58007_2026.xml,,,,
"820, Verdure",,Brossard,,,661.8,1967,294400,330300,624700,2025,Logement,MAMH — Données Québec (rôle d'évaluation foncière),https://donneesouvertes.affmunqc.net/role/RL58007_2026.xml,,,,
"830, Verdure",,Brossard,,,913.9,1967,322100,372400,694500,2025,Logement,MAMH — Données Québec (rôle d'évaluation foncière),https://donneesouvertes.affmunqc.net/role/RL58007_2026.xml,,,,
"840, Verdure",,Brossard,,,621.9,1967,290000,304600,594600,2025,Logement,MAMH — Données Québec (rôle d'évaluation foncière),https://donneesouvertes.affmunqc.net/role/RL58007_2026.xml,,,,
"850, Verdure",,Brossard,,,571.9,1967,279500,276000,555500,2025,Logement,MAMH — Données Québec (rôle d'évaluation foncière),https://donneesouvertes.affmunqc.net/role/RL58007_2026.xml,,,,
"860, Verdure",,Brossard,,,519,1967,264300,274800,539100,2025,Logement,MAMH — Données Québec (rôle d'évaluation foncière),https://donneesouvertes.affmunqc.net/role/RL58007_2026.xml,,,,
"5510, Plamondon, app. 5514",,Brossard,,,420,1969,235800,443000,678800,2025,Logement,MAMH — Données Québec (rôle d'évaluation foncière),https://donneesouvertes.affmunqc.net/role/RL58007_2026.xml,,,,
"5520, Plamondon, app. 5524",,Brossard,,,410.6,1969,233100,394700,627800,2025,Logement,MAMH — Données Québec (rôle d'évaluation foncière),https://donneesouvertes.affmunqc.net/role/RL58007_2026.xml,,,,
"5530, Plamondon, app. 5534",,Brossard,,,415.9,1969,234600,417800,652400,2025,Logement,MAMH — Données Québec (rôle d'évaluation foncière),https://donneesouvertes.affmunqc.net/role/RL58007_2026.xml,,,,
"5540, Plamondon, app. 5544",,Brossard,,,416.3,1969,234700,411200,645900,2025,Logement,MAMH — Données Québec (rôle d'évaluation foncière),https://donneesouvertes.affmunqc.net/role/RL58007_2026.xml,,,,
"849, Perrier, app. 851",,Brossard,,,409.7,1967,209500,427000,636500,2025,Logement,MAMH — Données Québec (rôle d'évaluation foncière),https://donneesouvertes.affmunqc.net/role/RL58007_2026.xml,,,,
"842, Perrier, app. 844",,Brossard,,,506.4,1966,260600,486300,746900,2025,Logement,MAMH — Données Québec (rôle d'évaluation foncière),https://donneesouvertes.affmunqc.net/role/RL58007_2026.xml,,,,
"855, Perrier, app. 857",,Brossard,,,406.8,1968,208800,411800,620600,2025,Logement,MAMH — Données Québec (rôle d'évaluation foncière),https://donneesouvertes.affmunqc.net/role/RL58007_2026.xml,,,,
"848, Perrier, app. 850",,Brossard,,,505.1,1966,260300,486500,746800,2025,Logement,MAMH — Données Québec (rôle d'évaluation foncière),https://donneesouvertes.affmunqc.net/role/RL58007_2026.xml,,,,
"861, Perrier, app. 865",,Brossard,,,412.6,1968,210300,456400,666700,2025,Logement,MAMH — Données Québec (rôle d'évaluation foncière),https://donneesouvertes.affmunqc.net/role/RL58007_2026.xml,,,,
"854, Perrier",,Brossard,,,464.7,1965,248600,222300,470900,2025,Logement,MAMH — Données Québec (rôle d'évaluation foncière),https://donneesouvertes.affmunqc.net/role/RL58007_2026.xml,,,,
"867, Perrier, app. 869",,Brossard,,,555.7,1969,247400,440900,688300,2025,Logement,MAMH — Données Québec (rôle d'évaluation foncière),https://donneesouvertes.affmunqc.net/role/RL58007_2026.xml,,,,
"858, Perrier",,Brossard,,,197.7,1965,113700,237600,351300,2025,Logement,MAMH — Données Québec (rôle d'évaluation foncière),https://donneesouvertes.affmunqc.net/role/RL58007_2026.xml,,,,
"873, Perrier, app. 875",,Brossard,,,630.3,1969,261800,470200,732000,2025,Logement,MAMH — Données Québec (rôle d'évaluation foncière),https://donneesouvertes.affmunqc.net/role/RL58007_2026.xml,,,,
"877, Perrier, app. 879",,Brossard,,,618,1972,260600,400400,661000,2025,Logement,MAMH — Données Québec (rôle d'évaluation foncière),https://donneesouvertes.affmunqc.net/role/RL58007_2026.xml,,,,
"883, Perrier, app. 887",,Brossard,,,702.4,1972,269000,546500,815500,2025,Logement,MAMH — Données Québec (rôle d'évaluation foncière),https://donneesouvertes.affmunqc.net/role/RL58007_2026.xml,,,,
"889, Perrier, app. 891",,Brossard,,,370.7,1972,213200,432000,645200,2025,Logement,MAMH — Données Québec (rôle d'évaluation foncière),https://donneesouvertes.affmunqc.net/role/RL58007_2026.xml,,,,
"829, Ponsard, app. 831",,Brossard,,,390.2,1967,224400,466900,691300,2025,Logement,MAMH — Données Québec (rôle d'évaluation foncière),https://donneesouvertes.affmunqc.net/role/RL58007_2026.xml,,,,
"835, Ponsard, app. 845",,Brossard,,,457.8,1972,246600,501400,748000,2025,Logement,MAMH — Données Québec (rôle d'évaluation foncière),https://donneesouvertes.affmunqc.net/role/RL58007_2026.xml,,,,
"850, Ponsard",,Brossard,,,380,1972,218500,276100,494600,2025,Logement,MAMH — Données Québec (rôle d'évaluation foncière),https://donneesouvertes.affmunqc.net/role/RL58007_2026.xml,,,,
"860, Ponsard",,Brossard,,,209.6,1972,120500,265400,385900,2025,Logement,MAMH — Données Québec (rôle d'évaluation foncière),https://donneesouvertes.affmunqc.net/role/RL58007_2026.xml,,,,
"855, Ponsard, app. 869",,Brossard,,,504.6,1972,260100,449900,710000,2025,Logement,MAMH — Données Québec (rôle d'évaluation foncière),https://donneesouvertes.affmunqc.net/role/RL58007_2026.xml,,,,
"870, Ponsard",,Brossard,,,213.3,1972,122600,289200,411800,2025,Logement,MAMH — Données Québec (rôle d'évaluation foncière),https://donneesouvertes.affmunqc.net/role/RL58007_2026.xml,,,,
"875, Ponsard, app. 889",,Brossard,,,458,1972,246700,486600,733300,2025,Logement,MAMH — Données Québec (rôle d'évaluation foncière),https://donneesouvertes.affmunqc.net/role/RL58007_2026.xml,,,,
"880, Ponsard",,Brossard,,,214.6,1972,123400,288000,411400,2025,Logement,MAMH — Données Québec (rôle d'évaluation foncière),https://donneesouvertes.affmunqc.net/role/RL58007_2026.xml,,,,
"890, Ponsard",,Brossard,,,213.5,1972,122800,248100,370900,2025,Logement,MAMH — Données Québec (rôle d'évaluation foncière),https://donneesouvertes.affmunqc.net/role/RL58007_2026.xml,,,,
"862, Perrier",,Brossard,,,278.1,1965,159900,276400,436300,2025,Logement,MAMH — Données Québec (rôle d'évaluation foncière),https://donneesouvertes.affmunqc.net/role/RL58007_2026.xml,,,,
"895, Ponsard, app. 915",,Brossard,,,407.5,1972,232200,449900,682100,2025,Logement,MAMH — Données Québec (rôle d'évaluation foncière),https://donneesouvertes.affmunqc.net/role/RL58007_2026.xml,,,,
"866, Perrier",,Brossard,,,278.1,1965,159900,284000,443900,2025,Logement,MAMH — Données Québec (rôle d'évaluation foncière),https://donneesouvertes.affmunqc.net/role/RL58007_2026.xml,,,,
"900, Ponsard",,Brossard,,,359.2,1972,206500,262400,468900,2025,Logement,MAMH — Données Québec (rôle d'évaluation foncière),https://donneesouvertes.affmunqc.net/role/RL58007_2026.xml,,,,
"870, Perrier",,Brossard,,,197.7,1965,113700,236200,349900,2025,Logement,MAMH — Données Québec (rôle d'évaluation foncière),https://donneesouvertes.affmunqc.net/role/RL58007_2026.xml,,,,
"5744, Plamondon",,Brossard,,,511.2,1965,262000,262400,524400,2025,Logement,MAMH — Données Québec (rôle d'évaluation foncière),https://donneesouvertes.affmunqc.net/role/RL58007_2026.xml,,,,
"874, Perrier",,Brossard,,,389.3,1965,223800,327200,551000,2025,Logement,MAMH — Données Québec (rôle d'évaluation foncière),https://donneesouvertes.affmunqc.net/role/RL58007_2026.xml,,,,
"5748, Plamondon",,Brossard,,,214.6,1965,123400,240400,363800,2025,Logement,MAMH — Données Québec (rôle d'évaluation foncière),https://donneesouvertes.affmunqc.net/role/RL58007_2026.xml,,,,
"5752, Plamondon",,Brossard,,,214.6,1965,123400,305100,428500,2025,Logement,MAMH — Données Québec (rôle d'évaluation foncière),https://donneesouvertes.affmunqc.net/role/RL58007_2026.xml,,,,
"5756, Plamondon",,Brossard,,,259.9,1965,149400,283900,433300,2025,Logement,MAMH — Données Québec (rôle d'évaluation foncière),https://donneesouvertes.affmunqc.net/role/RL58007_2026.xml,,,,
"5760, Plamondon",,Brossard,,,259.9,1965,149400,333900,483300,2025,Logement,MAMH — Données Québec (rôle d'évaluation foncière),https://donneesouvertes.affmunqc.net/role/RL58007_2026.xml,,,,
"5764, Plamondon",,Brossard,,,344.4,1965,198000,203800,401800,2025,Logement,MAMH — Données Québec (rôle d'évaluation foncière),https://donneesouvertes.affmunqc.net/role/RL58007_2026.xml,,,,
"889, Viger, app. 891",,Brossard,,,367.9,1967,211500,502600,714100,2025,Logement,MAMH — Données Québec (rôle d'évaluation foncière),https://donneesouvertes.affmunqc.net/role/RL58007_2026.xml,,,,
"960, Picard",,Brossard,,,459.6,1972,247200,240700,487900,2025,Logement,MAMH — Données Québec (rôle d'évaluation foncière),https://donneesouvertes.affmunqc.net/role/RL58007_2026.xml,,,,
"970, Picard",,Brossard,,,209.2,1972,120300,300800,421100,2025,Logement,MAMH — Données Québec (rôle d'évaluation foncière),https://donneesouvertes.affmunqc.net/role/RL58007_2026.xml,,,,
"980, Picard",,Brossard,,,200.7,1972,115400,316000,431400,2025,Logement,MAMH — Données Québec (rôle d'évaluation foncière),https://donneesouvertes.affmunqc.net/role/RL58007_2026.xml,,,,
"990, Picard",,Brossard,,,200.7,1972,115400,244800,360200,2025,Logement,MAMH — Données Québec (rôle d'évaluation foncière),https://donneesouvertes.affmunqc.net/role/RL58007_2026.xml,,,,
"1000, Picard",,Brossard,,,200.7,1972,115400,311800,427200,2025,Logement,MAMH — Données Québec (rôle d'évaluation foncière),https://donneesouvertes.affmunqc.net/role/RL58007_2026.xml,,,,
"1010, Picard",,Brossard,,,334.5,1972,192300,193800,386100,2025,Logement,MAMH — Données Québec (rôle d'évaluation foncière),https://donneesouvertes.affmunqc.net/role/RL58007_2026.xml,,,,
"5650, Plamondon, app. 5654",,Brossard,,,470.2,1967,250200,566500,816700,2025,Logement,MAMH — Données Québec (rôle d'évaluation foncière),https://donneesouvertes.affmunqc.net/role/RL58007_2026.xml,,,,
"5658, Plamondon, app. 5660",,Brossard,,,455.9,1967,246100,564700,810800,2025,Logement,MAMH — Données Québec (rôle d'évaluation foncière),https://donneesouvertes.affmunqc.net/role/RL58007_2026.xml,,,,
"5670, Plamondon",,Brossard,,,386,1972,222000,258900,480900,2025,Logement,MAMH — Données Québec (rôle d'évaluation foncière),https://donneesouvertes.affmunqc.net/role/RL58007_2026.xml,,,,
"5680, Plamondon",,Brossard,,,202.4,1972,116400,265200,381600,2025,Logement,MAMH — Données Québec (rôle d'évaluation foncière),https://donneesouvertes.affmunqc.net/role/RL58007_2026.xml,,,,
"5690, Plamondon",,Brossard,,,200.94,1972,115500,277800,393300,2025,Logement,MAMH — Données Québec (rôle d'évaluation foncière),https://donneesouvertes.affmunqc.net/role/RL58007_2026.xml,,,,
"5700, Plamondon",,Brossard,,,200.7,1972,115400,283300,398700,2025,Logement,MAMH — Données Québec (rôle d'évaluation foncière),https://donneesouvertes.affmunqc.net/role/RL58007_2026.xml,,,,
"5710, Plamondon",,Brossard,,,201.5,1972,115900,281300,397200,2025,Logement,MAMH — Données Québec (rôle d'évaluation foncière),https://donneesouvertes.affmunqc.net/role/RL58007_2026.xml,,,,
"5720, Plamondon",,Brossard,,,341,1972,196100,222000,418100,2025,Logement,MAMH — Données Québec (rôle d'évaluation foncière),https://donneesouvertes.affmunqc.net/role/RL58007_2026.xml,,,,
"5715, Plamondon",,Brossard,,,576.4,1971,280800,270600,551400,2025,Logement,MAMH — Données Québec (rôle d'évaluation foncière),https://donneesouvertes.affmunqc.net/role/RL58007_2026.xml,,,,
"5721, Plamondon",,Brossard,,,503.3,1965,259800,284000,543800,2025,Logement,MAMH — Données Québec (rôle d'évaluation foncière),https://donneesouvertes.affmunqc.net/role/RL58007_2026.xml,,,,
"5725, Plamondon",,Brossard,,,503.3,1965,259800,400700,660500,2025,Logement,MAMH — Données Québec (rôle d'évaluation foncière),https://donneesouvertes.affmunqc.net/role/RL58007_2026.xml,,,,
"5729, Plamondon",,Brossard,,,503.3,1965,259800,301200,561000,2025,Logement,MAMH — Données Québec (rôle d'évaluation foncière),https://donneesouvertes.affmunqc.net/role/RL58007_2026.xml,,,,
"5580, Plamondon, app. 5584",,Brossard,,,417.6,1969,235100,404900,640000,2025,Logement,MAMH — Données Québec (rôle d'évaluation foncière),https://donneesouvertes.affmunqc.net/role/RL58007_2026.xml,,,,
"5590, Plamondon, app. 5594",,Brossard,,,411.2,1972,233200,375800,609000,2025,Logement,MAMH — Données Québec (rôle d'évaluation foncière),https://donneesouvertes.affmunqc.net/role/RL58007_2026.xml,,,,
"5600, Plamondon, app. 5604",,Brossard,,,413.1,1972,233800,363200,597000,2025,Logement,MAMH — Données Québec (rôle d'évaluation foncière),https://donneesouvertes.affmunqc.net/role/RL58007_2026.xml,,,,
"5610, Plamondon, app. 5614",,Brossard,,,418.52,1972,235300,382900,618200,2025,Logement,MAMH — Données Québec (rôle d'évaluation foncière),https://donneesouvertes.affmunqc.net/role/RL58007_2026.xml,,,,
"5620, Plamondon, app. 5624",,Brossard,,,418.9,1972,235400,356100,591500,2025,Logement,MAMH — Données Québec (rôle d'évaluation foncière),https://donneesouvertes.affmunqc.net/role/RL58007_2026.xml,,,,
"5630, Plamondon, app. 5634",,Brossard,,,414.2,1972,234100,440200,674300,2025,Logement,MAMH — Données Québec (rôle d'évaluation foncière),https://donneesouvertes.affmunqc.net/role/RL58007_2026.xml,,,,
"5640, Plamondon, app. 5644",,Brossard,,,468.5,1972,249700,402900,652600,2025,Logement,MAMH — Données Québec (rôle d'évaluation foncière),https://donneesouvertes.affmunqc.net/role/RL58007_2026.xml,,,,
"5585, Plamondon, app. 5605",,Brossard,,,1659.4,1971,954200,1147900,2102100,2025,Logement,MAMH — Données Québec (rôle d'évaluation foncière),https://donneesouvertes.affmunqc.net/role/RL58007_2026.xml,,,,
"5655, Plamondon",,Brossard,,,815.4,1972,438900,551100,990000,2025,Logement,MAMH — Données Québec (rôle d'évaluation foncière),https://donneesouvertes.affmunqc.net/role/RL58007_2026.xml,,,,
"5675, Plamondon",,Brossard,,,859,1972,493900,496100,990000,2025,Logement,MAMH — Données Québec (rôle d'évaluation foncière),https://donneesouvertes.affmunqc.net/role/RL58007_2026.xml,,,,
"5650, Parizeau",,Brossard,,,654.1,1968,293600,285600,579200,2025,Logement,MAMH — Données Québec (rôle d'évaluation foncière),https://donneesouvertes.affmunqc.net/role/RL58007_2026.xml,,,,
"5660, Parizeau",,Brossard,,,537,1967,269500,594400,863900,2025,Logement,MAMH — Données Québec (rôle d'évaluation foncière),https://donneesouvertes.affmunqc.net/role/RL58007_2026.xml,,,,
"5670, Parizeau",,Brossard,,,537,1968,269500,260200,529700,2025,Logement,MAMH — Données Québec (rôle d'évaluation foncière),https://donneesouvertes.affmunqc.net/role/RL58007_2026.xml,,,,
"5548, Plamondon, app. 5554",,Brossard,,,406.6,1969,231900,408800,640700,2025,Logement,MAMH — Données Québec (rôle d'évaluation foncière),https://donneesouvertes.affmunqc.net/role/RL58007_2026.xml,,,,
"5560, Plamondon, app. 5564",,Brossard,,,416.8,1969,234800,405600,640400,2025,Logement,MAMH — Données Québec (rôle d'évaluation foncière),https://donneesouvertes.affmunqc.net/role/RL58007_2026.xml,,,,
"5570, Plamondon, app. 5576",,Brossard,,,417.2,1969,235000,489900,724900,2025,Logement,MAMH — Données Québec (rôle d'évaluation foncière),https://donneesouvertes.affmunqc.net/role/RL58007_2026.xml,,,,
"5535, Plamondon, app. 5555",,Brossard,,,1984,1971,1140800,961300,2102100,2025,Logement,MAMH — Données Québec (rôle d'évaluation foncière),https://donneesouvertes.affmunqc.net/role/RL58007_2026.xml,,,,
"870, Paris",,Brossard,,,613.4,1968,289100,375100,664200,2025,Logement,MAMH — Données Québec (rôle d'évaluation foncière),https://donneesouvertes.affmunqc.net/role/RL58007_2026.xml,,,,
"895, Perrier, app. 899",,Brossard,,,370.7,1972,213200,505900,719100,2025,Logement,MAMH — Données Québec (rôle d'évaluation foncière),https://donneesouvertes.affmunqc.net/role/RL58007_2026.xml,,,,
"5770, Plamondon",,Brossard,,,767.8,1972,306100,451400,757500,2025,Logement,MAMH — Données Québec (rôle d'évaluation foncière),https://donneesouvertes.affmunqc.net/role/RL58007_2026.xml,,,,
"5800, Plamondon",,Brossard,,,3852.2,1977,2215000,3593000,5808000,2025,Logement,MAMH — Données Québec (rôle d'évaluation foncière),https://donneesouvertes.affmunqc.net/role/RL58007_2026.xml,,,,
"5785, Plamondon",,Brossard,,,637.02,1965,291700,272700,564400,2025,Logement,MAMH — Données Québec (rôle d'évaluation foncière),https://donneesouvertes.affmunqc.net/role/RL58007_2026.xml,,,,
"5789, Plamondon",,Brossard,,,557.4,1965,275300,230000,505300,2025,Logement,MAMH — Données Québec (rôle d'évaluation foncière),https://donneesouvertes.affmunqc.net/role/RL58007_2026.xml,,,,
"5745, Plamondon",,Brossard,,,529.5,1965,267300,255500,522800,2025,Logement,MAMH — Données Québec (rôle d'évaluation foncière),https://donneesouvertes.affmunqc.net/role/RL58007_2026.xml,,,,
"5751, Plamondon",,Brossard,,,529.5,1965,267300,330700,598000,2025,Logement,MAMH — Données Québec (rôle d'évaluation foncière),https://donneesouvertes.affmunqc.net/role/RL58007_2026.xml,,,,
"5757, Plamondon",,Brossard,,,529.5,1965,267300,269700,537000,2025,Logement,MAMH — Données Québec (rôle d'évaluation foncière),https://donneesouvertes.affmunqc.net/role/RL58007_2026.xml,,,,
"5763, Plamondon",,Brossard,,,529.5,1965,267300,298600,565900,2025,Logement,MAMH — Données Québec (rôle d'évaluation foncière),https://donneesouvertes.affmunqc.net/role/RL58007_2026.xml,,,,
"5742, Parizeau",,Brossard,,,520.3,1972,264600,205300,469900,2025,Logement,MAMH — Données Québec (rôle d'évaluation foncière),https://donneesouvertes.affmunqc.net/role/RL58007_2026.xml,,,,
"5769, Plamondon",,Brossard,,,529.5,1965,267300,281800,549100,2025,Logement,MAMH — Données Québec (rôle d'évaluation foncière),https://donneesouvertes.affmunqc.net/role/RL58007_2026.xml,,,,
"5748, Parizeau",,Brossard,,,520.3,1965,264600,263200,527800,2025,Logement,MAMH — Données Québec (rôle d'évaluation foncière),https://donneesouvertes.affmunqc.net/role/RL58007_2026.xml,,,,
"5775, Plamondon",,Brossard,,,609.9,1965,288700,291100,579800,2025,Logement,MAMH — Données Québec (rôle d'évaluation foncière),https://donneesouvertes.affmunqc.net/role/RL58007_2026.xml,,,,
"5752, Parizeau",,Brossard,,,520.3,1972,264600,256000,520600,2025,Logement,MAMH — Données Québec (rôle d'évaluation foncière),https://donneesouvertes.affmunqc.net/role/RL58007_2026.xml,,,,
"5758, Parizeau",,Brossard,,,520.3,1965,264600,252100,516700,2025,Logement,MAMH — Données Québec (rôle d'évaluation foncière),https://donneesouvertes.affmunqc.net/role/RL58007_2026.xml,,,,
"5764, Parizeau",,Brossard,,,520.3,1965,264600,295300,559900,2025,Logement,MAMH — Données Québec (rôle d'évaluation foncière),https://donneesouvertes.affmunqc.net/role/RL58007_2026.xml,,,,
"5770, Parizeau",,Brossard,,,548,1972,272600,271200,543800,2025,Logement,MAMH — Données Québec (rôle d'évaluation foncière),https://donneesouvertes.affmunqc.net/role/RL58007_2026.xml,,,,
"5733, Plamondon",,Brossard,,,503.3,1965,259800,308300,568100,2025,Logement,MAMH — Données Québec (rôle d'évaluation foncière),https://donneesouvertes.affmunqc.net/role/RL58007_2026.xml,,,,
"5700, Parizeau",,Brossard,,,652.9,1968,293400,407700,701100,2025,Logement,MAMH — Données Québec (rôle d'évaluation foncière),https://donneesouvertes.affmunqc.net/role/RL58007_2026.xml,,,,
"5739, Plamondon",,Brossard,,,523.1,1965,265500,205000,470500,2025,Logement,MAMH — Données Québec (rôle d'évaluation foncière),https://donneesouvertes.affmunqc.net/role/RL58007_2026.xml,,,,
"5710, Parizeau",,Brossard,,,557.4,1971,275300,293200,568500,2025,Logement,MAMH — Données Québec (rôle d'évaluation foncière),https://donneesouvertes.affmunqc.net/role/RL58007_2026.xml,,,,
"5716, Parizeau",,Brossard,,,552.4,2024,273900,633700,907600,2025,Logement,MAMH — Données Québec (rôle d'évaluation foncière),https://donneesouvertes.affmunqc.net/role/RL58007_2026.xml,,,,
"5722, Parizeau",,Brossard,,,552.4,1965,273900,294200,568100,2025,Logement,MAMH — Données Québec (rôle d'évaluation foncière),https://donneesouvertes.affmunqc.net/role/RL58007_2026.xml,,,,
"5730, Parizeau",,Brossard,,,543.1,1966,271200,256700,527900,2025,Logement,MAMH — Données Québec (rôle d'évaluation foncière),https://donneesouvertes.affmunqc.net/role/RL58007_2026.xml,,,,
"5736, Parizeau",,Brossard,,,520.3,1972,264600,284900,549500,2025,Logement,MAMH — Données Québec (rôle d'évaluation foncière),https://donneesouvertes.affmunqc.net/role/RL58007_2026.xml,,,,
"5715, Parizeau",,Brossard,,,605.4,1968,288200,250300,538500,2025,Logement,MAMH — Données Québec (rôle d'évaluation foncière),https://donneesouvertes.affmunqc.net/role/RL58007_2026.xml,,,,
"5723, Parizeau",,Brossard,,,494.7,1968,257300,354700,612000,2025,Logement,MAMH — Données Québec (rôle d'évaluation foncière),https://donneesouvertes.affmunqc.net/role/RL58007_2026.xml,,,,
"5729, Parizeau",,Brossard,,,514.4,1968,262900,233500,496400,2025,Logement,MAMH — Données Québec (rôle d'évaluation foncière),https://donneesouvertes.affmunqc.net/role/RL58007_2026.xml,,,,
"5735, Parizeau",,Brossard,,,529.5,1968,267300,304800,572100,2025,Logement,MAMH — Données Québec (rôle d'évaluation foncière),https://donneesouvertes.affmunqc.net/role/RL58007_2026.xml,,,,
"5741, Parizeau",,Brossard,,,529.5,1968,267300,229900,497200,2025,Logement,MAMH — Données Québec (rôle d'évaluation foncière),https://donneesouvertes.affmunqc.net/role/RL58007_2026.xml,,,,
"5680, Parizeau",,Brossard,,,537,1968,269500,274600,544100,2025,Logement,MAMH — Données Québec (rôle d'évaluation foncière),https://donneesouvertes.affmunqc.net/role/RL58007_2026.xml,,,,
"5690, Parizeau",,Brossard,,,541.1,1968,270600,287000,557600,2025,Logement,MAMH — Données Québec (rôle d'évaluation foncière),https://donneesouvertes.affmunqc.net/role/RL58007_2026.xml,,,,
"905, Paris",,Brossard,,,618.7,1968,289700,275300,565000,2025,Logement,MAMH — Données Québec (rôle d'évaluation foncière),https://donneesouvertes.affmunqc.net/role/RL58007_2026.xml,,,,
"900, Perreault",,Brossard,,,654.4,1969,293600,351800,645400,2025,Logement,MAMH — Données Québec (rôle d'évaluation foncière),https://donneesouvertes.affmunqc.net/role/RL58007_2026.xml,,,,
"915, Paris",,Brossard,,,511,1969,262000,245100,507100,2025,Logement,MAMH — Données Québec (rôle d'évaluation foncière),https://donneesouvertes.affmunqc.net/role/RL58007_2026.xml,,,,
"910, Perreault",,Brossard,,,464.5,1969,248600,245900,494500,2025,Logement,MAMH — Données Québec (rôle d'évaluation foncière),https://donneesouvertes.affmunqc.net/role/RL58007_2026.xml,,,,
"925, Paris",,Brossard,,,511,1969,262000,363500,625500,2025,Logement,MAMH — Données Québec (rôle d'évaluation foncière),https://donneesouvertes.affmunqc.net/role/RL58007_2026.xml,,,,
"920, Perreault",,Brossard,,,511,1969,262000,237500,499500,2025,Logement,MAMH — Données Québec (rôle d'évaluation foncière),https://donneesouvertes.affmunqc.net/role/RL58007_2026.xml,,,,
"935, Paris",,Brossard,,,511,1969,262000,317600,579600,2025,Logement,MAMH — Données Québec (rôle d'évaluation foncière),https://donneesouvertes.affmunqc.net/role/RL58007_2026.xml,,,,
"930, Perreault",,Brossard,,,464.5,1969,248600,262800,511400,2025,Logement,MAMH — Données Québec (rôle d'évaluation foncière),https://donneesouvertes.affmunqc.net/role/RL58007_2026.xml,,,,
"880, Paris",,Brossard,,,553.5,1968,274200,255300,529500,2025,Logement,MAMH — Données Québec (rôle d'évaluation foncière),https://donneesouvertes.affmunqc.net/role/RL58007_2026.xml,,,,
"890, Paris",,Brossard,,,555,1968,274600,430600,705200,2025,Logement,MAMH — Données Québec (rôle d'évaluation foncière),https://donneesouvertes.affmunqc.net/role/RL58007_2026.xml,,,,
"900, Paris",,Brossard,,,506.68,1968,260700,312100,572800,2025,Logement,MAMH — Données Québec (rôle d'évaluation foncière),https://donneesouvertes.affmunqc.net/role/RL58007_2026.xml,,,,
"910, Paris",,Brossard,,,560.6,1968,276300,42900,319200,2025,Terrain vacant,MAMH — Données Québec (rôle d'évaluation foncière),https://donneesouvertes.affmunqc.net/role/RL58007_2026.xml,,,,
"920, Paris",,Brossard,,,512.5,1968,262400,403000,665400,2025,Logement,MAMH — Données Québec (rôle d'évaluation foncière),https://donneesouvertes.affmunqc.net/role/RL58007_2026.xml,,,,
"930, Paris",,Brossard,,,567,1968,278100,321300,599400,2025,Logement,MAMH — Données Québec (rôle d'évaluation foncière),https://donneesouvertes.affmunqc.net/role/RL58007_2026.xml,,,,
"950, Provencher",,Brossard,,,676.2,1971,296000,301700,597700,2025,Logement,MAMH — Données Québec (rôle d'évaluation foncière),https://donneesouvertes.affmunqc.net/role/RL58007_2026.xml,,,,
"935, Pellan",,Brossard,,,550,1965,273200,368000,641200,2025,Logement,MAMH — Données Québec (rôle d'évaluation foncière),https://donneesouvertes.affmunqc.net/role/RL58007_2026.xml,,,,
"970, Provencher",,Brossard,,,626,1967,290500,243300,533800,2025,Logement,MAMH — Données Québec (rôle d'évaluation foncière),https://donneesouvertes.affmunqc.net/role/RL58007_2026.xml,,,,
"945, Pellan",,Brossard,,,515.5,1965,263300,253600,516900,2025,Logement,MAMH — Données Québec (rôle d'évaluation foncière),https://donneesouvertes.affmunqc.net/role/RL58007_2026.xml,,,,
"955, Pellan",,Brossard,,,515.5,1965,263300,316900,580200,2025,Logement,MAMH — Données Québec (rôle d'évaluation foncière),https://donneesouvertes.affmunqc.net/role/RL58007_2026.xml,,,,
"980, Provencher",,Brossard,,,554.9,1966,274600,234700,509300,2025,Logement,MAMH — Données Québec (rôle d'évaluation foncière),https://donneesouvertes.affmunqc.net/role/RL58007_2026.xml,,,,
"990, Provencher",,Brossard,,,554.85,1966,274600,263500,538100,2025,Logement,MAMH — Données Québec (rôle d'évaluation foncière),https://donneesouvertes.affmunqc.net/role/RL58007_2026.xml,,,,
"1000, Provencher",,Brossard,,,554.9,1968,274600,332200,606800,2025,Logement,MAMH — Données Québec (rôle d'évaluation foncière),https://donneesouvertes.affmunqc.net/role/RL58007_2026.xml,,,,
"1010, Provencher",,Brossard,,,554.9,1967,274600,296300,570900,2025,Logement,MAMH — Données Québec (rôle d'évaluation foncière),https://donneesouvertes.affmunqc.net/role/RL58007_2026.xml,,,,
"5753, Parizeau",,Brossard,,,529.5,1968,267300,267800,535100,2025,Logement,MAMH — Données Québec (rôle d'évaluation foncière),https://donneesouvertes.affmunqc.net/role/RL58007_2026.xml,,,,
"5759, Parizeau",,Brossard,,,529.5,1968,267300,313200,580500,2025,Logement,MAMH — Données Québec (rôle d'évaluation foncière),https://donneesouvertes.affmunqc.net/role/RL58007_2026.xml,,,,
"5765, Parizeau",,Brossard,,,529.53,1968,267300,291600,558900,2025,Logement,MAMH — Données Québec (rôle d'évaluation foncière),https://donneesouvertes.affmunqc.net/role/RL58007_2026.xml,,,,
"5775, Parizeau",,Brossard,,,673.9,1968,295700,260300,556000,2025,Logement,MAMH — Données Québec (rôle d'évaluation foncière),https://donneesouvertes.affmunqc.net/role/RL58007_2026.xml,,,,
"965, Pellan",,Brossard,,,515.5,1965,263300,257900,521200,2025,Logement,MAMH — Données Québec (rôle d'évaluation foncière),https://donneesouvertes.affmunqc.net/role/RL58007_2026.xml,,,,
"975, Pellan",,Brossard,,,515.4,1965,263200,280900,544100,2025,Logement,MAMH — Données Québec (rôle d'évaluation foncière),https://donneesouvertes.affmunqc.net/role/RL58007_2026.xml,,,,
"5760, Pellan",,Brossard,,,538.8,1968,270000,337100,607100,2025,Logement,MAMH — Données Québec (rôle d'évaluation foncière),https://donneesouvertes.affmunqc.net/role/RL58007_2026.xml,,,,
"985, Pellan",,Brossard,,,515.5,1965,263300,297000,560300,2025,Logement,MAMH — Données Québec (rôle d'évaluation foncière),https://donneesouvertes.affmunqc.net/role/RL58007_2026.xml,,,,
"5747, Parizeau",,Brossard,,,529.5,1968,267300,245400,512700,2025,Logement,MAMH — Données Québec (rôle d'évaluation foncière),https://donneesouvertes.affmunqc.net/role/RL58007_2026.xml,,,,
"5800, Pellan",,Brossard,,,12866.1,,2573200,,2573200,2025,Institutionnel,MAMH — Données Québec (rôle d'évaluation foncière),https://donneesouvertes.affmunqc.net/role/RL58007_2026.xml,,,,
"5750, Pellan",,Brossard,,,538.8,1968,270000,245000,515000,2025,Logement,MAMH — Données Québec (rôle d'évaluation foncière),https://donneesouvertes.affmunqc.net/role/RL58007_2026.xml,,,,
"5740, Pellan",,Brossard,,,538.8,1968,270000,351700,621700,2025,Logement,MAMH — Données Québec (rôle d'évaluation foncière),https://donneesouvertes.affmunqc.net/role/RL58007_2026.xml,,,,
"5730, Pellan",,Brossard,,,538.8,1968,270000,244600,514600,2025,Logement,MAMH — Données Québec (rôle d'évaluation foncière),https://donneesouvertes.affmunqc.net/role/RL58007_2026.xml,,,,
"5720, Pellan",,Brossard,,,538.8,1968,270000,263500,533500,2025,Logement,MAMH — Données Québec (rôle d'évaluation foncière),https://donneesouvertes.affmunqc.net/role/RL58007_2026.xml,,,,
"5710, Pellan",,Brossard,,,538.8,1968,270000,263700,533700,2025,Logement,MAMH — Données Québec (rôle d'évaluation foncière),https://donneesouvertes.affmunqc.net/role/RL58007_2026.xml,,,,
"945, Paris",,Brossard,,,464.5,1969,248600,275100,523700,2025,Logement,MAMH — Données Québec (rôle d'évaluation foncière),https://donneesouvertes.affmunqc.net/role/RL58007_2026.xml,,,,
"940, Perreault",,Brossard,,,511,1969,262000,255700,517700,2025,Logement,MAMH — Données Québec (rôle d'évaluation foncière),https://donneesouvertes.affmunqc.net/role/RL58007_2026.xml,,,,
"965, Perreault",,Brossard,,,598.7,1968,287200,277800,565000,2025,Logement,MAMH — Données Québec (rôle d'évaluation foncière),https://donneesouvertes.affmunqc.net/role/RL58007_2026.xml,,,,
"955, Paris",,Brossard,,,511,1969,262000,276900,538900,2025,Logement,MAMH — Données Québec (rôle d'évaluation foncière),https://donneesouvertes.affmunqc.net/role/RL58007_2026.xml,,,,
"950, Perreault",,Brossard,,,464.5,1969,248600,229600,478200,2025,Logement,MAMH — Données Québec (rôle d'évaluation foncière),https://donneesouvertes.affmunqc.net/role/RL58007_2026.xml,,,,
"965, Paris",,Brossard,,,464.5,1969,248600,372100,620700,2025,Logement,MAMH — Données Québec (rôle d'évaluation foncière),https://donneesouvertes.affmunqc.net/role/RL58007_2026.xml,,,,
"960, Perreault",,Brossard,,,464.5,1969,248600,301000,549600,2025,Logement,MAMH — Données Québec (rôle d'évaluation foncière),https://donneesouvertes.affmunqc.net/role/RL58007_2026.xml,,,,
"975, Perreault",,Brossard,,,511,1968,262000,255200,517200,2025,Logement,MAMH — Données Québec (rôle d'évaluation foncière),https://donneesouvertes.affmunqc.net/role/RL58007_2026.xml,,,,
"975, Paris",,Brossard,,,511,1969,262000,283900,545900,2025,Logement,MAMH — Données Québec (rôle d'évaluation foncière),https://donneesouvertes.affmunqc.net/role/RL58007_2026.xml,,,,
"970, Perreault",,Brossard,,,511,1969,262000,283200,545200,2025,Logement,MAMH — Données Québec (rôle d'évaluation foncière),https://donneesouvertes.affmunqc.net/role/RL58007_2026.xml,,,,
"985, Perreault",,Brossard,,,511,1968,262000,285800,547800,2025,Logement,MAMH — Données Québec (rôle d'évaluation foncière),https://donneesouvertes.affmunqc.net/role/RL58007_2026.xml,,,,
"985, Paris",,Brossard,,,511,1969,262000,358000,620000,2025,Logement,MAMH — Données Québec (rôle d'évaluation foncière),https://donneesouvertes.affmunqc.net/role/RL58007_2026.xml,,,,
"980, Perreault",,Brossard,,,464.5,1969,248600,250200,498800,2025,Logement,MAMH — Données Québec (rôle d'évaluation foncière),https://donneesouvertes.affmunqc.net/role/RL58007_2026.xml,,,,
"995, Perreault",,Brossard,,,511,1968,262000,263000,525000,2025,Logement,MAMH — Données Québec (rôle d'évaluation foncière),https://donneesouvertes.affmunqc.net/role/RL58007_2026.xml,,,,
"990, Perreault",,Brossard,,,464.5,1969,248600,219900,468500,2025,Logement,MAMH — Données Québec (rôle d'évaluation foncière),https://donneesouvertes.affmunqc.net/role/RL58007_2026.xml,,,,
"995, Paris",,Brossard,,,511,1969,262000,223200,485200,2025,Logement,MAMH — Données Québec (rôle d'évaluation foncière),https://donneesouvertes.affmunqc.net/role/RL58007_2026.xml,,,,
"5700, Pellan",,Brossard,,,593.4,1968,285700,298300,584000,2025,Logement,MAMH — Données Québec (rôle d'évaluation foncière),https://donneesouvertes.affmunqc.net/role/RL58007_2026.xml,,,,
"940, Paris",,Brossard,,,570.3,1968,279000,384600,663600,2025,Logement,MAMH — Données Québec (rôle d'évaluation foncière),https://donneesouvertes.affmunqc.net/role/RL58007_2026.xml,,,,
"950, Paris",,Brossard,,,519.5,1968,264400,299900,564300,2025,Logement,MAMH — Données Québec (rôle d'évaluation foncière),https://donneesouvertes.affmunqc.net/role/RL58007_2026.xml,,,,
"960, Paris",,Brossard,,,573.9,1968,280100,326300,606400,2025,Logement,MAMH — Données Québec (rôle d'évaluation foncière),https://donneesouvertes.affmunqc.net/role/RL58007_2026.xml,,,,
"970, Paris",,Brossard,,,576.4,1968,280800,286100,566900,2025,Logement,MAMH — Données Québec (rôle d'évaluation foncière),https://donneesouvertes.affmunqc.net/role/RL58007_2026.xml,,,,
"980, Paris",,Brossard,,,526.2,1967,266300,238800,505100,2025,Logement,MAMH — Données Québec (rôle d'évaluation foncière),https://donneesouvertes.affmunqc.net/role/RL58007_2026.xml,,,,
"990, Paris",,Brossard,,,581.2,1969,282200,357600,639800,2025,Logement,MAMH — Données Québec (rôle d'évaluation foncière),https://donneesouvertes.affmunqc.net/role/RL58007_2026.xml,,,,
"1000, Paris",,Brossard,,,583.8,1969,282900,244500,527400,2025,Logement,MAMH — Données Québec (rôle d'évaluation foncière),https://donneesouvertes.affmunqc.net/role/RL58007_2026.xml,,,,
"9800, Illinois, app. 9804",,Brossard,,,168414.6,,8420700,2259900,10680600,2025,Institutionnel,MAMH — Données Québec (rôle d'évaluation foncière),https://donneesouvertes.affmunqc.net/role/RL58007_2026.xml,,,,
"9660, Radisson",,Brossard,,,161.26,1996,109700,256500,366200,2025,Logement,MAMH — Données Québec (rôle d'évaluation foncière),https://donneesouvertes.affmunqc.net/role/RL58007_2026.xml,,,,
"9662, Radisson",,Brossard,,,157.1,1996,106800,287400,394200,2025,Logement,MAMH — Données Québec (rôle d'évaluation foncière),https://donneesouvertes.affmunqc.net/role/RL58007_2026.xml,,,,
"9664, Radisson",,Brossard,,,201.83,1996,136300,271400,407700,2025,Logement,MAMH — Données Québec (rôle d'évaluation foncière),https://donneesouvertes.affmunqc.net/role/RL58007_2026.xml,,,,
"9630, Radisson",,Brossard,,,197.67,1996,134400,241500,375900,2025,Logement,MAMH — Données Québec (rôle d'évaluation foncière),https://donneesouvertes.affmunqc.net/role/RL58007_2026.xml,,,,
"9632, Radisson",,Brossard,,,156.06,1996,106100,246600,352700,2025,Logement,MAMH — Données Québec (rôle d'évaluation foncière),https://donneesouvertes.affmunqc.net/role/RL58007_2026.xml,,,,
"9634, Radisson",,Brossard,,,166.46,1996,113200,332000,445200,2025,Logement,MAMH — Données Québec (rôle d'évaluation foncière),https://donneesouvertes.affmunqc.net/role/RL58007_2026.xml,,,,
"9640, Radisson",,Brossard,,,162.3,1996,110400,271500,381900,2025,Logement,MAMH — Données Québec (rôle d'évaluation foncière),https://donneesouvertes.affmunqc.net/role/RL58007_2026.xml,,,,
"9642, Radisson",,Brossard,,,156.06,1996,106100,274500,380600,2025,Logement,MAMH — Données Québec (rôle d'évaluation foncière),https://donneesouvertes.affmunqc.net/role/RL58007_2026.xml,,,,
"9644, Radisson",,Brossard,,,166.46,1996,113200,262000,375200,2025,Logement,MAMH — Données Québec (rôle d'évaluation foncière),https://donneesouvertes.affmunqc.net/role/RL58007_2026.xml,,,,
"9840, Rochelle",,Brossard,,,183.91,2001,125100,183700,308800,2025,Logement,MAMH — Données Québec (rôle d'évaluation foncière),https://donneesouvertes.affmunqc.net/role/RL58007_2026.xml,,,,
"9842, Rochelle",,Brossard,,,183.91,2001,125100,203300,328400,2025,Logement,MAMH — Données Québec (rôle d'évaluation foncière),https://donneesouvertes.affmunqc.net/role/RL58007_2026.xml,,,,
"9844, Rochelle",,Brossard,,,248.53,2001,144400,242600,387000,2025,Logement,MAMH — Données Québec (rôle d'évaluation foncière),https://donneesouvertes.affmunqc.net/role/RL58007_2026.xml,,,,
"9846, Rochelle",,Brossard,,,184.32,2001,125300,202300,327600,2025,Logement,MAMH — Données Québec (rôle d'évaluation foncière),https://donneesouvertes.affmunqc.net/role/RL58007_2026.xml,,,,
"9848, Rochelle",,Brossard,,,181.87,2001,123700,196500,320200,2025,Logement,MAMH — Données Québec (rôle d'évaluation foncière),https://donneesouvertes.affmunqc.net/role/RL58007_2026.xml,,,,
"9850, Rochelle",,Brossard,,,253.14,2001,145200,261900,407100,2025,Logement,MAMH — Données Québec (rôle d'évaluation foncière),https://donneesouvertes.affmunqc.net/role/RL58007_2026.xml,,,,
"9852, Rochelle",,Brossard,,,187.3,2001,127400,215600,343000,2025,Logement,MAMH — Données Québec (rôle d'évaluation foncière),https://donneesouvertes.affmunqc.net/role/RL58007_2026.xml,,,,
"9854, Rochelle",,Brossard,,,182.37,2001,124000,212200,336200,2025,Logement,MAMH — Données Québec (rôle d'évaluation foncière),https://donneesouvertes.affmunqc.net/role/RL58007_2026.xml,,,,
"9856, Rochelle",,Brossard,,,248.91,2001,144500,271100,415600,2025,Logement,MAMH — Données Québec (rôle d'évaluation foncière),https://donneesouvertes.affmunqc.net/role/RL58007_2026.xml,,,,
"9858, Rochelle",,Brossard,,,183.4,2001,124700,186500,311200,2025,Logement,MAMH — Données Québec (rôle d'évaluation foncière),https://donneesouvertes.affmunqc.net/role/RL58007_2026.xml,,,,
"9860, Rochelle",,Brossard,,,180.92,2001,123000,203700,326700,2025,Logement,MAMH — Données Québec (rôle d'évaluation foncière),https://donneesouvertes.affmunqc.net/role/RL58007_2026.xml,,,,
"9862, Rochelle",,Brossard,,,252.79,2001,145200,275000,420200,2025,Logement,MAMH — Données Québec (rôle d'évaluation foncière),https://donneesouvertes.affmunqc.net/role/RL58007_2026.xml,,,,
"9866, Rochelle",,Brossard,,,179.79,2001,122300,183400,305700,2025,Logement,MAMH — Données Québec (rôle d'évaluation foncière),https://donneesouvertes.affmunqc.net/role/RL58007_2026.xml,,,,
"9868, Rochelle",,Brossard,,,176.19,2001,119800,198700,318500,2025,Logement,MAMH — Données Québec (rôle d'évaluation foncière),https://donneesouvertes.affmunqc.net/role/RL58007_2026.xml,,,,
"9870, Rochelle",,Brossard,,,237.32,2001,142500,287300,429800,2025,Logement,MAMH — Données Québec (rôle d'évaluation foncière),https://donneesouvertes.affmunqc.net/role/RL58007_2026.xml,,,,
"9872, Rochelle",,Brossard,,,183.39,2001,124700,177000,301700,2025,Logement,MAMH — Données Québec (rôle d'évaluation foncière),https://donneesouvertes.affmunqc.net/role/RL58007_2026.xml,,,,
"9874, Rochelle",,Brossard,,,176.19,2001,119800,199700,319500,2025,Logement,MAMH — Données Québec (rôle d'évaluation foncière),https://donneesouvertes.affmunqc.net/role/RL58007_2026.xml,,,,
"9876, Rochelle",,Brossard,,,244.51,2001,143700,249700,393400,2025,Logement,MAMH — Données Québec (rôle d'évaluation foncière),https://donneesouvertes.affmunqc.net/role/RL58007_2026.xml,,,,
"9878, Rochelle",,Brossard,,,183.39,2001,124700,195000,319700,2025,Logement,MAMH — Données Québec (rôle d'évaluation foncière),https://donneesouvertes.affmunqc.net/role/RL58007_2026.xml,,,,
"9880, Rochelle",,Brossard,,,176.19,2001,119800,209900,329700,2025,Logement,MAMH — Données Québec (rôle d'évaluation foncière),https://donneesouvertes.affmunqc.net/role/RL58007_2026.xml,,,,
"9882, Rochelle",,Brossard,,,240.92,2001,143100,280000,423100,2025,Logement,MAMH — Données Québec (rôle d'évaluation foncière),https://donneesouvertes.affmunqc.net/role/RL58007_2026.xml,,,,
"9884, Rochelle",,Brossard,,,183.39,2001,124700,184000,308700,2025,Logement,MAMH — Données Québec (rôle d'évaluation foncière),https://donneesouvertes.affmunqc.net/role/RL58007_2026.xml,,,,
"9886, Rochelle",,Brossard,,,176.19,2001,119800,200400,320200,2025,Logement,MAMH — Données Québec (rôle d'évaluation foncière),https://donneesouvertes.affmunqc.net/role/RL58007_2026.xml,,,,
"9888, Rochelle",,Brossard,,,244.51,2001,143700,249200,392900,2025,Logement,MAMH — Données Québec (rôle d'évaluation foncière),https://donneesouvertes.affmunqc.net/role/RL58007_2026.xml,,,,
"9890, Rochelle",,Brossard,,,183.39,2001,124700,184500,309200,2025,Logement,MAMH — Données Québec (rôle d'évaluation foncière),https://donneesouvertes.affmunqc.net/role/RL58007_2026.xml,,,,
"9892, Rochelle",,Brossard,,,176.18,2001,119800,208100,327900,2025,Logement,MAMH — Données Québec (rôle d'évaluation foncière),https://donneesouvertes.affmunqc.net/role/RL58007_2026.xml,,,,
"9894, Rochelle",,Brossard,,,240.91,2001,143100,266800,409900,2025,Logement,MAMH — Données Québec (rôle d'évaluation foncière),https://donneesouvertes.affmunqc.net/role/RL58007_2026.xml,,,,
"9896, Rochelle",,Brossard,,,179.81,2001,122300,186900,309200,2025,Logement,MAMH — Données Québec (rôle d'évaluation foncière),https://donneesouvertes.affmunqc.net/role/RL58007_2026.xml,,,,
"9898, Rochelle",,Brossard,,,172.6,2001,117400,212400,329800,2025,Logement,MAMH — Données Québec (rôle d'évaluation foncière),https://donneesouvertes.affmunqc.net/role/RL58007_2026.xml,,,,
"9900, Rochelle",,Brossard,,,240.91,2001,143100,303400,446500,2025,Logement,MAMH — Données Québec (rôle d'évaluation foncière),https://donneesouvertes.affmunqc.net/role/RL58007_2026.xml,,,,
"9904, Rochelle",,Brossard,,,182.02,2001,123800,201900,325700,2025,Logement,MAMH — Données Québec (rôle d'évaluation foncière),https://donneesouvertes.affmunqc.net/role/RL58007_2026.xml,,,,
"9906, Rochelle",,Brossard,,,177.17,2001,120500,205000,325500,2025,Logement,MAMH — Données Québec (rôle d'évaluation foncière),https://donneesouvertes.affmunqc.net/role/RL58007_2026.xml,,,,
"9908, Rochelle",,Brossard,,,242.7,2001,143400,261400,404800,2025,Logement,MAMH — Données Québec (rôle d'évaluation foncière),https://donneesouvertes.affmunqc.net/role/RL58007_2026.xml,,,,
"9910, Rochelle",,Brossard,,,184.45,2001,125400,175900,301300,2025,Logement,MAMH — Données Québec (rôle d'évaluation foncière),https://donneesouvertes.affmunqc.net/role/RL58007_2026.xml,,,,
"9912, Rochelle",,Brossard,,,179.6,2001,122100,197400,319500,2025,Logement,MAMH — Données Québec (rôle d'évaluation foncière),https://donneesouvertes.affmunqc.net/role/RL58007_2026.xml,,,,
"9914, Rochelle",,Brossard,,,247.55,2001,144300,248100,392400,2025,Logement,MAMH — Données Québec (rôle d'évaluation foncière),https://donneesouvertes.affmunqc.net/role/RL58007_2026.xml,,,,
"9916, Rochelle",,Brossard,,,184.45,2001,125400,181300,306700,2025,Logement,MAMH — Données Québec (rôle d'évaluation foncière),https://donneesouvertes.affmunqc.net/role/RL58007_2026.xml,,,,
"9918, Rochelle",,Brossard,,,179.6,2001,122100,197600,319700,2025,Logement,MAMH — Données Québec (rôle d'évaluation foncière),https://donneesouvertes.affmunqc.net/role/RL58007_2026.xml,,,,
"9920, Rochelle",,Brossard,,,245.12,2001,143900,291700,435600,2025,Logement,MAMH — Données Québec (rôle d'évaluation foncière),https://donneesouvertes.affmunqc.net/role/RL58007_2026.xml,,,,
"9922, Rochelle",,Brossard,,,182.02,2001,123800,180400,304200,2025,Logement,MAMH — Données Québec (rôle d'évaluation foncière),https://donneesouvertes.affmunqc.net/role/RL58007_2026.xml,,,,
"9924, Rochelle",,Brossard,,,177.17,2001,120500,213000,333500,2025,Logement,MAMH — Données Québec (rôle d'évaluation foncière),https://donneesouvertes.affmunqc.net/role/RL58007_2026.xml,,,,
"9926, Rochelle",,Brossard,,,245.12,2001,143900,254400,398300,2025,Logement,MAMH — Données Québec (rôle d'évaluation foncière),https://donneesouvertes.affmunqc.net/role/RL58007_2026.xml,,,,
"9820, Rochelle",,Brossard,,,273.78,2001,148800,383000,531800,2025,Logement,MAMH — Données Québec (rôle d'évaluation foncière),https://donneesouvertes.affmunqc.net/role/RL58007_2026.xml,,,,
"9824, Rochelle",,Brossard,,,189.38,2001,128800,386000,514800,2025,Logement,MAMH — Données Québec (rôle d'évaluation foncière),https://donneesouvertes.affmunqc.net/role/RL58007_2026.xml,,,,
"9830, Rochelle",,Brossard,,,189.38,2001,128800,384100,512900,2025,Logement,MAMH — Données Québec (rôle d'évaluation foncière),https://donneesouvertes.affmunqc.net/role/RL58007_2026.xml,,,,
"9834, Rochelle",,Brossard,,,273.78,2001,148800,385500,534300,2025,Logement,MAMH — Données Québec (rôle d'évaluation foncière),https://donneesouvertes.affmunqc.net/role/RL58007_2026.xml,,,,
"9795, Rochelle",,Brossard,,,264.88,1999,147300,386600,533900,2025,Logement,MAMH — Données Québec (rôle d'évaluation foncière),https://donneesouvertes.affmunqc.net/role/RL58007_2026.xml,,,,
"9805, Rochelle",,Brossard,,,181.4,1999,123400,367000,490400,2025,Logement,MAMH — Données Québec (rôle d'évaluation foncière),https://donneesouvertes.affmunqc.net/role/RL58007_2026.xml,,,,
"9815, Rochelle",,Brossard,,,181.4,1999,123400,412800,536200,2025,Logement,MAMH — Données Québec (rôle d'évaluation foncière),https://donneesouvertes.affmunqc.net/role/RL58007_2026.xml,,,,
"9825, Rochelle",,Brossard,,,181.4,1999,123400,350600,474000,2025,Logement,MAMH — Données Québec (rôle d'évaluation foncière),https://donneesouvertes.affmunqc.net/role/RL58007_2026.xml,,,,
"9835, Rochelle",,Brossard,,,181.4,1999,123400,336100,459500,2025,Logement,MAMH — Données Québec (rôle d'évaluation foncière),https://donneesouvertes.affmunqc.net/role/RL58007_2026.xml,,,,
"9845, Rochelle",,Brossard,,,331.83,1999,158900,357600,516500,2025,Logement,MAMH — Données Québec (rôle d'évaluation foncière),https://donneesouvertes.affmunqc.net/role/RL58007_2026.xml,,,,
"9855, Rochelle",,Brossard,,,325.91,1998,157900,335100,493000,2025,Logement,MAMH — Données Québec (rôle d'évaluation foncière),https://donneesouvertes.affmunqc.net/role/RL58007_2026.xml,,,,
"9865, Rochelle",,Brossard,,,183.01,1998,124400,343200,467600,2025,Logement,MAMH — Données Québec (rôle d'évaluation foncière),https://donneesouvertes.affmunqc.net/role/RL58007_2026.xml,,,,
"9875, Rochelle",,Brossard,,,183.07,1998,124500,329000,453500,2025,Logement,MAMH — Données Québec (rôle d'évaluation foncière),https://donneesouvertes.affmunqc.net/role/RL58007_2026.xml,,,,
"9885, Rochelle",,Brossard,,,184.07,1998,125200,387200,512400,2025,Logement,MAMH — Données Québec (rôle d'évaluation foncière),https://donneesouvertes.affmunqc.net/role/RL58007_2026.xml,,,,
"9895, Rochelle",,Brossard,,,183.01,1998,124400,349600,474000,2025,Logement,MAMH — Données Québec (rôle d'évaluation foncière),https://donneesouvertes.affmunqc.net/role/RL58007_2026.xml,,,,
"9905, Rochelle",,Brossard,,,263.24,1998,147000,369500,516500,2025,Logement,MAMH — Données Québec (rôle d'évaluation foncière),https://donneesouvertes.affmunqc.net/role/RL58007_2026.xml,,,,
"9180, Roussel",,Brossard,,,1088.8,2005,425700,1133300,1559000,2025,Logement,MAMH — Données Québec (rôle d'évaluation foncière),https://donneesouvertes.affmunqc.net/role/RL58007_2026.xml,,,,
"9170, Roussel",,Brossard,,,1179.7,2002,439300,983100,1422400,2025,Logement,MAMH — Données Québec (rôle d'évaluation foncière),https://donneesouvertes.affmunqc.net/role/RL58007_2026.xml,,,,
"9160, Roussel",,Brossard,,,757.9,2003,345900,1036300,1382200,2025,Logement,MAMH — Données Québec (rôle d'évaluation foncière),https://donneesouvertes.affmunqc.net/role/RL58007_2026.xml,,,,
"9190, Roussel",,Brossard,,,480,1988,264000,622600,886600,2025,Logement,MAMH — Données Québec (rôle d'évaluation foncière),https://donneesouvertes.affmunqc.net/role/RL58007_2026.xml,,,,
"9200, Roussel",,Brossard,,,480,1991,264000,586500,850500,2025,Logement,MAMH — Données Québec (rôle d'évaluation foncière),https://donneesouvertes.affmunqc.net/role/RL58007_2026.xml,,,,
"9210, Roussel",,Brossard,,,480,1990,264000,665500,929500,2025,Logement,MAMH — Données Québec (rôle d'évaluation foncière),https://donneesouvertes.affmunqc.net/role/RL58007_2026.xml,,,,
"9220, Roussel",,Brossard,,,480,1989,264000,732500,996500,2025,Logement,MAMH — Données Québec (rôle d'évaluation foncière),https://donneesouvertes.affmunqc.net/role/RL58007_2026.xml,,,,
"9230, Roussel",,Brossard,,,480,1987,264000,555300,819300,2025,Logement,MAMH — Données Québec (rôle d'évaluation foncière),https://donneesouvertes.affmunqc.net/role/RL58007_2026.xml,,,,
"9240, Roussel",,Brossard,,,480,1988,264000,485400,749400,2025,Logement,MAMH — Données Québec (rôle d'évaluation foncière),https://donneesouvertes.affmunqc.net/role/RL58007_2026.xml,,,,
"9710, Radisson",,Brossard,,,53137.2,2002,8884500,649900,9534400,2025,Institutionnel,MAMH — Données Québec (rôle d'évaluation foncière),https://donneesouvertes.affmunqc.net/role/RL58007_2026.xml,,,,
"9934, Rochelle",,Brossard,,,265.38,2001,147400,402500,549900,2025,Logement,MAMH — Données Québec (rôle d'évaluation foncière),https://donneesouvertes.affmunqc.net/role/RL58007_2026.xml,,,,
"9938, Rochelle",,Brossard,,,181.68,2001,123500,390600,514100,2025,Logement,MAMH — Données Québec (rôle d'évaluation foncière),https://donneesouvertes.affmunqc.net/role/RL58007_2026.xml,,,,
"9940, Rochelle",,Brossard,,,181.68,2001,123500,385700,509200,2025,Logement,MAMH — Données Québec (rôle d'évaluation foncière),https://donneesouvertes.affmunqc.net/role/RL58007_2026.xml,,,,
"9944, Rochelle",,Brossard,,,181.68,2001,123500,380700,504200,2025,Logement,MAMH — Données Québec (rôle d'évaluation foncière),https://donneesouvertes.affmunqc.net/role/RL58007_2026.xml,,,,
"9948, Rochelle",,Brossard,,,181.68,2001,123500,382500,506000,2025,Logement,MAMH — Données Québec (rôle d'évaluation foncière),https://donneesouvertes.affmunqc.net/role/RL58007_2026.xml,,,,
"9950, Rochelle",,Brossard,,,181.68,2001,123500,380900,504400,2025,Logement,MAMH — Données Québec (rôle d'évaluation foncière),https://donneesouvertes.affmunqc.net/role/RL58007_2026.xml,,,,
"9954, Rochelle",,Brossard,,,181.68,2001,123500,409600,533100,2025,Logement,MAMH — Données Québec (rôle d'évaluation foncière),https://donneesouvertes.affmunqc.net/role/RL58007_2026.xml,,,,
"9958, Rochelle",,Brossard,,,265.38,2001,147400,376600,524000,2025,Logement,MAMH — Données Québec (rôle d'évaluation foncière),https://donneesouvertes.affmunqc.net/role/RL58007_2026.xml,,,,
"9705, Radisson",,Brossard,,,182.26,1992,123900,186200,310100,2025,Logement,MAMH — Données Québec (rôle d'évaluation foncière),https://donneesouvertes.affmunqc.net/role/RL58007_2026.xml,,,,
"9715, Radisson",,Brossard,,,137.46,1995,93500,179300,272800,2025,Logement,MAMH — Données Québec (rôle d'évaluation foncière),https://donneesouvertes.affmunqc.net/role/RL58007_2026.xml,,,,
"9725, Radisson",,Brossard,,,137.46,1995,93500,173000,266500,2025,Logement,MAMH — Données Québec (rôle d'évaluation foncière),https://donneesouvertes.affmunqc.net/role/RL58007_2026.xml,,,,
"9745, Radisson",,Brossard,,,150.16,1997,102100,187900,290000,2025,Logement,MAMH — Données Québec (rôle d'évaluation foncière),https://donneesouvertes.affmunqc.net/role/RL58007_2026.xml,,,,
"9755, Radisson",,Brossard,,,160.99,1997,109500,178900,288400,2025,Logement,MAMH — Données Québec (rôle d'évaluation foncière),https://donneesouvertes.affmunqc.net/role/RL58007_2026.xml,,,,
"9765, Radisson",,Brossard,,,155.76,1997,105900,174500,280400,2025,Logement,MAMH — Données Québec (rôle d'évaluation foncière),https://donneesouvertes.affmunqc.net/role/RL58007_2026.xml,,,,
"9760, Rochelle",,Brossard,,,272.5,2001,148600,400400,549000,2025,Logement,MAMH — Données Québec (rôle d'évaluation foncière),https://donneesouvertes.affmunqc.net/role/RL58007_2026.xml,,,,
"9770, Rochelle",,Brossard,,,188.6,2001,128200,384300,512500,2025,Logement,MAMH — Données Québec (rôle d'évaluation foncière),https://donneesouvertes.affmunqc.net/role/RL58007_2026.xml,,,,
"9780, Rochelle",,Brossard,,,188.6,2001,128200,367000,495200,2025,Logement,MAMH — Données Québec (rôle d'évaluation foncière),https://donneesouvertes.affmunqc.net/role/RL58007_2026.xml,,,,
"9790, Rochelle",,Brossard,,,188.6,2001,128200,373900,502100,2025,Logement,MAMH — Données Québec (rôle d'évaluation foncière),https://donneesouvertes.affmunqc.net/role/RL58007_2026.xml,,,,
"9800, Rochelle",,Brossard,,,188.6,2001,128200,419400,547600,2025,Logement,MAMH — Données Québec (rôle d'évaluation foncière),https://donneesouvertes.affmunqc.net/role/RL58007_2026.xml,,,,
"9810, Rochelle",,Brossard,,,272.7,2001,148700,396300,545000,2025,Logement,MAMH — Données Québec (rôle d'évaluation foncière),https://donneesouvertes.affmunqc.net/role/RL58007_2026.xml,,,,
"9915, Rochelle",,Brossard,,,263.18,1998,147000,378900,525900,2025,Logement,MAMH — Données Québec (rôle d'évaluation foncière),https://donneesouvertes.affmunqc.net/role/RL58007_2026.xml,,,,
"9925, Rochelle",,Brossard,,,183.89,1998,125000,365000,490000,2025,Logement,MAMH — Données Québec (rôle d'évaluation foncière),https://donneesouvertes.affmunqc.net/role/RL58007_2026.xml,,,,
"9935, Rochelle",,Brossard,,,183.82,1998,125000,357900,482900,2025,Logement,MAMH — Données Québec (rôle d'évaluation foncière),https://donneesouvertes.affmunqc.net/role/RL58007_2026.xml,,,,
"9945, Rochelle",,Brossard,,,183.82,1998,125000,345600,470600,2025,Logement,MAMH — Données Québec (rôle d'évaluation foncière),https://donneesouvertes.affmunqc.net/role/RL58007_2026.xml,,,,
"9955, Rochelle",,Brossard,,,183.82,1998,125000,299900,424900,2025,Logement,MAMH — Données Québec (rôle d'évaluation foncière),https://donneesouvertes.affmunqc.net/role/RL58007_2026.xml,,,,
"9965, Rochelle",,Brossard,,,280.96,1998,150100,311600,461700,2025,Logement,MAMH — Données Québec (rôle d'évaluation foncière),https://donneesouvertes.affmunqc.net/role/RL58007_2026.xml,,,,
"9735, Rochelle",,Brossard,,,285.5,1999,150900,347900,498800,2025,Logement,MAMH — Données Québec (rôle d'évaluation foncière),https://donneesouvertes.affmunqc.net/role/RL58007_2026.xml,,,,
"9745, Rochelle",,Brossard,,,182.06,1999,123800,342600,466400,2025,Logement,MAMH — Données Québec (rôle d'évaluation foncière),https://donneesouvertes.affmunqc.net/role/RL58007_2026.xml,,,,
"9755, Rochelle",,Brossard,,,182.06,1999,123800,341400,465200,2025,Logement,MAMH — Données Québec (rôle d'évaluation foncière),https://donneesouvertes.affmunqc.net/role/RL58007_2026.xml,,,,
"9765, Rochelle",,Brossard,,,182.06,1999,123800,314800,438600,2025,Logement,MAMH — Données Québec (rôle d'évaluation foncière),https://donneesouvertes.affmunqc.net/role/RL58007_2026.xml,,,,
"9775, Rochelle",,Brossard,,,182.06,1999,123800,334900,458700,2025,Logement,MAMH — Données Québec (rôle d'évaluation foncière),https://donneesouvertes.affmunqc.net/role/RL58007_2026.xml,,,,
"9785, Rochelle",,Brossard,,,265.85,1999,147500,326200,473700,2025,Logement,MAMH — Données Québec (rôle d'évaluation foncière),https://donneesouvertes.affmunqc.net/role/RL58007_2026.xml,,,,
"9700, Rochelle",,Brossard,,,302.7,2001,153900,341500,495400,2025,Logement,MAMH — Données Québec (rôle d'évaluation foncière),https://donneesouvertes.affmunqc.net/role/RL58007_2026.xml,,,,
"9710, Rochelle",,Brossard,,,188.1,2001,127900,302300,430200,2025,Logement,MAMH — Données Québec (rôle d'évaluation foncière),https://donneesouvertes.affmunqc.net/role/RL58007_2026.xml,,,,
"9720, Rochelle",,Brossard,,,188.1,2001,127900,397400,525300,2025,Logement,MAMH — Données Québec (rôle d'évaluation foncière),https://donneesouvertes.affmunqc.net/role/RL58007_2026.xml,,,,
"9730, Rochelle",,Brossard,,,188.1,2001,127900,386000,513900,2025,Logement,MAMH — Données Québec (rôle d'évaluation foncière),https://donneesouvertes.affmunqc.net/role/RL58007_2026.xml,,,,
"9740, Rochelle",,Brossard,,,188.1,2001,127900,383600,511500,2025,Logement,MAMH — Données Québec (rôle d'évaluation foncière),https://donneesouvertes.affmunqc.net/role/RL58007_2026.xml,,,,
"9750, Rochelle",,Brossard,,,272.2,2001,148600,346800,495400,2025,Logement,MAMH — Données Québec (rôle d'évaluation foncière),https://donneesouvertes.affmunqc.net/role/RL58007_2026.xml,,,,
"9585, Rochelle",,Brossard,,,408.2,1997,172200,377700,549900,2025,Logement,MAMH — Données Québec (rôle d'évaluation foncière),https://donneesouvertes.affmunqc.net/role/RL58007_2026.xml,,,,
"9595, Rochelle",,Brossard,,,184.41,1997,125400,370300,495700,2025,Logement,MAMH — Données Québec (rôle d'évaluation foncière),https://donneesouvertes.affmunqc.net/role/RL58007_2026.xml,,,,
"9605, Rochelle",,Brossard,,,184.51,1998,125500,355300,480800,2025,Logement,MAMH — Données Québec (rôle d'évaluation foncière),https://donneesouvertes.affmunqc.net/role/RL58007_2026.xml,,,,
"9615, Rochelle",,Brossard,,,183.92,1998,125100,322000,447100,2025,Logement,MAMH — Données Québec (rôle d'évaluation foncière),https://donneesouvertes.affmunqc.net/role/RL58007_2026.xml,,,,
"9625, Rochelle",,Brossard,,,183.92,1997,125100,344900,470000,2025,Logement,MAMH — Données Québec (rôle d'évaluation foncière),https://donneesouvertes.affmunqc.net/role/RL58007_2026.xml,,,,
"9635, Rochelle",,Brossard,,,407.53,1997,172100,337400,509500,2025,Logement,MAMH — Données Québec (rôle d'évaluation foncière),https://donneesouvertes.affmunqc.net/role/RL58007_2026.xml,,,,
"9150, Roussel",,Brossard,,,410,2001,225500,541800,767300,2025,Logement,MAMH — Données Québec (rôle d'évaluation foncière),https://donneesouvertes.affmunqc.net/role/RL58007_2026.xml,,,,
"9144, Roussel",,Brossard,,,410,2003,225500,524400,749900,2025,Logement,MAMH — Données Québec (rôle d'évaluation foncière),https://donneesouvertes.affmunqc.net/role/RL58007_2026.xml,,,,
"9138, Roussel",,Brossard,,,668.3,2000,321300,625100,946400,2025,Logement,MAMH — Données Québec (rôle d'évaluation foncière),https://donneesouvertes.affmunqc.net/role/RL58007_2026.xml,,,,
"9130, Roussel",,Brossard,,,668.3,1998,321300,539600,860900,2025,Logement,MAMH — Données Québec (rôle d'évaluation foncière),https://donneesouvertes.affmunqc.net/role/RL58007_2026.xml,,,,
"9120, Roussel",,Brossard,,,603.7,1997,303500,481800,785300,2025,Logement,MAMH — Données Québec (rôle d'évaluation foncière),https://donneesouvertes.affmunqc.net/role/RL58007_2026.xml,,,,
"9114, Roussel",,Brossard,,,817.6,2005,362300,578600,940900,2025,Logement,MAMH — Données Québec (rôle d'évaluation foncière),https://donneesouvertes.affmunqc.net/role/RL58007_2026.xml,,,,
"9110, Roussel",,Brossard,,,477,1998,262400,566300,828700,2025,Logement,MAMH — Données Québec (rôle d'évaluation foncière),https://donneesouvertes.affmunqc.net/role/RL58007_2026.xml,,,,
"9195, Roussel",,Brossard,,,617,1991,307200,634100,941300,2025,Logement,MAMH — Données Québec (rôle d'évaluation foncière),https://donneesouvertes.affmunqc.net/role/RL58007_2026.xml,,,,
"9205, Roussel",,Brossard,,,506.5,1990,276800,649900,926700,2025,Logement,MAMH — Données Québec (rôle d'évaluation foncière),https://donneesouvertes.affmunqc.net/role/RL58007_2026.xml,,,,
"9215, Roussel",,Brossard,,,502.4,1988,275700,511700,787400,2025,Logement,MAMH — Données Québec (rôle d'évaluation foncière),https://donneesouvertes.affmunqc.net/role/RL58007_2026.xml,,,,
"9225, Roussel",,Brossard,,,498.4,1988,274100,481300,755400,2025,Logement,MAMH — Données Québec (rôle d'évaluation foncière),https://donneesouvertes.affmunqc.net/role/RL58007_2026.xml,,,,
"9235, Roussel",,Brossard,,,494.3,1989,271900,547000,818900,2025,Logement,MAMH — Données Québec (rôle d'évaluation foncière),https://donneesouvertes.affmunqc.net/role/RL58007_2026.xml,,,,
"9245, Roussel",,Brossard,,,490.2,1992,269600,738200,1007800,2025,Logement,MAMH — Données Québec (rôle d'évaluation foncière),https://donneesouvertes.affmunqc.net/role/RL58007_2026.xml,,,,
"9105, Roussel",,Brossard,,,590.7,1991,299900,886400,1186300,2025,Logement,MAMH — Données Québec (rôle d'évaluation foncière),https://donneesouvertes.affmunqc.net/role/RL58007_2026.xml,,,,
"9095, Roussel",,Brossard,,,501.8,1988,275500,494000,769500,2025,Logement,MAMH — Données Québec (rôle d'évaluation foncière),https://donneesouvertes.affmunqc.net/role/RL58007_2026.xml,,,,
"9085, Roussel",,Brossard,,,498.5,1989,274200,731200,1005400,2025,Logement,MAMH — Données Québec (rôle d'évaluation foncière),https://donneesouvertes.affmunqc.net/role/RL58007_2026.xml,,,,
"9075, Roussel",,Brossard,,,495.2,1988,272400,503100,775500,2025,Logement,MAMH — Données Québec (rôle d'évaluation foncière),https://donneesouvertes.affmunqc.net/role/RL58007_2026.xml,,,,
"9365, Roussel",,Brossard,,,492,1989,270600,556500,827100,2025,Logement,MAMH — Données Québec (rôle d'évaluation foncière),https://donneesouvertes.affmunqc.net/role/RL58007_2026.xml,,,,
"9355, Roussel",,Brossard,,,488.7,1990,268800,591500,860300,2025,Logement,MAMH — Données Québec (rôle d'évaluation foncière),https://donneesouvertes.affmunqc.net/role/RL58007_2026.xml,,,,
"9090, Roussel",,Brossard,,,560,1991,291500,897200,1188700,2025,Logement,MAMH — Données Québec (rôle d'évaluation foncière),https://donneesouvertes.affmunqc.net/role/RL58007_2026.xml,,,,
"9080, Roussel",,Brossard,,,600.3,1990,302600,606400,909000,2025,Logement,MAMH — Données Québec (rôle d'évaluation foncière),https://donneesouvertes.affmunqc.net/role/RL58007_2026.xml,,,,
"9360, Roussel",,Brossard,,,632.3,1990,311400,541700,853100,2025,Logement,MAMH — Données Québec (rôle d'évaluation foncière),https://donneesouvertes.affmunqc.net/role/RL58007_2026.xml,,,,
"9350, Roussel",,Brossard,,,639.9,2001,313500,831900,1145400,2025,Logement,MAMH — Données Québec (rôle d'évaluation foncière),https://donneesouvertes.affmunqc.net/role/RL58007_2026.xml,,,,
"9100, Roussel",,Brossard,,,674.5,1994,323000,788900,1111900,2025,Logement,MAMH — Données Québec (rôle d'évaluation foncière),https://donneesouvertes.affmunqc.net/role/RL58007_2026.xml,,,,
"9500, Rivard",,Brossard,,,3286.83,2003,1396900,4941800,6338700,2025,Logement,MAMH — Données Québec (rôle d'évaluation foncière),https://donneesouvertes.affmunqc.net/role/RL58007_2026.xml,,,,
"9520, Rivard",,Brossard,,,106.31,2003,45200,285500,330700,2025,Logement,MAMH — Données Québec (rôle d'évaluation foncière),https://donneesouvertes.affmunqc.net/role/RL58007_2026.xml,,,,
"9540, Rivard",,Brossard,,,77.8,2009,33100,246200,279300,2025,Logement,MAMH — Données Québec (rôle d'évaluation foncière),https://donneesouvertes.affmunqc.net/role/RL58007_2026.xml,,,,
"9775, Radisson",,Brossard,,,111.49,1997,75800,244900,320700,2025,Logement,MAMH — Données Québec (rôle d'évaluation foncière),https://donneesouvertes.affmunqc.net/role/RL58007_2026.xml,,,,
"9785, Radisson",,Brossard,,,109.95,1997,74800,208900,283700,2025,Logement,MAMH — Données Québec (rôle d'évaluation foncière),https://donneesouvertes.affmunqc.net/role/RL58007_2026.xml,,,,
"9795, Radisson",,Brossard,,,112.76,1997,76700,213200,289900,2025,Logement,MAMH — Données Québec (rôle d'évaluation foncière),https://donneesouvertes.affmunqc.net/role/RL58007_2026.xml,,,,
"9805, Radisson",,Brossard,,,114.59,1997,77900,213300,291200,2025,Logement,MAMH — Données Québec (rôle d'évaluation foncière),https://donneesouvertes.affmunqc.net/role/RL58007_2026.xml,,,,
"9815, Radisson",,Brossard,,,119.27,1997,81100,205200,286300,2025,Logement,MAMH — Données Québec (rôle d'évaluation foncière),https://donneesouvertes.affmunqc.net/role/RL58007_2026.xml,,,,
"9825, Radisson",,Brossard,,,126.04,1997,85700,213400,299100,2025,Logement,MAMH — Données Québec (rôle d'évaluation foncière),https://donneesouvertes.affmunqc.net/role/RL58007_2026.xml,,,,
"9980, Rochelle",,Brossard,,,164.11,1997,111600,212000,323600,2025,Logement,MAMH — Données Québec (rôle d'évaluation foncière),https://donneesouvertes.affmunqc.net/role/RL58007_2026.xml,,,,
"9982, Rochelle",,Brossard,,,184.71,1997,125600,218300,343900,2025,Logement,MAMH — Données Québec (rôle d'évaluation foncière),https://donneesouvertes.affmunqc.net/role/RL58007_2026.xml,,,,
"9984, Rochelle",,Brossard,,,184.71,1997,125600,224700,350300,2025,Logement,MAMH — Données Québec (rôle d'évaluation foncière),https://donneesouvertes.affmunqc.net/role/RL58007_2026.xml,,,,
"9990, Rochelle",,Brossard,,,212.62,1998,138200,202700,340900,2025,Logement,MAMH — Données Québec (rôle d'évaluation foncière),https://donneesouvertes.affmunqc.net/role/RL58007_2026.xml,,,,
"9992, Rochelle",,Brossard,,,212.62,1997,138200,205600,343800,2025,Logement,MAMH — Données Québec (rôle d'évaluation foncière),https://donneesouvertes.affmunqc.net/role/RL58007_2026.xml,,,,
"9994, Rochelle",,Brossard,,,188.91,1997,128500,146600,275100,2025,Logement,MAMH — Données Québec (rôle d'évaluation foncière),https://donneesouvertes.affmunqc.net/role/RL58007_2026.xml,,,,
"9835, Radisson",,Brossard,,,105.67,1997,71900,229300,301200,2025,Logement,MAMH — Données Québec (rôle d'évaluation foncière),https://donneesouvertes.affmunqc.net/role/RL58007_2026.xml,,,,
"9845, Radisson",,Brossard,,,111.89,1997,76100,211800,287900,2025,Logement,MAMH — Données Québec (rôle d'évaluation foncière),https://donneesouvertes.affmunqc.net/role/RL58007_2026.xml,,,,
"9855, Radisson",,Brossard,,,116.64,1997,79300,201600,280900,2025,Logement,MAMH — Données Québec (rôle d'évaluation foncière),https://donneesouvertes.affmunqc.net/role/RL58007_2026.xml,,,,
"9865, Radisson",,Brossard,,,178.21,1997,121200,187600,308800,2025,Logement,MAMH — Données Québec (rôle d'évaluation foncière),https://donneesouvertes.affmunqc.net/role/RL58007_2026.xml,,,,
"9875, Radisson",,Brossard,,,191.72,1997,130400,164500,294900,2025,Logement,MAMH — Données Québec (rôle d'évaluation foncière),https://donneesouvertes.affmunqc.net/role/RL58007_2026.xml,,,,
"9885, Radisson",,Brossard,,,202.37,1997,136400,242300,378700,2025,Logement,MAMH — Données Québec (rôle d'évaluation foncière),https://donneesouvertes.affmunqc.net/role/RL58007_2026.xml,,,,
"9640, Rochelle",,Brossard,,,286.58,2000,151100,381700,532800,2025,Logement,MAMH — Données Québec (rôle d'évaluation foncière),https://donneesouvertes.affmunqc.net/role/RL58007_2026.xml,,,,
"9650, Rochelle",,Brossard,,,220.58,2000,139600,359700,499300,2025,Logement,MAMH — Données Québec (rôle d'évaluation foncière),https://donneesouvertes.affmunqc.net/role/RL58007_2026.xml,,,,
"9660, Rochelle",,Brossard,,,287.08,2000,151200,367700,518900,2025,Logement,MAMH — Données Québec (rôle d'évaluation foncière),https://donneesouvertes.affmunqc.net/role/RL58007_2026.xml,,,,
"9670, Rochelle",,Brossard,,,376.08,2000,166600,388500,555100,2025,Logement,MAMH — Données Québec (rôle d'évaluation foncière),https://donneesouvertes.affmunqc.net/role/RL58007_2026.xml,,,,
"9680, Rochelle",,Brossard,,,357.08,2000,163300,402300,565600,2025,Logement,MAMH — Données Québec (rôle d'évaluation foncière),https://donneesouvertes.affmunqc.net/role/RL58007_2026.xml,,,,
"9690, Rochelle",,Brossard,,,364.58,2000,164600,372400,537000,2025,Logement,MAMH — Données Québec (rôle d'évaluation foncière),https://donneesouvertes.affmunqc.net/role/RL58007_2026.xml,,,,
"9580, Rochelle",,Brossard,,,328.96,1999,158400,342700,501100,2025,Logement,MAMH — Données Québec (rôle d'évaluation foncière),https://donneesouvertes.affmunqc.net/role/RL58007_2026.xml,,,,
"9590, Rochelle",,Brossard,,,189.42,1999,128800,346700,475500,2025,Logement,MAMH — Données Québec (rôle d'évaluation foncière),https://donneesouvertes.affmunqc.net/role/RL58007_2026.xml,,,,
"9600, Rochelle",,Brossard,,,189.42,1999,128800,324100,452900,2025,Logement,MAMH — Données Québec (rôle d'évaluation foncière),https://donneesouvertes.affmunqc.net/role/RL58007_2026.xml,,,,
"9610, Rochelle",,Brossard,,,189.42,1999,128800,357400,486200,2025,Logement,MAMH — Données Québec (rôle d'évaluation foncière),https://donneesouvertes.affmunqc.net/role/RL58007_2026.xml,,,,
"9620, Rochelle",,Brossard,,,189.59,1997,128900,351000,479900,2025,Logement,MAMH — Données Québec (rôle d'évaluation foncière),https://donneesouvertes.affmunqc.net/role/RL58007_2026.xml,,,,
"9630, Rochelle",,Brossard,,,271.6,1997,148500,375600,524100,2025,Logement,MAMH — Données Québec (rôle d'évaluation foncière),https://donneesouvertes.affmunqc.net/role/RL58007_2026.xml,,,,
"9440, Rivard",,Brossard,,,486.7,2000,267700,572500,840200,2025,Logement,MAMH — Données Québec (rôle d'évaluation foncière),https://donneesouvertes.affmunqc.net/role/RL58007_2026.xml,,,,
"9430, Rivard",,Brossard,,,422.4,1999,232300,531200,763500,2025,Logement,MAMH — Données Québec (rôle d'évaluation foncière),https://donneesouvertes.affmunqc.net/role/RL58007_2026.xml,,,,
"9420, Rivard",,Brossard,,,422.4,1997,232300,515300,747600,2025,Logement,MAMH — Données Québec (rôle d'évaluation foncière),https://donneesouvertes.affmunqc.net/role/RL58007_2026.xml,,,,
"9410, Rivard",,Brossard,,,422.4,2000,232300,502200,734500,2025,Logement,MAMH — Données Québec (rôle d'évaluation foncière),https://donneesouvertes.affmunqc.net/role/RL58007_2026.xml,,,,
"9435, Rivard",,Brossard,,,562.1,,175200,,175200,2025,Immeuble commercial,MAMH — Données Québec (rôle d'évaluation foncière),https://donneesouvertes.affmunqc.net/role/RL58007_2026.xml,,,,
"9425, Rivard",,Brossard,,,432.4,1998,237800,816500,1054300,2025,Logement,MAMH — Données Québec (rôle d'évaluation foncière),https://donneesouvertes.affmunqc.net/role/RL58007_2026.xml,,,,
"9415, Rivard",,Brossard,,,444.5,1999,244500,522200,766700,2025,Logement,MAMH — Données Québec (rôle d'évaluation foncière),https://donneesouvertes.affmunqc.net/role/RL58007_2026.xml,,,,
"9405, Rivard",,Brossard,,,447,2000,245900,590500,836400,2025,Logement,MAMH — Données Québec (rôle d'évaluation foncière),https://donneesouvertes.affmunqc.net/role/RL58007_2026.xml,,,,
"9400, Rivard",,Brossard,,,422.4,2000,232300,560500,792800,2025,Logement,MAMH — Données Québec (rôle d'évaluation foncière),https://donneesouvertes.affmunqc.net/role/RL58007_2026.xml,,,,
"9390, Rivard",,Brossard,,,508.8,1988,277400,400000,677400,2025,Logement,MAMH — Données Québec (rôle d'évaluation foncière),https://donneesouvertes.affmunqc.net/role/RL58007_2026.xml,,,,
"9380, Rivard",,Brossard,,,568.3,1990,293800,674500,968300,2025,Logement,MAMH — Données Québec (rôle d'évaluation foncière),https://donneesouvertes.affmunqc.net/role/RL58007_2026.xml,,,,
"9360, Rivard",,Brossard,,,632.3,1990,311400,561600,873000,2025,Logement,MAMH — Données Québec (rôle d'évaluation foncière),https://donneesouvertes.affmunqc.net/role/RL58007_2026.xml,,,,
"9350, Rivard",,Brossard,,,569.6,1992,294100,938600,1232700,2025,Logement,MAMH — Données Québec (rôle d'évaluation foncière),https://donneesouvertes.affmunqc.net/role/RL58007_2026.xml,,,,
"1525, Rainier",,Brossard,,,584.8,2010,298300,1086200,1384500,2025,Logement,MAMH — Données Québec (rôle d'évaluation foncière),https://donneesouvertes.affmunqc.net/role/RL58007_2026.xml,,,,
"9395, Rivard",,Brossard,,,447,2000,245900,577600,823500,2025,Logement,MAMH — Données Québec (rôle d'évaluation foncière),https://donneesouvertes.affmunqc.net/role/RL58007_2026.xml,,,,
"9385, Rivard",,Brossard,,,447,1997,245900,432400,678300,2025,Logement,MAMH — Données Québec (rôle d'évaluation foncière),https://donneesouvertes.affmunqc.net/role/RL58007_2026.xml,,,,
"9375, Rivard",,Brossard,,,447,1998,245900,611100,857000,2025,Logement,MAMH — Données Québec (rôle d'évaluation foncière),https://donneesouvertes.affmunqc.net/role/RL58007_2026.xml,,,,
"9365, Rivard",,Brossard,,,413,2000,227200,585200,812400,2025,Logement,MAMH — Données Québec (rôle d'évaluation foncière),https://donneesouvertes.affmunqc.net/role/RL58007_2026.xml,,,,
"9369, Rivard",,Brossard,,,412.7,2001,227000,530900,757900,2025,Logement,MAMH — Données Québec (rôle d'évaluation foncière),https://donneesouvertes.affmunqc.net/role/RL58007_2026.xml,,,,
"1535, Rainier",,Brossard,,,498.8,1993,274300,838100,1112400,2025,Logement,MAMH — Données Québec (rôle d'évaluation foncière),https://donneesouvertes.affmunqc.net/role/RL58007_2026.xml,,,,
"9800, Taschereau",,Brossard,,,11612.9,2011,2963600,7045300,10008900,2025,Immeuble à bureaux,MAMH — Données Québec (rôle d'évaluation foncière),https://donneesouvertes.affmunqc.net/role/RL58007_2026.xml,,,,
"9500, Taschereau",,Brossard,,,25032.7,2003,5486500,5434000,10920500,2025,Immeuble à bureaux,MAMH — Données Québec (rôle d'évaluation foncière),https://donneesouvertes.affmunqc.net/role/RL58007_2026.xml,,,,
"9430, Taschereau",,Brossard,,,55592.7,,11231800,10892800,22124600,2025,Immeuble à bureaux,MAMH — Données Québec (rôle d'évaluation foncière),https://donneesouvertes.affmunqc.net/role/RL58007_2026.xml,,,,
"9370, Récollet",,Brossard,,,856.1,2004,372900,1083700,1456600,2025,Logement,MAMH — Données Québec (rôle d'évaluation foncière),https://donneesouvertes.affmunqc.net/role/RL58007_2026.xml,,,,
"9390, Récollet",,Brossard,,,1207.1,2008,443400,1376400,1819800,2025,Logement,MAMH — Données Québec (rôle d'évaluation foncière),https://donneesouvertes.affmunqc.net/role/RL58007_2026.xml,,,,
"9375, Récollet",,Brossard,,,922.1,2001,391100,925600,1316700,2025,Logement,MAMH — Données Québec (rôle d'évaluation foncière),https://donneesouvertes.affmunqc.net/role/RL58007_2026.xml,,,,
"9355, Récollet",,Brossard,,,1013.9,2002,414600,821800,1236400,2025,Logement,MAMH — Données Québec (rôle d'évaluation foncière),https://donneesouvertes.affmunqc.net/role/RL58007_2026.xml,,,,
"9335, Récollet",,Brossard,,,552.4,2001,289400,904300,1193700,2025,Logement,MAMH — Données Québec (rôle d'évaluation foncière),https://donneesouvertes.affmunqc.net/role/RL58007_2026.xml,,,,
"9350, Récollet",,Brossard,,,787.5,2002,354100,972500,1326600,2025,Logement,MAMH — Données Québec (rôle d'évaluation foncière),https://donneesouvertes.affmunqc.net/role/RL58007_2026.xml,,,,
"1545, Rainier",,Brossard,,,923.8,2001,391500,1061300,1452800,2025,Logement,MAMH — Données Québec (rôle d'évaluation foncière),https://donneesouvertes.affmunqc.net/role/RL58007_2026.xml,,,,
"9330, Récollet",,Brossard,,,1017.1,2003,415000,931700,1346700,2025,Logement,MAMH — Données Québec (rôle d'évaluation foncière),https://donneesouvertes.affmunqc.net/role/RL58007_2026.xml,,,,
"9310, Récollet",,Brossard,,,1223.2,2001,445800,932200,1378000,2025,Logement,MAMH — Données Québec (rôle d'évaluation foncière),https://donneesouvertes.affmunqc.net/role/RL58007_2026.xml,,,,
"1555, Rainier",,Brossard,,,706.5,2001,331800,899400,1231200,2025,Logement,MAMH — Données Québec (rôle d'évaluation foncière),https://donneesouvertes.affmunqc.net/role/RL58007_2026.xml,,,,
"9296, Récollet",,Brossard,,,525.2,2017,281900,1037700,1319600,2025,Logement,MAMH — Données Québec (rôle d'évaluation foncière),https://donneesouvertes.affmunqc.net/role/RL58007_2026.xml,,,,
"9290, Récollet",,Brossard,,,524.2,2016,281700,924900,1206600,2025,Logement,MAMH — Données Québec (rôle d'évaluation foncière),https://donneesouvertes.affmunqc.net/role/RL58007_2026.xml,,,,
"9286, Récollet",,Brossard,,,442.1,2017,243200,861700,1104900,2025,Logement,MAMH — Données Québec (rôle d'évaluation foncière),https://donneesouvertes.affmunqc.net/role/RL58007_2026.xml,,,,
"9280, Récollet",,Brossard,,,406.7,2016,223700,853800,1077500,2025,Logement,MAMH — Données Québec (rôle d'évaluation foncière),https://donneesouvertes.affmunqc.net/role/RL58007_2026.xml,,,,
"9276, Récollet",,Brossard,,,406.7,2016,223700,915300,1139000,2025,Logement,MAMH — Données Québec (rôle d'évaluation foncière),https://donneesouvertes.affmunqc.net/role/RL58007_2026.xml,,,,
"9315, Récollet",,Brossard,,,530,2001,283300,1020300,1303600,2025,Logement,MAMH — Données Québec (rôle d'évaluation foncière),https://donneesouvertes.affmunqc.net/role/RL58007_2026.xml,,,,
"1715, Régina",,Brossard,,,464.8,2019,255600,1118500,1374100,2025,Logement,MAMH — Données Québec (rôle d'évaluation foncière),https://donneesouvertes.affmunqc.net/role/RL58007_2026.xml,,,,
"1725, Régina",,Brossard,,,464.5,2019,255500,1289100,1544600,2025,Logement,MAMH — Données Québec (rôle d'évaluation foncière),https://donneesouvertes.affmunqc.net/role/RL58007_2026.xml,,,,
"9225, Rollin",,Brossard,,,1949.2,1998,553900,1257300,1811200,2025,Logement,MAMH — Données Québec (rôle d'évaluation foncière),https://donneesouvertes.affmunqc.net/role/RL58007_2026.xml,,,,
"9215, Rollin",,Brossard,,,679.4,2004,324300,959800,1284100,2025,Logement,MAMH — Données Québec (rôle d'évaluation foncière),https://donneesouvertes.affmunqc.net/role/RL58007_2026.xml,,,,
"9205, Rollin",,Brossard,,,865.2,1995,375400,912000,1287400,2025,Logement,MAMH — Données Québec (rôle d'évaluation foncière),https://donneesouvertes.affmunqc.net/role/RL58007_2026.xml,,,,
"9195, Rollin",,Brossard,,,744.3,1988,342200,802600,1144800,2025,Logement,MAMH — Données Québec (rôle d'évaluation foncière),https://donneesouvertes.affmunqc.net/role/RL58007_2026.xml,,,,
"9193, Rollin",,Brossard,,,748.1,2011,343200,1340800,1684000,2025,Logement,MAMH — Données Québec (rôle d'évaluation foncière),https://donneesouvertes.affmunqc.net/role/RL58007_2026.xml,,,,
"9235, Rollin",,Brossard,,,776.1,1996,350900,996500,1347400,2025,Logement,MAMH — Données Québec (rôle d'évaluation foncière),https://donneesouvertes.affmunqc.net/role/RL58007_2026.xml,,,,
"9245, Récollet",,Brossard,,,1657.9,1959,510500,326900,837400,2025,Logement,MAMH — Données Québec (rôle d'évaluation foncière),https://donneesouvertes.affmunqc.net/role/RL58007_2026.xml,,,,
"9245, Rollin",,Brossard,,,577.3,2000,296300,611000,907300,2025,Logement,MAMH — Données Québec (rôle d'évaluation foncière),https://donneesouvertes.affmunqc.net/role/RL58007_2026.xml,,,,
"9255, Rollin",,Brossard,,,577.3,2000,296300,631100,927400,2025,Logement,MAMH — Données Québec (rôle d'évaluation foncière),https://donneesouvertes.affmunqc.net/role/RL58007_2026.xml,,,,
"9265, Rollin",,Brossard,,,570,2002,294300,933900,1228200,2025,Logement,MAMH — Données Québec (rôle d'évaluation foncière),https://donneesouvertes.affmunqc.net/role/RL58007_2026.xml,,,,
"9275, Rollin",,Brossard,,,570,2000,294300,867200,1161500,2025,Logement,MAMH — Données Québec (rôle d'évaluation foncière),https://donneesouvertes.affmunqc.net/role/RL58007_2026.xml,,,,
"9240, Rollin",,Brossard,,,592.1,1999,300300,1002300,1302600,2025,Logement,MAMH — Données Québec (rôle d'évaluation foncière),https://donneesouvertes.affmunqc.net/role/RL58007_2026.xml,,,,
"9250, Rollin",,Brossard,,,540,2000,286000,867600,1153600,2025,Logement,MAMH — Données Québec (rôle d'évaluation foncière),https://donneesouvertes.affmunqc.net/role/RL58007_2026.xml,,,,
"9260, Rollin",,Brossard,,,540,2002,286000,978500,1264500,2025,Logement,MAMH — Données Québec (rôle d'évaluation foncière),https://donneesouvertes.affmunqc.net/role/RL58007_2026.xml,,,,
"9270, Rollin",,Brossard,,,540,2002,286000,1017800,1303800,2025,Logement,MAMH — Données Québec (rôle d'évaluation foncière),https://donneesouvertes.affmunqc.net/role/RL58007_2026.xml,,,,
"9160, Rollin",,Brossard,,,672.5,1994,322400,888800,1211200,2025,Logement,MAMH — Données Québec (rôle d'évaluation foncière),https://donneesouvertes.affmunqc.net/role/RL58007_2026.xml,,,,
"9280, Rollin",,Brossard,,,540,2001,286000,887900,1173900,2025,Logement,MAMH — Données Québec (rôle d'évaluation foncière),https://donneesouvertes.affmunqc.net/role/RL58007_2026.xml,,,,
"9290, Rollin",,Brossard,,,540,2000,286000,787300,1073300,2025,Logement,MAMH — Données Québec (rôle d'évaluation foncière),https://donneesouvertes.affmunqc.net/role/RL58007_2026.xml,,,,
"9150, Rollin",,Brossard,,,540,1990,286000,662700,948700,2025,Logement,MAMH — Données Québec (rôle d'évaluation foncière),https://donneesouvertes.affmunqc.net/role/RL58007_2026.xml,,,,
"9610, Ignace",,Brossard,,,15678.5,1988,2351800,4358000,6709800,2025,Immeuble à bureaux,MAMH — Données Québec (rôle d'évaluation foncière),https://donneesouvertes.affmunqc.net/role/RL58007_2026.xml,,,,
"9420, Taschereau",,Brossard,,,3748.1,2004,1124400,2080900,3205300,2025,Immeuble à bureaux,MAMH — Données Québec (rôle d'évaluation foncière),https://donneesouvertes.affmunqc.net/role/RL58007_2026.xml,,,,
"9189, Rollin",,Brossard,,,569.8,2004,294200,541600,835800,2025,Logement,MAMH — Données Québec (rôle d'évaluation foncière),https://donneesouvertes.affmunqc.net/role/RL58007_2026.xml,,,,
"9185, Rollin",,Brossard,,,958,1997,401000,540500,941500,2025,Logement,MAMH — Données Québec (rôle d'évaluation foncière),https://donneesouvertes.affmunqc.net/role/RL58007_2026.xml,,,,
"9181, Rollin",,Brossard,,,644.3,2003,314700,581400,896100,2025,Logement,MAMH — Données Québec (rôle d'évaluation foncière),https://donneesouvertes.affmunqc.net/role/RL58007_2026.xml,,,,
"9177, Rollin",,Brossard,,,416,2003,228800,483200,712000,2025,Logement,MAMH — Données Québec (rôle d'évaluation foncière),https://donneesouvertes.affmunqc.net/role/RL58007_2026.xml,,,,
"9173, Rollin",,Brossard,,,433.5,2003,238400,446600,685000,2025,Logement,MAMH — Données Québec (rôle d'évaluation foncière),https://donneesouvertes.affmunqc.net/role/RL58007_2026.xml,,,,
"9169, Rollin",,Brossard,,,696.5,2003,329000,978800,1307800,2025,Logement,MAMH — Données Québec (rôle d'évaluation foncière),https://donneesouvertes.affmunqc.net/role/RL58007_2026.xml,,,,
"9410, Taschereau",,Brossard,,,1926,1991,577800,414100,991900,2025,Immeuble à bureaux,MAMH — Données Québec (rôle d'évaluation foncière),https://donneesouvertes.affmunqc.net/role/RL58007_2026.xml,,,,
"9140, Rollin",,Brossard,,,540,1990,286000,778200,1064200,2025,Logement,MAMH — Données Québec (rôle d'évaluation foncière),https://donneesouvertes.affmunqc.net/role/RL58007_2026.xml,,,,
"9130, Rollin",,Brossard,,,540,1990,286000,579900,865900,2025,Logement,MAMH — Données Québec (rôle d'évaluation foncière),https://donneesouvertes.affmunqc.net/role/RL58007_2026.xml,,,,
"9120, Rollin",,Brossard,,,540,1988,286000,642700,928700,2025,Logement,MAMH — Données Québec (rôle d'évaluation foncière),https://donneesouvertes.affmunqc.net/role/RL58007_2026.xml,,,,
"9110, Rollin",,Brossard,,,540,,286000,,286000,2025,Terrain vacant,MAMH — Données Québec (rôle d'évaluation foncière),https://donneesouvertes.affmunqc.net/role/RL58007_2026.xml,,,,
"9167, Rollin",,Brossard,,,579.4,2003,296800,649100,945900,2025,Logement,MAMH — Données Québec (rôle d'évaluation foncière),https://donneesouvertes.affmunqc.net/role/RL58007_2026.xml,,,,
"9165, Rollin",,Brossard,,,650,2002,316300,874300,1190600,2025,Logement,MAMH — Données Québec (rôle d'évaluation foncière),https://donneesouvertes.affmunqc.net/role/RL58007_2026.xml,,,,
"9155, Rollin",,Brossard,,,532.5,2002,283900,538500,822400,2025,Logement,MAMH — Données Québec (rôle d'évaluation foncière),https://donneesouvertes.affmunqc.net/role/RL58007_2026.xml,,,,
"9145, Rollin",,Brossard,,,533.1,2003,284100,556800,840900,2025,Logement,MAMH — Données Québec (rôle d'évaluation foncière),https://donneesouvertes.affmunqc.net/role/RL58007_2026.xml,,,,
"9135, Rollin",,Brossard,,,533.8,2002,284300,436400,720700,2025,Logement,MAMH — Données Québec (rôle d'évaluation foncière),https://donneesouvertes.affmunqc.net/role/RL58007_2026.xml,,,,
"9125, Rollin",,Brossard,,,534.6,2002,284500,571000,855500,2025,Logement,MAMH — Données Québec (rôle d'évaluation foncière),https://donneesouvertes.affmunqc.net/role/RL58007_2026.xml,,,,
"9115, Rollin",,Brossard,,,535.3,2002,284700,532100,816800,2025,Logement,MAMH — Données Québec (rôle d'évaluation foncière),https://donneesouvertes.affmunqc.net/role/RL58007_2026.xml,,,,
"9620, Ignace",,Brossard,,,13462.6,1988,2019400,4188800,6208200,2025,Immeuble à bureaux,MAMH — Données Québec (rôle d'évaluation foncière),https://donneesouvertes.affmunqc.net/role/RL58007_2026.xml,,,,
"9600, Ignace",,Brossard,,,8926.1,1986,1338900,3685900,5024800,2025,Immeuble à bureaux,MAMH — Données Québec (rôle d'évaluation foncière),https://donneesouvertes.affmunqc.net/role/RL58007_2026.xml,,,,
"9525, Taschereau",,Brossard,,,20062,1975,3869200,925400,4794600,2025,Institutionnel,MAMH — Données Québec (rôle d'évaluation foncière),https://donneesouvertes.affmunqc.net/role/RL58007_2026.xml,,,,
"9425, Taschereau",,Brossard,,,14871.7,,4184200,5563200,9747400,2025,Immeuble à bureaux,MAMH — Données Québec (rôle d'évaluation foncière),https://donneesouvertes.affmunqc.net/role/RL58007_2026.xml,,,,
"9400, Taschereau",,Brossard,,,13410.6,,3301600,2870100,6171700,2025,Immeuble à bureaux,MAMH — Données Québec (rôle d'évaluation foncière),https://donneesouvertes.affmunqc.net/role/RL58007_2026.xml,,,,
"9655, Ignace",,Brossard,,,14017.6,1989,2102600,4561700,6664300,2025,Immeuble à bureaux,MAMH — Données Québec (rôle d'évaluation foncière),https://donneesouvertes.affmunqc.net/role/RL58007_2026.xml,,,,
"9625, Ignace",,Brossard,,,6908.4,1987,1036300,2733700,3770000,2025,Immeuble à bureaux,MAMH — Données Québec (rôle d'évaluation foncière),https://donneesouvertes.affmunqc.net/role/RL58007_2026.xml,,,,
"9605, Ignace",,Brossard,,,6937.9,1986,1040700,1897100,2937800,2025,Immeuble à bureaux,MAMH — Données Québec (rôle d'évaluation foncière),https://donneesouvertes.affmunqc.net/role/RL58007_2026.xml,,,,
"2600, Matte",,Brossard,,,7444,1987,1228300,6588300,7816600,2025,Immeuble à bureaux,MAMH — Données Québec (rôle d'évaluation foncière),https://donneesouvertes.affmunqc.net/role/RL58007_2026.xml,,,,
"9405, Taschereau",,Brossard,,,6600.9,1997,1980300,2453400,4433700,2025,Immeuble à bureaux,MAMH — Données Québec (rôle d'évaluation foncière),https://donneesouvertes.affmunqc.net/role/RL58007_2026.xml,,,,
"9205, Taschereau",,Brossard,,,8222.5,2000,2326200,5621700,7947900,2025,,MAMH — Données Québec (rôle d'évaluation foncière),https://donneesouvertes.affmunqc.net/role/RL58007_2026.xml,,,,
"9595, Ignace",,Brossard,,,11606.2,1985,1740900,950100,2691000,2025,Industrie,MAMH — Données Québec (rôle d'évaluation foncière),https://donneesouvertes.affmunqc.net/role/RL58007_2026.xml,,,,
"9585, Ignace",,Brossard,,,7006,2013,1050900,3802700,4853600,2025,Immeuble à bureaux,MAMH — Données Québec (rôle d'évaluation foncière),https://donneesouvertes.affmunqc.net/role/RL58007_2026.xml,,,,
"9575, Ignace",,Brossard,,,9252.2,1980,1526600,2435100,3961700,2025,Immeuble à bureaux,MAMH — Données Québec (rôle d'évaluation foncière),https://donneesouvertes.affmunqc.net/role/RL58007_2026.xml,,,,
"2555, Matte",,Brossard,,,27494.6,1977,5949400,12063500,18012900,2025,Immeuble à bureaux,MAMH — Données Québec (rôle d'évaluation foncière),https://donneesouvertes.affmunqc.net/role/RL58007_2026.xml,,,,
"9055, Taschereau, app. 9155",,Brossard,,,46735.6,2000,9566700,15388500,24955200,2025,Immeuble à bureaux,MAMH — Données Québec (rôle d'évaluation foncière),https://donneesouvertes.affmunqc.net/role/RL58007_2026.xml,,,,
"2850, Matte",,Brossard,,,11828,2018,1951600,4683200,6634800,2025,Immeuble à bureaux,MAMH — Données Québec (rôle d'évaluation foncière),https://donneesouvertes.affmunqc.net/role/RL58007_2026.xml,,,,
"2655, Matte",,Brossard,,,15777.1,2024,2603200,9643200,12246400,2025,Industrie,MAMH — Données Québec (rôle d'évaluation foncière),https://donneesouvertes.affmunqc.net/role/RL58007_2026.xml,,,,
"9040, Oligny",,Brossard,,,900.7,2002,358500,980800,1339300,2025,Logement,MAMH — Données Québec (rôle d'évaluation foncière),https://donneesouvertes.affmunqc.net/role/RL58007_2026.xml,,,,
"9030, Oligny",,Brossard,,,613.8,2000,316600,514600,831200,2025,Logement,MAMH — Données Québec (rôle d'évaluation foncière),https://donneesouvertes.affmunqc.net/role/RL58007_2026.xml,,,,
"9050, Oligny",,Brossard,,,867.4,2001,353600,549500,903100,2025,Logement,MAMH — Données Québec (rôle d'évaluation foncière),https://donneesouvertes.affmunqc.net/role/RL58007_2026.xml,,,,
"9020, Oligny",,Brossard,,,467.3,2001,280400,496400,776800,2025,Logement,MAMH — Données Québec (rôle d'évaluation foncière),https://donneesouvertes.affmunqc.net/role/RL58007_2026.xml,,,,
"9060, Oligny",,Brossard,,,560,2003,308800,567400,876200,2025,Logement,MAMH — Données Québec (rôle d'évaluation foncière),https://donneesouvertes.affmunqc.net/role/RL58007_2026.xml,,,,
"9070, Oligny",,Brossard,,,560,2002,308800,566700,875500,2025,Logement,MAMH — Données Québec (rôle d'évaluation foncière),https://donneesouvertes.affmunqc.net/role/RL58007_2026.xml,,,,
"9000, Oligny",,Brossard,,,466.4,2001,279800,478600,758400,2025,Logement,MAMH — Données Québec (rôle d'évaluation foncière),https://donneesouvertes.affmunqc.net/role/RL58007_2026.xml,,,,
"8990, Oligny",,Brossard,,,416.8,2000,250100,479800,729900,2025,Logement,MAMH — Données Québec (rôle d'évaluation foncière),https://donneesouvertes.affmunqc.net/role/RL58007_2026.xml,,,,
"8980, Oligny",,Brossard,,,403.7,2001,242200,542000,784200,2025,Logement,MAMH — Données Québec (rôle d'évaluation foncière),https://donneesouvertes.affmunqc.net/role/RL58007_2026.xml,,,,
"8970, Oligny",,Brossard,,,403.7,2001,242200,586200,828400,2025,Logement,MAMH — Données Québec (rôle d'évaluation foncière),https://donneesouvertes.affmunqc.net/role/RL58007_2026.xml,,,,
"8960, Oligny",,Brossard,,,388.7,2002,233200,628900,862100,2025,Logement,MAMH — Données Québec (rôle d'évaluation foncière),https://donneesouvertes.affmunqc.net/role/RL58007_2026.xml,,,,
"9260, Roussel",,Brossard,,,695.9,1989,328900,541300,870200,2025,Logement,MAMH — Données Québec (rôle d'évaluation foncière),https://donneesouvertes.affmunqc.net/role/RL58007_2026.xml,,,,
"1225, Richelieu",,Brossard,,,526.1,1969,282200,249800,532000,2025,Logement,MAMH — Données Québec (rôle d'évaluation foncière),https://donneesouvertes.affmunqc.net/role/RL58007_2026.xml,,,,
"9250, Roussel",,Brossard,,,480,1989,264000,660900,924900,2025,Logement,MAMH — Données Québec (rôle d'évaluation foncière),https://donneesouvertes.affmunqc.net/role/RL58007_2026.xml,,,,
"9270, Roussel",,Brossard,,,788,1999,354200,539900,894100,2025,Logement,MAMH — Données Québec (rôle d'évaluation foncière),https://donneesouvertes.affmunqc.net/role/RL58007_2026.xml,,,,
"1245, Richelieu",,Brossard,,,527.1,1948,282500,208900,491400,2025,Logement,MAMH — Données Québec (rôle d'évaluation foncière),https://donneesouvertes.affmunqc.net/role/RL58007_2026.xml,,,,
"9280, Roussel",,Brossard,,,581.3,1993,297400,516700,814100,2025,Logement,MAMH — Données Québec (rôle d'évaluation foncière),https://donneesouvertes.affmunqc.net/role/RL58007_2026.xml,,,,
"1295, Richelieu",,Brossard,,,1184.9,1947,440100,211000,651100,2025,Logement,MAMH — Données Québec (rôle d'évaluation foncière),https://donneesouvertes.affmunqc.net/role/RL58007_2026.xml,,,,
"1220, Prairies",,Brossard,,,464.5,1984,255500,410500,666000,2025,Logement,MAMH — Données Québec (rôle d'évaluation foncière),https://donneesouvertes.affmunqc.net/role/RL58007_2026.xml,,,,
"1260, Richelieu",,Brossard,,,519.8,1976,280400,415200,695600,2025,Logement,MAMH — Données Québec (rôle d'évaluation foncière),https://donneesouvertes.affmunqc.net/role/RL58007_2026.xml,,,,
"1235, Prairies",,Brossard,,,487.7,1955,268200,243000,511200,2025,Logement,MAMH — Données Québec (rôle d'évaluation foncière),https://donneesouvertes.affmunqc.net/role/RL58007_2026.xml,,,,
"1260, Prairies",,Brossard,,,696.8,2015,329100,1019100,1348200,2025,Logement,MAMH — Données Québec (rôle d'évaluation foncière),https://donneesouvertes.affmunqc.net/role/RL58007_2026.xml,,,,
"1255, Prairies",,Brossard,,,487.7,1945,268200,258800,527000,2025,Logement,MAMH — Données Québec (rôle d'évaluation foncière),https://donneesouvertes.affmunqc.net/role/RL58007_2026.xml,,,,
"1280, Richelieu",,Brossard,,,441.3,1952,242700,245200,487900,2025,Logement,MAMH — Données Québec (rôle d'évaluation foncière),https://donneesouvertes.affmunqc.net/role/RL58007_2026.xml,,,,
"1275, Prairies, app. 1277",,Brossard,,,487.7,1958,268200,196200,464400,2025,Logement,MAMH — Données Québec (rôle d'évaluation foncière),https://donneesouvertes.affmunqc.net/role/RL58007_2026.xml,,,,
"1245, Robert",,Brossard,,,508.9,1945,277400,167200,444600,2025,Logement,MAMH — Données Québec (rôle d'évaluation foncière),https://donneesouvertes.affmunqc.net/role/RL58007_2026.xml,,,,
"1220, Robert",,Brossard,,,1161.3,1972,436500,297300,733800,2025,Logement,MAMH — Données Québec (rôle d'évaluation foncière),https://donneesouvertes.affmunqc.net/role/RL58007_2026.xml,,,,
"1295, Robert",,Brossard,,,570.7,1974,294400,339600,634000,2025,Logement,MAMH — Données Québec (rôle d'évaluation foncière),https://donneesouvertes.affmunqc.net/role/RL58007_2026.xml,,,,
"1625, Rio",,Brossard,,,564,1989,292600,706700,999300,2025,Logement,MAMH — Données Québec (rôle d'évaluation foncière),https://donneesouvertes.affmunqc.net/role/RL58007_2026.xml,,,,
"1635, Rio",,Brossard,,,564,1988,292600,603800,896400,2025,Logement,MAMH — Données Québec (rôle d'évaluation foncière),https://donneesouvertes.affmunqc.net/role/RL58007_2026.xml,,,,
"1645, Rio",,Brossard,,,645,1989,314900,777400,1092300,2025,Logement,MAMH — Données Québec (rôle d'évaluation foncière),https://donneesouvertes.affmunqc.net/role/RL58007_2026.xml,,,,
"1655, Rio",,Brossard,,,679.4,1988,324300,592400,916700,2025,Logement,MAMH — Données Québec (rôle d'évaluation foncière),https://donneesouvertes.affmunqc.net/role/RL58007_2026.xml,,,,
"1665, Rio",,Brossard,,,927.6,1990,392600,1122500,1515100,2025,Logement,MAMH — Données Québec (rôle d'évaluation foncière),https://donneesouvertes.affmunqc.net/role/RL58007_2026.xml,,,,
"1675, Rio",,Brossard,,,694.1,1999,328400,923800,1252200,2025,Logement,MAMH — Données Québec (rôle d'évaluation foncière),https://donneesouvertes.affmunqc.net/role/RL58007_2026.xml,,,,
"1585, Rio",,Brossard,,,668,1991,321200,739700,1060900,2025,Logement,MAMH — Données Québec (rôle d'évaluation foncière),https://donneesouvertes.affmunqc.net/role/RL58007_2026.xml,,,,
"1595, Rio",,Brossard,,,564,1988,292600,773700,1066300,2025,Logement,MAMH — Données Québec (rôle d'évaluation foncière),https://donneesouvertes.affmunqc.net/role/RL58007_2026.xml,,,,
"1605, Rio",,Brossard,,,564,1990,292600,689700,982300,2025,Logement,MAMH — Données Québec (rôle d'évaluation foncière),https://donneesouvertes.affmunqc.net/role/RL58007_2026.xml,,,,
"1615, Rio",,Brossard,,,564,1988,292600,621900,914500,2025,Logement,MAMH — Données Québec (rôle d'évaluation foncière),https://donneesouvertes.affmunqc.net/role/RL58007_2026.xml,,,,
"9023, San Francisco",,Brossard,,,682.7,1989,325200,801100,1126300,2025,Logement,MAMH — Données Québec (rôle d'évaluation foncière),https://donneesouvertes.affmunqc.net/role/RL58007_2026.xml,,,,
"9021, San Francisco",,Brossard,,,758.9,1990,346200,931800,1278000,2025,Logement,MAMH — Données Québec (rôle d'évaluation foncière),https://donneesouvertes.affmunqc.net/role/RL58007_2026.xml,,,,
"9028, San Francisco",,Brossard,,,893.4,1989,383200,832900,1216100,2025,Logement,MAMH — Données Québec (rôle d'évaluation foncière),https://donneesouvertes.affmunqc.net/role/RL58007_2026.xml,,,,
"9025, San Francisco",,Brossard,,,819,1999,362700,825900,1188600,2025,Logement,MAMH — Données Québec (rôle d'évaluation foncière),https://donneesouvertes.affmunqc.net/role/RL58007_2026.xml,,,,
"9026, San Francisco",,Brossard,,,610.8,1990,305500,965800,1271300,2025,Logement,MAMH — Données Québec (rôle d'évaluation foncière),https://donneesouvertes.affmunqc.net/role/RL58007_2026.xml,,,,
"7990, Rostand",,Brossard,,,602.8,1991,303300,917300,1220600,2025,Logement,MAMH — Données Québec (rôle d'évaluation foncière),https://donneesouvertes.affmunqc.net/role/RL58007_2026.xml,,,,
"9024, San Francisco",,Brossard,,,607.9,1989,304700,589200,893900,2025,Logement,MAMH — Données Québec (rôle d'évaluation foncière),https://donneesouvertes.affmunqc.net/role/RL58007_2026.xml,,,,
"7980, Rostand",,Brossard,,,618,1988,307500,852900,1160400,2025,Logement,MAMH — Données Québec (rôle d'évaluation foncière),https://donneesouvertes.affmunqc.net/role/RL58007_2026.xml,,,,
"9022, San Francisco",,Brossard,,,635.8,2000,312300,1060700,1373000,2025,Logement,MAMH — Données Québec (rôle d'évaluation foncière),https://donneesouvertes.affmunqc.net/role/RL58007_2026.xml,,,,
"7970, Rostand",,Brossard,,,629.3,1988,310600,730500,1041100,2025,Logement,MAMH — Données Québec (rôle d'évaluation foncière),https://donneesouvertes.affmunqc.net/role/RL58007_2026.xml,,,,
"8040, Rostand",,Brossard,,,570,1990,294300,973400,1267700,2025,Logement,MAMH — Données Québec (rôle d'évaluation foncière),https://donneesouvertes.affmunqc.net/role/RL58007_2026.xml,,,,
"8030, Rostand",,Brossard,,,570,1989,294300,704200,998500,2025,Logement,MAMH — Données Québec (rôle d'évaluation foncière),https://donneesouvertes.affmunqc.net/role/RL58007_2026.xml,,,,
"8020, Rostand",,Brossard,,,598.3,1989,302000,781900,1083900,2025,Logement,MAMH — Données Québec (rôle d'évaluation foncière),https://donneesouvertes.affmunqc.net/role/RL58007_2026.xml,,,,
"8010, Rostand",,Brossard,,,722.5,1988,336200,690400,1026600,2025,Logement,MAMH — Données Québec (rôle d'évaluation foncière),https://donneesouvertes.affmunqc.net/role/RL58007_2026.xml,,,,
"8000, Rostand",,Brossard,,,731.2,1992,338600,952500,1291100,2025,Logement,MAMH — Données Québec (rôle d'évaluation foncière),https://donneesouvertes.affmunqc.net/role/RL58007_2026.xml,,,,
"8045, Rostand",,Brossard,,,785.5,1992,353500,1018300,1371800,2025,Logement,MAMH — Données Québec (rôle d'évaluation foncière),https://donneesouvertes.affmunqc.net/role/RL58007_2026.xml,,,,
"8035, Rostand",,Brossard,,,792.5,1990,355400,997800,1353200,2025,Logement,MAMH — Données Québec (rôle d'évaluation foncière),https://donneesouvertes.affmunqc.net/role/RL58007_2026.xml,,,,
"8015, Rostand",,Brossard,,,810.7,1988,360400,866300,1226700,2025,Logement,MAMH — Données Québec (rôle d'évaluation foncière),https://donneesouvertes.affmunqc.net/role/RL58007_2026.xml,,,,
"7985, Rostand",,Brossard,,,714.9,1988,334100,894300,1228400,2025,Logement,MAMH — Données Québec (rôle d'évaluation foncière),https://donneesouvertes.affmunqc.net/role/RL58007_2026.xml,,,,
"8070, Rostand",,Brossard,,,749.9,1989,343700,845600,1189300,2025,Logement,MAMH — Données Québec (rôle d'évaluation foncière),https://donneesouvertes.affmunqc.net/role/RL58007_2026.xml,,,,
"8080, Rostand",,Brossard,,,1161.3,1999,436500,836600,1273100,2025,Logement,MAMH — Données Québec (rôle d'évaluation foncière),https://donneesouvertes.affmunqc.net/role/RL58007_2026.xml,,,,
"8060, Rostand",,Brossard,,,570,1988,294300,1006200,1300500,2025,Logement,MAMH — Données Québec (rôle d'évaluation foncière),https://donneesouvertes.affmunqc.net/role/RL58007_2026.xml,,,,
"8050, Rostand",,Brossard,,,570,1989,294300,828300,1122600,2025,Logement,MAMH — Données Québec (rôle d'évaluation foncière),https://donneesouvertes.affmunqc.net/role/RL58007_2026.xml,,,,
"8090, Rostand",,Brossard,,,621.7,1988,308500,808400,1116900,2025,Logement,MAMH — Données Québec (rôle d'évaluation foncière),https://donneesouvertes.affmunqc.net/role/RL58007_2026.xml,,,,
"8105, Rostand",,Brossard,,,649,1988,316000,579000,895000,2025,Logement,MAMH — Données Québec (rôle d'évaluation foncière),https://donneesouvertes.affmunqc.net/role/RL58007_2026.xml,,,,
"8100, Rostand",,Brossard,,,570,1988,294300,744800,1039100,2025,Logement,MAMH — Données Québec (rôle d'évaluation foncière),https://donneesouvertes.affmunqc.net/role/RL58007_2026.xml,,,,
"8055, Rostand",,Brossard,,,827.9,1988,365200,961400,1326600,2025,Logement,MAMH — Données Québec (rôle d'évaluation foncière),https://donneesouvertes.affmunqc.net/role/RL58007_2026.xml,,,,
"8115, Rostand",,Brossard,,,585,1989,298400,712300,1010700,2025,Logement,MAMH — Données Québec (rôle d'évaluation foncière),https://donneesouvertes.affmunqc.net/role/RL58007_2026.xml,,,,
"8110, Rostand",,Brossard,,,570,1989,294300,724500,1018800,2025,Logement,MAMH — Données Québec (rôle d'évaluation foncière),https://donneesouvertes.affmunqc.net/role/RL58007_2026.xml,,,,
"8065, Rhône",,Brossard,,,579,1987,296700,683700,980400,2025,Logement,MAMH — Données Québec (rôle d'évaluation foncière),https://donneesouvertes.affmunqc.net/role/RL58007_2026.xml,,,,
"8045, Rhône",,Brossard,,,658.5,1987,318600,765300,1083900,2025,Logement,MAMH — Données Québec (rôle d'évaluation foncière),https://donneesouvertes.affmunqc.net/role/RL58007_2026.xml,,,,
"8055, Rhône",,Brossard,,,540,1987,286000,832700,1118700,2025,Logement,MAMH — Données Québec (rôle d'évaluation foncière),https://donneesouvertes.affmunqc.net/role/RL58007_2026.xml,,,,
"8035, Rhône",,Brossard,,,904.8,1988,386300,764500,1150800,2025,Logement,MAMH — Données Québec (rôle d'évaluation foncière),https://donneesouvertes.affmunqc.net/role/RL58007_2026.xml,,,,
"8025, Rhône",,Brossard,,,737.1,1986,340200,884000,1224200,2025,Logement,MAMH — Données Québec (rôle d'évaluation foncière),https://donneesouvertes.affmunqc.net/role/RL58007_2026.xml,,,,
"8100, Rhône",,Brossard,,,685,1986,325900,848900,1174800,2025,Logement,MAMH — Données Québec (rôle d'évaluation foncière),https://donneesouvertes.affmunqc.net/role/RL58007_2026.xml,,,,
"8010, Rhône",,Brossard,,,651.9,1987,316800,774800,1091600,2025,Logement,MAMH — Données Québec (rôle d'évaluation foncière),https://donneesouvertes.affmunqc.net/role/RL58007_2026.xml,,,,
"8015, Rhône",,Brossard,,,546,1987,287700,786700,1074400,2025,Logement,MAMH — Données Québec (rôle d'évaluation foncière),https://donneesouvertes.affmunqc.net/role/RL58007_2026.xml,,,,
"8110, Rhône",,Brossard,,,639,1986,313200,883000,1196200,2025,Logement,MAMH — Données Québec (rôle d'évaluation foncière),https://donneesouvertes.affmunqc.net/role/RL58007_2026.xml,,,,
"8000, Rhône",,Brossard,,,588,1987,299200,829400,1128600,2025,Logement,MAMH — Données Québec (rôle d'évaluation foncière),https://donneesouvertes.affmunqc.net/role/RL58007_2026.xml,,,,
"8005, Rhône",,Brossard,,,546,1988,287700,1151900,1439600,2025,Logement,MAMH — Données Québec (rôle d'évaluation foncière),https://donneesouvertes.affmunqc.net/role/RL58007_2026.xml,,,,
"7990, Rhône",,Brossard,,,588,1987,299200,857000,1156200,2025,Logement,MAMH — Données Québec (rôle d'évaluation foncière),https://donneesouvertes.affmunqc.net/role/RL58007_2026.xml,,,,
"8075, Rhône",,Brossard,,,681.2,1986,324800,919600,1244400,2025,Logement,MAMH — Données Québec (rôle d'évaluation foncière),https://donneesouvertes.affmunqc.net/role/RL58007_2026.xml,,,,
"8085, Rhône",,Brossard,,,1106.7,1987,428400,866800,1295200,2025,Logement,MAMH — Données Québec (rôle d'évaluation foncière),https://donneesouvertes.affmunqc.net/role/RL58007_2026.xml,,,,
"8095, Rhône",,Brossard,,,741.5,1986,341400,728100,1069500,2025,Logement,MAMH — Données Québec (rôle d'évaluation foncière),https://donneesouvertes.affmunqc.net/role/RL58007_2026.xml,,,,
"8105, Rhône",,Brossard,,,572.3,1986,294900,874400,1169300,2025,Logement,MAMH — Données Québec (rôle d'évaluation foncière),https://donneesouvertes.affmunqc.net/role/RL58007_2026.xml,,,,
"8115, Rhône",,Brossard,,,572.3,1987,294900,672300,967200,2025,Logement,MAMH — Données Québec (rôle d'évaluation foncière),https://donneesouvertes.affmunqc.net/role/RL58007_2026.xml,,,,
"9255, Roussel",,Brossard,,,583,1992,297800,489400,787200,2025,Logement,MAMH — Données Québec (rôle d'évaluation foncière),https://donneesouvertes.affmunqc.net/role/RL58007_2026.xml,,,,
"9290, Roussel",,Brossard,,,480,1989,264000,669900,933900,2025,Logement,MAMH — Données Québec (rôle d'évaluation foncière),https://donneesouvertes.affmunqc.net/role/RL58007_2026.xml,,,,
"9300, Roussel",,Brossard,,,480,1994,264000,509100,773100,2025,Logement,MAMH — Données Québec (rôle d'évaluation foncière),https://donneesouvertes.affmunqc.net/role/RL58007_2026.xml,,,,
"9345, Roussel",,Brossard,,,565.6,1988,293000,510500,803500,2025,Logement,MAMH — Données Québec (rôle d'évaluation foncière),https://donneesouvertes.affmunqc.net/role/RL58007_2026.xml,,,,
"9310, Roussel",,Brossard,,,480,1992,264000,739200,1003200,2025,Logement,MAMH — Données Québec (rôle d'évaluation foncière),https://donneesouvertes.affmunqc.net/role/RL58007_2026.xml,,,,
"1345, Richelieu",,Brossard,,,1444.1,1967,534600,408200,942800,2025,Logement,MAMH — Données Québec (rôle d'évaluation foncière),https://donneesouvertes.affmunqc.net/role/RL58007_2026.xml,,,,
"9320, Roussel",,Brossard,,,587.7,1993,299100,634900,934000,2025,Logement,MAMH — Données Québec (rôle d'évaluation foncière),https://donneesouvertes.affmunqc.net/role/RL58007_2026.xml,,,,
"9330, Roussel",,Brossard,,,1017,1999,415000,437700,852700,2025,Logement,MAMH — Données Québec (rôle d'évaluation foncière),https://donneesouvertes.affmunqc.net/role/RL58007_2026.xml,,,,
"9340, Roussel",,Brossard,,,754.7,1994,345000,609400,954400,2025,Logement,MAMH — Données Québec (rôle d'évaluation foncière),https://donneesouvertes.affmunqc.net/role/RL58007_2026.xml,,,,
"1455, Richelieu",,Brossard,,,966.8,1981,403400,454100,857500,2025,Logement,MAMH — Données Québec (rôle d'évaluation foncière),https://donneesouvertes.affmunqc.net/role/RL58007_2026.xml,,,,
"1300, Prairies, app. 1306",,Brossard,,,991.1,1955,410100,472400,882500,2025,Logement,MAMH — Données Québec (rôle d'évaluation foncière),https://donneesouvertes.affmunqc.net/role/RL58007_2026.xml,,,,
"1290, Richelieu",,Brossard,,,441.3,1984,242700,488900,731600,2025,Logement,MAMH — Données Québec (rôle d'évaluation foncière),https://donneesouvertes.affmunqc.net/role/RL58007_2026.xml,,,,
"1305, Prairies",,Brossard,,,487.7,2019,268200,1004900,1273100,2025,Logement,MAMH — Données Québec (rôle d'évaluation foncière),https://donneesouvertes.affmunqc.net/role/RL58007_2026.xml,,,,
"1300, Richelieu",,Brossard,,,441.3,2009,242700,542700,785400,2025,Logement,MAMH — Données Québec (rôle d'évaluation foncière),https://donneesouvertes.affmunqc.net/role/RL58007_2026.xml,,,,
"1335, Prairies",,Brossard,,,487.7,2007,268200,547700,815900,2025,Logement,MAMH — Données Québec (rôle d'évaluation foncière),https://donneesouvertes.affmunqc.net/role/RL58007_2026.xml,,,,
"1340, Prairies, app. 1342",,Brossard,,,702.3,1954,330600,207400,538000,2025,Logement,MAMH — Données Québec (rôle d'évaluation foncière),https://donneesouvertes.affmunqc.net/role/RL58007_2026.xml,,,,
"1320, Richelieu",,Brossard,,,441.3,1992,242700,598300,841000,2025,Logement,MAMH — Données Québec (rôle d'évaluation foncière),https://donneesouvertes.affmunqc.net/role/RL58007_2026.xml,,,,
"1355, Prairies",,Brossard,,,487.7,1991,268200,440600,708800,2025,Logement,MAMH — Données Québec (rôle d'évaluation foncière),https://donneesouvertes.affmunqc.net/role/RL58007_2026.xml,,,,
"1350, Richelieu",,Brossard,,,441.3,1991,242700,300300,543000,2025,Logement,MAMH — Données Québec (rôle d'évaluation foncière),https://donneesouvertes.affmunqc.net/role/RL58007_2026.xml,,,,
"1370, Prairies",,Brossard,,,534,1979,284400,459800,744200,2025,Logement,MAMH — Données Québec (rôle d'évaluation foncière),https://donneesouvertes.affmunqc.net/role/RL58007_2026.xml,,,,
"1375, Prairies",,Brossard,,,487.7,2022,268200,1022600,1290800,2025,Logement,MAMH — Données Québec (rôle d'évaluation foncière),https://donneesouvertes.affmunqc.net/role/RL58007_2026.xml,,,,
"1380, Prairies",,Brossard,,,395,2019,217300,876300,1093600,2025,Logement,MAMH — Données Québec (rôle d'évaluation foncière),https://donneesouvertes.affmunqc.net/role/RL58007_2026.xml,,,,
"1410, Richelieu",,Brossard,,,441.3,2013,242700,695400,938100,2025,Logement,MAMH — Données Québec (rôle d'évaluation foncière),https://donneesouvertes.affmunqc.net/role/RL58007_2026.xml,,,,
"1405, Prairies",,Brossard,,,731.6,1975,338700,299700,638400,2025,Logement,MAMH — Données Québec (rôle d'évaluation foncière),https://donneesouvertes.affmunqc.net/role/RL58007_2026.xml,,,,
"1400, Prairies",,Brossard,,,486.1,1967,267400,309800,577200,2025,Logement,MAMH — Données Québec (rôle d'évaluation foncière),https://donneesouvertes.affmunqc.net/role/RL58007_2026.xml,,,,
"1432, Richelieu",,Brossard,,,470.5,2002,258800,631700,890500,2025,Logement,MAMH — Données Québec (rôle d'évaluation foncière),https://donneesouvertes.affmunqc.net/role/RL58007_2026.xml,,,,
"1455, Prairies",,Brossard,,,731.6,2022,338700,1231000,1569700,2025,Logement,MAMH — Données Québec (rôle d'évaluation foncière),https://donneesouvertes.affmunqc.net/role/RL58007_2026.xml,,,,
"1450, Prairies",,Brossard,,,472.1,2004,259700,951500,1211200,2025,Logement,MAMH — Données Québec (rôle d'évaluation foncière),https://donneesouvertes.affmunqc.net/role/RL58007_2026.xml,,,,
"1450, Richelieu",,Brossard,,,412.2,1992,226700,458100,684800,2025,Logement,MAMH — Données Québec (rôle d'évaluation foncière),https://donneesouvertes.affmunqc.net/role/RL58007_2026.xml,,,,
"1310, Robert",,Brossard,,,466.4,1972,256500,292100,548600,2025,Logement,MAMH — Données Québec (rôle d'évaluation foncière),https://donneesouvertes.affmunqc.net/role/RL58007_2026.xml,,,,
"1325, Robert",,Brossard,,,617.9,1974,307400,426500,733900,2025,Logement,MAMH — Données Québec (rôle d'évaluation foncière),https://donneesouvertes.affmunqc.net/role/RL58007_2026.xml,,,,
"1330, Robert",,Brossard,,,464.5,1972,255500,267600,523100,2025,Logement,MAMH — Données Québec (rôle d'évaluation foncière),https://donneesouvertes.affmunqc.net/role/RL58007_2026.xml,,,,
"1345, Robert",,Brossard,,,947.6,1979,398100,344200,742300,2025,Logement,MAMH — Données Québec (rôle d'évaluation foncière),https://donneesouvertes.affmunqc.net/role/RL58007_2026.xml,,,,
"1350, Robert",,Brossard,,,696.8,1972,329100,316600,645700,2025,Logement,MAMH — Données Québec (rôle d'évaluation foncière),https://donneesouvertes.affmunqc.net/role/RL58007_2026.xml,,,,
"1385, Robert",,Brossard,,,710.7,1990,332900,830200,1163100,2025,Logement,MAMH — Données Québec (rôle d'évaluation foncière),https://donneesouvertes.affmunqc.net/role/RL58007_2026.xml,,,,
"1380, Robert",,Brossard,,,641,1987,313800,478400,792200,2025,Logement,MAMH — Données Québec (rôle d'évaluation foncière),https://donneesouvertes.affmunqc.net/role/RL58007_2026.xml,,,,
"1425, Robert, app. 1427",,Brossard,,,473.8,1981,260600,364400,625000,2025,Logement,MAMH — Données Québec (rôle d'évaluation foncière),https://donneesouvertes.affmunqc.net/role/RL58007_2026.xml,,,,
"1410, Robert",,Brossard,,,528,1950,282700,247300,530000,2025,Logement,MAMH — Données Québec (rôle d'évaluation foncière),https://donneesouvertes.affmunqc.net/role/RL58007_2026.xml,,,,
"1455, Robert",,Brossard,,,522.8,2005,281300,822400,1103700,2025,Logement,MAMH — Données Québec (rôle d'évaluation foncière),https://donneesouvertes.affmunqc.net/role/RL58007_2026.xml,,,,
"1430, Robert",,Brossard,,,456.8,2003,251200,628400,879600,2025,Logement,MAMH — Données Québec (rôle d'évaluation foncière),https://donneesouvertes.affmunqc.net/role/RL58007_2026.xml,,,,
"1630, Rio",,Brossard,,,782.8,1996,352800,1217900,1570700,2025,Logement,MAMH — Données Québec (rôle d'évaluation foncière),https://donneesouvertes.affmunqc.net/role/RL58007_2026.xml,,,,
"1640, Rio",,Brossard,,,750.3,1997,343800,943100,1286900,2025,Logement,MAMH — Données Québec (rôle d'évaluation foncière),https://donneesouvertes.affmunqc.net/role/RL58007_2026.xml,,,,
"1650, Rio",,Brossard,,,819.6,1991,362900,917100,1280000,2025,Logement,MAMH — Données Québec (rôle d'évaluation foncière),https://donneesouvertes.affmunqc.net/role/RL58007_2026.xml,,,,
"1685, Rio",,Brossard,,,579.4,1999,296800,995500,1292300,2025,Logement,MAMH — Données Québec (rôle d'évaluation foncière),https://donneesouvertes.affmunqc.net/role/RL58007_2026.xml,,,,
"1695, Rio",,Brossard,,,549,1988,288500,766700,1055200,2025,Logement,MAMH — Données Québec (rôle d'évaluation foncière),https://donneesouvertes.affmunqc.net/role/RL58007_2026.xml,,,,
"1740, Rio",,Brossard,,,798.3,1988,357000,746700,1103700,2025,Logement,MAMH — Données Québec (rôle d'évaluation foncière),https://donneesouvertes.affmunqc.net/role/RL58007_2026.xml,,,,
"1750, Rio",,Brossard,,,702.3,1989,330600,961400,1292000,2025,Logement,MAMH — Données Québec (rôle d'évaluation foncière),https://donneesouvertes.affmunqc.net/role/RL58007_2026.xml,,,,
"1760, Rio",,Brossard,,,733.4,1988,339200,911200,1250400,2025,Logement,MAMH — Données Québec (rôle d'évaluation foncière),https://donneesouvertes.affmunqc.net/role/RL58007_2026.xml,,,,
"1705, Rio",,Brossard,,,577.5,1994,296300,813400,1109700,2025,Logement,MAMH — Données Québec (rôle d'évaluation foncière),https://donneesouvertes.affmunqc.net/role/RL58007_2026.xml,,,,
"1715, Rio",,Brossard,,,757,1997,345700,857100,1202800,2025,Logement,MAMH — Données Québec (rôle d'évaluation foncière),https://donneesouvertes.affmunqc.net/role/RL58007_2026.xml,,,,
"1725, Rio",,Brossard,,,925.3,1989,392000,841700,1233700,2025,Logement,MAMH — Données Québec (rôle d'évaluation foncière),https://donneesouvertes.affmunqc.net/role/RL58007_2026.xml,,,,
"1735, Rio",,Brossard,,,608,1992,304700,1050700,1355400,2025,Logement,MAMH — Données Québec (rôle d'évaluation foncière),https://donneesouvertes.affmunqc.net/role/RL58007_2026.xml,,,,
"1745, Rio",,Brossard,,,558,1989,291000,662200,953200,2025,Logement,MAMH — Données Québec (rôle d'évaluation foncière),https://donneesouvertes.affmunqc.net/role/RL58007_2026.xml,,,,
"1600, Rio",,Brossard,,,944.3,1990,397200,1153900,1551100,2025,Logement,MAMH — Données Québec (rôle d'évaluation foncière),https://donneesouvertes.affmunqc.net/role/RL58007_2026.xml,,,,
"1610, Rio",,Brossard,,,847.8,2000,370600,965800,1336400,2025,Logement,MAMH — Données Québec (rôle d'évaluation foncière),https://donneesouvertes.affmunqc.net/role/RL58007_2026.xml,,,,
"1620, Rio",,Brossard,,,815.3,2002,361700,1043300,1405000,2025,Logement,MAMH — Données Québec (rôle d'évaluation foncière),https://donneesouvertes.affmunqc.net/role/RL58007_2026.xml,,,,
"9019, San Francisco",,Brossard,,,739.8,2001,340900,986700,1327600,2025,Logement,MAMH — Données Québec (rôle d'évaluation foncière),https://donneesouvertes.affmunqc.net/role/RL58007_2026.xml,,,,
"9017, San Francisco",,Brossard,,,675,1989,323100,813200,1136300,2025,Logement,MAMH — Données Québec (rôle d'évaluation foncière),https://donneesouvertes.affmunqc.net/role/RL58007_2026.xml,,,,
"1770, Rio",,Brossard,,,969,1998,404000,1243900,1647900,2025,Logement,MAMH — Données Québec (rôle d'évaluation foncière),https://donneesouvertes.affmunqc.net/role/RL58007_2026.xml,,,,
"1780, Rio",,Brossard,,,1376.4,1997,468600,1137500,1606100,2025,Logement,MAMH — Données Québec (rôle d'évaluation foncière),https://donneesouvertes.affmunqc.net/role/RL58007_2026.xml,,,,
"9015, San Francisco",,Brossard,,,643,1989,314300,810400,1124700,2025,Logement,MAMH — Données Québec (rôle d'évaluation foncière),https://donneesouvertes.affmunqc.net/role/RL58007_2026.xml,,,,
"1790, Rio",,Brossard,,,748.1,2000,343200,1263100,1606300,2025,Logement,MAMH — Données Québec (rôle d'évaluation foncière),https://donneesouvertes.affmunqc.net/role/RL58007_2026.xml,,,,
"9013, San Francisco",,Brossard,,,616.9,1989,307100,793600,1100700,2025,Logement,MAMH — Données Québec (rôle d'évaluation foncière),https://donneesouvertes.affmunqc.net/role/RL58007_2026.xml,,,,
"9020, San Francisco",,Brossard,,,618.2,2001,307500,976700,1284200,2025,Logement,MAMH — Données Québec (rôle d'évaluation foncière),https://donneesouvertes.affmunqc.net/role/RL58007_2026.xml,,,,
"7960, Rostand",,Brossard,,,638.6,1989,313100,1151200,1464300,2025,Logement,MAMH — Données Québec (rôle d'évaluation foncière),https://donneesouvertes.affmunqc.net/role/RL58007_2026.xml,,,,
"9018, San Francisco",,Brossard,,,618.2,1990,307500,661800,969300,2025,Logement,MAMH — Données Québec (rôle d'évaluation foncière),https://donneesouvertes.affmunqc.net/role/RL58007_2026.xml,,,,
"7950, Rostand",,Brossard,,,620.6,1989,308200,866900,1175100,2025,Logement,MAMH — Données Québec (rôle d'évaluation foncière),https://donneesouvertes.affmunqc.net/role/RL58007_2026.xml,,,,
"7955, Rostand",,Brossard,,,647.5,1989,315600,791000,1106600,2025,Logement,MAMH — Données Québec (rôle d'évaluation foncière),https://donneesouvertes.affmunqc.net/role/RL58007_2026.xml,,,,
"9016, San Francisco",,Brossard,,,638.3,1989,313000,762600,1075600,2025,Logement,MAMH — Données Québec (rôle d'évaluation foncière),https://donneesouvertes.affmunqc.net/role/RL58007_2026.xml,,,,
"7938, Rostand",,Brossard,,,634.2,1989,311900,886500,1198400,2025,Logement,MAMH — Données Québec (rôle d'évaluation foncière),https://donneesouvertes.affmunqc.net/role/RL58007_2026.xml,,,,
"7945, Rostand",,Brossard,,,630,1989,310800,832700,1143500,2025,Logement,MAMH — Données Québec (rôle d'évaluation foncière),https://donneesouvertes.affmunqc.net/role/RL58007_2026.xml,,,,
"9014, San Francisco",,Brossard,,,662.5,1988,319700,786400,1106100,2025,Logement,MAMH — Données Québec (rôle d'évaluation foncière),https://donneesouvertes.affmunqc.net/role/RL58007_2026.xml,,,,
"7930, Rostand",,Brossard,,,679.7,1989,324400,1243300,1567700,2025,Logement,MAMH — Données Québec (rôle d'évaluation foncière),https://donneesouvertes.affmunqc.net/role/RL58007_2026.xml,,,,
"7935, Rostand",,Brossard,,,630,1989,310800,1012300,1323100,2025,Logement,MAMH — Données Québec (rôle d'évaluation foncière),https://donneesouvertes.affmunqc.net/role/RL58007_2026.xml,,,,
"7975, Rostand",,Brossard,,,699.9,1990,330000,919500,1249500,2025,Logement,MAMH — Données Québec (rôle d'évaluation foncière),https://donneesouvertes.affmunqc.net/role/RL58007_2026.xml,,,,
"9239, Rossini",,Brossard,,,873.6,1990,377700,1110700,1488400,2025,Logement,MAMH — Données Québec (rôle d'évaluation foncière),https://donneesouvertes.affmunqc.net/role/RL58007_2026.xml,,,,
"9234, Rossini",,Brossard,,,1219.9,1988,445300,873500,1318800,2025,Logement,MAMH — Données Québec (rôle d'évaluation foncière),https://donneesouvertes.affmunqc.net/role/RL58007_2026.xml,,,,
"9235, Rossini",,Brossard,,,711.7,1989,333200,1075600,1408800,2025,Logement,MAMH — Données Québec (rôle d'évaluation foncière),https://donneesouvertes.affmunqc.net/role/RL58007_2026.xml,,,,
"9231, Rossini",,Brossard,,,677,1989,323700,948200,1271900,2025,Logement,MAMH — Données Québec (rôle d'évaluation foncière),https://donneesouvertes.affmunqc.net/role/RL58007_2026.xml,,,,
"9227, Rossini",,Brossard,,,582.6,1990,297700,871700,1169400,2025,Logement,MAMH — Données Québec (rôle d'évaluation foncière),https://donneesouvertes.affmunqc.net/role/RL58007_2026.xml,,,,
"9223, Rossini",,Brossard,,,600,1988,302500,874400,1176900,2025,Logement,MAMH — Données Québec (rôle d'évaluation foncière),https://donneesouvertes.affmunqc.net/role/RL58007_2026.xml,,,,
"8125, Rostand",,Brossard,,,585,1988,298400,854800,1153200,2025,Logement,MAMH — Données Québec (rôle d'évaluation foncière),https://donneesouvertes.affmunqc.net/role/RL58007_2026.xml,,,,
"8120, Rostand",,Brossard,,,570,1988,294300,684900,979200,2025,Logement,MAMH — Données Québec (rôle d'évaluation foncière),https://donneesouvertes.affmunqc.net/role/RL58007_2026.xml,,,,
"8135, Rostand",,Brossard,,,585,1989,298400,745200,1043600,2025,Logement,MAMH — Données Québec (rôle d'évaluation foncière),https://donneesouvertes.affmunqc.net/role/RL58007_2026.xml,,,,
"8130, Rostand",,Brossard,,,570,1988,294300,660300,954600,2025,Logement,MAMH — Données Québec (rôle d'évaluation foncière),https://donneesouvertes.affmunqc.net/role/RL58007_2026.xml,,,,
"9230, Rossini",,Brossard,,,763.3,1989,347400,970000,1317400,2025,Logement,MAMH — Données Québec (rôle d'évaluation foncière),https://donneesouvertes.affmunqc.net/role/RL58007_2026.xml,,,,
"8145, Rostand",,Brossard,,,585,1989,298400,904900,1203300,2025,Logement,MAMH — Données Québec (rôle d'évaluation foncière),https://donneesouvertes.affmunqc.net/role/RL58007_2026.xml,,,,
"8140, Rostand",,Brossard,,,570,1989,294300,807600,1101900,2025,Logement,MAMH — Données Québec (rôle d'évaluation foncière),https://donneesouvertes.affmunqc.net/role/RL58007_2026.xml,,,,
"9226, Rossini",,Brossard,,,588.7,1988,299400,848200,1147600,2025,Logement,MAMH — Données Québec (rôle d'évaluation foncière),https://donneesouvertes.affmunqc.net/role/RL58007_2026.xml,,,,
"8155, Rostand",,Brossard,,,585,1988,298400,791800,1090200,2025,Logement,MAMH — Données Québec (rôle d'évaluation foncière),https://donneesouvertes.affmunqc.net/role/RL58007_2026.xml,,,,
"8150, Rostand",,Brossard,,,570,1988,294300,766600,1060900,2025,Logement,MAMH — Données Québec (rôle d'évaluation foncière),https://donneesouvertes.affmunqc.net/role/RL58007_2026.xml,,,,
"9222, Rossini",,Brossard,,,627.7,1989,310100,1061800,1371900,2025,Logement,MAMH — Données Québec (rôle d'évaluation foncière),https://donneesouvertes.affmunqc.net/role/RL58007_2026.xml,,,,
"8165, Rostand",,Brossard,,,627.4,1988,310000,1038900,1348900,2025,Logement,MAMH — Données Québec (rôle d'évaluation foncière),https://donneesouvertes.affmunqc.net/role/RL58007_2026.xml,,,,
"8168, Rostand",,Brossard,,,570,1990,294300,837100,1131400,2025,Logement,MAMH — Données Québec (rôle d'évaluation foncière),https://donneesouvertes.affmunqc.net/role/RL58007_2026.xml,,,,
"8120, Rhône",,Brossard,,,594,1987,300900,740600,1041500,2025,Logement,MAMH — Données Québec (rôle d'évaluation foncière),https://donneesouvertes.affmunqc.net/role/RL58007_2026.xml,,,,
"7995, Rhône",,Brossard,,,546,1988,287700,904300,1192000,2025,Logement,MAMH — Données Québec (rôle d'évaluation foncière),https://donneesouvertes.affmunqc.net/role/RL58007_2026.xml,,,,
"7980, Rhône",,Brossard,,,588,1987,299200,908200,1207400,2025,Logement,MAMH — Données Québec (rôle d'évaluation foncière),https://donneesouvertes.affmunqc.net/role/RL58007_2026.xml,,,,
"8130, Rhône",,Brossard,,,594,1986,300900,938300,1239200,2025,Logement,MAMH — Données Québec (rôle d'évaluation foncière),https://donneesouvertes.affmunqc.net/role/RL58007_2026.xml,,,,
"7985, Rhône",,Brossard,,,546,1990,287700,849100,1136800,2025,Logement,MAMH — Données Québec (rôle d'évaluation foncière),https://donneesouvertes.affmunqc.net/role/RL58007_2026.xml,,,,
"7970, Rhône",,Brossard,,,588,1987,299200,691600,990800,2025,Logement,MAMH — Données Québec (rôle d'évaluation foncière),https://donneesouvertes.affmunqc.net/role/RL58007_2026.xml,,,,
"8140, Rhône",,Brossard,,,594,1987,300900,728200,1029100,2025,Logement,MAMH — Données Québec (rôle d'évaluation foncière),https://donneesouvertes.affmunqc.net/role/RL58007_2026.xml,,,,
"7975, Rhône",,Brossard,,,546,1987,287700,697800,985500,2025,Logement,MAMH — Données Québec (rôle d'évaluation foncière),https://donneesouvertes.affmunqc.net/role/RL58007_2026.xml,,,,
"7960, Rhône",,Brossard,,,588,1989,299200,888800,1188000,2025,Logement,MAMH — Données Québec (rôle d'évaluation foncière),https://donneesouvertes.affmunqc.net/role/RL58007_2026.xml,,,,
"7965, Rhône",,Brossard,,,546,1986,287700,809900,1097600,2025,Logement,MAMH — Données Québec (rôle d'évaluation foncière),https://donneesouvertes.affmunqc.net/role/RL58007_2026.xml,,,,
"8150, Rhône",,Brossard,,,594,1987,300900,628600,929500,2025,Logement,MAMH — Données Québec (rôle d'évaluation foncière),https://donneesouvertes.affmunqc.net/role/RL58007_2026.xml,,,,
"7955, Rhône",,Brossard,,,546,1987,287700,843300,1131000,2025,Logement,MAMH — Données Québec (rôle d'évaluation foncière),https://donneesouvertes.affmunqc.net/role/RL58007_2026.xml,,,,
"7950, Rhône",,Brossard,,,588,1987,299200,631300,930500,2025,Logement,MAMH — Données Québec (rôle d'évaluation foncière),https://donneesouvertes.affmunqc.net/role/RL58007_2026.xml,,,,
"8160, Rhône",,Brossard,,,594,1986,300900,640800,941700,2025,Logement,MAMH — Données Québec (rôle d'évaluation foncière),https://donneesouvertes.affmunqc.net/role/RL58007_2026.xml,,,,
"7945, Rhône",,Brossard,,,546,1987,287700,779300,1067000,2025,Logement,MAMH — Données Québec (rôle d'évaluation foncière),https://donneesouvertes.affmunqc.net/role/RL58007_2026.xml,,,,
"7940, Rhône",,Brossard,,,631.3,1987,311100,975200,1286300,2025,Logement,MAMH — Données Québec (rôle d'évaluation foncière),https://donneesouvertes.affmunqc.net/role/RL58007_2026.xml,,,,
"8170, Rhône",,Brossard,,,631.3,1987,311100,801600,1112700,2025,Logement,MAMH — Données Québec (rôle d'évaluation foncière),https://donneesouvertes.affmunqc.net/role/RL58007_2026.xml,,,,
"8125, Rhône",,Brossard,,,572.3,1986,294900,753800,1048700,2025,Logement,MAMH — Données Québec (rôle d'évaluation foncière),https://donneesouvertes.affmunqc.net/role/RL58007_2026.xml,,,,
"8135, Rhône",,Brossard,,,572.3,1986,294900,588000,882900,2025,Logement,MAMH — Données Québec (rôle d'évaluation foncière),https://donneesouvertes.affmunqc.net/role/RL58007_2026.xml,,,,
"8145, Rhône",,Brossard,,,570,1987,294300,866800,1161100,2025,Logement,MAMH — Données Québec (rôle d'évaluation foncière),https://donneesouvertes.affmunqc.net/role/RL58007_2026.xml,,,,
"8155, Rhône",,Brossard,,,582.8,1996,297800,1236800,1534600,2025,Logement,MAMH — Données Québec (rôle d'évaluation foncière),https://donneesouvertes.affmunqc.net/role/RL58007_2026.xml,,,,
"8790, Rabelais",,Brossard,,,737.9,1998,340400,1007000,1347400,2025,Logement,MAMH — Données Québec (rôle d'évaluation foncière),https://donneesouvertes.affmunqc.net/role/RL58007_2026.xml,,,,
"8800, Rabelais",,Brossard,,,616.5,1999,307000,1313100,1620100,2025,Logement,MAMH — Données Québec (rôle d'évaluation foncière),https://donneesouvertes.affmunqc.net/role/RL58007_2026.xml,,,,
"8780, Rabelais",,Brossard,,,844.4,1998,369700,1091100,1460800,2025,Logement,MAMH — Données Québec (rôle d'évaluation foncière),https://donneesouvertes.affmunqc.net/role/RL58007_2026.xml,,,,
"8165, Rhône",,Brossard,,,1299.6,1996,457100,1294200,1751300,2025,Logement,MAMH — Données Québec (rôle d'évaluation foncière),https://donneesouvertes.affmunqc.net/role/RL58007_2026.xml,,,,
"1475, Richelieu",,Brossard,,,510.9,1992,278000,534200,812200,2025,Logement,MAMH — Données Québec (rôle d'évaluation foncière),https://donneesouvertes.affmunqc.net/role/RL58007_2026.xml,,,,
"9340, Rivard",,Brossard,,,569.6,1994,294100,742800,1036900,2025,Logement,MAMH — Données Québec (rôle d'évaluation foncière),https://donneesouvertes.affmunqc.net/role/RL58007_2026.xml,,,,
"9330, Rivard",,Brossard,,,569.6,1994,294100,849300,1143400,2025,Logement,MAMH — Données Québec (rôle d'évaluation foncière),https://donneesouvertes.affmunqc.net/role/RL58007_2026.xml,,,,
"9320, Rivard",,Brossard,,,590.8,1995,300000,561000,861000,2025,Logement,MAMH — Données Québec (rôle d'évaluation foncière),https://donneesouvertes.affmunqc.net/role/RL58007_2026.xml,,,,
"1495, Richelieu",,Brossard,,,565.1,1993,292900,488400,781300,2025,Logement,MAMH — Données Québec (rôle d'évaluation foncière),https://donneesouvertes.affmunqc.net/role/RL58007_2026.xml,,,,
"1525, Richelieu",,Brossard,,,532.9,2020,284000,1106100,1390100,2025,Logement,MAMH — Données Québec (rôle d'évaluation foncière),https://donneesouvertes.affmunqc.net/role/RL58007_2026.xml,,,,
"1520, Rainier",,Brossard,,,546,1991,287700,720300,1008000,2025,Logement,MAMH — Données Québec (rôle d'évaluation foncière),https://donneesouvertes.affmunqc.net/role/RL58007_2026.xml,,,,
"1535, Richelieu",,Brossard,,,533.6,2017,284200,983900,1268100,2025,Logement,MAMH — Données Québec (rôle d'évaluation foncière),https://donneesouvertes.affmunqc.net/role/RL58007_2026.xml,,,,
"1530, Rainier",,Brossard,,,489.2,1988,269100,567400,836500,2025,Logement,MAMH — Données Québec (rôle d'évaluation foncière),https://donneesouvertes.affmunqc.net/role/RL58007_2026.xml,,,,
"1480, Richelieu",,Brossard,,,743.2,1972,341900,300000,641900,2025,Logement,MAMH — Données Québec (rôle d'évaluation foncière),https://donneesouvertes.affmunqc.net/role/RL58007_2026.xml,,,,
"9260, Rivard",,Brossard,,,1114.8,1960,429600,1066900,1496500,2025,Logement,MAMH — Données Québec (rôle d'évaluation foncière),https://donneesouvertes.affmunqc.net/role/RL58007_2026.xml,,,,
"9230, Rivard",,Brossard,,,668.5,2003,321300,1104300,1425600,2025,Logement,MAMH — Données Québec (rôle d'évaluation foncière),https://donneesouvertes.affmunqc.net/role/RL58007_2026.xml,,,,
"1500, Richelieu",,Brossard,,,506.7,1979,276800,548000,824800,2025,Logement,MAMH — Données Québec (rôle d'évaluation foncière),https://donneesouvertes.affmunqc.net/role/RL58007_2026.xml,,,,
"1490, Prairies",,Brossard,,,565.6,1984,293000,368200,661200,2025,Logement,MAMH — Données Québec (rôle d'évaluation foncière),https://donneesouvertes.affmunqc.net/role/RL58007_2026.xml,,,,
"1525, Prairies",,Brossard,,,688.2,1986,326800,442100,768900,2025,Logement,MAMH — Données Québec (rôle d'évaluation foncière),https://donneesouvertes.affmunqc.net/role/RL58007_2026.xml,,,,
"1560, Richelieu",,Brossard,,,561.4,2017,291900,1015100,1307000,2025,Logement,MAMH — Données Québec (rôle d'évaluation foncière),https://donneesouvertes.affmunqc.net/role/RL58007_2026.xml,,,,
"1500, Prairies, app. 1520",,Brossard,,,576.1,1960,295900,441100,737000,2025,Logement,MAMH — Données Québec (rôle d'évaluation foncière),https://donneesouvertes.affmunqc.net/role/RL58007_2026.xml,,,,
"1450, Robert",,Brossard,,,483.1,2015,265700,1002000,1267700,2025,Logement,MAMH — Données Québec (rôle d'évaluation foncière),https://donneesouvertes.affmunqc.net/role/RL58007_2026.xml,,,,
"9220, Rivard",,Brossard,,,668.4,2009,321300,1294700,1616000,2025,Logement,MAMH — Données Québec (rôle d'évaluation foncière),https://donneesouvertes.affmunqc.net/role/RL58007_2026.xml,,,,
"9210, Rivard",,Brossard,,,668.5,2007,321300,1209700,1531000,2025,Logement,MAMH — Données Québec (rôle d'évaluation foncière),https://donneesouvertes.affmunqc.net/role/RL58007_2026.xml,,,,
"9188, Rivard",,Brossard,,,577.4,1990,296300,666300,962600,2025,Logement,MAMH — Données Québec (rôle d'évaluation foncière),https://donneesouvertes.affmunqc.net/role/RL58007_2026.xml,,,,
"1470, Robert",,Brossard,,,580.6,2015,297200,1015200,1312400,2025,Logement,MAMH — Données Québec (rôle d'évaluation foncière),https://donneesouvertes.affmunqc.net/role/RL58007_2026.xml,,,,
"1525, Robert",,Brossard,,,585.5,1987,298500,565900,864400,2025,Logement,MAMH — Données Québec (rôle d'évaluation foncière),https://donneesouvertes.affmunqc.net/role/RL58007_2026.xml,,,,
"1520, Robert",,Brossard,,,520.3,1968,280600,396000,676600,2025,Logement,MAMH — Données Québec (rôle d'évaluation foncière),https://donneesouvertes.affmunqc.net/role/RL58007_2026.xml,,,,
"9187, Rivard",,Brossard,,,606.7,1991,304300,883400,1187700,2025,Logement,MAMH — Données Québec (rôle d'évaluation foncière),https://donneesouvertes.affmunqc.net/role/RL58007_2026.xml,,,,
"1535, Robert",,Brossard,,,581.5,1972,297400,331400,628800,2025,Logement,MAMH — Données Québec (rôle d'évaluation foncière),https://donneesouvertes.affmunqc.net/role/RL58007_2026.xml,,,,
"1540, Robert",,Brossard,,,520.3,1968,280600,348800,629400,2025,Logement,MAMH — Données Québec (rôle d'évaluation foncière),https://donneesouvertes.affmunqc.net/role/RL58007_2026.xml,,,,
"1755, Rio",,Brossard,,,558,1989,291000,820100,1111100,2025,Logement,MAMH — Données Québec (rôle d'évaluation foncière),https://donneesouvertes.affmunqc.net/role/RL58007_2026.xml,,,,
"1765, Rio",,Brossard,,,624.7,1989,309300,750900,1060200,2025,Logement,MAMH — Données Québec (rôle d'évaluation foncière),https://donneesouvertes.affmunqc.net/role/RL58007_2026.xml,,,,
"9184, Rivard",,Brossard,,,558,1999,291000,938700,1229700,2025,Logement,MAMH — Données Québec (rôle d'évaluation foncière),https://donneesouvertes.affmunqc.net/role/RL58007_2026.xml,,,,
"9180, Rivard",,Brossard,,,558,1993,291000,847500,1138500,2025,Logement,MAMH — Données Québec (rôle d'évaluation foncière),https://donneesouvertes.affmunqc.net/role/RL58007_2026.xml,,,,
"9176, Rivard",,Brossard,,,558,1991,291000,902900,1193900,2025,Logement,MAMH — Données Québec (rôle d'évaluation foncière),https://donneesouvertes.affmunqc.net/role/RL58007_2026.xml,,,,
"9172, Rivard",,Brossard,,,558,1999,291000,750100,1041100,2025,Logement,MAMH — Données Québec (rôle d'évaluation foncière),https://donneesouvertes.affmunqc.net/role/RL58007_2026.xml,,,,
"9168, Rivard",,Brossard,,,624.7,1991,309300,956500,1265800,2025,Logement,MAMH — Données Québec (rôle d'évaluation foncière),https://donneesouvertes.affmunqc.net/role/RL58007_2026.xml,,,,
"9183, Rivard",,Brossard,,,594.8,1991,301100,845600,1146700,2025,Logement,MAMH — Données Québec (rôle d'évaluation foncière),https://donneesouvertes.affmunqc.net/role/RL58007_2026.xml,,,,
"9179, Rivard",,Brossard,,,594.8,1993,301100,1055000,1356100,2025,Logement,MAMH — Données Québec (rôle d'évaluation foncière),https://donneesouvertes.affmunqc.net/role/RL58007_2026.xml,,,,
"9175, Rivard",,Brossard,,,594.8,1991,301100,806200,1107300,2025,Logement,MAMH — Données Québec (rôle d'évaluation foncière),https://donneesouvertes.affmunqc.net/role/RL58007_2026.xml,,,,
"9171, Rivard",,Brossard,,,594.8,1999,301100,955800,1256900,2025,Logement,MAMH — Données Québec (rôle d'évaluation foncière),https://donneesouvertes.affmunqc.net/role/RL58007_2026.xml,,,,
"9167, Rivard",,Brossard,,,594.8,2000,301100,865900,1167000,2025,Logement,MAMH — Données Québec (rôle d'évaluation foncière),https://donneesouvertes.affmunqc.net/role/RL58007_2026.xml,,,,
"1800, Rio",,Brossard,,,606.2,1989,304200,649600,953800,2025,Logement,MAMH — Données Québec (rôle d'évaluation foncière),https://donneesouvertes.affmunqc.net/role/RL58007_2026.xml,,,,
"9011, San Francisco",,Brossard,,,603.9,1988,303600,861400,1165000,2025,Logement,MAMH — Données Québec (rôle d'évaluation foncière),https://donneesouvertes.affmunqc.net/role/RL58007_2026.xml,,,,
"1818, Rio",,Brossard,,,567.3,1994,293500,720200,1013700,2025,Logement,MAMH — Données Québec (rôle d'évaluation foncière),https://donneesouvertes.affmunqc.net/role/RL58007_2026.xml,,,,
"9009, San Francisco",,Brossard,,,603.9,1989,303600,823100,1126700,2025,Logement,MAMH — Données Québec (rôle d'évaluation foncière),https://donneesouvertes.affmunqc.net/role/RL58007_2026.xml,,,,
"1830, Rio",,Brossard,,,632.8,2006,311500,926200,1237700,2025,Logement,MAMH — Données Québec (rôle d'évaluation foncière),https://donneesouvertes.affmunqc.net/role/RL58007_2026.xml,,,,
"9007, San Francisco",,Brossard,,,689.2,1990,327000,944200,1271200,2025,Logement,MAMH — Données Québec (rôle d'évaluation foncière),https://donneesouvertes.affmunqc.net/role/RL58007_2026.xml,,,,
"9001, San Francisco",,Brossard,,,632.8,1989,311500,659000,970500,2025,Logement,MAMH — Données Québec (rôle d'évaluation foncière),https://donneesouvertes.affmunqc.net/role/RL58007_2026.xml,,,,
"9163, Rivard",,Brossard,,,594.8,2000,301100,842300,1143400,2025,Logement,MAMH — Données Québec (rôle d'évaluation foncière),https://donneesouvertes.affmunqc.net/role/RL58007_2026.xml,,,,
"9159, Rivard",,Brossard,,,594.8,2000,301100,1111100,1412200,2025,Logement,MAMH — Données Québec (rôle d'évaluation foncière),https://donneesouvertes.affmunqc.net/role/RL58007_2026.xml,,,,
"9012, San Francisco",,Brossard,,,607.3,1989,304500,694500,999000,2025,Logement,MAMH — Données Québec (rôle d'évaluation foncière),https://donneesouvertes.affmunqc.net/role/RL58007_2026.xml,,,,
"7915, Rostand",,Brossard,,,1582.2,1989,499200,1140600,1639800,2025,Logement,MAMH — Données Québec (rôle d'évaluation foncière),https://donneesouvertes.affmunqc.net/role/RL58007_2026.xml,,,,
"7895, Rostand",,Brossard,,,555,1990,290100,736000,1026100,2025,Logement,MAMH — Données Québec (rôle d'évaluation foncière),https://donneesouvertes.affmunqc.net/role/RL58007_2026.xml,,,,
"7905, Rostand",,Brossard,,,639.4,1989,313300,767700,1081000,2025,Logement,MAMH — Données Québec (rôle d'évaluation foncière),https://donneesouvertes.affmunqc.net/role/RL58007_2026.xml,,,,
"9010, San Francisco",,Brossard,,,570,1988,294300,957600,1251900,2025,Logement,MAMH — Données Québec (rôle d'évaluation foncière),https://donneesouvertes.affmunqc.net/role/RL58007_2026.xml,,,,
"9138, Rivard",,Brossard,,,585,1990,298400,841800,1140200,2025,Logement,MAMH — Données Québec (rôle d'évaluation foncière),https://donneesouvertes.affmunqc.net/role/RL58007_2026.xml,,,,
"9134, Rivard",,Brossard,,,585,1989,298400,915000,1213400,2025,Logement,MAMH — Données Québec (rôle d'évaluation foncière),https://donneesouvertes.affmunqc.net/role/RL58007_2026.xml,,,,
"9008, San Francisco",,Brossard,,,607.3,1990,304500,936500,1241000,2025,Logement,MAMH — Données Québec (rôle d'évaluation foncière),https://donneesouvertes.affmunqc.net/role/RL58007_2026.xml,,,,
"9130, Rivard",,Brossard,,,585,1989,298400,776200,1074600,2025,Logement,MAMH — Données Québec (rôle d'évaluation foncière),https://donneesouvertes.affmunqc.net/role/RL58007_2026.xml,,,,
"9126, Rivard",,Brossard,,,585,1989,298400,616000,914400,2025,Logement,MAMH — Données Québec (rôle d'évaluation foncière),https://donneesouvertes.affmunqc.net/role/RL58007_2026.xml,,,,
"9000, San Francisco",,Brossard,,,622.3,1988,308600,703600,1012200,2025,Logement,MAMH — Données Québec (rôle d'évaluation foncière),https://donneesouvertes.affmunqc.net/role/RL58007_2026.xml,,,,
"9219, Rossini",,Brossard,,,924,1991,391600,1101700,1493300,2025,Logement,MAMH — Données Québec (rôle d'évaluation foncière),https://donneesouvertes.affmunqc.net/role/RL58007_2026.xml,,,,
"9211, Rossini",,Brossard,,,570,1989,294300,628700,923000,2025,Logement,MAMH — Données Québec (rôle d'évaluation foncière),https://donneesouvertes.affmunqc.net/role/RL58007_2026.xml,,,,
"9215, Rossini",,Brossard,,,856.9,1989,373100,737900,1111000,2025,Logement,MAMH — Données Québec (rôle d'évaluation foncière),https://donneesouvertes.affmunqc.net/role/RL58007_2026.xml,,,,
"9107, Rossini",,Brossard,,,570,1990,294300,854500,1148800,2025,Logement,MAMH — Données Québec (rôle d'évaluation foncière),https://donneesouvertes.affmunqc.net/role/RL58007_2026.xml,,,,
"9103, Rossini",,Brossard,,,570,1989,294300,790800,1085100,2025,Logement,MAMH — Données Québec (rôle d'évaluation foncière),https://donneesouvertes.affmunqc.net/role/RL58007_2026.xml,,,,
"9122, Rivard",,Brossard,,,585,1990,298400,935600,1234000,2025,Logement,MAMH — Données Québec (rôle d'évaluation foncière),https://donneesouvertes.affmunqc.net/role/RL58007_2026.xml,,,,
"9118, Rivard",,Brossard,,,585,1988,298400,837800,1136200,2025,Logement,MAMH — Données Québec (rôle d'évaluation foncière),https://donneesouvertes.affmunqc.net/role/RL58007_2026.xml,,,,
"9114, Rivard",,Brossard,,,585,1988,298400,727500,1025900,2025,Logement,MAMH — Données Québec (rôle d'évaluation foncière),https://donneesouvertes.affmunqc.net/role/RL58007_2026.xml,,,,
"9110, Rivard",,Brossard,,,585,1989,298400,673000,971400,2025,Logement,MAMH — Données Québec (rôle d'évaluation foncière),https://donneesouvertes.affmunqc.net/role/RL58007_2026.xml,,,,
"9106, Rivard",,Brossard,,,585,1988,298400,700500,998900,2025,Logement,MAMH — Données Québec (rôle d'évaluation foncière),https://donneesouvertes.affmunqc.net/role/RL58007_2026.xml,,,,
"8170, Rostand",,Brossard,,,570,1988,294300,618100,912400,2025,Logement,MAMH — Données Québec (rôle d'évaluation foncière),https://donneesouvertes.affmunqc.net/role/RL58007_2026.xml,,,,
"9099, Rossini",,Brossard,,,570,1989,294300,800400,1094700,2025,Logement,MAMH — Données Québec (rôle d'évaluation foncière),https://donneesouvertes.affmunqc.net/role/RL58007_2026.xml,,,,
"8180, Rostand",,Brossard,,,570,1988,294300,885500,1179800,2025,Logement,MAMH — Données Québec (rôle d'évaluation foncière),https://donneesouvertes.affmunqc.net/role/RL58007_2026.xml,,,,
"9095, Rossini",,Brossard,,,650.3,1989,316300,753600,1069900,2025,Logement,MAMH — Données Québec (rôle d'évaluation foncière),https://donneesouvertes.affmunqc.net/role/RL58007_2026.xml,,,,
"8190, Rostand",,Brossard,,,570,1988,294300,692900,987200,2025,Logement,MAMH — Données Québec (rôle d'évaluation foncière),https://donneesouvertes.affmunqc.net/role/RL58007_2026.xml,,,,
"9102, Rivard",,Brossard,,,585,1989,298400,792400,1090800,2025,Logement,MAMH — Données Québec (rôle d'évaluation foncière),https://donneesouvertes.affmunqc.net/role/RL58007_2026.xml,,,,
"9098, Rivard",,Brossard,,,628,1988,310200,515100,825300,2025,Logement,MAMH — Données Québec (rôle d'évaluation foncière),https://donneesouvertes.affmunqc.net/role/RL58007_2026.xml,,,,
"9090, Rivard",,Brossard,,,540.2,1988,286100,533000,819100,2025,Logement,MAMH — Données Québec (rôle d'évaluation foncière),https://donneesouvertes.affmunqc.net/role/RL58007_2026.xml,,,,
"8200, Rostand",,Brossard,,,657.7,1989,318400,840200,1158600,2025,Logement,MAMH — Données Québec (rôle d'évaluation foncière),https://donneesouvertes.affmunqc.net/role/RL58007_2026.xml,,,,
"7935, Rhône",,Brossard,,,732.2,1986,338900,711400,1050300,2025,Logement,MAMH — Données Québec (rôle d'évaluation foncière),https://donneesouvertes.affmunqc.net/role/RL58007_2026.xml,,,,
"8180, Rhône",,Brossard,,,631.3,1987,311100,685200,996300,2025,Logement,MAMH — Données Québec (rôle d'évaluation foncière),https://donneesouvertes.affmunqc.net/role/RL58007_2026.xml,,,,
"7925, Rhône",,Brossard,,,885.7,1987,381100,847100,1228200,2025,Logement,MAMH — Données Québec (rôle d'évaluation foncière),https://donneesouvertes.affmunqc.net/role/RL58007_2026.xml,,,,
"7905, Rhône",,Brossard,,,540,1987,286000,778400,1064400,2025,Logement,MAMH — Données Québec (rôle d'évaluation foncière),https://donneesouvertes.affmunqc.net/role/RL58007_2026.xml,,,,
"7915, Rhône",,Brossard,,,643.5,1988,314500,890800,1205300,2025,Logement,MAMH — Données Québec (rôle d'évaluation foncière),https://donneesouvertes.affmunqc.net/role/RL58007_2026.xml,,,,
"8190, Rhône",,Brossard,,,594,1987,300900,909400,1210300,2025,Logement,MAMH — Données Québec (rôle d'évaluation foncière),https://donneesouvertes.affmunqc.net/role/RL58007_2026.xml,,,,
"9086, Rivard",,Brossard,,,555.6,1990,290300,648300,938600,2025,Logement,MAMH — Données Québec (rôle d'évaluation foncière),https://donneesouvertes.affmunqc.net/role/RL58007_2026.xml,,,,
"9084, Rivard",,Brossard,,,570.9,1988,294500,863300,1157800,2025,Logement,MAMH — Données Québec (rôle d'évaluation foncière),https://donneesouvertes.affmunqc.net/role/RL58007_2026.xml,,,,
"9080, Rivard",,Brossard,,,586.3,1988,298700,675400,974100,2025,Logement,MAMH — Données Québec (rôle d'évaluation foncière),https://donneesouvertes.affmunqc.net/role/RL58007_2026.xml,,,,
"8200, Rhône",,Brossard,,,628.4,1986,310300,864800,1175100,2025,Logement,MAMH — Données Québec (rôle d'évaluation foncière),https://donneesouvertes.affmunqc.net/role/RL58007_2026.xml,,,,
"8770, Rabelais",,Brossard,,,653.1,1998,317100,1017000,1334100,2025,Logement,MAMH — Données Québec (rôle d'évaluation foncière),https://donneesouvertes.affmunqc.net/role/RL58007_2026.xml,,,,
"8860, Rabelais",,Brossard,,,608.2,1997,304800,907900,1212700,2025,Logement,MAMH — Données Québec (rôle d'évaluation foncière),https://donneesouvertes.affmunqc.net/role/RL58007_2026.xml,,,,
"8900, Rabelais",,Brossard,,,510.9,1999,278000,877000,1155000,2025,Logement,MAMH — Données Québec (rôle d'évaluation foncière),https://donneesouvertes.affmunqc.net/role/RL58007_2026.xml,,,,
"8890, Rabelais",,Brossard,,,558.5,1998,291100,902100,1193200,2025,Logement,MAMH — Données Québec (rôle d'évaluation foncière),https://donneesouvertes.affmunqc.net/role/RL58007_2026.xml,,,,
"8870, Rabelais",,Brossard,,,681.5,1997,324900,1162000,1486900,2025,Logement,MAMH — Données Québec (rôle d'évaluation foncière),https://donneesouvertes.affmunqc.net/role/RL58007_2026.xml,,,,
"8880, Rabelais",,Brossard,,,644.9,2000,314800,1075700,1390500,2025,Logement,MAMH — Données Québec (rôle d'évaluation foncière),https://donneesouvertes.affmunqc.net/role/RL58007_2026.xml,,,,
"8185, Rhône",,Brossard,,,493.6,1995,271500,837500,1109000,2025,Logement,MAMH — Données Québec (rôle d'évaluation foncière),https://donneesouvertes.affmunqc.net/role/RL58007_2026.xml,,,,
"9038, Rivard",,Brossard,,,667.3,2014,321000,1500800,1821800,2025,Logement,MAMH — Données Québec (rôle d'évaluation foncière),https://donneesouvertes.affmunqc.net/role/RL58007_2026.xml,,,,
"9050, Rivard",,Brossard,,,540.5,2002,286100,951600,1237700,2025,Logement,MAMH — Données Québec (rôle d'évaluation foncière),https://donneesouvertes.affmunqc.net/role/RL58007_2026.xml,,,,
"9070, Rivard",,Brossard,,,595.2,2000,301200,1328700,1629900,2025,Logement,MAMH — Données Québec (rôle d'évaluation foncière),https://donneesouvertes.affmunqc.net/role/RL58007_2026.xml,,,,
"9060, Rivard",,Brossard,,,554.9,1998,290100,957200,1247300,2025,Logement,MAMH — Données Québec (rôle d'évaluation foncière),https://donneesouvertes.affmunqc.net/role/RL58007_2026.xml,,,,
"8195, Rhône",,Brossard,,,513.8,1999,278800,846100,1124900,2025,Logement,MAMH — Données Québec (rôle d'évaluation foncière),https://donneesouvertes.affmunqc.net/role/RL58007_2026.xml,,,,
"1545, Richelieu",,Brossard,,,532.4,2018,283900,1023000,1306900,2025,Logement,MAMH — Données Québec (rôle d'évaluation foncière),https://donneesouvertes.affmunqc.net/role/RL58007_2026.xml,,,,
"1540, Rainier",,Brossard,,,681.7,1994,325000,813200,1138200,2025,Logement,MAMH — Données Québec (rôle d'évaluation foncière),https://donneesouvertes.affmunqc.net/role/RL58007_2026.xml,,,,
"1555, Richelieu",,Brossard,,,532.3,2018,283900,1061200,1345100,2025,Logement,MAMH — Données Québec (rôle d'évaluation foncière),https://donneesouvertes.affmunqc.net/role/RL58007_2026.xml,,,,
"1565, Richelieu",,Brossard,,,532.3,2018,283900,976100,1260000,2025,Logement,MAMH — Données Québec (rôle d'évaluation foncière),https://donneesouvertes.affmunqc.net/role/RL58007_2026.xml,,,,
"1565, Rainier",,Brossard,,,841,1997,368800,811400,1180200,2025,Logement,MAMH — Données Québec (rôle d'évaluation foncière),https://donneesouvertes.affmunqc.net/role/RL58007_2026.xml,,,,
"1550, Rainier",,Brossard,,,1245.3,1997,449100,1137800,1586900,2025,Logement,MAMH — Données Québec (rôle d'évaluation foncière),https://donneesouvertes.affmunqc.net/role/RL58007_2026.xml,,,,
"1575, Richelieu",,Brossard,,,637.2,2009,312700,586600,899300,2025,Logement,MAMH — Données Québec (rôle d'évaluation foncière),https://donneesouvertes.affmunqc.net/role/RL58007_2026.xml,,,,
"9270, Récollet",,Brossard,,,406.7,2016,223700,956500,1180200,2025,Logement,MAMH — Données Québec (rôle d'évaluation foncière),https://donneesouvertes.affmunqc.net/role/RL58007_2026.xml,,,,
"1585, Richelieu",,Brossard,,,631.8,1989,311200,511600,822800,2025,Logement,MAMH — Données Québec (rôle d'évaluation foncière),https://donneesouvertes.affmunqc.net/role/RL58007_2026.xml,,,,
"9266, Récollet",,Brossard,,,406.7,2016,223700,862200,1085900,2025,Logement,MAMH — Données Québec (rôle d'évaluation foncière),https://donneesouvertes.affmunqc.net/role/RL58007_2026.xml,,,,
"9240, Récollet",,Brossard,,,457.8,2019,251800,926500,1178300,2025,Logement,MAMH — Données Québec (rôle d'évaluation foncière),https://donneesouvertes.affmunqc.net/role/RL58007_2026.xml,,,,
"9230, Récollet",,Brossard,,,457.8,2019,251800,968800,1220600,2025,Logement,MAMH — Données Québec (rôle d'évaluation foncière),https://donneesouvertes.affmunqc.net/role/RL58007_2026.xml,,,,
"9220, Récollet",,Brossard,,,610.4,2022,305400,1291500,1596900,2025,Logement,MAMH — Données Québec (rôle d'évaluation foncière),https://donneesouvertes.affmunqc.net/role/RL58007_2026.xml,,,,
"9180, Récollet",,Brossard,,,610.4,2021,305400,1264700,1570100,2025,Logement,MAMH — Données Québec (rôle d'évaluation foncière),https://donneesouvertes.affmunqc.net/role/RL58007_2026.xml,,,,
"1555, Prairies",,Brossard,,,975.5,2008,405800,1019400,1425200,2025,Logement,MAMH — Données Québec (rôle d'évaluation foncière),https://donneesouvertes.affmunqc.net/role/RL58007_2026.xml,,,,
"1570, Richelieu",,Brossard,,,561.3,1970,291900,256900,548800,2025,Logement,MAMH — Données Québec (rôle d'évaluation foncière),https://donneesouvertes.affmunqc.net/role/RL58007_2026.xml,,,,
"1550, Prairies",,Brossard,,,464.5,2017,255500,654100,909600,2025,Logement,MAMH — Données Québec (rôle d'évaluation foncière),https://donneesouvertes.affmunqc.net/role/RL58007_2026.xml,,,,
"1580, Richelieu",,Brossard,,,448.5,1992,246700,456000,702700,2025,Logement,MAMH — Données Québec (rôle d'évaluation foncière),https://donneesouvertes.affmunqc.net/role/RL58007_2026.xml,,,,
"1585, Prairies",,Brossard,,,682.8,1987,325300,481600,806900,2025,Logement,MAMH — Données Québec (rôle d'évaluation foncière),https://donneesouvertes.affmunqc.net/role/RL58007_2026.xml,,,,
"1580, Prairies",,Brossard,,,691.3,1945,327600,161100,488700,2025,Logement,MAMH — Données Québec (rôle d'évaluation foncière),https://donneesouvertes.affmunqc.net/role/RL58007_2026.xml,,,,
"1600, Richelieu",,Brossard,,,473,1992,260200,642000,902200,2025,Logement,MAMH — Données Québec (rôle d'évaluation foncière),https://donneesouvertes.affmunqc.net/role/RL58007_2026.xml,,,,
"1595, Prairies",,Brossard,,,536.4,1950,285000,194300,479300,2025,Logement,MAMH — Données Québec (rôle d'évaluation foncière),https://donneesouvertes.affmunqc.net/role/RL58007_2026.xml,,,,
"1600, Prairies",,Brossard,,,691.3,1986,327600,486600,814200,2025,Logement,MAMH — Données Québec (rôle d'évaluation foncière),https://donneesouvertes.affmunqc.net/role/RL58007_2026.xml,,,,
"1605, Prairies, app. 1609",,Brossard,,,487.7,,268200,552300,820500,2025,Logement,MAMH — Données Québec (rôle d'évaluation foncière),https://donneesouvertes.affmunqc.net/role/RL58007_2026.xml,,,,
"1610, Richelieu",,Brossard,,,906.8,2004,386900,687500,1074400,2025,Logement,MAMH — Données Québec (rôle d'évaluation foncière),https://donneesouvertes.affmunqc.net/role/RL58007_2026.xml,,,,
"1630, Prairies",,Brossard,,,460.9,1979,253500,347200,600700,2025,Logement,MAMH — Données Québec (rôle d'évaluation foncière),https://donneesouvertes.affmunqc.net/role/RL58007_2026.xml,,,,
"1620, Richelieu",,Brossard,,,1064,2006,422000,484600,906600,2025,Logement,MAMH — Données Québec (rôle d'évaluation foncière),https://donneesouvertes.affmunqc.net/role/RL58007_2026.xml,,,,
"1611, Prairies",,Brossard,,,731.5,2004,338700,873200,1211900,2025,Logement,MAMH — Données Québec (rôle d'évaluation foncière),https://donneesouvertes.affmunqc.net/role/RL58007_2026.xml,,,,
"1640, Prairies",,Brossard,,,440,2018,242000,928100,1170100,2025,Logement,MAMH — Données Québec (rôle d'évaluation foncière),https://donneesouvertes.affmunqc.net/role/RL58007_2026.xml,,,,
"1555, Robert",,Brossard,,,464.5,1956,255500,309800,565300,2025,Logement,MAMH — Données Québec (rôle d'évaluation foncière),https://donneesouvertes.affmunqc.net/role/RL58007_2026.xml,,,,
"1560, Robert",,Brossard,,,520.3,1968,280600,240900,521500,2025,Logement,MAMH — Données Québec (rôle d'évaluation foncière),https://donneesouvertes.affmunqc.net/role/RL58007_2026.xml,,,,
"1575, Robert",,Brossard,,,515,1971,279100,315100,594200,2025,Logement,MAMH — Données Québec (rôle d'évaluation foncière),https://donneesouvertes.affmunqc.net/role/RL58007_2026.xml,,,,
"1580, Robert",,Brossard,,,520.3,2023,280600,1059700,1340300,2025,Logement,MAMH — Données Québec (rôle d'évaluation foncière),https://donneesouvertes.affmunqc.net/role/RL58007_2026.xml,,,,
"1595, Robert",,Brossard,,,655.4,1970,317700,317200,634900,2025,Logement,MAMH — Données Québec (rôle d'évaluation foncière),https://donneesouvertes.affmunqc.net/role/RL58007_2026.xml,,,,
"1500, Rougemont",,Brossard,,,752.2,1996,344400,1087900,1432300,2025,Logement,MAMH — Données Québec (rôle d'évaluation foncière),https://donneesouvertes.affmunqc.net/role/RL58007_2026.xml,,,,
"1600, Robert",,Brossard,,,520.3,1969,280600,342000,622600,2025,Logement,MAMH — Données Québec (rôle d'évaluation foncière),https://donneesouvertes.affmunqc.net/role/RL58007_2026.xml,,,,
"1620, Robert",,Brossard,,,520.3,1969,280600,296700,577300,2025,Logement,MAMH — Données Québec (rôle d'évaluation foncière),https://donneesouvertes.affmunqc.net/role/RL58007_2026.xml,,,,
"1615, Robert",,Brossard,,,468.2,2020,257500,987400,1244900,2025,Logement,MAMH — Données Québec (rôle d'évaluation foncière),https://donneesouvertes.affmunqc.net/role/RL58007_2026.xml,,,,
"1510, Rougemont",,Brossard,,,584.4,1995,298200,797300,1095500,2025,Logement,MAMH — Données Québec (rôle d'évaluation foncière),https://donneesouvertes.affmunqc.net/role/RL58007_2026.xml,,,,
"1625, Robert",,Brossard,,,468.1,2017,257500,954200,1211700,2025,Logement,MAMH — Données Québec (rôle d'évaluation foncière),https://donneesouvertes.affmunqc.net/role/RL58007_2026.xml,,,,
"1640, Robert",,Brossard,,,520.3,1968,280600,363200,643800,2025,Logement,MAMH — Données Québec (rôle d'évaluation foncière),https://donneesouvertes.affmunqc.net/role/RL58007_2026.xml,,,,
"1520, Rougemont",,Brossard,,,584.4,1996,298200,779000,1077200,2025,Logement,MAMH — Données Québec (rôle d'évaluation foncière),https://donneesouvertes.affmunqc.net/role/RL58007_2026.xml,,,,
"1635, Robert",,Brossard,,,468.2,2009,257500,579200,836700,2025,Logement,MAMH — Données Québec (rôle d'évaluation foncière),https://donneesouvertes.affmunqc.net/role/RL58007_2026.xml,,,,
"1480, Rougemont",,Brossard,,,742,1993,341600,898500,1240100,2025,Logement,MAMH — Données Québec (rôle d'évaluation foncière),https://donneesouvertes.affmunqc.net/role/RL58007_2026.xml,,,,
"1490, Rougemont",,Brossard,,,1154.4,1999,435500,1299900,1735400,2025,Logement,MAMH — Données Québec (rôle d'évaluation foncière),https://donneesouvertes.affmunqc.net/role/RL58007_2026.xml,,,,
"1470, Rougemont",,Brossard,,,594.8,1998,301100,621700,922800,2025,Logement,MAMH — Données Québec (rôle d'évaluation foncière),https://donneesouvertes.affmunqc.net/role/RL58007_2026.xml,,,,
"1460, Rougemont",,Brossard,,,594.8,1994,301100,862300,1163400,2025,Logement,MAMH — Données Québec (rôle d'évaluation foncière),https://donneesouvertes.affmunqc.net/role/RL58007_2026.xml,,,,
"1450, Rougemont",,Brossard,,,594.8,1992,301100,841800,1142900,2025,Logement,MAMH — Données Québec (rôle d'évaluation foncière),https://donneesouvertes.affmunqc.net/role/RL58007_2026.xml,,,,
"1505, Rougemont",,Brossard,,,630.4,1998,310900,1210200,1521100,2025,Logement,MAMH — Données Québec (rôle d'évaluation foncière),https://donneesouvertes.affmunqc.net/role/RL58007_2026.xml,,,,
"1755, Rougemont",,Brossard,,,672.9,1992,322500,842900,1165400,2025,Logement,MAMH — Données Québec (rôle d'évaluation foncière),https://donneesouvertes.affmunqc.net/role/RL58007_2026.xml,,,,
"1515, Rougemont",,Brossard,,,549,1992,288500,801500,1090000,2025,Logement,MAMH — Données Québec (rôle d'évaluation foncière),https://donneesouvertes.affmunqc.net/role/RL58007_2026.xml,,,,
"1745, Rougemont",,Brossard,,,579.5,1992,296900,931700,1228600,2025,Logement,MAMH — Données Québec (rôle d'évaluation foncière),https://donneesouvertes.affmunqc.net/role/RL58007_2026.xml,,,,
"1525, Rougemont",,Brossard,,,549,1995,288500,869600,1158100,2025,Logement,MAMH — Données Québec (rôle d'évaluation foncière),https://donneesouvertes.affmunqc.net/role/RL58007_2026.xml,,,,
"8997, San Francisco",,Brossard,,,579.5,1989,296900,831400,1128300,2025,Logement,MAMH — Données Québec (rôle d'évaluation foncière),https://donneesouvertes.affmunqc.net/role/RL58007_2026.xml,,,,
"1440, Rougemont",,Brossard,,,594.8,1991,301100,955200,1256300,2025,Logement,MAMH — Données Québec (rôle d'évaluation foncière),https://donneesouvertes.affmunqc.net/role/RL58007_2026.xml,,,,
"1430, Rougemont",,Brossard,,,594.8,1993,301100,848400,1149500,2025,Logement,MAMH — Données Québec (rôle d'évaluation foncière),https://donneesouvertes.affmunqc.net/role/RL58007_2026.xml,,,,
"8993, San Francisco",,Brossard,,,632.8,1989,311500,821900,1133400,2025,Logement,MAMH — Données Québec (rôle d'évaluation foncière),https://donneesouvertes.affmunqc.net/role/RL58007_2026.xml,,,,
"1750, Rougemont",,Brossard,,,708.8,1993,332400,929500,1261900,2025,Logement,MAMH — Données Québec (rôle d'évaluation foncière),https://donneesouvertes.affmunqc.net/role/RL58007_2026.xml,,,,
"8985, San Francisco",,Brossard,,,682.9,2000,325300,1471200,1796500,2025,Logement,MAMH — Données Québec (rôle d'évaluation foncière),https://donneesouvertes.affmunqc.net/role/RL58007_2026.xml,,,,
"1740, Rougemont",,Brossard,,,640.5,2000,313600,1342800,1656400,2025,Logement,MAMH — Données Québec (rôle d'évaluation foncière),https://donneesouvertes.affmunqc.net/role/RL58007_2026.xml,,,,
"8981, San Francisco",,Brossard,,,610,1989,305300,630000,935300,2025,Logement,MAMH — Données Québec (rôle d'évaluation foncière),https://donneesouvertes.affmunqc.net/role/RL58007_2026.xml,,,,
"8969, Richmond",,Brossard,,,682.3,1989,325100,1177000,1502100,2025,Logement,MAMH — Données Québec (rôle d'évaluation foncière),https://donneesouvertes.affmunqc.net/role/RL58007_2026.xml,,,,
"8970, Richmond",,Brossard,,,592.3,1992,300400,854400,1154800,2025,Logement,MAMH — Données Québec (rôle d'évaluation foncière),https://donneesouvertes.affmunqc.net/role/RL58007_2026.xml,,,,
"8996, San Francisco",,Brossard,,,588,1988,299200,679200,978400,2025,Logement,MAMH — Données Québec (rôle d'évaluation foncière),https://donneesouvertes.affmunqc.net/role/RL58007_2026.xml,,,,
"8973, Richmond",,Brossard,,,600,1989,302500,814900,1117400,2025,Logement,MAMH — Données Québec (rôle d'évaluation foncière),https://donneesouvertes.affmunqc.net/role/RL58007_2026.xml,,,,
"8974, Richmond",,Brossard,,,600,1989,302500,646100,948600,2025,Logement,MAMH — Données Québec (rôle d'évaluation foncière),https://donneesouvertes.affmunqc.net/role/RL58007_2026.xml,,,,
"8992, San Francisco",,Brossard,,,588,1989,299200,544200,843400,2025,Logement,MAMH — Données Québec (rôle d'évaluation foncière),https://donneesouvertes.affmunqc.net/role/RL58007_2026.xml,,,,
"8977, Richmond",,Brossard,,,600,1990,302500,1038200,1340700,2025,Logement,MAMH — Données Québec (rôle d'évaluation foncière),https://donneesouvertes.affmunqc.net/role/RL58007_2026.xml,,,,
"8978, Richmond",,Brossard,,,592.3,1989,300400,642500,942900,2025,Logement,MAMH — Données Québec (rôle d'évaluation foncière),https://donneesouvertes.affmunqc.net/role/RL58007_2026.xml,,,,
"8988, San Francisco",,Brossard,,,597.7,1989,301900,535800,837700,2025,Logement,MAMH — Données Québec (rôle d'évaluation foncière),https://donneesouvertes.affmunqc.net/role/RL58007_2026.xml,,,,
"8981, Richmond",,Brossard,,,617.7,1991,307400,920600,1228000,2025,Logement,MAMH — Données Québec (rôle d'évaluation foncière),https://donneesouvertes.affmunqc.net/role/RL58007_2026.xml,,,,
"8984, San Francisco",,Brossard,,,588,1990,299200,517300,816500,2025,Logement,MAMH — Données Québec (rôle d'évaluation foncière),https://donneesouvertes.affmunqc.net/role/RL58007_2026.xml,,,,
"9128, Richmond",,Brossard,,,709.5,2006,332600,1436900,1769500,2025,Logement,MAMH — Données Québec (rôle d'évaluation foncière),https://donneesouvertes.affmunqc.net/role/RL58007_2026.xml,,,,
"8985, Richmond",,Brossard,,,600,1988,302500,723200,1025700,2025,Logement,MAMH — Données Québec (rôle d'évaluation foncière),https://donneesouvertes.affmunqc.net/role/RL58007_2026.xml,,,,
"9124, Richmond",,Brossard,,,600,1989,302500,608900,911400,2025,Logement,MAMH — Données Québec (rôle d'évaluation foncière),https://donneesouvertes.affmunqc.net/role/RL58007_2026.xml,,,,
"8980, San Francisco",,Brossard,,,588,1990,299200,894000,1193200,2025,Logement,MAMH — Données Québec (rôle d'évaluation foncière),https://donneesouvertes.affmunqc.net/role/RL58007_2026.xml,,,,
"9123, Rivard",,Brossard,,,597,1989,301700,774000,1075700,2025,Logement,MAMH — Données Québec (rôle d'évaluation foncière),https://donneesouvertes.affmunqc.net/role/RL58007_2026.xml,,,,
"9119, Rivard",,Brossard,,,597,2007,301700,1286700,1588400,2025,Logement,MAMH — Données Québec (rôle d'évaluation foncière),https://donneesouvertes.affmunqc.net/role/RL58007_2026.xml,,,,
"9115, Rivard",,Brossard,,,597,1989,301700,945100,1246800,2025,Logement,MAMH — Données Québec (rôle d'évaluation foncière),https://donneesouvertes.affmunqc.net/role/RL58007_2026.xml,,,,
"9111, Rivard",,Brossard,,,597,1988,301700,858200,1159900,2025,Logement,MAMH — Données Québec (rôle d'évaluation foncière),https://donneesouvertes.affmunqc.net/role/RL58007_2026.xml,,,,
"9109, Rivard",,Brossard,,,597,1989,301700,632000,933700,2025,Logement,MAMH — Données Québec (rôle d'évaluation foncière),https://donneesouvertes.affmunqc.net/role/RL58007_2026.xml,,,,
"9123, Richmond",,Brossard,,,597,1989,301700,799400,1101100,2025,Logement,MAMH — Données Québec (rôle d'évaluation foncière),https://donneesouvertes.affmunqc.net/role/RL58007_2026.xml,,,,
"9119, Richmond",,Brossard,,,597,1989,301700,705100,1006800,2025,Logement,MAMH — Données Québec (rôle d'évaluation foncière),https://donneesouvertes.affmunqc.net/role/RL58007_2026.xml,,,,
"9115, Richmond",,Brossard,,,597,1990,301700,1007300,1309000,2025,Logement,MAMH — Données Québec (rôle d'évaluation foncière),https://donneesouvertes.affmunqc.net/role/RL58007_2026.xml,,,,
"9111, Richmond",,Brossard,,,597,1988,301700,776100,1077800,2025,Logement,MAMH — Données Québec (rôle d'évaluation foncière),https://donneesouvertes.affmunqc.net/role/RL58007_2026.xml,,,,
"9109, Richmond",,Brossard,,,597,1989,301700,637100,938800,2025,Logement,MAMH — Données Québec (rôle d'évaluation foncière),https://donneesouvertes.affmunqc.net/role/RL58007_2026.xml,,,,
"9120, Richmond",,Brossard,,,600,1989,302500,551000,853500,2025,Logement,MAMH — Données Québec (rôle d'évaluation foncière),https://donneesouvertes.affmunqc.net/role/RL58007_2026.xml,,,,
"9116, Richmond",,Brossard,,,600,1989,302500,923000,1225500,2025,Logement,MAMH — Données Québec (rôle d'évaluation foncière),https://donneesouvertes.affmunqc.net/role/RL58007_2026.xml,,,,
"9112, Richmond",,Brossard,,,600,1990,302500,759800,1062300,2025,Logement,MAMH — Données Québec (rôle d'évaluation foncière),https://donneesouvertes.affmunqc.net/role/RL58007_2026.xml,,,,
"9110, Richmond",,Brossard,,,615,1989,306600,755200,1061800,2025,Logement,MAMH — Données Québec (rôle d'évaluation foncière),https://donneesouvertes.affmunqc.net/role/RL58007_2026.xml,,,,
"9106, Richmond",,Brossard,,,615,1989,306600,954400,1261000,2025,Logement,MAMH — Données Québec (rôle d'évaluation foncière),https://donneesouvertes.affmunqc.net/role/RL58007_2026.xml,,,,
"9105, Rivard",,Brossard,,,597,1989,301700,891300,1193000,2025,Logement,MAMH — Données Québec (rôle d'évaluation foncière),https://donneesouvertes.affmunqc.net/role/RL58007_2026.xml,,,,
"9101, Rivard",,Brossard,,,597,1992,301700,779500,1081200,2025,Logement,MAMH — Données Québec (rôle d'évaluation foncière),https://donneesouvertes.affmunqc.net/role/RL58007_2026.xml,,,,
"9097, Rivard",,Brossard,,,597,1988,301700,846900,1148600,2025,Logement,MAMH — Données Québec (rôle d'évaluation foncière),https://donneesouvertes.affmunqc.net/role/RL58007_2026.xml,,,,
"9095, Rivard",,Brossard,,,597,1989,301700,841400,1143100,2025,Logement,MAMH — Données Québec (rôle d'évaluation foncière),https://donneesouvertes.affmunqc.net/role/RL58007_2026.xml,,,,
"9093, Rivard",,Brossard,,,597,1991,301700,796600,1098300,2025,Logement,MAMH — Données Québec (rôle d'évaluation foncière),https://donneesouvertes.affmunqc.net/role/RL58007_2026.xml,,,,
"9105, Richmond",,Brossard,,,597,1990,301700,780700,1082400,2025,Logement,MAMH — Données Québec (rôle d'évaluation foncière),https://donneesouvertes.affmunqc.net/role/RL58007_2026.xml,,,,
"9101, Richmond",,Brossard,,,597,1989,301700,615700,917400,2025,Logement,MAMH — Données Québec (rôle d'évaluation foncière),https://donneesouvertes.affmunqc.net/role/RL58007_2026.xml,,,,
"9097, Richmond",,Brossard,,,597,1989,301700,672400,974100,2025,Logement,MAMH — Données Québec (rôle d'évaluation foncière),https://donneesouvertes.affmunqc.net/role/RL58007_2026.xml,,,,
"9095, Richmond",,Brossard,,,597,1992,301700,754400,1056100,2025,Logement,MAMH — Données Québec (rôle d'évaluation foncière),https://donneesouvertes.affmunqc.net/role/RL58007_2026.xml,,,,
"9093, Richmond",,Brossard,,,597,2003,301700,1291600,1593300,2025,Logement,MAMH — Données Québec (rôle d'évaluation foncière),https://donneesouvertes.affmunqc.net/role/RL58007_2026.xml,,,,
"9100, Richmond",,Brossard,,,1830,1993,536200,2262100,2798300,2025,Logement,MAMH — Données Québec (rôle d'évaluation foncière),https://donneesouvertes.affmunqc.net/role/RL58007_2026.xml,,,,
"9089, Rivard",,Brossard,,,597,1991,301700,879400,1181100,2025,Logement,MAMH — Données Québec (rôle d'évaluation foncière),https://donneesouvertes.affmunqc.net/role/RL58007_2026.xml,,,,
"9087, Rivard",,Brossard,,,597,1990,301700,874700,1176400,2025,Logement,MAMH — Données Québec (rôle d'évaluation foncière),https://donneesouvertes.affmunqc.net/role/RL58007_2026.xml,,,,
"9085, Rivard",,Brossard,,,580.3,1989,297100,941100,1238200,2025,Logement,MAMH — Données Québec (rôle d'évaluation foncière),https://donneesouvertes.affmunqc.net/role/RL58007_2026.xml,,,,
"9075, Rivard",,Brossard,,,587.1,1987,299000,624400,923400,2025,Logement,MAMH — Données Québec (rôle d'évaluation foncière),https://donneesouvertes.affmunqc.net/role/RL58007_2026.xml,,,,
"9065, Rivard",,Brossard,,,623.4,1987,308900,816100,1125000,2025,Logement,MAMH — Données Québec (rôle d'évaluation foncière),https://donneesouvertes.affmunqc.net/role/RL58007_2026.xml,,,,
"9089, Richmond",,Brossard,,,597,1989,301700,635100,936800,2025,Logement,MAMH — Données Québec (rôle d'évaluation foncière),https://donneesouvertes.affmunqc.net/role/RL58007_2026.xml,,,,
"9087, Richmond",,Brossard,,,597,1989,301700,762100,1063800,2025,Logement,MAMH — Données Québec (rôle d'évaluation foncière),https://donneesouvertes.affmunqc.net/role/RL58007_2026.xml,,,,
"9085, Richmond",,Brossard,,,731.5,1988,338700,646100,984800,2025,Logement,MAMH — Données Québec (rôle d'évaluation foncière),https://donneesouvertes.affmunqc.net/role/RL58007_2026.xml,,,,
"9081, Richmond",,Brossard,,,949.7,1989,398700,892700,1291400,2025,Logement,MAMH — Données Québec (rôle d'évaluation foncière),https://donneesouvertes.affmunqc.net/role/RL58007_2026.xml,,,,
"9077, Richmond",,Brossard,,,704.9,1991,331300,884900,1216200,2025,Logement,MAMH — Données Québec (rôle d'évaluation foncière),https://donneesouvertes.affmunqc.net/role/RL58007_2026.xml,,,,
"9015, Rivard",,Brossard,,,545.1,1987,287400,612000,899400,2025,Logement,MAMH — Données Québec (rôle d'évaluation foncière),https://donneesouvertes.affmunqc.net/role/RL58007_2026.xml,,,,
"9055, Rivard",,Brossard,,,632.2,1987,311400,700900,1012300,2025,Logement,MAMH — Données Québec (rôle d'évaluation foncière),https://donneesouvertes.affmunqc.net/role/RL58007_2026.xml,,,,
"9025, Rivard",,Brossard,,,550.5,1984,288900,719200,1008100,2025,Logement,MAMH — Données Québec (rôle d'évaluation foncière),https://donneesouvertes.affmunqc.net/role/RL58007_2026.xml,,,,
"9045, Rivard",,Brossard,,,641.5,1988,313900,855500,1169400,2025,Logement,MAMH — Données Québec (rôle d'évaluation foncière),https://donneesouvertes.affmunqc.net/role/RL58007_2026.xml,,,,
"9035, Rivard",,Brossard,,,636.8,1982,312600,822400,1135000,2025,Logement,MAMH — Données Québec (rôle d'évaluation foncière),https://donneesouvertes.affmunqc.net/role/RL58007_2026.xml,,,,
"8170, Renard",,Brossard,,,531,1981,283500,668600,952100,2025,Logement,MAMH — Données Québec (rôle d'évaluation foncière),https://donneesouvertes.affmunqc.net/role/RL58007_2026.xml,,,,
"8180, Renard",,Brossard,,,530.4,1981,283400,566700,850100,2025,Logement,MAMH — Données Québec (rôle d'évaluation foncière),https://donneesouvertes.affmunqc.net/role/RL58007_2026.xml,,,,
"8210, Renard",,Brossard,,,565.4,1981,293000,531500,824500,2025,Logement,MAMH — Données Québec (rôle d'évaluation foncière),https://donneesouvertes.affmunqc.net/role/RL58007_2026.xml,,,,
"8190, Renard",,Brossard,,,539.6,1982,285900,569000,854900,2025,Logement,MAMH — Données Québec (rôle d'évaluation foncière),https://donneesouvertes.affmunqc.net/role/RL58007_2026.xml,,,,
"8200, Renard",,Brossard,,,524.3,1981,281700,467100,748800,2025,Logement,MAMH — Données Québec (rôle d'évaluation foncière),https://donneesouvertes.affmunqc.net/role/RL58007_2026.xml,,,,
"8220, Renard",,Brossard,,,895.8,1982,383800,637700,1021500,2025,Logement,MAMH — Données Québec (rôle d'évaluation foncière),https://donneesouvertes.affmunqc.net/role/RL58007_2026.xml,,,,
"8230, Renard",,Brossard,,,577.2,1981,296200,520300,816500,2025,Logement,MAMH — Données Québec (rôle d'évaluation foncière),https://donneesouvertes.affmunqc.net/role/RL58007_2026.xml,,,,
"9140, Récollet",,Brossard,,,610.4,2020,305400,1298400,1603800,2025,Logement,MAMH — Données Québec (rôle d'évaluation foncière),https://donneesouvertes.affmunqc.net/role/RL58007_2026.xml,,,,
"9235, Récollet",,Brossard,,,610.3,1949,305300,446900,752200,2025,Logement,MAMH — Données Québec (rôle d'évaluation foncière),https://donneesouvertes.affmunqc.net/role/RL58007_2026.xml,,,,
"9205, Récollet",,Brossard,,,610.4,2006,305400,1023800,1329200,2025,Logement,MAMH — Données Québec (rôle d'évaluation foncière),https://donneesouvertes.affmunqc.net/role/RL58007_2026.xml,,,,
"9185, Récollet, app. 9189",,Brossard,,,457.7,1956,251700,408100,659800,2025,Logement,MAMH — Données Québec (rôle d'évaluation foncière),https://donneesouvertes.affmunqc.net/role/RL58007_2026.xml,,,,
"9175, Récollet, app. 9179",,Brossard,,,457.7,1956,251700,329600,581300,2025,Logement,MAMH — Données Québec (rôle d'évaluation foncière),https://donneesouvertes.affmunqc.net/role/RL58007_2026.xml,,,,
"9125, Récollet",,Brossard,,,671.4,2007,322100,808800,1130900,2025,Logement,MAMH — Données Québec (rôle d'évaluation foncière),https://donneesouvertes.affmunqc.net/role/RL58007_2026.xml,,,,
"9285, Rollin",,Brossard,,,570,2000,294300,548000,842300,2025,Logement,MAMH — Données Québec (rôle d'évaluation foncière),https://donneesouvertes.affmunqc.net/role/RL58007_2026.xml,,,,
"9085, Récollet",,Brossard,,,1159.7,1945,436300,86900,523200,2025,Logement,MAMH — Données Québec (rôle d'évaluation foncière),https://donneesouvertes.affmunqc.net/role/RL58007_2026.xml,,,,
"9295, Rollin",,Brossard,,,570,1988,294300,464000,758300,2025,Logement,MAMH — Données Québec (rôle d'évaluation foncière),https://donneesouvertes.affmunqc.net/role/RL58007_2026.xml,,,,
"9305, Rollin",,Brossard,,,555,1993,290100,468700,758800,2025,Logement,MAMH — Données Québec (rôle d'évaluation foncière),https://donneesouvertes.affmunqc.net/role/RL58007_2026.xml,,,,
"9315, Rollin",,Brossard,,,555,1994,290100,809300,1099400,2025,Logement,MAMH — Données Québec (rôle d'évaluation foncière),https://donneesouvertes.affmunqc.net/role/RL58007_2026.xml,,,,
"9325, Rollin",,Brossard,,,555,1994,290100,915200,1205300,2025,Logement,MAMH — Données Québec (rôle d'évaluation foncière),https://donneesouvertes.affmunqc.net/role/RL58007_2026.xml,,,,
"9335, Rollin",,Brossard,,,759.7,1994,346400,1023000,1369400,2025,Logement,MAMH — Données Québec (rôle d'évaluation foncière),https://donneesouvertes.affmunqc.net/role/RL58007_2026.xml,,,,
"1617, Prairies",,Brossard,,,610.2,1977,305300,845500,1150800,2025,Logement,MAMH — Données Québec (rôle d'évaluation foncière),https://donneesouvertes.affmunqc.net/role/RL58007_2026.xml,,,,
"8990, Racicot",,Brossard,,,523.3,2018,281400,1024000,1305400,2025,Logement,MAMH — Données Québec (rôle d'évaluation foncière),https://donneesouvertes.affmunqc.net/role/RL58007_2026.xml,,,,
"9110, Récollet",,Brossard,,,408.9,2014,224900,729400,954300,2025,Logement,MAMH — Données Québec (rôle d'évaluation foncière),https://donneesouvertes.affmunqc.net/role/RL58007_2026.xml,,,,
"9080, Récollet",,Brossard,,,408.9,2015,224900,874600,1099500,2025,Logement,MAMH — Données Québec (rôle d'évaluation foncière),https://donneesouvertes.affmunqc.net/role/RL58007_2026.xml,,,,
"9070, Récollet",,Brossard,,,408.8,2015,224800,772600,997400,2025,Logement,MAMH — Données Québec (rôle d'évaluation foncière),https://donneesouvertes.affmunqc.net/role/RL58007_2026.xml,,,,
"1665, Prairies",,Brossard,,,492.8,2019,271000,1068200,1339200,2025,Logement,MAMH — Données Québec (rôle d'évaluation foncière),https://donneesouvertes.affmunqc.net/role/RL58007_2026.xml,,,,
"1675, Prairies",,Brossard,,,703.7,2016,331000,1276400,1607400,2025,Logement,MAMH — Données Québec (rôle d'évaluation foncière),https://donneesouvertes.affmunqc.net/role/RL58007_2026.xml,,,,
"1670, Prairies",,Brossard,,,572,2000,294800,596600,891400,2025,Logement,MAMH — Données Québec (rôle d'évaluation foncière),https://donneesouvertes.affmunqc.net/role/RL58007_2026.xml,,,,
"1710, Prairies",,Brossard,,,415.9,1992,228700,453900,682600,2025,Logement,MAMH — Données Québec (rôle d'évaluation foncière),https://donneesouvertes.affmunqc.net/role/RL58007_2026.xml,,,,
"9055, Récollet",,Brossard,,,610.4,1950,305400,253600,559000,2025,Logement,MAMH — Données Québec (rôle d'évaluation foncière),https://donneesouvertes.affmunqc.net/role/RL58007_2026.xml,,,,
"1725, Prairies",,Brossard,,,1151.7,1960,435100,24200,459300,2025,Immeuble à bureaux,MAMH — Données Québec (rôle d'évaluation foncière),https://donneesouvertes.affmunqc.net/role/RL58007_2026.xml,,,,
"1720, Prairies",,Brossard,,,410,1992,225500,450500,676000,2025,Logement,MAMH — Données Québec (rôle d'évaluation foncière),https://donneesouvertes.affmunqc.net/role/RL58007_2026.xml,,,,
"1650, Robert",,Brossard,,,686.4,1972,326300,424600,750900,2025,Logement,MAMH — Données Québec (rôle d'évaluation foncière),https://donneesouvertes.affmunqc.net/role/RL58007_2026.xml,,,,
"1530, Rougemont",,Brossard,,,584.4,1997,298200,1027700,1325900,2025,Logement,MAMH — Données Québec (rôle d'évaluation foncière),https://donneesouvertes.affmunqc.net/role/RL58007_2026.xml,,,,
"8980, Racicot",,Brossard,,,424.8,2019,233600,931000,1164600,2025,Logement,MAMH — Données Québec (rôle d'évaluation foncière),https://donneesouvertes.affmunqc.net/role/RL58007_2026.xml,,,,
"8960, Racicot, app. 8966",,Brossard,,,754.9,1961,345100,452100,797200,2025,Logement,MAMH — Données Québec (rôle d'évaluation foncière),https://donneesouvertes.affmunqc.net/role/RL58007_2026.xml,,,,
"1540, Rougemont",,Brossard,,,584.4,1999,298200,971300,1269500,2025,Logement,MAMH — Données Québec (rôle d'évaluation foncière),https://donneesouvertes.affmunqc.net/role/RL58007_2026.xml,,,,
"8940, Racicot",,Brossard,,,1244.7,1949,359200,246400,605600,2025,Industrie,MAMH — Données Québec (rôle d'évaluation foncière),https://donneesouvertes.affmunqc.net/role/RL58007_2026.xml,,,,
"1550, Rougemont",,Brossard,,,584.4,1998,298200,943600,1241800,2025,Logement,MAMH — Données Québec (rôle d'évaluation foncière),https://donneesouvertes.affmunqc.net/role/RL58007_2026.xml,,,,
"1560, Rougemont",,Brossard,,,584.4,1998,298200,985000,1283200,2025,Logement,MAMH — Données Québec (rôle d'évaluation foncière),https://donneesouvertes.affmunqc.net/role/RL58007_2026.xml,,,,
"1685, Robert",,Brossard,,,538.8,2014,285700,995300,1281000,2025,Logement,MAMH — Données Québec (rôle d'évaluation foncière),https://donneesouvertes.affmunqc.net/role/RL58007_2026.xml,,,,
"1660, Robert",,Brossard,,,681.5,1940,324900,174300,499200,2025,Logement,MAMH — Données Québec (rôle d'évaluation foncière),https://donneesouvertes.affmunqc.net/role/RL58007_2026.xml,,,,
"1705, Robert",,Brossard,,,416.5,1992,229100,426200,655300,2025,Logement,MAMH — Données Québec (rôle d'évaluation foncière),https://donneesouvertes.affmunqc.net/role/RL58007_2026.xml,,,,
"1570, Rougemont",,Brossard,,,724.4,1997,336700,927200,1263900,2025,Logement,MAMH — Données Québec (rôle d'évaluation foncière),https://donneesouvertes.affmunqc.net/role/RL58007_2026.xml,,,,
"1715, Robert",,Brossard,,,411.7,1992,226400,471700,698100,2025,Logement,MAMH — Données Québec (rôle d'évaluation foncière),https://donneesouvertes.affmunqc.net/role/RL58007_2026.xml,,,,
"1735, Rougemont",,Brossard,,,579.5,1993,296900,901900,1198800,2025,Logement,MAMH — Données Québec (rôle d'évaluation foncière),https://donneesouvertes.affmunqc.net/role/RL58007_2026.xml,,,,
"1535, Rougemont",,Brossard,,,549,1992,288500,777900,1066400,2025,Logement,MAMH — Données Québec (rôle d'évaluation foncière),https://donneesouvertes.affmunqc.net/role/RL58007_2026.xml,,,,
"1725, Rougemont",,Brossard,,,579.5,1992,296900,1003400,1300300,2025,Logement,MAMH — Données Québec (rôle d'évaluation foncière),https://donneesouvertes.affmunqc.net/role/RL58007_2026.xml,,,,
"1545, Rougemont",,Brossard,,,549,1996,288500,877700,1166200,2025,Logement,MAMH — Données Québec (rôle d'évaluation foncière),https://donneesouvertes.affmunqc.net/role/RL58007_2026.xml,,,,
"1715, Rougemont",,Brossard,,,579.5,1992,296900,976500,1273400,2025,Logement,MAMH — Données Québec (rôle d'évaluation foncière),https://donneesouvertes.affmunqc.net/role/RL58007_2026.xml,,,,
"1555, Rougemont",,Brossard,,,549,1995,288500,951900,1240400,2025,Logement,MAMH — Données Québec (rôle d'évaluation foncière),https://donneesouvertes.affmunqc.net/role/RL58007_2026.xml,,,,
"1705, Rougemont",,Brossard,,,579.5,1992,296900,858400,1155300,2025,Logement,MAMH — Données Québec (rôle d'évaluation foncière),https://donneesouvertes.affmunqc.net/role/RL58007_2026.xml,,,,
"1565, Rougemont",,Brossard,,,549,1992,288500,806600,1095100,2025,Logement,MAMH — Données Québec (rôle d'évaluation foncière),https://donneesouvertes.affmunqc.net/role/RL58007_2026.xml,,,,
"1695, Rougemont",,Brossard,,,579.5,1994,296900,898600,1195500,2025,Logement,MAMH — Données Québec (rôle d'évaluation foncière),https://donneesouvertes.affmunqc.net/role/RL58007_2026.xml,,,,
"1575, Rougemont",,Brossard,,,579.5,1997,296900,945900,1242800,2025,Logement,MAMH — Données Québec (rôle d'évaluation foncière),https://donneesouvertes.affmunqc.net/role/RL58007_2026.xml,,,,
"1685, Rougemont",,Brossard,,,579.5,1993,296900,818300,1115200,2025,Logement,MAMH — Données Québec (rôle d'évaluation foncière),https://donneesouvertes.affmunqc.net/role/RL58007_2026.xml,,,,
"1730, Rougemont",,Brossard,,,610,1994,305300,947500,1252800,2025,Logement,MAMH — Données Québec (rôle d'évaluation foncière),https://donneesouvertes.affmunqc.net/role/RL58007_2026.xml,,,,
"8977, San Francisco",,Brossard,,,610,1993,305300,867700,1173000,2025,Logement,MAMH — Données Québec (rôle d'évaluation foncière),https://donneesouvertes.affmunqc.net/role/RL58007_2026.xml,,,,
"1720, Rougemont",,Brossard,,,610,1999,305300,1299900,1605200,2025,Logement,MAMH — Données Québec (rôle d'évaluation foncière),https://donneesouvertes.affmunqc.net/role/RL58007_2026.xml,,,,
"8973, San Francisco",,Brossard,,,610,1991,305300,1003400,1308700,2025,Logement,MAMH — Données Québec (rôle d'évaluation foncière),https://donneesouvertes.affmunqc.net/role/RL58007_2026.xml,,,,
"1710, Rougemont",,Brossard,,,610,1992,305300,890600,1195900,2025,Logement,MAMH — Données Québec (rôle d'évaluation foncière),https://donneesouvertes.affmunqc.net/role/RL58007_2026.xml,,,,
"8969, San Francisco",,Brossard,,,610,1992,305300,836000,1141300,2025,Logement,MAMH — Données Québec (rôle d'évaluation foncière),https://donneesouvertes.affmunqc.net/role/RL58007_2026.xml,,,,
"8968, San Francisco",,Brossard,,,588,1999,299200,865400,1164600,2025,Logement,MAMH — Données Québec (rôle d'évaluation foncière),https://donneesouvertes.affmunqc.net/role/RL58007_2026.xml,,,,
"1700, Rougemont",,Brossard,,,610,1995,305300,941000,1246300,2025,Logement,MAMH — Données Québec (rôle d'évaluation foncière),https://donneesouvertes.affmunqc.net/role/RL58007_2026.xml,,,,
"8965, San Francisco",,Brossard,,,610,1992,305300,925500,1230800,2025,Logement,MAMH — Données Québec (rôle d'évaluation foncière),https://donneesouvertes.affmunqc.net/role/RL58007_2026.xml,,,,
"8964, San Francisco",,Brossard,,,588,2000,299200,928200,1227400,2025,Logement,MAMH — Données Québec (rôle d'évaluation foncière),https://donneesouvertes.affmunqc.net/role/RL58007_2026.xml,,,,
"1690, Rougemont",,Brossard,,,610,1998,305300,810100,1115400,2025,Logement,MAMH — Données Québec (rôle d'évaluation foncière),https://donneesouvertes.affmunqc.net/role/RL58007_2026.xml,,,,
"8961, San Francisco",,Brossard,,,610,1990,305300,892700,1198000,2025,Logement,MAMH — Données Québec (rôle d'évaluation foncière),https://donneesouvertes.affmunqc.net/role/RL58007_2026.xml,,,,
"8960, San Francisco",,Brossard,,,622.3,1988,308600,855700,1164300,2025,Logement,MAMH — Données Québec (rôle d'évaluation foncière),https://donneesouvertes.affmunqc.net/role/RL58007_2026.xml,,,,
"8989, Richmond",,Brossard,,,600,1989,302500,655100,957600,2025,Logement,MAMH — Données Québec (rôle d'évaluation foncière),https://donneesouvertes.affmunqc.net/role/RL58007_2026.xml,,,,
"9006, Richmond",,Brossard,,,654.9,1993,317600,1191000,1508600,2025,Logement,MAMH — Données Québec (rôle d'évaluation foncière),https://donneesouvertes.affmunqc.net/role/RL58007_2026.xml,,,,
"9010, Richmond",,Brossard,,,600,1989,302500,649800,952300,2025,Logement,MAMH — Données Québec (rôle d'évaluation foncière),https://donneesouvertes.affmunqc.net/role/RL58007_2026.xml,,,,
"8976, San Francisco",,Brossard,,,588,1999,299200,731200,1030400,2025,Logement,MAMH — Données Québec (rôle d'évaluation foncière),https://donneesouvertes.affmunqc.net/role/RL58007_2026.xml,,,,
"8993, Richmond",,Brossard,,,750.6,1992,343900,897200,1241100,2025,Logement,MAMH — Données Québec (rôle d'évaluation foncière),https://donneesouvertes.affmunqc.net/role/RL58007_2026.xml,,,,
"8972, San Francisco",,Brossard,,,588,2000,299200,1014700,1313900,2025,Logement,MAMH — Données Québec (rôle d'évaluation foncière),https://donneesouvertes.affmunqc.net/role/RL58007_2026.xml,,,,
"8997, Richmond",,Brossard,,,953.4,1989,399700,991800,1391500,2025,Logement,MAMH — Données Québec (rôle d'évaluation foncière),https://donneesouvertes.affmunqc.net/role/RL58007_2026.xml,,,,
"9001, Richmond",,Brossard,,,757.5,1989,345800,753800,1099600,2025,Logement,MAMH — Données Québec (rôle d'évaluation foncière),https://donneesouvertes.affmunqc.net/role/RL58007_2026.xml,,,,
"9005, Richmond",,Brossard,,,630,1989,310800,816700,1127500,2025,Logement,MAMH — Données Québec (rôle d'évaluation foncière),https://donneesouvertes.affmunqc.net/role/RL58007_2026.xml,,,,
"8992, Rimouski",,Brossard,,,702.3,1989,330600,1123900,1454500,2025,Logement,MAMH — Données Québec (rôle d'évaluation foncière),https://donneesouvertes.affmunqc.net/role/RL58007_2026.xml,,,,
"8996, Rimouski",,Brossard,,,679.5,1989,324400,879700,1204100,2025,Logement,MAMH — Données Québec (rôle d'évaluation foncière),https://donneesouvertes.affmunqc.net/role/RL58007_2026.xml,,,,
"9000, Rimouski",,Brossard,,,656.7,1990,318100,963900,1282000,2025,Logement,MAMH — Données Québec (rôle d'évaluation foncière),https://donneesouvertes.affmunqc.net/role/RL58007_2026.xml,,,,
"9004, Rimouski",,Brossard,,,633.9,1988,311800,780800,1092600,2025,Logement,MAMH — Données Québec (rôle d'évaluation foncière),https://donneesouvertes.affmunqc.net/role/RL58007_2026.xml,,,,
"9008, Rimouski",,Brossard,,,611.2,1988,305600,871800,1177400,2025,Logement,MAMH — Données Québec (rôle d'évaluation foncière),https://donneesouvertes.affmunqc.net/role/RL58007_2026.xml,,,,
"9014, Richmond",,Brossard,,,600,1988,302500,761300,1063800,2025,Logement,MAMH — Données Québec (rôle d'évaluation foncière),https://donneesouvertes.affmunqc.net/role/RL58007_2026.xml,,,,
"9016, Richmond",,Brossard,,,600,1988,302500,745100,1047600,2025,Logement,MAMH — Données Québec (rôle d'évaluation foncière),https://donneesouvertes.affmunqc.net/role/RL58007_2026.xml,,,,
"9018, Richmond",,Brossard,,,600,1989,302500,536300,838800,2025,Logement,MAMH — Données Québec (rôle d'évaluation foncière),https://donneesouvertes.affmunqc.net/role/RL58007_2026.xml,,,,
"9022, Richmond",,Brossard,,,615,1990,306600,847400,1154000,2025,Logement,MAMH — Données Québec (rôle d'évaluation foncière),https://donneesouvertes.affmunqc.net/role/RL58007_2026.xml,,,,
"9026, Richmond",,Brossard,,,615,1989,306600,783500,1090100,2025,Logement,MAMH — Données Québec (rôle d'évaluation foncière),https://donneesouvertes.affmunqc.net/role/RL58007_2026.xml,,,,
"9009, Richmond",,Brossard,,,630,2006,310800,1053100,1363900,2025,Logement,MAMH — Données Québec (rôle d'évaluation foncière),https://donneesouvertes.affmunqc.net/role/RL58007_2026.xml,,,,
"9013, Richmond",,Brossard,,,645,1990,314900,842500,1157400,2025,Logement,MAMH — Données Québec (rôle d'évaluation foncière),https://donneesouvertes.affmunqc.net/role/RL58007_2026.xml,,,,
"9017, Richmond",,Brossard,,,645,1990,314900,909700,1224600,2025,Logement,MAMH — Données Québec (rôle d'évaluation foncière),https://donneesouvertes.affmunqc.net/role/RL58007_2026.xml,,,,
"9021, Richmond",,Brossard,,,600,1988,302500,688900,991400,2025,Logement,MAMH — Données Québec (rôle d'évaluation foncière),https://donneesouvertes.affmunqc.net/role/RL58007_2026.xml,,,,
"9025, Richmond",,Brossard,,,570,1988,294300,754400,1048700,2025,Logement,MAMH — Données Québec (rôle d'évaluation foncière),https://donneesouvertes.affmunqc.net/role/RL58007_2026.xml,,,,
"9012, Rimouski",,Brossard,,,659.7,1988,318900,590600,909500,2025,Logement,MAMH — Données Québec (rôle d'évaluation foncière),https://donneesouvertes.affmunqc.net/role/RL58007_2026.xml,,,,
"9016, Rimouski",,Brossard,,,645.4,1989,315000,722600,1037600,2025,Logement,MAMH — Données Québec (rôle d'évaluation foncière),https://donneesouvertes.affmunqc.net/role/RL58007_2026.xml,,,,
"9020, Rimouski",,Brossard,,,600,1988,302500,569600,872100,2025,Logement,MAMH — Données Québec (rôle d'évaluation foncière),https://donneesouvertes.affmunqc.net/role/RL58007_2026.xml,,,,
"9024, Rimouski",,Brossard,,,652.5,1992,316900,1107000,1423900,2025,Logement,MAMH — Données Québec (rôle d'évaluation foncière),https://donneesouvertes.affmunqc.net/role/RL58007_2026.xml,,,,
"9092, Richmond",,Brossard,,,600,1993,302500,860500,1163000,2025,Logement,MAMH — Données Québec (rôle d'évaluation foncière),https://donneesouvertes.affmunqc.net/role/RL58007_2026.xml,,,,
"9090, Richmond",,Brossard,,,600,1990,302500,860200,1162700,2025,Logement,MAMH — Données Québec (rôle d'évaluation foncière),https://donneesouvertes.affmunqc.net/role/RL58007_2026.xml,,,,
"9030, Richmond",,Brossard,,,615,1995,306600,945900,1252500,2025,Logement,MAMH — Données Québec (rôle d'évaluation foncière),https://donneesouvertes.affmunqc.net/role/RL58007_2026.xml,,,,
"9034, Richmond",,Brossard,,,615,1993,306600,1176600,1483200,2025,Logement,MAMH — Données Québec (rôle d'évaluation foncière),https://donneesouvertes.affmunqc.net/role/RL58007_2026.xml,,,,
"9038, Richmond",,Brossard,,,600,1989,302500,875700,1178200,2025,Logement,MAMH — Données Québec (rôle d'évaluation foncière),https://donneesouvertes.affmunqc.net/role/RL58007_2026.xml,,,,
"9042, Richmond",,Brossard,,,1200,1989,442300,1192700,1635000,2025,Logement,MAMH — Données Québec (rôle d'évaluation foncière),https://donneesouvertes.affmunqc.net/role/RL58007_2026.xml,,,,
"9029, Richmond",,Brossard,,,600,1988,302500,691900,994400,2025,Logement,MAMH — Données Québec (rôle d'évaluation foncière),https://donneesouvertes.affmunqc.net/role/RL58007_2026.xml,,,,
"9033, Richmond",,Brossard,,,600,1990,302500,821500,1124000,2025,Logement,MAMH — Données Québec (rôle d'évaluation foncière),https://donneesouvertes.affmunqc.net/role/RL58007_2026.xml,,,,
"9037, Richmond",,Brossard,,,600,1990,302500,793200,1095700,2025,Logement,MAMH — Données Québec (rôle d'évaluation foncière),https://donneesouvertes.affmunqc.net/role/RL58007_2026.xml,,,,
"9041, Richmond",,Brossard,,,600,1991,302500,1088100,1390600,2025,Logement,MAMH — Données Québec (rôle d'évaluation foncière),https://donneesouvertes.affmunqc.net/role/RL58007_2026.xml,,,,
"9045, Richmond",,Brossard,,,600,1989,302500,748100,1050600,2025,Logement,MAMH — Données Québec (rôle d'évaluation foncière),https://donneesouvertes.affmunqc.net/role/RL58007_2026.xml,,,,
"9028, Rimouski",,Brossard,,,864.1,1989,375100,947200,1322300,2025,Logement,MAMH — Données Québec (rôle d'évaluation foncière),https://donneesouvertes.affmunqc.net/role/RL58007_2026.xml,,,,
"9088, Richmond",,Brossard,,,600,1990,302500,854000,1156500,2025,Logement,MAMH — Données Québec (rôle d'évaluation foncière),https://donneesouvertes.affmunqc.net/role/RL58007_2026.xml,,,,
"9086, Richmond",,Brossard,,,659.6,1992,318900,1211500,1530400,2025,Logement,MAMH — Données Québec (rôle d'évaluation foncière),https://donneesouvertes.affmunqc.net/role/RL58007_2026.xml,,,,
"9073, Richmond",,Brossard,,,600,1990,302500,848900,1151400,2025,Logement,MAMH — Données Québec (rôle d'évaluation foncière),https://donneesouvertes.affmunqc.net/role/RL58007_2026.xml,,,,
"9050, Richmond",,Brossard,,,600,1989,302500,1229400,1531900,2025,Logement,MAMH — Données Québec (rôle d'évaluation foncière),https://donneesouvertes.affmunqc.net/role/RL58007_2026.xml,,,,
"9069, Richmond",,Brossard,,,600,1993,302500,948400,1250900,2025,Logement,MAMH — Données Québec (rôle d'évaluation foncière),https://donneesouvertes.affmunqc.net/role/RL58007_2026.xml,,,,
"9054, Richmond",,Brossard,,,694.5,1989,328500,808600,1137100,2025,Logement,MAMH — Données Québec (rôle d'évaluation foncière),https://donneesouvertes.affmunqc.net/role/RL58007_2026.xml,,,,
"9065, Richmond",,Brossard,,,789.2,1991,354500,1076200,1430700,2025,Logement,MAMH — Données Québec (rôle d'évaluation foncière),https://donneesouvertes.affmunqc.net/role/RL58007_2026.xml,,,,
"9049, Richmond",,Brossard,,,600,1993,302500,992100,1294600,2025,Logement,MAMH — Données Québec (rôle d'évaluation foncière),https://donneesouvertes.affmunqc.net/role/RL58007_2026.xml,,,,
"9053, Richmond",,Brossard,,,570,1993,294300,718800,1013100,2025,Logement,MAMH — Données Québec (rôle d'évaluation foncière),https://donneesouvertes.affmunqc.net/role/RL58007_2026.xml,,,,
"9061, Richmond",,Brossard,,,1032.7,1989,417400,863400,1280800,2025,Logement,MAMH — Données Québec (rôle d'évaluation foncière),https://donneesouvertes.affmunqc.net/role/RL58007_2026.xml,,,,
"9057, Richmond",,Brossard,,,723.3,1989,336400,865800,1202200,2025,Logement,MAMH — Données Québec (rôle d'évaluation foncière),https://donneesouvertes.affmunqc.net/role/RL58007_2026.xml,,,,
"8205, Renard",,Brossard,,,527.4,1980,282500,562600,845100,2025,Logement,MAMH — Données Québec (rôle d'évaluation foncière),https://donneesouvertes.affmunqc.net/role/RL58007_2026.xml,,,,
"8195, Renard",,Brossard,,,538.6,1981,285600,639500,925100,2025,Logement,MAMH — Données Québec (rôle d'évaluation foncière),https://donneesouvertes.affmunqc.net/role/RL58007_2026.xml,,,,
"8185, Renard",,Brossard,,,550.9,1981,289000,593400,882400,2025,Logement,MAMH — Données Québec (rôle d'évaluation foncière),https://donneesouvertes.affmunqc.net/role/RL58007_2026.xml,,,,
"8250, Renard",,Brossard,,,1045.6,1982,419300,591900,1011200,2025,Logement,MAMH — Données Québec (rôle d'évaluation foncière),https://donneesouvertes.affmunqc.net/role/RL58007_2026.xml,,,,
"8245, Renard",,Brossard,,,557.4,1983,290800,624500,915300,2025,Logement,MAMH — Données Québec (rôle d'évaluation foncière),https://donneesouvertes.affmunqc.net/role/RL58007_2026.xml,,,,
"8250, Racine",,Brossard,,,936.6,1985,395100,883600,1278700,2025,Logement,MAMH — Données Québec (rôle d'évaluation foncière),https://donneesouvertes.affmunqc.net/role/RL58007_2026.xml,,,,
"8255, Renard",,Brossard,,,511,1981,278000,548400,826400,2025,Logement,MAMH — Données Québec (rôle d'évaluation foncière),https://donneesouvertes.affmunqc.net/role/RL58007_2026.xml,,,,
"8260, Renard",,Brossard,,,524.6,1981,281800,454500,736300,2025,Logement,MAMH — Données Québec (rôle d'évaluation foncière),https://donneesouvertes.affmunqc.net/role/RL58007_2026.xml,,,,
"8260, Racine",,Brossard,,,672,1984,322300,673600,995900,2025,Logement,MAMH — Données Québec (rôle d'évaluation foncière),https://donneesouvertes.affmunqc.net/role/RL58007_2026.xml,,,,
"8265, Renard",,Brossard,,,511,1983,278000,541000,819000,2025,Logement,MAMH — Données Québec (rôle d'évaluation foncière),https://donneesouvertes.affmunqc.net/role/RL58007_2026.xml,,,,
"8270, Renard",,Brossard,,,508.5,1981,277300,589300,866600,2025,Logement,MAMH — Données Québec (rôle d'évaluation foncière),https://donneesouvertes.affmunqc.net/role/RL58007_2026.xml,,,,
"8270, Racine",,Brossard,,,511,1984,278000,508100,786100,2025,Logement,MAMH — Données Québec (rôle d'évaluation foncière),https://donneesouvertes.affmunqc.net/role/RL58007_2026.xml,,,,
"8275, Renard",,Brossard,,,529.5,1982,283100,458900,742000,2025,Logement,MAMH — Données Québec (rôle d'évaluation foncière),https://donneesouvertes.affmunqc.net/role/RL58007_2026.xml,,,,
"8280, Renard",,Brossard,,,481.3,1981,264700,432400,697100,2025,Logement,MAMH — Données Québec (rôle d'évaluation foncière),https://donneesouvertes.affmunqc.net/role/RL58007_2026.xml,,,,
"9300, Rollin",,Brossard,,,540,2016,286000,1425300,1711300,2025,Logement,MAMH — Données Québec (rôle d'évaluation foncière),https://donneesouvertes.affmunqc.net/role/RL58007_2026.xml,,,,
"9310, Rollin",,Brossard,,,540,2019,286000,1297500,1583500,2025,Logement,MAMH — Données Québec (rôle d'évaluation foncière),https://donneesouvertes.affmunqc.net/role/RL58007_2026.xml,,,,
"9320, Rollin",,Brossard,,,540,1989,286000,795600,1081600,2025,Logement,MAMH — Données Québec (rôle d'évaluation foncière),https://donneesouvertes.affmunqc.net/role/RL58007_2026.xml,,,,
"9330, Rollin",,Brossard,,,540,1993,286000,796400,1082400,2025,Logement,MAMH — Données Québec (rôle d'évaluation foncière),https://donneesouvertes.affmunqc.net/role/RL58007_2026.xml,,,,
"9100, Rollin",,Brossard,,,540,1988,286000,483800,769800,2025,Logement,MAMH — Données Québec (rôle d'évaluation foncière),https://donneesouvertes.affmunqc.net/role/RL58007_2026.xml,,,,
"9340, Rollin",,Brossard,,,667.9,2000,321200,915200,1236400,2025,Logement,MAMH — Données Québec (rôle d'évaluation foncière),https://donneesouvertes.affmunqc.net/role/RL58007_2026.xml,,,,
"9090, Rollin",,Brossard,,,540,1989,286000,846700,1132700,2025,Logement,MAMH — Données Québec (rôle d'évaluation foncière),https://donneesouvertes.affmunqc.net/role/RL58007_2026.xml,,,,
"9080, Rollin",,Brossard,,,540,1988,286000,548800,834800,2025,Logement,MAMH — Données Québec (rôle d'évaluation foncière),https://donneesouvertes.affmunqc.net/role/RL58007_2026.xml,,,,
"9070, Rollin",,Brossard,,,540,1989,286000,740000,1026000,2025,Logement,MAMH — Données Québec (rôle d'évaluation foncière),https://donneesouvertes.affmunqc.net/role/RL58007_2026.xml,,,,
"9060, Rollin",,Brossard,,,602,1991,303100,851300,1154400,2025,Logement,MAMH — Données Québec (rôle d'évaluation foncière),https://donneesouvertes.affmunqc.net/role/RL58007_2026.xml,,,,
"9105, Rollin",,Brossard,,,536,2002,284900,516900,801800,2025,Logement,MAMH — Données Québec (rôle d'évaluation foncière),https://donneesouvertes.affmunqc.net/role/RL58007_2026.xml,,,,
"9095, Rollin",,Brossard,,,536.7,2001,285100,513800,798900,2025,Logement,MAMH — Données Québec (rôle d'évaluation foncière),https://donneesouvertes.affmunqc.net/role/RL58007_2026.xml,,,,
"9345, Rollin",,Brossard,,,806.6,1994,359300,863000,1222300,2025,Logement,MAMH — Données Québec (rôle d'évaluation foncière),https://donneesouvertes.affmunqc.net/role/RL58007_2026.xml,,,,
"1745, Prairies",,Brossard,,,476.2,2002,261900,539900,801800,2025,Logement,MAMH — Données Québec (rôle d'évaluation foncière),https://donneesouvertes.affmunqc.net/role/RL58007_2026.xml,,,,
"1755, Prairies",,Brossard,,,428.3,2001,235600,537300,772900,2025,Logement,MAMH — Données Québec (rôle d'évaluation foncière),https://donneesouvertes.affmunqc.net/role/RL58007_2026.xml,,,,
"9355, Rollin",,Brossard,,,584.9,2000,298300,867900,1166200,2025,Logement,MAMH — Données Québec (rôle d'évaluation foncière),https://donneesouvertes.affmunqc.net/role/RL58007_2026.xml,,,,
"1765, Prairies",,Brossard,,,431,2002,237100,540700,777800,2025,Logement,MAMH — Données Québec (rôle d'évaluation foncière),https://donneesouvertes.affmunqc.net/role/RL58007_2026.xml,,,,
"1784, Prairies",,Brossard,,,5250.7,1960,1202700,478900,1681600,2025,Industrie,MAMH — Données Québec (rôle d'évaluation foncière),https://donneesouvertes.affmunqc.net/role/RL58007_2026.xml,,,,
"9365, Rollin",,Brossard,,,540,2000,286000,969200,1255200,2025,Logement,MAMH — Données Québec (rôle d'évaluation foncière),https://donneesouvertes.affmunqc.net/role/RL58007_2026.xml,,,,
"1775, Prairies",,Brossard,,,433.7,2001,238500,521300,759800,2025,Logement,MAMH — Données Québec (rôle d'évaluation foncière),https://donneesouvertes.affmunqc.net/role/RL58007_2026.xml,,,,
"9375, Rollin",,Brossard,,,540,1988,286000,958000,1244000,2025,Logement,MAMH — Données Québec (rôle d'évaluation foncière),https://donneesouvertes.affmunqc.net/role/RL58007_2026.xml,,,,
"1785, Prairies",,Brossard,,,436.8,2002,240200,594400,834600,2025,Logement,MAMH — Données Québec (rôle d'évaluation foncière),https://donneesouvertes.affmunqc.net/role/RL58007_2026.xml,,,,
"1795, Prairies",,Brossard,,,439.3,2002,241600,517900,759500,2025,Logement,MAMH — Données Québec (rôle d'évaluation foncière),https://donneesouvertes.affmunqc.net/role/RL58007_2026.xml,,,,
"9385, Rollin",,Brossard,,,680.9,1994,324700,933800,1258500,2025,Logement,MAMH — Données Québec (rôle d'évaluation foncière),https://donneesouvertes.affmunqc.net/role/RL58007_2026.xml,,,,
"1710, Robert",,Brossard,,,698.9,1973,329700,293700,623400,2025,Logement,MAMH — Données Québec (rôle d'évaluation foncière),https://donneesouvertes.affmunqc.net/role/RL58007_2026.xml,,,,
"1580, Rougemont",,Brossard,,,776.1,1997,350900,946100,1297000,2025,Logement,MAMH — Données Québec (rôle d'évaluation foncière),https://donneesouvertes.affmunqc.net/role/RL58007_2026.xml,,,,
"1730, Robert",,Brossard,,,606.4,2019,304300,1217800,1522100,2025,Logement,MAMH — Données Québec (rôle d'évaluation foncière),https://donneesouvertes.affmunqc.net/role/RL58007_2026.xml,,,,
"1590, Rougemont",,Brossard,,,1025.2,2000,416300,1280400,1696700,2025,Logement,MAMH — Données Québec (rôle d'évaluation foncière),https://donneesouvertes.affmunqc.net/role/RL58007_2026.xml,,,,
"1750, Robert",,Brossard,,,846,2020,370200,1413600,1783800,2025,Logement,MAMH — Données Québec (rôle d'évaluation foncière),https://donneesouvertes.affmunqc.net/role/RL58007_2026.xml,,,,
"1600, Rougemont",,Brossard,,,882.7,2004,380200,1214100,1594300,2025,Logement,MAMH — Données Québec (rôle d'évaluation foncière),https://donneesouvertes.affmunqc.net/role/RL58007_2026.xml,,,,
"9060, Rouyn",,Brossard,,,780.9,1997,352200,847000,1199200,2025,Logement,MAMH — Données Québec (rôle d'évaluation foncière),https://donneesouvertes.affmunqc.net/role/RL58007_2026.xml,,,,
"9070, Rouyn",,Brossard,,,649.9,1993,316200,784100,1100300,2025,Logement,MAMH — Données Québec (rôle d'évaluation foncière),https://donneesouvertes.affmunqc.net/role/RL58007_2026.xml,,,,
"9080, Rouyn",,Brossard,,,647.4,1993,315500,883900,1199400,2025,Logement,MAMH — Données Québec (rôle d'évaluation foncière),https://donneesouvertes.affmunqc.net/role/RL58007_2026.xml,,,,
"1585, Rougemont",,Brossard,,,579.5,1996,296900,924100,1221000,2025,Logement,MAMH — Données Québec (rôle d'évaluation foncière),https://donneesouvertes.affmunqc.net/role/RL58007_2026.xml,,,,
"1675, Rougemont",,Brossard,,,579.5,1992,296900,832300,1129200,2025,Logement,MAMH — Données Québec (rôle d'évaluation foncière),https://donneesouvertes.affmunqc.net/role/RL58007_2026.xml,,,,
"1595, Rougemont",,Brossard,,,734.1,1994,339400,1077300,1416700,2025,Logement,MAMH — Données Québec (rôle d'évaluation foncière),https://donneesouvertes.affmunqc.net/role/RL58007_2026.xml,,,,
"1665, Rougemont",,Brossard,,,648,1997,315700,874900,1190600,2025,Logement,MAMH — Données Québec (rôle d'évaluation foncière),https://donneesouvertes.affmunqc.net/role/RL58007_2026.xml,,,,
"1610, Rougemont",,Brossard,,,724.2,1997,336700,1148000,1484700,2025,Logement,MAMH — Données Québec (rôle d'évaluation foncière),https://donneesouvertes.affmunqc.net/role/RL58007_2026.xml,,,,
"1620, Rougemont",,Brossard,,,620,1995,308000,909500,1217500,2025,Logement,MAMH — Données Québec (rôle d'évaluation foncière),https://donneesouvertes.affmunqc.net/role/RL58007_2026.xml,,,,
"1630, Rougemont",,Brossard,,,722,1997,336100,957100,1293200,2025,Logement,MAMH — Données Québec (rôle d'évaluation foncière),https://donneesouvertes.affmunqc.net/role/RL58007_2026.xml,,,,
"1640, Rougemont",,Brossard,,,674.3,1993,322900,827000,1149900,2025,Logement,MAMH — Données Québec (rôle d'évaluation foncière),https://donneesouvertes.affmunqc.net/role/RL58007_2026.xml,,,,
"9090, Rouyn",,Brossard,,,645,1992,314900,846600,1161500,2025,Logement,MAMH — Données Québec (rôle d'évaluation foncière),https://donneesouvertes.affmunqc.net/role/RL58007_2026.xml,,,,
"1680, Rougemont",,Brossard,,,610,1993,305300,863500,1168800,2025,Logement,MAMH — Données Québec (rôle d'évaluation foncière),https://donneesouvertes.affmunqc.net/role/RL58007_2026.xml,,,,
"8957, San Francisco",,Brossard,,,610,1989,305300,648100,953400,2025,Logement,MAMH — Données Québec (rôle d'évaluation foncière),https://donneesouvertes.affmunqc.net/role/RL58007_2026.xml,,,,
"1670, Rougemont",,Brossard,,,610,1997,305300,718100,1023400,2025,Logement,MAMH — Données Québec (rôle d'évaluation foncière),https://donneesouvertes.affmunqc.net/role/RL58007_2026.xml,,,,
"8953, San Francisco",,Brossard,,,610,1990,305300,915800,1221100,2025,Logement,MAMH — Données Québec (rôle d'évaluation foncière),https://donneesouvertes.affmunqc.net/role/RL58007_2026.xml,,,,
"8989, Rimouski",,Brossard,,,717.7,1990,334900,706000,1040900,2025,Logement,MAMH — Données Québec (rôle d'évaluation foncière),https://donneesouvertes.affmunqc.net/role/RL58007_2026.xml,,,,
"8939, San Francisco",,Brossard,,,671.1,1990,322100,799200,1121300,2025,Logement,MAMH — Données Québec (rôle d'évaluation foncière),https://donneesouvertes.affmunqc.net/role/RL58007_2026.xml,,,,
"1660, Rougemont",,Brossard,,,1013.4,1998,414500,1188000,1602500,2025,Logement,MAMH — Données Québec (rôle d'évaluation foncière),https://donneesouvertes.affmunqc.net/role/RL58007_2026.xml,,,,
"8925, San Francisco",,Brossard,,,722.7,1990,336200,1082400,1418600,2025,Logement,MAMH — Données Québec (rôle d'évaluation foncière),https://donneesouvertes.affmunqc.net/role/RL58007_2026.xml,,,,
"1650, Rougemont",,Brossard,,,913.8,1998,388800,986600,1375400,2025,Logement,MAMH — Données Québec (rôle d'évaluation foncière),https://donneesouvertes.affmunqc.net/role/RL58007_2026.xml,,,,
"8993, Rimouski",,Brossard,,,657.2,1990,318200,827600,1145800,2025,Logement,MAMH — Données Québec (rôle d'évaluation foncière),https://donneesouvertes.affmunqc.net/role/RL58007_2026.xml,,,,
"8997, Rimouski",,Brossard,,,657.2,1995,318200,937600,1255800,2025,Logement,MAMH — Données Québec (rôle d'évaluation foncière),https://donneesouvertes.affmunqc.net/role/RL58007_2026.xml,,,,
"9001, Rimouski",,Brossard,,,657.2,1988,318200,994000,1312200,2025,Logement,MAMH — Données Québec (rôle d'évaluation foncière),https://donneesouvertes.affmunqc.net/role/RL58007_2026.xml,,,,
"9005, Rimouski",,Brossard,,,657.2,1992,318200,1173400,1491600,2025,Logement,MAMH — Données Québec (rôle d'évaluation foncière),https://donneesouvertes.affmunqc.net/role/RL58007_2026.xml,,,,
"9121, Rimouski",,Brossard,,,742.4,1989,341700,756100,1097800,2025,Logement,MAMH — Données Québec (rôle d'évaluation foncière),https://donneesouvertes.affmunqc.net/role/RL58007_2026.xml,,,,
"9009, Rimouski",,Brossard,,,712.2,2005,333400,1395800,1729200,2025,Logement,MAMH — Données Québec (rôle d'évaluation foncière),https://donneesouvertes.affmunqc.net/role/RL58007_2026.xml,,,,
"9037, Rimouski",,Brossard,,,677.5,1989,323800,841400,1165200,2025,Logement,MAMH — Données Québec (rôle d'évaluation foncière),https://donneesouvertes.affmunqc.net/role/RL58007_2026.xml,,,,
"9117, Rimouski",,Brossard,,,655.8,1990,317800,1007700,1325500,2025,Logement,MAMH — Données Québec (rôle d'évaluation foncière),https://donneesouvertes.affmunqc.net/role/RL58007_2026.xml,,,,
"9041, Rimouski",,Brossard,,,625.3,1990,309500,881300,1190800,2025,Logement,MAMH — Données Québec (rôle d'évaluation foncière),https://donneesouvertes.affmunqc.net/role/RL58007_2026.xml,,,,
"9045, Rimouski",,Brossard,,,625.3,1989,309500,826700,1136200,2025,Logement,MAMH — Données Québec (rôle d'évaluation foncière),https://donneesouvertes.affmunqc.net/role/RL58007_2026.xml,,,,
"9113, Rimouski",,Brossard,,,655.8,1989,317800,637800,955600,2025,Logement,MAMH — Données Québec (rôle d'évaluation foncière),https://donneesouvertes.affmunqc.net/role/RL58007_2026.xml,,,,
"8645, Roberval",,Brossard,,,893.3,1999,383200,1080400,1463600,2025,Logement,MAMH — Données Québec (rôle d'évaluation foncière),https://donneesouvertes.affmunqc.net/role/RL58007_2026.xml,,,,
"8639, Roberval",,Brossard,,,512,1995,278300,701500,979800,2025,Logement,MAMH — Données Québec (rôle d'évaluation foncière),https://donneesouvertes.affmunqc.net/role/RL58007_2026.xml,,,,
"9032, Rimouski",,Brossard,,,884.6,1990,380800,916800,1297600,2025,Logement,MAMH — Données Québec (rôle d'évaluation foncière),https://donneesouvertes.affmunqc.net/role/RL58007_2026.xml,,,,
"8649, Roberval",,Brossard,,,920.9,1997,390700,925500,1316200,2025,Logement,MAMH — Données Québec (rôle d'évaluation foncière),https://donneesouvertes.affmunqc.net/role/RL58007_2026.xml,,,,
"9036, Rimouski",,Brossard,,,610,1991,305300,950000,1255300,2025,Logement,MAMH — Données Québec (rôle d'évaluation foncière),https://donneesouvertes.affmunqc.net/role/RL58007_2026.xml,,,,
"8653, Roberval",,Brossard,,,610,1991,305300,897000,1202300,2025,Logement,MAMH — Données Québec (rôle d'évaluation foncière),https://donneesouvertes.affmunqc.net/role/RL58007_2026.xml,,,,
"8654, Roberval",,Brossard,,,676,2000,323400,1329300,1652700,2025,Logement,MAMH — Données Québec (rôle d'évaluation foncière),https://donneesouvertes.affmunqc.net/role/RL58007_2026.xml,,,,
"9040, Rimouski",,Brossard,,,564.3,1989,292700,765300,1058000,2025,Logement,MAMH — Données Québec (rôle d'évaluation foncière),https://donneesouvertes.affmunqc.net/role/RL58007_2026.xml,,,,
"8657, Roberval",,Brossard,,,610,1991,305300,830900,1136200,2025,Logement,MAMH — Données Québec (rôle d'évaluation foncière),https://donneesouvertes.affmunqc.net/role/RL58007_2026.xml,,,,
"8658, Roberval",,Brossard,,,570,2000,294300,1223600,1517900,2025,Logement,MAMH — Données Québec (rôle d'évaluation foncière),https://donneesouvertes.affmunqc.net/role/RL58007_2026.xml,,,,
"9044, Rimouski",,Brossard,,,655.8,1990,317800,820600,1138400,2025,Logement,MAMH — Données Québec (rôle d'évaluation foncière),https://donneesouvertes.affmunqc.net/role/RL58007_2026.xml,,,,
"8661, Roberval",,Brossard,,,610,1990,305300,693300,998600,2025,Logement,MAMH — Données Québec (rôle d'évaluation foncière),https://donneesouvertes.affmunqc.net/role/RL58007_2026.xml,,,,
"8660, Roberval",,Brossard,,,570,1993,294300,709800,1004100,2025,Logement,MAMH — Données Québec (rôle d'évaluation foncière),https://donneesouvertes.affmunqc.net/role/RL58007_2026.xml,,,,
"8635, Roberval",,Brossard,,,484.6,1997,266500,909800,1176300,2025,Logement,MAMH — Données Québec (rôle d'évaluation foncière),https://donneesouvertes.affmunqc.net/role/RL58007_2026.xml,,,,
"8633, Roberval",,Brossard,,,998.6,1990,412100,952000,1364100,2025,Logement,MAMH — Données Québec (rôle d'évaluation foncière),https://donneesouvertes.affmunqc.net/role/RL58007_2026.xml,,,,
"8629, Roberval",,Brossard,,,984.2,1991,408200,1016800,1425000,2025,Logement,MAMH — Données Québec (rôle d'évaluation foncière),https://donneesouvertes.affmunqc.net/role/RL58007_2026.xml,,,,
"8625, Roberval",,Brossard,,,756.5,1990,345500,819000,1164500,2025,Logement,MAMH — Données Québec (rôle d'évaluation foncière),https://donneesouvertes.affmunqc.net/role/RL58007_2026.xml,,,,
"8622, Roberval",,Brossard,,,829.1,1991,365500,1496100,1861600,2025,Logement,MAMH — Données Québec (rôle d'évaluation foncière),https://donneesouvertes.affmunqc.net/role/RL58007_2026.xml,,,,
"8621, Roberval",,Brossard,,,604.5,1995,303700,1112200,1415900,2025,Logement,MAMH — Données Québec (rôle d'évaluation foncière),https://donneesouvertes.affmunqc.net/role/RL58007_2026.xml,,,,
"8617, Roberval",,Brossard,,,604.5,2005,303700,1026400,1330100,2025,Logement,MAMH — Données Québec (rôle d'évaluation foncière),https://donneesouvertes.affmunqc.net/role/RL58007_2026.xml,,,,
"8618, Roberval",,Brossard,,,633,1990,311600,852000,1163600,2025,Logement,MAMH — Données Québec (rôle d'évaluation foncière),https://donneesouvertes.affmunqc.net/role/RL58007_2026.xml,,,,
"8613, Roberval",,Brossard,,,604.5,1989,303700,912800,1216500,2025,Logement,MAMH — Données Québec (rôle d'évaluation foncière),https://donneesouvertes.affmunqc.net/role/RL58007_2026.xml,,,,
"8340, Renard",,Brossard,,,516.4,1981,279500,605500,885000,2025,Logement,MAMH — Données Québec (rôle d'évaluation foncière),https://donneesouvertes.affmunqc.net/role/RL58007_2026.xml,,,,
"8614, Roberval",,Brossard,,,633,1991,311600,886000,1197600,2025,Logement,MAMH — Données Québec (rôle d'évaluation foncière),https://donneesouvertes.affmunqc.net/role/RL58007_2026.xml,,,,
"8280, Racine",,Brossard,,,511,1985,278000,613100,891100,2025,Logement,MAMH — Données Québec (rôle d'évaluation foncière),https://donneesouvertes.affmunqc.net/role/RL58007_2026.xml,,,,
"8285, Renard",,Brossard,,,557.4,1982,290800,643900,934700,2025,Logement,MAMH — Données Québec (rôle d'évaluation foncière),https://donneesouvertes.affmunqc.net/role/RL58007_2026.xml,,,,
"8290, Renard",,Brossard,,,573.6,1981,295200,494900,790100,2025,Logement,MAMH — Données Québec (rôle d'évaluation foncière),https://donneesouvertes.affmunqc.net/role/RL58007_2026.xml,,,,
"8290, Racine",,Brossard,,,529.5,1983,283100,724200,1007300,2025,Logement,MAMH — Données Québec (rôle d'évaluation foncière),https://donneesouvertes.affmunqc.net/role/RL58007_2026.xml,,,,
"8295, Renard",,Brossard,,,483.1,1983,265700,621300,887000,2025,Logement,MAMH — Données Québec (rôle d'évaluation foncière),https://donneesouvertes.affmunqc.net/role/RL58007_2026.xml,,,,
"8300, Renard",,Brossard,,,511.9,1981,278300,672100,950400,2025,Logement,MAMH — Données Québec (rôle d'évaluation foncière),https://donneesouvertes.affmunqc.net/role/RL58007_2026.xml,,,,
"8300, Racine",,Brossard,,,529.5,1981,283100,494300,777400,2025,Logement,MAMH — Données Québec (rôle d'évaluation foncière),https://donneesouvertes.affmunqc.net/role/RL58007_2026.xml,,,,
"8305, Renard",,Brossard,,,538.8,1983,285700,584200,869900,2025,Logement,MAMH — Données Québec (rôle d'évaluation foncière),https://donneesouvertes.affmunqc.net/role/RL58007_2026.xml,,,,
"8310, Renard",,Brossard,,,495.6,1981,272600,521600,794200,2025,Logement,MAMH — Données Québec (rôle d'évaluation foncière),https://donneesouvertes.affmunqc.net/role/RL58007_2026.xml,,,,
"8310, Racine",,Brossard,,,650.3,1981,316300,554400,870700,2025,Logement,MAMH — Données Québec (rôle d'évaluation foncière),https://donneesouvertes.affmunqc.net/role/RL58007_2026.xml,,,,
"8315, Renard",,Brossard,,,678.2,1983,324000,707000,1031000,2025,Logement,MAMH — Données Québec (rôle d'évaluation foncière),https://donneesouvertes.affmunqc.net/role/RL58007_2026.xml,,,,
"8320, Renard",,Brossard,,,496.7,1981,273200,480500,753700,2025,Logement,MAMH — Données Québec (rôle d'évaluation foncière),https://donneesouvertes.affmunqc.net/role/RL58007_2026.xml,,,,
"8320, Racine",,Brossard,,,529.5,1983,283100,646400,929500,2025,Logement,MAMH — Données Québec (rôle d'évaluation foncière),https://donneesouvertes.affmunqc.net/role/RL58007_2026.xml,,,,
"8330, Renard",,Brossard,,,532.7,1981,284000,618900,902900,2025,Logement,MAMH — Données Québec (rôle d'évaluation foncière),https://donneesouvertes.affmunqc.net/role/RL58007_2026.xml,,,,
"8325, Renard",,Brossard,,,678,1981,324000,755300,1079300,2025,Logement,MAMH — Données Québec (rôle d'évaluation foncière),https://donneesouvertes.affmunqc.net/role/RL58007_2026.xml,,,,
"8330, Racine",,Brossard,,,511,1985,278000,476200,754200,2025,Logement,MAMH — Données Québec (rôle d'évaluation foncière),https://donneesouvertes.affmunqc.net/role/RL58007_2026.xml,,,,
"9085, Rollin",,Brossard,,,537.4,2001,285300,568300,853600,2025,Logement,MAMH — Données Québec (rôle d'évaluation foncière),https://donneesouvertes.affmunqc.net/role/RL58007_2026.xml,,,,
"9075, Rollin",,Brossard,,,538.1,2000,285500,520300,805800,2025,Logement,MAMH — Données Québec (rôle d'évaluation foncière),https://donneesouvertes.affmunqc.net/role/RL58007_2026.xml,,,,
"9065, Rollin",,Brossard,,,538.7,1993,285600,524500,810100,2025,Logement,MAMH — Données Québec (rôle d'évaluation foncière),https://donneesouvertes.affmunqc.net/role/RL58007_2026.xml,,,,
"9055, Rollin",,Brossard,,,539.4,1993,285800,420900,706700,2025,Logement,MAMH — Données Québec (rôle d'évaluation foncière),https://donneesouvertes.affmunqc.net/role/RL58007_2026.xml,,,,
"9045, Rollin",,Brossard,,,540.1,1993,286000,406400,692400,2025,Logement,MAMH — Données Québec (rôle d'évaluation foncière),https://donneesouvertes.affmunqc.net/role/RL58007_2026.xml,,,,
"9035, Rollin",,Brossard,,,540.8,1992,286200,511000,797200,2025,Logement,MAMH — Données Québec (rôle d'évaluation foncière),https://donneesouvertes.affmunqc.net/role/RL58007_2026.xml,,,,
"9200, Taschereau",,Brossard,,,7184.3,,2131000,5207500,7338500,2025,Immeuble à bureaux,MAMH — Données Québec (rôle d'évaluation foncière),https://donneesouvertes.affmunqc.net/role/RL58007_2026.xml,,,,
"1805, Prairies",,Brossard,,,453,2001,249200,588900,838100,2025,Logement,MAMH — Données Québec (rôle d'évaluation foncière),https://donneesouvertes.affmunqc.net/role/RL58007_2026.xml,,,,
"1810, Prairies",,Brossard,,,628,2002,310200,648600,958800,2025,Logement,MAMH — Données Québec (rôle d'évaluation foncière),https://donneesouvertes.affmunqc.net/role/RL58007_2026.xml,,,,
"1820, Prairies",,Brossard,,,515,2000,279100,846400,1125500,2025,Logement,MAMH — Données Québec (rôle d'évaluation foncière),https://donneesouvertes.affmunqc.net/role/RL58007_2026.xml,,,,
"9025, Rollin",,Brossard,,,576.5,1992,296000,473200,769200,2025,Logement,MAMH — Données Québec (rôle d'évaluation foncière),https://donneesouvertes.affmunqc.net/role/RL58007_2026.xml,,,,
"1830, Prairies",,Brossard,,,515.5,2000,279300,753400,1032700,2025,Logement,MAMH — Données Québec (rôle d'évaluation foncière),https://donneesouvertes.affmunqc.net/role/RL58007_2026.xml,,,,
"9015, Rollin",,Brossard,,,652.7,2002,317000,525300,842300,2025,Logement,MAMH — Données Québec (rôle d'évaluation foncière),https://donneesouvertes.affmunqc.net/role/RL58007_2026.xml,,,,
"9005, Rollin",,Brossard,,,837.1,2001,367700,584300,952000,2025,Logement,MAMH — Données Québec (rôle d'évaluation foncière),https://donneesouvertes.affmunqc.net/role/RL58007_2026.xml,,,,
"8980, Rouyn",,Brossard,,,528.9,1994,282900,794300,1077200,2025,Logement,MAMH — Données Québec (rôle d'évaluation foncière),https://donneesouvertes.affmunqc.net/role/RL58007_2026.xml,,,,
"1840, Prairies",,Brossard,,,518.3,2003,280000,1037900,1317900,2025,Logement,MAMH — Données Québec (rôle d'évaluation foncière),https://donneesouvertes.affmunqc.net/role/RL58007_2026.xml,,,,
"8970, Rouyn",,Brossard,,,705,1999,331400,933400,1264800,2025,Logement,MAMH — Données Québec (rôle d'évaluation foncière),https://donneesouvertes.affmunqc.net/role/RL58007_2026.xml,,,,
"1850, Prairies",,Brossard,,,594.4,2004,301000,886500,1187500,2025,Logement,MAMH — Données Québec (rôle d'évaluation foncière),https://donneesouvertes.affmunqc.net/role/RL58007_2026.xml,,,,
"8990, Rodier",,Brossard,,,549.8,1994,250300,634900,885200,2025,Logement,MAMH — Données Québec (rôle d'évaluation foncière),https://donneesouvertes.affmunqc.net/role/RL58007_2026.xml,,,,
"9065, Rouyn",,Brossard,,,640.5,2023,313600,1280600,1594200,2025,Logement,MAMH — Données Québec (rôle d'évaluation foncière),https://donneesouvertes.affmunqc.net/role/RL58007_2026.xml,,,,
"9000, Rouyn",,Brossard,,,605.9,1999,304100,1185700,1489800,2025,Logement,MAMH — Données Québec (rôle d'évaluation foncière),https://donneesouvertes.affmunqc.net/role/RL58007_2026.xml,,,,
"9075, Rouyn",,Brossard,,,540.8,2023,286200,1007500,1293700,2025,Logement,MAMH — Données Québec (rôle d'évaluation foncière),https://donneesouvertes.affmunqc.net/role/RL58007_2026.xml,,,,
"9085, Rouyn",,Brossard,,,648.6,2001,315900,994300,1310200,2025,Logement,MAMH — Données Québec (rôle d'évaluation foncière),https://donneesouvertes.affmunqc.net/role/RL58007_2026.xml,,,,
"8990, Rouyn",,Brossard,,,486.7,1994,267700,717900,985600,2025,Logement,MAMH — Données Québec (rôle d'évaluation foncière),https://donneesouvertes.affmunqc.net/role/RL58007_2026.xml,,,,
"9095, Rouyn",,Brossard,,,669.3,1992,321600,756800,1078400,2025,Logement,MAMH — Données Québec (rôle d'évaluation foncière),https://donneesouvertes.affmunqc.net/role/RL58007_2026.xml,,,,
"8945, Rouyn",,Brossard,,,768.9,1998,348900,847400,1196300,2025,Logement,MAMH — Données Québec (rôle d'évaluation foncière),https://donneesouvertes.affmunqc.net/role/RL58007_2026.xml,,,,
"8935, Rouyn",,Brossard,,,747.4,1994,343000,876400,1219400,2025,Logement,MAMH — Données Québec (rôle d'évaluation foncière),https://donneesouvertes.affmunqc.net/role/RL58007_2026.xml,,,,
"8925, Rouyn",,Brossard,,,586.2,2009,298700,991500,1290200,2025,Logement,MAMH — Données Québec (rôle d'évaluation foncière),https://donneesouvertes.affmunqc.net/role/RL58007_2026.xml,,,,
"8915, Rouyn",,Brossard,,,659.3,1992,318800,639300,958100,2025,Logement,MAMH — Données Québec (rôle d'évaluation foncière),https://donneesouvertes.affmunqc.net/role/RL58007_2026.xml,,,,
"8960, Rouyn",,Brossard,,,719.5,2000,335400,906500,1241900,2025,Logement,MAMH — Données Québec (rôle d'évaluation foncière),https://donneesouvertes.affmunqc.net/role/RL58007_2026.xml,,,,
"8950, Rouyn",,Brossard,,,653.2,1998,317100,888800,1205900,2025,Logement,MAMH — Données Québec (rôle d'évaluation foncière),https://donneesouvertes.affmunqc.net/role/RL58007_2026.xml,,,,
"9100, Rouyn",,Brossard,,,642.5,1991,314200,896600,1210800,2025,Logement,MAMH — Données Québec (rôle d'évaluation foncière),https://donneesouvertes.affmunqc.net/role/RL58007_2026.xml,,,,
"9110, Rouyn",,Brossard,,,639.3,1992,313300,715700,1029000,2025,Logement,MAMH — Données Québec (rôle d'évaluation foncière),https://donneesouvertes.affmunqc.net/role/RL58007_2026.xml,,,,
"9130, Rouyn",,Brossard,,,637.2,1992,312700,862500,1175200,2025,Logement,MAMH — Données Québec (rôle d'évaluation foncière),https://donneesouvertes.affmunqc.net/role/RL58007_2026.xml,,,,
"9120, Rouyn",,Brossard,,,613.1,1991,306100,655900,962000,2025,Logement,MAMH — Données Québec (rôle d'évaluation foncière),https://donneesouvertes.affmunqc.net/role/RL58007_2026.xml,,,,
"9105, Rouyn",,Brossard,,,716.2,1994,334500,826000,1160500,2025,Logement,MAMH — Données Québec (rôle d'évaluation foncière),https://donneesouvertes.affmunqc.net/role/RL58007_2026.xml,,,,
"9155, Rouyn",,Brossard,,,779.2,1995,351800,977600,1329400,2025,Logement,MAMH — Données Québec (rôle d'évaluation foncière),https://donneesouvertes.affmunqc.net/role/RL58007_2026.xml,,,,
"9115, Rouyn",,Brossard,,,680.5,1994,324600,977900,1302500,2025,Logement,MAMH — Données Québec (rôle d'évaluation foncière),https://donneesouvertes.affmunqc.net/role/RL58007_2026.xml,,,,
"9125, Rouyn",,Brossard,,,714.4,1993,334000,789900,1123900,2025,Logement,MAMH — Données Québec (rôle d'évaluation foncière),https://donneesouvertes.affmunqc.net/role/RL58007_2026.xml,,,,
"9165, Rouyn",,Brossard,,,586.4,1991,298800,762900,1061700,2025,Logement,MAMH — Données Québec (rôle d'évaluation foncière),https://donneesouvertes.affmunqc.net/role/RL58007_2026.xml,,,,
"8895, Rouyn",,Brossard,,,802.7,1993,358200,826200,1184400,2025,Logement,MAMH — Données Québec (rôle d'évaluation foncière),https://donneesouvertes.affmunqc.net/role/RL58007_2026.xml,,,,
"8905, Rouyn",,Brossard,,,880.4,1994,379600,1021600,1401200,2025,Logement,MAMH — Données Québec (rôle d'évaluation foncière),https://donneesouvertes.affmunqc.net/role/RL58007_2026.xml,,,,
"9175, Rouyn",,Brossard,,,585.3,1991,298500,807500,1106000,2025,Logement,MAMH — Données Québec (rôle d'évaluation foncière),https://donneesouvertes.affmunqc.net/role/RL58007_2026.xml,,,,
"8911, San Francisco",,Brossard,,,653.6,1991,317200,938200,1255400,2025,Logement,MAMH — Données Québec (rôle d'évaluation foncière),https://donneesouvertes.affmunqc.net/role/RL58007_2026.xml,,,,
"9140, Rouyn",,Brossard,,,800.9,1994,357700,810400,1168100,2025,Logement,MAMH — Données Québec (rôle d'évaluation foncière),https://donneesouvertes.affmunqc.net/role/RL58007_2026.xml,,,,
"9150, Rouyn",,Brossard,,,788.3,1993,354300,907900,1262200,2025,Logement,MAMH — Données Québec (rôle d'évaluation foncière),https://donneesouvertes.affmunqc.net/role/RL58007_2026.xml,,,,
"8897, San Francisco",,Brossard,,,653,1992,317100,779000,1096100,2025,Logement,MAMH — Données Québec (rôle d'évaluation foncière),https://donneesouvertes.affmunqc.net/role/RL58007_2026.xml,,,,
"9160, Rouyn",,Brossard,,,650,1993,316300,842800,1159100,2025,Logement,MAMH — Données Québec (rôle d'évaluation foncière),https://donneesouvertes.affmunqc.net/role/RL58007_2026.xml,,,,
"8883, San Francisco",,Brossard,,,649.5,2018,316100,1421600,1737700,2025,Logement,MAMH — Données Québec (rôle d'évaluation foncière),https://donneesouvertes.affmunqc.net/role/RL58007_2026.xml,,,,
"9170, Rouyn",,Brossard,,,648.1,1992,315700,905300,1221000,2025,Logement,MAMH — Données Québec (rôle d'évaluation foncière),https://donneesouvertes.affmunqc.net/role/RL58007_2026.xml,,,,
"8869, San Francisco",,Brossard,,,641.4,1990,313900,700800,1014700,2025,Logement,MAMH — Données Québec (rôle d'évaluation foncière),https://donneesouvertes.affmunqc.net/role/RL58007_2026.xml,,,,
"9180, Rouyn",,Brossard,,,648.1,1992,315700,827000,1142700,2025,Logement,MAMH — Données Québec (rôle d'évaluation foncière),https://donneesouvertes.affmunqc.net/role/RL58007_2026.xml,,,,
"8855, San Francisco",,Brossard,,,716.1,1990,334400,830500,1164900,2025,Logement,MAMH — Données Québec (rôle d'évaluation foncière),https://donneesouvertes.affmunqc.net/role/RL58007_2026.xml,,,,
"9100, Rimouski",,Brossard,,,17495.6,,3198200,,3198200,2025,Institutionnel,MAMH — Données Québec (rôle d'évaluation foncière),https://donneesouvertes.affmunqc.net/role/RL58007_2026.xml,,,,
"9049, Rimouski",,Brossard,,,625.3,1989,309500,822000,1131500,2025,Logement,MAMH — Données Québec (rôle d'évaluation foncière),https://donneesouvertes.affmunqc.net/role/RL58007_2026.xml,,,,
"9109, Rimouski",,Brossard,,,655.8,1990,317800,1033800,1351600,2025,Logement,MAMH — Données Québec (rôle d'évaluation foncière),https://donneesouvertes.affmunqc.net/role/RL58007_2026.xml,,,,
"9053, Rimouski",,Brossard,,,625.3,1989,309500,854500,1164000,2025,Logement,MAMH — Données Québec (rôle d'évaluation foncière),https://donneesouvertes.affmunqc.net/role/RL58007_2026.xml,,,,
"9105, Rimouski",,Brossard,,,655.8,1989,317800,893100,1210900,2025,Logement,MAMH — Données Québec (rôle d'évaluation foncière),https://donneesouvertes.affmunqc.net/role/RL58007_2026.xml,,,,
"9057, Rimouski",,Brossard,,,625.3,1990,309500,944900,1254400,2025,Logement,MAMH — Données Québec (rôle d'évaluation foncière),https://donneesouvertes.affmunqc.net/role/RL58007_2026.xml,,,,
"9101, Rimouski",,Brossard,,,655.8,1989,317800,770300,1088100,2025,Logement,MAMH — Données Québec (rôle d'évaluation foncière),https://donneesouvertes.affmunqc.net/role/RL58007_2026.xml,,,,
"9061, Rimouski",,Brossard,,,625.3,1989,309500,961800,1271300,2025,Logement,MAMH — Données Québec (rôle d'évaluation foncière),https://donneesouvertes.affmunqc.net/role/RL58007_2026.xml,,,,
"9097, Rimouski",,Brossard,,,807,1989,359400,770100,1129500,2025,Logement,MAMH — Données Québec (rôle d'évaluation foncière),https://donneesouvertes.affmunqc.net/role/RL58007_2026.xml,,,,
"9065, Rimouski",,Brossard,,,714.3,1990,333900,904200,1238100,2025,Logement,MAMH — Données Québec (rôle d'évaluation foncière),https://donneesouvertes.affmunqc.net/role/RL58007_2026.xml,,,,
"9048, Rimouski",,Brossard,,,610,1990,305300,904400,1209700,2025,Logement,MAMH — Données Québec (rôle d'évaluation foncière),https://donneesouvertes.affmunqc.net/role/RL58007_2026.xml,,,,
"8665, Roberval",,Brossard,,,610,1994,305300,936500,1241800,2025,Logement,MAMH — Données Québec (rôle d'évaluation foncière),https://donneesouvertes.affmunqc.net/role/RL58007_2026.xml,,,,
"8662, Roberval",,Brossard,,,570,1993,294300,889800,1184100,2025,Logement,MAMH — Données Québec (rôle d'évaluation foncière),https://donneesouvertes.affmunqc.net/role/RL58007_2026.xml,,,,
"9052, Rimouski",,Brossard,,,610,1999,305300,965400,1270700,2025,Logement,MAMH — Données Québec (rôle d'évaluation foncière),https://donneesouvertes.affmunqc.net/role/RL58007_2026.xml,,,,
"8669, Roberval",,Brossard,,,610,1991,305300,668700,974000,2025,Logement,MAMH — Données Québec (rôle d'évaluation foncière),https://donneesouvertes.affmunqc.net/role/RL58007_2026.xml,,,,
"8668, Roberval",,Brossard,,,570,1993,294300,868400,1162700,2025,Logement,MAMH — Données Québec (rôle d'évaluation foncière),https://donneesouvertes.affmunqc.net/role/RL58007_2026.xml,,,,
"9056, Rimouski",,Brossard,,,610,1991,305300,901800,1207100,2025,Logement,MAMH — Données Québec (rôle d'évaluation foncière),https://donneesouvertes.affmunqc.net/role/RL58007_2026.xml,,,,
"8672, Roberval",,Brossard,,,570,1991,294300,814400,1108700,2025,Logement,MAMH — Données Québec (rôle d'évaluation foncière),https://donneesouvertes.affmunqc.net/role/RL58007_2026.xml,,,,
"8673, Roberval",,Brossard,,,610,1991,305300,874600,1179900,2025,Logement,MAMH — Données Québec (rôle d'évaluation foncière),https://donneesouvertes.affmunqc.net/role/RL58007_2026.xml,,,,
"9060, Rimouski",,Brossard,,,610,1992,305300,854000,1159300,2025,Logement,MAMH — Données Québec (rôle d'évaluation foncière),https://donneesouvertes.affmunqc.net/role/RL58007_2026.xml,,,,
"8676, Roberval",,Brossard,,,570,1993,294300,877000,1171300,2025,Logement,MAMH — Données Québec (rôle d'évaluation foncière),https://donneesouvertes.affmunqc.net/role/RL58007_2026.xml,,,,
"8677, Roberval",,Brossard,,,594.8,1991,301100,876100,1177200,2025,Logement,MAMH — Données Québec (rôle d'évaluation foncière),https://donneesouvertes.affmunqc.net/role/RL58007_2026.xml,,,,
"8680, Roberval",,Brossard,,,570,1991,294300,1047900,1342200,2025,Logement,MAMH — Données Québec (rôle d'évaluation foncière),https://donneesouvertes.affmunqc.net/role/RL58007_2026.xml,,,,
"9064, Rimouski",,Brossard,,,610,1989,305300,830700,1136000,2025,Logement,MAMH — Données Québec (rôle d'évaluation foncière),https://donneesouvertes.affmunqc.net/role/RL58007_2026.xml,,,,
"8681, Roberval",,Brossard,,,594.8,1993,301100,915200,1216300,2025,Logement,MAMH — Données Québec (rôle d'évaluation foncière),https://donneesouvertes.affmunqc.net/role/RL58007_2026.xml,,,,
"8350, Renard",,Brossard,,,499.9,1981,274900,542900,817800,2025,Logement,MAMH — Données Québec (rôle d'évaluation foncière),https://donneesouvertes.affmunqc.net/role/RL58007_2026.xml,,,,
"8609, Roberval",,Brossard,,,604.5,1989,303700,825800,1129500,2025,Logement,MAMH — Données Québec (rôle d'évaluation foncière),https://donneesouvertes.affmunqc.net/role/RL58007_2026.xml,,,,
"8606, Roberval",,Brossard,,,633,1989,311600,1088000,1399600,2025,Logement,MAMH — Données Québec (rôle d'évaluation foncière),https://donneesouvertes.affmunqc.net/role/RL58007_2026.xml,,,,
"8360, Renard",,Brossard,,,536.1,1983,284900,634100,919000,2025,Logement,MAMH — Données Québec (rôle d'évaluation foncière),https://donneesouvertes.affmunqc.net/role/RL58007_2026.xml,,,,
"8605, Roberval",,Brossard,,,604.5,1992,303700,981300,1285000,2025,Logement,MAMH — Données Québec (rôle d'évaluation foncière),https://donneesouvertes.affmunqc.net/role/RL58007_2026.xml,,,,
"8602, Roberval",,Brossard,,,633,1989,311600,905800,1217400,2025,Logement,MAMH — Données Québec (rôle d'évaluation foncière),https://donneesouvertes.affmunqc.net/role/RL58007_2026.xml,,,,
"8370, Renard",,Brossard,,,519.7,1984,280400,642700,923100,2025,Logement,MAMH — Données Québec (rôle d'évaluation foncière),https://donneesouvertes.affmunqc.net/role/RL58007_2026.xml,,,,
"8601, Roberval",,Brossard,,,604.5,1990,303700,844200,1147900,2025,Logement,MAMH — Données Québec (rôle d'évaluation foncière),https://donneesouvertes.affmunqc.net/role/RL58007_2026.xml,,,,
"8598, Roberval",,Brossard,,,633,1990,311600,867500,1179100,2025,Logement,MAMH — Données Québec (rôle d'évaluation foncière),https://donneesouvertes.affmunqc.net/role/RL58007_2026.xml,,,,
"8380, Renard",,Brossard,,,520.8,1981,280700,473300,754000,2025,Logement,MAMH — Données Québec (rôle d'évaluation foncière),https://donneesouvertes.affmunqc.net/role/RL58007_2026.xml,,,,
"8597, Roberval",,Brossard,,,604.5,1989,303700,852700,1156400,2025,Logement,MAMH — Données Québec (rôle d'évaluation foncière),https://donneesouvertes.affmunqc.net/role/RL58007_2026.xml,,,,
"8594, Roberval",,Brossard,,,633,1991,311600,1200400,1512000,2025,Logement,MAMH — Données Québec (rôle d'évaluation foncière),https://donneesouvertes.affmunqc.net/role/RL58007_2026.xml,,,,
"8390, Renard",,Brossard,,,539.6,1981,285900,607000,892900,2025,Logement,MAMH — Données Québec (rôle d'évaluation foncière),https://donneesouvertes.affmunqc.net/role/RL58007_2026.xml,,,,
"8593, Roberval",,Brossard,,,604.5,1992,303700,992000,1295700,2025,Logement,MAMH — Données Québec (rôle d'évaluation foncière),https://donneesouvertes.affmunqc.net/role/RL58007_2026.xml,,,,
"8345, Renard",,Brossard,,,678.2,1982,324000,543000,867000,2025,Logement,MAMH — Données Québec (rôle d'évaluation foncière),https://donneesouvertes.affmunqc.net/role/RL58007_2026.xml,,,,
"8340, Racine",,Brossard,,,529.5,1983,283100,738500,1021600,2025,Logement,MAMH — Données Québec (rôle d'évaluation foncière),https://donneesouvertes.affmunqc.net/role/RL58007_2026.xml,,,,
"8355, Renard",,Brossard,,,557.4,1984,290800,581600,872400,2025,Logement,MAMH — Données Québec (rôle d'évaluation foncière),https://donneesouvertes.affmunqc.net/role/RL58007_2026.xml,,,,
"8350, Racine",,Brossard,,,529.5,1984,283100,559100,842200,2025,Logement,MAMH — Données Québec (rôle d'évaluation foncière),https://donneesouvertes.affmunqc.net/role/RL58007_2026.xml,,,,
"8365, Renard",,Brossard,,,511,1981,278000,423500,701500,2025,Logement,MAMH — Données Québec (rôle d'évaluation foncière),https://donneesouvertes.affmunqc.net/role/RL58007_2026.xml,,,,
"8360, Racine",,Brossard,,,750.7,1981,343900,613000,956900,2025,Logement,MAMH — Données Québec (rôle d'évaluation foncière),https://donneesouvertes.affmunqc.net/role/RL58007_2026.xml,,,,
"8375, Renard",,Brossard,,,511,1981,278000,606300,884300,2025,Logement,MAMH — Données Québec (rôle d'évaluation foncière),https://donneesouvertes.affmunqc.net/role/RL58007_2026.xml,,,,
"8370, Racine",,Brossard,,,942,1981,396600,621200,1017800,2025,Logement,MAMH — Données Québec (rôle d'évaluation foncière),https://donneesouvertes.affmunqc.net/role/RL58007_2026.xml,,,,
"8385, Renard",,Brossard,,,529.5,1981,283100,570700,853800,2025,Logement,MAMH — Données Québec (rôle d'évaluation foncière),https://donneesouvertes.affmunqc.net/role/RL58007_2026.xml,,,,
"8380, Racine",,Brossard,,,696.8,1985,329100,633200,962300,2025,Logement,MAMH — Données Québec (rôle d'évaluation foncière),https://donneesouvertes.affmunqc.net/role/RL58007_2026.xml,,,,
"8395, Renard",,Brossard,,,520.3,1981,280600,499700,780300,2025,Logement,MAMH — Données Québec (rôle d'évaluation foncière),https://donneesouvertes.affmunqc.net/role/RL58007_2026.xml,,,,
"9100, Taschereau",,Brossard,,,7185.2,1997,2131200,2383300,4514500,2025,Immeuble à bureaux,MAMH — Données Québec (rôle d'évaluation foncière),https://donneesouvertes.affmunqc.net/role/RL58007_2026.xml,,,,
"8970, Rodier",,Brossard,,,383.2,1955,210800,194700,405500,2025,Logement,MAMH — Données Québec (rôle d'évaluation foncière),https://donneesouvertes.affmunqc.net/role/RL58007_2026.xml,,,,
"9000, Taschereau",,Brossard,,,3237.5,1983,971300,1482200,2453500,2025,Immeuble à bureaux,MAMH — Données Québec (rôle d'évaluation foncière),https://donneesouvertes.affmunqc.net/role/RL58007_2026.xml,,,,
"8940, Rouyn",,Brossard,,,561,1993,291800,792600,1084400,2025,Logement,MAMH — Données Québec (rôle d'évaluation foncière),https://donneesouvertes.affmunqc.net/role/RL58007_2026.xml,,,,
"8930, Rouyn",,Brossard,,,561,1993,291800,855900,1147700,2025,Logement,MAMH — Données Québec (rôle d'évaluation foncière),https://donneesouvertes.affmunqc.net/role/RL58007_2026.xml,,,,
"8920, Rouyn",,Brossard,,,561,1993,291800,840500,1132300,2025,Logement,MAMH — Données Québec (rôle d'évaluation foncière),https://donneesouvertes.affmunqc.net/role/RL58007_2026.xml,,,,
"8960, Rodier",,Brossard,,,348.4,1955,191600,846800,1038400,2025,Logement,MAMH — Données Québec (rôle d'évaluation foncière),https://donneesouvertes.affmunqc.net/role/RL58007_2026.xml,,,,
"8950, Rodier",,Brossard,,,348.4,1955,191600,193200,384800,2025,Logement,MAMH — Données Québec (rôle d'évaluation foncière),https://donneesouvertes.affmunqc.net/role/RL58007_2026.xml,,,,
"8910, Rouyn",,Brossard,,,561,1995,291800,730700,1022500,2025,Logement,MAMH — Données Québec (rôle d'évaluation foncière),https://donneesouvertes.affmunqc.net/role/RL58007_2026.xml,,,,
"8940, Rodier",,Brossard,,,348.4,1955,191600,181300,372900,2025,Logement,MAMH — Données Québec (rôle d'évaluation foncière),https://donneesouvertes.affmunqc.net/role/RL58007_2026.xml,,,,
"8930, Rodier",,Brossard,,,348.4,1955,191600,265200,456800,2025,Logement,MAMH — Données Québec (rôle d'évaluation foncière),https://donneesouvertes.affmunqc.net/role/RL58007_2026.xml,,,,
"8920, Rodier",,Brossard,,,348.4,1998,191600,490900,682500,2025,Logement,MAMH — Données Québec (rôle d'évaluation foncière),https://donneesouvertes.affmunqc.net/role/RL58007_2026.xml,,,,
"8910, Rodier",,Brossard,,,348.4,2014,191600,713900,905500,2025,Logement,MAMH — Données Québec (rôle d'évaluation foncière),https://donneesouvertes.affmunqc.net/role/RL58007_2026.xml,,,,
"8900, Rodier",,Brossard,,,348.4,2015,191600,793200,984800,2025,Logement,MAMH — Données Québec (rôle d'évaluation foncière),https://donneesouvertes.affmunqc.net/role/RL58007_2026.xml,,,,
"8900, Taschereau",,Brossard,,,6366,2009,1909800,6025600,7935400,2025,Immeuble à bureaux,MAMH — Données Québec (rôle d'évaluation foncière),https://donneesouvertes.affmunqc.net/role/RL58007_2026.xml,,,,
"8875, Rouyn",,Brossard,,,1819.2,1997,534600,1465000,1999600,2025,Logement,MAMH — Données Québec (rôle d'évaluation foncière),https://donneesouvertes.affmunqc.net/role/RL58007_2026.xml,,,,
"8900, Rouyn",,Brossard,,,561,1993,291800,737000,1028800,2025,Logement,MAMH — Données Québec (rôle d'évaluation foncière),https://donneesouvertes.affmunqc.net/role/RL58007_2026.xml,,,,
"8890, Rouyn",,Brossard,,,561,1993,291800,596900,888700,2025,Logement,MAMH — Données Québec (rôle d'évaluation foncière),https://donneesouvertes.affmunqc.net/role/RL58007_2026.xml,,,,
"8880, Rouyn",,Brossard,,,561,1993,291800,726800,1018600,2025,Logement,MAMH — Données Québec (rôle d'évaluation foncière),https://donneesouvertes.affmunqc.net/role/RL58007_2026.xml,,,,
"8870, Rouyn",,Brossard,,,594,1993,300900,843900,1144800,2025,Logement,MAMH — Données Québec (rôle d'évaluation foncière),https://donneesouvertes.affmunqc.net/role/RL58007_2026.xml,,,,
"8860, Rouyn",,Brossard,,,623.1,1993,308900,861600,1170500,2025,Logement,MAMH — Données Québec (rôle d'évaluation foncière),https://donneesouvertes.affmunqc.net/role/RL58007_2026.xml,,,,
"8890, Rodier",,Brossard,,,522.6,1974,244900,401000,645900,2025,Logement,MAMH — Données Québec (rôle d'évaluation foncière),https://donneesouvertes.affmunqc.net/role/RL58007_2026.xml,,,,
"8850, Rouyn",,Brossard,,,747.3,1998,343000,837400,1180400,2025,Logement,MAMH — Données Québec (rôle d'évaluation foncière),https://donneesouvertes.affmunqc.net/role/RL58007_2026.xml,,,,
"8878, Rodier",,Brossard,,,348.4,2021,191600,957500,1149100,2025,Logement,MAMH — Données Québec (rôle d'évaluation foncière),https://donneesouvertes.affmunqc.net/role/RL58007_2026.xml,,,,
"8868, Rodier",,Brossard,,,425,2023,233800,1020200,1254000,2025,Logement,MAMH — Données Québec (rôle d'évaluation foncière),https://donneesouvertes.affmunqc.net/role/RL58007_2026.xml,,,,
"9190, Rouyn",,Brossard,,,693.5,1993,328200,802500,1130700,2025,Logement,MAMH — Données Québec (rôle d'évaluation foncière),https://donneesouvertes.affmunqc.net/role/RL58007_2026.xml,,,,
"9185, Rouyn",,Brossard,,,609.2,1991,305000,631900,936900,2025,Logement,MAMH — Données Québec (rôle d'évaluation foncière),https://donneesouvertes.affmunqc.net/role/RL58007_2026.xml,,,,
"9195, Rouyn",,Brossard,,,744.9,1994,342300,740600,1082900,2025,Logement,MAMH — Données Québec (rôle d'évaluation foncière),https://donneesouvertes.affmunqc.net/role/RL58007_2026.xml,,,,
"8800, Rouyn",,Brossard,,,582,1992,297600,780800,1078400,2025,Logement,MAMH — Données Québec (rôle d'évaluation foncière),https://donneesouvertes.affmunqc.net/role/RL58007_2026.xml,,,,
"8810, Rouyn",,Brossard,,,617.5,1994,307300,613700,921000,2025,Logement,MAMH — Données Québec (rôle d'évaluation foncière),https://donneesouvertes.affmunqc.net/role/RL58007_2026.xml,,,,
"8820, Rouyn",,Brossard,,,727,1996,337400,814100,1151500,2025,Logement,MAMH — Données Québec (rôle d'évaluation foncière),https://donneesouvertes.affmunqc.net/role/RL58007_2026.xml,,,,
"8830, Rouyn",,Brossard,,,1013.7,2000,414500,1014700,1429200,2025,Logement,MAMH — Données Québec (rôle d'évaluation foncière),https://donneesouvertes.affmunqc.net/role/RL58007_2026.xml,,,,
"8840, Rouyn",,Brossard,,,926.1,1998,392200,832900,1225100,2025,Logement,MAMH — Données Québec (rôle d'évaluation foncière),https://donneesouvertes.affmunqc.net/role/RL58007_2026.xml,,,,
"8841, San Francisco",,Brossard,,,820.9,1991,363200,930100,1293300,2025,Logement,MAMH — Données Québec (rôle d'évaluation foncière),https://donneesouvertes.affmunqc.net/role/RL58007_2026.xml,,,,
"8790, San Francisco",,Brossard,,,639,1989,313200,764700,1077900,2025,Logement,MAMH — Données Québec (rôle d'évaluation foncière),https://donneesouvertes.affmunqc.net/role/RL58007_2026.xml,,,,
"8827, San Francisco",,Brossard,,,799.3,1993,357300,916100,1273400,2025,Logement,MAMH — Données Québec (rôle d'évaluation foncière),https://donneesouvertes.affmunqc.net/role/RL58007_2026.xml,,,,
"8813, San Francisco",,Brossard,,,891.1,1997,382600,1313200,1695800,2025,Logement,MAMH — Données Québec (rôle d'évaluation foncière),https://donneesouvertes.affmunqc.net/role/RL58007_2026.xml,,,,
"8799, San Francisco",,Brossard,,,934.8,2002,394600,920200,1314800,2025,Logement,MAMH — Données Québec (rôle d'évaluation foncière),https://donneesouvertes.affmunqc.net/role/RL58007_2026.xml,,,,
"8785, San Francisco",,Brossard,,,837.6,1990,367800,792800,1160600,2025,Logement,MAMH — Données Québec (rôle d'évaluation foncière),https://donneesouvertes.affmunqc.net/role/RL58007_2026.xml,,,,
"8771, San Francisco",,Brossard,,,857.6,2001,373300,869300,1242600,2025,Logement,MAMH — Données Québec (rôle d'évaluation foncière),https://donneesouvertes.affmunqc.net/role/RL58007_2026.xml,,,,
"9092, Rimouski",,Brossard,,,697.4,1989,329300,1001300,1330600,2025,Logement,MAMH — Données Québec (rôle d'évaluation foncière),https://donneesouvertes.affmunqc.net/role/RL58007_2026.xml,,,,
"9088, Rimouski",,Brossard,,,579.5,1990,296900,1150500,1447400,2025,Logement,MAMH — Données Québec (rôle d'évaluation foncière),https://donneesouvertes.affmunqc.net/role/RL58007_2026.xml,,,,
"9084, Rimouski",,Brossard,,,579.5,1992,296900,956400,1253300,2025,Logement,MAMH — Données Québec (rôle d'évaluation foncière),https://donneesouvertes.affmunqc.net/role/RL58007_2026.xml,,,,
"9080, Rimouski",,Brossard,,,579.5,1989,296900,868200,1165100,2025,Logement,MAMH — Données Québec (rôle d'évaluation foncière),https://donneesouvertes.affmunqc.net/role/RL58007_2026.xml,,,,
"8780, San Francisco",,Brossard,,,620.4,2000,308100,1105100,1413200,2025,Logement,MAMH — Données Québec (rôle d'évaluation foncière),https://donneesouvertes.affmunqc.net/role/RL58007_2026.xml,,,,
"9076, Rimouski",,Brossard,,,754.2,1989,344900,947400,1292300,2025,Logement,MAMH — Données Québec (rôle d'évaluation foncière),https://donneesouvertes.affmunqc.net/role/RL58007_2026.xml,,,,
"8760, San Francisco",,Brossard,,,610,1990,305300,848300,1153600,2025,Logement,MAMH — Données Québec (rôle d'évaluation foncière),https://donneesouvertes.affmunqc.net/role/RL58007_2026.xml,,,,
"8750, San Francisco",,Brossard,,,610,1989,305300,987200,1292500,2025,Logement,MAMH — Données Québec (rôle d'évaluation foncière),https://donneesouvertes.affmunqc.net/role/RL58007_2026.xml,,,,
"8740, San Francisco",,Brossard,,,631.5,1993,311200,941300,1252500,2025,Logement,MAMH — Données Québec (rôle d'évaluation foncière),https://donneesouvertes.affmunqc.net/role/RL58007_2026.xml,,,,
"8720, San Francisco",,Brossard,,,634.7,1992,312000,679900,991900,2025,Logement,MAMH — Données Québec (rôle d'évaluation foncière),https://donneesouvertes.affmunqc.net/role/RL58007_2026.xml,,,,
"8710, San Francisco",,Brossard,,,633.6,1991,311700,683800,995500,2025,Logement,MAMH — Données Québec (rôle d'évaluation foncière),https://donneesouvertes.affmunqc.net/role/RL58007_2026.xml,,,,
"8757, San Francisco",,Brossard,,,857.6,2001,373300,1012000,1385300,2025,Logement,MAMH — Données Québec (rôle d'évaluation foncière),https://donneesouvertes.affmunqc.net/role/RL58007_2026.xml,,,,
"8684, Roberval",,Brossard,,,638.8,1994,313200,1033300,1346500,2025,Logement,MAMH — Données Québec (rôle d'évaluation foncière),https://donneesouvertes.affmunqc.net/role/RL58007_2026.xml,,,,
"8685, Roberval",,Brossard,,,617.6,1993,307300,825100,1132400,2025,Logement,MAMH — Données Québec (rôle d'évaluation foncière),https://donneesouvertes.affmunqc.net/role/RL58007_2026.xml,,,,
"9068, Rimouski",,Brossard,,,2133.8,1990,581400,1456100,2037500,2025,Logement,MAMH — Données Québec (rôle d'évaluation foncière),https://donneesouvertes.affmunqc.net/role/RL58007_2026.xml,,,,
"8689, Roberval",,Brossard,,,898.2,1991,384500,1062700,1447200,2025,Logement,MAMH — Données Québec (rôle d'évaluation foncière),https://donneesouvertes.affmunqc.net/role/RL58007_2026.xml,,,,
"8697, Roberval",,Brossard,,,617.8,1994,307400,1013800,1321200,2025,Logement,MAMH — Données Québec (rôle d'évaluation foncière),https://donneesouvertes.affmunqc.net/role/RL58007_2026.xml,,,,
"8693, Roberval",,Brossard,,,915.2,1998,389200,1144000,1533200,2025,Logement,MAMH — Données Québec (rôle d'évaluation foncière),https://donneesouvertes.affmunqc.net/role/RL58007_2026.xml,,,,
"8690, San Francisco",,Brossard,,,648.5,1990,315800,603200,919000,2025,Logement,MAMH — Données Québec (rôle d'évaluation foncière),https://donneesouvertes.affmunqc.net/role/RL58007_2026.xml,,,,
"8680, San Francisco",,Brossard,,,674.7,1991,323000,762800,1085800,2025,Logement,MAMH — Données Québec (rôle d'évaluation foncière),https://donneesouvertes.affmunqc.net/role/RL58007_2026.xml,,,,
"8660, San Francisco",,Brossard,,,648.4,2002,315800,990800,1306600,2025,Logement,MAMH — Données Québec (rôle d'évaluation foncière),https://donneesouvertes.affmunqc.net/role/RL58007_2026.xml,,,,
"8650, San Francisco",,Brossard,,,600.5,2002,302600,885400,1188000,2025,Logement,MAMH — Données Québec (rôle d'évaluation foncière),https://donneesouvertes.affmunqc.net/role/RL58007_2026.xml,,,,
"8400, Renard",,Brossard,,,505.3,1981,276500,664600,941100,2025,Logement,MAMH — Données Québec (rôle d'évaluation foncière),https://donneesouvertes.affmunqc.net/role/RL58007_2026.xml,,,,
"8590, Roberval",,Brossard,,,639.7,1992,313400,1178400,1491800,2025,Logement,MAMH — Données Québec (rôle d'évaluation foncière),https://donneesouvertes.affmunqc.net/role/RL58007_2026.xml,,,,
"8589, Roberval",,Brossard,,,604.5,1991,303700,816300,1120000,2025,Logement,MAMH — Données Québec (rôle d'évaluation foncière),https://donneesouvertes.affmunqc.net/role/RL58007_2026.xml,,,,
"8410, Renard",,Brossard,,,677.4,1981,323800,567800,891600,2025,Logement,MAMH — Données Québec (rôle d'évaluation foncière),https://donneesouvertes.affmunqc.net/role/RL58007_2026.xml,,,,
"8585, Roberval",,Brossard,,,614.1,1998,306400,1001800,1308200,2025,Logement,MAMH — Données Québec (rôle d'évaluation foncière),https://donneesouvertes.affmunqc.net/role/RL58007_2026.xml,,,,
"8701, Roberval",,Brossard,,,589,1993,299500,998900,1298400,2025,Logement,MAMH — Données Québec (rôle d'évaluation foncière),https://donneesouvertes.affmunqc.net/role/RL58007_2026.xml,,,,
"8705, Roberval",,Brossard,,,689.3,1994,327100,1121200,1448300,2025,Logement,MAMH — Données Québec (rôle d'évaluation foncière),https://donneesouvertes.affmunqc.net/role/RL58007_2026.xml,,,,
"8420, Renard",,Brossard,,,891.1,1984,382600,454400,837000,2025,Logement,MAMH — Données Québec (rôle d'évaluation foncière),https://donneesouvertes.affmunqc.net/role/RL58007_2026.xml,,,,
"8581, Roberval",,Brossard,,,594,1994,300900,902000,1202900,2025,Logement,MAMH — Données Québec (rôle d'évaluation foncière),https://donneesouvertes.affmunqc.net/role/RL58007_2026.xml,,,,
"8640, San Francisco",,Brossard,,,732.5,2000,338900,1225700,1564600,2025,Logement,MAMH — Données Québec (rôle d'évaluation foncière),https://donneesouvertes.affmunqc.net/role/RL58007_2026.xml,,,,
"8620, San Francisco",,Brossard,,,685.3,1991,326000,927700,1253700,2025,Logement,MAMH — Données Québec (rôle d'évaluation foncière),https://donneesouvertes.affmunqc.net/role/RL58007_2026.xml,,,,
"8580, San Francisco",,Brossard,,,707.4,1990,332000,1200400,1532400,2025,Logement,MAMH — Données Québec (rôle d'évaluation foncière),https://donneesouvertes.affmunqc.net/role/RL58007_2026.xml,,,,
"8570, San Francisco",,Brossard,,,707.4,1990,332000,962400,1294400,2025,Logement,MAMH — Données Québec (rôle d'évaluation foncière),https://donneesouvertes.affmunqc.net/role/RL58007_2026.xml,,,,
"8455, Renard",,Brossard,,,557.4,1982,290800,632600,923400,2025,Logement,MAMH — Données Québec (rôle d'évaluation foncière),https://donneesouvertes.affmunqc.net/role/RL58007_2026.xml,,,,
"8465, Renard",,Brossard,,,557.4,1981,290800,637500,928300,2025,Logement,MAMH — Données Québec (rôle d'évaluation foncière),https://donneesouvertes.affmunqc.net/role/RL58007_2026.xml,,,,
"8405, Renard",,Brossard,,,604.6,1982,303800,505200,809000,2025,Logement,MAMH — Données Québec (rôle d'évaluation foncière),https://donneesouvertes.affmunqc.net/role/RL58007_2026.xml,,,,
"8440, Renard",,Brossard,,,529.6,1981,283100,479700,762800,2025,Logement,MAMH — Données Québec (rôle d'évaluation foncière),https://donneesouvertes.affmunqc.net/role/RL58007_2026.xml,,,,
"8450, Renard",,Brossard,,,511,1981,278000,475600,753600,2025,Logement,MAMH — Données Québec (rôle d'évaluation foncière),https://donneesouvertes.affmunqc.net/role/RL58007_2026.xml,,,,
"8470, Renard",,Brossard,,,582.6,1981,297700,511500,809200,2025,Logement,MAMH — Données Québec (rôle d'évaluation foncière),https://donneesouvertes.affmunqc.net/role/RL58007_2026.xml,,,,
"8430, Renard",,Brossard,,,751.8,1982,344200,823000,1167200,2025,Logement,MAMH — Données Québec (rôle d'évaluation foncière),https://donneesouvertes.affmunqc.net/role/RL58007_2026.xml,,,,
"8460, Renard",,Brossard,,,511,2022,278000,1087800,1365800,2025,Logement,MAMH — Données Québec (rôle d'évaluation foncière),https://donneesouvertes.affmunqc.net/role/RL58007_2026.xml,,,,
"8560, San Francisco",,Brossard,,,559.1,1981,291300,525300,816600,2025,Logement,MAMH — Données Québec (rôle d'évaluation foncière),https://donneesouvertes.affmunqc.net/role/RL58007_2026.xml,,,,
"8550, San Francisco",,Brossard,,,650.3,1981,316300,562300,878600,2025,Logement,MAMH — Données Québec (rôle d'évaluation foncière),https://donneesouvertes.affmunqc.net/role/RL58007_2026.xml,,,,
"8540, San Francisco",,Brossard,,,557.4,1983,290800,548400,839200,2025,Logement,MAMH — Données Québec (rôle d'évaluation foncière),https://donneesouvertes.affmunqc.net/role/RL58007_2026.xml,,,,
"8530, San Francisco",,Brossard,,,557.4,1981,290800,489800,780600,2025,Logement,MAMH — Données Québec (rôle d'évaluation foncière),https://donneesouvertes.affmunqc.net/role/RL58007_2026.xml,,,,
"8520, San Francisco",,Brossard,,,636.9,1981,312600,465200,777800,2025,Logement,MAMH — Données Québec (rôle d'évaluation foncière),https://donneesouvertes.affmunqc.net/role/RL58007_2026.xml,,,,
"8840, Taschereau",,Brossard,,,5703.5,,1711100,3939200,5650300,2025,Industrie,MAMH — Données Québec (rôle d'évaluation foncière),https://donneesouvertes.affmunqc.net/role/RL58007_2026.xml,,,,
"8750, Taschereau",,Brossard,,,16584.3,2007,5067700,9071400,14139100,2025,Immeuble à bureaux,MAMH — Données Québec (rôle d'évaluation foncière),https://donneesouvertes.affmunqc.net/role/RL58007_2026.xml,,,,
"8743, San Francisco",,Brossard,,,842.6,2001,369200,1285500,1654700,2025,Logement,MAMH — Données Québec (rôle d'évaluation foncière),https://donneesouvertes.affmunqc.net/role/RL58007_2026.xml,,,,
"8729, San Francisco",,Brossard,,,829.5,2021,365600,1687600,2053200,2025,Logement,MAMH — Données Québec (rôle d'évaluation foncière),https://donneesouvertes.affmunqc.net/role/RL58007_2026.xml,,,,
"8715, San Francisco",,Brossard,,,906.8,1998,386900,730800,1117700,2025,Logement,MAMH — Données Québec (rôle d'évaluation foncière),https://donneesouvertes.affmunqc.net/role/RL58007_2026.xml,,,,
"8650, Taschereau",,Brossard,,,12970,2002,3218700,5454900,8673600,2025,Immeuble à bureaux,MAMH — Données Québec (rôle d'évaluation foncière),https://donneesouvertes.affmunqc.net/role/RL58007_2026.xml,,,,
"8701, San Francisco",,Brossard,,,880.5,2004,379600,1085100,1464700,2025,Logement,MAMH — Données Québec (rôle d'évaluation foncière),https://donneesouvertes.affmunqc.net/role/RL58007_2026.xml,,,,
"8687, San Francisco",,Brossard,,,868.9,2003,376400,826700,1203100,2025,Logement,MAMH — Données Québec (rôle d'évaluation foncière),https://donneesouvertes.affmunqc.net/role/RL58007_2026.xml,,,,
"8673, San Francisco",,Brossard,,,881.7,2001,380000,1202700,1582700,2025,Logement,MAMH — Données Québec (rôle d'évaluation foncière),https://donneesouvertes.affmunqc.net/role/RL58007_2026.xml,,,,
"8659, San Francisco",,Brossard,,,845.8,2000,370100,768200,1138300,2025,Logement,MAMH — Données Québec (rôle d'évaluation foncière),https://donneesouvertes.affmunqc.net/role/RL58007_2026.xml,,,,
"8645, San Francisco",,Brossard,,,906.9,2007,386900,1142500,1529400,2025,Logement,MAMH — Données Québec (rôle d'évaluation foncière),https://donneesouvertes.affmunqc.net/role/RL58007_2026.xml,,,,
"8631, San Francisco",,Brossard,,,819.2,1999,362800,1049800,1412600,2025,Logement,MAMH — Données Québec (rôle d'évaluation foncière),https://donneesouvertes.affmunqc.net/role/RL58007_2026.xml,,,,
"8617, San Francisco",,Brossard,,,819.2,1990,362800,990500,1353300,2025,Logement,MAMH — Données Québec (rôle d'évaluation foncière),https://donneesouvertes.affmunqc.net/role/RL58007_2026.xml,,,,
"8603, San Francisco",,Brossard,,,819.2,1989,362800,975500,1338300,2025,Logement,MAMH — Données Québec (rôle d'évaluation foncière),https://donneesouvertes.affmunqc.net/role/RL58007_2026.xml,,,,
"8589, San Francisco",,Brossard,,,819.2,1989,362800,902400,1265200,2025,Logement,MAMH — Données Québec (rôle d'évaluation foncière),https://donneesouvertes.affmunqc.net/role/RL58007_2026.xml,,,,
"8575, San Francisco",,Brossard,,,718.2,1983,335000,754400,1089400,2025,Logement,MAMH — Données Québec (rôle d'évaluation foncière),https://donneesouvertes.affmunqc.net/role/RL58007_2026.xml,,,,
"8565, San Francisco",,Brossard,,,729.6,1983,338100,467900,806000,2025,Logement,MAMH — Données Québec (rôle d'évaluation foncière),https://donneesouvertes.affmunqc.net/role/RL58007_2026.xml,,,,
"8555, San Francisco",,Brossard,,,723.9,1984,336600,534600,871200,2025,Logement,MAMH — Données Québec (rôle d'évaluation foncière),https://donneesouvertes.affmunqc.net/role/RL58007_2026.xml,,,,
"8545, San Francisco",,Brossard,,,723.9,1984,336600,661600,998200,2025,Logement,MAMH — Données Québec (rôle d'évaluation foncière),https://donneesouvertes.affmunqc.net/role/RL58007_2026.xml,,,,
"8535, San Francisco",,Brossard,,,722.1,1984,336100,715100,1051200,2025,Logement,MAMH — Données Québec (rôle d'évaluation foncière),https://donneesouvertes.affmunqc.net/role/RL58007_2026.xml,,,,
"2305, Prairies",,Brossard,,,662.3,2023,255100,1201800,1456900,2025,Logement,MAMH — Données Québec (rôle d'évaluation foncière),https://donneesouvertes.affmunqc.net/role/RL58007_2026.xml,,,,
"9005, Taschereau",,Brossard,,,7149.7,1987,2124500,1515300,3639800,2025,Immeuble à bureaux,MAMH — Données Québec (rôle d'évaluation foncière),https://donneesouvertes.affmunqc.net/role/RL58007_2026.xml,,,,
"8910, Océanie",,Brossard,,,431.8,2018,224300,945500,1169800,2025,Logement,MAMH — Données Québec (rôle d'évaluation foncière),https://donneesouvertes.affmunqc.net/role/RL58007_2026.xml,,,,
"8900, Océanie",,Brossard,,,327,2018,179900,893400,1073300,2025,Logement,MAMH — Données Québec (rôle d'évaluation foncière),https://donneesouvertes.affmunqc.net/role/RL58007_2026.xml,,,,
"8890, Océanie",,Brossard,,,327,2018,179900,912400,1092300,2025,Logement,MAMH — Données Québec (rôle d'évaluation foncière),https://donneesouvertes.affmunqc.net/role/RL58007_2026.xml,,,,
"8880, Océanie",,Brossard,,,281.6,1999,169000,462400,631400,2025,Logement,MAMH — Données Québec (rôle d'évaluation foncière),https://donneesouvertes.affmunqc.net/role/RL58007_2026.xml,,,,
"8870, Océanie",,Brossard,,,298.2,1999,178900,448100,627000,2025,Logement,MAMH — Données Québec (rôle d'évaluation foncière),https://donneesouvertes.affmunqc.net/role/RL58007_2026.xml,,,,
"8850, Océanie",,Brossard,,,296.8,1999,178100,338900,517000,2025,Logement,MAMH — Données Québec (rôle d'évaluation foncière),https://donneesouvertes.affmunqc.net/role/RL58007_2026.xml,,,,
"8840, Océanie",,Brossard,,,296.8,1999,178100,343600,521700,2025,Logement,MAMH — Données Québec (rôle d'évaluation foncière),https://donneesouvertes.affmunqc.net/role/RL58007_2026.xml,,,,
"8905, Taschereau",,Brossard,,,11148.3,1992,2876300,1755200,4631500,2025,Immeuble à bureaux,MAMH — Données Québec (rôle d'évaluation foncière),https://donneesouvertes.affmunqc.net/role/RL58007_2026.xml,,,,
"8820, Océanie",,Brossard,,,296.8,2000,178100,554700,732800,2025,Logement,MAMH — Données Québec (rôle d'évaluation foncière),https://donneesouvertes.affmunqc.net/role/RL58007_2026.xml,,,,
"8810, Océanie",,Brossard,,,296.8,2000,178100,324700,502800,2025,Logement,MAMH — Données Québec (rôle d'évaluation foncière),https://donneesouvertes.affmunqc.net/role/RL58007_2026.xml,,,,
"8790, Océanie",,Brossard,,,296.8,2000,178100,510600,688700,2025,Logement,MAMH — Données Québec (rôle d'évaluation foncière),https://donneesouvertes.affmunqc.net/role/RL58007_2026.xml,,,,
"8780, Océanie",,Brossard,,,296.8,2000,178100,513200,691300,2025,Logement,MAMH — Données Québec (rôle d'évaluation foncière),https://donneesouvertes.affmunqc.net/role/RL58007_2026.xml,,,,
"8855, Taschereau",,Brossard,,,9196.8,1988,2509400,2607500,5116900,2025,Immeuble à bureaux,MAMH — Données Québec (rôle d'évaluation foncière),https://donneesouvertes.affmunqc.net/role/RL58007_2026.xml,,,,
"8705, Taschereau",,Brossard,,,5574.2,1989,1672300,1996600,3668900,2025,Immeuble à bureaux,MAMH — Données Québec (rôle d'évaluation foncière),https://donneesouvertes.affmunqc.net/role/RL58007_2026.xml,,,,
"8500, Taschereau",,Brossard,,,1274.57,1991,382400,433900,816300,2025,Immeuble à bureaux,MAMH — Données Québec (rôle d'évaluation foncière),https://donneesouvertes.affmunqc.net/role/RL58007_2026.xml,,,,
"8450, Taschereau",,Brossard,,,9485.2,2003,2563600,3360700,5924300,2025,Immeuble à bureaux,MAMH — Données Québec (rôle d'évaluation foncière),https://donneesouvertes.affmunqc.net/role/RL58007_2026.xml,,,,
"8400, Taschereau",,Brossard,,,11612.9,2002,2963600,2825600,5789200,2025,Immeuble à bureaux,MAMH — Données Québec (rôle d'évaluation foncière),https://donneesouvertes.affmunqc.net/role/RL58007_2026.xml,,,,
"8870, Rivard",,Brossard,,,264.22,1991,145300,243400,388700,2025,Logement,MAMH — Données Québec (rôle d'évaluation foncière),https://donneesouvertes.affmunqc.net/role/RL58007_2026.xml,,,,
"8880, Rivard",,Brossard,,,265.21,1991,145900,237600,383500,2025,Logement,MAMH — Données Québec (rôle d'évaluation foncière),https://donneesouvertes.affmunqc.net/role/RL58007_2026.xml,,,,
"8980, Rivard",,Brossard,,,23403.3,,4680700,,4680700,2025,Institutionnel,MAMH — Données Québec (rôle d'évaluation foncière),https://donneesouvertes.affmunqc.net/role/RL58007_2026.xml,,,,
"8865, Rivard",,Brossard,,,560.2,1987,291600,482200,773800,2025,Logement,MAMH — Données Québec (rôle d'évaluation foncière),https://donneesouvertes.affmunqc.net/role/RL58007_2026.xml,,,,
"8875, Rivard",,Brossard,,,504,1986,276100,642700,918800,2025,Logement,MAMH — Données Québec (rôle d'évaluation foncière),https://donneesouvertes.affmunqc.net/role/RL58007_2026.xml,,,,
"8828, Rivard",,Brossard,,,158.09,1988,87000,418400,505400,2025,Logement,MAMH — Données Québec (rôle d'évaluation foncière),https://donneesouvertes.affmunqc.net/role/RL58007_2026.xml,,,,
"8830, Rivard",,Brossard,,,237.25,1988,130500,422900,553400,2025,Logement,MAMH — Données Québec (rôle d'évaluation foncière),https://donneesouvertes.affmunqc.net/role/RL58007_2026.xml,,,,
"8832, Rivard",,Brossard,,,237.96,1988,130900,404900,535800,2025,Logement,MAMH — Données Québec (rôle d'évaluation foncière),https://donneesouvertes.affmunqc.net/role/RL58007_2026.xml,,,,
"8834, Rivard",,Brossard,,,157.61,1988,86700,454300,541000,2025,Logement,MAMH — Données Québec (rôle d'évaluation foncière),https://donneesouvertes.affmunqc.net/role/RL58007_2026.xml,,,,
"8836, Rivard",,Brossard,,,157.14,1988,86400,406500,492900,2025,Logement,MAMH — Données Québec (rôle d'évaluation foncière),https://donneesouvertes.affmunqc.net/role/RL58007_2026.xml,,,,
"8838, Rivard",,Brossard,,,235.35,1988,129400,379700,509100,2025,Logement,MAMH — Données Québec (rôle d'évaluation foncière),https://donneesouvertes.affmunqc.net/role/RL58007_2026.xml,,,,
"8840, Rivard",,Brossard,,,237.49,1988,130600,431900,562500,2025,Logement,MAMH — Données Québec (rôle d'évaluation foncière),https://donneesouvertes.affmunqc.net/role/RL58007_2026.xml,,,,
"8842, Rivard",,Brossard,,,160.22,1988,88100,416600,504700,2025,Logement,MAMH — Données Québec (rôle d'évaluation foncière),https://donneesouvertes.affmunqc.net/role/RL58007_2026.xml,,,,
"8844, Rivard",,Brossard,,,155.72,1988,85600,421300,506900,2025,Logement,MAMH — Données Québec (rôle d'évaluation foncière),https://donneesouvertes.affmunqc.net/role/RL58007_2026.xml,,,,
"8846, Rivard",,Brossard,,,234.65,1988,129100,403300,532400,2025,Logement,MAMH — Données Québec (rôle d'évaluation foncière),https://donneesouvertes.affmunqc.net/role/RL58007_2026.xml,,,,
"8848, Rivard",,Brossard,,,238.9,1988,131400,375200,506600,2025,Logement,MAMH — Données Québec (rôle d'évaluation foncière),https://donneesouvertes.affmunqc.net/role/RL58007_2026.xml,,,,
"8850, Rivard",,Brossard,,,159.75,1988,87900,385200,473100,2025,Logement,MAMH — Données Québec (rôle d'évaluation foncière),https://donneesouvertes.affmunqc.net/role/RL58007_2026.xml,,,,
"8885, Rivard",,Brossard,,,504,1986,276100,569800,845900,2025,Logement,MAMH — Données Québec (rôle d'évaluation foncière),https://donneesouvertes.affmunqc.net/role/RL58007_2026.xml,,,,
"8895, Rivard",,Brossard,,,504,1987,276100,524400,800500,2025,Logement,MAMH — Données Québec (rôle d'évaluation foncière),https://donneesouvertes.affmunqc.net/role/RL58007_2026.xml,,,,
"1740, Salvador",,Brossard,,,727.6,1985,337600,776900,1114500,2025,Logement,MAMH — Données Québec (rôle d'évaluation foncière),https://donneesouvertes.affmunqc.net/role/RL58007_2026.xml,,,,
"8865, Saïgon",,Brossard,,,602.69,1986,303200,624500,927700,2025,Logement,MAMH — Données Québec (rôle d'évaluation foncière),https://donneesouvertes.affmunqc.net/role/RL58007_2026.xml,,,,
"8860, Saïgon",,Brossard,,,527.8,1987,282600,586300,868900,2025,Logement,MAMH — Données Québec (rôle d'évaluation foncière),https://donneesouvertes.affmunqc.net/role/RL58007_2026.xml,,,,
"1750, Salvador",,Brossard,,,502.9,1986,275800,705300,981100,2025,Logement,MAMH — Données Québec (rôle d'évaluation foncière),https://donneesouvertes.affmunqc.net/role/RL58007_2026.xml,,,,
"8875, Saïgon",,Brossard,,,537.4,1987,285300,767700,1053000,2025,Logement,MAMH — Données Québec (rôle d'évaluation foncière),https://donneesouvertes.affmunqc.net/role/RL58007_2026.xml,,,,
"1760, Salvador",,Brossard,,,530.4,1986,283400,565600,849000,2025,Logement,MAMH — Données Québec (rôle d'évaluation foncière),https://donneesouvertes.affmunqc.net/role/RL58007_2026.xml,,,,
"8870, Saïgon",,Brossard,,,495.6,1987,272600,629000,901600,2025,Logement,MAMH — Données Québec (rôle d'évaluation foncière),https://donneesouvertes.affmunqc.net/role/RL58007_2026.xml,,,,
"8885, Saïgon",,Brossard,,,532.5,1987,283900,572400,856300,2025,Logement,MAMH — Données Québec (rôle d'évaluation foncière),https://donneesouvertes.affmunqc.net/role/RL58007_2026.xml,,,,
"1770, Salvador",,Brossard,,,589.8,1987,299700,758400,1058100,2025,Logement,MAMH — Données Québec (rôle d'évaluation foncière),https://donneesouvertes.affmunqc.net/role/RL58007_2026.xml,,,,
"8880, Saïgon",,Brossard,,,495.6,1987,272600,596900,869500,2025,Logement,MAMH — Données Québec (rôle d'évaluation foncière),https://donneesouvertes.affmunqc.net/role/RL58007_2026.xml,,,,
"8895, Saïgon",,Brossard,,,527.6,1987,282600,546600,829200,2025,Logement,MAMH — Données Québec (rôle d'évaluation foncière),https://donneesouvertes.affmunqc.net/role/RL58007_2026.xml,,,,
"8890, Saïgon",,Brossard,,,495.6,1987,272600,622200,894800,2025,Logement,MAMH — Données Québec (rôle d'évaluation foncière),https://donneesouvertes.affmunqc.net/role/RL58007_2026.xml,,,,
"1780, Salvador",,Brossard,,,863.6,1987,375000,820800,1195800,2025,Logement,MAMH — Données Québec (rôle d'évaluation foncière),https://donneesouvertes.affmunqc.net/role/RL58007_2026.xml,,,,
"8905, Saïgon",,Brossard,,,522.7,1986,281200,594400,875600,2025,Logement,MAMH — Données Québec (rôle d'évaluation foncière),https://donneesouvertes.affmunqc.net/role/RL58007_2026.xml,,,,
"8900, Saïgon",,Brossard,,,495.6,1987,272600,579600,852200,2025,Logement,MAMH — Données Québec (rôle d'évaluation foncière),https://donneesouvertes.affmunqc.net/role/RL58007_2026.xml,,,,
"1695, Salvador",,Brossard,,,718.4,1987,335100,630800,965900,2025,Logement,MAMH — Données Québec (rôle d'évaluation foncière),https://donneesouvertes.affmunqc.net/role/RL58007_2026.xml,,,,
"1685, Salvador",,Brossard,,,582.9,1987,297800,588800,886600,2025,Logement,MAMH — Données Québec (rôle d'évaluation foncière),https://donneesouvertes.affmunqc.net/role/RL58007_2026.xml,,,,
"1705, Salvador",,Brossard,,,555.3,1986,290200,439600,729800,2025,Logement,MAMH — Données Québec (rôle d'évaluation foncière),https://donneesouvertes.affmunqc.net/role/RL58007_2026.xml,,,,
"1715, Salvador",,Brossard,,,549.8,1987,288700,664000,952700,2025,Logement,MAMH — Données Québec (rôle d'évaluation foncière),https://donneesouvertes.affmunqc.net/role/RL58007_2026.xml,,,,
"1805, Salvador",,Brossard,,,568.5,1985,293800,639400,933200,2025,Logement,MAMH — Données Québec (rôle d'évaluation foncière),https://donneesouvertes.affmunqc.net/role/RL58007_2026.xml,,,,
"1815, Salvador",,Brossard,,,565.1,1986,292900,513100,806000,2025,Logement,MAMH — Données Québec (rôle d'évaluation foncière),https://donneesouvertes.affmunqc.net/role/RL58007_2026.xml,,,,
"1825, Salvador",,Brossard,,,713.5,1986,333700,725500,1059200,2025,Logement,MAMH — Données Québec (rôle d'évaluation foncière),https://donneesouvertes.affmunqc.net/role/RL58007_2026.xml,,,,
"1835, Salvador",,Brossard,,,586.1,1986,298700,563700,862400,2025,Logement,MAMH — Données Québec (rôle d'évaluation foncière),https://donneesouvertes.affmunqc.net/role/RL58007_2026.xml,,,,
"1800, Salvador",,Brossard,,,658.4,1984,318600,652700,971300,2025,Logement,MAMH — Données Québec (rôle d'évaluation foncière),https://donneesouvertes.affmunqc.net/role/RL58007_2026.xml,,,,
"1790, Salvador",,Brossard,,,860,1987,374000,826500,1200500,2025,Logement,MAMH — Données Québec (rôle d'évaluation foncière),https://donneesouvertes.affmunqc.net/role/RL58007_2026.xml,,,,
"1810, Salvador",,Brossard,,,566.9,1986,293400,660200,953600,2025,Logement,MAMH — Données Québec (rôle d'évaluation foncière),https://donneesouvertes.affmunqc.net/role/RL58007_2026.xml,,,,
"1820, Salvador",,Brossard,,,539.5,1984,285900,707100,993000,2025,Logement,MAMH — Données Québec (rôle d'évaluation foncière),https://donneesouvertes.affmunqc.net/role/RL58007_2026.xml,,,,
"1830, Salvador",,Brossard,,,530.4,1984,283400,646400,929800,2025,Logement,MAMH — Données Québec (rôle d'évaluation foncière),https://donneesouvertes.affmunqc.net/role/RL58007_2026.xml,,,,
"1675, Salvador",,Brossard,,,623.7,1987,309000,568200,877200,2025,Logement,MAMH — Données Québec (rôle d'évaluation foncière),https://donneesouvertes.affmunqc.net/role/RL58007_2026.xml,,,,
"1665, Salvador",,Brossard,,,553.2,1988,289600,522800,812400,2025,Logement,MAMH — Données Québec (rôle d'évaluation foncière),https://donneesouvertes.affmunqc.net/role/RL58007_2026.xml,,,,
"1655, Salvador",,Brossard,,,613.6,1984,306200,614100,920300,2025,Logement,MAMH — Données Québec (rôle d'évaluation foncière),https://donneesouvertes.affmunqc.net/role/RL58007_2026.xml,,,,
"1645, Salvador",,Brossard,,,613.6,1982,306200,560300,866500,2025,Logement,MAMH — Données Québec (rôle d'évaluation foncière),https://donneesouvertes.affmunqc.net/role/RL58007_2026.xml,,,,
"1635, Salvador",,Brossard,,,613.6,1984,306200,579100,885300,2025,Logement,MAMH — Données Québec (rôle d'évaluation foncière),https://donneesouvertes.affmunqc.net/role/RL58007_2026.xml,,,,
"1845, Salvador",,Brossard,,,623.7,1986,309000,556500,865500,2025,Logement,MAMH — Données Québec (rôle d'évaluation foncière),https://donneesouvertes.affmunqc.net/role/RL58007_2026.xml,,,,
"1855, Salvador",,Brossard,,,553.2,1986,289600,490600,780200,2025,Logement,MAMH — Données Québec (rôle d'évaluation foncière),https://donneesouvertes.affmunqc.net/role/RL58007_2026.xml,,,,
"1865, Salvador",,Brossard,,,613.6,1983,306200,734800,1041000,2025,Logement,MAMH — Données Québec (rôle d'évaluation foncière),https://donneesouvertes.affmunqc.net/role/RL58007_2026.xml,,,,
"1875, Salvador",,Brossard,,,613.6,1984,306200,501400,807600,2025,Logement,MAMH — Données Québec (rôle d'évaluation foncière),https://donneesouvertes.affmunqc.net/role/RL58007_2026.xml,,,,
"1885, Salvador",,Brossard,,,613.6,1982,306200,689700,995900,2025,Logement,MAMH — Données Québec (rôle d'évaluation foncière),https://donneesouvertes.affmunqc.net/role/RL58007_2026.xml,,,,
"1840, Salvador",,Brossard,,,502.9,1987,275800,642800,918600,2025,Logement,MAMH — Données Québec (rôle d'évaluation foncière),https://donneesouvertes.affmunqc.net/role/RL58007_2026.xml,,,,
"1850, Salvador",,Brossard,,,521.2,1986,280800,579300,860100,2025,Logement,MAMH — Données Québec (rôle d'évaluation foncière),https://donneesouvertes.affmunqc.net/role/RL58007_2026.xml,,,,
"1860, Salvador",,Brossard,,,557.8,1982,290900,564900,855800,2025,Logement,MAMH — Données Québec (rôle d'évaluation foncière),https://donneesouvertes.affmunqc.net/role/RL58007_2026.xml,,,,
"1870, Salvador",,Brossard,,,557.8,1982,290900,559700,850600,2025,Logement,MAMH — Données Québec (rôle d'évaluation foncière),https://donneesouvertes.affmunqc.net/role/RL58007_2026.xml,,,,
"1590, Salvador",,Brossard,,,557.8,1985,290900,593000,883900,2025,Logement,MAMH — Données Québec (rôle d'évaluation foncière),https://donneesouvertes.affmunqc.net/role/RL58007_2026.xml,,,,
"1340, Saturne",,Brossard,,,557.8,1982,290900,480700,771600,2025,Logement,MAMH — Données Québec (rôle d'évaluation foncière),https://donneesouvertes.affmunqc.net/role/RL58007_2026.xml,,,,
"1625, Salvador",,Brossard,,,653.1,1981,317100,529300,846400,2025,Logement,MAMH — Données Québec (rôle d'évaluation foncière),https://donneesouvertes.affmunqc.net/role/RL58007_2026.xml,,,,
"1580, Salvador",,Brossard,,,557.8,1984,290900,576200,867100,2025,Logement,MAMH — Données Québec (rôle d'évaluation foncière),https://donneesouvertes.affmunqc.net/role/RL58007_2026.xml,,,,
"1350, Saturne",,Brossard,,,557.8,1983,290900,640700,931600,2025,Logement,MAMH — Données Québec (rôle d'évaluation foncière),https://donneesouvertes.affmunqc.net/role/RL58007_2026.xml,,,,
"1570, Salvador",,Brossard,,,557.8,1982,290900,742500,1033400,2025,Logement,MAMH — Données Québec (rôle d'évaluation foncière),https://donneesouvertes.affmunqc.net/role/RL58007_2026.xml,,,,
"1895, Salvador",,Brossard,,,658.4,1983,318600,563800,882400,2025,Logement,MAMH — Données Québec (rôle d'évaluation foncière),https://donneesouvertes.affmunqc.net/role/RL58007_2026.xml,,,,
"1360, Saturne",,Brossard,,,557.8,1984,290900,519800,810700,2025,Logement,MAMH — Données Québec (rôle d'évaluation foncière),https://donneesouvertes.affmunqc.net/role/RL58007_2026.xml,,,,
"1560, Salvador",,Brossard,,,557.8,1983,290900,488600,779500,2025,Logement,MAMH — Données Québec (rôle d'évaluation foncière),https://donneesouvertes.affmunqc.net/role/RL58007_2026.xml,,,,
"1370, Saturne",,Brossard,,,557.8,1981,290900,592600,883500,2025,Logement,MAMH — Données Québec (rôle d'évaluation foncière),https://donneesouvertes.affmunqc.net/role/RL58007_2026.xml,,,,
"1550, Salvador",,Brossard,,,557.8,1984,290900,616300,907200,2025,Logement,MAMH — Données Québec (rôle d'évaluation foncière),https://donneesouvertes.affmunqc.net/role/RL58007_2026.xml,,,,
"1380, Saturne",,Brossard,,,557.8,1981,290900,663600,954500,2025,Logement,MAMH — Données Québec (rôle d'évaluation foncière),https://donneesouvertes.affmunqc.net/role/RL58007_2026.xml,,,,
"1345, Saturne",,Brossard,,,597.7,1982,301900,653700,955600,2025,Logement,MAMH — Données Québec (rôle d'évaluation foncière),https://donneesouvertes.affmunqc.net/role/RL58007_2026.xml,,,,
"1575, Saturne",,Brossard,,,593.3,1981,300700,630700,931400,2025,Logement,MAMH — Données Québec (rôle d'évaluation foncière),https://donneesouvertes.affmunqc.net/role/RL58007_2026.xml,,,,
"1570, Saturne",,Brossard,,,563.1,1982,292400,604500,896900,2025,Logement,MAMH — Données Québec (rôle d'évaluation foncière),https://donneesouvertes.affmunqc.net/role/RL58007_2026.xml,,,,
"1355, Saturne",,Brossard,,,557.8,1982,290900,410200,701100,2025,Logement,MAMH — Données Québec (rôle d'évaluation foncière),https://donneesouvertes.affmunqc.net/role/RL58007_2026.xml,,,,
"1565, Saturne",,Brossard,,,603.5,1981,303500,709000,1012500,2025,Logement,MAMH — Données Québec (rôle d'évaluation foncière),https://donneesouvertes.affmunqc.net/role/RL58007_2026.xml,,,,
"1560, Saturne",,Brossard,,,502,1983,275600,560200,835800,2025,Logement,MAMH — Données Québec (rôle d'évaluation foncière),https://donneesouvertes.affmunqc.net/role/RL58007_2026.xml,,,,
"1365, Saturne",,Brossard,,,557.8,1981,290900,587700,878600,2025,Logement,MAMH — Données Québec (rôle d'évaluation foncière),https://donneesouvertes.affmunqc.net/role/RL58007_2026.xml,,,,
"1555, Saturne",,Brossard,,,557.8,1981,290900,462900,753800,2025,Logement,MAMH — Données Québec (rôle d'évaluation foncière),https://donneesouvertes.affmunqc.net/role/RL58007_2026.xml,,,,
"1550, Saturne",,Brossard,,,502,1983,275600,427400,703000,2025,Logement,MAMH — Données Québec (rôle d'évaluation foncière),https://donneesouvertes.affmunqc.net/role/RL58007_2026.xml,,,,
"1375, Saturne",,Brossard,,,603.5,1984,303500,708700,1012200,2025,Logement,MAMH — Données Québec (rôle d'évaluation foncière),https://donneesouvertes.affmunqc.net/role/RL58007_2026.xml,,,,
"1545, Saturne",,Brossard,,,557.8,1982,290900,586600,877500,2025,Logement,MAMH — Données Québec (rôle d'évaluation foncière),https://donneesouvertes.affmunqc.net/role/RL58007_2026.xml,,,,
"1540, Saturne",,Brossard,,,502,1983,275600,626100,901700,2025,Logement,MAMH — Données Québec (rôle d'évaluation foncière),https://donneesouvertes.affmunqc.net/role/RL58007_2026.xml,,,,
"1385, Saturne",,Brossard,,,603.5,1982,303500,584400,887900,2025,Logement,MAMH — Données Québec (rôle d'évaluation foncière),https://donneesouvertes.affmunqc.net/role/RL58007_2026.xml,,,,
"1535, Saturne",,Brossard,,,557.8,1982,290900,562200,853100,2025,Logement,MAMH — Données Québec (rôle d'évaluation foncière),https://donneesouvertes.affmunqc.net/role/RL58007_2026.xml,,,,
"1530, Saturne",,Brossard,,,502,1983,275600,395700,671300,2025,Logement,MAMH — Données Québec (rôle d'évaluation foncière),https://donneesouvertes.affmunqc.net/role/RL58007_2026.xml,,,,
"1210, Saturne",,Brossard,,,742.3,1979,341600,379800,721400,2025,Logement,MAMH — Données Québec (rôle d'évaluation foncière),https://donneesouvertes.affmunqc.net/role/RL58007_2026.xml,,,,
"1245, Saturne",,Brossard,,,947.2,1979,398000,383200,781200,2025,Logement,MAMH — Données Québec (rôle d'évaluation foncière),https://donneesouvertes.affmunqc.net/role/RL58007_2026.xml,,,,
"1200, Saturne",,Brossard,,,729.7,1979,338200,439200,777400,2025,Logement,MAMH — Données Québec (rôle d'évaluation foncière),https://donneesouvertes.affmunqc.net/role/RL58007_2026.xml,,,,
"1225, Saturne",,Brossard,,,987.3,1979,409000,558400,967400,2025,Logement,MAMH — Données Québec (rôle d'évaluation foncière),https://donneesouvertes.affmunqc.net/role/RL58007_2026.xml,,,,
"1205, Saturne",,Brossard,,,703.6,1979,331000,593500,924500,2025,Logement,MAMH — Données Québec (rôle d'évaluation foncière),https://donneesouvertes.affmunqc.net/role/RL58007_2026.xml,,,,
"8165, Saguenay",,Brossard,,,1011.4,1979,414200,494600,908800,2025,Logement,MAMH — Données Québec (rôle d'évaluation foncière),https://donneesouvertes.affmunqc.net/role/RL58007_2026.xml,,,,
"8090, Saguenay",,Brossard,,,610.9,1978,305500,477000,782500,2025,Logement,MAMH — Données Québec (rôle d'évaluation foncière),https://donneesouvertes.affmunqc.net/role/RL58007_2026.xml,,,,
"8110, Saguenay",,Brossard,,,659.7,1978,318900,444500,763400,2025,Logement,MAMH — Données Québec (rôle d'évaluation foncière),https://donneesouvertes.affmunqc.net/role/RL58007_2026.xml,,,,
"8105, Saguenay",,Brossard,,,581.4,1979,297400,884400,1181800,2025,Logement,MAMH — Données Québec (rôle d'évaluation foncière),https://donneesouvertes.affmunqc.net/role/RL58007_2026.xml,,,,
"8055, Saguenay",,Brossard,,,564.4,1979,292700,501300,794000,2025,Logement,MAMH — Données Québec (rôle d'évaluation foncière),https://donneesouvertes.affmunqc.net/role/RL58007_2026.xml,,,,
"8115, Saguenay",,Brossard,,,580.6,1979,297200,702000,999200,2025,Logement,MAMH — Données Québec (rôle d'évaluation foncière),https://donneesouvertes.affmunqc.net/role/RL58007_2026.xml,,,,
"8045, Saguenay",,Brossard,,,666.7,1979,320800,560500,881300,2025,Logement,MAMH — Données Québec (rôle d'évaluation foncière),https://donneesouvertes.affmunqc.net/role/RL58007_2026.xml,,,,
"8070, Saguenay",,Brossard,,,501.7,1978,275500,492800,768300,2025,Logement,MAMH — Données Québec (rôle d'évaluation foncière),https://donneesouvertes.affmunqc.net/role/RL58007_2026.xml,,,,
"8050, Saguenay",,Brossard,,,501.7,1978,275500,499800,775300,2025,Logement,MAMH — Données Québec (rôle d'évaluation foncière),https://donneesouvertes.affmunqc.net/role/RL58007_2026.xml,,,,
"8030, Saguenay",,Brossard,,,500.3,1978,275100,457800,732900,2025,Logement,MAMH — Données Québec (rôle d'évaluation foncière),https://donneesouvertes.affmunqc.net/role/RL58007_2026.xml,,,,
"8020, Saguenay",,Brossard,,,500.3,1979,275100,455500,730600,2025,Logement,MAMH — Données Québec (rôle d'évaluation foncière),https://donneesouvertes.affmunqc.net/role/RL58007_2026.xml,,,,
"8010, Saguenay",,Brossard,,,499.8,1978,274900,436800,711700,2025,Logement,MAMH — Données Québec (rôle d'évaluation foncière),https://donneesouvertes.affmunqc.net/role/RL58007_2026.xml,,,,
"980, Sénécal",,Brossard,,,803,1978,358300,667500,1025800,2025,Logement,MAMH — Données Québec (rôle d'évaluation foncière),https://donneesouvertes.affmunqc.net/role/RL58007_2026.xml,,,,
"970, Sénécal",,Brossard,,,748.8,1979,343400,687600,1031000,2025,Logement,MAMH — Données Québec (rôle d'évaluation foncière),https://donneesouvertes.affmunqc.net/role/RL58007_2026.xml,,,,
"975, Sénécal",,Brossard,,,637.9,1978,312900,351900,664800,2025,Logement,MAMH — Données Québec (rôle d'évaluation foncière),https://donneesouvertes.affmunqc.net/role/RL58007_2026.xml,,,,
"1015, Sénécal",,Brossard,,,527.1,1977,282500,308800,591300,2025,Logement,MAMH — Données Québec (rôle d'évaluation foncière),https://donneesouvertes.affmunqc.net/role/RL58007_2026.xml,,,,
"960, Sénécal",,Brossard,,,648.5,1978,315800,624700,940500,2025,Logement,MAMH — Données Québec (rôle d'évaluation foncière),https://donneesouvertes.affmunqc.net/role/RL58007_2026.xml,,,,
"965, Sénécal",,Brossard,,,703.3,1979,330900,464900,795800,2025,Logement,MAMH — Données Québec (rôle d'évaluation foncière),https://donneesouvertes.affmunqc.net/role/RL58007_2026.xml,,,,
"1025, Sénécal",,Brossard,,,630.5,1977,310900,517900,828800,2025,Logement,MAMH — Données Québec (rôle d'évaluation foncière),https://donneesouvertes.affmunqc.net/role/RL58007_2026.xml,,,,
"7975, Saguenay",,Brossard,,,572.1,1978,294800,591000,885800,2025,Logement,MAMH — Données Québec (rôle d'évaluation foncière),https://donneesouvertes.affmunqc.net/role/RL58007_2026.xml,,,,
"7965, Saguenay",,Brossard,,,564.2,1978,292700,507500,800200,2025,Logement,MAMH — Données Québec (rôle d'évaluation foncière),https://donneesouvertes.affmunqc.net/role/RL58007_2026.xml,,,,
"7955, Saguenay",,Brossard,,,556.9,1977,290600,444000,734600,2025,Logement,MAMH — Données Québec (rôle d'évaluation foncière),https://donneesouvertes.affmunqc.net/role/RL58007_2026.xml,,,,
"7945, Saguenay",,Brossard,,,548.1,1977,288200,530600,818800,2025,Logement,MAMH — Données Québec (rôle d'évaluation foncière),https://donneesouvertes.affmunqc.net/role/RL58007_2026.xml,,,,
"8910, Rivard",,Brossard,,,146.49,1985,80600,247100,327700,2025,Logement,MAMH — Données Québec (rôle d'évaluation foncière),https://donneesouvertes.affmunqc.net/role/RL58007_2026.xml,,,,
"8920, Rivard",,Brossard,,,337.57,1985,185700,153600,339300,2025,Logement,MAMH — Données Québec (rôle d'évaluation foncière),https://donneesouvertes.affmunqc.net/role/RL58007_2026.xml,,,,
"8930, Rivard",,Brossard,,,276.75,1986,152200,313600,465800,2025,Logement,MAMH — Données Québec (rôle d'évaluation foncière),https://donneesouvertes.affmunqc.net/role/RL58007_2026.xml,,,,
"8940, Rivard",,Brossard,,,132.86,1986,73100,253400,326500,2025,Logement,MAMH — Données Québec (rôle d'évaluation foncière),https://donneesouvertes.affmunqc.net/role/RL58007_2026.xml,,,,
"8810, Rabelais",,Brossard,,,625,1999,309400,1110100,1419500,2025,Logement,MAMH — Données Québec (rôle d'évaluation foncière),https://donneesouvertes.affmunqc.net/role/RL58007_2026.xml,,,,
"8820, Rabelais",,Brossard,,,762.4,2001,347200,1243500,1590700,2025,Logement,MAMH — Données Québec (rôle d'évaluation foncière),https://donneesouvertes.affmunqc.net/role/RL58007_2026.xml,,,,
"8905, Rivard",,Brossard,,,590.2,1987,299800,577200,877000,2025,Logement,MAMH — Données Québec (rôle d'évaluation foncière),https://donneesouvertes.affmunqc.net/role/RL58007_2026.xml,,,,
"8900, Rivard",,Brossard,,,136.64,1987,75200,231400,306600,2025,Logement,MAMH — Données Québec (rôle d'évaluation foncière),https://donneesouvertes.affmunqc.net/role/RL58007_2026.xml,,,,
"8975, Saïgon",,Brossard,,,596.9,1987,301600,711500,1013100,2025,Logement,MAMH — Données Québec (rôle d'évaluation foncière),https://donneesouvertes.affmunqc.net/role/RL58007_2026.xml,,,,
"8320, Sorbonne",,Brossard,,,573.73,1987,295300,604300,899600,2025,Logement,MAMH — Données Québec (rôle d'évaluation foncière),https://donneesouvertes.affmunqc.net/role/RL58007_2026.xml,,,,
"8950, Rivard",,Brossard,,,168.83,1985,92900,258800,351700,2025,Logement,MAMH — Données Québec (rôle d'évaluation foncière),https://donneesouvertes.affmunqc.net/role/RL58007_2026.xml,,,,
"8960, Rivard",,Brossard,,,141.34,1985,77700,252700,330400,2025,Logement,MAMH — Données Québec (rôle d'évaluation foncière),https://donneesouvertes.affmunqc.net/role/RL58007_2026.xml,,,,
"8330, Sorbonne",,Brossard,,,531.1,1987,283600,599400,883000,2025,Logement,MAMH — Données Québec (rôle d'évaluation foncière),https://donneesouvertes.affmunqc.net/role/RL58007_2026.xml,,,,
"8915, Saïgon",,Brossard,,,517.8,1986,279900,595800,875700,2025,Logement,MAMH — Données Québec (rôle d'évaluation foncière),https://donneesouvertes.affmunqc.net/role/RL58007_2026.xml,,,,
"8910, Saïgon",,Brossard,,,541.4,1987,286400,689800,976200,2025,Logement,MAMH — Données Québec (rôle d'évaluation foncière),https://donneesouvertes.affmunqc.net/role/RL58007_2026.xml,,,,
"8925, Saïgon",,Brossard,,,552,1986,289300,616800,906100,2025,Logement,MAMH — Données Québec (rôle d'évaluation foncière),https://donneesouvertes.affmunqc.net/role/RL58007_2026.xml,,,,
"8355, Santiago",,Brossard,,,1001.7,1987,412800,953400,1366200,2025,Logement,MAMH — Données Québec (rôle d'évaluation foncière),https://donneesouvertes.affmunqc.net/role/RL58007_2026.xml,,,,
"8965, Saïgon",,Brossard,,,553,1987,289600,710900,1000500,2025,Logement,MAMH — Données Québec (rôle d'évaluation foncière),https://donneesouvertes.affmunqc.net/role/RL58007_2026.xml,,,,
"8935, Saïgon",,Brossard,,,725.1,1987,336900,694800,1031700,2025,Logement,MAMH — Données Québec (rôle d'évaluation foncière),https://donneesouvertes.affmunqc.net/role/RL58007_2026.xml,,,,
"8955, Saïgon",,Brossard,,,579.2,1987,296800,700600,997400,2025,Logement,MAMH — Données Québec (rôle d'évaluation foncière),https://donneesouvertes.affmunqc.net/role/RL58007_2026.xml,,,,
"8945, Saïgon",,Brossard,,,765.9,1988,348100,761500,1109600,2025,Logement,MAMH — Données Québec (rôle d'évaluation foncière),https://donneesouvertes.affmunqc.net/role/RL58007_2026.xml,,,,
"8340, Sorbonne",,Brossard,,,531,1985,283500,445200,728700,2025,Logement,MAMH — Données Québec (rôle d'évaluation foncière),https://donneesouvertes.affmunqc.net/role/RL58007_2026.xml,,,,
"8365, Santiago",,Brossard,,,567,1986,293400,593800,887200,2025,Logement,MAMH — Données Québec (rôle d'évaluation foncière),https://donneesouvertes.affmunqc.net/role/RL58007_2026.xml,,,,
"8350, Sorbonne",,Brossard,,,591.3,1985,300100,938600,1238700,2025,Logement,MAMH — Données Québec (rôle d'évaluation foncière),https://donneesouvertes.affmunqc.net/role/RL58007_2026.xml,,,,
"8335, Santiago",,Brossard,,,563.5,1986,292500,597700,890200,2025,Logement,MAMH — Données Québec (rôle d'évaluation foncière),https://donneesouvertes.affmunqc.net/role/RL58007_2026.xml,,,,
"8325, Santiago",,Brossard,,,504.5,1987,276200,904300,1180500,2025,Logement,MAMH — Données Québec (rôle d'évaluation foncière),https://donneesouvertes.affmunqc.net/role/RL58007_2026.xml,,,,
"8315, Santiago",,Brossard,,,539.5,1986,285900,648900,934800,2025,Logement,MAMH — Données Québec (rôle d'évaluation foncière),https://donneesouvertes.affmunqc.net/role/RL58007_2026.xml,,,,
"8305, Santiago",,Brossard,,,539.5,1984,285900,575800,861700,2025,Logement,MAMH — Données Québec (rôle d'évaluation foncière),https://donneesouvertes.affmunqc.net/role/RL58007_2026.xml,,,,
"8295, Santiago",,Brossard,,,566.9,1983,293400,556800,850200,2025,Logement,MAMH — Données Québec (rôle d'évaluation foncière),https://donneesouvertes.affmunqc.net/role/RL58007_2026.xml,,,,
"8345, Santiago",,Brossard,,,704.1,1987,331100,844800,1175900,2025,Logement,MAMH — Données Québec (rôle d'évaluation foncière),https://donneesouvertes.affmunqc.net/role/RL58007_2026.xml,,,,
"8320, Santiago",,Brossard,,,619.5,1986,307900,768200,1076100,2025,Logement,MAMH — Données Québec (rôle d'évaluation foncière),https://donneesouvertes.affmunqc.net/role/RL58007_2026.xml,,,,
"8310, Santiago",,Brossard,,,502.2,1983,275600,631100,906700,2025,Logement,MAMH — Données Québec (rôle d'évaluation foncière),https://donneesouvertes.affmunqc.net/role/RL58007_2026.xml,,,,
"8330, Santiago",,Brossard,,,636.7,1984,312600,846800,1159400,2025,Logement,MAMH — Données Québec (rôle d'évaluation foncière),https://donneesouvertes.affmunqc.net/role/RL58007_2026.xml,,,,
"8340, Santiago",,Brossard,,,601.6,1984,302900,555300,858200,2025,Logement,MAMH — Données Québec (rôle d'évaluation foncière),https://donneesouvertes.affmunqc.net/role/RL58007_2026.xml,,,,
"1510, Salzbourg",,Brossard,,,817.2,1984,362200,654400,1016600,2025,Logement,MAMH — Données Québec (rôle d'évaluation foncière),https://donneesouvertes.affmunqc.net/role/RL58007_2026.xml,,,,
"1880, Salvador",,Brossard,,,554.5,1982,290000,579200,869200,2025,Logement,MAMH — Données Québec (rôle d'évaluation foncière),https://donneesouvertes.affmunqc.net/role/RL58007_2026.xml,,,,
"1890, Salvador",,Brossard,,,559.2,1981,291300,499600,790900,2025,Logement,MAMH — Données Québec (rôle d'évaluation foncière),https://donneesouvertes.affmunqc.net/role/RL58007_2026.xml,,,,
"1525, Salvador",,Brossard,,,523.2,1981,281400,643700,925100,2025,Logement,MAMH — Données Québec (rôle d'évaluation foncière),https://donneesouvertes.affmunqc.net/role/RL58007_2026.xml,,,,
"8285, Santiago",,Brossard,,,540.2,1985,286100,546500,832600,2025,Logement,MAMH — Données Québec (rôle d'évaluation foncière),https://donneesouvertes.affmunqc.net/role/RL58007_2026.xml,,,,
"8275, Santiago",,Brossard,,,615.7,1986,306800,598000,904800,2025,Logement,MAMH — Données Québec (rôle d'évaluation foncière),https://donneesouvertes.affmunqc.net/role/RL58007_2026.xml,,,,
"8265, Santiago",,Brossard,,,777.4,1981,351300,444900,796200,2025,Logement,MAMH — Données Québec (rôle d'évaluation foncière),https://donneesouvertes.affmunqc.net/role/RL58007_2026.xml,,,,
"8255, Santiago",,Brossard,,,786.6,1984,353800,557800,911600,2025,Logement,MAMH — Données Québec (rôle d'évaluation foncière),https://donneesouvertes.affmunqc.net/role/RL58007_2026.xml,,,,
"1515, Salvador",,Brossard,,,500.9,1982,275200,654100,929300,2025,Logement,MAMH — Données Québec (rôle d'évaluation foncière),https://donneesouvertes.affmunqc.net/role/RL58007_2026.xml,,,,
"1505, Salvador",,Brossard,,,535.1,1982,284700,597000,881700,2025,Logement,MAMH — Données Québec (rôle d'évaluation foncière),https://donneesouvertes.affmunqc.net/role/RL58007_2026.xml,,,,
"1505, Salzbourg",,Brossard,,,510.4,1984,277900,589700,867600,2025,Logement,MAMH — Données Québec (rôle d'évaluation foncière),https://donneesouvertes.affmunqc.net/role/RL58007_2026.xml,,,,
"8260, Santiago",,Brossard,,,676.7,1984,323600,656500,980100,2025,Logement,MAMH — Données Québec (rôle d'évaluation foncière),https://donneesouvertes.affmunqc.net/role/RL58007_2026.xml,,,,
"8250, Santiago",,Brossard,,,605.3,1984,304000,476700,780700,2025,Logement,MAMH — Données Québec (rôle d'évaluation foncière),https://donneesouvertes.affmunqc.net/role/RL58007_2026.xml,,,,
"1515, Salzbourg",,Brossard,,,609.6,1984,305100,649100,954200,2025,Logement,MAMH — Données Québec (rôle d'évaluation foncière),https://donneesouvertes.affmunqc.net/role/RL58007_2026.xml,,,,
"8240, Santiago",,Brossard,,,529.9,1983,283200,620400,903600,2025,Logement,MAMH — Données Québec (rôle d'évaluation foncière),https://donneesouvertes.affmunqc.net/role/RL58007_2026.xml,,,,
"1540, Salvador",,Brossard,,,557.8,1984,290900,738500,1029400,2025,Logement,MAMH — Données Québec (rôle d'évaluation foncière),https://donneesouvertes.affmunqc.net/role/RL58007_2026.xml,,,,
"1390, Saturne",,Brossard,,,557.8,1982,290900,711800,1002700,2025,Logement,MAMH — Données Québec (rôle d'évaluation foncière),https://donneesouvertes.affmunqc.net/role/RL58007_2026.xml,,,,
"1530, Salvador",,Brossard,,,558,1983,291000,504600,795600,2025,Logement,MAMH — Données Québec (rôle d'évaluation foncière),https://donneesouvertes.affmunqc.net/role/RL58007_2026.xml,,,,
"1400, Saturne",,Brossard,,,557.8,1982,290900,493200,784100,2025,Logement,MAMH — Données Québec (rôle d'évaluation foncière),https://donneesouvertes.affmunqc.net/role/RL58007_2026.xml,,,,
"1520, Salvador",,Brossard,,,676.4,1984,323500,548700,872200,2025,Logement,MAMH — Données Québec (rôle d'évaluation foncière),https://donneesouvertes.affmunqc.net/role/RL58007_2026.xml,,,,
"1410, Saturne",,Brossard,,,663.1,1982,319900,696500,1016400,2025,Logement,MAMH — Données Québec (rôle d'évaluation foncière),https://donneesouvertes.affmunqc.net/role/RL58007_2026.xml,,,,
"1510, Salvador",,Brossard,,,557.9,1982,290900,557800,848700,2025,Logement,MAMH — Données Québec (rôle d'évaluation foncière),https://donneesouvertes.affmunqc.net/role/RL58007_2026.xml,,,,
"1420, Saturne",,Brossard,,,874.4,1984,378000,780800,1158800,2025,Logement,MAMH — Données Québec (rôle d'évaluation foncière),https://donneesouvertes.affmunqc.net/role/RL58007_2026.xml,,,,
"1500, Salvador",,Brossard,,,595.5,1984,301300,725800,1027100,2025,Logement,MAMH — Données Québec (rôle d'évaluation foncière),https://donneesouvertes.affmunqc.net/role/RL58007_2026.xml,,,,
"1430, Saturne",,Brossard,,,566.3,1983,293200,519700,812900,2025,Logement,MAMH — Données Québec (rôle d'évaluation foncière),https://donneesouvertes.affmunqc.net/role/RL58007_2026.xml,,,,
"8205, Santiago",,Brossard,,,500.6,1983,275200,580500,855700,2025,Logement,MAMH — Données Québec (rôle d'évaluation foncière),https://donneesouvertes.affmunqc.net/role/RL58007_2026.xml,,,,
"8195, Santiago",,Brossard,,,502,1983,275600,665200,940800,2025,Logement,MAMH — Données Québec (rôle d'évaluation foncière),https://donneesouvertes.affmunqc.net/role/RL58007_2026.xml,,,,
"1525, Saturne",,Brossard,,,557.8,1981,290900,597000,887900,2025,Logement,MAMH — Données Québec (rôle d'évaluation foncière),https://donneesouvertes.affmunqc.net/role/RL58007_2026.xml,,,,
"1395, Saturne",,Brossard,,,603.5,1982,303500,722900,1026400,2025,Logement,MAMH — Données Québec (rôle d'évaluation foncière),https://donneesouvertes.affmunqc.net/role/RL58007_2026.xml,,,,
"1520, Saturne",,Brossard,,,502,1983,275600,429400,705000,2025,Logement,MAMH — Données Québec (rôle d'évaluation foncière),https://donneesouvertes.affmunqc.net/role/RL58007_2026.xml,,,,
"1515, Saturne",,Brossard,,,603.5,1981,303500,704700,1008200,2025,Logement,MAMH — Données Québec (rôle d'évaluation foncière),https://donneesouvertes.affmunqc.net/role/RL58007_2026.xml,,,,
"1510, Saturne",,Brossard,,,502,1983,275600,567400,843000,2025,Logement,MAMH — Données Québec (rôle d'évaluation foncière),https://donneesouvertes.affmunqc.net/role/RL58007_2026.xml,,,,
"1405, Saturne",,Brossard,,,603.5,1981,303500,776500,1080000,2025,Logement,MAMH — Données Québec (rôle d'évaluation foncière),https://donneesouvertes.affmunqc.net/role/RL58007_2026.xml,,,,
"1505, Saturne",,Brossard,,,557.8,1981,290900,559400,850300,2025,Logement,MAMH — Données Québec (rôle d'évaluation foncière),https://donneesouvertes.affmunqc.net/role/RL58007_2026.xml,,,,
"1500, Saturne",,Brossard,,,543.1,1982,286900,660900,947800,2025,Logement,MAMH — Données Québec (rôle d'évaluation foncière),https://donneesouvertes.affmunqc.net/role/RL58007_2026.xml,,,,
"1415, Saturne",,Brossard,,,760.7,1981,346700,599600,946300,2025,Logement,MAMH — Données Québec (rôle d'évaluation foncière),https://donneesouvertes.affmunqc.net/role/RL58007_2026.xml,,,,
"1495, Saturne",,Brossard,,,588,1983,299200,698200,997400,2025,Logement,MAMH — Données Québec (rôle d'évaluation foncière),https://donneesouvertes.affmunqc.net/role/RL58007_2026.xml,,,,
"1490, Saturne",,Brossard,,,543.1,1982,286900,587300,874200,2025,Logement,MAMH — Données Québec (rôle d'évaluation foncière),https://donneesouvertes.affmunqc.net/role/RL58007_2026.xml,,,,
"1440, Saturne",,Brossard,,,502,1983,275600,566100,841700,2025,Logement,MAMH — Données Québec (rôle d'évaluation foncière),https://donneesouvertes.affmunqc.net/role/RL58007_2026.xml,,,,
"1480, Saturne",,Brossard,,,804.1,1984,358600,682800,1041400,2025,Logement,MAMH — Données Québec (rôle d'évaluation foncière),https://donneesouvertes.affmunqc.net/role/RL58007_2026.xml,,,,
"8175, Saguenay",,Brossard,,,608,1979,304700,558600,863300,2025,Logement,MAMH — Données Québec (rôle d'évaluation foncière),https://donneesouvertes.affmunqc.net/role/RL58007_2026.xml,,,,
"8130, Saguenay",,Brossard,,,634,1979,311900,575500,887400,2025,Logement,MAMH — Données Québec (rôle d'évaluation foncière),https://donneesouvertes.affmunqc.net/role/RL58007_2026.xml,,,,
"8185, Saguenay",,Brossard,,,532.3,1978,283900,420200,704100,2025,Logement,MAMH — Données Québec (rôle d'évaluation foncière),https://donneesouvertes.affmunqc.net/role/RL58007_2026.xml,,,,
"7835, Salomon",,Brossard,,,709.1,1978,332500,312500,645000,2025,Logement,MAMH — Données Québec (rôle d'évaluation foncière),https://donneesouvertes.affmunqc.net/role/RL58007_2026.xml,,,,
"8150, Saguenay",,Brossard,,,557.4,1978,290800,506700,797500,2025,Logement,MAMH — Données Québec (rôle d'évaluation foncière),https://donneesouvertes.affmunqc.net/role/RL58007_2026.xml,,,,
"8195, Saguenay",,Brossard,,,501.7,1976,275500,511300,786800,2025,Logement,MAMH — Données Québec (rôle d'évaluation foncière),https://donneesouvertes.affmunqc.net/role/RL58007_2026.xml,,,,
"7825, Salomon",,Brossard,,,557.4,1978,290800,372400,663200,2025,Logement,MAMH — Données Québec (rôle d'évaluation foncière),https://donneesouvertes.affmunqc.net/role/RL58007_2026.xml,,,,
"8170, Saguenay",,Brossard,,,557.4,1978,290800,455300,746100,2025,Logement,MAMH — Données Québec (rôle d'évaluation foncière),https://donneesouvertes.affmunqc.net/role/RL58007_2026.xml,,,,
"8205, Saguenay",,Brossard,,,501.7,1978,275500,378400,653900,2025,Logement,MAMH — Données Québec (rôle d'évaluation foncière),https://donneesouvertes.affmunqc.net/role/RL58007_2026.xml,,,,
"7815, Salomon",,Brossard,,,557.4,1978,290800,367100,657900,2025,Logement,MAMH — Données Québec (rôle d'évaluation foncière),https://donneesouvertes.affmunqc.net/role/RL58007_2026.xml,,,,
"8190, Saguenay",,Brossard,,,557.4,1979,290800,418600,709400,2025,Logement,MAMH — Données Québec (rôle d'évaluation foncière),https://donneesouvertes.affmunqc.net/role/RL58007_2026.xml,,,,
"8215, Saguenay",,Brossard,,,501.7,1978,275500,533700,809200,2025,Logement,MAMH — Données Québec (rôle d'évaluation foncière),https://donneesouvertes.affmunqc.net/role/RL58007_2026.xml,,,,
"7805, Salomon",,Brossard,,,557.4,1978,290800,376300,667100,2025,Logement,MAMH — Données Québec (rôle d'évaluation foncière),https://donneesouvertes.affmunqc.net/role/RL58007_2026.xml,,,,
"8210, Saguenay",,Brossard,,,557.4,1978,290800,503700,794500,2025,Logement,MAMH — Données Québec (rôle d'évaluation foncière),https://donneesouvertes.affmunqc.net/role/RL58007_2026.xml,,,,
"8225, Saguenay",,Brossard,,,501.7,1978,275500,519600,795100,2025,Logement,MAMH — Données Québec (rôle d'évaluation foncière),https://donneesouvertes.affmunqc.net/role/RL58007_2026.xml,,,,
"7795, Salomon",,Brossard,,,557.4,1978,290800,370400,661200,2025,Logement,MAMH — Données Québec (rôle d'évaluation foncière),https://donneesouvertes.affmunqc.net/role/RL58007_2026.xml,,,,
"7845, Salomon",,Brossard,,,674.2,1978,322900,405100,728000,2025,Logement,MAMH — Données Québec (rôle d'évaluation foncière),https://donneesouvertes.affmunqc.net/role/RL58007_2026.xml,,,,
"7855, Salomon",,Brossard,,,501.7,1978,275500,380600,656100,2025,Logement,MAMH — Données Québec (rôle d'évaluation foncière),https://donneesouvertes.affmunqc.net/role/RL58007_2026.xml,,,,
"7865, Salomon",,Brossard,,,525.9,1977,282100,430000,712100,2025,Logement,MAMH — Données Québec (rôle d'évaluation foncière),https://donneesouvertes.affmunqc.net/role/RL58007_2026.xml,,,,
"7875, Salomon",,Brossard,,,1009.3,1979,413900,801800,1215700,2025,Logement,MAMH — Données Québec (rôle d'évaluation foncière),https://donneesouvertes.affmunqc.net/role/RL58007_2026.xml,,,,
"7860, Salomon",,Brossard,,,577.3,1978,296300,358400,654700,2025,Logement,MAMH — Données Québec (rôle d'évaluation foncière),https://donneesouvertes.affmunqc.net/role/RL58007_2026.xml,,,,
"7880, Salomon",,Brossard,,,585.3,1978,298500,419000,717500,2025,Logement,MAMH — Données Québec (rôle d'évaluation foncière),https://donneesouvertes.affmunqc.net/role/RL58007_2026.xml,,,,
"7900, Salomon",,Brossard,,,561.1,1979,291800,485200,777000,2025,Logement,MAMH — Données Québec (rôle d'évaluation foncière),https://donneesouvertes.affmunqc.net/role/RL58007_2026.xml,,,,
"7800, Salomon",,Brossard,,,519,1978,280200,400100,680300,2025,Logement,MAMH — Données Québec (rôle d'évaluation foncière),https://donneesouvertes.affmunqc.net/role/RL58007_2026.xml,,,,
"7910, Salomon",,Brossard,,,557.4,1977,290800,390800,681600,2025,Logement,MAMH — Données Québec (rôle d'évaluation foncière),https://donneesouvertes.affmunqc.net/role/RL58007_2026.xml,,,,
"7790, Salomon",,Brossard,,,557.4,1978,290800,434600,725400,2025,Logement,MAMH — Données Québec (rôle d'évaluation foncière),https://donneesouvertes.affmunqc.net/role/RL58007_2026.xml,,,,
"8000, Saguenay",,Brossard,,,501.7,1978,275500,512300,787800,2025,Logement,MAMH — Données Québec (rôle d'évaluation foncière),https://donneesouvertes.affmunqc.net/role/RL58007_2026.xml,,,,
"7990, Saguenay",,Brossard,,,569.6,1978,294100,506400,800500,2025,Logement,MAMH — Données Québec (rôle d'évaluation foncière),https://donneesouvertes.affmunqc.net/role/RL58007_2026.xml,,,,
"7980, Saguenay",,Brossard,,,726.5,1978,337300,579600,916900,2025,Logement,MAMH — Données Québec (rôle d'évaluation foncière),https://donneesouvertes.affmunqc.net/role/RL58007_2026.xml,,,,
"7895, Salomon",,Brossard,,,609.4,1977,305100,362600,667700,2025,Logement,MAMH — Données Québec (rôle d'évaluation foncière),https://donneesouvertes.affmunqc.net/role/RL58007_2026.xml,,,,
"1215, Séville",,Brossard,,,1618.2,1976,504600,827000,1331600,2025,Logement,MAMH — Données Québec (rôle d'évaluation foncière),https://donneesouvertes.affmunqc.net/role/RL58007_2026.xml,,,,
"7905, Salomon",,Brossard,,,710,1979,332800,513600,846400,2025,Logement,MAMH — Données Québec (rôle d'évaluation foncière),https://donneesouvertes.affmunqc.net/role/RL58007_2026.xml,,,,
"7915, Salomon",,Brossard,,,557.4,1977,290800,379100,669900,2025,Logement,MAMH — Données Québec (rôle d'évaluation foncière),https://donneesouvertes.affmunqc.net/role/RL58007_2026.xml,,,,
"1575, Séville",,Brossard,,,475.2,2018,261400,1335100,1596500,2025,Logement,MAMH — Données Québec (rôle d'évaluation foncière),https://donneesouvertes.affmunqc.net/role/RL58007_2026.xml,,,,
"1225, Séville",,Brossard,,,630.1,1977,310800,520000,830800,2025,Logement,MAMH — Données Québec (rôle d'évaluation foncière),https://donneesouvertes.affmunqc.net/role/RL58007_2026.xml,,,,
"7925, Salomon",,Brossard,,,557.4,1977,290800,354300,645100,2025,Logement,MAMH — Données Québec (rôle d'évaluation foncière),https://donneesouvertes.affmunqc.net/role/RL58007_2026.xml,,,,
"8990, Rivard",,Brossard,,,557.4,1995,290800,946900,1237700,2025,Logement,MAMH — Données Québec (rôle d'évaluation foncière),https://donneesouvertes.affmunqc.net/role/RL58007_2026.xml,,,,
"8830, Rabelais",,Brossard,,,3693.2,1999,813800,3281700,4095500,2025,Logement,MAMH — Données Québec (rôle d'évaluation foncière),https://donneesouvertes.affmunqc.net/role/RL58007_2026.xml,,,,
"8215, Rimbaud",,Brossard,,,611,1984,305500,569800,875300,2025,Logement,MAMH — Données Québec (rôle d'évaluation foncière),https://donneesouvertes.affmunqc.net/role/RL58007_2026.xml,,,,
"8405, Sorbonne",,Brossard,,,27168.7,1980,5433700,38800,5472500,2025,Institutionnel,MAMH — Données Québec (rôle d'évaluation foncière),https://donneesouvertes.affmunqc.net/role/RL58007_2026.xml,,,,
"8375, Santiago",,Brossard,,,559,1986,291200,799600,1090800,2025,Logement,MAMH — Données Québec (rôle d'évaluation foncière),https://donneesouvertes.affmunqc.net/role/RL58007_2026.xml,,,,
"8350, Santiago",,Brossard,,,592.5,1984,300400,650700,951100,2025,Logement,MAMH — Données Québec (rôle d'évaluation foncière),https://donneesouvertes.affmunqc.net/role/RL58007_2026.xml,,,,
"8360, Santiago",,Brossard,,,535.9,1987,284900,618600,903500,2025,Logement,MAMH — Données Québec (rôle d'évaluation foncière),https://donneesouvertes.affmunqc.net/role/RL58007_2026.xml,,,,
"1520, Salzbourg",,Brossard,,,706.3,1985,331700,828000,1159700,2025,Logement,MAMH — Données Québec (rôle d'évaluation foncière),https://donneesouvertes.affmunqc.net/role/RL58007_2026.xml,,,,
"8370, Sorbonne",,Brossard,,,1076.5,1982,423900,603100,1027000,2025,Logement,MAMH — Données Québec (rôle d'évaluation foncière),https://donneesouvertes.affmunqc.net/role/RL58007_2026.xml,,,,
"1530, Salzbourg",,Brossard,,,637.9,1984,312900,800500,1113400,2025,Logement,MAMH — Données Québec (rôle d'évaluation foncière),https://donneesouvertes.affmunqc.net/role/RL58007_2026.xml,,,,
"8380, Sorbonne",,Brossard,,,706,1981,331700,436400,768100,2025,Logement,MAMH — Données Québec (rôle d'évaluation foncière),https://donneesouvertes.affmunqc.net/role/RL58007_2026.xml,,,,
"1540, Salzbourg",,Brossard,,,538.7,1984,285600,650900,936500,2025,Logement,MAMH — Données Québec (rôle d'évaluation foncière),https://donneesouvertes.affmunqc.net/role/RL58007_2026.xml,,,,
"8390, Sorbonne",,Brossard,,,621.3,1981,308400,492700,801100,2025,Logement,MAMH — Données Québec (rôle d'évaluation foncière),https://donneesouvertes.affmunqc.net/role/RL58007_2026.xml,,,,
"1550, Salzbourg",,Brossard,,,658.3,1984,318500,845700,1164200,2025,Logement,MAMH — Données Québec (rôle d'évaluation foncière),https://donneesouvertes.affmunqc.net/role/RL58007_2026.xml,,,,
"8400, Sorbonne",,Brossard,,,590.7,1981,299900,497100,797000,2025,Logement,MAMH — Données Québec (rôle d'évaluation foncière),https://donneesouvertes.affmunqc.net/role/RL58007_2026.xml,,,,
"1560, Salzbourg",,Brossard,,,566.9,1984,293400,580000,873400,2025,Logement,MAMH — Données Québec (rôle d'évaluation foncière),https://donneesouvertes.affmunqc.net/role/RL58007_2026.xml,,,,
"8410, Sorbonne",,Brossard,,,540.1,1981,286000,470600,756600,2025,Logement,MAMH — Données Québec (rôle d'évaluation foncière),https://donneesouvertes.affmunqc.net/role/RL58007_2026.xml,,,,
"8230, Santiago",,Brossard,,,529.9,1981,283200,549800,833000,2025,Logement,MAMH — Données Québec (rôle d'évaluation foncière),https://donneesouvertes.affmunqc.net/role/RL58007_2026.xml,,,,
"1525, Salzbourg",,Brossard,,,531.1,1984,283600,580500,864100,2025,Logement,MAMH — Données Québec (rôle d'évaluation foncière),https://donneesouvertes.affmunqc.net/role/RL58007_2026.xml,,,,
"8220, Santiago",,Brossard,,,529.9,1983,283200,829800,1113000,2025,Logement,MAMH — Données Québec (rôle d'évaluation foncière),https://donneesouvertes.affmunqc.net/role/RL58007_2026.xml,,,,
"1810, Salzbourg",,Brossard,,,1122,1985,430700,704200,1134900,2025,Logement,MAMH — Données Québec (rôle d'évaluation foncière),https://donneesouvertes.affmunqc.net/role/RL58007_2026.xml,,,,
"1800, Salzbourg",,Brossard,,,904.3,1985,386200,812100,1198300,2025,Logement,MAMH — Données Québec (rôle d'évaluation foncière),https://donneesouvertes.affmunqc.net/role/RL58007_2026.xml,,,,
"1535, Salzbourg",,Brossard,,,656.1,1984,317900,780500,1098400,2025,Logement,MAMH — Données Québec (rôle d'évaluation foncière),https://donneesouvertes.affmunqc.net/role/RL58007_2026.xml,,,,
"1790, Salzbourg",,Brossard,,,618.3,1983,307500,582100,889600,2025,Logement,MAMH — Données Québec (rôle d'évaluation foncière),https://donneesouvertes.affmunqc.net/role/RL58007_2026.xml,,,,
"1545, Salzbourg",,Brossard,,,524.6,1984,281800,662900,944700,2025,Logement,MAMH — Données Québec (rôle d'évaluation foncière),https://donneesouvertes.affmunqc.net/role/RL58007_2026.xml,,,,
"1780, Salzbourg",,Brossard,,,618.2,1983,307500,576900,884400,2025,Logement,MAMH — Données Québec (rôle d'évaluation foncière),https://donneesouvertes.affmunqc.net/role/RL58007_2026.xml,,,,
"1685, Salzbourg",,Brossard,,,579,1984,296700,681900,978600,2025,Logement,MAMH — Données Québec (rôle d'évaluation foncière),https://donneesouvertes.affmunqc.net/role/RL58007_2026.xml,,,,
"1575, Salzbourg",,Brossard,,,831.7,1983,366200,872500,1238700,2025,Logement,MAMH — Données Québec (rôle d'évaluation foncière),https://donneesouvertes.affmunqc.net/role/RL58007_2026.xml,,,,
"1675, Salzbourg",,Brossard,,,570.1,1983,294300,761200,1055500,2025,Logement,MAMH — Données Québec (rôle d'évaluation foncière),https://donneesouvertes.affmunqc.net/role/RL58007_2026.xml,,,,
"8185, Santiago",,Brossard,,,502,1984,275600,656400,932000,2025,Logement,MAMH — Données Québec (rôle d'évaluation foncière),https://donneesouvertes.affmunqc.net/role/RL58007_2026.xml,,,,
"8175, Santiago",,Brossard,,,502,1982,275600,578100,853700,2025,Logement,MAMH — Données Québec (rôle d'évaluation foncière),https://donneesouvertes.affmunqc.net/role/RL58007_2026.xml,,,,
"8210, Santiago",,Brossard,,,529.9,1983,283200,711400,994600,2025,Logement,MAMH — Données Québec (rôle d'évaluation foncière),https://donneesouvertes.affmunqc.net/role/RL58007_2026.xml,,,,
"8200, Santiago",,Brossard,,,529.9,1983,283200,535500,818700,2025,Logement,MAMH — Données Québec (rôle d'évaluation foncière),https://donneesouvertes.affmunqc.net/role/RL58007_2026.xml,,,,
"8190, Santiago",,Brossard,,,529.9,1981,283200,459200,742400,2025,Logement,MAMH — Données Québec (rôle d'évaluation foncière),https://donneesouvertes.affmunqc.net/role/RL58007_2026.xml,,,,
"8180, Santiago",,Brossard,,,529.9,1981,283200,594500,877700,2025,Logement,MAMH — Données Québec (rôle d'évaluation foncière),https://donneesouvertes.affmunqc.net/role/RL58007_2026.xml,,,,
"1770, Salzbourg",,Brossard,,,618.2,1984,307500,575500,883000,2025,Logement,MAMH — Données Québec (rôle d'évaluation foncière),https://donneesouvertes.affmunqc.net/role/RL58007_2026.xml,,,,
"8170, Santiago",,Brossard,,,739.9,1981,341000,879100,1220100,2025,Logement,MAMH — Données Québec (rôle d'évaluation foncière),https://donneesouvertes.affmunqc.net/role/RL58007_2026.xml,,,,
"1285, Sagan",,Brossard,,,721.4,1975,335900,620000,955900,2025,Logement,MAMH — Données Québec (rôle d'évaluation foncière),https://donneesouvertes.affmunqc.net/role/RL58007_2026.xml,,,,
"1760, Salzbourg",,Brossard,,,618.2,1983,307500,836100,1143600,2025,Logement,MAMH — Données Québec (rôle d'évaluation foncière),https://donneesouvertes.affmunqc.net/role/RL58007_2026.xml,,,,
"1750, Salzbourg",,Brossard,,,745.3,1984,342500,684400,1026900,2025,Logement,MAMH — Données Québec (rôle d'évaluation foncière),https://donneesouvertes.affmunqc.net/role/RL58007_2026.xml,,,,
"1295, Sagan",,Brossard,,,557.4,1975,290800,470700,761500,2025,Logement,MAMH — Données Québec (rôle d'évaluation foncière),https://donneesouvertes.affmunqc.net/role/RL58007_2026.xml,,,,
"1450, Saturne",,Brossard,,,639.5,1982,313400,467900,781300,2025,Logement,MAMH — Données Québec (rôle d'évaluation foncière),https://donneesouvertes.affmunqc.net/role/RL58007_2026.xml,,,,
"1460, Saturne",,Brossard,,,543.1,1983,286900,630600,917500,2025,Logement,MAMH — Données Québec (rôle d'évaluation foncière),https://donneesouvertes.affmunqc.net/role/RL58007_2026.xml,,,,
"1470, Saturne",,Brossard,,,800.7,1984,357700,562300,920000,2025,Logement,MAMH — Données Québec (rôle d'évaluation foncière),https://donneesouvertes.affmunqc.net/role/RL58007_2026.xml,,,,
"8165, Santiago",,Brossard,,,481.8,1980,265000,489800,754800,2025,Logement,MAMH — Données Québec (rôle d'évaluation foncière),https://donneesouvertes.affmunqc.net/role/RL58007_2026.xml,,,,
"8155, Santiago",,Brossard,,,506.5,1976,276800,532000,808800,2025,Logement,MAMH — Données Québec (rôle d'évaluation foncière),https://donneesouvertes.affmunqc.net/role/RL58007_2026.xml,,,,
"8145, Santiago",,Brossard,,,485,1976,266800,308200,575000,2025,Logement,MAMH — Données Québec (rôle d'évaluation foncière),https://donneesouvertes.affmunqc.net/role/RL58007_2026.xml,,,,
"8135, Santiago",,Brossard,,,485,1976,266800,468400,735200,2025,Logement,MAMH — Données Québec (rôle d'évaluation foncière),https://donneesouvertes.affmunqc.net/role/RL58007_2026.xml,,,,
"8125, Santiago",,Brossard,,,485,1976,266800,495900,762700,2025,Logement,MAMH — Données Québec (rôle d'évaluation foncière),https://donneesouvertes.affmunqc.net/role/RL58007_2026.xml,,,,
"8115, Santiago",,Brossard,,,443.1,1976,243700,474600,718300,2025,Logement,MAMH — Données Québec (rôle d'évaluation foncière),https://donneesouvertes.affmunqc.net/role/RL58007_2026.xml,,,,
"8150, Santiago",,Brossard,,,605.4,1975,304000,376600,680600,2025,Logement,MAMH — Données Québec (rôle d'évaluation foncière),https://donneesouvertes.affmunqc.net/role/RL58007_2026.xml,,,,
"8140, Santiago",,Brossard,,,557.4,1975,290800,328900,619700,2025,Logement,MAMH — Données Québec (rôle d'évaluation foncière),https://donneesouvertes.affmunqc.net/role/RL58007_2026.xml,,,,
"8130, Santiago",,Brossard,,,557.4,1975,290800,518500,809300,2025,Logement,MAMH — Données Québec (rôle d'évaluation foncière),https://donneesouvertes.affmunqc.net/role/RL58007_2026.xml,,,,
"8120, Santiago",,Brossard,,,553.4,1975,289700,310200,599900,2025,Logement,MAMH — Données Québec (rôle d'évaluation foncière),https://donneesouvertes.affmunqc.net/role/RL58007_2026.xml,,,,
"8220, Saguenay",,Brossard,,,557.4,1978,290800,483800,774600,2025,Logement,MAMH — Données Québec (rôle d'évaluation foncière),https://donneesouvertes.affmunqc.net/role/RL58007_2026.xml,,,,
"8235, Saguenay",,Brossard,,,501.7,1979,275500,362500,638000,2025,Logement,MAMH — Données Québec (rôle d'évaluation foncière),https://donneesouvertes.affmunqc.net/role/RL58007_2026.xml,,,,
"7785, Salomon",,Brossard,,,557.4,1978,290800,430700,721500,2025,Logement,MAMH — Données Québec (rôle d'évaluation foncière),https://donneesouvertes.affmunqc.net/role/RL58007_2026.xml,,,,
"8230, Saguenay",,Brossard,,,557.4,1978,290800,594700,885500,2025,Logement,MAMH — Données Québec (rôle d'évaluation foncière),https://donneesouvertes.affmunqc.net/role/RL58007_2026.xml,,,,
"7775, Salomon",,Brossard,,,557.4,1979,290800,432200,723000,2025,Logement,MAMH — Données Québec (rôle d'évaluation foncière),https://donneesouvertes.affmunqc.net/role/RL58007_2026.xml,,,,
"8105, Santiago",,Brossard,,,577.3,1976,296300,417300,713600,2025,Logement,MAMH — Données Québec (rôle d'évaluation foncière),https://donneesouvertes.affmunqc.net/role/RL58007_2026.xml,,,,
"8240, Saguenay",,Brossard,,,557.4,1975,290800,312100,602900,2025,Logement,MAMH — Données Québec (rôle d'évaluation foncière),https://donneesouvertes.affmunqc.net/role/RL58007_2026.xml,,,,
"7765, Salomon",,Brossard,,,557.4,1978,290800,429000,719800,2025,Logement,MAMH — Données Québec (rôle d'évaluation foncière),https://donneesouvertes.affmunqc.net/role/RL58007_2026.xml,,,,
"8250, Saguenay",,Brossard,,,557.4,1976,290800,452100,742900,2025,Logement,MAMH — Données Québec (rôle d'évaluation foncière),https://donneesouvertes.affmunqc.net/role/RL58007_2026.xml,,,,
"7755, Salomon",,Brossard,,,557.4,1978,290800,373300,664100,2025,Logement,MAMH — Données Québec (rôle d'évaluation foncière),https://donneesouvertes.affmunqc.net/role/RL58007_2026.xml,,,,
"8260, Saguenay",,Brossard,,,557.4,1975,290800,429800,720600,2025,Logement,MAMH — Données Québec (rôle d'évaluation foncière),https://donneesouvertes.affmunqc.net/role/RL58007_2026.xml,,,,
"8110, Santiago",,Brossard,,,569.6,1975,294100,412400,706500,2025,Logement,MAMH — Données Québec (rôle d'évaluation foncière),https://donneesouvertes.affmunqc.net/role/RL58007_2026.xml,,,,
"7745, Salomon",,Brossard,,,585.8,1977,298600,454000,752600,2025,Logement,MAMH — Données Québec (rôle d'évaluation foncière),https://donneesouvertes.affmunqc.net/role/RL58007_2026.xml,,,,
"8270, Saguenay",,Brossard,,,597.5,1975,301800,326100,627900,2025,Logement,MAMH — Données Québec (rôle d'évaluation foncière),https://donneesouvertes.affmunqc.net/role/RL58007_2026.xml,,,,
"7920, Salomon",,Brossard,,,557.4,1978,290800,360700,651500,2025,Logement,MAMH — Données Québec (rôle d'évaluation foncière),https://donneesouvertes.affmunqc.net/role/RL58007_2026.xml,,,,
"7780, Salomon",,Brossard,,,557.4,1978,290800,377900,668700,2025,Logement,MAMH — Données Québec (rôle d'évaluation foncière),https://donneesouvertes.affmunqc.net/role/RL58007_2026.xml,,,,
"7930, Salomon",,Brossard,,,557.4,1978,290800,506800,797600,2025,Logement,MAMH — Données Québec (rôle d'évaluation foncière),https://donneesouvertes.affmunqc.net/role/RL58007_2026.xml,,,,
"7770, Salomon",,Brossard,,,557.4,1978,290800,441700,732500,2025,Logement,MAMH — Données Québec (rôle d'évaluation foncière),https://donneesouvertes.affmunqc.net/role/RL58007_2026.xml,,,,
"7940, Salomon",,Brossard,,,557.4,1978,290800,398600,689400,2025,Logement,MAMH — Données Québec (rôle d'évaluation foncière),https://donneesouvertes.affmunqc.net/role/RL58007_2026.xml,,,,
"7760, Salomon",,Brossard,,,557.4,1977,290800,353000,643800,2025,Logement,MAMH — Données Québec (rôle d'évaluation foncière),https://donneesouvertes.affmunqc.net/role/RL58007_2026.xml,,,,
"7950, Salomon",,Brossard,,,557.4,1978,290800,396000,686800,2025,Logement,MAMH — Données Québec (rôle d'évaluation foncière),https://donneesouvertes.affmunqc.net/role/RL58007_2026.xml,,,,
"7750, Salomon",,Brossard,,,557.4,1978,290800,396100,686900,2025,Logement,MAMH — Données Québec (rôle d'évaluation foncière),https://donneesouvertes.affmunqc.net/role/RL58007_2026.xml,,,,
"7960, Salomon",,Brossard,,,623,1978,308800,470200,779000,2025,Logement,MAMH — Données Québec (rôle d'évaluation foncière),https://donneesouvertes.affmunqc.net/role/RL58007_2026.xml,,,,
"7740, Salomon",,Brossard,,,566.2,1978,293200,369100,662300,2025,Logement,MAMH — Données Québec (rôle d'évaluation foncière),https://donneesouvertes.affmunqc.net/role/RL58007_2026.xml,,,,
"1235, Séville",,Brossard,,,562,1977,292100,423500,715600,2025,Logement,MAMH — Données Québec (rôle d'évaluation foncière),https://donneesouvertes.affmunqc.net/role/RL58007_2026.xml,,,,
"7935, Salomon",,Brossard,,,557.4,1977,290800,383000,673800,2025,Logement,MAMH — Données Québec (rôle d'évaluation foncière),https://donneesouvertes.affmunqc.net/role/RL58007_2026.xml,,,,
"1245, Séville",,Brossard,,,524.3,1976,281700,484700,766400,2025,Logement,MAMH — Données Québec (rôle d'évaluation foncière),https://donneesouvertes.affmunqc.net/role/RL58007_2026.xml,,,,
"1570, Séville",,Brossard,,,943,1976,396800,590000,986800,2025,Logement,MAMH — Données Québec (rôle d'évaluation foncière),https://donneesouvertes.affmunqc.net/role/RL58007_2026.xml,,,,
"7945, Salomon",,Brossard,,,538.8,1977,285700,435900,721600,2025,Logement,MAMH — Données Québec (rôle d'évaluation foncière),https://donneesouvertes.affmunqc.net/role/RL58007_2026.xml,,,,
"1255, Séville",,Brossard,,,521.9,1976,281000,500400,781400,2025,Logement,MAMH — Données Québec (rôle d'évaluation foncière),https://donneesouvertes.affmunqc.net/role/RL58007_2026.xml,,,,
"7955, Salomon",,Brossard,,,557.4,1977,290800,394700,685500,2025,Logement,MAMH — Données Québec (rôle d'évaluation foncière),https://donneesouvertes.affmunqc.net/role/RL58007_2026.xml,,,,
"1260, Séville",,Brossard,,,598.6,1976,302100,548900,851000,2025,Logement,MAMH — Données Québec (rôle d'évaluation foncière),https://donneesouvertes.affmunqc.net/role/RL58007_2026.xml,,,,
"1265, Séville",,Brossard,,,501.7,1975,275500,405000,680500,2025,Logement,MAMH — Données Québec (rôle d'évaluation foncière),https://donneesouvertes.affmunqc.net/role/RL58007_2026.xml,,,,
"7965, Salomon",,Brossard,,,557.4,1978,290800,430900,721700,2025,Logement,MAMH — Données Québec (rôle d'évaluation foncière),https://donneesouvertes.affmunqc.net/role/RL58007_2026.xml,,,,
"1270, Séville",,Brossard,,,585.3,1978,298500,558800,857300,2025,Logement,MAMH — Données Québec (rôle d'évaluation foncière),https://donneesouvertes.affmunqc.net/role/RL58007_2026.xml,,,,
"1275, Séville",,Brossard,,,501.7,1976,275500,354400,629900,2025,Logement,MAMH — Données Québec (rôle d'évaluation foncière),https://donneesouvertes.affmunqc.net/role/RL58007_2026.xml,,,,
"7975, Salomon",,Brossard,,,520.3,1978,280600,537200,817800,2025,Logement,MAMH — Données Québec (rôle d'évaluation foncière),https://donneesouvertes.affmunqc.net/role/RL58007_2026.xml,,,,
"1285, Séville",,Brossard,,,501.7,1975,275500,525800,801300,2025,Logement,MAMH — Données Québec (rôle d'évaluation foncière),https://donneesouvertes.affmunqc.net/role/RL58007_2026.xml,,,,
"1280, Séville",,Brossard,,,582.9,1975,297800,800100,1097900,2025,Logement,MAMH — Données Québec (rôle d'évaluation foncière),https://donneesouvertes.affmunqc.net/role/RL58007_2026.xml,,,,
"8225, Rimbaud",,Brossard,,,511,1982,278000,536700,814700,2025,Logement,MAMH — Données Québec (rôle d'évaluation foncière),https://donneesouvertes.affmunqc.net/role/RL58007_2026.xml,,,,
"8995, Rivard",,Brossard,,,1129,1985,431700,1803100,2234800,2025,Logement,MAMH — Données Québec (rôle d'évaluation foncière),https://donneesouvertes.affmunqc.net/role/RL58007_2026.xml,,,,
"8235, Rimbaud",,Brossard,,,511,1981,278000,502300,780300,2025,Logement,MAMH — Données Québec (rôle d'évaluation foncière),https://donneesouvertes.affmunqc.net/role/RL58007_2026.xml,,,,
"9005, Rivard",,Brossard,,,540.4,1984,286100,661500,947600,2025,Logement,MAMH — Données Québec (rôle d'évaluation foncière),https://donneesouvertes.affmunqc.net/role/RL58007_2026.xml,,,,
"8245, Rimbaud",,Brossard,,,529.5,1981,283100,430100,713200,2025,Logement,MAMH — Données Québec (rôle d'évaluation foncière),https://donneesouvertes.affmunqc.net/role/RL58007_2026.xml,,,,
"8140, Renard",,Brossard,,,569.5,1981,294100,530500,824600,2025,Logement,MAMH — Données Québec (rôle d'évaluation foncière),https://donneesouvertes.affmunqc.net/role/RL58007_2026.xml,,,,
"8150, Renard",,Brossard,,,549.5,1981,288600,483600,772200,2025,Logement,MAMH — Données Québec (rôle d'évaluation foncière),https://donneesouvertes.affmunqc.net/role/RL58007_2026.xml,,,,
"8160, Renard",,Brossard,,,541.6,1981,286400,645500,931900,2025,Logement,MAMH — Données Québec (rôle d'évaluation foncière),https://donneesouvertes.affmunqc.net/role/RL58007_2026.xml,,,,
"8255, Rimbaud",,Brossard,,,511,1981,278000,523500,801500,2025,Logement,MAMH — Données Québec (rôle d'évaluation foncière),https://donneesouvertes.affmunqc.net/role/RL58007_2026.xml,,,,
"8135, Renard",,Brossard,,,559.5,1982,291400,679900,971300,2025,Logement,MAMH — Données Québec (rôle d'évaluation foncière),https://donneesouvertes.affmunqc.net/role/RL58007_2026.xml,,,,
"8145, Renard",,Brossard,,,559.6,1982,291400,454200,745600,2025,Logement,MAMH — Données Québec (rôle d'évaluation foncière),https://donneesouvertes.affmunqc.net/role/RL58007_2026.xml,,,,
"8265, Rimbaud",,Brossard,,,576,1981,295900,471400,767300,2025,Logement,MAMH — Données Québec (rôle d'évaluation foncière),https://donneesouvertes.affmunqc.net/role/RL58007_2026.xml,,,,
"8275, Rimbaud",,Brossard,,,695.8,1981,328800,679700,1008500,2025,Logement,MAMH — Données Québec (rôle d'évaluation foncière),https://donneesouvertes.affmunqc.net/role/RL58007_2026.xml,,,,
"1570, Salzbourg",,Brossard,,,521.2,1983,280800,673700,954500,2025,Logement,MAMH — Données Québec (rôle d'évaluation foncière),https://donneesouvertes.affmunqc.net/role/RL58007_2026.xml,,,,
"8420, Sorbonne",,Brossard,,,566.9,1981,293400,551200,844600,2025,Logement,MAMH — Données Québec (rôle d'évaluation foncière),https://donneesouvertes.affmunqc.net/role/RL58007_2026.xml,,,,
"8430, Sorbonne",,Brossard,,,566.9,1982,293400,533500,826900,2025,Logement,MAMH — Données Québec (rôle d'évaluation foncière),https://donneesouvertes.affmunqc.net/role/RL58007_2026.xml,,,,
"8440, Sorbonne",,Brossard,,,566.9,1982,293400,610000,903400,2025,Logement,MAMH — Données Québec (rôle d'évaluation foncière),https://donneesouvertes.affmunqc.net/role/RL58007_2026.xml,,,,
"8450, Sorbonne",,Brossard,,,566.9,1982,293400,727100,1020500,2025,Logement,MAMH — Données Québec (rôle d'évaluation foncière),https://donneesouvertes.affmunqc.net/role/RL58007_2026.xml,,,,
"8460, Sorbonne",,Brossard,,,658.4,1981,318600,499600,818200,2025,Logement,MAMH — Données Québec (rôle d'évaluation foncière),https://donneesouvertes.affmunqc.net/role/RL58007_2026.xml,,,,
"1665, Salzbourg",,Brossard,,,966,1985,403200,769800,1173000,2025,Logement,MAMH — Données Québec (rôle d'évaluation foncière),https://donneesouvertes.affmunqc.net/role/RL58007_2026.xml,,,,
"1585, Salzbourg",,Brossard,,,808.3,1983,359800,1243200,1603000,2025,Logement,MAMH — Données Québec (rôle d'évaluation foncière),https://donneesouvertes.affmunqc.net/role/RL58007_2026.xml,,,,
"1580, Salzbourg",,Brossard,,,539.5,1986,285900,764100,1050000,2025,Logement,MAMH — Données Québec (rôle d'évaluation foncière),https://donneesouvertes.affmunqc.net/role/RL58007_2026.xml,,,,
"1595, Salzbourg",,Brossard,,,814.2,1982,361400,811700,1173100,2025,Logement,MAMH — Données Québec (rôle d'évaluation foncière),https://donneesouvertes.affmunqc.net/role/RL58007_2026.xml,,,,
"1590, Salzbourg",,Brossard,,,530.3,1983,283300,645700,929000,2025,Logement,MAMH — Données Québec (rôle d'évaluation foncière),https://donneesouvertes.affmunqc.net/role/RL58007_2026.xml,,,,
"1600, Salzbourg",,Brossard,,,535.5,1983,284800,558300,843100,2025,Logement,MAMH — Données Québec (rôle d'évaluation foncière),https://donneesouvertes.affmunqc.net/role/RL58007_2026.xml,,,,
"1605, Salzbourg",,Brossard,,,866.2,1984,375700,784600,1160300,2025,Logement,MAMH — Données Québec (rôle d'évaluation foncière),https://donneesouvertes.affmunqc.net/role/RL58007_2026.xml,,,,
"1610, Salzbourg",,Brossard,,,522.8,1983,281300,536900,818200,2025,Logement,MAMH — Données Québec (rôle d'évaluation foncière),https://donneesouvertes.affmunqc.net/role/RL58007_2026.xml,,,,
"1615, Salzbourg",,Brossard,,,795.7,1983,356300,954900,1311200,2025,Logement,MAMH — Données Québec (rôle d'évaluation foncière),https://donneesouvertes.affmunqc.net/role/RL58007_2026.xml,,,,
"1620, Salzbourg",,Brossard,,,566.9,1983,293400,550000,843400,2025,Logement,MAMH — Données Québec (rôle d'évaluation foncière),https://donneesouvertes.affmunqc.net/role/RL58007_2026.xml,,,,
"8470, Sorbonne",,Brossard,,,566.9,1981,293400,555300,848700,2025,Logement,MAMH — Données Québec (rôle d'évaluation foncière),https://donneesouvertes.affmunqc.net/role/RL58007_2026.xml,,,,
"1623, Salzbourg",,Brossard,,,696.8,1987,329100,901000,1230100,2025,Logement,MAMH — Données Québec (rôle d'évaluation foncière),https://donneesouvertes.affmunqc.net/role/RL58007_2026.xml,,,,
"1740, Salzbourg",,Brossard,,,748.73,1984,343400,586500,929900,2025,Logement,MAMH — Données Québec (rôle d'évaluation foncière),https://donneesouvertes.affmunqc.net/role/RL58007_2026.xml,,,,
"1305, Sagan",,Brossard,,,557.4,1978,290800,560400,851200,2025,Logement,MAMH — Données Québec (rôle d'évaluation foncière),https://donneesouvertes.affmunqc.net/role/RL58007_2026.xml,,,,
"1655, Salzbourg",,Brossard,,,1170.5,1984,437900,1347900,1785800,2025,Logement,MAMH — Données Québec (rôle d'évaluation foncière),https://donneesouvertes.affmunqc.net/role/RL58007_2026.xml,,,,
"1315, Sagan",,Brossard,,,557.4,1977,290800,444800,735600,2025,Logement,MAMH — Données Québec (rôle d'évaluation foncière),https://donneesouvertes.affmunqc.net/role/RL58007_2026.xml,,,,
"1730, Salzbourg",,Brossard,,,618.2,1984,307500,640100,947600,2025,Logement,MAMH — Données Québec (rôle d'évaluation foncière),https://donneesouvertes.affmunqc.net/role/RL58007_2026.xml,,,,
"1645, Salzbourg",,Brossard,,,927.5,1986,392600,824300,1216900,2025,Logement,MAMH — Données Québec (rôle d'évaluation foncière),https://donneesouvertes.affmunqc.net/role/RL58007_2026.xml,,,,
"1325, Sagan",,Brossard,,,557.4,1977,290800,540500,831300,2025,Logement,MAMH — Données Québec (rôle d'évaluation foncière),https://donneesouvertes.affmunqc.net/role/RL58007_2026.xml,,,,
"1720, Salzbourg",,Brossard,,,618.2,1983,307500,781400,1088900,2025,Logement,MAMH — Données Québec (rôle d'évaluation foncière),https://donneesouvertes.affmunqc.net/role/RL58007_2026.xml,,,,
"1335, Sagan",,Brossard,,,650,1978,316300,389500,705800,2025,Logement,MAMH — Données Québec (rôle d'évaluation foncière),https://donneesouvertes.affmunqc.net/role/RL58007_2026.xml,,,,
"1635, Salzbourg",,Brossard,,,1069.24,1982,422800,1026300,1449100,2025,Logement,MAMH — Données Québec (rôle d'évaluation foncière),https://donneesouvertes.affmunqc.net/role/RL58007_2026.xml,,,,
"1710, Salzbourg",,Brossard,,,618.2,1984,307500,594800,902300,2025,Logement,MAMH — Données Québec (rôle d'évaluation foncière),https://donneesouvertes.affmunqc.net/role/RL58007_2026.xml,,,,
"1625, Salzbourg",,Brossard,,,693.9,1985,328300,875400,1203700,2025,Logement,MAMH — Données Québec (rôle d'évaluation foncière),https://donneesouvertes.affmunqc.net/role/RL58007_2026.xml,,,,
"1700, Salzbourg",,Brossard,,,696.1,1985,328900,839600,1168500,2025,Logement,MAMH — Données Québec (rôle d'évaluation foncière),https://donneesouvertes.affmunqc.net/role/RL58007_2026.xml,,,,
"1300, Sagan",,Brossard,,,610.1,1975,305300,467700,773000,2025,Logement,MAMH — Données Québec (rôle d'évaluation foncière),https://donneesouvertes.affmunqc.net/role/RL58007_2026.xml,,,,
"1310, Sagan",,Brossard,,,649.2,1975,316000,315800,631800,2025,Logement,MAMH — Données Québec (rôle d'évaluation foncière),https://donneesouvertes.affmunqc.net/role/RL58007_2026.xml,,,,
"1320, Sagan",,Brossard,,,869.2,1975,376500,581400,957900,2025,Logement,MAMH — Données Québec (rôle d'évaluation foncière),https://donneesouvertes.affmunqc.net/role/RL58007_2026.xml,,,,
"1330, Sagan",,Brossard,,,557.5,1975,290800,490100,780900,2025,Logement,MAMH — Données Québec (rôle d'évaluation foncière),https://donneesouvertes.affmunqc.net/role/RL58007_2026.xml,,,,
"1340, Sagan",,Brossard,,,630.9,1976,311000,485400,796400,2025,Logement,MAMH — Données Québec (rôle d'évaluation foncière),https://donneesouvertes.affmunqc.net/role/RL58007_2026.xml,,,,
"1350, Sagan",,Brossard,,,721,1978,335800,594900,930700,2025,Logement,MAMH — Données Québec (rôle d'évaluation foncière),https://donneesouvertes.affmunqc.net/role/RL58007_2026.xml,,,,
"1360, Sagan",,Brossard,,,557.3,1979,290800,600600,891400,2025,Logement,MAMH — Données Québec (rôle d'évaluation foncière),https://donneesouvertes.affmunqc.net/role/RL58007_2026.xml,,,,
"1370, Sagan",,Brossard,,,513.5,1977,278700,494200,772900,2025,Logement,MAMH — Données Québec (rôle d'évaluation foncière),https://donneesouvertes.affmunqc.net/role/RL58007_2026.xml,,,,
"8275, Saguenay",,Brossard,,,508.6,1976,277400,737300,1014700,2025,Logement,MAMH — Données Québec (rôle d'évaluation foncière),https://donneesouvertes.affmunqc.net/role/RL58007_2026.xml,,,,
"8060, Salomon",,Brossard,,,589.6,1976,299600,389900,689500,2025,Logement,MAMH — Données Québec (rôle d'évaluation foncière),https://donneesouvertes.affmunqc.net/role/RL58007_2026.xml,,,,
"8070, Salomon",,Brossard,,,509.9,1976,277700,325900,603600,2025,Logement,MAMH — Données Québec (rôle d'évaluation foncière),https://donneesouvertes.affmunqc.net/role/RL58007_2026.xml,,,,
"8080, Salomon",,Brossard,,,546.8,1975,287900,479400,767300,2025,Logement,MAMH — Données Québec (rôle d'évaluation foncière),https://donneesouvertes.affmunqc.net/role/RL58007_2026.xml,,,,
"8285, Saguenay",,Brossard,,,491.4,1975,270300,413600,683900,2025,Logement,MAMH — Données Québec (rôle d'évaluation foncière),https://donneesouvertes.affmunqc.net/role/RL58007_2026.xml,,,,
"8295, Saguenay",,Brossard,,,485.7,1976,267100,432500,699600,2025,Logement,MAMH — Données Québec (rôle d'évaluation foncière),https://donneesouvertes.affmunqc.net/role/RL58007_2026.xml,,,,
"8065, Salomon",,Brossard,,,501.7,1975,275500,363600,639100,2025,Logement,MAMH — Données Québec (rôle d'évaluation foncière),https://donneesouvertes.affmunqc.net/role/RL58007_2026.xml,,,,
"8075, Salomon",,Brossard,,,443.1,1976,243700,457000,700700,2025,Logement,MAMH — Données Québec (rôle d'évaluation foncière),https://donneesouvertes.affmunqc.net/role/RL58007_2026.xml,,,,
"8085, Salomon",,Brossard,,,577.9,1976,296400,554600,851000,2025,Logement,MAMH — Données Québec (rôle d'évaluation foncière),https://donneesouvertes.affmunqc.net/role/RL58007_2026.xml,,,,
"8305, Saguenay",,Brossard,,,491.5,1976,270300,379100,649400,2025,Logement,MAMH — Données Québec (rôle d'évaluation foncière),https://donneesouvertes.affmunqc.net/role/RL58007_2026.xml,,,,
"8315, Saguenay",,Brossard,,,523.1,1975,281400,69300,350700,2025,Terrain vacant,MAMH — Données Québec (rôle d'évaluation foncière),https://donneesouvertes.affmunqc.net/role/RL58007_2026.xml,,,,
"8080, Pelletier",,Brossard,,,589.7,1975,299700,281700,581400,2025,Logement,MAMH — Données Québec (rôle d'évaluation foncière),https://donneesouvertes.affmunqc.net/role/RL58007_2026.xml,,,,
"8090, Pelletier",,Brossard,,,746.1,1976,342700,373900,716600,2025,Logement,MAMH — Données Québec (rôle d'évaluation foncière),https://donneesouvertes.affmunqc.net/role/RL58007_2026.xml,,,,
"8010, Salomon",,Brossard,,,589.6,1975,299600,386400,686000,2025,Logement,MAMH — Données Québec (rôle d'évaluation foncière),https://donneesouvertes.affmunqc.net/role/RL58007_2026.xml,,,,
"8020, Salomon",,Brossard,,,509.9,1976,277700,366600,644300,2025,Logement,MAMH — Données Québec (rôle d'évaluation foncière),https://donneesouvertes.affmunqc.net/role/RL58007_2026.xml,,,,
"8030, Salomon",,Brossard,,,582.9,1976,297800,502200,800000,2025,Logement,MAMH — Données Québec (rôle d'évaluation foncière),https://donneesouvertes.affmunqc.net/role/RL58007_2026.xml,,,,
"8015, Salomon",,Brossard,,,465.4,1975,256000,448000,704000,2025,Logement,MAMH — Données Québec (rôle d'évaluation foncière),https://donneesouvertes.affmunqc.net/role/RL58007_2026.xml,,,,
"8025, Salomon",,Brossard,,,501.7,1976,275500,321900,597400,2025,Logement,MAMH — Données Québec (rôle d'évaluation foncière),https://donneesouvertes.affmunqc.net/role/RL58007_2026.xml,,,,
"8035, Salomon",,Brossard,,,501.7,1975,275500,416000,691500,2025,Logement,MAMH — Données Québec (rôle d'évaluation foncière),https://donneesouvertes.affmunqc.net/role/RL58007_2026.xml,,,,
"8045, Salomon",,Brossard,,,468.2,1976,257500,630600,888100,2025,Logement,MAMH — Données Québec (rôle d'évaluation foncière),https://donneesouvertes.affmunqc.net/role/RL58007_2026.xml,,,,
"8055, Salomon",,Brossard,,,501.7,1976,275500,354600,630100,2025,Logement,MAMH — Données Québec (rôle d'évaluation foncière),https://donneesouvertes.affmunqc.net/role/RL58007_2026.xml,,,,
"8020, Pelletier",,Brossard,,,618.7,1976,307600,429500,737100,2025,Logement,MAMH — Données Québec (rôle d'évaluation foncière),https://donneesouvertes.affmunqc.net/role/RL58007_2026.xml,,,,
"8030, Pelletier",,Brossard,,,564.4,1975,292700,428900,721600,2025,Logement,MAMH — Données Québec (rôle d'évaluation foncière),https://donneesouvertes.affmunqc.net/role/RL58007_2026.xml,,,,
"8040, Pelletier",,Brossard,,,574.4,1975,295500,341800,637300,2025,Logement,MAMH — Données Québec (rôle d'évaluation foncière),https://donneesouvertes.affmunqc.net/role/RL58007_2026.xml,,,,
"8050, Pelletier",,Brossard,,,570.1,1975,294300,480900,775200,2025,Logement,MAMH — Données Québec (rôle d'évaluation foncière),https://donneesouvertes.affmunqc.net/role/RL58007_2026.xml,,,,
"8060, Pelletier",,Brossard,,,571.4,1976,294600,509700,804300,2025,Logement,MAMH — Données Québec (rôle d'évaluation foncière),https://donneesouvertes.affmunqc.net/role/RL58007_2026.xml,,,,
"8070, Pelletier",,Brossard,,,577.9,1976,296400,496300,792700,2025,Logement,MAMH — Données Québec (rôle d'évaluation foncière),https://donneesouvertes.affmunqc.net/role/RL58007_2026.xml,,,,
"7985, Salomon",,Brossard,,,557.4,1977,290800,483300,774100,2025,Logement,MAMH — Données Québec (rôle d'évaluation foncière),https://donneesouvertes.affmunqc.net/role/RL58007_2026.xml,,,,
"1295, Séville",,Brossard,,,620.7,1976,308200,605900,914100,2025,Logement,MAMH — Données Québec (rôle d'évaluation foncière),https://donneesouvertes.affmunqc.net/role/RL58007_2026.xml,,,,
"7995, Salomon",,Brossard,,,616.8,1976,307100,516600,823700,2025,Logement,MAMH — Données Québec (rôle d'évaluation foncière),https://donneesouvertes.affmunqc.net/role/RL58007_2026.xml,,,,
"1335, Séville",,Brossard,,,557.4,1973,290800,560600,851400,2025,Logement,MAMH — Données Québec (rôle d'évaluation foncière),https://donneesouvertes.affmunqc.net/role/RL58007_2026.xml,,,,
"1305, Séville",,Brossard,,,990.9,1975,410000,478400,888400,2025,Logement,MAMH — Données Québec (rôle d'évaluation foncière),https://donneesouvertes.affmunqc.net/role/RL58007_2026.xml,,,,
"1315, Séville",,Brossard,,,664.5,1977,320200,426400,746600,2025,Logement,MAMH — Données Québec (rôle d'évaluation foncière),https://donneesouvertes.affmunqc.net/role/RL58007_2026.xml,,,,
"8005, Salomon",,Brossard,,,793,1975,355600,629300,984900,2025,Logement,MAMH — Données Québec (rôle d'évaluation foncière),https://donneesouvertes.affmunqc.net/role/RL58007_2026.xml,,,,
"7960, Pelletier",,Brossard,,,603.9,1976,303600,390300,693900,2025,Logement,MAMH — Données Québec (rôle d'évaluation foncière),https://donneesouvertes.affmunqc.net/role/RL58007_2026.xml,,,,
"7980, Pelletier",,Brossard,,,557.4,1975,290800,476700,767500,2025,Logement,MAMH — Données Québec (rôle d'évaluation foncière),https://donneesouvertes.affmunqc.net/role/RL58007_2026.xml,,,,
"7990, Pelletier",,Brossard,,,557.4,1976,290800,461200,752000,2025,Logement,MAMH — Données Québec (rôle d'évaluation foncière),https://donneesouvertes.affmunqc.net/role/RL58007_2026.xml,,,,
"8010, Pelletier",,Brossard,,,681.6,1975,324900,385800,710700,2025,Logement,MAMH — Données Québec (rôle d'évaluation foncière),https://donneesouvertes.affmunqc.net/role/RL58007_2026.xml,,,,
"8000, Pelletier",,Brossard,,,643.7,1976,314500,558800,873300,2025,Logement,MAMH — Données Québec (rôle d'évaluation foncière),https://donneesouvertes.affmunqc.net/role/RL58007_2026.xml,,,,
"8155, Renard",,Brossard,,,542.4,1986,286700,589400,876100,2025,Logement,MAMH — Données Québec (rôle d'évaluation foncière),https://donneesouvertes.affmunqc.net/role/RL58007_2026.xml,,,,
"8165, Renard",,Brossard,,,543.8,1982,287000,590700,877700,2025,Logement,MAMH — Données Québec (rôle d'évaluation foncière),https://donneesouvertes.affmunqc.net/role/RL58007_2026.xml,,,,
"8175, Renard",,Brossard,,,559.5,1983,291400,644500,935900,2025,Logement,MAMH — Données Québec (rôle d'évaluation foncière),https://donneesouvertes.affmunqc.net/role/RL58007_2026.xml,,,,
"8200, Racine",,Brossard,,,539.6,1983,285900,504800,790700,2025,Logement,MAMH — Données Québec (rôle d'évaluation foncière),https://donneesouvertes.affmunqc.net/role/RL58007_2026.xml,,,,
"8210, Racine",,Brossard,,,500.3,1983,275100,676200,951300,2025,Logement,MAMH — Données Québec (rôle d'évaluation foncière),https://donneesouvertes.affmunqc.net/role/RL58007_2026.xml,,,,
"8220, Racine",,Brossard,,,514.2,1983,278900,599800,878700,2025,Logement,MAMH — Données Québec (rôle d'évaluation foncière),https://donneesouvertes.affmunqc.net/role/RL58007_2026.xml,,,,
"8230, Racine",,Brossard,,,516.4,1984,279500,548900,828400,2025,Logement,MAMH — Données Québec (rôle d'évaluation foncière),https://donneesouvertes.affmunqc.net/role/RL58007_2026.xml,,,,
"8240, Racine",,Brossard,,,569,1983,294000,652600,946600,2025,Logement,MAMH — Données Québec (rôle d'évaluation foncière),https://donneesouvertes.affmunqc.net/role/RL58007_2026.xml,,,,
"8310, Rimbaud",,Brossard,,,580.3,1981,297100,580100,877200,2025,Logement,MAMH — Données Québec (rôle d'évaluation foncière),https://donneesouvertes.affmunqc.net/role/RL58007_2026.xml,,,,
"8215, Racine",,Brossard,,,856.2,1985,373000,641300,1014300,2025,Logement,MAMH — Données Québec (rôle d'évaluation foncière),https://donneesouvertes.affmunqc.net/role/RL58007_2026.xml,,,,
"8320, Rimbaud",,Brossard,,,650.3,1981,316300,570100,886400,2025,Logement,MAMH — Données Québec (rôle d'évaluation foncière),https://donneesouvertes.affmunqc.net/role/RL58007_2026.xml,,,,
"8235, Racine",,Brossard,,,1410.5,1983,473700,956600,1430300,2025,Logement,MAMH — Données Québec (rôle d'évaluation foncière),https://donneesouvertes.affmunqc.net/role/RL58007_2026.xml,,,,
"8295, Rimbaud",,Brossard,,,836,1981,367400,781500,1148900,2025,Logement,MAMH — Données Québec (rôle d'évaluation foncière),https://donneesouvertes.affmunqc.net/role/RL58007_2026.xml,,,,
"8305, Rimbaud",,Brossard,,,511,1981,278000,474900,752900,2025,Logement,MAMH — Données Québec (rôle d'évaluation foncière),https://donneesouvertes.affmunqc.net/role/RL58007_2026.xml,,,,
"8315, Rimbaud",,Brossard,,,529.5,1984,283100,640300,923400,2025,Logement,MAMH — Données Québec (rôle d'évaluation foncière),https://donneesouvertes.affmunqc.net/role/RL58007_2026.xml,,,,
"8325, Rimbaud",,Brossard,,,511,1985,278000,554800,832800,2025,Logement,MAMH — Données Québec (rôle d'évaluation foncière),https://donneesouvertes.affmunqc.net/role/RL58007_2026.xml,,,,
"8335, Rimbaud",,Brossard,,,512,1984,278300,963800,1242100,2025,Logement,MAMH — Données Québec (rôle d'évaluation foncière),https://donneesouvertes.affmunqc.net/role/RL58007_2026.xml,,,,
"8330, Rimbaud",,Brossard,,,511,1982,278000,508500,786500,2025,Logement,MAMH — Données Québec (rôle d'évaluation foncière),https://donneesouvertes.affmunqc.net/role/RL58007_2026.xml,,,,
"1630, Salzbourg",,Brossard,,,557.8,1983,290900,562500,853400,2025,Logement,MAMH — Données Québec (rôle d'évaluation foncière),https://donneesouvertes.affmunqc.net/role/RL58007_2026.xml,,,,
"8480, Sorbonne",,Brossard,,,557.8,1980,290900,610000,900900,2025,Logement,MAMH — Données Québec (rôle d'évaluation foncière),https://donneesouvertes.affmunqc.net/role/RL58007_2026.xml,,,,
"1640, Salzbourg",,Brossard,,,557.8,1983,290900,574100,865000,2025,Logement,MAMH — Données Québec (rôle d'évaluation foncière),https://donneesouvertes.affmunqc.net/role/RL58007_2026.xml,,,,
"8490, Sorbonne",,Brossard,,,557.8,1980,290900,445300,736200,2025,Logement,MAMH — Données Québec (rôle d'évaluation foncière),https://donneesouvertes.affmunqc.net/role/RL58007_2026.xml,,,,
"1650, Salzbourg",,Brossard,,,782.7,1983,352700,642500,995200,2025,Logement,MAMH — Données Québec (rôle d'évaluation foncière),https://donneesouvertes.affmunqc.net/role/RL58007_2026.xml,,,,
"8500, Sorbonne",,Brossard,,,557.8,1980,290900,553000,843900,2025,Logement,MAMH — Données Québec (rôle d'évaluation foncière),https://donneesouvertes.affmunqc.net/role/RL58007_2026.xml,,,,
"1660, Salzbourg",,Brossard,,,930.1,1984,393300,1064700,1458000,2025,Logement,MAMH — Données Québec (rôle d'évaluation foncière),https://donneesouvertes.affmunqc.net/role/RL58007_2026.xml,,,,
"8510, Sorbonne",,Brossard,,,557.8,1980,290900,682200,973100,2025,Logement,MAMH — Données Québec (rôle d'évaluation foncière),https://donneesouvertes.affmunqc.net/role/RL58007_2026.xml,,,,
"8240, Pelletier",,Brossard,,,595.7,1980,301300,417400,718700,2025,Logement,MAMH — Données Québec (rôle d'évaluation foncière),https://donneesouvertes.affmunqc.net/role/RL58007_2026.xml,,,,
"8520, Sorbonne",,Brossard,,,557.8,1980,290900,553700,844600,2025,Logement,MAMH — Données Québec (rôle d'évaluation foncière),https://donneesouvertes.affmunqc.net/role/RL58007_2026.xml,,,,
"8250, Pelletier",,Brossard,,,633,1979,311600,520500,832100,2025,Logement,MAMH — Données Québec (rôle d'évaluation foncière),https://donneesouvertes.affmunqc.net/role/RL58007_2026.xml,,,,
"8530, Sorbonne",,Brossard,,,606.9,1980,304400,608600,913000,2025,Logement,MAMH — Données Québec (rôle d'évaluation foncière),https://donneesouvertes.affmunqc.net/role/RL58007_2026.xml,,,,
"1345, Sagan",,Brossard,,,1284.9,1979,455000,550900,1005900,2025,Logement,MAMH — Données Québec (rôle d'évaluation foncière),https://donneesouvertes.affmunqc.net/role/RL58007_2026.xml,,,,
"1690, Salzbourg",,Brossard,,,830.6,1983,365900,550400,916300,2025,Logement,MAMH — Données Québec (rôle d'évaluation foncière),https://donneesouvertes.affmunqc.net/role/RL58007_2026.xml,,,,
"1680, Salzbourg",,Brossard,,,685.8,1983,326100,641400,967500,2025,Logement,MAMH — Données Québec (rôle d'évaluation foncière),https://donneesouvertes.affmunqc.net/role/RL58007_2026.xml,,,,
"1670, Salzbourg",,Brossard,,,685.8,1984,326100,787600,1113700,2025,Logement,MAMH — Données Québec (rôle d'évaluation foncière),https://donneesouvertes.affmunqc.net/role/RL58007_2026.xml,,,,
"8190, Pelletier",,Brossard,,,521.5,1979,280900,445900,726800,2025,Logement,MAMH — Données Québec (rôle d'évaluation foncière),https://donneesouvertes.affmunqc.net/role/RL58007_2026.xml,,,,
"8200, Pelletier",,Brossard,,,557.8,1979,290900,527700,818600,2025,Logement,MAMH — Données Québec (rôle d'évaluation foncière),https://donneesouvertes.affmunqc.net/role/RL58007_2026.xml,,,,
"8210, Pelletier",,Brossard,,,603.5,1979,303500,391400,694900,2025,Logement,MAMH — Données Québec (rôle d'évaluation foncière),https://donneesouvertes.affmunqc.net/role/RL58007_2026.xml,,,,
"8220, Pelletier",,Brossard,,,603.5,1980,303500,504500,808000,2025,Logement,MAMH — Données Québec (rôle d'évaluation foncière),https://donneesouvertes.affmunqc.net/role/RL58007_2026.xml,,,,
"8230, Pelletier",,Brossard,,,557.8,1982,290900,485200,776100,2025,Logement,MAMH — Données Québec (rôle d'évaluation foncière),https://donneesouvertes.affmunqc.net/role/RL58007_2026.xml,,,,
"1380, Sagan",,Brossard,,,771.07,1978,349500,528900,878400,2025,Logement,MAMH — Données Québec (rôle d'évaluation foncière),https://donneesouvertes.affmunqc.net/role/RL58007_2026.xml,,,,
"8130, Pelletier",,Brossard,,,586.9,1978,298900,470800,769700,2025,Logement,MAMH — Données Québec (rôle d'évaluation foncière),https://donneesouvertes.affmunqc.net/role/RL58007_2026.xml,,,,
"8140, Pelletier",,Brossard,,,523.2,1978,281400,435800,717200,2025,Logement,MAMH — Données Québec (rôle d'évaluation foncière),https://donneesouvertes.affmunqc.net/role/RL58007_2026.xml,,,,
"8150, Pelletier",,Brossard,,,526.9,1979,282400,418800,701200,2025,Logement,MAMH — Données Québec (rôle d'évaluation foncière),https://donneesouvertes.affmunqc.net/role/RL58007_2026.xml,,,,
"8160, Pelletier",,Brossard,,,526.9,1978,282400,379800,662200,2025,Logement,MAMH — Données Québec (rôle d'évaluation foncière),https://donneesouvertes.affmunqc.net/role/RL58007_2026.xml,,,,
"8170, Pelletier",,Brossard,,,526.9,1979,282400,501200,783600,2025,Logement,MAMH — Données Québec (rôle d'évaluation foncière),https://donneesouvertes.affmunqc.net/role/RL58007_2026.xml,,,,
"8180, Pelletier",,Brossard,,,545.7,1979,287600,730300,1017900,2025,Logement,MAMH — Données Québec (rôle d'évaluation foncière),https://donneesouvertes.affmunqc.net/role/RL58007_2026.xml,,,,
"8110, Pelletier",,Brossard,,,558.3,1975,291000,416000,707000,2025,Logement,MAMH — Données Québec (rôle d'évaluation foncière),https://donneesouvertes.affmunqc.net/role/RL58007_2026.xml,,,,
"8120, Pelletier",,Brossard,,,531.9,1976,283800,480100,763900,2025,Logement,MAMH — Données Québec (rôle d'évaluation foncière),https://donneesouvertes.affmunqc.net/role/RL58007_2026.xml,,,,
"8085, Pelletier",,Brossard,,,571.4,1976,294600,360500,655100,2025,Logement,MAMH — Données Québec (rôle d'évaluation foncière),https://donneesouvertes.affmunqc.net/role/RL58007_2026.xml,,,,
"8095, Pelletier",,Brossard,,,627.45,1976,310000,409400,719400,2025,Logement,MAMH — Données Québec (rôle d'évaluation foncière),https://donneesouvertes.affmunqc.net/role/RL58007_2026.xml,,,,
"8415, Saguenay",,Brossard,,,634,1981,311900,552300,864200,2025,Logement,MAMH — Données Québec (rôle d'évaluation foncière),https://donneesouvertes.affmunqc.net/role/RL58007_2026.xml,,,,
"8425, Saguenay",,Brossard,,,557.4,1980,290800,584200,875000,2025,Logement,MAMH — Données Québec (rôle d'évaluation foncière),https://donneesouvertes.affmunqc.net/role/RL58007_2026.xml,,,,
"1485, Socrate",,Brossard,,,638.8,1981,313200,594200,907400,2025,Logement,MAMH — Données Québec (rôle d'évaluation foncière),https://donneesouvertes.affmunqc.net/role/RL58007_2026.xml,,,,
"8435, Saguenay",,Brossard,,,557.4,1980,290800,747300,1038100,2025,Logement,MAMH — Données Québec (rôle d'évaluation foncière),https://donneesouvertes.affmunqc.net/role/RL58007_2026.xml,,,,
"8035, Pelletier",,Brossard,,,521.7,1979,281000,457700,738700,2025,Logement,MAMH — Données Québec (rôle d'évaluation foncière),https://donneesouvertes.affmunqc.net/role/RL58007_2026.xml,,,,
"8045, Pelletier",,Brossard,,,558.9,1977,291200,392500,683700,2025,Logement,MAMH — Données Québec (rôle d'évaluation foncière),https://donneesouvertes.affmunqc.net/role/RL58007_2026.xml,,,,
"8055, Pelletier",,Brossard,,,558.9,1977,291200,449700,740900,2025,Logement,MAMH — Données Québec (rôle d'évaluation foncière),https://donneesouvertes.affmunqc.net/role/RL58007_2026.xml,,,,
"8065, Pelletier",,Brossard,,,558.9,1977,291200,338800,630000,2025,Logement,MAMH — Données Québec (rôle d'évaluation foncière),https://donneesouvertes.affmunqc.net/role/RL58007_2026.xml,,,,
"8075, Pelletier",,Brossard,,,572.3,1977,294900,495400,790300,2025,Logement,MAMH — Données Québec (rôle d'évaluation foncière),https://donneesouvertes.affmunqc.net/role/RL58007_2026.xml,,,,
"1605, Socrate",,Brossard,,,508,1977,277200,429700,706900,2025,Logement,MAMH — Données Québec (rôle d'évaluation foncière),https://donneesouvertes.affmunqc.net/role/RL58007_2026.xml,,,,
"1585, Socrate",,Brossard,,,512.4,1977,278400,387300,665700,2025,Logement,MAMH — Données Québec (rôle d'évaluation foncière),https://donneesouvertes.affmunqc.net/role/RL58007_2026.xml,,,,
"1565, Socrate",,Brossard,,,518.7,1977,280100,426800,706900,2025,Logement,MAMH — Données Québec (rôle d'évaluation foncière),https://donneesouvertes.affmunqc.net/role/RL58007_2026.xml,,,,
"1545, Socrate",,Brossard,,,527.1,1978,282500,386000,668500,2025,Logement,MAMH — Données Québec (rôle d'évaluation foncière),https://donneesouvertes.affmunqc.net/role/RL58007_2026.xml,,,,
"1525, Socrate",,Brossard,,,537.4,1977,285300,392500,677800,2025,Logement,MAMH — Données Québec (rôle d'évaluation foncière),https://donneesouvertes.affmunqc.net/role/RL58007_2026.xml,,,,
"1505, Socrate",,Brossard,,,546.5,1978,287800,390000,677800,2025,Logement,MAMH — Données Québec (rôle d'évaluation foncière),https://donneesouvertes.affmunqc.net/role/RL58007_2026.xml,,,,
"7985, Pelletier",,Brossard,,,566.5,1977,293300,438200,731500,2025,Logement,MAMH — Données Québec (rôle d'évaluation foncière),https://donneesouvertes.affmunqc.net/role/RL58007_2026.xml,,,,
"7995, Pelletier",,Brossard,,,557.4,1977,290800,403100,693900,2025,Logement,MAMH — Données Québec (rôle d'évaluation foncière),https://donneesouvertes.affmunqc.net/role/RL58007_2026.xml,,,,
"8005, Pelletier",,Brossard,,,557.4,1977,290800,335800,626600,2025,Logement,MAMH — Données Québec (rôle d'évaluation foncière),https://donneesouvertes.affmunqc.net/role/RL58007_2026.xml,,,,
"8015, Pelletier",,Brossard,,,510.7,1977,277900,364400,642300,2025,Logement,MAMH — Données Québec (rôle d'évaluation foncière),https://donneesouvertes.affmunqc.net/role/RL58007_2026.xml,,,,
"8025, Pelletier",,Brossard,,,596.1,1979,301400,417000,718400,2025,Logement,MAMH — Données Québec (rôle d'évaluation foncière),https://donneesouvertes.affmunqc.net/role/RL58007_2026.xml,,,,
"1665, Socrate",,Brossard,,,543.8,1977,287000,444700,731700,2025,Logement,MAMH — Données Québec (rôle d'évaluation foncière),https://donneesouvertes.affmunqc.net/role/RL58007_2026.xml,,,,
"1655, Socrate",,Brossard,,,585.3,1977,298500,285200,583700,2025,Logement,MAMH — Données Québec (rôle d'évaluation foncière),https://donneesouvertes.affmunqc.net/role/RL58007_2026.xml,,,,
"1645, Socrate",,Brossard,,,557.6,1977,290800,427600,718400,2025,Logement,MAMH — Données Québec (rôle d'évaluation foncière),https://donneesouvertes.affmunqc.net/role/RL58007_2026.xml,,,,
"1625, Socrate",,Brossard,,,517.7,1977,279900,410200,690100,2025,Logement,MAMH — Données Québec (rôle d'évaluation foncière),https://donneesouvertes.affmunqc.net/role/RL58007_2026.xml,,,,
"1700, Socrate",,Brossard,,,569.8,1979,294200,772500,1066700,2025,Logement,MAMH — Données Québec (rôle d'évaluation foncière),https://donneesouvertes.affmunqc.net/role/RL58007_2026.xml,,,,
"8265, Racine",,Brossard,,,864.3,1985,375200,723600,1098800,2025,Logement,MAMH — Données Québec (rôle d'évaluation foncière),https://donneesouvertes.affmunqc.net/role/RL58007_2026.xml,,,,
"8245, Racine",,Brossard,,,512.9,1981,278500,450600,729100,2025,Logement,MAMH — Données Québec (rôle d'évaluation foncière),https://donneesouvertes.affmunqc.net/role/RL58007_2026.xml,,,,
"8255, Racine",,Brossard,,,511.3,1981,278100,624500,902600,2025,Logement,MAMH — Données Québec (rôle d'évaluation foncière),https://donneesouvertes.affmunqc.net/role/RL58007_2026.xml,,,,
"8275, Racine",,Brossard,,,781,1981,352300,738400,1090700,2025,Logement,MAMH — Données Québec (rôle d'évaluation foncière),https://donneesouvertes.affmunqc.net/role/RL58007_2026.xml,,,,
"8285, Racine",,Brossard,,,622.4,1981,308700,675700,984400,2025,Logement,MAMH — Données Québec (rôle d'évaluation foncière),https://donneesouvertes.affmunqc.net/role/RL58007_2026.xml,,,,
"8295, Racine",,Brossard,,,520.9,1982,280700,535600,816300,2025,Logement,MAMH — Données Québec (rôle d'évaluation foncière),https://donneesouvertes.affmunqc.net/role/RL58007_2026.xml,,,,
"8305, Racine",,Brossard,,,459.9,1982,252900,550300,803200,2025,Logement,MAMH — Données Québec (rôle d'évaluation foncière),https://donneesouvertes.affmunqc.net/role/RL58007_2026.xml,,,,
"8380, Rimbaud",,Brossard,,,529.5,1981,283100,543500,826600,2025,Logement,MAMH — Données Québec (rôle d'évaluation foncière),https://donneesouvertes.affmunqc.net/role/RL58007_2026.xml,,,,
"8315, Racine",,Brossard,,,609.6,1981,305100,633600,938700,2025,Logement,MAMH — Données Québec (rôle d'évaluation foncière),https://donneesouvertes.affmunqc.net/role/RL58007_2026.xml,,,,
"8390, Rimbaud",,Brossard,,,529.5,1982,283100,624200,907300,2025,Logement,MAMH — Données Québec (rôle d'évaluation foncière),https://donneesouvertes.affmunqc.net/role/RL58007_2026.xml,,,,
"8335, Racine",,Brossard,,,535.5,1984,284800,505400,790200,2025,Logement,MAMH — Données Québec (rôle d'évaluation foncière),https://donneesouvertes.affmunqc.net/role/RL58007_2026.xml,,,,
"8345, Rimbaud",,Brossard,,,621.4,1984,308400,757800,1066200,2025,Logement,MAMH — Données Québec (rôle d'évaluation foncière),https://donneesouvertes.affmunqc.net/role/RL58007_2026.xml,,,,
"8340, Rimbaud",,Brossard,,,535.8,1981,284800,520400,805200,2025,Logement,MAMH — Données Québec (rôle d'évaluation foncière),https://donneesouvertes.affmunqc.net/role/RL58007_2026.xml,,,,
"8355, Rimbaud",,Brossard,,,785.9,1984,353600,772300,1125900,2025,Logement,MAMH — Données Québec (rôle d'évaluation foncière),https://donneesouvertes.affmunqc.net/role/RL58007_2026.xml,,,,
"8350, Rimbaud",,Brossard,,,539.1,1981,285800,714700,1000500,2025,Logement,MAMH — Données Québec (rôle d'évaluation foncière),https://donneesouvertes.affmunqc.net/role/RL58007_2026.xml,,,,
"8360, Rimbaud",,Brossard,,,562.6,1983,292200,523800,816000,2025,Logement,MAMH — Données Québec (rôle d'évaluation foncière),https://donneesouvertes.affmunqc.net/role/RL58007_2026.xml,,,,
"1500, Rousseau",,Brossard,,,720.4,1984,335600,871700,1207300,2025,Logement,MAMH — Données Québec (rôle d'évaluation foncière),https://donneesouvertes.affmunqc.net/role/RL58007_2026.xml,,,,
"1510, Rousseau",,Brossard,,,791.6,1986,355200,777900,1133100,2025,Logement,MAMH — Données Québec (rôle d'évaluation foncière),https://donneesouvertes.affmunqc.net/role/RL58007_2026.xml,,,,
"8370, Rimbaud",,Brossard,,,557.4,1981,290800,888600,1179400,2025,Logement,MAMH — Données Québec (rôle d'évaluation foncière),https://donneesouvertes.affmunqc.net/role/RL58007_2026.xml,,,,
"1520, Rousseau",,Brossard,,,683.2,1986,325400,752300,1077700,2025,Logement,MAMH — Données Québec (rôle d'évaluation foncière),https://donneesouvertes.affmunqc.net/role/RL58007_2026.xml,,,,
"1530, Rousseau",,Brossard,,,502,1982,275600,498000,773600,2025,Logement,MAMH — Données Québec (rôle d'évaluation foncière),https://donneesouvertes.affmunqc.net/role/RL58007_2026.xml,,,,
"8375, Rimbaud",,Brossard,,,535.5,1981,284800,605700,890500,2025,Logement,MAMH — Données Québec (rôle d'évaluation foncière),https://donneesouvertes.affmunqc.net/role/RL58007_2026.xml,,,,
"8350, Pelletier",,Brossard,,,,1979,213600,49800,263400,2025,Immeuble à bureaux,MAMH — Données Québec (rôle d'évaluation foncière),https://donneesouvertes.affmunqc.net/role/RL58007_2026.xml,,,,
"8265, Pelletier",,Brossard,,,548.5,1981,288300,282300,570600,2025,Terrain vacant,MAMH — Données Québec (rôle d'évaluation foncière),https://donneesouvertes.affmunqc.net/role/RL58007_2026.xml,,,,
"8205, Pelletier",,Brossard,,,57224.7,,11444900,,11444900,2025,Institutionnel,MAMH — Données Québec (rôle d'évaluation foncière),https://donneesouvertes.affmunqc.net/role/RL58007_2026.xml,,,,
"8445, Saguenay",,Brossard,,,557.4,1980,290800,422800,713600,2025,Logement,MAMH — Données Québec (rôle d'évaluation foncière),https://donneesouvertes.affmunqc.net/role/RL58007_2026.xml,,,,
"1450, Socrate",,Brossard,,,610.7,1978,305400,556100,861500,2025,Logement,MAMH — Données Québec (rôle d'évaluation foncière),https://donneesouvertes.affmunqc.net/role/RL58007_2026.xml,,,,
"8455, Saguenay",,Brossard,,,583.6,1980,298000,590100,888100,2025,Logement,MAMH — Données Québec (rôle d'évaluation foncière),https://donneesouvertes.affmunqc.net/role/RL58007_2026.xml,,,,
"8465, Saguenay",,Brossard,,,583.6,1979,298000,477800,775800,2025,Logement,MAMH — Données Québec (rôle d'évaluation foncière),https://donneesouvertes.affmunqc.net/role/RL58007_2026.xml,,,,
"8475, Saguenay",,Brossard,,,583.6,1980,298000,731600,1029600,2025,Logement,MAMH — Données Québec (rôle d'évaluation foncière),https://donneesouvertes.affmunqc.net/role/RL58007_2026.xml,,,,
"8485, Saguenay",,Brossard,,,567.5,1979,293600,450800,744400,2025,Logement,MAMH — Données Québec (rôle d'évaluation foncière),https://donneesouvertes.affmunqc.net/role/RL58007_2026.xml,,,,
"8495, Saguenay",,Brossard,,,557.4,1983,290800,681400,972200,2025,Logement,MAMH — Données Québec (rôle d'évaluation foncière),https://donneesouvertes.affmunqc.net/role/RL58007_2026.xml,,,,
"1620, Socrate",,Brossard,,,505.9,1978,276600,445500,722100,2025,Logement,MAMH — Données Québec (rôle d'évaluation foncière),https://donneesouvertes.affmunqc.net/role/RL58007_2026.xml,,,,
"1610, Socrate",,Brossard,,,531.1,1979,283600,466600,750200,2025,Logement,MAMH — Données Québec (rôle d'évaluation foncière),https://donneesouvertes.affmunqc.net/role/RL58007_2026.xml,,,,
"1470, Socrate",,Brossard,,,597.6,1978,301800,423700,725500,2025,Logement,MAMH — Données Québec (rôle d'évaluation foncière),https://donneesouvertes.affmunqc.net/role/RL58007_2026.xml,,,,
"1460, Socrate",,Brossard,,,575.9,1980,295900,643100,939000,2025,Logement,MAMH — Données Québec (rôle d'évaluation foncière),https://donneesouvertes.affmunqc.net/role/RL58007_2026.xml,,,,
"1590, Socrate",,Brossard,,,526.8,1978,282400,538100,820500,2025,Logement,MAMH — Données Québec (rôle d'évaluation foncière),https://donneesouvertes.affmunqc.net/role/RL58007_2026.xml,,,,
"1600, Socrate",,Brossard,,,585.2,1977,298400,574700,873100,2025,Logement,MAMH — Données Québec (rôle d'évaluation foncière),https://donneesouvertes.affmunqc.net/role/RL58007_2026.xml,,,,
"1480, Socrate",,Brossard,,,543.6,1978,287000,513000,800000,2025,Logement,MAMH — Données Québec (rôle d'évaluation foncière),https://donneesouvertes.affmunqc.net/role/RL58007_2026.xml,,,,
"8480, Saguenay",,Brossard,,,591.4,1979,300100,618100,918200,2025,Logement,MAMH — Données Québec (rôle d'évaluation foncière),https://donneesouvertes.affmunqc.net/role/RL58007_2026.xml,,,,
"1490, Socrate",,Brossard,,,501.7,1978,275500,499000,774500,2025,Logement,MAMH — Données Québec (rôle d'évaluation foncière),https://donneesouvertes.affmunqc.net/role/RL58007_2026.xml,,,,
"8490, Saguenay",,Brossard,,,501.7,1979,275500,430300,705800,2025,Logement,MAMH — Données Québec (rôle d'évaluation foncière),https://donneesouvertes.affmunqc.net/role/RL58007_2026.xml,,,,
"1500, Socrate",,Brossard,,,501.7,1978,275500,594300,869800,2025,Logement,MAMH — Données Québec (rôle d'évaluation foncière),https://donneesouvertes.affmunqc.net/role/RL58007_2026.xml,,,,
"8500, Saguenay",,Brossard,,,501.7,1980,275500,554300,829800,2025,Logement,MAMH — Données Québec (rôle d'évaluation foncière),https://donneesouvertes.affmunqc.net/role/RL58007_2026.xml,,,,
"1510, Socrate",,Brossard,,,501.7,1978,275500,466600,742100,2025,Logement,MAMH — Données Québec (rôle d'évaluation foncière),https://donneesouvertes.affmunqc.net/role/RL58007_2026.xml,,,,
"8510, Saguenay",,Brossard,,,501.7,1979,275500,545700,821200,2025,Logement,MAMH — Données Québec (rôle d'évaluation foncière),https://donneesouvertes.affmunqc.net/role/RL58007_2026.xml,,,,
"1650, Socrate",,Brossard,,,518.6,1979,280100,507400,787500,2025,Logement,MAMH — Données Québec (rôle d'évaluation foncière),https://donneesouvertes.affmunqc.net/role/RL58007_2026.xml,,,,
"1640, Socrate",,Brossard,,,491.5,1978,270300,488900,759200,2025,Logement,MAMH — Données Québec (rôle d'évaluation foncière),https://donneesouvertes.affmunqc.net/role/RL58007_2026.xml,,,,
"1630, Socrate",,Brossard,,,495.6,1978,272600,332500,605100,2025,Logement,MAMH — Données Québec (rôle d'évaluation foncière),https://donneesouvertes.affmunqc.net/role/RL58007_2026.xml,,,,
"1710, Socrate",,Brossard,,,485,1978,266800,555300,822100,2025,Logement,MAMH — Données Québec (rôle d'évaluation foncière),https://donneesouvertes.affmunqc.net/role/RL58007_2026.xml,,,,
"1580, Socrate",,Brossard,,,840.8,1978,368700,658000,1026700,2025,Logement,MAMH — Données Québec (rôle d'évaluation foncière),https://donneesouvertes.affmunqc.net/role/RL58007_2026.xml,,,,
"1720, Socrate",,Brossard,,,485,1979,266800,477200,744000,2025,Logement,MAMH — Données Québec (rôle d'évaluation foncière),https://donneesouvertes.affmunqc.net/role/RL58007_2026.xml,,,,
"1570, Socrate",,Brossard,,,653.9,1978,317300,612900,930200,2025,Logement,MAMH — Données Québec (rôle d'évaluation foncière),https://donneesouvertes.affmunqc.net/role/RL58007_2026.xml,,,,
"1730, Socrate",,Brossard,,,485,1980,266800,621300,888100,2025,Logement,MAMH — Données Québec (rôle d'évaluation foncière),https://donneesouvertes.affmunqc.net/role/RL58007_2026.xml,,,,
"1560, Socrate",,Brossard,,,501.7,1978,275500,462400,737900,2025,Logement,MAMH — Données Québec (rôle d'évaluation foncière),https://donneesouvertes.affmunqc.net/role/RL58007_2026.xml,,,,
"1740, Socrate",,Brossard,,,501.7,1977,275500,423600,699100,2025,Logement,MAMH — Données Québec (rôle d'évaluation foncière),https://donneesouvertes.affmunqc.net/role/RL58007_2026.xml,,,,
"1550, Socrate",,Brossard,,,612.1,1978,305800,462000,767800,2025,Logement,MAMH — Données Québec (rôle d'évaluation foncière),https://donneesouvertes.affmunqc.net/role/RL58007_2026.xml,,,,
"1750, Socrate",,Brossard,,,522.6,1978,281200,470200,751400,2025,Logement,MAMH — Données Québec (rôle d'évaluation foncière),https://donneesouvertes.affmunqc.net/role/RL58007_2026.xml,,,,
"8325, Racine",,Brossard,,,741.3,1981,341400,525000,866400,2025,Logement,MAMH — Données Québec (rôle d'évaluation foncière),https://donneesouvertes.affmunqc.net/role/RL58007_2026.xml,,,,
"8400, Rimbaud",,Brossard,,,557.4,1981,290800,553400,844200,2025,Logement,MAMH — Données Québec (rôle d'évaluation foncière),https://donneesouvertes.affmunqc.net/role/RL58007_2026.xml,,,,
"8345, Racine",,Brossard,,,585.3,1981,298500,670700,969200,2025,Logement,MAMH — Données Québec (rôle d'évaluation foncière),https://donneesouvertes.affmunqc.net/role/RL58007_2026.xml,,,,
"8410, Rimbaud",,Brossard,,,650.3,1981,316300,595000,911300,2025,Logement,MAMH — Données Québec (rôle d'évaluation foncière),https://donneesouvertes.affmunqc.net/role/RL58007_2026.xml,,,,
"8365, Racine",,Brossard,,,694.8,1983,328600,659600,988200,2025,Logement,MAMH — Données Québec (rôle d'évaluation foncière),https://donneesouvertes.affmunqc.net/role/RL58007_2026.xml,,,,
"8355, Racine",,Brossard,,,544.9,1983,287300,760900,1048200,2025,Logement,MAMH — Données Québec (rôle d'évaluation foncière),https://donneesouvertes.affmunqc.net/role/RL58007_2026.xml,,,,
"8420, Rimbaud",,Brossard,,,577.2,1981,296200,625500,921700,2025,Logement,MAMH — Données Québec (rôle d'évaluation foncière),https://donneesouvertes.affmunqc.net/role/RL58007_2026.xml,,,,
"8390, Racine",,Brossard,,,556.3,1985,290500,581400,871900,2025,Logement,MAMH — Données Québec (rôle d'évaluation foncière),https://donneesouvertes.affmunqc.net/role/RL58007_2026.xml,,,,
"8400, Racine",,Brossard,,,566.1,1983,293200,631700,924900,2025,Logement,MAMH — Données Québec (rôle d'évaluation foncière),https://donneesouvertes.affmunqc.net/role/RL58007_2026.xml,,,,
"8410, Racine",,Brossard,,,598.2,1982,302000,598700,900700,2025,Logement,MAMH — Données Québec (rôle d'évaluation foncière),https://donneesouvertes.affmunqc.net/role/RL58007_2026.xml,,,,
"8435, Rimbaud",,Brossard,,,501.7,1981,275500,506100,781600,2025,Logement,MAMH — Données Québec (rôle d'évaluation foncière),https://donneesouvertes.affmunqc.net/role/RL58007_2026.xml,,,,
"8385, Rimbaud",,Brossard,,,476.6,1981,262100,667000,929100,2025,Logement,MAMH — Données Québec (rôle d'évaluation foncière),https://donneesouvertes.affmunqc.net/role/RL58007_2026.xml,,,,
"1540, Rousseau",,Brossard,,,502,1985,275600,574300,849900,2025,Logement,MAMH — Données Québec (rôle d'évaluation foncière),https://donneesouvertes.affmunqc.net/role/RL58007_2026.xml,,,,
"1525, Rousseau",,Brossard,,,630.1,1986,310800,875700,1186500,2025,Logement,MAMH — Données Québec (rôle d'évaluation foncière),https://donneesouvertes.affmunqc.net/role/RL58007_2026.xml,,,,
"8395, Rimbaud",,Brossard,,,501.7,1980,275500,636500,912000,2025,Logement,MAMH — Données Québec (rôle d'évaluation foncière),https://donneesouvertes.affmunqc.net/role/RL58007_2026.xml,,,,
"1535, Rousseau",,Brossard,,,562.4,1982,292200,570700,862900,2025,Logement,MAMH — Données Québec (rôle d'évaluation foncière),https://donneesouvertes.affmunqc.net/role/RL58007_2026.xml,,,,
"8405, Rimbaud",,Brossard,,,476.6,1981,262100,562400,824500,2025,Logement,MAMH — Données Québec (rôle d'évaluation foncière),https://donneesouvertes.affmunqc.net/role/RL58007_2026.xml,,,,
"1760, Rousseau",,Brossard,,,707.2,1983,332000,728100,1060100,2025,Logement,MAMH — Données Québec (rôle d'évaluation foncière),https://donneesouvertes.affmunqc.net/role/RL58007_2026.xml,,,,
"8415, Rimbaud",,Brossard,,,501.7,1981,275500,687300,962800,2025,Logement,MAMH — Données Québec (rôle d'évaluation foncière),https://donneesouvertes.affmunqc.net/role/RL58007_2026.xml,,,,
"1750, Rousseau",,Brossard,,,476.6,1983,262100,584500,846600,2025,Logement,MAMH — Données Québec (rôle d'évaluation foncière),https://donneesouvertes.affmunqc.net/role/RL58007_2026.xml,,,,
"1765, Rousseau",,Brossard,,,640.6,1986,313700,735100,1048800,2025,Logement,MAMH — Données Québec (rôle d'évaluation foncière),https://donneesouvertes.affmunqc.net/role/RL58007_2026.xml,,,,
"8425, Rimbaud",,Brossard,,,501.7,1981,275500,597100,872600,2025,Logement,MAMH — Données Québec (rôle d'évaluation foncière),https://donneesouvertes.affmunqc.net/role/RL58007_2026.xml,,,,
"1740, Rousseau",,Brossard,,,494.5,1983,272000,542900,814900,2025,Logement,MAMH — Données Québec (rôle d'évaluation foncière),https://donneesouvertes.affmunqc.net/role/RL58007_2026.xml,,,,
"1755, Rousseau",,Brossard,,,512.1,1982,278300,636900,915200,2025,Logement,MAMH — Données Québec (rôle d'évaluation foncière),https://donneesouvertes.affmunqc.net/role/RL58007_2026.xml,,,,
"1730, Rousseau",,Brossard,,,469.1,1983,258000,640900,898900,2025,Logement,MAMH — Données Québec (rôle d'évaluation foncière),https://donneesouvertes.affmunqc.net/role/RL58007_2026.xml,,,,
"1550, Rousseau",,Brossard,,,502,1985,275600,449600,725200,2025,Logement,MAMH — Données Québec (rôle d'évaluation foncière),https://donneesouvertes.affmunqc.net/role/RL58007_2026.xml,,,,
"1560, Rousseau",,Brossard,,,502,1982,275600,628900,904500,2025,Logement,MAMH — Données Québec (rôle d'évaluation foncière),https://donneesouvertes.affmunqc.net/role/RL58007_2026.xml,,,,
"1570, Rousseau",,Brossard,,,502,1985,275600,777900,1053500,2025,Logement,MAMH — Données Québec (rôle d'évaluation foncière),https://donneesouvertes.affmunqc.net/role/RL58007_2026.xml,,,,
"1580, Rousseau",,Brossard,,,502,1984,275600,470200,745800,2025,Logement,MAMH — Données Québec (rôle d'évaluation foncière),https://donneesouvertes.affmunqc.net/role/RL58007_2026.xml,,,,
"1590, Rousseau",,Brossard,,,640,1984,313500,474000,787500,2025,Logement,MAMH — Données Québec (rôle d'évaluation foncière),https://donneesouvertes.affmunqc.net/role/RL58007_2026.xml,,,,
"8285, Pelletier",,Brossard,,,507.1,1981,277000,433000,710000,2025,Logement,MAMH — Données Québec (rôle d'évaluation foncière),https://donneesouvertes.affmunqc.net/role/RL58007_2026.xml,,,,
"8295, Pelletier",,Brossard,,,471.4,1981,259300,455800,715100,2025,Logement,MAMH — Données Québec (rôle d'évaluation foncière),https://donneesouvertes.affmunqc.net/role/RL58007_2026.xml,,,,
"8305, Pelletier",,Brossard,,,503.5,1981,276000,459600,735600,2025,Logement,MAMH — Données Québec (rôle d'évaluation foncière),https://donneesouvertes.affmunqc.net/role/RL58007_2026.xml,,,,
"8315, Pelletier",,Brossard,,,502,1980,275600,538600,814200,2025,Logement,MAMH — Données Québec (rôle d'évaluation foncière),https://donneesouvertes.affmunqc.net/role/RL58007_2026.xml,,,,
"8370, Sorel",,Brossard,,,613.7,1983,306300,792800,1099100,2025,Logement,MAMH — Données Québec (rôle d'évaluation foncière),https://donneesouvertes.affmunqc.net/role/RL58007_2026.xml,,,,
"8325, Pelletier",,Brossard,,,520.9,1981,280700,552100,832800,2025,Logement,MAMH — Données Québec (rôle d'évaluation foncière),https://donneesouvertes.affmunqc.net/role/RL58007_2026.xml,,,,
"8380, Sorel",,Brossard,,,539.5,1982,285900,689400,975300,2025,Logement,MAMH — Données Québec (rôle d'évaluation foncière),https://donneesouvertes.affmunqc.net/role/RL58007_2026.xml,,,,
"8335, Pelletier",,Brossard,,,502.9,1981,275800,566200,842000,2025,Logement,MAMH — Données Québec (rôle d'évaluation foncière),https://donneesouvertes.affmunqc.net/role/RL58007_2026.xml,,,,
"8275, Pelletier",,Brossard,,,486.5,1981,267600,582400,850000,2025,Logement,MAMH — Données Québec (rôle d'évaluation foncière),https://donneesouvertes.affmunqc.net/role/RL58007_2026.xml,,,,
"8320, Sorel",,Brossard,,,502,1981,275600,584000,859600,2025,Logement,MAMH — Données Québec (rôle d'évaluation foncière),https://donneesouvertes.affmunqc.net/role/RL58007_2026.xml,,,,
"8350, Sorel",,Brossard,,,1145.6,1981,434200,715900,1150100,2025,Logement,MAMH — Données Québec (rôle d'évaluation foncière),https://donneesouvertes.affmunqc.net/role/RL58007_2026.xml,,,,
"8310, Sorel",,Brossard,,,502,1981,275600,604900,880500,2025,Logement,MAMH — Données Québec (rôle d'évaluation foncière),https://donneesouvertes.affmunqc.net/role/RL58007_2026.xml,,,,
"8355, Sorel",,Brossard,,,781.3,1989,352400,597100,949500,2025,Logement,MAMH — Données Québec (rôle d'évaluation foncière),https://donneesouvertes.affmunqc.net/role/RL58007_2026.xml,,,,
"8275, Sorel",,Brossard,,,595.4,1981,301200,535000,836200,2025,Logement,MAMH — Données Québec (rôle d'évaluation foncière),https://donneesouvertes.affmunqc.net/role/RL58007_2026.xml,,,,
"8300, Sorel",,Brossard,,,565.9,1980,293100,652900,946000,2025,Logement,MAMH — Données Québec (rôle d'évaluation foncière),https://donneesouvertes.affmunqc.net/role/RL58007_2026.xml,,,,
"8290, Sorel",,Brossard,,,840.3,1980,368600,534200,902800,2025,Logement,MAMH — Données Québec (rôle d'évaluation foncière),https://donneesouvertes.affmunqc.net/role/RL58007_2026.xml,,,,
"1650, Suède",,Brossard,,,1110.1,1981,428900,744000,1172900,2025,Logement,MAMH — Données Québec (rôle d'évaluation foncière),https://donneesouvertes.affmunqc.net/role/RL58007_2026.xml,,,,
"1670, Suède",,Brossard,,,695.6,1980,328800,541100,869900,2025,Logement,MAMH — Données Québec (rôle d'évaluation foncière),https://donneesouvertes.affmunqc.net/role/RL58007_2026.xml,,,,
"8280, Sorel",,Brossard,,,765.3,1981,348000,973000,1321000,2025,Logement,MAMH — Données Québec (rôle d'évaluation foncière),https://donneesouvertes.affmunqc.net/role/RL58007_2026.xml,,,,
"1680, Suède",,Brossard,,,568.1,1981,293700,650500,944200,2025,Logement,MAMH — Données Québec (rôle d'évaluation foncière),https://donneesouvertes.affmunqc.net/role/RL58007_2026.xml,,,,
"1640, Suède",,Brossard,,,485,1982,266800,529000,795800,2025,Logement,MAMH — Données Québec (rôle d'évaluation foncière),https://donneesouvertes.affmunqc.net/role/RL58007_2026.xml,,,,
"1630, Suède",,Brossard,,,501.7,1987,275500,774500,1050000,2025,Logement,MAMH — Données Québec (rôle d'évaluation foncière),https://donneesouvertes.affmunqc.net/role/RL58007_2026.xml,,,,
"8505, Saguenay",,Brossard,,,557.4,1979,290800,938000,1228800,2025,Logement,MAMH — Données Québec (rôle d'évaluation foncière),https://donneesouvertes.affmunqc.net/role/RL58007_2026.xml,,,,
"1520, Socrate",,Brossard,,,583.3,1978,297900,569000,866900,2025,Logement,MAMH — Données Québec (rôle d'évaluation foncière),https://donneesouvertes.affmunqc.net/role/RL58007_2026.xml,,,,
"8520, Saguenay",,Brossard,,,501.7,1980,275500,588500,864000,2025,Logement,MAMH — Données Québec (rôle d'évaluation foncière),https://donneesouvertes.affmunqc.net/role/RL58007_2026.xml,,,,
"1530, Socrate",,Brossard,,,838,1977,368000,593800,961800,2025,Logement,MAMH — Données Québec (rôle d'évaluation foncière),https://donneesouvertes.affmunqc.net/role/RL58007_2026.xml,,,,
"8530, Saguenay",,Brossard,,,501.7,1979,275500,666700,942200,2025,Logement,MAMH — Données Québec (rôle d'évaluation foncière),https://donneesouvertes.affmunqc.net/role/RL58007_2026.xml,,,,
"8540, Saguenay",,Brossard,,,501.7,1979,275500,632700,908200,2025,Logement,MAMH — Données Québec (rôle d'évaluation foncière),https://donneesouvertes.affmunqc.net/role/RL58007_2026.xml,,,,
"1820, Socrate",,Brossard,,,501.7,1978,275500,490100,765600,2025,Logement,MAMH — Données Québec (rôle d'évaluation foncière),https://donneesouvertes.affmunqc.net/role/RL58007_2026.xml,,,,
"1830, Socrate",,Brossard,,,535.5,1979,284800,541800,826600,2025,Logement,MAMH — Données Québec (rôle d'évaluation foncière),https://donneesouvertes.affmunqc.net/role/RL58007_2026.xml,,,,
"1540, Socrate",,Brossard,,,562,1978,292100,571600,863700,2025,Logement,MAMH — Données Québec (rôle d'évaluation foncière),https://donneesouvertes.affmunqc.net/role/RL58007_2026.xml,,,,
"1770, Socrate",,Brossard,,,569.2,1979,294000,542900,836900,2025,Logement,MAMH — Données Québec (rôle d'évaluation foncière),https://donneesouvertes.affmunqc.net/role/RL58007_2026.xml,,,,
"1755, Socrate",,Brossard,,,560.2,1980,291600,547400,839000,2025,Logement,MAMH — Données Québec (rôle d'évaluation foncière),https://donneesouvertes.affmunqc.net/role/RL58007_2026.xml,,,,
"1790, Socrate",,Brossard,,,501.7,1979,275500,711100,986600,2025,Logement,MAMH — Données Québec (rôle d'évaluation foncière),https://donneesouvertes.affmunqc.net/role/RL58007_2026.xml,,,,
"1800, Socrate",,Brossard,,,501.7,1978,275500,590400,865900,2025,Logement,MAMH — Données Québec (rôle d'évaluation foncière),https://donneesouvertes.affmunqc.net/role/RL58007_2026.xml,,,,
"1765, Socrate",,Brossard,,,936.5,1979,395000,697800,1092800,2025,Logement,MAMH — Données Québec (rôle d'évaluation foncière),https://donneesouvertes.affmunqc.net/role/RL58007_2026.xml,,,,
"1810, Socrate",,Brossard,,,501.7,1978,275500,465800,741300,2025,Logement,MAMH — Données Québec (rôle d'évaluation foncière),https://donneesouvertes.affmunqc.net/role/RL58007_2026.xml,,,,
"1775, Socrate",,Brossard,,,803.6,1979,358500,794500,1153000,2025,Logement,MAMH — Données Québec (rôle d'évaluation foncière),https://donneesouvertes.affmunqc.net/role/RL58007_2026.xml,,,,
"1785, Socrate",,Brossard,,,639.8,1980,313400,449100,762500,2025,Logement,MAMH — Données Québec (rôle d'évaluation foncière),https://donneesouvertes.affmunqc.net/role/RL58007_2026.xml,,,,
"1795, Socrate",,Brossard,,,580.3,1980,297100,464900,762000,2025,Logement,MAMH — Données Québec (rôle d'évaluation foncière),https://donneesouvertes.affmunqc.net/role/RL58007_2026.xml,,,,
"1805, Socrate",,Brossard,,,557.4,1978,290800,443100,733900,2025,Logement,MAMH — Données Québec (rôle d'évaluation foncière),https://donneesouvertes.affmunqc.net/role/RL58007_2026.xml,,,,
"7910, Sartre",,Brossard,,,591.2,1976,300100,399800,699900,2025,Logement,MAMH — Données Québec (rôle d'évaluation foncière),https://donneesouvertes.affmunqc.net/role/RL58007_2026.xml,,,,
"7920, Sartre",,Brossard,,,660.5,1982,319100,952100,1271200,2025,Logement,MAMH — Données Québec (rôle d'évaluation foncière),https://donneesouvertes.affmunqc.net/role/RL58007_2026.xml,,,,
"1815, Socrate",,Brossard,,,1153.3,1979,435300,763100,1198400,2025,Logement,MAMH — Données Québec (rôle d'évaluation foncière),https://donneesouvertes.affmunqc.net/role/RL58007_2026.xml,,,,
"8445, Rimbaud",,Brossard,,,585.3,1982,298500,576700,875200,2025,Logement,MAMH — Données Québec (rôle d'évaluation foncière),https://donneesouvertes.affmunqc.net/role/RL58007_2026.xml,,,,
"8475, Renard",,Brossard,,,556.7,1982,290600,631100,921700,2025,Logement,MAMH — Données Québec (rôle d'évaluation foncière),https://donneesouvertes.affmunqc.net/role/RL58007_2026.xml,,,,
"8485, Renard",,Brossard,,,552.6,1981,289500,613100,902600,2025,Logement,MAMH — Données Québec (rôle d'évaluation foncière),https://donneesouvertes.affmunqc.net/role/RL58007_2026.xml,,,,
"8495, Renard",,Brossard,,,633.4,1981,311700,535200,846900,2025,Logement,MAMH — Données Québec (rôle d'évaluation foncière),https://donneesouvertes.affmunqc.net/role/RL58007_2026.xml,,,,
"8455, Rimbaud",,Brossard,,,501.7,1980,275500,603600,879100,2025,Logement,MAMH — Données Québec (rôle d'évaluation foncière),https://donneesouvertes.affmunqc.net/role/RL58007_2026.xml,,,,
"8465, Rimbaud",,Brossard,,,476.6,1981,262100,363200,625300,2025,Logement,MAMH — Données Québec (rôle d'évaluation foncière),https://donneesouvertes.affmunqc.net/role/RL58007_2026.xml,,,,
"8480, Rimbaud",,Brossard,,,627.6,1981,310100,788800,1098900,2025,Logement,MAMH — Données Québec (rôle d'évaluation foncière),https://donneesouvertes.affmunqc.net/role/RL58007_2026.xml,,,,
"8475, Rimbaud",,Brossard,,,476.6,1981,262100,394200,656300,2025,Logement,MAMH — Données Québec (rôle d'évaluation foncière),https://donneesouvertes.affmunqc.net/role/RL58007_2026.xml,,,,
"8490, Rimbaud",,Brossard,,,523.3,1981,281400,529200,810600,2025,Logement,MAMH — Données Québec (rôle d'évaluation foncière),https://donneesouvertes.affmunqc.net/role/RL58007_2026.xml,,,,
"8485, Rimbaud",,Brossard,,,476.6,1981,262100,666300,928400,2025,Logement,MAMH — Données Québec (rôle d'évaluation foncière),https://donneesouvertes.affmunqc.net/role/RL58007_2026.xml,,,,
"8490, San Francisco",,Brossard,,,808.4,1984,359800,734800,1094600,2025,Logement,MAMH — Données Québec (rôle d'évaluation foncière),https://donneesouvertes.affmunqc.net/role/RL58007_2026.xml,,,,
"8480, San Francisco",,Brossard,,,732.1,1984,338800,818700,1157500,2025,Logement,MAMH — Données Québec (rôle d'évaluation foncière),https://donneesouvertes.affmunqc.net/role/RL58007_2026.xml,,,,
"8500, Rimbaud",,Brossard,,,576.7,1981,296100,460400,756500,2025,Logement,MAMH — Données Québec (rôle d'évaluation foncière),https://donneesouvertes.affmunqc.net/role/RL58007_2026.xml,,,,
"8495, Rimbaud",,Brossard,,,561.8,1981,292000,459100,751100,2025,Logement,MAMH — Données Québec (rôle d'évaluation foncière),https://donneesouvertes.affmunqc.net/role/RL58007_2026.xml,,,,
"1745, Rousseau",,Brossard,,,557.8,1982,290900,568000,858900,2025,Logement,MAMH — Données Québec (rôle d'évaluation foncière),https://donneesouvertes.affmunqc.net/role/RL58007_2026.xml,,,,
"1605, Rousseau",,Brossard,,,833.1,1981,366600,840400,1207000,2025,Logement,MAMH — Données Québec (rôle d'évaluation foncière),https://donneesouvertes.affmunqc.net/role/RL58007_2026.xml,,,,
"1720, Rousseau",,Brossard,,,502,1982,275600,755300,1030900,2025,Logement,MAMH — Données Québec (rôle d'évaluation foncière),https://donneesouvertes.affmunqc.net/role/RL58007_2026.xml,,,,
"1735, Rousseau",,Brossard,,,512.1,1983,278300,455000,733300,2025,Logement,MAMH — Données Québec (rôle d'évaluation foncière),https://donneesouvertes.affmunqc.net/role/RL58007_2026.xml,,,,
"1615, Rousseau",,Brossard,,,594.4,1981,301000,557700,858700,2025,Logement,MAMH — Données Québec (rôle d'évaluation foncière),https://donneesouvertes.affmunqc.net/role/RL58007_2026.xml,,,,
"1710, Rousseau",,Brossard,,,579,1981,296700,616500,913200,2025,Logement,MAMH — Données Québec (rôle d'évaluation foncière),https://donneesouvertes.affmunqc.net/role/RL58007_2026.xml,,,,
"1725, Rousseau",,Brossard,,,568.4,1981,293800,585000,878800,2025,Logement,MAMH — Données Québec (rôle d'évaluation foncière),https://donneesouvertes.affmunqc.net/role/RL58007_2026.xml,,,,
"1625, Rousseau",,Brossard,,,568.4,1982,293800,584300,878100,2025,Logement,MAMH — Données Québec (rôle d'évaluation foncière),https://donneesouvertes.affmunqc.net/role/RL58007_2026.xml,,,,
"1700, Rousseau",,Brossard,,,797.2,1982,356700,780000,1136700,2025,Logement,MAMH — Données Québec (rôle d'évaluation foncière),https://donneesouvertes.affmunqc.net/role/RL58007_2026.xml,,,,
"1690, Rousseau",,Brossard,,,537.1,1981,285200,701000,986200,2025,Logement,MAMH — Données Québec (rôle d'évaluation foncière),https://donneesouvertes.affmunqc.net/role/RL58007_2026.xml,,,,
"1680, Rousseau",,Brossard,,,485.3,1983,266900,602300,869200,2025,Logement,MAMH — Données Québec (rôle d'évaluation foncière),https://donneesouvertes.affmunqc.net/role/RL58007_2026.xml,,,,
"1670, Rousseau",,Brossard,,,485.6,1983,267100,404300,671400,2025,Logement,MAMH — Données Québec (rôle d'évaluation foncière),https://donneesouvertes.affmunqc.net/role/RL58007_2026.xml,,,,
"1660, Rousseau",,Brossard,,,469.1,1983,258000,523600,781600,2025,Logement,MAMH — Données Québec (rôle d'évaluation foncière),https://donneesouvertes.affmunqc.net/role/RL58007_2026.xml,,,,
"8470, San Francisco",,Brossard,,,672.5,1984,322400,565800,888200,2025,Logement,MAMH — Données Québec (rôle d'évaluation foncière),https://donneesouvertes.affmunqc.net/role/RL58007_2026.xml,,,,
"1650, Rousseau",,Brossard,,,674.2,1985,322900,733700,1056600,2025,Logement,MAMH — Données Québec (rôle d'évaluation foncière),https://donneesouvertes.affmunqc.net/role/RL58007_2026.xml,,,,
"8460, San Francisco",,Brossard,,,615.5,1981,306800,575600,882400,2025,Logement,MAMH — Données Québec (rôle d'évaluation foncière),https://donneesouvertes.affmunqc.net/role/RL58007_2026.xml,,,,
"1600, Rousseau",,Brossard,,,786.3,1984,353700,561400,915100,2025,Logement,MAMH — Données Québec (rôle d'évaluation foncière),https://donneesouvertes.affmunqc.net/role/RL58007_2026.xml,,,,
"8360, Pelletier",,Brossard,,,539.5,1984,285900,713100,999000,2025,Logement,MAMH — Données Québec (rôle d'évaluation foncière),https://donneesouvertes.affmunqc.net/role/RL58007_2026.xml,,,,
"8370, Pelletier",,Brossard,,,553.16,1984,289600,570400,860000,2025,Logement,MAMH — Données Québec (rôle d'évaluation foncière),https://donneesouvertes.affmunqc.net/role/RL58007_2026.xml,,,,
"1610, Rousseau",,Brossard,,,502,1982,275600,645300,920900,2025,Logement,MAMH — Données Québec (rôle d'évaluation foncière),https://donneesouvertes.affmunqc.net/role/RL58007_2026.xml,,,,
"8380, Pelletier",,Brossard,,,557.78,1985,290900,736900,1027800,2025,Logement,MAMH — Données Québec (rôle d'évaluation foncière),https://donneesouvertes.affmunqc.net/role/RL58007_2026.xml,,,,
"1620, Rousseau",,Brossard,,,502,1982,275600,593100,868700,2025,Logement,MAMH — Données Québec (rôle d'évaluation foncière),https://donneesouvertes.affmunqc.net/role/RL58007_2026.xml,,,,
"8390, Pelletier",,Brossard,,,557.8,1980,290900,594100,885000,2025,Logement,MAMH — Données Québec (rôle d'évaluation foncière),https://donneesouvertes.affmunqc.net/role/RL58007_2026.xml,,,,
"1630, Rousseau",,Brossard,,,484.2,1983,266300,551500,817800,2025,Logement,MAMH — Données Québec (rôle d'évaluation foncière),https://donneesouvertes.affmunqc.net/role/RL58007_2026.xml,,,,
"8400, Pelletier",,Brossard,,,557.8,1980,290900,468700,759600,2025,Logement,MAMH — Données Québec (rôle d'évaluation foncière),https://donneesouvertes.affmunqc.net/role/RL58007_2026.xml,,,,
"1640, Rousseau",,Brossard,,,769.8,1986,349200,753200,1102400,2025,Logement,MAMH — Données Québec (rôle d'évaluation foncière),https://donneesouvertes.affmunqc.net/role/RL58007_2026.xml,,,,
"8410, Pelletier",,Brossard,,,557.8,1983,290900,387200,678100,2025,Logement,MAMH — Données Québec (rôle d'évaluation foncière),https://donneesouvertes.affmunqc.net/role/RL58007_2026.xml,,,,
"8390, Sorel",,Brossard,,,563.9,1981,292600,574500,867100,2025,Logement,MAMH — Données Québec (rôle d'évaluation foncière),https://donneesouvertes.affmunqc.net/role/RL58007_2026.xml,,,,
"8345, Pelletier",,Brossard,,,521.2,1981,280800,388800,669600,2025,Logement,MAMH — Données Québec (rôle d'évaluation foncière),https://donneesouvertes.affmunqc.net/role/RL58007_2026.xml,,,,
"8400, Sorel",,Brossard,,,521.2,1981,280800,596100,876900,2025,Logement,MAMH — Données Québec (rôle d'évaluation foncière),https://donneesouvertes.affmunqc.net/role/RL58007_2026.xml,,,,
"8355, Pelletier",,Brossard,,,558.9,1981,291200,487200,778400,2025,Logement,MAMH — Données Québec (rôle d'évaluation foncière),https://donneesouvertes.affmunqc.net/role/RL58007_2026.xml,,,,
"8410, Sorel",,Brossard,,,558.9,1981,291200,554300,845500,2025,Logement,MAMH — Données Québec (rôle d'évaluation foncière),https://donneesouvertes.affmunqc.net/role/RL58007_2026.xml,,,,
"8365, Pelletier",,Brossard,,,558.9,1981,291200,884800,1176000,2025,Logement,MAMH — Données Québec (rôle d'évaluation foncière),https://donneesouvertes.affmunqc.net/role/RL58007_2026.xml,,,,
"8295, Sartre",,Brossard,,,522.4,1980,281200,504400,785600,2025,Logement,MAMH — Données Québec (rôle d'évaluation foncière),https://donneesouvertes.affmunqc.net/role/RL58007_2026.xml,,,,
"8375, Pelletier",,Brossard,,,540.1,1981,286000,472900,758900,2025,Logement,MAMH — Données Québec (rôle d'évaluation foncière),https://donneesouvertes.affmunqc.net/role/RL58007_2026.xml,,,,
"8285, Sartre",,Brossard,,,566.9,1981,293400,479900,773300,2025,Logement,MAMH — Données Québec (rôle d'évaluation foncière),https://donneesouvertes.affmunqc.net/role/RL58007_2026.xml,,,,
"8275, Sartre",,Brossard,,,502.9,1981,275800,472200,748000,2025,Logement,MAMH — Données Québec (rôle d'évaluation foncière),https://donneesouvertes.affmunqc.net/role/RL58007_2026.xml,,,,
"8385, Pelletier",,Brossard,,,658.4,1981,318600,523500,842100,2025,Logement,MAMH — Données Québec (rôle d'évaluation foncière),https://donneesouvertes.affmunqc.net/role/RL58007_2026.xml,,,,
"8375, Sorel",,Brossard,,,743.8,1981,342000,719500,1061500,2025,Logement,MAMH — Données Québec (rôle d'évaluation foncière),https://donneesouvertes.affmunqc.net/role/RL58007_2026.xml,,,,
"8265, Sorel",,Brossard,,,557.8,1981,290900,651700,942600,2025,Logement,MAMH — Données Québec (rôle d'évaluation foncière),https://donneesouvertes.affmunqc.net/role/RL58007_2026.xml,,,,
"8385, Sorel",,Brossard,,,743.7,1981,342000,561800,903800,2025,Logement,MAMH — Données Québec (rôle d'évaluation foncière),https://donneesouvertes.affmunqc.net/role/RL58007_2026.xml,,,,
"8255, Sorel",,Brossard,,,697.1,1980,329200,666100,995300,2025,Logement,MAMH — Données Québec (rôle d'évaluation foncière),https://donneesouvertes.affmunqc.net/role/RL58007_2026.xml,,,,
"8395, Sorel",,Brossard,,,557.8,1980,290900,455900,746800,2025,Logement,MAMH — Données Québec (rôle d'évaluation foncière),https://donneesouvertes.affmunqc.net/role/RL58007_2026.xml,,,,
"8245, Sorel",,Brossard,,,836.7,1981,367600,597000,964600,2025,Logement,MAMH — Données Québec (rôle d'évaluation foncière),https://donneesouvertes.affmunqc.net/role/RL58007_2026.xml,,,,
"8250, Sorel",,Brossard,,,650.7,1981,316400,488100,804500,2025,Logement,MAMH — Données Québec (rôle d'évaluation foncière),https://donneesouvertes.affmunqc.net/role/RL58007_2026.xml,,,,
"8405, Sorel",,Brossard,,,594.8,1980,301100,491700,792800,2025,Logement,MAMH — Données Québec (rôle d'évaluation foncière),https://donneesouvertes.affmunqc.net/role/RL58007_2026.xml,,,,
"8240, Sorel",,Brossard,,,650.8,1981,316500,630100,946600,2025,Logement,MAMH — Données Québec (rôle d'évaluation foncière),https://donneesouvertes.affmunqc.net/role/RL58007_2026.xml,,,,
"8235, Sorel",,Brossard,,,734.4,1981,339500,726600,1066100,2025,Logement,MAMH — Données Québec (rôle d'évaluation foncière),https://donneesouvertes.affmunqc.net/role/RL58007_2026.xml,,,,
"8230, Sorel",,Brossard,,,735.1,1981,339700,810800,1150500,2025,Logement,MAMH — Données Québec (rôle d'évaluation foncière),https://donneesouvertes.affmunqc.net/role/RL58007_2026.xml,,,,
"8210, Sartre",,Brossard,,,543.5,1980,287000,547100,834100,2025,Logement,MAMH — Données Québec (rôle d'évaluation foncière),https://donneesouvertes.affmunqc.net/role/RL58007_2026.xml,,,,
"8270, Sorel",,Brossard,,,650.8,1981,316500,579400,895900,2025,Logement,MAMH — Données Québec (rôle d'évaluation foncière),https://donneesouvertes.affmunqc.net/role/RL58007_2026.xml,,,,
"1690, Suède",,Brossard,,,528.2,1983,282800,600500,883300,2025,Logement,MAMH — Données Québec (rôle d'évaluation foncière),https://donneesouvertes.affmunqc.net/role/RL58007_2026.xml,,,,
"1655, Suède",,Brossard,,,595.9,1981,301400,524600,826000,2025,Logement,MAMH — Données Québec (rôle d'évaluation foncière),https://donneesouvertes.affmunqc.net/role/RL58007_2026.xml,,,,
"1700, Suède",,Brossard,,,538.8,1981,285700,483800,769500,2025,Logement,MAMH — Données Québec (rôle d'évaluation foncière),https://donneesouvertes.affmunqc.net/role/RL58007_2026.xml,,,,
"8260, Sorel",,Brossard,,,650.8,1981,316500,492000,808500,2025,Logement,MAMH — Données Québec (rôle d'évaluation foncière),https://donneesouvertes.affmunqc.net/role/RL58007_2026.xml,,,,
"1710, Suède",,Brossard,,,673.5,1981,322700,512500,835200,2025,Logement,MAMH — Données Québec (rôle d'évaluation foncière),https://donneesouvertes.affmunqc.net/role/RL58007_2026.xml,,,,
"1735, Suède",,Brossard,,,606.3,1981,304200,727200,1031400,2025,Logement,MAMH — Données Québec (rôle d'évaluation foncière),https://donneesouvertes.affmunqc.net/role/RL58007_2026.xml,,,,
"1745, Suède",,Brossard,,,557.4,1980,290800,479000,769800,2025,Logement,MAMH — Données Québec (rôle d'évaluation foncière),https://donneesouvertes.affmunqc.net/role/RL58007_2026.xml,,,,
"1720, Suède",,Brossard,,,970.2,1983,404300,765200,1169500,2025,Logement,MAMH — Données Québec (rôle d'évaluation foncière),https://donneesouvertes.affmunqc.net/role/RL58007_2026.xml,,,,
"1730, Suède",,Brossard,,,789.7,1982,354700,548900,903600,2025,Logement,MAMH — Données Québec (rôle d'évaluation foncière),https://donneesouvertes.affmunqc.net/role/RL58007_2026.xml,,,,
"1740, Suède",,Brossard,,,585.3,1981,298500,682700,981200,2025,Logement,MAMH — Données Québec (rôle d'évaluation foncière),https://donneesouvertes.affmunqc.net/role/RL58007_2026.xml,,,,
"1620, Suède",,Brossard,,,485,1982,266800,630100,896900,2025,Logement,MAMH — Données Québec (rôle d'évaluation foncière),https://donneesouvertes.affmunqc.net/role/RL58007_2026.xml,,,,
"1645, Suède",,Brossard,,,603.9,1980,303600,523200,826800,2025,Logement,MAMH — Données Québec (rôle d'évaluation foncière),https://donneesouvertes.affmunqc.net/role/RL58007_2026.xml,,,,
"1635, Suède",,Brossard,,,603.9,1981,303600,424700,728300,2025,Logement,MAMH — Données Québec (rôle d'évaluation foncière),https://donneesouvertes.affmunqc.net/role/RL58007_2026.xml,,,,
"1625, Suède",,Brossard,,,647.1,1977,315500,374800,690300,2025,Logement,MAMH — Données Québec (rôle d'évaluation foncière),https://donneesouvertes.affmunqc.net/role/RL58007_2026.xml,,,,
"1605, Suède",,Brossard,,,608.5,1981,304800,582500,887300,2025,Logement,MAMH — Données Québec (rôle d'évaluation foncière),https://donneesouvertes.affmunqc.net/role/RL58007_2026.xml,,,,
"1615, Suède",,Brossard,,,633.6,1982,311700,759100,1070800,2025,Logement,MAMH — Données Québec (rôle d'évaluation foncière),https://donneesouvertes.affmunqc.net/role/RL58007_2026.xml,,,,
"1755, Suède",,Brossard,,,557.4,1981,290800,695600,986400,2025,Logement,MAMH — Données Québec (rôle d'évaluation foncière),https://donneesouvertes.affmunqc.net/role/RL58007_2026.xml,,,,
"1765, Suède",,Brossard,,,547,1981,287900,465800,753700,2025,Logement,MAMH — Données Québec (rôle d'évaluation foncière),https://donneesouvertes.affmunqc.net/role/RL58007_2026.xml,,,,
"1805, Suède",,Brossard,,,615,1981,306600,642600,949200,2025,Logement,MAMH — Données Québec (rôle d'évaluation foncière),https://donneesouvertes.affmunqc.net/role/RL58007_2026.xml,,,,
"1775, Suède",,Brossard,,,594.8,1981,301100,574100,875200,2025,Logement,MAMH — Données Québec (rôle d'évaluation foncière),https://donneesouvertes.affmunqc.net/role/RL58007_2026.xml,,,,
"1795, Suède",,Brossard,,,570.41,1981,294400,428500,722900,2025,Logement,MAMH — Données Québec (rôle d'évaluation foncière),https://donneesouvertes.affmunqc.net/role/RL58007_2026.xml,,,,
"1785, Suède",,Brossard,,,596.2,1981,301500,474300,775800,2025,Logement,MAMH — Données Québec (rôle d'évaluation foncière),https://donneesouvertes.affmunqc.net/role/RL58007_2026.xml,,,,
"1570, Suède",,Brossard,,,554.2,1980,289900,506300,796200,2025,Logement,MAMH — Données Québec (rôle d'évaluation foncière),https://donneesouvertes.affmunqc.net/role/RL58007_2026.xml,,,,
"1560, Suède",,Brossard,,,511.5,1981,278200,462200,740400,2025,Logement,MAMH — Données Québec (rôle d'évaluation foncière),https://donneesouvertes.affmunqc.net/role/RL58007_2026.xml,,,,
"1550, Suède",,Brossard,,,554.2,1981,289900,556000,845900,2025,Logement,MAMH — Données Québec (rôle d'évaluation foncière),https://donneesouvertes.affmunqc.net/role/RL58007_2026.xml,,,,
"1595, Suède",,Brossard,,,611,1981,305500,495100,800600,2025,Logement,MAMH — Données Québec (rôle d'évaluation foncière),https://donneesouvertes.affmunqc.net/role/RL58007_2026.xml,,,,
"1540, Suède",,Brossard,,,511.5,1980,278200,513800,792000,2025,Logement,MAMH — Données Québec (rôle d'évaluation foncière),https://donneesouvertes.affmunqc.net/role/RL58007_2026.xml,,,,
"1530, Suède",,Brossard,,,511.5,1981,278200,608200,886400,2025,Logement,MAMH — Données Québec (rôle d'évaluation foncière),https://donneesouvertes.affmunqc.net/role/RL58007_2026.xml,,,,
"1815, Suède",,Brossard,,,687,1981,326400,770700,1097100,2025,Logement,MAMH — Données Québec (rôle d'évaluation foncière),https://donneesouvertes.affmunqc.net/role/RL58007_2026.xml,,,,
"1520, Suède",,Brossard,,,511.5,1981,278200,584400,862600,2025,Logement,MAMH — Données Québec (rôle d'évaluation foncière),https://donneesouvertes.affmunqc.net/role/RL58007_2026.xml,,,,
"1510, Suède",,Brossard,,,511.5,1981,278200,550300,828500,2025,Logement,MAMH — Données Québec (rôle d'évaluation foncière),https://donneesouvertes.affmunqc.net/role/RL58007_2026.xml,,,,
"8535, Saguenay",,Brossard,,,16714.6,1980,3342900,3887300,7230200,2025,Industrie,MAMH — Données Québec (rôle d'évaluation foncière),https://donneesouvertes.affmunqc.net/role/RL58007_2026.xml,,,,
"7985, Sartre",,Brossard,,,543.1,1981,286900,560000,846900,2025,Logement,MAMH — Données Québec (rôle d'évaluation foncière),https://donneesouvertes.affmunqc.net/role/RL58007_2026.xml,,,,
"7930, Sartre",,Brossard,,,557.4,1980,290800,650100,940900,2025,Logement,MAMH — Données Québec (rôle d'évaluation foncière),https://donneesouvertes.affmunqc.net/role/RL58007_2026.xml,,,,
"7940, Sartre",,Brossard,,,557.4,1981,290800,543300,834100,2025,Logement,MAMH — Données Québec (rôle d'évaluation foncière),https://donneesouvertes.affmunqc.net/role/RL58007_2026.xml,,,,
"7950, Sartre",,Brossard,,,595.9,1980,301400,539700,841100,2025,Logement,MAMH — Données Québec (rôle d'évaluation foncière),https://donneesouvertes.affmunqc.net/role/RL58007_2026.xml,,,,
"1600, Séguin",,Brossard,,,629,1979,310500,527800,838300,2025,Logement,MAMH — Données Québec (rôle d'évaluation foncière),https://donneesouvertes.affmunqc.net/role/RL58007_2026.xml,,,,
"1610, Séguin",,Brossard,,,520.3,1980,280600,610900,891500,2025,Logement,MAMH — Données Québec (rôle d'évaluation foncière),https://donneesouvertes.affmunqc.net/role/RL58007_2026.xml,,,,
"8550, Saguenay",,Brossard,,,624.3,1981,309200,734900,1044100,2025,Logement,MAMH — Données Québec (rôle d'évaluation foncière),https://donneesouvertes.affmunqc.net/role/RL58007_2026.xml,,,,
"1620, Séguin",,Brossard,,,521.2,1977,280800,704600,985400,2025,Logement,MAMH — Données Québec (rôle d'évaluation foncière),https://donneesouvertes.affmunqc.net/role/RL58007_2026.xml,,,,
"8560, Saguenay",,Brossard,,,553.3,1981,289700,564900,854600,2025,Logement,MAMH — Données Québec (rôle d'évaluation foncière),https://donneesouvertes.affmunqc.net/role/RL58007_2026.xml,,,,
"7975, Sartre",,Brossard,,,556.5,1981,290500,505900,796400,2025,Logement,MAMH — Données Québec (rôle d'évaluation foncière),https://donneesouvertes.affmunqc.net/role/RL58007_2026.xml,,,,
"8570, Saguenay",,Brossard,,,543.6,1981,287000,553400,840400,2025,Logement,MAMH — Données Québec (rôle d'évaluation foncière),https://donneesouvertes.affmunqc.net/role/RL58007_2026.xml,,,,
"8525, San Francisco",,Brossard,,,1396.3,1984,471500,828800,1300300,2025,Logement,MAMH — Données Québec (rôle d'évaluation foncière),https://donneesouvertes.affmunqc.net/role/RL58007_2026.xml,,,,
"8505, San Francisco",,Brossard,,,697.6,1984,329300,795300,1124600,2025,Logement,MAMH — Données Québec (rôle d'évaluation foncière),https://donneesouvertes.affmunqc.net/role/RL58007_2026.xml,,,,
"8495, San Francisco",,Brossard,,,668.8,1984,321400,533400,854800,2025,Logement,MAMH — Données Québec (rôle d'évaluation foncière),https://donneesouvertes.affmunqc.net/role/RL58007_2026.xml,,,,
"8485, San Francisco",,Brossard,,,668.8,1984,321400,707300,1028700,2025,Logement,MAMH — Données Québec (rôle d'évaluation foncière),https://donneesouvertes.affmunqc.net/role/RL58007_2026.xml,,,,
"8475, San Francisco",,Brossard,,,668.8,1985,321400,711500,1032900,2025,Logement,MAMH — Données Québec (rôle d'évaluation foncière),https://donneesouvertes.affmunqc.net/role/RL58007_2026.xml,,,,
"8450, San Francisco",,Brossard,,,575.2,1981,295700,528900,824600,2025,Logement,MAMH — Données Québec (rôle d'évaluation foncière),https://donneesouvertes.affmunqc.net/role/RL58007_2026.xml,,,,
"8440, San Francisco",,Brossard,,,531.6,1981,283700,418900,702600,2025,Logement,MAMH — Données Québec (rôle d'évaluation foncière),https://donneesouvertes.affmunqc.net/role/RL58007_2026.xml,,,,
"8430, San Francisco",,Brossard,,,558.6,1980,291100,540500,831600,2025,Logement,MAMH — Données Québec (rôle d'évaluation foncière),https://donneesouvertes.affmunqc.net/role/RL58007_2026.xml,,,,
"8420, San Francisco",,Brossard,,,539.5,1981,285900,428800,714700,2025,Logement,MAMH — Données Québec (rôle d'évaluation foncière),https://donneesouvertes.affmunqc.net/role/RL58007_2026.xml,,,,
"8465, San Francisco",,Brossard,,,668.8,1984,321400,804900,1126300,2025,Logement,MAMH — Données Québec (rôle d'évaluation foncière),https://donneesouvertes.affmunqc.net/role/RL58007_2026.xml,,,,
"8455, San Francisco",,Brossard,,,668.8,1984,321400,585200,906600,2025,Logement,MAMH — Données Québec (rôle d'évaluation foncière),https://donneesouvertes.affmunqc.net/role/RL58007_2026.xml,,,,
"8445, San Francisco",,Brossard,,,668.8,1984,321400,588000,909400,2025,Logement,MAMH — Données Québec (rôle d'évaluation foncière),https://donneesouvertes.affmunqc.net/role/RL58007_2026.xml,,,,
"8435, San Francisco",,Brossard,,,698.6,1984,329600,811900,1141500,2025,Logement,MAMH — Données Québec (rôle d'évaluation foncière),https://donneesouvertes.affmunqc.net/role/RL58007_2026.xml,,,,
"8425, San Francisco",,Brossard,,,697.2,1984,329200,780500,1109700,2025,Logement,MAMH — Données Québec (rôle d'évaluation foncière),https://donneesouvertes.affmunqc.net/role/RL58007_2026.xml,,,,
"8415, San Francisco",,Brossard,,,697.2,1984,329200,647200,976400,2025,Logement,MAMH — Données Québec (rôle d'évaluation foncière),https://donneesouvertes.affmunqc.net/role/RL58007_2026.xml,,,,
"8420, Pelletier",,Brossard,,,578.1,1985,296500,617600,914100,2025,Logement,MAMH — Données Québec (rôle d'évaluation foncière),https://donneesouvertes.affmunqc.net/role/RL58007_2026.xml,,,,
"8395, Pelletier",,Brossard,,,566.9,1981,293400,614500,907900,2025,Logement,MAMH — Données Québec (rôle d'évaluation foncière),https://donneesouvertes.affmunqc.net/role/RL58007_2026.xml,,,,
"8410, San Francisco",,Brossard,,,539.5,1981,285900,595400,881300,2025,Logement,MAMH — Données Québec (rôle d'évaluation foncière),https://donneesouvertes.affmunqc.net/role/RL58007_2026.xml,,,,
"8405, Pelletier",,Brossard,,,566.9,1981,293400,533800,827200,2025,Logement,MAMH — Données Québec (rôle d'évaluation foncière),https://donneesouvertes.affmunqc.net/role/RL58007_2026.xml,,,,
"8400, San Francisco",,Brossard,,,549.8,1981,288700,492100,780800,2025,Logement,MAMH — Données Québec (rôle d'évaluation foncière),https://donneesouvertes.affmunqc.net/role/RL58007_2026.xml,,,,
"8415, Pelletier",,Brossard,,,566.9,1981,293400,519300,812700,2025,Logement,MAMH — Données Québec (rôle d'évaluation foncière),https://donneesouvertes.affmunqc.net/role/RL58007_2026.xml,,,,
"8425, Pelletier",,Brossard,,,586.4,1981,298800,804200,1103000,2025,Logement,MAMH — Données Québec (rôle d'évaluation foncière),https://donneesouvertes.affmunqc.net/role/RL58007_2026.xml,,,,
"8405, San Francisco",,Brossard,,,771.2,1984,349600,803900,1153500,2025,Logement,MAMH — Données Québec (rôle d'évaluation foncière),https://donneesouvertes.affmunqc.net/role/RL58007_2026.xml,,,,
"8265, Sartre",,Brossard,,,655.6,1979,317800,636600,954400,2025,Logement,MAMH — Données Québec (rôle d'évaluation foncière),https://donneesouvertes.affmunqc.net/role/RL58007_2026.xml,,,,
"8470, Sahara",,Brossard,,,1030.2,1985,417000,663400,1080400,2025,Logement,MAMH — Données Québec (rôle d'évaluation foncière),https://donneesouvertes.affmunqc.net/role/RL58007_2026.xml,,,,
"8460, Sahara",,Brossard,,,581.4,1985,297400,663800,961200,2025,Logement,MAMH — Données Québec (rôle d'évaluation foncière),https://donneesouvertes.affmunqc.net/role/RL58007_2026.xml,,,,
"8480, Sahara",,Brossard,,,735.6,1986,339800,735200,1075000,2025,Logement,MAMH — Données Québec (rôle d'évaluation foncière),https://donneesouvertes.affmunqc.net/role/RL58007_2026.xml,,,,
"8450, Sahara",,Brossard,,,502.9,1986,275800,684700,960500,2025,Logement,MAMH — Données Québec (rôle d'évaluation foncière),https://donneesouvertes.affmunqc.net/role/RL58007_2026.xml,,,,
"8440, Sahara",,Brossard,,,521.2,1986,280800,777500,1058300,2025,Logement,MAMH — Données Québec (rôle d'évaluation foncière),https://donneesouvertes.affmunqc.net/role/RL58007_2026.xml,,,,
"8490, Sahara",,Brossard,,,502.9,1985,275800,578700,854500,2025,Logement,MAMH — Données Québec (rôle d'évaluation foncière),https://donneesouvertes.affmunqc.net/role/RL58007_2026.xml,,,,
"8500, Sahara",,Brossard,,,566.9,1985,293400,555800,849200,2025,Logement,MAMH — Données Québec (rôle d'évaluation foncière),https://donneesouvertes.affmunqc.net/role/RL58007_2026.xml,,,,
"8330, Sahara",,Brossard,,,502.2,1987,275600,625500,901100,2025,Logement,MAMH — Données Québec (rôle d'évaluation foncière),https://donneesouvertes.affmunqc.net/role/RL58007_2026.xml,,,,
"8340, Sahara",,Brossard,,,679.3,1986,324300,868400,1192700,2025,Logement,MAMH — Données Québec (rôle d'évaluation foncière),https://donneesouvertes.affmunqc.net/role/RL58007_2026.xml,,,,
"8510, Sahara",,Brossard,,,586.4,1987,298800,671700,970500,2025,Logement,MAMH — Données Québec (rôle d'évaluation foncière),https://donneesouvertes.affmunqc.net/role/RL58007_2026.xml,,,,
"8320, Sahara",,Brossard,,,592.5,1986,300400,572900,873300,2025,Logement,MAMH — Données Québec (rôle d'évaluation foncière),https://donneesouvertes.affmunqc.net/role/RL58007_2026.xml,,,,
"8255, Sartre",,Brossard,,,566.9,1981,293400,536400,829800,2025,Logement,MAMH — Données Québec (rôle d'évaluation foncière),https://donneesouvertes.affmunqc.net/role/RL58007_2026.xml,,,,
"8245, Sartre",,Brossard,,,566.9,1981,293400,500900,794300,2025,Logement,MAMH — Données Québec (rôle d'évaluation foncière),https://donneesouvertes.affmunqc.net/role/RL58007_2026.xml,,,,
"8235, Sartre",,Brossard,,,557.8,1980,290900,550100,841000,2025,Logement,MAMH — Données Québec (rôle d'évaluation foncière),https://donneesouvertes.affmunqc.net/role/RL58007_2026.xml,,,,
"8225, Sartre",,Brossard,,,557.8,1981,290900,585100,876000,2025,Logement,MAMH — Données Québec (rôle d'évaluation foncière),https://donneesouvertes.affmunqc.net/role/RL58007_2026.xml,,,,
"8215, Sartre",,Brossard,,,612,1981,305800,505100,810900,2025,Logement,MAMH — Données Québec (rôle d'évaluation foncière),https://donneesouvertes.affmunqc.net/role/RL58007_2026.xml,,,,
"8430, Sahara",,Brossard,,,566.9,1985,293400,594200,887600,2025,Logement,MAMH — Données Québec (rôle d'évaluation foncière),https://donneesouvertes.affmunqc.net/role/RL58007_2026.xml,,,,
"8420, Sahara",,Brossard,,,732.4,1985,338900,604100,943000,2025,Logement,MAMH — Données Québec (rôle d'évaluation foncière),https://donneesouvertes.affmunqc.net/role/RL58007_2026.xml,,,,
"1510, Sibérie",,Brossard,,,502,1980,275600,478300,753900,2025,Logement,MAMH — Données Québec (rôle d'évaluation foncière),https://donneesouvertes.affmunqc.net/role/RL58007_2026.xml,,,,
"8410, Sahara",,Brossard,,,886.5,1987,381300,717400,1098700,2025,Logement,MAMH — Données Québec (rôle d'évaluation foncière),https://donneesouvertes.affmunqc.net/role/RL58007_2026.xml,,,,
"1520, Sibérie",,Brossard,,,502,1981,275600,451200,726800,2025,Logement,MAMH — Données Québec (rôle d'évaluation foncière),https://donneesouvertes.affmunqc.net/role/RL58007_2026.xml,,,,
"8400, Sahara",,Brossard,,,629.7,1985,310700,662600,973300,2025,Logement,MAMH — Données Québec (rôle d'évaluation foncière),https://donneesouvertes.affmunqc.net/role/RL58007_2026.xml,,,,
"1750, Suède",,Brossard,,,543.5,1980,287000,533700,820700,2025,Logement,MAMH — Données Québec (rôle d'évaluation foncière),https://donneesouvertes.affmunqc.net/role/RL58007_2026.xml,,,,
"8200, Sartre",,Brossard,,,543.5,1981,287000,559400,846400,2025,Logement,MAMH — Données Québec (rôle d'évaluation foncière),https://donneesouvertes.affmunqc.net/role/RL58007_2026.xml,,,,
"1760, Suède",,Brossard,,,543.5,1981,287000,391500,678500,2025,Logement,MAMH — Données Québec (rôle d'évaluation foncière),https://donneesouvertes.affmunqc.net/role/RL58007_2026.xml,,,,
"8190, Sartre",,Brossard,,,585.3,1981,298500,549800,848300,2025,Logement,MAMH — Données Québec (rôle d'évaluation foncière),https://donneesouvertes.affmunqc.net/role/RL58007_2026.xml,,,,
"8180, Sartre",,Brossard,,,585.3,1981,298500,561300,859800,2025,Logement,MAMH — Données Québec (rôle d'évaluation foncière),https://donneesouvertes.affmunqc.net/role/RL58007_2026.xml,,,,
"8170, Sartre",,Brossard,,,543.5,1981,287000,664300,951300,2025,Logement,MAMH — Données Québec (rôle d'évaluation foncière),https://donneesouvertes.affmunqc.net/role/RL58007_2026.xml,,,,
"8160, Sartre",,Brossard,,,543.5,1980,287000,504400,791400,2025,Logement,MAMH — Données Québec (rôle d'évaluation foncière),https://donneesouvertes.affmunqc.net/role/RL58007_2026.xml,,,,
"8150, Sartre",,Brossard,,,556.9,1981,290600,540400,831000,2025,Logement,MAMH — Données Québec (rôle d'évaluation foncière),https://donneesouvertes.affmunqc.net/role/RL58007_2026.xml,,,,
"1500, Sibérie",,Brossard,,,535.4,1981,284700,571000,855700,2025,Logement,MAMH — Données Québec (rôle d'évaluation foncière),https://donneesouvertes.affmunqc.net/role/RL58007_2026.xml,,,,
"8185, Sartre",,Brossard,,,595.8,1980,301300,545900,847200,2025,Logement,MAMH — Données Québec (rôle d'évaluation foncière),https://donneesouvertes.affmunqc.net/role/RL58007_2026.xml,,,,
"8175, Sartre",,Brossard,,,603.5,1981,303500,508500,812000,2025,Logement,MAMH — Données Québec (rôle d'évaluation foncière),https://donneesouvertes.affmunqc.net/role/RL58007_2026.xml,,,,
"8165, Sartre",,Brossard,,,603.5,1981,303500,637800,941300,2025,Logement,MAMH — Données Québec (rôle d'évaluation foncière),https://donneesouvertes.affmunqc.net/role/RL58007_2026.xml,,,,
"8155, Sartre",,Brossard,,,597.4,1981,301800,573100,874900,2025,Logement,MAMH — Données Québec (rôle d'évaluation foncière),https://donneesouvertes.affmunqc.net/role/RL58007_2026.xml,,,,
"1830, Sibérie",,Brossard,,,586.7,1984,298800,615000,913800,2025,Logement,MAMH — Données Québec (rôle d'évaluation foncière),https://donneesouvertes.affmunqc.net/role/RL58007_2026.xml,,,,
"1770, Suède",,Brossard,,,558.2,1981,291000,508100,799100,2025,Logement,MAMH — Données Québec (rôle d'évaluation foncière),https://donneesouvertes.affmunqc.net/role/RL58007_2026.xml,,,,
"1780, Suède",,Brossard,,,640.5,1980,313600,568800,882400,2025,Logement,MAMH — Données Québec (rôle d'évaluation foncière),https://donneesouvertes.affmunqc.net/role/RL58007_2026.xml,,,,
"1790, Suède",,Brossard,,,604.3,1980,303700,584900,888600,2025,Logement,MAMH — Données Québec (rôle d'évaluation foncière),https://donneesouvertes.affmunqc.net/role/RL58007_2026.xml,,,,
"1810, Suède",,Brossard,,,546.4,1981,287800,601500,889300,2025,Logement,MAMH — Données Québec (rôle d'évaluation foncière),https://donneesouvertes.affmunqc.net/role/RL58007_2026.xml,,,,
"1800, Suède",,Brossard,,,619.1,1980,307800,505500,813300,2025,Logement,MAMH — Données Québec (rôle d'évaluation foncière),https://donneesouvertes.affmunqc.net/role/RL58007_2026.xml,,,,
"8140, Sartre",,Brossard,,,537.3,1983,285300,517900,803200,2025,Logement,MAMH — Données Québec (rôle d'évaluation foncière),https://donneesouvertes.affmunqc.net/role/RL58007_2026.xml,,,,
"8130, Sartre",,Brossard,,,544.1,1987,287100,639400,926500,2025,Logement,MAMH — Données Québec (rôle d'évaluation foncière),https://donneesouvertes.affmunqc.net/role/RL58007_2026.xml,,,,
"8120, Sartre",,Brossard,,,607.1,1982,304500,795300,1099800,2025,Logement,MAMH — Données Québec (rôle d'évaluation foncière),https://donneesouvertes.affmunqc.net/role/RL58007_2026.xml,,,,
"8110, Sartre",,Brossard,,,699,1981,329700,852600,1182300,2025,Logement,MAMH — Données Québec (rôle d'évaluation foncière),https://donneesouvertes.affmunqc.net/role/RL58007_2026.xml,,,,
"8100, Sartre",,Brossard,,,465.3,1982,255900,637100,893000,2025,Logement,MAMH — Données Québec (rôle d'évaluation foncière),https://donneesouvertes.affmunqc.net/role/RL58007_2026.xml,,,,
"1840, Suède",,Brossard,,,607.2,1980,304500,612700,917200,2025,Logement,MAMH — Données Québec (rôle d'évaluation foncière),https://donneesouvertes.affmunqc.net/role/RL58007_2026.xml,,,,
"1500, Suède",,Brossard,,,589,1981,299500,756400,1055900,2025,Logement,MAMH — Données Québec (rôle d'évaluation foncière),https://donneesouvertes.affmunqc.net/role/RL58007_2026.xml,,,,
"1830, Suède",,Brossard,,,574.12,1980,295400,557000,852400,2025,Logement,MAMH — Données Québec (rôle d'évaluation foncière),https://donneesouvertes.affmunqc.net/role/RL58007_2026.xml,,,,
"1820, Suède",,Brossard,,,586.2,1980,298700,459600,758300,2025,Logement,MAMH — Données Québec (rôle d'évaluation foncière),https://donneesouvertes.affmunqc.net/role/RL58007_2026.xml,,,,
"8060, Sartre",,Brossard,,,579.1,1981,296800,396300,693100,2025,Logement,MAMH — Données Québec (rôle d'évaluation foncière),https://donneesouvertes.affmunqc.net/role/RL58007_2026.xml,,,,
"8070, Sartre",,Brossard,,,615.9,1980,306900,494200,801100,2025,Logement,MAMH — Données Québec (rôle d'évaluation foncière),https://donneesouvertes.affmunqc.net/role/RL58007_2026.xml,,,,
"8080, Sartre",,Brossard,,,548.7,1981,288400,502000,790400,2025,Logement,MAMH — Données Québec (rôle d'évaluation foncière),https://donneesouvertes.affmunqc.net/role/RL58007_2026.xml,,,,
"8090, Sartre",,Brossard,,,615.6,1981,306800,684400,991200,2025,Logement,MAMH — Données Québec (rôle d'évaluation foncière),https://donneesouvertes.affmunqc.net/role/RL58007_2026.xml,,,,
"8055, Sartre",,Brossard,,,516,1981,279400,589700,869100,2025,Logement,MAMH — Données Québec (rôle d'évaluation foncière),https://donneesouvertes.affmunqc.net/role/RL58007_2026.xml,,,,
"8065, Sartre",,Brossard,,,552.6,1980,289500,494300,783800,2025,Logement,MAMH — Données Québec (rôle d'évaluation foncière),https://donneesouvertes.affmunqc.net/role/RL58007_2026.xml,,,,
"8075, Sartre",,Brossard,,,592.1,1981,300300,556900,857200,2025,Logement,MAMH — Données Québec (rôle d'évaluation foncière),https://donneesouvertes.affmunqc.net/role/RL58007_2026.xml,,,,
"8085, Sartre",,Brossard,,,603.9,1981,303600,530700,834300,2025,Logement,MAMH — Données Québec (rôle d'évaluation foncière),https://donneesouvertes.affmunqc.net/role/RL58007_2026.xml,,,,
"1820, Surprenant",,Brossard,,,567,1981,293400,507800,801200,2025,Logement,MAMH — Données Québec (rôle d'évaluation foncière),https://donneesouvertes.affmunqc.net/role/RL58007_2026.xml,,,,
"7995, Sartre",,Brossard,,,556.8,1984,290600,704100,994700,2025,Logement,MAMH — Données Québec (rôle d'évaluation foncière),https://donneesouvertes.affmunqc.net/role/RL58007_2026.xml,,,,
"1500, Surprenant",,Brossard,,,615.8,1980,306800,471800,778600,2025,Logement,MAMH — Données Québec (rôle d'évaluation foncière),https://donneesouvertes.affmunqc.net/role/RL58007_2026.xml,,,,
"8015, Sartre",,Brossard,,,535.2,1980,284700,563300,848000,2025,Logement,MAMH — Données Québec (rôle d'évaluation foncière),https://donneesouvertes.affmunqc.net/role/RL58007_2026.xml,,,,
"8025, Sartre",,Brossard,,,502,1980,275600,511300,786900,2025,Logement,MAMH — Données Québec (rôle d'évaluation foncière),https://donneesouvertes.affmunqc.net/role/RL58007_2026.xml,,,,
"8035, Sartre",,Brossard,,,502,1981,275600,486000,761600,2025,Logement,MAMH — Données Québec (rôle d'évaluation foncière),https://donneesouvertes.affmunqc.net/role/RL58007_2026.xml,,,,
"1515, Surprenant",,Brossard,,,508.8,1980,277400,386300,663700,2025,Logement,MAMH — Données Québec (rôle d'évaluation foncière),https://donneesouvertes.affmunqc.net/role/RL58007_2026.xml,,,,
"8045, Sartre",,Brossard,,,502,1981,275600,541900,817500,2025,Logement,MAMH — Données Québec (rôle d'évaluation foncière),https://donneesouvertes.affmunqc.net/role/RL58007_2026.xml,,,,
"1525, Surprenant",,Brossard,,,477.3,1980,262500,494500,757000,2025,Logement,MAMH — Données Québec (rôle d'évaluation foncière),https://donneesouvertes.affmunqc.net/role/RL58007_2026.xml,,,,
"1840, Surprenant",,Brossard,,,836.7,1984,367600,569200,936800,2025,Logement,MAMH — Données Québec (rôle d'évaluation foncière),https://donneesouvertes.affmunqc.net/role/RL58007_2026.xml,,,,
"1830, Surprenant",,Brossard,,,591.5,1980,300200,486900,787100,2025,Logement,MAMH — Données Québec (rôle d'évaluation foncière),https://donneesouvertes.affmunqc.net/role/RL58007_2026.xml,,,,
"1535, Surprenant",,Brossard,,,535.1,1981,284700,446000,730700,2025,Logement,MAMH — Données Québec (rôle d'évaluation foncière),https://donneesouvertes.affmunqc.net/role/RL58007_2026.xml,,,,
"8565, Saguenay",,Brossard,,,629.6,1981,310600,469500,780100,2025,Logement,MAMH — Données Québec (rôle d'évaluation foncière),https://donneesouvertes.affmunqc.net/role/RL58007_2026.xml,,,,
"8580, Saguenay",,Brossard,,,597.4,1980,301800,503400,805200,2025,Logement,MAMH — Données Québec (rôle d'évaluation foncière),https://donneesouvertes.affmunqc.net/role/RL58007_2026.xml,,,,
"8575, Saguenay",,Brossard,,,633.7,1981,311800,970900,1282700,2025,Logement,MAMH — Données Québec (rôle d'évaluation foncière),https://donneesouvertes.affmunqc.net/role/RL58007_2026.xml,,,,
"8590, Saguenay",,Brossard,,,626.3,1980,309700,676700,986400,2025,Logement,MAMH — Données Québec (rôle d'évaluation foncière),https://donneesouvertes.affmunqc.net/role/RL58007_2026.xml,,,,
"1510, Surprenant",,Brossard,,,668.3,1980,321300,609600,930900,2025,Logement,MAMH — Données Québec (rôle d'évaluation foncière),https://donneesouvertes.affmunqc.net/role/RL58007_2026.xml,,,,
"8585, Saguenay",,Brossard,,,682.7,1981,325200,585000,910200,2025,Logement,MAMH — Données Québec (rôle d'évaluation foncière),https://donneesouvertes.affmunqc.net/role/RL58007_2026.xml,,,,
"8600, Saguenay",,Brossard,,,592.8,1981,300500,562200,862700,2025,Logement,MAMH — Données Québec (rôle d'évaluation foncière),https://donneesouvertes.affmunqc.net/role/RL58007_2026.xml,,,,
"1520, Surprenant",,Brossard,,,557.9,1980,290900,468000,758900,2025,Logement,MAMH — Données Québec (rôle d'évaluation foncière),https://donneesouvertes.affmunqc.net/role/RL58007_2026.xml,,,,
"8595, Saguenay",,Brossard,,,486.2,1981,267400,595500,862900,2025,Logement,MAMH — Données Québec (rôle d'évaluation foncière),https://donneesouvertes.affmunqc.net/role/RL58007_2026.xml,,,,
"8610, Saguenay",,Brossard,,,573,1986,295100,732500,1027600,2025,Logement,MAMH — Données Québec (rôle d'évaluation foncière),https://donneesouvertes.affmunqc.net/role/RL58007_2026.xml,,,,
"1530, Surprenant",,Brossard,,,557.9,1982,290900,630000,920900,2025,Logement,MAMH — Données Québec (rôle d'évaluation foncière),https://donneesouvertes.affmunqc.net/role/RL58007_2026.xml,,,,
"8605, Saguenay",,Brossard,,,610.2,1985,305300,692400,997700,2025,Logement,MAMH — Données Québec (rôle d'évaluation foncière),https://donneesouvertes.affmunqc.net/role/RL58007_2026.xml,,,,
"8620, Saguenay",,Brossard,,,573,1988,295100,688000,983100,2025,Logement,MAMH — Données Québec (rôle d'évaluation foncière),https://donneesouvertes.affmunqc.net/role/RL58007_2026.xml,,,,
"8300, Taschereau, app. 8330",,Brossard,,,31471.7,,6697100,6451900,13149000,2025,Immeuble à bureaux,MAMH — Données Québec (rôle d'évaluation foncière),https://donneesouvertes.affmunqc.net/role/RL58007_2026.xml,,,,
"8350, Taschereau",,Brossard,,,5954.9,,1786500,875000,2661500,2025,Immeuble à bureaux,MAMH — Données Québec (rôle d'évaluation foncière),https://donneesouvertes.affmunqc.net/role/RL58007_2026.xml,,,,
"8220, Taschereau",,Brossard,,,12120.1,1992,3059000,3025100,6084100,2025,Immeuble à bureaux,MAMH — Données Québec (rôle d'évaluation foncière),https://donneesouvertes.affmunqc.net/role/RL58007_2026.xml,,,,
"8350, Sahara",,Brossard,,,745.5,1985,342500,738600,1081100,2025,Logement,MAMH — Données Québec (rôle d'évaluation foncière),https://donneesouvertes.affmunqc.net/role/RL58007_2026.xml,,,,
"8310, Sahara",,Brossard,,,565,1987,292900,562700,855600,2025,Logement,MAMH — Données Québec (rôle d'évaluation foncière),https://donneesouvertes.affmunqc.net/role/RL58007_2026.xml,,,,
"8300, San Francisco",,Brossard,,,686.2,1987,326200,590500,916700,2025,Logement,MAMH — Données Québec (rôle d'évaluation foncière),https://donneesouvertes.affmunqc.net/role/RL58007_2026.xml,,,,
"8360, Sahara",,Brossard,,,637.6,1985,312800,571700,884500,2025,Logement,MAMH — Données Québec (rôle d'évaluation foncière),https://donneesouvertes.affmunqc.net/role/RL58007_2026.xml,,,,
"8290, San Francisco",,Brossard,,,550.4,1985,288900,630900,919800,2025,Logement,MAMH — Données Québec (rôle d'évaluation foncière),https://donneesouvertes.affmunqc.net/role/RL58007_2026.xml,,,,
"8280, San Francisco",,Brossard,,,557.9,1985,290900,616000,906900,2025,Logement,MAMH — Données Québec (rôle d'évaluation foncière),https://donneesouvertes.affmunqc.net/role/RL58007_2026.xml,,,,
"8270, San Francisco",,Brossard,,,688.8,1986,326900,735200,1062100,2025,Logement,MAMH — Données Québec (rôle d'évaluation foncière),https://donneesouvertes.affmunqc.net/role/RL58007_2026.xml,,,,
"8260, San Francisco",,Brossard,,,753.8,1987,344800,791500,1136300,2025,Logement,MAMH — Données Québec (rôle d'évaluation foncière),https://donneesouvertes.affmunqc.net/role/RL58007_2026.xml,,,,
"1530, Sibérie",,Brossard,,,502,1981,275600,550600,826200,2025,Logement,MAMH — Données Québec (rôle d'évaluation foncière),https://donneesouvertes.affmunqc.net/role/RL58007_2026.xml,,,,
"8390, Sahara",,Brossard,,,502,1985,275600,801100,1076700,2025,Logement,MAMH — Données Québec (rôle d'évaluation foncière),https://donneesouvertes.affmunqc.net/role/RL58007_2026.xml,,,,
"1540, Sibérie",,Brossard,,,502,1981,275600,682800,958400,2025,Logement,MAMH — Données Québec (rôle d'évaluation foncière),https://donneesouvertes.affmunqc.net/role/RL58007_2026.xml,,,,
"8380, Sahara",,Brossard,,,811.7,1986,360700,733800,1094500,2025,Logement,MAMH — Données Québec (rôle d'évaluation foncière),https://donneesouvertes.affmunqc.net/role/RL58007_2026.xml,,,,
"1550, Sibérie",,Brossard,,,502,1981,275600,520600,796200,2025,Logement,MAMH — Données Québec (rôle d'évaluation foncière),https://donneesouvertes.affmunqc.net/role/RL58007_2026.xml,,,,
"8370, Sahara",,Brossard,,,964.6,1985,402800,801100,1203900,2025,Logement,MAMH — Données Québec (rôle d'évaluation foncière),https://donneesouvertes.affmunqc.net/role/RL58007_2026.xml,,,,
"1560, Sibérie",,Brossard,,,502,1981,275600,486300,761900,2025,Logement,MAMH — Données Québec (rôle d'évaluation foncière),https://donneesouvertes.affmunqc.net/role/RL58007_2026.xml,,,,
"1570, Sibérie",,Brossard,,,840.9,1981,368700,646200,1014900,2025,Logement,MAMH — Données Québec (rôle d'évaluation foncière),https://donneesouvertes.affmunqc.net/role/RL58007_2026.xml,,,,
"1565, Sibérie",,Brossard,,,556.5,1981,290500,495400,785900,2025,Logement,MAMH — Données Québec (rôle d'évaluation foncière),https://donneesouvertes.affmunqc.net/role/RL58007_2026.xml,,,,
"1580, Sibérie",,Brossard,,,876.9,1982,378600,719000,1097600,2025,Logement,MAMH — Données Québec (rôle d'évaluation foncière),https://donneesouvertes.affmunqc.net/role/RL58007_2026.xml,,,,
"8250, San Francisco",,Brossard,,,699.7,1987,329900,703200,1033100,2025,Logement,MAMH — Données Québec (rôle d'évaluation foncière),https://donneesouvertes.affmunqc.net/role/RL58007_2026.xml,,,,
"1820, Sibérie",,Brossard,,,557.8,1980,290900,627100,918000,2025,Logement,MAMH — Données Québec (rôle d'évaluation foncière),https://donneesouvertes.affmunqc.net/role/RL58007_2026.xml,,,,
"1810, Sibérie",,Brossard,,,557.8,1981,290900,615700,906600,2025,Logement,MAMH — Données Québec (rôle d'évaluation foncière),https://donneesouvertes.affmunqc.net/role/RL58007_2026.xml,,,,
"1800, Sibérie",,Brossard,,,603.5,1981,303500,422100,725600,2025,Logement,MAMH — Données Québec (rôle d'évaluation foncière),https://donneesouvertes.affmunqc.net/role/RL58007_2026.xml,,,,
"1790, Sibérie",,Brossard,,,557.8,1981,290900,438800,729700,2025,Logement,MAMH — Données Québec (rôle d'évaluation foncière),https://donneesouvertes.affmunqc.net/role/RL58007_2026.xml,,,,
"1545, Sibérie",,Brossard,,,556.8,1981,290600,623800,914400,2025,Logement,MAMH — Données Québec (rôle d'évaluation foncière),https://donneesouvertes.affmunqc.net/role/RL58007_2026.xml,,,,
"1825, Sibérie",,Brossard,,,521.2,1981,280800,551200,832000,2025,Logement,MAMH — Données Québec (rôle d'évaluation foncière),https://donneesouvertes.affmunqc.net/role/RL58007_2026.xml,,,,
"1555, Sibérie",,Brossard,,,543.1,1981,286900,605400,892300,2025,Logement,MAMH — Données Québec (rôle d'évaluation foncière),https://donneesouvertes.affmunqc.net/role/RL58007_2026.xml,,,,
"1815, Sibérie",,Brossard,,,557.8,1981,290900,381200,672100,2025,Logement,MAMH — Données Québec (rôle d'évaluation foncière),https://donneesouvertes.affmunqc.net/role/RL58007_2026.xml,,,,
"1805, Sibérie",,Brossard,,,557.8,1980,290900,572100,863000,2025,Logement,MAMH — Données Québec (rôle d'évaluation foncière),https://donneesouvertes.affmunqc.net/role/RL58007_2026.xml,,,,
"1795, Sibérie",,Brossard,,,557.8,1981,290900,601300,892200,2025,Logement,MAMH — Données Québec (rôle d'évaluation foncière),https://donneesouvertes.affmunqc.net/role/RL58007_2026.xml,,,,
"1615, Sibérie",,Brossard,,,603.5,1980,303500,537200,840700,2025,Logement,MAMH — Données Québec (rôle d'évaluation foncière),https://donneesouvertes.affmunqc.net/role/RL58007_2026.xml,,,,
"1785, Sibérie",,Brossard,,,521.2,1981,280800,561600,842400,2025,Logement,MAMH — Données Québec (rôle d'évaluation foncière),https://donneesouvertes.affmunqc.net/role/RL58007_2026.xml,,,,
"1625, Sibérie",,Brossard,,,603.5,1980,303500,512400,815900,2025,Logement,MAMH — Données Québec (rôle d'évaluation foncière),https://donneesouvertes.affmunqc.net/role/RL58007_2026.xml,,,,
"1635, Sibérie",,Brossard,,,557.8,1981,290900,613800,904700,2025,Logement,MAMH — Données Québec (rôle d'évaluation foncière),https://donneesouvertes.affmunqc.net/role/RL58007_2026.xml,,,,
"8145, Sartre",,Brossard,,,627.3,1982,310000,477100,787100,2025,Logement,MAMH — Données Québec (rôle d'évaluation foncière),https://donneesouvertes.affmunqc.net/role/RL58007_2026.xml,,,,
"8135, Sartre",,Brossard,,,635.6,1982,312300,518100,830400,2025,Logement,MAMH — Données Québec (rôle d'évaluation foncière),https://donneesouvertes.affmunqc.net/role/RL58007_2026.xml,,,,
"8125, Sartre",,Brossard,,,659.5,1983,318900,519600,838500,2025,Logement,MAMH — Données Québec (rôle d'évaluation foncière),https://donneesouvertes.affmunqc.net/role/RL58007_2026.xml,,,,
"8105, Sartre",,Brossard,,,667.3,1980,321000,485500,806500,2025,Logement,MAMH — Données Québec (rôle d'évaluation foncière),https://donneesouvertes.affmunqc.net/role/RL58007_2026.xml,,,,
"8115, Sartre",,Brossard,,,721.8,1981,336000,622700,958700,2025,Logement,MAMH — Données Québec (rôle d'évaluation foncière),https://donneesouvertes.affmunqc.net/role/RL58007_2026.xml,,,,
"1780, Sibérie",,Brossard,,,595.6,1981,301300,750100,1051400,2025,Logement,MAMH — Données Québec (rôle d'évaluation foncière),https://donneesouvertes.affmunqc.net/role/RL58007_2026.xml,,,,
"1770, Sibérie",,Brossard,,,671.1,1981,322100,503700,825800,2025,Logement,MAMH — Données Québec (rôle d'évaluation foncière),https://donneesouvertes.affmunqc.net/role/RL58007_2026.xml,,,,
"1760, Sibérie",,Brossard,,,937.8,1982,395400,543600,939000,2025,Logement,MAMH — Données Québec (rôle d'évaluation foncière),https://donneesouvertes.affmunqc.net/role/RL58007_2026.xml,,,,
"8465, Sébastien",,Brossard,,,636.7,1981,312600,452900,765500,2025,Logement,MAMH — Données Québec (rôle d'évaluation foncière),https://donneesouvertes.affmunqc.net/role/RL58007_2026.xml,,,,
"1750, Sibérie",,Brossard,,,868.3,1982,376300,513600,889900,2025,Logement,MAMH — Données Québec (rôle d'évaluation foncière),https://donneesouvertes.affmunqc.net/role/RL58007_2026.xml,,,,
"1740, Sibérie",,Brossard,,,723.7,1981,336500,531300,867800,2025,Logement,MAMH — Données Québec (rôle d'évaluation foncière),https://donneesouvertes.affmunqc.net/role/RL58007_2026.xml,,,,
"1775, Sibérie",,Brossard,,,557.8,1983,290900,617300,908200,2025,Logement,MAMH — Données Québec (rôle d'évaluation foncière),https://donneesouvertes.affmunqc.net/role/RL58007_2026.xml,,,,
"1765, Sibérie",,Brossard,,,595.8,1981,301300,624800,926100,2025,Logement,MAMH — Données Québec (rôle d'évaluation foncière),https://donneesouvertes.affmunqc.net/role/RL58007_2026.xml,,,,
"8095, Sartre",,Brossard,,,610,1981,305300,514800,820100,2025,Logement,MAMH — Données Québec (rôle d'évaluation foncière),https://donneesouvertes.affmunqc.net/role/RL58007_2026.xml,,,,
"1810, Surprenant",,Brossard,,,750.1,1981,343800,606100,949900,2025,Logement,MAMH — Données Québec (rôle d'évaluation foncière),https://donneesouvertes.affmunqc.net/role/RL58007_2026.xml,,,,
"8450, Sébastien",,Brossard,,,694,1981,328400,474200,802600,2025,Logement,MAMH — Données Québec (rôle d'évaluation foncière),https://donneesouvertes.affmunqc.net/role/RL58007_2026.xml,,,,
"8455, Sébastien",,Brossard,,,670.2,1981,321800,650800,972600,2025,Logement,MAMH — Données Québec (rôle d'évaluation foncière),https://donneesouvertes.affmunqc.net/role/RL58007_2026.xml,,,,
"1800, Surprenant",,Brossard,,,605.6,1981,304000,481400,785400,2025,Logement,MAMH — Données Québec (rôle d'évaluation foncière),https://donneesouvertes.affmunqc.net/role/RL58007_2026.xml,,,,
"8460, Sébastien",,Brossard,,,558.6,1981,291100,430700,721800,2025,Logement,MAMH — Données Québec (rôle d'évaluation foncière),https://donneesouvertes.affmunqc.net/role/RL58007_2026.xml,,,,
"1790, Surprenant",,Brossard,,,557.8,1981,290900,531300,822200,2025,Logement,MAMH — Données Québec (rôle d'évaluation foncière),https://donneesouvertes.affmunqc.net/role/RL58007_2026.xml,,,,
"8470, Sébastien",,Brossard,,,557.8,1981,290900,568200,859100,2025,Logement,MAMH — Données Québec (rôle d'évaluation foncière),https://donneesouvertes.affmunqc.net/role/RL58007_2026.xml,,,,
"8475, Sébastien",,Brossard,,,557.8,1981,290900,506700,797600,2025,Logement,MAMH — Données Québec (rôle d'évaluation foncière),https://donneesouvertes.affmunqc.net/role/RL58007_2026.xml,,,,
"1780, Surprenant",,Brossard,,,557.7,1983,290900,578800,869700,2025,Logement,MAMH — Données Québec (rôle d'évaluation foncière),https://donneesouvertes.affmunqc.net/role/RL58007_2026.xml,,,,
"8480, Sébastien",,Brossard,,,557.7,1981,290900,366500,657400,2025,Logement,MAMH — Données Québec (rôle d'évaluation foncière),https://donneesouvertes.affmunqc.net/role/RL58007_2026.xml,,,,
"8485, Sébastien",,Brossard,,,557.8,1981,290900,522500,813400,2025,Logement,MAMH — Données Québec (rôle d'évaluation foncière),https://donneesouvertes.affmunqc.net/role/RL58007_2026.xml,,,,
"1770, Surprenant",,Brossard,,,603.5,1984,303500,633300,936800,2025,Logement,MAMH — Données Québec (rôle d'évaluation foncière),https://donneesouvertes.affmunqc.net/role/RL58007_2026.xml,,,,
"8490, Sébastien",,Brossard,,,610.2,1983,305300,569500,874800,2025,Logement,MAMH — Données Québec (rôle d'évaluation foncière),https://donneesouvertes.affmunqc.net/role/RL58007_2026.xml,,,,
"1555, Surprenant",,Brossard,,,613.8,1981,306300,675300,981600,2025,Logement,MAMH — Données Québec (rôle d'évaluation foncière),https://donneesouvertes.affmunqc.net/role/RL58007_2026.xml,,,,
"1805, Surprenant",,Brossard,,,699.3,1984,329800,694700,1024500,2025,Logement,MAMH — Données Québec (rôle d'évaluation foncière),https://donneesouvertes.affmunqc.net/role/RL58007_2026.xml,,,,
"1565, Surprenant",,Brossard,,,563.9,1984,292600,537600,830200,2025,Logement,MAMH — Données Québec (rôle d'évaluation foncière),https://donneesouvertes.affmunqc.net/role/RL58007_2026.xml,,,,
"1795, Surprenant",,Brossard,,,610.2,1981,305300,592500,897800,2025,Logement,MAMH — Données Québec (rôle d'évaluation foncière),https://donneesouvertes.affmunqc.net/role/RL58007_2026.xml,,,,
"1575, Surprenant",,Brossard,,,563.9,1984,292600,717800,1010400,2025,Logement,MAMH — Données Québec (rôle d'évaluation foncière),https://donneesouvertes.affmunqc.net/role/RL58007_2026.xml,,,,
"1570, Surprenant",,Brossard,,,603.5,1984,303500,619700,923200,2025,Logement,MAMH — Données Québec (rôle d'évaluation foncière),https://donneesouvertes.affmunqc.net/role/RL58007_2026.xml,,,,
"1785, Surprenant",,Brossard,,,606.6,1984,304300,468700,773000,2025,Logement,MAMH — Données Québec (rôle d'évaluation foncière),https://donneesouvertes.affmunqc.net/role/RL58007_2026.xml,,,,
"1585, Surprenant",,Brossard,,,563.9,1984,292600,569700,862300,2025,Logement,MAMH — Données Québec (rôle d'évaluation foncière),https://donneesouvertes.affmunqc.net/role/RL58007_2026.xml,,,,
"1580, Surprenant",,Brossard,,,603.5,1985,303500,711300,1014800,2025,Logement,MAMH — Données Québec (rôle d'évaluation foncière),https://donneesouvertes.affmunqc.net/role/RL58007_2026.xml,,,,
"1775, Surprenant",,Brossard,,,557.8,1985,290900,506700,797600,2025,Logement,MAMH — Données Québec (rôle d'évaluation foncière),https://donneesouvertes.affmunqc.net/role/RL58007_2026.xml,,,,
"1595, Surprenant",,Brossard,,,563.9,1984,292600,648400,941000,2025,Logement,MAMH — Données Québec (rôle d'évaluation foncière),https://donneesouvertes.affmunqc.net/role/RL58007_2026.xml,,,,
"1540, Surprenant",,Brossard,,,610.2,1984,305300,554500,859800,2025,Logement,MAMH — Données Québec (rôle d'évaluation foncière),https://donneesouvertes.affmunqc.net/role/RL58007_2026.xml,,,,
"8615, Saguenay",,Brossard,,,610.2,1986,305300,891600,1196900,2025,Logement,MAMH — Données Québec (rôle d'évaluation foncière),https://donneesouvertes.affmunqc.net/role/RL58007_2026.xml,,,,
"8630, Saguenay",,Brossard,,,573,1986,295100,549000,844100,2025,Logement,MAMH — Données Québec (rôle d'évaluation foncière),https://donneesouvertes.affmunqc.net/role/RL58007_2026.xml,,,,
"1550, Surprenant",,Brossard,,,603.5,1984,303500,588700,892200,2025,Logement,MAMH — Données Québec (rôle d'évaluation foncière),https://donneesouvertes.affmunqc.net/role/RL58007_2026.xml,,,,
"8625, Saguenay",,Brossard,,,603.5,1986,303500,785400,1088900,2025,Logement,MAMH — Données Québec (rôle d'évaluation foncière),https://donneesouvertes.affmunqc.net/role/RL58007_2026.xml,,,,
"8640, Saguenay",,Brossard,,,573,1986,295100,678800,973900,2025,Logement,MAMH — Données Québec (rôle d'évaluation foncière),https://donneesouvertes.affmunqc.net/role/RL58007_2026.xml,,,,
"1560, Surprenant",,Brossard,,,603.5,1984,303500,628900,932400,2025,Logement,MAMH — Données Québec (rôle d'évaluation foncière),https://donneesouvertes.affmunqc.net/role/RL58007_2026.xml,,,,
"8635, Saguenay",,Brossard,,,603.5,1986,303500,674100,977600,2025,Logement,MAMH — Données Québec (rôle d'évaluation foncière),https://donneesouvertes.affmunqc.net/role/RL58007_2026.xml,,,,
"8650, Saguenay",,Brossard,,,573,1987,295100,711700,1006800,2025,Logement,MAMH — Données Québec (rôle d'évaluation foncière),https://donneesouvertes.affmunqc.net/role/RL58007_2026.xml,,,,
"8645, Saguenay",,Brossard,,,603.5,1986,303500,588700,892200,2025,Logement,MAMH — Données Québec (rôle d'évaluation foncière),https://donneesouvertes.affmunqc.net/role/RL58007_2026.xml,,,,
"8660, Saguenay",,Brossard,,,573,1987,295100,719600,1014700,2025,Logement,MAMH — Données Québec (rôle d'évaluation foncière),https://donneesouvertes.affmunqc.net/role/RL58007_2026.xml,,,,
"8655, Saguenay",,Brossard,,,603.5,1986,303500,538400,841900,2025,Logement,MAMH — Données Québec (rôle d'évaluation foncière),https://donneesouvertes.affmunqc.net/role/RL58007_2026.xml,,,,
"8670, Saguenay",,Brossard,,,573,1986,295100,669100,964200,2025,Logement,MAMH — Données Québec (rôle d'évaluation foncière),https://donneesouvertes.affmunqc.net/role/RL58007_2026.xml,,,,
"1080, Sénécal",,Brossard,,,501.7,1978,275500,429100,704600,2025,Logement,MAMH — Données Québec (rôle d'évaluation foncière),https://donneesouvertes.affmunqc.net/role/RL58007_2026.xml,,,,
"1085, Sénécal",,Brossard,,,527.1,1977,282500,444100,726600,2025,Logement,MAMH — Données Québec (rôle d'évaluation foncière),https://donneesouvertes.affmunqc.net/role/RL58007_2026.xml,,,,
"1155, Sénécal",,Brossard,,,577.3,1982,296300,577100,873400,2025,Logement,MAMH — Données Québec (rôle d'évaluation foncière),https://donneesouvertes.affmunqc.net/role/RL58007_2026.xml,,,,
"1075, Sénécal",,Brossard,,,567.3,1979,293500,501200,794700,2025,Logement,MAMH — Données Québec (rôle d'évaluation foncière),https://donneesouvertes.affmunqc.net/role/RL58007_2026.xml,,,,
"1165, Sénécal",,Brossard,,,585.3,1978,298500,402700,701200,2025,Logement,MAMH — Données Québec (rôle d'évaluation foncière),https://donneesouvertes.affmunqc.net/role/RL58007_2026.xml,,,,
"1035, Sénécal",,Brossard,,,608,1978,304700,528300,833000,2025,Logement,MAMH — Données Québec (rôle d'évaluation foncière),https://donneesouvertes.affmunqc.net/role/RL58007_2026.xml,,,,
"1045, Sénécal",,Brossard,,,515,1977,279100,458100,737200,2025,Logement,MAMH — Données Québec (rôle d'évaluation foncière),https://donneesouvertes.affmunqc.net/role/RL58007_2026.xml,,,,
"1175, Sénécal",,Brossard,,,585.3,1977,298500,538100,836600,2025,Logement,MAMH — Données Québec (rôle d'évaluation foncière),https://donneesouvertes.affmunqc.net/role/RL58007_2026.xml,,,,
"1055, Sénécal",,Brossard,,,575.4,1977,295700,535100,830800,2025,Logement,MAMH — Données Québec (rôle d'évaluation foncière),https://donneesouvertes.affmunqc.net/role/RL58007_2026.xml,,,,
"1065, Sénécal",,Brossard,,,932.7,1979,394000,566400,960400,2025,Logement,MAMH — Données Québec (rôle d'évaluation foncière),https://donneesouvertes.affmunqc.net/role/RL58007_2026.xml,,,,
"1090, Sénécal",,Brossard,,,501.7,1979,275500,536300,811800,2025,Logement,MAMH — Données Québec (rôle d'évaluation foncière),https://donneesouvertes.affmunqc.net/role/RL58007_2026.xml,,,,
"1110, Sénécal",,Brossard,,,560.6,1979,291700,480400,772100,2025,Logement,MAMH — Données Québec (rôle d'évaluation foncière),https://donneesouvertes.affmunqc.net/role/RL58007_2026.xml,,,,
"1120, Sénécal",,Brossard,,,987.9,1978,409200,580200,989400,2025,Logement,MAMH — Données Québec (rôle d'évaluation foncière),https://donneesouvertes.affmunqc.net/role/RL58007_2026.xml,,,,
"1130, Sénécal",,Brossard,,,735.3,1978,339700,411400,751100,2025,Logement,MAMH — Données Québec (rôle d'évaluation foncière),https://donneesouvertes.affmunqc.net/role/RL58007_2026.xml,,,,
"1140, Sénécal",,Brossard,,,613.2,1977,306100,374000,680100,2025,Logement,MAMH — Données Québec (rôle d'évaluation foncière),https://donneesouvertes.affmunqc.net/role/RL58007_2026.xml,,,,
"1150, Sénécal",,Brossard,,,754.2,1978,344900,395000,739900,2025,Logement,MAMH — Données Québec (rôle d'évaluation foncière),https://donneesouvertes.affmunqc.net/role/RL58007_2026.xml,,,,
"1160, Sénécal",,Brossard,,,1006,1979,413400,621700,1035100,2025,Logement,MAMH — Données Québec (rôle d'évaluation foncière),https://donneesouvertes.affmunqc.net/role/RL58007_2026.xml,,,,
"1170, Sénécal",,Brossard,,,791,1978,355000,654500,1009500,2025,Logement,MAMH — Données Québec (rôle d'évaluation foncière),https://donneesouvertes.affmunqc.net/role/RL58007_2026.xml,,,,
"1155, Tardif",,Brossard,,,370.1,1975,174600,209300,383900,2025,Logement,MAMH — Données Québec (rôle d'évaluation foncière),https://donneesouvertes.affmunqc.net/role/RL58007_2026.xml,,,,
"7725, Trahan, app. 7775",,Brossard,,,14153.7,,7784500,7070400,14854900,2025,Logement,MAMH — Données Québec (rôle d'évaluation foncière),https://donneesouvertes.affmunqc.net/role/RL58007_2026.xml,,,,
"7675, Trahan",,Brossard,,,437.1,1980,165400,330900,496300,2025,Logement,MAMH — Données Québec (rôle d'évaluation foncière),https://donneesouvertes.affmunqc.net/role/RL58007_2026.xml,,,,
"7673, Trahan",,Brossard,,,360.3,1980,155900,272700,428600,2025,Logement,MAMH — Données Québec (rôle d'évaluation foncière),https://donneesouvertes.affmunqc.net/role/RL58007_2026.xml,,,,
"7669, Trahan",,Brossard,,,454.1,1981,167500,300600,468100,2025,Logement,MAMH — Données Québec (rôle d'évaluation foncière),https://donneesouvertes.affmunqc.net/role/RL58007_2026.xml,,,,
"7671, Trahan",,Brossard,,,306.6,1980,149300,352400,501700,2025,Logement,MAMH — Données Québec (rôle d'évaluation foncière),https://donneesouvertes.affmunqc.net/role/RL58007_2026.xml,,,,
"7677, Trahan",,Brossard,,,437.8,1981,165500,260100,425600,2025,Logement,MAMH — Données Québec (rôle d'évaluation foncière),https://donneesouvertes.affmunqc.net/role/RL58007_2026.xml,,,,
"7679, Trahan",,Brossard,,,382.8,1980,176300,220100,396400,2025,Logement,MAMH — Données Québec (rôle d'évaluation foncière),https://donneesouvertes.affmunqc.net/role/RL58007_2026.xml,,,,
"7665, Trahan",,Brossard,,,360.6,1981,173300,386700,560000,2025,Logement,MAMH — Données Québec (rôle d'évaluation foncière),https://donneesouvertes.affmunqc.net/role/RL58007_2026.xml,,,,
"7681, Trahan",,Brossard,,,282.8,1980,155500,328100,483600,2025,Logement,MAMH — Données Québec (rôle d'évaluation foncière),https://donneesouvertes.affmunqc.net/role/RL58007_2026.xml,,,,
"7663, Trahan",,Brossard,,,307,1981,166000,239500,405500,2025,Logement,MAMH — Données Québec (rôle d'évaluation foncière),https://donneesouvertes.affmunqc.net/role/RL58007_2026.xml,,,,
"7683, Trahan",,Brossard,,,282.8,1981,155500,256600,412100,2025,Logement,MAMH — Données Québec (rôle d'évaluation foncière),https://donneesouvertes.affmunqc.net/role/RL58007_2026.xml,,,,
"7661, Trahan",,Brossard,,,381.6,1980,176200,288100,464300,2025,Logement,MAMH — Données Québec (rôle d'évaluation foncière),https://donneesouvertes.affmunqc.net/role/RL58007_2026.xml,,,,
"7685, Trahan",,Brossard,,,371.3,1980,174800,288400,463200,2025,Logement,MAMH — Données Québec (rôle d'évaluation foncière),https://donneesouvertes.affmunqc.net/role/RL58007_2026.xml,,,,
"7659, Trahan",,Brossard,,,280.1,1980,154100,263800,417900,2025,Logement,MAMH — Données Québec (rôle d'évaluation foncière),https://donneesouvertes.affmunqc.net/role/RL58007_2026.xml,,,,
"7657, Trahan",,Brossard,,,279.6,1980,153800,264100,417900,2025,Logement,MAMH — Données Québec (rôle d'évaluation foncière),https://donneesouvertes.affmunqc.net/role/RL58007_2026.xml,,,,
"7641, Trahan",,Brossard,,,439,1981,165600,294800,460400,2025,Logement,MAMH — Données Québec (rôle d'évaluation foncière),https://donneesouvertes.affmunqc.net/role/RL58007_2026.xml,,,,
"7639, Trahan",,Brossard,,,319,1981,150800,244000,394800,2025,Logement,MAMH — Données Québec (rôle d'évaluation foncière),https://donneesouvertes.affmunqc.net/role/RL58007_2026.xml,,,,
"7637, Trahan",,Brossard,,,363,1981,156300,279000,435300,2025,Logement,MAMH — Données Québec (rôle d'évaluation foncière),https://donneesouvertes.affmunqc.net/role/RL58007_2026.xml,,,,
"7643, Trahan",,Brossard,,,517.4,1981,175300,294300,469600,2025,Logement,MAMH — Données Québec (rôle d'évaluation foncière),https://donneesouvertes.affmunqc.net/role/RL58007_2026.xml,,,,
"7635, Trahan",,Brossard,,,495,1981,172500,300100,472600,2025,Logement,MAMH — Données Québec (rôle d'évaluation foncière),https://donneesouvertes.affmunqc.net/role/RL58007_2026.xml,,,,
"7667, Trahan",,Brossard,,,473.5,1981,169900,271500,441400,2025,Logement,MAMH — Données Québec (rôle d'évaluation foncière),https://donneesouvertes.affmunqc.net/role/RL58007_2026.xml,,,,
"7645, Trahan",,Brossard,,,344.9,1981,171200,266600,437800,2025,Logement,MAMH — Données Québec (rôle d'évaluation foncière),https://donneesouvertes.affmunqc.net/role/RL58007_2026.xml,,,,
"7633, Trahan",,Brossard,,,385,1981,176600,298700,475300,2025,Logement,MAMH — Données Québec (rôle d'évaluation foncière),https://donneesouvertes.affmunqc.net/role/RL58007_2026.xml,,,,
"7647, Trahan",,Brossard,,,302,1981,165300,258500,423800,2025,Logement,MAMH — Données Québec (rôle d'évaluation foncière),https://donneesouvertes.affmunqc.net/role/RL58007_2026.xml,,,,
"7631, Trahan",,Brossard,,,280.5,1981,154300,257700,412000,2025,Logement,MAMH — Données Québec (rôle d'évaluation foncière),https://donneesouvertes.affmunqc.net/role/RL58007_2026.xml,,,,
"7649, Trahan",,Brossard,,,302,1981,165300,287300,452600,2025,Logement,MAMH — Données Québec (rôle d'évaluation foncière),https://donneesouvertes.affmunqc.net/role/RL58007_2026.xml,,,,
"7629, Trahan",,Brossard,,,300.5,1981,165100,251000,416100,2025,Logement,MAMH — Données Québec (rôle d'évaluation foncière),https://donneesouvertes.affmunqc.net/role/RL58007_2026.xml,,,,
"7627, Trahan",,Brossard,,,367.6,1981,174300,263700,438000,2025,Logement,MAMH — Données Québec (rôle d'évaluation foncière),https://donneesouvertes.affmunqc.net/role/RL58007_2026.xml,,,,
"7655, Trahan",,Brossard,,,279.2,1980,153600,275900,429500,2025,Logement,MAMH — Données Québec (rôle d'évaluation foncière),https://donneesouvertes.affmunqc.net/role/RL58007_2026.xml,,,,
"7653, Trahan",,Brossard,,,278.8,1980,153300,272600,425900,2025,Logement,MAMH — Données Québec (rôle d'évaluation foncière),https://donneesouvertes.affmunqc.net/role/RL58007_2026.xml,,,,
"7651, Trahan",,Brossard,,,367.5,1980,174200,296200,470400,2025,Logement,MAMH — Données Québec (rôle d'évaluation foncière),https://donneesouvertes.affmunqc.net/role/RL58007_2026.xml,,,,
"7625, Trahan",,Brossard,,,380.4,1980,176000,319800,495800,2025,Logement,MAMH — Données Québec (rôle d'évaluation foncière),https://donneesouvertes.affmunqc.net/role/RL58007_2026.xml,,,,
"7615, Trahan",,Brossard,,,284.9,1980,156700,292200,448900,2025,Logement,MAMH — Données Québec (rôle d'évaluation foncière),https://donneesouvertes.affmunqc.net/role/RL58007_2026.xml,,,,
"7605, Trahan",,Brossard,,,284.3,1980,156400,277300,433700,2025,Logement,MAMH — Données Québec (rôle d'évaluation foncière),https://donneesouvertes.affmunqc.net/role/RL58007_2026.xml,,,,
"7595, Trahan",,Brossard,,,285,1981,156800,294000,450800,2025,Logement,MAMH — Données Québec (rôle d'évaluation foncière),https://donneesouvertes.affmunqc.net/role/RL58007_2026.xml,,,,
"7575, Trahan",,Brossard,,,14415.7,2001,6432300,233200,6665500,2025,Institutionnel,MAMH — Données Québec (rôle d'évaluation foncière),https://donneesouvertes.affmunqc.net/role/RL58007_2026.xml,,,,
"1093, Topaze",,Brossard,,,268.8,1980,133100,315300,448400,2025,Logement,MAMH — Données Québec (rôle d'évaluation foncière),https://donneesouvertes.affmunqc.net/role/RL58007_2026.xml,,,,
"1095, Topaze",,Brossard,,,267.6,1980,147200,292000,439200,2025,Logement,MAMH — Données Québec (rôle d'évaluation foncière),https://donneesouvertes.affmunqc.net/role/RL58007_2026.xml,,,,
"1123, Topaze",,Brossard,,,321.4,1981,151100,377100,528200,2025,Logement,MAMH — Données Québec (rôle d'évaluation foncière),https://donneesouvertes.affmunqc.net/role/RL58007_2026.xml,,,,
"1115, Topaze",,Brossard,,,349,1980,154500,347900,502400,2025,Logement,MAMH — Données Québec (rôle d'évaluation foncière),https://donneesouvertes.affmunqc.net/role/RL58007_2026.xml,,,,
"1113, Topaze",,Brossard,,,390.1,1981,159600,334800,494400,2025,Logement,MAMH — Données Québec (rôle d'évaluation foncière),https://donneesouvertes.affmunqc.net/role/RL58007_2026.xml,,,,
"1103, Topaze",,Brossard,,,267.6,1980,147200,413000,560200,2025,Logement,MAMH — Données Québec (rôle d'évaluation foncière),https://donneesouvertes.affmunqc.net/role/RL58007_2026.xml,,,,
"1105, Topaze",,Brossard,,,344.2,1980,171100,394300,565400,2025,Logement,MAMH — Données Québec (rôle d'évaluation foncière),https://donneesouvertes.affmunqc.net/role/RL58007_2026.xml,,,,
"1193, Topaze",,Brossard,,,334.8,1979,169800,313500,483300,2025,Logement,MAMH — Données Québec (rôle d'évaluation foncière),https://donneesouvertes.affmunqc.net/role/RL58007_2026.xml,,,,
"1195, Topaze",,Brossard,,,275.9,1979,151700,289000,440700,2025,Logement,MAMH — Données Québec (rôle d'évaluation foncière),https://donneesouvertes.affmunqc.net/role/RL58007_2026.xml,,,,
"1185, Topaze",,Brossard,,,395.9,1979,178100,278000,456100,2025,Logement,MAMH — Données Québec (rôle d'évaluation foncière),https://donneesouvertes.affmunqc.net/role/RL58007_2026.xml,,,,
"1125, Topaze",,Brossard,,,370.4,1981,157200,344500,501700,2025,Logement,MAMH — Données Québec (rôle d'évaluation foncière),https://donneesouvertes.affmunqc.net/role/RL58007_2026.xml,,,,
"1133, Topaze",,Brossard,,,465.2,1981,168900,438600,607500,2025,Logement,MAMH — Données Québec (rôle d'évaluation foncière),https://donneesouvertes.affmunqc.net/role/RL58007_2026.xml,,,,
"7305, Tchad",,Brossard,,,511.8,1980,174600,244800,419400,2025,Logement,MAMH — Données Québec (rôle d'évaluation foncière),https://donneesouvertes.affmunqc.net/role/RL58007_2026.xml,,,,
"7315, Tchad",,Brossard,,,335.3,1980,152900,291200,444100,2025,Logement,MAMH — Données Québec (rôle d'évaluation foncière),https://donneesouvertes.affmunqc.net/role/RL58007_2026.xml,,,,
"1135, Topaze",,Brossard,,,547.8,1981,179100,368700,547800,2025,Logement,MAMH — Données Québec (rôle d'évaluation foncière),https://donneesouvertes.affmunqc.net/role/RL58007_2026.xml,,,,
"7325, Tchad",,Brossard,,,299.1,1980,148100,322200,470300,2025,Logement,MAMH — Données Québec (rôle d'évaluation foncière),https://donneesouvertes.affmunqc.net/role/RL58007_2026.xml,,,,
"7295, Tchad",,Brossard,,,531.3,1980,196700,279600,476300,2025,Logement,MAMH — Données Québec (rôle d'évaluation foncière),https://donneesouvertes.affmunqc.net/role/RL58007_2026.xml,,,,
"1143, Topaze",,Brossard,,,432.6,1981,183200,303300,486500,2025,Logement,MAMH — Données Québec (rôle d'évaluation foncière),https://donneesouvertes.affmunqc.net/role/RL58007_2026.xml,,,,
"7285, Tchad",,Brossard,,,356.6,1980,172800,361600,534400,2025,Logement,MAMH — Données Québec (rôle d'évaluation foncière),https://donneesouvertes.affmunqc.net/role/RL58007_2026.xml,,,,
"1145, Topaze",,Brossard,,,341.4,1980,170700,266700,437400,2025,Logement,MAMH — Données Québec (rôle d'évaluation foncière),https://donneesouvertes.affmunqc.net/role/RL58007_2026.xml,,,,
"7275, Tchad",,Brossard,,,280.1,1980,154100,269900,424000,2025,Logement,MAMH — Données Québec (rôle d'évaluation foncière),https://donneesouvertes.affmunqc.net/role/RL58007_2026.xml,,,,
"1153, Topaze",,Brossard,,,341.4,1980,170700,321600,492300,2025,Logement,MAMH — Données Québec (rôle d'évaluation foncière),https://donneesouvertes.affmunqc.net/role/RL58007_2026.xml,,,,
"7265, Tchad",,Brossard,,,280.1,1980,154100,264400,418500,2025,Logement,MAMH — Données Québec (rôle d'évaluation foncière),https://donneesouvertes.affmunqc.net/role/RL58007_2026.xml,,,,
"1155, Topaze",,Brossard,,,446.8,1981,185100,375500,560600,2025,Logement,MAMH — Données Québec (rôle d'évaluation foncière),https://donneesouvertes.affmunqc.net/role/RL58007_2026.xml,,,,
"7255, Tchad",,Brossard,,,280.1,1980,154100,303000,457100,2025,Logement,MAMH — Données Québec (rôle d'évaluation foncière),https://donneesouvertes.affmunqc.net/role/RL58007_2026.xml,,,,
"6210, Tisserand",,Brossard,,,303.7,1980,149000,292400,441400,2025,Logement,MAMH — Données Québec (rôle d'évaluation foncière),https://donneesouvertes.affmunqc.net/role/RL58007_2026.xml,,,,
"7365, Tchad",,Brossard,,,414.15,1980,162600,356200,518800,2025,Logement,MAMH — Données Québec (rôle d'évaluation foncière),https://donneesouvertes.affmunqc.net/role/RL58007_2026.xml,,,,
"7335, Tchad",,Brossard,,,298.9,1980,148000,343100,491100,2025,Logement,MAMH — Données Québec (rôle d'évaluation foncière),https://donneesouvertes.affmunqc.net/role/RL58007_2026.xml,,,,
"7345, Tchad",,Brossard,,,298.5,1980,147800,313700,461500,2025,Logement,MAMH — Données Québec (rôle d'évaluation foncière),https://donneesouvertes.affmunqc.net/role/RL58007_2026.xml,,,,
"7355, Tchad",,Brossard,,,298.1,1980,147600,276900,424500,2025,Logement,MAMH — Données Québec (rôle d'évaluation foncière),https://donneesouvertes.affmunqc.net/role/RL58007_2026.xml,,,,
"7375, Tchad",,Brossard,,,583.1,1980,183400,342300,525700,2025,Logement,MAMH — Données Québec (rôle d'évaluation foncière),https://donneesouvertes.affmunqc.net/role/RL58007_2026.xml,,,,
"6220, Tisserand",,Brossard,,,301.9,1980,165300,289900,455200,2025,Logement,MAMH — Données Québec (rôle d'évaluation foncière),https://donneesouvertes.affmunqc.net/role/RL58007_2026.xml,,,,
"6230, Tisserand",,Brossard,,,301.9,1980,165300,245800,411100,2025,Logement,MAMH — Données Québec (rôle d'évaluation foncière),https://donneesouvertes.affmunqc.net/role/RL58007_2026.xml,,,,
"7385, Tchad",,Brossard,,,431.2,1980,183000,283900,466900,2025,Logement,MAMH — Données Québec (rôle d'évaluation foncière),https://donneesouvertes.affmunqc.net/role/RL58007_2026.xml,,,,
"6240, Tisserand",,Brossard,,,301.9,1980,165300,302100,467400,2025,Logement,MAMH — Données Québec (rôle d'évaluation foncière),https://donneesouvertes.affmunqc.net/role/RL58007_2026.xml,,,,
"7395, Tchad",,Brossard,,,299,1980,164500,312000,476500,2025,Logement,MAMH — Données Québec (rôle d'évaluation foncière),https://donneesouvertes.affmunqc.net/role/RL58007_2026.xml,,,,
"6250, Tisserand",,Brossard,,,301.9,1980,165300,274400,439700,2025,Logement,MAMH — Données Québec (rôle d'évaluation foncière),https://donneesouvertes.affmunqc.net/role/RL58007_2026.xml,,,,
"7405, Tchad",,Brossard,,,299.1,1980,164500,262800,427300,2025,Logement,MAMH — Données Québec (rôle d'évaluation foncière),https://donneesouvertes.affmunqc.net/role/RL58007_2026.xml,,,,
"6260, Tisserand",,Brossard,,,301.9,1980,165300,233300,398600,2025,Logement,MAMH — Données Québec (rôle d'évaluation foncière),https://donneesouvertes.affmunqc.net/role/RL58007_2026.xml,,,,
"6270, Tisserand",,Brossard,,,301.9,1980,165300,263000,428300,2025,Logement,MAMH — Données Québec (rôle d'évaluation foncière),https://donneesouvertes.affmunqc.net/role/RL58007_2026.xml,,,,
"7415, Tchad",,Brossard,,,528.9,1980,196400,273900,470300,2025,Logement,MAMH — Données Québec (rôle d'évaluation foncière),https://donneesouvertes.affmunqc.net/role/RL58007_2026.xml,,,,
"1185, Sénécal",,Brossard,,,510,1977,277800,466100,743900,2025,Logement,MAMH — Données Québec (rôle d'évaluation foncière),https://donneesouvertes.affmunqc.net/role/RL58007_2026.xml,,,,
"7935, Saguenay",,Brossard,,,557.4,1977,290800,448000,738800,2025,Logement,MAMH — Données Québec (rôle d'évaluation foncière),https://donneesouvertes.affmunqc.net/role/RL58007_2026.xml,,,,
"7925, Saguenay",,Brossard,,,557.4,1977,290800,429200,720000,2025,Logement,MAMH — Données Québec (rôle d'évaluation foncière),https://donneesouvertes.affmunqc.net/role/RL58007_2026.xml,,,,
"7915, Saguenay",,Brossard,,,548.1,1977,288200,467600,755800,2025,Logement,MAMH — Données Québec (rôle d'évaluation foncière),https://donneesouvertes.affmunqc.net/role/RL58007_2026.xml,,,,
"7905, Saguenay",,Brossard,,,557.4,1977,290800,456900,747700,2025,Logement,MAMH — Données Québec (rôle d'évaluation foncière),https://donneesouvertes.affmunqc.net/role/RL58007_2026.xml,,,,
"1195, Sénécal",,Brossard,,,584.4,1978,298200,557600,855800,2025,Logement,MAMH — Données Québec (rôle d'évaluation foncière),https://donneesouvertes.affmunqc.net/role/RL58007_2026.xml,,,,
"1200, Séville",,Brossard,,,826.2,1979,364700,457800,822500,2025,Logement,MAMH — Données Québec (rôle d'évaluation foncière),https://donneesouvertes.affmunqc.net/role/RL58007_2026.xml,,,,
"7940, Saguenay",,Brossard,,,767.3,1977,348500,683700,1032200,2025,Logement,MAMH — Données Québec (rôle d'évaluation foncière),https://donneesouvertes.affmunqc.net/role/RL58007_2026.xml,,,,
"7920, Saguenay",,Brossard,,,773.7,1977,350300,663500,1013800,2025,Logement,MAMH — Données Québec (rôle d'évaluation foncière),https://donneesouvertes.affmunqc.net/role/RL58007_2026.xml,,,,
"7900, Saguenay",,Brossard,,,757.9,1979,345900,792900,1138800,2025,Logement,MAMH — Données Québec (rôle d'évaluation foncière),https://donneesouvertes.affmunqc.net/role/RL58007_2026.xml,,,,
"1565, Séville",,Brossard,,,410.1,2018,225600,1086400,1312000,2025,Logement,MAMH — Données Québec (rôle d'évaluation foncière),https://donneesouvertes.affmunqc.net/role/RL58007_2026.xml,,,,
"1555, Séville",,Brossard,,,770.9,1980,349500,695500,1045000,2025,Logement,MAMH — Données Québec (rôle d'évaluation foncière),https://donneesouvertes.affmunqc.net/role/RL58007_2026.xml,,,,
"1535, Séville",,Brossard,,,502.8,1977,275800,525500,801300,2025,Logement,MAMH — Données Québec (rôle d'évaluation foncière),https://donneesouvertes.affmunqc.net/role/RL58007_2026.xml,,,,
"1525, Séville",,Brossard,,,504,1976,276100,599700,875800,2025,Logement,MAMH — Données Québec (rôle d'évaluation foncière),https://donneesouvertes.affmunqc.net/role/RL58007_2026.xml,,,,
"1515, Séville",,Brossard,,,755.6,1977,345300,577900,923200,2025,Logement,MAMH — Données Québec (rôle d'évaluation foncière),https://donneesouvertes.affmunqc.net/role/RL58007_2026.xml,,,,
"7875, Saguenay",,Brossard,,,642.3,1978,314100,468900,783000,2025,Logement,MAMH — Données Québec (rôle d'évaluation foncière),https://donneesouvertes.affmunqc.net/role/RL58007_2026.xml,,,,
"7865, Saguenay",,Brossard,,,557.4,1978,290800,385800,676600,2025,Logement,MAMH — Données Québec (rôle d'évaluation foncière),https://donneesouvertes.affmunqc.net/role/RL58007_2026.xml,,,,
"7855, Saguenay",,Brossard,,,650.3,1977,316300,462200,778500,2025,Logement,MAMH — Données Québec (rôle d'évaluation foncière),https://donneesouvertes.affmunqc.net/role/RL58007_2026.xml,,,,
"7890, Saguenay",,Brossard,,,501.7,1978,275500,635600,911100,2025,Logement,MAMH — Données Québec (rôle d'évaluation foncière),https://donneesouvertes.affmunqc.net/role/RL58007_2026.xml,,,,
"7880, Saguenay",,Brossard,,,501.7,1977,275500,441500,717000,2025,Logement,MAMH — Données Québec (rôle d'évaluation foncière),https://donneesouvertes.affmunqc.net/role/RL58007_2026.xml,,,,
"7870, Saguenay",,Brossard,,,501.7,1978,275500,312700,588200,2025,Logement,MAMH — Données Québec (rôle d'évaluation foncière),https://donneesouvertes.affmunqc.net/role/RL58007_2026.xml,,,,
"7860, Saguenay",,Brossard,,,556.5,1978,290500,325200,615700,2025,Logement,MAMH — Données Québec (rôle d'évaluation foncière),https://donneesouvertes.affmunqc.net/role/RL58007_2026.xml,,,,
"1485, Séville",,Brossard,,,637.7,1977,312900,431400,744300,2025,Logement,MAMH — Données Québec (rôle d'évaluation foncière),https://donneesouvertes.affmunqc.net/role/RL58007_2026.xml,,,,
"1495, Séville",,Brossard,,,755,1976,345100,609300,954400,2025,Logement,MAMH — Données Québec (rôle d'évaluation foncière),https://donneesouvertes.affmunqc.net/role/RL58007_2026.xml,,,,
"1165, Tardif",,Brossard,,,306.6,1975,165900,300200,466100,2025,Logement,MAMH — Données Québec (rôle d'évaluation foncière),https://donneesouvertes.affmunqc.net/role/RL58007_2026.xml,,,,
"1175, Tardif",,Brossard,,,306.6,1975,165900,245900,411800,2025,Logement,MAMH — Données Québec (rôle d'évaluation foncière),https://donneesouvertes.affmunqc.net/role/RL58007_2026.xml,,,,
"7750, Trahan",,Brossard,,,86.61,1978,47600,130900,178500,2025,Logement,MAMH — Données Québec (rôle d'évaluation foncière),https://donneesouvertes.affmunqc.net/role/RL58007_2026.xml,,,,
"1185, Tardif",,Brossard,,,306.6,1975,165900,229400,395300,2025,Logement,MAMH — Données Québec (rôle d'évaluation foncière),https://donneesouvertes.affmunqc.net/role/RL58007_2026.xml,,,,
"1195, Tardif",,Brossard,,,306.6,1975,165900,228400,394300,2025,Logement,MAMH — Données Québec (rôle d'évaluation foncière),https://donneesouvertes.affmunqc.net/role/RL58007_2026.xml,,,,
"1205, Tardif",,Brossard,,,306.6,1975,165900,207900,373800,2025,Logement,MAMH — Données Québec (rôle d'évaluation foncière),https://donneesouvertes.affmunqc.net/role/RL58007_2026.xml,,,,
"1215, Tardif",,Brossard,,,306.6,1975,165900,296300,462200,2025,Logement,MAMH — Données Québec (rôle d'évaluation foncière),https://donneesouvertes.affmunqc.net/role/RL58007_2026.xml,,,,
"1225, Tardif",,Brossard,,,306.6,1975,165900,231500,397400,2025,Logement,MAMH — Données Québec (rôle d'évaluation foncière),https://donneesouvertes.affmunqc.net/role/RL58007_2026.xml,,,,
"1235, Tardif",,Brossard,,,306.6,1975,165900,289900,455800,2025,Logement,MAMH — Données Québec (rôle d'évaluation foncière),https://donneesouvertes.affmunqc.net/role/RL58007_2026.xml,,,,
"1245, Tardif",,Brossard,,,306.6,1974,165900,240700,406600,2025,Logement,MAMH — Données Québec (rôle d'évaluation foncière),https://donneesouvertes.affmunqc.net/role/RL58007_2026.xml,,,,
"1390, Rome",,Brossard,,,88.05,1977,48400,125200,173600,2025,Logement,MAMH — Données Québec (rôle d'évaluation foncière),https://donneesouvertes.affmunqc.net/role/RL58007_2026.xml,,,,
"1255, Tardif",,Brossard,,,306.6,1975,165900,235500,401400,2025,Logement,MAMH — Données Québec (rôle d'évaluation foncière),https://donneesouvertes.affmunqc.net/role/RL58007_2026.xml,,,,
"1265, Tardif",,Brossard,,,306.6,1975,165900,257600,423500,2025,Logement,MAMH — Données Québec (rôle d'évaluation foncière),https://donneesouvertes.affmunqc.net/role/RL58007_2026.xml,,,,
"7730, Trahan",,Brossard,,,493.7,1974,271500,342200,613700,2025,Logement,MAMH — Données Québec (rôle d'évaluation foncière),https://donneesouvertes.affmunqc.net/role/RL58007_2026.xml,,,,
"7720, Trahan",,Brossard,,,501.7,1974,275500,488800,764300,2025,Logement,MAMH — Données Québec (rôle d'évaluation foncière),https://donneesouvertes.affmunqc.net/role/RL58007_2026.xml,,,,
"7710, Trahan",,Brossard,,,493.7,1974,271500,358900,630400,2025,Logement,MAMH — Données Québec (rôle d'évaluation foncière),https://donneesouvertes.affmunqc.net/role/RL58007_2026.xml,,,,
"1220, Tardif",,Brossard,,,501.7,1975,275500,330400,605900,2025,Logement,MAMH — Données Québec (rôle d'évaluation foncière),https://donneesouvertes.affmunqc.net/role/RL58007_2026.xml,,,,
"7810, Trudeau",,Brossard,,,501.7,1974,275500,478200,753700,2025,Logement,MAMH — Données Québec (rôle d'évaluation foncière),https://donneesouvertes.affmunqc.net/role/RL58007_2026.xml,,,,
"1230, Tardif",,Brossard,,,501.7,1974,275500,285800,561300,2025,Logement,MAMH — Données Québec (rôle d'évaluation foncière),https://donneesouvertes.affmunqc.net/role/RL58007_2026.xml,,,,
"7800, Trudeau",,Brossard,,,501.7,1975,275500,425500,701000,2025,Logement,MAMH — Données Québec (rôle d'évaluation foncière),https://donneesouvertes.affmunqc.net/role/RL58007_2026.xml,,,,
"1240, Tardif",,Brossard,,,501.7,1975,275500,349300,624800,2025,Logement,MAMH — Données Québec (rôle d'évaluation foncière),https://donneesouvertes.affmunqc.net/role/RL58007_2026.xml,,,,
"7790, Trudeau",,Brossard,,,501.7,1975,275500,430500,706000,2025,Logement,MAMH — Données Québec (rôle d'évaluation foncière),https://donneesouvertes.affmunqc.net/role/RL58007_2026.xml,,,,
"7690, Tétrault",,Brossard,,,522.6,1976,281200,389400,670600,2025,Logement,MAMH — Données Québec (rôle d'évaluation foncière),https://donneesouvertes.affmunqc.net/role/RL58007_2026.xml,,,,
"1260, Tardif",,Brossard,,,501.7,1975,275500,399300,674800,2025,Logement,MAMH — Données Québec (rôle d'évaluation foncière),https://donneesouvertes.affmunqc.net/role/RL58007_2026.xml,,,,
"7780, Trudeau",,Brossard,,,501.7,1975,275500,406300,681800,2025,Logement,MAMH — Données Québec (rôle d'évaluation foncière),https://donneesouvertes.affmunqc.net/role/RL58007_2026.xml,,,,
"7690, Trahan",,Brossard,,,593.9,1974,300800,316900,617700,2025,Logement,MAMH — Données Québec (rôle d'évaluation foncière),https://donneesouvertes.affmunqc.net/role/RL58007_2026.xml,,,,
"7680, Trahan",,Brossard,,,557.4,1974,290800,455100,745900,2025,Logement,MAMH — Données Québec (rôle d'évaluation foncière),https://donneesouvertes.affmunqc.net/role/RL58007_2026.xml,,,,
"7670, Trahan",,Brossard,,,557.4,1975,290800,299200,590000,2025,Logement,MAMH — Données Québec (rôle d'évaluation foncière),https://donneesouvertes.affmunqc.net/role/RL58007_2026.xml,,,,
"7660, Trahan",,Brossard,,,557.4,1975,290800,370800,661600,2025,Logement,MAMH — Données Québec (rôle d'évaluation foncière),https://donneesouvertes.affmunqc.net/role/RL58007_2026.xml,,,,
"7650, Trahan",,Brossard,,,557.4,1974,290800,391900,682700,2025,Logement,MAMH — Données Québec (rôle d'évaluation foncière),https://donneesouvertes.affmunqc.net/role/RL58007_2026.xml,,,,
"7640, Trahan",,Brossard,,,557.4,1975,290800,308200,599000,2025,Logement,MAMH — Données Québec (rôle d'évaluation foncière),https://donneesouvertes.affmunqc.net/role/RL58007_2026.xml,,,,
"7695, Tétrault",,Brossard,,,525.4,1975,282000,448900,730900,2025,Logement,MAMH — Données Québec (rôle d'évaluation foncière),https://donneesouvertes.affmunqc.net/role/RL58007_2026.xml,,,,
"7685, Tétrault",,Brossard,,,455.6,1976,250600,284200,534800,2025,Logement,MAMH — Données Québec (rôle d'évaluation foncière),https://donneesouvertes.affmunqc.net/role/RL58007_2026.xml,,,,
"7675, Tétrault",,Brossard,,,455.6,1975,250600,475500,726100,2025,Logement,MAMH — Données Québec (rôle d'évaluation foncière),https://donneesouvertes.affmunqc.net/role/RL58007_2026.xml,,,,
"7665, Tétrault",,Brossard,,,553.1,1976,289600,392500,682100,2025,Logement,MAMH — Données Québec (rôle d'évaluation foncière),https://donneesouvertes.affmunqc.net/role/RL58007_2026.xml,,,,
"7655, Tétrault",,Brossard,,,455.6,1976,250600,391000,641600,2025,Logement,MAMH — Données Québec (rôle d'évaluation foncière),https://donneesouvertes.affmunqc.net/role/RL58007_2026.xml,,,,
"7645, Tétrault",,Brossard,,,455.6,1976,250600,355700,606300,2025,Logement,MAMH — Données Québec (rôle d'évaluation foncière),https://donneesouvertes.affmunqc.net/role/RL58007_2026.xml,,,,
"7680, Tétrault",,Brossard,,,453.6,1976,249500,372800,622300,2025,Logement,MAMH — Données Québec (rôle d'évaluation foncière),https://donneesouvertes.affmunqc.net/role/RL58007_2026.xml,,,,
"7670, Tétrault",,Brossard,,,453.6,1976,249500,446600,696100,2025,Logement,MAMH — Données Québec (rôle d'évaluation foncière),https://donneesouvertes.affmunqc.net/role/RL58007_2026.xml,,,,
"7660, Tétrault",,Brossard,,,554.6,1976,290000,380600,670600,2025,Logement,MAMH — Données Québec (rôle d'évaluation foncière),https://donneesouvertes.affmunqc.net/role/RL58007_2026.xml,,,,
"7650, Tétrault",,Brossard,,,453.6,1976,249500,335700,585200,2025,Logement,MAMH — Données Québec (rôle d'évaluation foncière),https://donneesouvertes.affmunqc.net/role/RL58007_2026.xml,,,,
"7640, Tétrault",,Brossard,,,453.6,1976,249500,323600,573100,2025,Logement,MAMH — Données Québec (rôle d'évaluation foncière),https://donneesouvertes.affmunqc.net/role/RL58007_2026.xml,,,,
"7630, Trahan",,Brossard,,,557.4,1975,290800,333800,624600,2025,Logement,MAMH — Données Québec (rôle d'évaluation foncière),https://donneesouvertes.affmunqc.net/role/RL58007_2026.xml,,,,
"7620, Trahan",,Brossard,,,557.4,1974,290800,362000,652800,2025,Logement,MAMH — Données Québec (rôle d'évaluation foncière),https://donneesouvertes.affmunqc.net/role/RL58007_2026.xml,,,,
"7610, Trahan",,Brossard,,,627.5,1974,310100,450900,761000,2025,Logement,MAMH — Données Québec (rôle d'évaluation foncière),https://donneesouvertes.affmunqc.net/role/RL58007_2026.xml,,,,
"7600, Trahan",,Brossard,,,557.4,1974,290800,373700,664500,2025,Logement,MAMH — Données Québec (rôle d'évaluation foncière),https://donneesouvertes.affmunqc.net/role/RL58007_2026.xml,,,,
"7590, Trahan",,Brossard,,,557.4,1974,290800,296800,587600,2025,Logement,MAMH — Données Québec (rôle d'évaluation foncière),https://donneesouvertes.affmunqc.net/role/RL58007_2026.xml,,,,
"7635, Tétrault",,Brossard,,,455.6,1976,250600,327700,578300,2025,Logement,MAMH — Données Québec (rôle d'évaluation foncière),https://donneesouvertes.affmunqc.net/role/RL58007_2026.xml,,,,
"7625, Tétrault",,Brossard,,,455.6,1976,250600,285000,535600,2025,Logement,MAMH — Données Québec (rôle d'évaluation foncière),https://donneesouvertes.affmunqc.net/role/RL58007_2026.xml,,,,
"7615, Tétrault",,Brossard,,,455.6,1976,250600,526800,777400,2025,Logement,MAMH — Données Québec (rôle d'évaluation foncière),https://donneesouvertes.affmunqc.net/role/RL58007_2026.xml,,,,
"7605, Tétrault",,Brossard,,,455.6,1975,250600,500700,751300,2025,Logement,MAMH — Données Québec (rôle d'évaluation foncière),https://donneesouvertes.affmunqc.net/role/RL58007_2026.xml,,,,
"7595, Tétrault",,Brossard,,,506.2,1976,276700,373900,650600,2025,Logement,MAMH — Données Québec (rôle d'évaluation foncière),https://donneesouvertes.affmunqc.net/role/RL58007_2026.xml,,,,
"7585, Tétrault",,Brossard,,,455.6,1976,250600,359800,610400,2025,Logement,MAMH — Données Québec (rôle d'évaluation foncière),https://donneesouvertes.affmunqc.net/role/RL58007_2026.xml,,,,
"7630, Tétrault",,Brossard,,,504.1,1973,276100,430500,706600,2025,Logement,MAMH — Données Québec (rôle d'évaluation foncière),https://donneesouvertes.affmunqc.net/role/RL58007_2026.xml,,,,
"7580, Trahan",,Brossard,,,622.7,1974,308700,437100,745800,2025,Logement,MAMH — Données Québec (rôle d'évaluation foncière),https://donneesouvertes.affmunqc.net/role/RL58007_2026.xml,,,,
"7570, Trahan",,Brossard,,,565.3,1974,293000,303100,596100,2025,Logement,MAMH — Données Québec (rôle d'évaluation foncière),https://donneesouvertes.affmunqc.net/role/RL58007_2026.xml,,,,
"7560, Trahan",,Brossard,,,616.3,1975,307000,291100,598100,2025,Logement,MAMH — Données Québec (rôle d'évaluation foncière),https://donneesouvertes.affmunqc.net/role/RL58007_2026.xml,,,,
"7540, Trahan",,Brossard,,,616.3,1974,307000,419300,726300,2025,Logement,MAMH — Données Québec (rôle d'évaluation foncière),https://donneesouvertes.affmunqc.net/role/RL58007_2026.xml,,,,
"7530, Trahan",,Brossard,,,565.3,1974,293000,335000,628000,2025,Logement,MAMH — Données Québec (rôle d'évaluation foncière),https://donneesouvertes.affmunqc.net/role/RL58007_2026.xml,,,,
"7575, Tétrault",,Brossard,,,459.9,1976,252900,507200,760100,2025,Logement,MAMH — Données Québec (rôle d'évaluation foncière),https://donneesouvertes.affmunqc.net/role/RL58007_2026.xml,,,,
"7565, Tétrault",,Brossard,,,479.4,1976,263700,432700,696400,2025,Logement,MAMH — Données Québec (rôle d'évaluation foncière),https://donneesouvertes.affmunqc.net/role/RL58007_2026.xml,,,,
"7555, Tétrault",,Brossard,,,540,1976,286000,473300,759300,2025,Logement,MAMH — Données Québec (rôle d'évaluation foncière),https://donneesouvertes.affmunqc.net/role/RL58007_2026.xml,,,,
"1205, Trottier",,Brossard,,,552.3,1978,289400,395800,685200,2025,Logement,MAMH — Données Québec (rôle d'évaluation foncière),https://donneesouvertes.affmunqc.net/role/RL58007_2026.xml,,,,
"1183, Topaze",,Brossard,,,355.1,1979,172500,278900,451400,2025,Logement,MAMH — Données Québec (rôle d'évaluation foncière),https://donneesouvertes.affmunqc.net/role/RL58007_2026.xml,,,,
"1203, Topaze",,Brossard,,,275.9,1979,151700,312700,464400,2025,Logement,MAMH — Données Québec (rôle d'évaluation foncière),https://donneesouvertes.affmunqc.net/role/RL58007_2026.xml,,,,
"1175, Topaze",,Brossard,,,327.8,1981,168800,367900,536700,2025,Logement,MAMH — Données Québec (rôle d'évaluation foncière),https://donneesouvertes.affmunqc.net/role/RL58007_2026.xml,,,,
"1173, Topaze",,Brossard,,,378.1,1981,175700,336500,512200,2025,Logement,MAMH — Données Québec (rôle d'évaluation foncière),https://donneesouvertes.affmunqc.net/role/RL58007_2026.xml,,,,
"1205, Topaze",,Brossard,,,275.9,1979,151700,290700,442400,2025,Logement,MAMH — Données Québec (rôle d'évaluation foncière),https://donneesouvertes.affmunqc.net/role/RL58007_2026.xml,,,,
"7505, Trahan",,Brossard,,,476.1,1977,189100,327200,516300,2025,Logement,MAMH — Données Québec (rôle d'évaluation foncière),https://donneesouvertes.affmunqc.net/role/RL58007_2026.xml,,,,
"7495, Trahan",,Brossard,,,339.5,1977,170400,332000,502400,2025,Logement,MAMH — Données Québec (rôle d'évaluation foncière),https://donneesouvertes.affmunqc.net/role/RL58007_2026.xml,,,,
"7485, Trahan",,Brossard,,,341.9,1977,170700,263600,434300,2025,Logement,MAMH — Données Québec (rôle d'évaluation foncière),https://donneesouvertes.affmunqc.net/role/RL58007_2026.xml,,,,
"7475, Trahan",,Brossard,,,342.3,1977,170800,316000,486800,2025,Logement,MAMH — Données Québec (rôle d'évaluation foncière),https://donneesouvertes.affmunqc.net/role/RL58007_2026.xml,,,,
"7465, Trahan",,Brossard,,,342.3,1977,170800,271400,442200,2025,Logement,MAMH — Données Québec (rôle d'évaluation foncière),https://donneesouvertes.affmunqc.net/role/RL58007_2026.xml,,,,
"7455, Trahan",,Brossard,,,342.3,1978,170800,293700,464500,2025,Logement,MAMH — Données Québec (rôle d'évaluation foncière),https://donneesouvertes.affmunqc.net/role/RL58007_2026.xml,,,,
"7520, Trahan",,Brossard,,,565.3,1974,293000,333900,626900,2025,Logement,MAMH — Données Québec (rôle d'évaluation foncière),https://donneesouvertes.affmunqc.net/role/RL58007_2026.xml,,,,
"7510, Trahan",,Brossard,,,565.3,1975,293000,392100,685100,2025,Logement,MAMH — Données Québec (rôle d'évaluation foncière),https://donneesouvertes.affmunqc.net/role/RL58007_2026.xml,,,,
"7500, Trahan",,Brossard,,,565.3,1975,293000,401500,694500,2025,Logement,MAMH — Données Québec (rôle d'évaluation foncière),https://donneesouvertes.affmunqc.net/role/RL58007_2026.xml,,,,
"7490, Trahan",,Brossard,,,562.1,1975,292100,319200,611300,2025,Logement,MAMH — Données Québec (rôle d'évaluation foncière),https://donneesouvertes.affmunqc.net/role/RL58007_2026.xml,,,,
"7480, Trahan",,Brossard,,,595.9,1974,301400,532400,833800,2025,Logement,MAMH — Données Québec (rôle d'évaluation foncière),https://donneesouvertes.affmunqc.net/role/RL58007_2026.xml,,,,
"1163, Topaze",,Brossard,,,553.4,1981,199700,290000,489700,2025,Logement,MAMH — Données Québec (rôle d'évaluation foncière),https://donneesouvertes.affmunqc.net/role/RL58007_2026.xml,,,,
"7245, Tchad",,Brossard,,,280.1,1980,154100,290200,444300,2025,Logement,MAMH — Données Québec (rôle d'évaluation foncière),https://donneesouvertes.affmunqc.net/role/RL58007_2026.xml,,,,
"7475, Tchad",,Brossard,,,388.1,1980,177100,298700,475800,2025,Logement,MAMH — Données Québec (rôle d'évaluation foncière),https://donneesouvertes.affmunqc.net/role/RL58007_2026.xml,,,,
"1165, Topaze",,Brossard,,,475.2,1981,189000,408800,597800,2025,Logement,MAMH — Données Québec (rôle d'évaluation foncière),https://donneesouvertes.affmunqc.net/role/RL58007_2026.xml,,,,
"7235, Tchad",,Brossard,,,280.1,1980,154100,278600,432700,2025,Logement,MAMH — Données Québec (rôle d'évaluation foncière),https://donneesouvertes.affmunqc.net/role/RL58007_2026.xml,,,,
"7225, Tchad",,Brossard,,,280.1,1980,154100,247300,401400,2025,Logement,MAMH — Données Québec (rôle d'évaluation foncière),https://donneesouvertes.affmunqc.net/role/RL58007_2026.xml,,,,
"7395, Trahan",,Brossard,,,396,1979,178200,307400,485600,2025,Logement,MAMH — Données Québec (rôle d'évaluation foncière),https://donneesouvertes.affmunqc.net/role/RL58007_2026.xml,,,,
"7215, Tchad",,Brossard,,,280.1,1980,154100,271400,425500,2025,Logement,MAMH — Données Québec (rôle d'évaluation foncière),https://donneesouvertes.affmunqc.net/role/RL58007_2026.xml,,,,
"7445, Trahan",,Brossard,,,342.3,1978,170800,285600,456400,2025,Logement,MAMH — Données Québec (rôle d'évaluation foncière),https://donneesouvertes.affmunqc.net/role/RL58007_2026.xml,,,,
"7435, Trahan",,Brossard,,,342.3,1978,170800,299600,470400,2025,Logement,MAMH — Données Québec (rôle d'évaluation foncière),https://donneesouvertes.affmunqc.net/role/RL58007_2026.xml,,,,
"7425, Trahan",,Brossard,,,342.3,1978,170800,254500,425300,2025,Logement,MAMH — Données Québec (rôle d'évaluation foncière),https://donneesouvertes.affmunqc.net/role/RL58007_2026.xml,,,,
"7415, Trahan",,Brossard,,,342.3,1978,170800,269500,440300,2025,Logement,MAMH — Données Québec (rôle d'évaluation foncière),https://donneesouvertes.affmunqc.net/role/RL58007_2026.xml,,,,
"7205, Tchad",,Brossard,,,378.6,1980,175800,321700,497500,2025,Logement,MAMH — Données Québec (rôle d'évaluation foncière),https://donneesouvertes.affmunqc.net/role/RL58007_2026.xml,,,,
"7290, Trudeau",,Brossard,,,493.7,1974,271500,411000,682500,2025,Logement,MAMH — Données Québec (rôle d'évaluation foncière),https://donneesouvertes.affmunqc.net/role/RL58007_2026.xml,,,,
"7390, Trahan",,Brossard,,,613.8,1979,306300,371700,678000,2025,Logement,MAMH — Données Québec (rôle d'évaluation foncière),https://donneesouvertes.affmunqc.net/role/RL58007_2026.xml,,,,
"7400, Trahan",,Brossard,,,555.73,1979,290300,352100,642400,2025,Logement,MAMH — Données Québec (rôle d'évaluation foncière),https://donneesouvertes.affmunqc.net/role/RL58007_2026.xml,,,,
"7410, Trahan",,Brossard,,,520,1979,280500,388800,669300,2025,Logement,MAMH — Données Québec (rôle d'évaluation foncière),https://donneesouvertes.affmunqc.net/role/RL58007_2026.xml,,,,
"6280, Tisserand",,Brossard,,,301.9,1980,165300,271000,436300,2025,Logement,MAMH — Données Québec (rôle d'évaluation foncière),https://donneesouvertes.affmunqc.net/role/RL58007_2026.xml,,,,
"7465, Tchad",,Brossard,,,312.2,1980,166700,280100,446800,2025,Logement,MAMH — Données Québec (rôle d'évaluation foncière),https://donneesouvertes.affmunqc.net/role/RL58007_2026.xml,,,,
"7455, Tchad",,Brossard,,,312.2,1980,166700,243500,410200,2025,Logement,MAMH — Données Québec (rôle d'évaluation foncière),https://donneesouvertes.affmunqc.net/role/RL58007_2026.xml,,,,
"7445, Tchad",,Brossard,,,312.2,1980,166700,280700,447400,2025,Logement,MAMH — Données Québec (rôle d'évaluation foncière),https://donneesouvertes.affmunqc.net/role/RL58007_2026.xml,,,,
"7435, Tchad",,Brossard,,,414.33,1980,180700,271600,452300,2025,Logement,MAMH — Données Québec (rôle d'évaluation foncière),https://donneesouvertes.affmunqc.net/role/RL58007_2026.xml,,,,
"7425, Tchad",,Brossard,,,525.6,1980,195900,289100,485000,2025,Logement,MAMH — Données Québec (rôle d'évaluation foncière),https://donneesouvertes.affmunqc.net/role/RL58007_2026.xml,,,,
"6290, Tisserand",,Brossard,,,301.9,1980,165300,273400,438700,2025,Logement,MAMH — Données Québec (rôle d'évaluation foncière),https://donneesouvertes.affmunqc.net/role/RL58007_2026.xml,,,,
"6300, Tisserand",,Brossard,,,301.9,1980,165300,266100,431400,2025,Logement,MAMH — Données Québec (rôle d'évaluation foncière),https://donneesouvertes.affmunqc.net/role/RL58007_2026.xml,,,,
"6310, Tisserand",,Brossard,,,302.4,1980,165300,265900,431200,2025,Logement,MAMH — Données Québec (rôle d'évaluation foncière),https://donneesouvertes.affmunqc.net/role/RL58007_2026.xml,,,,
"7385, Trahan",,Brossard,,,312.5,1980,166700,305600,472300,2025,Logement,MAMH — Données Québec (rôle d'évaluation foncière),https://donneesouvertes.affmunqc.net/role/RL58007_2026.xml,,,,
"7375, Trahan",,Brossard,,,312.2,1979,166700,331300,498000,2025,Logement,MAMH — Données Québec (rôle d'évaluation foncière),https://donneesouvertes.affmunqc.net/role/RL58007_2026.xml,,,,
"7365, Trahan",,Brossard,,,312.2,1979,166700,278900,445600,2025,Logement,MAMH — Données Québec (rôle d'évaluation foncière),https://donneesouvertes.affmunqc.net/role/RL58007_2026.xml,,,,
"7355, Trahan",,Brossard,,,312.2,1979,166700,337200,503900,2025,Logement,MAMH — Données Québec (rôle d'évaluation foncière),https://donneesouvertes.affmunqc.net/role/RL58007_2026.xml,,,,
"7345, Trahan",,Brossard,,,312.2,1979,166700,305500,472200,2025,Logement,MAMH — Données Québec (rôle d'évaluation foncière),https://donneesouvertes.affmunqc.net/role/RL58007_2026.xml,,,,
"7335, Trahan",,Brossard,,,312.2,1979,166700,260000,426700,2025,Logement,MAMH — Données Québec (rôle d'évaluation foncière),https://donneesouvertes.affmunqc.net/role/RL58007_2026.xml,,,,
"7325, Trahan",,Brossard,,,312,1979,166600,359800,526400,2025,Logement,MAMH — Données Québec (rôle d'évaluation foncière),https://donneesouvertes.affmunqc.net/role/RL58007_2026.xml,,,,
"6320, Tisserand",,Brossard,,,444.7,1980,184800,264400,449200,2025,Logement,MAMH — Données Québec (rôle d'évaluation foncière),https://donneesouvertes.affmunqc.net/role/RL58007_2026.xml,,,,
"7200, Trevi",,Brossard,,,586.8,1981,298900,398000,696900,2025,Logement,MAMH — Données Québec (rôle d'évaluation foncière),https://donneesouvertes.affmunqc.net/role/RL58007_2026.xml,,,,
"6330, Tisserand",,Brossard,,,458,1980,171600,350800,522400,2025,Logement,MAMH — Données Québec (rôle d'évaluation foncière),https://donneesouvertes.affmunqc.net/role/RL58007_2026.xml,,,,
"7380, Trahan",,Brossard,,,615.2,1979,306700,467000,773700,2025,Logement,MAMH — Données Québec (rôle d'évaluation foncière),https://donneesouvertes.affmunqc.net/role/RL58007_2026.xml,,,,
"7370, Trahan",,Brossard,,,618,1979,307500,371400,678900,2025,Logement,MAMH — Données Québec (rôle d'évaluation foncière),https://donneesouvertes.affmunqc.net/role/RL58007_2026.xml,,,,
"6340, Tisserand",,Brossard,,,459.95,1980,172000,302600,474600,2025,Logement,MAMH — Données Québec (rôle d'évaluation foncière),https://donneesouvertes.affmunqc.net/role/RL58007_2026.xml,,,,
"1550, Séville",,Brossard,,,835.2,1976,367200,607100,974300,2025,Logement,MAMH — Données Québec (rôle d'évaluation foncière),https://donneesouvertes.affmunqc.net/role/RL58007_2026.xml,,,,
"1540, Séville",,Brossard,,,546.2,1976,287700,517600,805300,2025,Logement,MAMH — Données Québec (rôle d'évaluation foncière),https://donneesouvertes.affmunqc.net/role/RL58007_2026.xml,,,,
"1530, Séville",,Brossard,,,536.6,1976,285100,575200,860300,2025,Logement,MAMH — Données Québec (rôle d'évaluation foncière),https://donneesouvertes.affmunqc.net/role/RL58007_2026.xml,,,,
"1520, Séville",,Brossard,,,526.6,1976,282300,514800,797100,2025,Logement,MAMH — Données Québec (rôle d'évaluation foncière),https://donneesouvertes.affmunqc.net/role/RL58007_2026.xml,,,,
"1510, Séville",,Brossard,,,534,1976,284400,483900,768300,2025,Logement,MAMH — Données Québec (rôle d'évaluation foncière),https://donneesouvertes.affmunqc.net/role/RL58007_2026.xml,,,,
"1350, Séville",,Brossard,,,704.2,1976,331200,678300,1009500,2025,Logement,MAMH — Données Québec (rôle d'évaluation foncière),https://donneesouvertes.affmunqc.net/role/RL58007_2026.xml,,,,
"1360, Séville",,Brossard,,,549.3,1975,288600,496200,784800,2025,Logement,MAMH — Données Québec (rôle d'évaluation foncière),https://donneesouvertes.affmunqc.net/role/RL58007_2026.xml,,,,
"1370, Séville",,Brossard,,,895.6,1976,383800,533200,917000,2025,Logement,MAMH — Données Québec (rôle d'évaluation foncière),https://donneesouvertes.affmunqc.net/role/RL58007_2026.xml,,,,
"1340, Séville",,Brossard,,,922.7,1975,391200,687000,1078200,2025,Logement,MAMH — Données Québec (rôle d'évaluation foncière),https://donneesouvertes.affmunqc.net/role/RL58007_2026.xml,,,,
"1380, Séville",,Brossard,,,615,1976,306600,435800,742400,2025,Logement,MAMH — Données Québec (rôle d'évaluation foncière),https://donneesouvertes.affmunqc.net/role/RL58007_2026.xml,,,,
"1330, Séville",,Brossard,,,553.3,1975,289700,603900,893600,2025,Logement,MAMH — Données Québec (rôle d'évaluation foncière),https://donneesouvertes.affmunqc.net/role/RL58007_2026.xml,,,,
"1475, Séville",,Brossard,,,1059.6,1978,421400,566400,987800,2025,Logement,MAMH — Données Québec (rôle d'évaluation foncière),https://donneesouvertes.affmunqc.net/role/RL58007_2026.xml,,,,
"1465, Séville",,Brossard,,,645.4,1977,315000,441500,756500,2025,Logement,MAMH — Données Québec (rôle d'évaluation foncière),https://donneesouvertes.affmunqc.net/role/RL58007_2026.xml,,,,
"1500, Séville",,Brossard,,,627.7,1976,310100,484400,794500,2025,Logement,MAMH — Données Québec (rôle d'évaluation foncière),https://donneesouvertes.affmunqc.net/role/RL58007_2026.xml,,,,
"1455, Séville",,Brossard,,,613.2,1976,306100,450300,756400,2025,Logement,MAMH — Données Québec (rôle d'évaluation foncière),https://donneesouvertes.affmunqc.net/role/RL58007_2026.xml,,,,
"1440, Séville",,Brossard,,,613.3,1975,306200,467600,773800,2025,Logement,MAMH — Données Québec (rôle d'évaluation foncière),https://donneesouvertes.affmunqc.net/role/RL58007_2026.xml,,,,
"1445, Séville",,Brossard,,,613.2,1976,306100,475700,781800,2025,Logement,MAMH — Données Québec (rôle d'évaluation foncière),https://donneesouvertes.affmunqc.net/role/RL58007_2026.xml,,,,
"1435, Séville",,Brossard,,,613.2,1975,306100,419900,726000,2025,Logement,MAMH — Données Québec (rôle d'évaluation foncière),https://donneesouvertes.affmunqc.net/role/RL58007_2026.xml,,,,
"1430, Séville",,Brossard,,,564.1,1976,292600,463400,756000,2025,Logement,MAMH — Données Québec (rôle d'évaluation foncière),https://donneesouvertes.affmunqc.net/role/RL58007_2026.xml,,,,
"1275, Tardif",,Brossard,,,306.6,1975,165900,222200,388100,2025,Logement,MAMH — Données Québec (rôle d'évaluation foncière),https://donneesouvertes.affmunqc.net/role/RL58007_2026.xml,,,,
"1285, Tardif",,Brossard,,,306.6,1975,165900,229400,395300,2025,Logement,MAMH — Données Québec (rôle d'évaluation foncière),https://donneesouvertes.affmunqc.net/role/RL58007_2026.xml,,,,
"1295, Tardif",,Brossard,,,306.6,1974,165900,247100,413000,2025,Logement,MAMH — Données Québec (rôle d'évaluation foncière),https://donneesouvertes.affmunqc.net/role/RL58007_2026.xml,,,,
"1305, Tardif",,Brossard,,,306.6,1974,165900,222400,388300,2025,Logement,MAMH — Données Québec (rôle d'évaluation foncière),https://donneesouvertes.affmunqc.net/role/RL58007_2026.xml,,,,
"1400, Rome",,Brossard,,,192.2,1977,105700,244700,350400,2025,Logement,MAMH — Données Québec (rôle d'évaluation foncière),https://donneesouvertes.affmunqc.net/role/RL58007_2026.xml,,,,
"1315, Tardif",,Brossard,,,306.6,1974,165900,199300,365200,2025,Logement,MAMH — Données Québec (rôle d'évaluation foncière),https://donneesouvertes.affmunqc.net/role/RL58007_2026.xml,,,,
"1325, Tardif",,Brossard,,,311.7,1974,166600,297200,463800,2025,Logement,MAMH — Données Québec (rôle d'évaluation foncière),https://donneesouvertes.affmunqc.net/role/RL58007_2026.xml,,,,
"1335, Tardif",,Brossard,,,386.3,1973,176800,265200,442000,2025,Logement,MAMH — Données Québec (rôle d'évaluation foncière),https://donneesouvertes.affmunqc.net/role/RL58007_2026.xml,,,,
"1345, Tardif",,Brossard,,,183.9,1973,118400,223300,341700,2025,Logement,MAMH — Données Québec (rôle d'évaluation foncière),https://donneesouvertes.affmunqc.net/role/RL58007_2026.xml,,,,
"1355, Tardif",,Brossard,,,183.9,1973,118400,240400,358800,2025,Logement,MAMH — Données Québec (rôle d'évaluation foncière),https://donneesouvertes.affmunqc.net/role/RL58007_2026.xml,,,,
"1365, Tardif",,Brossard,,,183.9,1973,118400,198100,316500,2025,Logement,MAMH — Données Québec (rôle d'évaluation foncière),https://donneesouvertes.affmunqc.net/role/RL58007_2026.xml,,,,
"1375, Tardif",,Brossard,,,183.9,1973,118400,184400,302800,2025,Logement,MAMH — Données Québec (rôle d'évaluation foncière),https://donneesouvertes.affmunqc.net/role/RL58007_2026.xml,,,,
"1385, Tardif",,Brossard,,,183.9,1973,118400,174000,292400,2025,Logement,MAMH — Données Québec (rôle d'évaluation foncière),https://donneesouvertes.affmunqc.net/role/RL58007_2026.xml,,,,
"1395, Tardif",,Brossard,,,183.9,1973,118400,211000,329400,2025,Logement,MAMH — Données Québec (rôle d'évaluation foncière),https://donneesouvertes.affmunqc.net/role/RL58007_2026.xml,,,,
"7735, Tremblay",,Brossard,,,493.7,1975,271500,441200,712700,2025,Logement,MAMH — Données Québec (rôle d'évaluation foncière),https://donneesouvertes.affmunqc.net/role/RL58007_2026.xml,,,,
"7725, Tremblay",,Brossard,,,501.7,1975,275500,482500,758000,2025,Logement,MAMH — Données Québec (rôle d'évaluation foncière),https://donneesouvertes.affmunqc.net/role/RL58007_2026.xml,,,,
"7715, Tremblay",,Brossard,,,493.7,1975,271500,414400,685900,2025,Logement,MAMH — Données Québec (rôle d'évaluation foncière),https://donneesouvertes.affmunqc.net/role/RL58007_2026.xml,,,,
"7695, Tremblay",,Brossard,,,517.7,1977,279900,353800,633700,2025,Logement,MAMH — Données Québec (rôle d'évaluation foncière),https://donneesouvertes.affmunqc.net/role/RL58007_2026.xml,,,,
"1310, Tardif",,Brossard,,,493.7,1974,271500,406300,677800,2025,Logement,MAMH — Données Québec (rôle d'évaluation foncière),https://donneesouvertes.affmunqc.net/role/RL58007_2026.xml,,,,
"7750, Trudeau",,Brossard,,,493.6,1973,271500,382700,654200,2025,Logement,MAMH — Données Québec (rôle d'évaluation foncière),https://donneesouvertes.affmunqc.net/role/RL58007_2026.xml,,,,
"7690, Tremblay",,Brossard,,,526.1,1977,282200,348700,630900,2025,Logement,MAMH — Données Québec (rôle d'évaluation foncière),https://donneesouvertes.affmunqc.net/role/RL58007_2026.xml,,,,
"1330, Tardif",,Brossard,,,434.8,1974,239100,286600,525700,2025,Logement,MAMH — Données Québec (rôle d'évaluation foncière),https://donneesouvertes.affmunqc.net/role/RL58007_2026.xml,,,,
"7740, Trudeau",,Brossard,,,418.1,1973,230000,271400,501400,2025,Logement,MAMH — Données Québec (rôle d'évaluation foncière),https://donneesouvertes.affmunqc.net/role/RL58007_2026.xml,,,,
"1350, Tardif",,Brossard,,,434.8,1973,239100,292000,531100,2025,Logement,MAMH — Données Québec (rôle d'évaluation foncière),https://donneesouvertes.affmunqc.net/role/RL58007_2026.xml,,,,
"7730, Trudeau",,Brossard,,,418.1,1973,230000,272300,502300,2025,Logement,MAMH — Données Québec (rôle d'évaluation foncière),https://donneesouvertes.affmunqc.net/role/RL58007_2026.xml,,,,
"7685, Trudeau",,Brossard,,,516.6,1974,279600,429500,709100,2025,Logement,MAMH — Données Québec (rôle d'évaluation foncière),https://donneesouvertes.affmunqc.net/role/RL58007_2026.xml,,,,
"1380, Tardif",,Brossard,,,434.8,1973,239100,283800,522900,2025,Logement,MAMH — Données Québec (rôle d'évaluation foncière),https://donneesouvertes.affmunqc.net/role/RL58007_2026.xml,,,,
"7720, Trudeau",,Brossard,,,431.1,1974,237100,340400,577500,2025,Logement,MAMH — Données Québec (rôle d'évaluation foncière),https://donneesouvertes.affmunqc.net/role/RL58007_2026.xml,,,,
"7685, Tremblay",,Brossard,,,456.1,1977,250900,378100,629000,2025,Logement,MAMH — Données Québec (rôle d'évaluation foncière),https://donneesouvertes.affmunqc.net/role/RL58007_2026.xml,,,,
"7675, Tremblay",,Brossard,,,456.1,1976,250900,433200,684100,2025,Logement,MAMH — Données Québec (rôle d'évaluation foncière),https://donneesouvertes.affmunqc.net/role/RL58007_2026.xml,,,,
"7665, Tremblay",,Brossard,,,456.1,1977,250900,479200,730100,2025,Logement,MAMH — Données Québec (rôle d'évaluation foncière),https://donneesouvertes.affmunqc.net/role/RL58007_2026.xml,,,,
"7655, Tremblay",,Brossard,,,456.1,1977,250900,391000,641900,2025,Logement,MAMH — Données Québec (rôle d'évaluation foncière),https://donneesouvertes.affmunqc.net/role/RL58007_2026.xml,,,,
"7645, Tremblay",,Brossard,,,456.1,1976,250900,413000,663900,2025,Logement,MAMH — Données Québec (rôle d'évaluation foncière),https://donneesouvertes.affmunqc.net/role/RL58007_2026.xml,,,,
"7635, Tremblay",,Brossard,,,456.1,1977,250900,418200,669100,2025,Logement,MAMH — Données Québec (rôle d'évaluation foncière),https://donneesouvertes.affmunqc.net/role/RL58007_2026.xml,,,,
"7680, Tremblay",,Brossard,,,453.9,1977,249600,440400,690000,2025,Logement,MAMH — Données Québec (rôle d'évaluation foncière),https://donneesouvertes.affmunqc.net/role/RL58007_2026.xml,,,,
"7670, Tremblay",,Brossard,,,453.9,1977,249600,312800,562400,2025,Logement,MAMH — Données Québec (rôle d'évaluation foncière),https://donneesouvertes.affmunqc.net/role/RL58007_2026.xml,,,,
"7660, Tremblay",,Brossard,,,453.9,1977,249600,477100,726700,2025,Logement,MAMH — Données Québec (rôle d'évaluation foncière),https://donneesouvertes.affmunqc.net/role/RL58007_2026.xml,,,,
"7650, Tremblay",,Brossard,,,554.8,1977,290100,468400,758500,2025,Logement,MAMH — Données Québec (rôle d'évaluation foncière),https://donneesouvertes.affmunqc.net/role/RL58007_2026.xml,,,,
"7640, Tremblay",,Brossard,,,453.9,1977,249600,314600,564200,2025,Logement,MAMH — Données Québec (rôle d'évaluation foncière),https://donneesouvertes.affmunqc.net/role/RL58007_2026.xml,,,,
"7630, Tremblay",,Brossard,,,453.9,1977,249600,283200,532800,2025,Logement,MAMH — Données Québec (rôle d'évaluation foncière),https://donneesouvertes.affmunqc.net/role/RL58007_2026.xml,,,,
"7675, Trudeau",,Brossard,,,424.1,1974,233300,313200,546500,2025,Logement,MAMH — Données Québec (rôle d'évaluation foncière),https://donneesouvertes.affmunqc.net/role/RL58007_2026.xml,,,,
"7665, Trudeau",,Brossard,,,424.1,1974,233300,293900,527200,2025,Logement,MAMH — Données Québec (rôle d'évaluation foncière),https://donneesouvertes.affmunqc.net/role/RL58007_2026.xml,,,,
"7655, Trudeau",,Brossard,,,424.1,1974,233300,327500,560800,2025,Logement,MAMH — Données Québec (rôle d'évaluation foncière),https://donneesouvertes.affmunqc.net/role/RL58007_2026.xml,,,,
"7645, Trudeau",,Brossard,,,508.9,1974,277400,366900,644300,2025,Logement,MAMH — Données Québec (rôle d'évaluation foncière),https://donneesouvertes.affmunqc.net/role/RL58007_2026.xml,,,,
"7635, Trudeau",,Brossard,,,424.1,1974,233300,404100,637400,2025,Logement,MAMH — Données Québec (rôle d'évaluation foncière),https://donneesouvertes.affmunqc.net/role/RL58007_2026.xml,,,,
"7625, Trudeau",,Brossard,,,424.1,1974,233300,362200,595500,2025,Logement,MAMH — Données Québec (rôle d'évaluation foncière),https://donneesouvertes.affmunqc.net/role/RL58007_2026.xml,,,,
"7620, Tétrault",,Brossard,,,453.6,1976,249500,522600,772100,2025,Logement,MAMH — Données Québec (rôle d'évaluation foncière),https://donneesouvertes.affmunqc.net/role/RL58007_2026.xml,,,,
"7610, Tétrault",,Brossard,,,453.6,1976,249500,316200,565700,2025,Logement,MAMH — Données Québec (rôle d'évaluation foncière),https://donneesouvertes.affmunqc.net/role/RL58007_2026.xml,,,,
"7600, Tétrault",,Brossard,,,504.1,1976,276100,339300,615400,2025,Logement,MAMH — Données Québec (rôle d'évaluation foncière),https://donneesouvertes.affmunqc.net/role/RL58007_2026.xml,,,,
"7590, Tétrault",,Brossard,,,453.6,1977,249500,422700,672200,2025,Logement,MAMH — Données Québec (rôle d'évaluation foncière),https://donneesouvertes.affmunqc.net/role/RL58007_2026.xml,,,,
"7580, Tétrault",,Brossard,,,554.5,1977,290000,473200,763200,2025,Logement,MAMH — Données Québec (rôle d'évaluation foncière),https://donneesouvertes.affmunqc.net/role/RL58007_2026.xml,,,,
"7625, Tremblay",,Brossard,,,456.1,1977,250900,434900,685800,2025,Logement,MAMH — Données Québec (rôle d'évaluation foncière),https://donneesouvertes.affmunqc.net/role/RL58007_2026.xml,,,,
"7615, Tremblay",,Brossard,,,456.1,1976,250900,359300,610200,2025,Logement,MAMH — Données Québec (rôle d'évaluation foncière),https://donneesouvertes.affmunqc.net/role/RL58007_2026.xml,,,,
"7605, Tremblay",,Brossard,,,456.1,1977,250900,416000,666900,2025,Logement,MAMH — Données Québec (rôle d'évaluation foncière),https://donneesouvertes.affmunqc.net/role/RL58007_2026.xml,,,,
"7595, Tremblay",,Brossard,,,456.1,1977,250900,372300,623200,2025,Logement,MAMH — Données Québec (rôle d'évaluation foncière),https://donneesouvertes.affmunqc.net/role/RL58007_2026.xml,,,,
"7585, Tremblay",,Brossard,,,456.1,1978,250900,550100,801000,2025,Logement,MAMH — Données Québec (rôle d'évaluation foncière),https://donneesouvertes.affmunqc.net/role/RL58007_2026.xml,,,,
"7575, Tremblay",,Brossard,,,456.1,1976,250900,415900,666800,2025,Logement,MAMH — Données Québec (rôle d'évaluation foncière),https://donneesouvertes.affmunqc.net/role/RL58007_2026.xml,,,,
"7620, Tremblay",,Brossard,,,453.9,1978,249600,401000,650600,2025,Logement,MAMH — Données Québec (rôle d'évaluation foncière),https://donneesouvertes.affmunqc.net/role/RL58007_2026.xml,,,,
"7610, Tremblay",,Brossard,,,453.9,1978,249600,529700,779300,2025,Logement,MAMH — Données Québec (rôle d'évaluation foncière),https://donneesouvertes.affmunqc.net/role/RL58007_2026.xml,,,,
"7600, Tremblay",,Brossard,,,453.9,1977,249600,468100,717700,2025,Logement,MAMH — Données Québec (rôle d'évaluation foncière),https://donneesouvertes.affmunqc.net/role/RL58007_2026.xml,,,,
"7590, Tremblay",,Brossard,,,554.8,1977,290100,433600,723700,2025,Logement,MAMH — Données Québec (rôle d'évaluation foncière),https://donneesouvertes.affmunqc.net/role/RL58007_2026.xml,,,,
"7580, Tremblay",,Brossard,,,453.9,1977,249600,423800,673400,2025,Logement,MAMH — Données Québec (rôle d'évaluation foncière),https://donneesouvertes.affmunqc.net/role/RL58007_2026.xml,,,,
"7615, Trudeau",,Brossard,,,508.9,1974,277400,342200,619600,2025,Logement,MAMH — Données Québec (rôle d'évaluation foncière),https://donneesouvertes.affmunqc.net/role/RL58007_2026.xml,,,,
"7485, Tremblay",,Brossard,,,626.1,1978,309700,329600,639300,2025,Logement,MAMH — Données Québec (rôle d'évaluation foncière),https://donneesouvertes.affmunqc.net/role/RL58007_2026.xml,,,,
"1215, Trottier",,Brossard,,,562.3,1978,292100,398600,690700,2025,Logement,MAMH — Données Québec (rôle d'évaluation foncière),https://donneesouvertes.affmunqc.net/role/RL58007_2026.xml,,,,
"7570, Tétrault",,Brossard,,,453.6,1973,249500,368700,618200,2025,Logement,MAMH — Données Québec (rôle d'évaluation foncière),https://donneesouvertes.affmunqc.net/role/RL58007_2026.xml,,,,
"7560, Tétrault",,Brossard,,,519.3,1977,280300,411400,691700,2025,Logement,MAMH — Données Québec (rôle d'évaluation foncière),https://donneesouvertes.affmunqc.net/role/RL58007_2026.xml,,,,
"7495, Tremblay",,Brossard,,,451.5,1978,248300,402200,650500,2025,Logement,MAMH — Données Québec (rôle d'évaluation foncière),https://donneesouvertes.affmunqc.net/role/RL58007_2026.xml,,,,
"1225, Trottier",,Brossard,,,589.6,1978,299600,435100,734700,2025,Logement,MAMH — Données Québec (rôle d'évaluation foncière),https://donneesouvertes.affmunqc.net/role/RL58007_2026.xml,,,,
"7505, Tremblay",,Brossard,,,451.5,1978,248300,380400,628700,2025,Logement,MAMH — Données Québec (rôle d'évaluation foncière),https://donneesouvertes.affmunqc.net/role/RL58007_2026.xml,,,,
"1235, Trottier",,Brossard,,,614.9,1978,306600,446300,752900,2025,Logement,MAMH — Données Québec (rôle d'évaluation foncière),https://donneesouvertes.affmunqc.net/role/RL58007_2026.xml,,,,
"7565, Tremblay",,Brossard,,,517.3,1977,279800,409700,689500,2025,Logement,MAMH — Données Québec (rôle d'évaluation foncière),https://donneesouvertes.affmunqc.net/role/RL58007_2026.xml,,,,
"7515, Tremblay",,Brossard,,,504.7,1978,276300,529100,805400,2025,Logement,MAMH — Données Québec (rôle d'évaluation foncière),https://donneesouvertes.affmunqc.net/role/RL58007_2026.xml,,,,
"7545, Tremblay",,Brossard,,,506.5,1972,276800,326800,603600,2025,Logement,MAMH — Données Québec (rôle d'évaluation foncière),https://donneesouvertes.affmunqc.net/role/RL58007_2026.xml,,,,
"7525, Tremblay",,Brossard,,,558.89,1978,291200,378500,669700,2025,Logement,MAMH — Données Québec (rôle d'évaluation foncière),https://donneesouvertes.affmunqc.net/role/RL58007_2026.xml,,,,
"7535, Tremblay",,Brossard,,,476.3,1978,262000,390100,652100,2025,Logement,MAMH — Données Québec (rôle d'évaluation foncière),https://donneesouvertes.affmunqc.net/role/RL58007_2026.xml,,,,
"7475, Tremblay",,Brossard,,,684.5,1978,325700,568500,894200,2025,Logement,MAMH — Données Québec (rôle d'évaluation foncière),https://donneesouvertes.affmunqc.net/role/RL58007_2026.xml,,,,
"7305, Trudeau",,Brossard,,,418.1,1974,230000,384300,614300,2025,Logement,MAMH — Données Québec (rôle d'évaluation foncière),https://donneesouvertes.affmunqc.net/role/RL58007_2026.xml,,,,
"7430, Tremblay",,Brossard,,,554.3,1978,289900,395400,685300,2025,Logement,MAMH — Données Québec (rôle d'évaluation foncière),https://donneesouvertes.affmunqc.net/role/RL58007_2026.xml,,,,
"7440, Tremblay",,Brossard,,,808.7,1978,359900,477800,837700,2025,Logement,MAMH — Données Québec (rôle d'évaluation foncière),https://donneesouvertes.affmunqc.net/role/RL58007_2026.xml,,,,
"7315, Trudeau",,Brossard,,,418.1,1975,230000,409000,639000,2025,Logement,MAMH — Données Québec (rôle d'évaluation foncière),https://donneesouvertes.affmunqc.net/role/RL58007_2026.xml,,,,
"7450, Tremblay",,Brossard,,,522.6,1978,281200,398000,679200,2025,Logement,MAMH — Données Québec (rôle d'évaluation foncière),https://donneesouvertes.affmunqc.net/role/RL58007_2026.xml,,,,
"7325, Trudeau",,Brossard,,,418.1,1974,230000,443800,673800,2025,Logement,MAMH — Données Québec (rôle d'évaluation foncière),https://donneesouvertes.affmunqc.net/role/RL58007_2026.xml,,,,
"7335, Trudeau",,Brossard,,,418.1,1974,230000,309300,539300,2025,Logement,MAMH — Données Québec (rôle d'évaluation foncière),https://donneesouvertes.affmunqc.net/role/RL58007_2026.xml,,,,
"7460, Tremblay",,Brossard,,,451.5,1978,248300,358800,607100,2025,Logement,MAMH — Données Québec (rôle d'évaluation foncière),https://donneesouvertes.affmunqc.net/role/RL58007_2026.xml,,,,
"7345, Trudeau",,Brossard,,,418.1,1979,230000,395500,625500,2025,Logement,MAMH — Données Québec (rôle d'évaluation foncière),https://donneesouvertes.affmunqc.net/role/RL58007_2026.xml,,,,
"7470, Tremblay",,Brossard,,,554.4,1978,290000,414600,704600,2025,Logement,MAMH — Données Québec (rôle d'évaluation foncière),https://donneesouvertes.affmunqc.net/role/RL58007_2026.xml,,,,
"7355, Trudeau",,Brossard,,,439,1974,241500,317100,558600,2025,Logement,MAMH — Données Québec (rôle d'évaluation foncière),https://donneesouvertes.affmunqc.net/role/RL58007_2026.xml,,,,
"7480, Tremblay",,Brossard,,,564.8,1978,292800,491000,783800,2025,Logement,MAMH — Données Québec (rôle d'évaluation foncière),https://donneesouvertes.affmunqc.net/role/RL58007_2026.xml,,,,
"7300, Trudeau",,Brossard,,,418.1,1974,230000,419500,649500,2025,Logement,MAMH — Données Québec (rôle d'évaluation foncière),https://donneesouvertes.affmunqc.net/role/RL58007_2026.xml,,,,
"7320, Trevi",,Brossard,,,791.1,1980,355100,486300,841400,2025,Logement,MAMH — Données Québec (rôle d'évaluation foncière),https://donneesouvertes.affmunqc.net/role/RL58007_2026.xml,,,,
"7310, Trudeau",,Brossard,,,418.1,1974,230000,290700,520700,2025,Logement,MAMH — Données Québec (rôle d'évaluation foncière),https://donneesouvertes.affmunqc.net/role/RL58007_2026.xml,,,,
"7330, Trevi",,Brossard,,,551.8,1980,289200,376300,665500,2025,Logement,MAMH — Données Québec (rôle d'évaluation foncière),https://donneesouvertes.affmunqc.net/role/RL58007_2026.xml,,,,
"7310, Trevi",,Brossard,,,753.2,1980,344600,464700,809300,2025,Logement,MAMH — Données Québec (rôle d'évaluation foncière),https://donneesouvertes.affmunqc.net/role/RL58007_2026.xml,,,,
"7320, Trudeau",,Brossard,,,501.7,1974,275500,464200,739700,2025,Logement,MAMH — Données Québec (rôle d'évaluation foncière),https://donneesouvertes.affmunqc.net/role/RL58007_2026.xml,,,,
"7330, Trudeau",,Brossard,,,418.1,1974,230000,384700,614700,2025,Logement,MAMH — Données Québec (rôle d'évaluation foncière),https://donneesouvertes.affmunqc.net/role/RL58007_2026.xml,,,,
"7300, Trevi",,Brossard,,,574.8,1980,295600,415700,711300,2025,Logement,MAMH — Données Québec (rôle d'évaluation foncière),https://donneesouvertes.affmunqc.net/role/RL58007_2026.xml,,,,
"7340, Trudeau",,Brossard,,,418.1,1974,230000,401700,631700,2025,Logement,MAMH — Données Québec (rôle d'évaluation foncière),https://donneesouvertes.affmunqc.net/role/RL58007_2026.xml,,,,
"7350, Trudeau",,Brossard,,,501.7,1974,275500,511800,787300,2025,Logement,MAMH — Données Québec (rôle d'évaluation foncière),https://donneesouvertes.affmunqc.net/role/RL58007_2026.xml,,,,
"7270, Trevi",,Brossard,,,627.3,1981,310000,403300,713300,2025,Logement,MAMH — Données Québec (rôle d'évaluation foncière),https://donneesouvertes.affmunqc.net/role/RL58007_2026.xml,,,,
"7290, Trevi",,Brossard,,,1268.1,1980,452400,539400,991800,2025,Logement,MAMH — Données Québec (rôle d'évaluation foncière),https://donneesouvertes.affmunqc.net/role/RL58007_2026.xml,,,,
"7360, Trudeau",,Brossard,,,418.1,1975,230000,385300,615300,2025,Logement,MAMH — Données Québec (rôle d'évaluation foncière),https://donneesouvertes.affmunqc.net/role/RL58007_2026.xml,,,,
"7210, Trevi",,Brossard,,,641.7,1980,314000,376200,690200,2025,Logement,MAMH — Données Québec (rôle d'évaluation foncière),https://donneesouvertes.affmunqc.net/role/RL58007_2026.xml,,,,
"7340, Trevi",,Brossard,,,551.8,1981,289200,488900,778100,2025,Logement,MAMH — Données Québec (rôle d'évaluation foncière),https://donneesouvertes.affmunqc.net/role/RL58007_2026.xml,,,,
"7350, Trevi",,Brossard,,,576.8,1981,296100,409600,705700,2025,Logement,MAMH — Données Québec (rôle d'évaluation foncière),https://donneesouvertes.affmunqc.net/role/RL58007_2026.xml,,,,
"7220, Trevi",,Brossard,,,884.2,1981,380700,532000,912700,2025,Logement,MAMH — Données Québec (rôle d'évaluation foncière),https://donneesouvertes.affmunqc.net/role/RL58007_2026.xml,,,,
"7230, Trevi",,Brossard,,,934.5,1980,394500,434100,828600,2025,Logement,MAMH — Données Québec (rôle d'évaluation foncière),https://donneesouvertes.affmunqc.net/role/RL58007_2026.xml,,,,
"1115, Touchette",,Brossard,,,501.7,1979,275500,374400,649900,2025,Logement,MAMH — Données Québec (rôle d'évaluation foncière),https://donneesouvertes.affmunqc.net/role/RL58007_2026.xml,,,,
"7240, Trevi",,Brossard,,,518.7,1980,280100,444600,724700,2025,Logement,MAMH — Données Québec (rôle d'évaluation foncière),https://donneesouvertes.affmunqc.net/role/RL58007_2026.xml,,,,
"1125, Touchette",,Brossard,,,459.9,1979,252900,371800,624700,2025,Logement,MAMH — Données Québec (rôle d'évaluation foncière),https://donneesouvertes.affmunqc.net/role/RL58007_2026.xml,,,,
"7250, Trevi",,Brossard,,,518.4,1980,280100,578800,858900,2025,Logement,MAMH — Données Québec (rôle d'évaluation foncière),https://donneesouvertes.affmunqc.net/role/RL58007_2026.xml,,,,
"1135, Touchette",,Brossard,,,459.9,1979,252900,386800,639700,2025,Logement,MAMH — Données Québec (rôle d'évaluation foncière),https://donneesouvertes.affmunqc.net/role/RL58007_2026.xml,,,,
"7260, Trevi",,Brossard,,,518.4,1980,280100,376800,656900,2025,Logement,MAMH — Données Québec (rôle d'évaluation foncière),https://donneesouvertes.affmunqc.net/role/RL58007_2026.xml,,,,
"1145, Touchette",,Brossard,,,501.7,2012,275500,758200,1033700,2025,Logement,MAMH — Données Québec (rôle d'évaluation foncière),https://donneesouvertes.affmunqc.net/role/RL58007_2026.xml,,,,
"1155, Touchette",,Brossard,,,501.7,1979,275500,447600,723100,2025,Logement,MAMH — Données Québec (rôle d'évaluation foncière),https://donneesouvertes.affmunqc.net/role/RL58007_2026.xml,,,,
"1165, Touchette",,Brossard,,,501.7,1979,275500,361500,637000,2025,Logement,MAMH — Données Québec (rôle d'évaluation foncière),https://donneesouvertes.affmunqc.net/role/RL58007_2026.xml,,,,
"1385, Séville",,Brossard,,,557.4,1976,290800,435100,725900,2025,Logement,MAMH — Données Québec (rôle d'évaluation foncière),https://donneesouvertes.affmunqc.net/role/RL58007_2026.xml,,,,
"1375, Séville",,Brossard,,,557.4,1975,290800,515900,806700,2025,Logement,MAMH — Données Québec (rôle d'évaluation foncière),https://donneesouvertes.affmunqc.net/role/RL58007_2026.xml,,,,
"1365, Séville",,Brossard,,,562.1,1975,292100,569000,861100,2025,Logement,MAMH — Données Québec (rôle d'évaluation foncière),https://donneesouvertes.affmunqc.net/role/RL58007_2026.xml,,,,
"1355, Séville",,Brossard,,,552.8,1975,289500,494300,783800,2025,Logement,MAMH — Données Québec (rôle d'évaluation foncière),https://donneesouvertes.affmunqc.net/role/RL58007_2026.xml,,,,
"1345, Séville",,Brossard,,,557.4,1975,290800,448800,739600,2025,Logement,MAMH — Données Québec (rôle d'évaluation foncière),https://donneesouvertes.affmunqc.net/role/RL58007_2026.xml,,,,
"7910, Pelletier",,Brossard,,,561.1,1975,291800,419400,711200,2025,Logement,MAMH — Données Québec (rôle d'évaluation foncière),https://donneesouvertes.affmunqc.net/role/RL58007_2026.xml,,,,
"7920, Pelletier",,Brossard,,,659.6,1975,318900,409500,728400,2025,Logement,MAMH — Données Québec (rôle d'évaluation foncière),https://donneesouvertes.affmunqc.net/role/RL58007_2026.xml,,,,
"7930, Pelletier",,Brossard,,,548.1,1975,288200,456700,744900,2025,Logement,MAMH — Données Québec (rôle d'évaluation foncière),https://donneesouvertes.affmunqc.net/role/RL58007_2026.xml,,,,
"7940, Pelletier",,Brossard,,,668.9,1975,321400,504300,825700,2025,Logement,MAMH — Données Québec (rôle d'évaluation foncière),https://donneesouvertes.affmunqc.net/role/RL58007_2026.xml,,,,
"7950, Pelletier",,Brossard,,,659.6,1975,318900,564900,883800,2025,Logement,MAMH — Données Québec (rôle d'évaluation foncière),https://donneesouvertes.affmunqc.net/role/RL58007_2026.xml,,,,
"1425, Séville",,Brossard,,,840.8,1976,368700,410100,778800,2025,Logement,MAMH — Données Québec (rôle d'évaluation foncière),https://donneesouvertes.affmunqc.net/role/RL58007_2026.xml,,,,
"1405, Séville",,Brossard,,,557.4,1975,290800,443700,734500,2025,Logement,MAMH — Données Québec (rôle d'évaluation foncière),https://donneesouvertes.affmunqc.net/role/RL58007_2026.xml,,,,
"1415, Séville",,Brossard,,,942.9,1976,396800,520600,917400,2025,Logement,MAMH — Données Québec (rôle d'évaluation foncière),https://donneesouvertes.affmunqc.net/role/RL58007_2026.xml,,,,
"1395, Séville",,Brossard,,,557.4,1976,290800,516100,806900,2025,Logement,MAMH — Données Québec (rôle d'évaluation foncière),https://donneesouvertes.affmunqc.net/role/RL58007_2026.xml,,,,
"7880, Pelletier",,Brossard,,,723.8,2017,336500,958800,1295300,2025,Logement,MAMH — Données Québec (rôle d'évaluation foncière),https://donneesouvertes.affmunqc.net/role/RL58007_2026.xml,,,,
"7890, Pelletier",,Brossard,,,603.9,1977,303600,416600,720200,2025,Logement,MAMH — Données Québec (rôle d'évaluation foncière),https://donneesouvertes.affmunqc.net/role/RL58007_2026.xml,,,,
"7900, Pelletier",,Brossard,,,590.9,1976,300000,435100,735100,2025,Logement,MAMH — Données Québec (rôle d'évaluation foncière),https://donneesouvertes.affmunqc.net/role/RL58007_2026.xml,,,,
"1410, Rome, app. 1470",,Brossard,,,3158.7,1977,789700,1171200,1960900,2025,Immeuble à bureaux,MAMH — Données Québec (rôle d'évaluation foncière),https://donneesouvertes.affmunqc.net/role/RL58007_2026.xml,,,,
"1405, Tardif",,Brossard,,,380.2,1973,176000,257300,433300,2025,Logement,MAMH — Données Québec (rôle d'évaluation foncière),https://donneesouvertes.affmunqc.net/role/RL58007_2026.xml,,,,
"1425, Tardif",,Brossard,,,387.5,1973,177000,223100,400100,2025,Logement,MAMH — Données Québec (rôle d'évaluation foncière),https://donneesouvertes.affmunqc.net/role/RL58007_2026.xml,,,,
"1435, Tardif",,Brossard,,,183.9,1973,118400,221900,340300,2025,Logement,MAMH — Données Québec (rôle d'évaluation foncière),https://donneesouvertes.affmunqc.net/role/RL58007_2026.xml,,,,
"1445, Tardif",,Brossard,,,183.9,1973,118400,197300,315700,2025,Logement,MAMH — Données Québec (rôle d'évaluation foncière),https://donneesouvertes.affmunqc.net/role/RL58007_2026.xml,,,,
"1455, Tardif",,Brossard,,,183.9,1973,118400,228100,346500,2025,Logement,MAMH — Données Québec (rôle d'évaluation foncière),https://donneesouvertes.affmunqc.net/role/RL58007_2026.xml,,,,
"1465, Tardif",,Brossard,,,183.9,1973,118400,183800,302200,2025,Logement,MAMH — Données Québec (rôle d'évaluation foncière),https://donneesouvertes.affmunqc.net/role/RL58007_2026.xml,,,,
"1475, Tardif",,Brossard,,,183.9,1973,118500,218500,337000,2025,Logement,MAMH — Données Québec (rôle d'évaluation foncière),https://donneesouvertes.affmunqc.net/role/RL58007_2026.xml,,,,
"1485, Tardif",,Brossard,,,183.9,1973,118400,203200,321600,2025,Logement,MAMH — Données Québec (rôle d'évaluation foncière),https://donneesouvertes.affmunqc.net/role/RL58007_2026.xml,,,,
"1500, Rome",,Brossard,,,1393.5,1975,348400,658800,1007200,2025,Immeuble à bureaux,MAMH — Données Québec (rôle d'évaluation foncière),https://donneesouvertes.affmunqc.net/role/RL58007_2026.xml,,,,
"1495, Tardif",,Brossard,,,394.7,1973,178000,232200,410200,2025,Logement,MAMH — Données Québec (rôle d'évaluation foncière),https://donneesouvertes.affmunqc.net/role/RL58007_2026.xml,,,,
"1410, Tardif",,Brossard,,,434.8,1973,239100,279200,518300,2025,Logement,MAMH — Données Québec (rôle d'évaluation foncière),https://donneesouvertes.affmunqc.net/role/RL58007_2026.xml,,,,
"7710, Trudeau",,Brossard,,,671.9,1973,322300,345800,668100,2025,Logement,MAMH — Données Québec (rôle d'évaluation foncière),https://donneesouvertes.affmunqc.net/role/RL58007_2026.xml,,,,
"7690, Trudeau",,Brossard,,,450.7,1973,247900,282000,529900,2025,Logement,MAMH — Données Québec (rôle d'évaluation foncière),https://donneesouvertes.affmunqc.net/role/RL58007_2026.xml,,,,
"7700, Trudeau",,Brossard,,,504.7,1973,276300,402200,678500,2025,Logement,MAMH — Données Québec (rôle d'évaluation foncière),https://donneesouvertes.affmunqc.net/role/RL58007_2026.xml,,,,
"1430, Tardif",,Brossard,,,434.8,1973,239100,294400,533500,2025,Logement,MAMH — Données Québec (rôle d'évaluation foncière),https://donneesouvertes.affmunqc.net/role/RL58007_2026.xml,,,,
"7780, Pelletier",,Brossard,,,304.1,1973,165600,229000,394600,2025,Logement,MAMH — Données Québec (rôle d'évaluation foncière),https://donneesouvertes.affmunqc.net/role/RL58007_2026.xml,,,,
"7770, Pelletier",,Brossard,,,182.5,1975,117400,251600,369000,2025,Logement,MAMH — Données Québec (rôle d'évaluation foncière),https://donneesouvertes.affmunqc.net/role/RL58007_2026.xml,,,,
"7760, Pelletier",,Brossard,,,179.3,1977,115400,260900,376300,2025,Logement,MAMH — Données Québec (rôle d'évaluation foncière),https://donneesouvertes.affmunqc.net/role/RL58007_2026.xml,,,,
"7750, Pelletier",,Brossard,,,176.5,1973,113600,173000,286600,2025,Logement,MAMH — Données Québec (rôle d'évaluation foncière),https://donneesouvertes.affmunqc.net/role/RL58007_2026.xml,,,,
"7740, Pelletier",,Brossard,,,174.1,1973,112000,203200,315200,2025,Logement,MAMH — Données Québec (rôle d'évaluation foncière),https://donneesouvertes.affmunqc.net/role/RL58007_2026.xml,,,,
"7730, Pelletier",,Brossard,,,172,1973,110700,211800,322500,2025,Logement,MAMH — Données Québec (rôle d'évaluation foncière),https://donneesouvertes.affmunqc.net/role/RL58007_2026.xml,,,,
"7720, Pelletier",,Brossard,,,170.3,1973,109600,204000,313600,2025,Logement,MAMH — Données Québec (rôle d'évaluation foncière),https://donneesouvertes.affmunqc.net/role/RL58007_2026.xml,,,,
"7710, Pelletier",,Brossard,,,320.7,1973,167800,232400,400200,2025,Logement,MAMH — Données Québec (rôle d'évaluation foncière),https://donneesouvertes.affmunqc.net/role/RL58007_2026.xml,,,,
"7700, Pelletier",,Brossard,,,328.9,1973,169000,222100,391100,2025,Logement,MAMH — Données Québec (rôle d'évaluation foncière),https://donneesouvertes.affmunqc.net/role/RL58007_2026.xml,,,,
"7690, Pelletier",,Brossard,,,167.3,1973,107800,177100,284900,2025,Logement,MAMH — Données Québec (rôle d'évaluation foncière),https://donneesouvertes.affmunqc.net/role/RL58007_2026.xml,,,,
"7680, Pelletier",,Brossard,,,167.3,1973,107800,200600,308400,2025,Logement,MAMH — Données Québec (rôle d'évaluation foncière),https://donneesouvertes.affmunqc.net/role/RL58007_2026.xml,,,,
"7670, Pelletier",,Brossard,,,167.2,1973,107600,239300,346900,2025,Logement,MAMH — Données Québec (rôle d'évaluation foncière),https://donneesouvertes.affmunqc.net/role/RL58007_2026.xml,,,,
"7660, Pelletier",,Brossard,,,167.2,1973,107600,230900,338500,2025,Logement,MAMH — Données Québec (rôle d'évaluation foncière),https://donneesouvertes.affmunqc.net/role/RL58007_2026.xml,,,,
"7650, Pelletier",,Brossard,,,167.2,1973,107600,189200,296800,2025,Logement,MAMH — Données Québec (rôle d'évaluation foncière),https://donneesouvertes.affmunqc.net/role/RL58007_2026.xml,,,,
"7680, Trudeau",,Brossard,,,418.1,1973,230000,396700,626700,2025,Logement,MAMH — Données Québec (rôle d'évaluation foncière),https://donneesouvertes.affmunqc.net/role/RL58007_2026.xml,,,,
"7670, Trudeau",,Brossard,,,418.1,1973,230000,297400,527400,2025,Logement,MAMH — Données Québec (rôle d'évaluation foncière),https://donneesouvertes.affmunqc.net/role/RL58007_2026.xml,,,,
"7660, Trudeau",,Brossard,,,418.1,1973,230000,277900,507900,2025,Logement,MAMH — Données Québec (rôle d'évaluation foncière),https://donneesouvertes.affmunqc.net/role/RL58007_2026.xml,,,,
"7650, Trudeau",,Brossard,,,418.1,1973,230000,271400,501400,2025,Logement,MAMH — Données Québec (rôle d'évaluation foncière),https://donneesouvertes.affmunqc.net/role/RL58007_2026.xml,,,,
"7640, Trudeau",,Brossard,,,418.1,1973,230000,389600,619600,2025,Logement,MAMH — Données Québec (rôle d'évaluation foncière),https://donneesouvertes.affmunqc.net/role/RL58007_2026.xml,,,,
"7630, Trudeau",,Brossard,,,418.1,1973,230000,430200,660200,2025,Logement,MAMH — Données Québec (rôle d'évaluation foncière),https://donneesouvertes.affmunqc.net/role/RL58007_2026.xml,,,,
"7620, Trudeau",,Brossard,,,418.1,1973,230000,406400,636400,2025,Logement,MAMH — Données Québec (rôle d'évaluation foncière),https://donneesouvertes.affmunqc.net/role/RL58007_2026.xml,,,,
"7640, Pelletier",,Brossard,,,167.3,1973,107800,218900,326700,2025,Logement,MAMH — Données Québec (rôle d'évaluation foncière),https://donneesouvertes.affmunqc.net/role/RL58007_2026.xml,,,,
"7630, Pelletier",,Brossard,,,333.8,1973,169600,211500,381100,2025,Logement,MAMH — Données Québec (rôle d'évaluation foncière),https://donneesouvertes.affmunqc.net/role/RL58007_2026.xml,,,,
"7620, Pelletier",,Brossard,,,333.8,1973,169600,333800,503400,2025,Logement,MAMH — Données Québec (rôle d'évaluation foncière),https://donneesouvertes.affmunqc.net/role/RL58007_2026.xml,,,,
"7610, Pelletier",,Brossard,,,167.3,1973,107800,204800,312600,2025,Logement,MAMH — Données Québec (rôle d'évaluation foncière),https://donneesouvertes.affmunqc.net/role/RL58007_2026.xml,,,,
"7600, Pelletier",,Brossard,,,167.2,1973,107600,182600,290200,2025,Logement,MAMH — Données Québec (rôle d'évaluation foncière),https://donneesouvertes.affmunqc.net/role/RL58007_2026.xml,,,,
"7590, Pelletier",,Brossard,,,167.2,1973,107600,323600,431200,2025,Logement,MAMH — Données Québec (rôle d'évaluation foncière),https://donneesouvertes.affmunqc.net/role/RL58007_2026.xml,,,,
"7580, Pelletier",,Brossard,,,167.2,1973,107600,342600,450200,2025,Logement,MAMH — Données Québec (rôle d'évaluation foncière),https://donneesouvertes.affmunqc.net/role/RL58007_2026.xml,,,,
"7570, Pelletier",,Brossard,,,167.2,1973,107600,301900,409500,2025,Logement,MAMH — Données Québec (rôle d'évaluation foncière),https://donneesouvertes.affmunqc.net/role/RL58007_2026.xml,,,,
"7560, Pelletier",,Brossard,,,167.3,1973,107800,301800,409600,2025,Logement,MAMH — Données Québec (rôle d'évaluation foncière),https://donneesouvertes.affmunqc.net/role/RL58007_2026.xml,,,,
"7550, Pelletier",,Brossard,,,333.8,1973,169600,266900,436500,2025,Logement,MAMH — Données Québec (rôle d'évaluation foncière),https://donneesouvertes.affmunqc.net/role/RL58007_2026.xml,,,,
"7540, Pelletier",,Brossard,,,279.5,1974,153700,318000,471700,2025,Logement,MAMH — Données Québec (rôle d'évaluation foncière),https://donneesouvertes.affmunqc.net/role/RL58007_2026.xml,,,,
"7530, Pelletier",,Brossard,,,279.5,1974,153700,281800,435500,2025,Logement,MAMH — Données Québec (rôle d'évaluation foncière),https://donneesouvertes.affmunqc.net/role/RL58007_2026.xml,,,,
"7520, Pelletier",,Brossard,,,279.5,1974,153700,299300,453000,2025,Logement,MAMH — Données Québec (rôle d'évaluation foncière),https://donneesouvertes.affmunqc.net/role/RL58007_2026.xml,,,,
"7605, Trudeau",,Brossard,,,424.1,1974,233300,434800,668100,2025,Logement,MAMH — Données Québec (rôle d'évaluation foncière),https://donneesouvertes.affmunqc.net/role/RL58007_2026.xml,,,,
"7570, Tremblay",,Brossard,,,454.4,1977,249900,518000,767900,2025,Logement,MAMH — Données Québec (rôle d'évaluation foncière),https://donneesouvertes.affmunqc.net/role/RL58007_2026.xml,,,,
"7595, Trudeau",,Brossard,,,424.1,1974,233300,304100,537400,2025,Logement,MAMH — Données Québec (rôle d'évaluation foncière),https://donneesouvertes.affmunqc.net/role/RL58007_2026.xml,,,,
"7585, Trudeau",,Brossard,,,508.9,1974,277400,290600,568000,2025,Logement,MAMH — Données Québec (rôle d'évaluation foncière),https://donneesouvertes.affmunqc.net/role/RL58007_2026.xml,,,,
"7575, Trudeau",,Brossard,,,424.1,1974,233300,312900,546200,2025,Logement,MAMH — Données Québec (rôle d'évaluation foncière),https://donneesouvertes.affmunqc.net/role/RL58007_2026.xml,,,,
"7565, Trudeau",,Brossard,,,424.8,1974,233600,334100,567700,2025,Logement,MAMH — Données Québec (rôle d'évaluation foncière),https://donneesouvertes.affmunqc.net/role/RL58007_2026.xml,,,,
"7610, Trudeau",,Brossard,,,418.1,1973,230000,251500,481500,2025,Logement,MAMH — Données Québec (rôle d'évaluation foncière),https://donneesouvertes.affmunqc.net/role/RL58007_2026.xml,,,,
"7600, Trudeau",,Brossard,,,418.1,1973,230000,270200,500200,2025,Logement,MAMH — Données Québec (rôle d'évaluation foncière),https://donneesouvertes.affmunqc.net/role/RL58007_2026.xml,,,,
"7590, Trudeau",,Brossard,,,418.1,1973,230000,324900,554900,2025,Logement,MAMH — Données Québec (rôle d'évaluation foncière),https://donneesouvertes.affmunqc.net/role/RL58007_2026.xml,,,,
"7580, Trudeau",,Brossard,,,418.1,1974,230000,384100,614100,2025,Logement,MAMH — Données Québec (rôle d'évaluation foncière),https://donneesouvertes.affmunqc.net/role/RL58007_2026.xml,,,,
"7570, Trudeau",,Brossard,,,417.9,1973,229800,367300,597100,2025,Logement,MAMH — Données Québec (rôle d'évaluation foncière),https://donneesouvertes.affmunqc.net/role/RL58007_2026.xml,,,,
"7510, Pelletier",,Brossard,,,279.5,1974,153700,229900,383600,2025,Logement,MAMH — Données Québec (rôle d'évaluation foncière),https://donneesouvertes.affmunqc.net/role/RL58007_2026.xml,,,,
"7560, Trudeau",,Brossard,,,417.9,1973,229800,386400,616200,2025,Logement,MAMH — Données Québec (rôle d'évaluation foncière),https://donneesouvertes.affmunqc.net/role/RL58007_2026.xml,,,,
"7500, Pelletier",,Brossard,,,286.1,1974,157400,286000,443400,2025,Logement,MAMH — Données Québec (rôle d'évaluation foncière),https://donneesouvertes.affmunqc.net/role/RL58007_2026.xml,,,,
"7490, Pelletier",,Brossard,,,272.9,1974,150100,300000,450100,2025,Logement,MAMH — Données Québec (rôle d'évaluation foncière),https://donneesouvertes.affmunqc.net/role/RL58007_2026.xml,,,,
"7480, Pelletier",,Brossard,,,279.5,1974,153700,284100,437800,2025,Logement,MAMH — Données Québec (rôle d'évaluation foncière),https://donneesouvertes.affmunqc.net/role/RL58007_2026.xml,,,,
"7550, Trudeau",,Brossard,,,418.1,1973,230000,263200,493200,2025,Logement,MAMH — Données Québec (rôle d'évaluation foncière),https://donneesouvertes.affmunqc.net/role/RL58007_2026.xml,,,,
"7470, Pelletier",,Brossard,,,279.5,1974,153700,262700,416400,2025,Logement,MAMH — Données Québec (rôle d'évaluation foncière),https://donneesouvertes.affmunqc.net/role/RL58007_2026.xml,,,,
"7460, Pelletier",,Brossard,,,279.5,1974,153700,211000,364700,2025,Logement,MAMH — Données Québec (rôle d'évaluation foncière),https://donneesouvertes.affmunqc.net/role/RL58007_2026.xml,,,,
"7450, Pelletier",,Brossard,,,286.8,1974,157700,244300,402000,2025,Logement,MAMH — Données Québec (rôle d'évaluation foncière),https://donneesouvertes.affmunqc.net/role/RL58007_2026.xml,,,,
"7560, Tremblay",,Brossard,,,454.4,1978,249900,382600,632500,2025,Logement,MAMH — Données Québec (rôle d'évaluation foncière),https://donneesouvertes.affmunqc.net/role/RL58007_2026.xml,,,,
"7510, Tremblay",,Brossard,,,451.5,1978,248300,407700,656000,2025,Logement,MAMH — Données Québec (rôle d'évaluation foncière),https://donneesouvertes.affmunqc.net/role/RL58007_2026.xml,,,,
"7550, Tremblay",,Brossard,,,453.91,1978,249700,417500,667200,2025,Logement,MAMH — Données Québec (rôle d'évaluation foncière),https://donneesouvertes.affmunqc.net/role/RL58007_2026.xml,,,,
"7520, Tremblay",,Brossard,,,507.2,1978,277000,361200,638200,2025,Logement,MAMH — Données Québec (rôle d'évaluation foncière),https://donneesouvertes.affmunqc.net/role/RL58007_2026.xml,,,,
"7540, Tremblay",,Brossard,,,537.4,1978,285300,387800,673100,2025,Logement,MAMH — Données Québec (rôle d'évaluation foncière),https://donneesouvertes.affmunqc.net/role/RL58007_2026.xml,,,,
"7545, Trudeau",,Brossard,,,424.8,1974,233600,304900,538500,2025,Logement,MAMH — Données Québec (rôle d'évaluation foncière),https://donneesouvertes.affmunqc.net/role/RL58007_2026.xml,,,,
"7530, Tremblay",,Brossard,,,599.2,1977,302300,409500,711800,2025,Logement,MAMH — Données Québec (rôle d'évaluation foncière),https://donneesouvertes.affmunqc.net/role/RL58007_2026.xml,,,,
"7535, Trudeau",,Brossard,,,424.1,1974,233300,281800,515100,2025,Logement,MAMH — Données Québec (rôle d'évaluation foncière),https://donneesouvertes.affmunqc.net/role/RL58007_2026.xml,,,,
"7455, Trudeau",,Brossard,,,418.1,1974,230000,440800,670800,2025,Logement,MAMH — Données Québec (rôle d'évaluation foncière),https://donneesouvertes.affmunqc.net/role/RL58007_2026.xml,,,,
"7525, Trudeau",,Brossard,,,424.1,1974,233300,373200,606500,2025,Logement,MAMH — Données Québec (rôle d'évaluation foncière),https://donneesouvertes.affmunqc.net/role/RL58007_2026.xml,,,,
"7465, Trudeau",,Brossard,,,418.1,1974,230000,432400,662400,2025,Logement,MAMH — Données Québec (rôle d'évaluation foncière),https://donneesouvertes.affmunqc.net/role/RL58007_2026.xml,,,,
"7515, Trudeau",,Brossard,,,418.2,1974,230000,323600,553600,2025,Logement,MAMH — Données Québec (rôle d'évaluation foncière),https://donneesouvertes.affmunqc.net/role/RL58007_2026.xml,,,,
"7475, Trudeau",,Brossard,,,432.3,1974,237800,360000,597800,2025,Logement,MAMH — Données Québec (rôle d'évaluation foncière),https://donneesouvertes.affmunqc.net/role/RL58007_2026.xml,,,,
"7505, Trudeau",,Brossard,,,473.9,1974,260600,357600,618200,2025,Logement,MAMH — Données Québec (rôle d'évaluation foncière),https://donneesouvertes.affmunqc.net/role/RL58007_2026.xml,,,,
"7540, Trudeau",,Brossard,,,418.1,1973,230000,285000,515000,2025,Logement,MAMH — Données Québec (rôle d'évaluation foncière),https://donneesouvertes.affmunqc.net/role/RL58007_2026.xml,,,,
"7530, Trudeau",,Brossard,,,418.1,1973,230000,378100,608100,2025,Logement,MAMH — Données Québec (rôle d'évaluation foncière),https://donneesouvertes.affmunqc.net/role/RL58007_2026.xml,,,,
"7490, Tremblay",,Brossard,,,451.5,1978,248300,406000,654300,2025,Logement,MAMH — Données Québec (rôle d'évaluation foncière),https://donneesouvertes.affmunqc.net/role/RL58007_2026.xml,,,,
"7375, Trudeau",,Brossard,,,529.4,1975,283100,496900,780000,2025,Logement,MAMH — Données Québec (rôle d'évaluation foncière),https://donneesouvertes.affmunqc.net/role/RL58007_2026.xml,,,,
"7500, Tremblay",,Brossard,,,551.8,1978,289200,511400,800600,2025,Logement,MAMH — Données Québec (rôle d'évaluation foncière),https://donneesouvertes.affmunqc.net/role/RL58007_2026.xml,,,,
"7395, Trudeau",,Brossard,,,426.8,1976,234700,380900,615600,2025,Logement,MAMH — Données Québec (rôle d'évaluation foncière),https://donneesouvertes.affmunqc.net/role/RL58007_2026.xml,,,,
"7405, Trudeau",,Brossard,,,418.1,1976,230000,356900,586900,2025,Logement,MAMH — Données Québec (rôle d'évaluation foncière),https://donneesouvertes.affmunqc.net/role/RL58007_2026.xml,,,,
"7415, Trudeau",,Brossard,,,418.1,1976,230000,429700,659700,2025,Logement,MAMH — Données Québec (rôle d'évaluation foncière),https://donneesouvertes.affmunqc.net/role/RL58007_2026.xml,,,,
"7435, Trudeau",,Brossard,,,418.1,1974,230000,333200,563200,2025,Logement,MAMH — Données Québec (rôle d'évaluation foncière),https://donneesouvertes.affmunqc.net/role/RL58007_2026.xml,,,,
"7390, Trudeau",,Brossard,,,418.1,1975,230000,407600,637600,2025,Logement,MAMH — Données Québec (rôle d'évaluation foncière),https://donneesouvertes.affmunqc.net/role/RL58007_2026.xml,,,,
"7445, Trudeau",,Brossard,,,418.1,1974,230000,328600,558600,2025,Logement,MAMH — Données Québec (rôle d'évaluation foncière),https://donneesouvertes.affmunqc.net/role/RL58007_2026.xml,,,,
"7400, Trudeau",,Brossard,,,418.1,1976,230000,348900,578900,2025,Logement,MAMH — Données Québec (rôle d'évaluation foncière),https://donneesouvertes.affmunqc.net/role/RL58007_2026.xml,,,,
"7410, Trudeau",,Brossard,,,418.1,1976,230000,705300,935300,2025,Logement,MAMH — Données Québec (rôle d'évaluation foncière),https://donneesouvertes.affmunqc.net/role/RL58007_2026.xml,,,,
"7420, Trudeau",,Brossard,,,418.1,1976,230000,528200,758200,2025,Logement,MAMH — Données Québec (rôle d'évaluation foncière),https://donneesouvertes.affmunqc.net/role/RL58007_2026.xml,,,,
"7430, Trudeau",,Brossard,,,418.1,1973,230000,433800,663800,2025,Logement,MAMH — Données Québec (rôle d'évaluation foncière),https://donneesouvertes.affmunqc.net/role/RL58007_2026.xml,,,,
"1255, Touchette",,Brossard,,,463.2,1974,254800,385800,640600,2025,Logement,MAMH — Données Québec (rôle d'évaluation foncière),https://donneesouvertes.affmunqc.net/role/RL58007_2026.xml,,,,
"7440, Trudeau",,Brossard,,,418.1,1974,230000,413400,643400,2025,Logement,MAMH — Données Québec (rôle d'évaluation foncière),https://donneesouvertes.affmunqc.net/role/RL58007_2026.xml,,,,
"1265, Touchette",,Brossard,,,463.2,1974,254800,308500,563300,2025,Logement,MAMH — Données Québec (rôle d'évaluation foncière),https://donneesouvertes.affmunqc.net/role/RL58007_2026.xml,,,,
"7450, Trudeau",,Brossard,,,418.1,1974,230000,289700,519700,2025,Logement,MAMH — Données Québec (rôle d'évaluation foncière),https://donneesouvertes.affmunqc.net/role/RL58007_2026.xml,,,,
"1275, Touchette",,Brossard,,,463.2,1973,254800,286100,540900,2025,Logement,MAMH — Données Québec (rôle d'évaluation foncière),https://donneesouvertes.affmunqc.net/role/RL58007_2026.xml,,,,
"7460, Trudeau",,Brossard,,,418.1,1974,230000,299800,529800,2025,Logement,MAMH — Données Québec (rôle d'évaluation foncière),https://donneesouvertes.affmunqc.net/role/RL58007_2026.xml,,,,
"7280, Trevi",,Brossard,,,1246.7,1980,449300,609500,1058800,2025,Logement,MAMH — Données Québec (rôle d'évaluation foncière),https://donneesouvertes.affmunqc.net/role/RL58007_2026.xml,,,,
"7370, Trudeau",,Brossard,,,523,1975,281300,281200,562500,2025,Logement,MAMH — Données Québec (rôle d'évaluation foncière),https://donneesouvertes.affmunqc.net/role/RL58007_2026.xml,,,,
"1185, Touchette",,Brossard,,,452.3,1974,248800,444800,693600,2025,Logement,MAMH — Données Québec (rôle d'évaluation foncière),https://donneesouvertes.affmunqc.net/role/RL58007_2026.xml,,,,
"1195, Touchette",,Brossard,,,459.9,1974,252900,426400,679300,2025,Logement,MAMH — Données Québec (rôle d'évaluation foncière),https://donneesouvertes.affmunqc.net/role/RL58007_2026.xml,,,,
"7380, Trudeau",,Brossard,,,538.7,1975,285600,343300,628900,2025,Logement,MAMH — Données Québec (rôle d'évaluation foncière),https://donneesouvertes.affmunqc.net/role/RL58007_2026.xml,,,,
"1205, Touchette",,Brossard,,,463.2,1974,254800,298300,553100,2025,Logement,MAMH — Données Québec (rôle d'évaluation foncière),https://donneesouvertes.affmunqc.net/role/RL58007_2026.xml,,,,
"1215, Touchette",,Brossard,,,463.2,1974,254800,344900,599700,2025,Logement,MAMH — Données Québec (rôle d'évaluation foncière),https://donneesouvertes.affmunqc.net/role/RL58007_2026.xml,,,,
"1225, Touchette",,Brossard,,,463.48,1974,254900,423400,678300,2025,Logement,MAMH — Données Québec (rôle d'évaluation foncière),https://donneesouvertes.affmunqc.net/role/RL58007_2026.xml,,,,
"1235, Touchette",,Brossard,,,463.2,1974,254800,348100,602900,2025,Logement,MAMH — Données Québec (rôle d'évaluation foncière),https://donneesouvertes.affmunqc.net/role/RL58007_2026.xml,,,,
"1245, Touchette",,Brossard,,,463.2,1974,254800,360800,615600,2025,Logement,MAMH — Données Québec (rôle d'évaluation foncière),https://donneesouvertes.affmunqc.net/role/RL58007_2026.xml,,,,
"1200, Touchette",,Brossard,,,434.8,1974,239100,414400,653500,2025,Logement,MAMH — Données Québec (rôle d'évaluation foncière),https://donneesouvertes.affmunqc.net/role/RL58007_2026.xml,,,,
"1210, Touchette",,Brossard,,,434.8,1974,239100,328700,567800,2025,Logement,MAMH — Données Québec (rôle d'évaluation foncière),https://donneesouvertes.affmunqc.net/role/RL58007_2026.xml,,,,
"1220, Touchette",,Brossard,,,434.8,1974,239100,326400,565500,2025,Logement,MAMH — Données Québec (rôle d'évaluation foncière),https://donneesouvertes.affmunqc.net/role/RL58007_2026.xml,,,,
"1230, Touchette",,Brossard,,,434.8,1974,239100,388900,628000,2025,Logement,MAMH — Données Québec (rôle d'évaluation foncière),https://donneesouvertes.affmunqc.net/role/RL58007_2026.xml,,,,
"1175, Touchette",,Brossard,,,467.4,1974,257100,330600,587700,2025,Logement,MAMH — Données Québec (rôle d'évaluation foncière),https://donneesouvertes.affmunqc.net/role/RL58007_2026.xml,,,,
"7200, Turner",,Brossard,,,603,1980,303300,425800,729100,2025,Logement,MAMH — Données Québec (rôle d'évaluation foncière),https://donneesouvertes.affmunqc.net/role/RL58007_2026.xml,,,,
"1160, Touchette",,Brossard,,,547.9,1979,288200,375400,663600,2025,Logement,MAMH — Données Québec (rôle d'évaluation foncière),https://donneesouvertes.affmunqc.net/role/RL58007_2026.xml,,,,
"7210, Turner",,Brossard,,,645.4,1980,315000,565600,880600,2025,Logement,MAMH — Données Québec (rôle d'évaluation foncière),https://donneesouvertes.affmunqc.net/role/RL58007_2026.xml,,,,
"1170, Touchette",,Brossard,,,535,1979,284600,470800,755400,2025,Logement,MAMH — Données Québec (rôle d'évaluation foncière),https://donneesouvertes.affmunqc.net/role/RL58007_2026.xml,,,,
"1180, Touchette",,Brossard,,,535,1979,284600,401400,686000,2025,Logement,MAMH — Données Québec (rôle d'évaluation foncière),https://donneesouvertes.affmunqc.net/role/RL58007_2026.xml,,,,
"7220, Turner",,Brossard,,,602.1,1980,303100,424500,727600,2025,Logement,MAMH — Données Québec (rôle d'évaluation foncière),https://donneesouvertes.affmunqc.net/role/RL58007_2026.xml,,,,
"1165, Théberge",,Brossard,,,595.2,1980,301200,394000,695200,2025,Logement,MAMH — Données Québec (rôle d'évaluation foncière),https://donneesouvertes.affmunqc.net/role/RL58007_2026.xml,,,,
"1190, Touchette",,Brossard,,,434.8,1974,239100,393600,632700,2025,Logement,MAMH — Données Québec (rôle d'évaluation foncière),https://donneesouvertes.affmunqc.net/role/RL58007_2026.xml,,,,
"1175, Théberge",,Brossard,,,523.7,1980,281500,483200,764700,2025,Logement,MAMH — Données Québec (rôle d'évaluation foncière),https://donneesouvertes.affmunqc.net/role/RL58007_2026.xml,,,,
"1185, Théberge",,Brossard,,,522.6,1980,281200,424300,705500,2025,Logement,MAMH — Données Québec (rôle d'évaluation foncière),https://donneesouvertes.affmunqc.net/role/RL58007_2026.xml,,,,
"1195, Théberge",,Brossard,,,519.2,1979,280300,431200,711500,2025,Logement,MAMH — Données Québec (rôle d'évaluation foncière),https://donneesouvertes.affmunqc.net/role/RL58007_2026.xml,,,,
"1205, Théberge",,Brossard,,,442.3,1974,243300,408200,651500,2025,Logement,MAMH — Données Québec (rôle d'évaluation foncière),https://donneesouvertes.affmunqc.net/role/RL58007_2026.xml,,,,
"7915, Pelletier",,Brossard,,,535.3,1976,284700,536500,821200,2025,Logement,MAMH — Données Québec (rôle d'évaluation foncière),https://donneesouvertes.affmunqc.net/role/RL58007_2026.xml,,,,
"7925, Pelletier",,Brossard,,,535.3,1976,284700,604900,889600,2025,Logement,MAMH — Données Québec (rôle d'évaluation foncière),https://donneesouvertes.affmunqc.net/role/RL58007_2026.xml,,,,
"7935, Pelletier",,Brossard,,,535.3,1976,284700,524300,809000,2025,Logement,MAMH — Données Québec (rôle d'évaluation foncière),https://donneesouvertes.affmunqc.net/role/RL58007_2026.xml,,,,
"7945, Pelletier",,Brossard,,,534.9,1976,284600,536700,821300,2025,Logement,MAMH — Données Québec (rôle d'évaluation foncière),https://donneesouvertes.affmunqc.net/role/RL58007_2026.xml,,,,
"7955, Pelletier",,Brossard,,,531,1976,283500,339000,622500,2025,Logement,MAMH — Données Québec (rôle d'évaluation foncière),https://donneesouvertes.affmunqc.net/role/RL58007_2026.xml,,,,
"7965, Pelletier",,Brossard,,,574,1976,295400,361100,656500,2025,Logement,MAMH — Données Québec (rôle d'évaluation foncière),https://donneesouvertes.affmunqc.net/role/RL58007_2026.xml,,,,
"1450, Samson",,Brossard,,,468.2,1976,257500,525100,782600,2025,Logement,MAMH — Données Québec (rôle d'évaluation foncière),https://donneesouvertes.affmunqc.net/role/RL58007_2026.xml,,,,
"1470, Samson",,Brossard,,,537.7,1976,285400,543700,829100,2025,Logement,MAMH — Données Québec (rôle d'évaluation foncière),https://donneesouvertes.affmunqc.net/role/RL58007_2026.xml,,,,
"1460, Samson",,Brossard,,,468.2,1976,257500,520900,778400,2025,Logement,MAMH — Données Québec (rôle d'évaluation foncière),https://donneesouvertes.affmunqc.net/role/RL58007_2026.xml,,,,
"1480, Samson",,Brossard,,,773.5,1975,350200,615800,966000,2025,Logement,MAMH — Données Québec (rôle d'évaluation foncière),https://donneesouvertes.affmunqc.net/role/RL58007_2026.xml,,,,
"1685, Socrate",,Brossard,,,1032,1980,417300,889100,1306400,2025,Logement,MAMH — Données Québec (rôle d'évaluation foncière),https://donneesouvertes.affmunqc.net/role/RL58007_2026.xml,,,,
"1695, Socrate",,Brossard,,,644.1,1980,314600,623500,938100,2025,Logement,MAMH — Données Québec (rôle d'évaluation foncière),https://donneesouvertes.affmunqc.net/role/RL58007_2026.xml,,,,
"1500, Samson",,Brossard,,,979.6,1976,406900,612700,1019600,2025,Logement,MAMH — Données Québec (rôle d'évaluation foncière),https://donneesouvertes.affmunqc.net/role/RL58007_2026.xml,,,,
"1505, Samson",,Brossard,,,589.5,1978,299600,524400,824000,2025,Logement,MAMH — Données Québec (rôle d'évaluation foncière),https://donneesouvertes.affmunqc.net/role/RL58007_2026.xml,,,,
"7905, Pelletier",,Brossard,,,577.9,1977,296400,439200,735600,2025,Logement,MAMH — Données Québec (rôle d'évaluation foncière),https://donneesouvertes.affmunqc.net/role/RL58007_2026.xml,,,,
"1635, Rome",,Brossard,,,2675.6,1978,668900,503700,1172600,2025,Industrie,MAMH — Données Québec (rôle d'évaluation foncière),https://donneesouvertes.affmunqc.net/role/RL58007_2026.xml,,,,
"1440, Samson",,Brossard,,,476.3,1976,262000,552900,814900,2025,Logement,MAMH — Données Québec (rôle d'évaluation foncière),https://donneesouvertes.affmunqc.net/role/RL58007_2026.xml,,,,
"1420, Samson",,Brossard,,,636.5,1976,312500,388800,701300,2025,Logement,MAMH — Données Québec (rôle d'évaluation foncière),https://donneesouvertes.affmunqc.net/role/RL58007_2026.xml,,,,
"1410, Samson",,Brossard,,,613.2,1976,306100,443700,749800,2025,Logement,MAMH — Données Québec (rôle d'évaluation foncière),https://donneesouvertes.affmunqc.net/role/RL58007_2026.xml,,,,
"1395, Samson",,Brossard,,,1011,1978,414100,754700,1168800,2025,Logement,MAMH — Données Québec (rôle d'évaluation foncière),https://donneesouvertes.affmunqc.net/role/RL58007_2026.xml,,,,
"7795, Pelletier",,Brossard,,,647.6,1979,315600,395900,711500,2025,Logement,MAMH — Données Québec (rôle d'évaluation foncière),https://donneesouvertes.affmunqc.net/role/RL58007_2026.xml,,,,
"1550, Rome",,Brossard,,,2542.5,1987,731000,187600,918600,2025,Immeuble à bureaux,MAMH — Données Québec (rôle d'évaluation foncière),https://donneesouvertes.affmunqc.net/role/RL58007_2026.xml,,,,
"7755, Trinidad",,Brossard,,,715,1987,334100,542500,876600,2025,Logement,MAMH — Données Québec (rôle d'évaluation foncière),https://donneesouvertes.affmunqc.net/role/RL58007_2026.xml,,,,
"7750, Trinidad",,Brossard,,,511,1972,278000,333100,611100,2025,Logement,MAMH — Données Québec (rôle d'évaluation foncière),https://donneesouvertes.affmunqc.net/role/RL58007_2026.xml,,,,
"1560, Rome",,Brossard,,,2029.3,1988,507300,1355400,1862700,2025,Industrie,MAMH — Données Québec (rôle d'évaluation foncière),https://donneesouvertes.affmunqc.net/role/RL58007_2026.xml,,,,
"1646, Rome",,Brossard,,,663.8,1977,320000,684300,1004300,2025,Logement,MAMH — Données Québec (rôle d'évaluation foncière),https://donneesouvertes.affmunqc.net/role/RL58007_2026.xml,,,,
"7765, Trinidad",,Brossard,,,459.9,1973,252900,307500,560400,2025,Logement,MAMH — Données Québec (rôle d'évaluation foncière),https://donneesouvertes.affmunqc.net/role/RL58007_2026.xml,,,,
"7735, Pelletier",,Brossard,,,666.7,1979,320800,513700,834500,2025,Logement,MAMH — Données Québec (rôle d'évaluation foncière),https://donneesouvertes.affmunqc.net/role/RL58007_2026.xml,,,,
"7705, Pelletier",,Brossard,,,655,1980,317600,517800,835400,2025,Logement,MAMH — Données Québec (rôle d'évaluation foncière),https://donneesouvertes.affmunqc.net/role/RL58007_2026.xml,,,,
"7675, Pelletier",,Brossard,,,655,1980,317600,588700,906300,2025,Logement,MAMH — Données Québec (rôle d'évaluation foncière),https://donneesouvertes.affmunqc.net/role/RL58007_2026.xml,,,,
"7765, Pelletier",,Brossard,,,744.8,1980,342300,498900,841200,2025,Logement,MAMH — Données Québec (rôle d'évaluation foncière),https://donneesouvertes.affmunqc.net/role/RL58007_2026.xml,,,,
"7645, Pelletier",,Brossard,,,790.6,1979,354900,603400,958300,2025,Logement,MAMH — Données Québec (rôle d'évaluation foncière),https://donneesouvertes.affmunqc.net/role/RL58007_2026.xml,,,,
"7730, Trinidad",,Brossard,,,529.2,1972,283000,263600,546600,2025,Logement,MAMH — Données Québec (rôle d'évaluation foncière),https://donneesouvertes.affmunqc.net/role/RL58007_2026.xml,,,,
"7720, Trinidad",,Brossard,,,532.8,1972,284000,290400,574400,2025,Logement,MAMH — Données Québec (rôle d'évaluation foncière),https://donneesouvertes.affmunqc.net/role/RL58007_2026.xml,,,,
"7710, Trinidad",,Brossard,,,532.8,1972,284000,515200,799200,2025,Logement,MAMH — Données Québec (rôle d'évaluation foncière),https://donneesouvertes.affmunqc.net/role/RL58007_2026.xml,,,,
"7740, Trinidad",,Brossard,,,511,1972,278000,247200,525200,2025,Logement,MAMH — Données Québec (rôle d'évaluation foncière),https://donneesouvertes.affmunqc.net/role/RL58007_2026.xml,,,,
"7700, Trinidad",,Brossard,,,532.8,1972,284000,265000,549000,2025,Logement,MAMH — Données Québec (rôle d'évaluation foncière),https://donneesouvertes.affmunqc.net/role/RL58007_2026.xml,,,,
"7760, Trinidad",,Brossard,,,624.3,1972,309200,477100,786300,2025,Logement,MAMH — Données Québec (rôle d'évaluation foncière),https://donneesouvertes.affmunqc.net/role/RL58007_2026.xml,,,,
"7725, Trinidad",,Brossard,,,510.9,1973,278000,284500,562500,2025,Logement,MAMH — Données Québec (rôle d'évaluation foncière),https://donneesouvertes.affmunqc.net/role/RL58007_2026.xml,,,,
"7715, Trinidad",,Brossard,,,510.8,1972,278000,409100,687100,2025,Logement,MAMH — Données Québec (rôle d'évaluation foncière),https://donneesouvertes.affmunqc.net/role/RL58007_2026.xml,,,,
"7735, Trinidad",,Brossard,,,510.9,1972,278000,429600,707600,2025,Logement,MAMH — Données Québec (rôle d'évaluation foncière),https://donneesouvertes.affmunqc.net/role/RL58007_2026.xml,,,,
"7705, Trinidad",,Brossard,,,504.1,1973,276100,340100,616200,2025,Logement,MAMH — Données Québec (rôle d'évaluation foncière),https://donneesouvertes.affmunqc.net/role/RL58007_2026.xml,,,,
"7695, Trinidad",,Brossard,,,510.8,1973,278000,373800,651800,2025,Logement,MAMH — Données Québec (rôle d'évaluation foncière),https://donneesouvertes.affmunqc.net/role/RL58007_2026.xml,,,,
"7605, Pelletier",,Brossard,,,655,1979,317600,459700,777300,2025,Logement,MAMH — Données Québec (rôle d'évaluation foncière),https://donneesouvertes.affmunqc.net/role/RL58007_2026.xml,,,,
"7575, Pelletier",,Brossard,,,655,1980,317600,424700,742300,2025,Logement,MAMH — Données Québec (rôle d'évaluation foncière),https://donneesouvertes.affmunqc.net/role/RL58007_2026.xml,,,,
"7545, Pelletier",,Brossard,,,655,1980,317600,530900,848500,2025,Logement,MAMH — Données Québec (rôle d'évaluation foncière),https://donneesouvertes.affmunqc.net/role/RL58007_2026.xml,,,,
"7525, Pelletier",,Brossard,,,668.1,1979,321200,567800,889000,2025,Logement,MAMH — Données Québec (rôle d'évaluation foncière),https://donneesouvertes.affmunqc.net/role/RL58007_2026.xml,,,,
"7495, Pelletier",,Brossard,,,633.7,1979,311800,479800,791600,2025,Logement,MAMH — Données Québec (rôle d'évaluation foncière),https://donneesouvertes.affmunqc.net/role/RL58007_2026.xml,,,,
"7690, Trinidad",,Brossard,,,532.8,1972,284000,313400,597400,2025,Logement,MAMH — Données Québec (rôle d'évaluation foncière),https://donneesouvertes.affmunqc.net/role/RL58007_2026.xml,,,,
"7680, Trinidad",,Brossard,,,532.8,1972,284000,403700,687700,2025,Logement,MAMH — Données Québec (rôle d'évaluation foncière),https://donneesouvertes.affmunqc.net/role/RL58007_2026.xml,,,,
"7670, Trinidad",,Brossard,,,532.8,1973,284000,256500,540500,2025,Logement,MAMH — Données Québec (rôle d'évaluation foncière),https://donneesouvertes.affmunqc.net/role/RL58007_2026.xml,,,,
"7660, Trinidad",,Brossard,,,531.2,1972,283600,393100,676700,2025,Logement,MAMH — Données Québec (rôle d'évaluation foncière),https://donneesouvertes.affmunqc.net/role/RL58007_2026.xml,,,,
"7650, Trinidad",,Brossard,,,531.2,1972,283600,523700,807300,2025,Logement,MAMH — Données Québec (rôle d'évaluation foncière),https://donneesouvertes.affmunqc.net/role/RL58007_2026.xml,,,,
"7640, Trinidad",,Brossard,,,513.5,1972,278700,450500,729200,2025,Logement,MAMH — Données Québec (rôle d'évaluation foncière),https://donneesouvertes.affmunqc.net/role/RL58007_2026.xml,,,,
"7685, Trinidad",,Brossard,,,510.8,1972,278000,268900,546900,2025,Logement,MAMH — Données Québec (rôle d'évaluation foncière),https://donneesouvertes.affmunqc.net/role/RL58007_2026.xml,,,,
"7675, Trinidad",,Brossard,,,510.8,1973,278000,323200,601200,2025,Logement,MAMH — Données Québec (rôle d'évaluation foncière),https://donneesouvertes.affmunqc.net/role/RL58007_2026.xml,,,,
"7665, Trinidad",,Brossard,,,510.8,1973,278000,323800,601800,2025,Logement,MAMH — Données Québec (rôle d'évaluation foncière),https://donneesouvertes.affmunqc.net/role/RL58007_2026.xml,,,,
"7430, Pelletier",,Brossard,,,286,1974,157300,264800,422100,2025,Logement,MAMH — Données Québec (rôle d'évaluation foncière),https://donneesouvertes.affmunqc.net/role/RL58007_2026.xml,,,,
"7420, Pelletier",,Brossard,,,278.7,1974,153300,280400,433700,2025,Logement,MAMH — Données Québec (rôle d'évaluation foncière),https://donneesouvertes.affmunqc.net/role/RL58007_2026.xml,,,,
"7410, Pelletier",,Brossard,,,278.7,1975,153300,259800,413100,2025,Logement,MAMH — Données Québec (rôle d'évaluation foncière),https://donneesouvertes.affmunqc.net/role/RL58007_2026.xml,,,,
"7400, Pelletier",,Brossard,,,278.7,1975,153300,231600,384900,2025,Logement,MAMH — Données Québec (rôle d'évaluation foncière),https://donneesouvertes.affmunqc.net/role/RL58007_2026.xml,,,,
"7390, Pelletier",,Brossard,,,280.3,1975,154200,270200,424400,2025,Logement,MAMH — Données Québec (rôle d'évaluation foncière),https://donneesouvertes.affmunqc.net/role/RL58007_2026.xml,,,,
"7475, Pelletier",,Brossard,,,678.4,1979,324100,428700,752800,2025,Logement,MAMH — Données Québec (rôle d'évaluation foncière),https://donneesouvertes.affmunqc.net/role/RL58007_2026.xml,,,,
"7455, Pelletier",,Brossard,,,631.6,1980,311200,458600,769800,2025,Logement,MAMH — Données Québec (rôle d'évaluation foncière),https://donneesouvertes.affmunqc.net/role/RL58007_2026.xml,,,,
"7435, Pelletier",,Brossard,,,621.1,1980,308300,512400,820700,2025,Logement,MAMH — Données Québec (rôle d'évaluation foncière),https://donneesouvertes.affmunqc.net/role/RL58007_2026.xml,,,,
"7415, Pelletier",,Brossard,,,643,1980,314300,581600,895900,2025,Logement,MAMH — Données Québec (rôle d'évaluation foncière),https://donneesouvertes.affmunqc.net/role/RL58007_2026.xml,,,,
"7395, Pelletier",,Brossard,,,631.6,1979,311200,314400,625600,2025,Logement,MAMH — Données Québec (rôle d'évaluation foncière),https://donneesouvertes.affmunqc.net/role/RL58007_2026.xml,,,,
"7630, Trinidad",,Brossard,,,552.1,1972,289300,320900,610200,2025,Logement,MAMH — Données Québec (rôle d'évaluation foncière),https://donneesouvertes.affmunqc.net/role/RL58007_2026.xml,,,,
"7375, Pelletier",,Brossard,,,655,1979,317600,532100,849700,2025,Logement,MAMH — Données Québec (rôle d'évaluation foncière),https://donneesouvertes.affmunqc.net/role/RL58007_2026.xml,,,,
"7620, Trinidad",,Brossard,,,532.8,1972,284000,399400,683400,2025,Logement,MAMH — Données Québec (rôle d'évaluation foncière),https://donneesouvertes.affmunqc.net/role/RL58007_2026.xml,,,,
"7355, Pelletier",,Brossard,,,678.4,1979,324100,371800,695900,2025,Logement,MAMH — Données Québec (rôle d'évaluation foncière),https://donneesouvertes.affmunqc.net/role/RL58007_2026.xml,,,,
"7610, Trinidad",,Brossard,,,532.8,1973,284000,267900,551900,2025,Logement,MAMH — Données Québec (rôle d'évaluation foncière),https://donneesouvertes.affmunqc.net/role/RL58007_2026.xml,,,,
"7470, Trudeau",,Brossard,,,418.1,1974,230000,272800,502800,2025,Logement,MAMH — Données Québec (rôle d'évaluation foncière),https://donneesouvertes.affmunqc.net/role/RL58007_2026.xml,,,,
"7520, Trudeau",,Brossard,,,418.1,1973,230000,345000,575000,2025,Logement,MAMH — Données Québec (rôle d'évaluation foncière),https://donneesouvertes.affmunqc.net/role/RL58007_2026.xml,,,,
"7480, Trudeau",,Brossard,,,418.1,1974,230000,306000,536000,2025,Logement,MAMH — Données Québec (rôle d'évaluation foncière),https://donneesouvertes.affmunqc.net/role/RL58007_2026.xml,,,,
"7510, Trudeau",,Brossard,,,556.4,1973,290500,388600,679100,2025,Logement,MAMH — Données Québec (rôle d'évaluation foncière),https://donneesouvertes.affmunqc.net/role/RL58007_2026.xml,,,,
"7490, Trudeau",,Brossard,,,564,1974,292600,383800,676400,2025,Logement,MAMH — Données Québec (rôle d'évaluation foncière),https://donneesouvertes.affmunqc.net/role/RL58007_2026.xml,,,,
"7380, Pelletier",,Brossard,,,277.1,1975,152400,263500,415900,2025,Logement,MAMH — Données Québec (rôle d'évaluation foncière),https://donneesouvertes.affmunqc.net/role/RL58007_2026.xml,,,,
"7370, Pelletier",,Brossard,,,280.3,1975,154200,292200,446400,2025,Logement,MAMH — Données Québec (rôle d'évaluation foncière),https://donneesouvertes.affmunqc.net/role/RL58007_2026.xml,,,,
"7360, Pelletier",,Brossard,,,277.1,1975,152400,267800,420200,2025,Logement,MAMH — Données Québec (rôle d'évaluation foncière),https://donneesouvertes.affmunqc.net/role/RL58007_2026.xml,,,,
"1325, Touchette",,Brossard,,,467.6,1973,257200,292300,549500,2025,Logement,MAMH — Données Québec (rôle d'évaluation foncière),https://donneesouvertes.affmunqc.net/role/RL58007_2026.xml,,,,
"7350, Pelletier",,Brossard,,,280.3,1975,154200,251600,405800,2025,Logement,MAMH — Données Québec (rôle d'évaluation foncière),https://donneesouvertes.affmunqc.net/role/RL58007_2026.xml,,,,
"7340, Pelletier",,Brossard,,,353.8,1975,172400,276300,448700,2025,Logement,MAMH — Données Québec (rôle d'évaluation foncière),https://donneesouvertes.affmunqc.net/role/RL58007_2026.xml,,,,
"1335, Touchette",,Brossard,,,548.6,1974,288400,472700,761100,2025,Logement,MAMH — Données Québec (rôle d'évaluation foncière),https://donneesouvertes.affmunqc.net/role/RL58007_2026.xml,,,,
"1345, Touchette",,Brossard,,,1017.1,1975,415000,473000,888000,2025,Logement,MAMH — Données Québec (rôle d'évaluation foncière),https://donneesouvertes.affmunqc.net/role/RL58007_2026.xml,,,,
"7310, Pelletier",,Brossard,,,632,1974,311300,477900,789200,2025,Logement,MAMH — Données Québec (rôle d'évaluation foncière),https://donneesouvertes.affmunqc.net/role/RL58007_2026.xml,,,,
"7345, Pelletier",,Brossard,,,631.6,1979,311200,438200,749400,2025,Logement,MAMH — Données Québec (rôle d'évaluation foncière),https://donneesouvertes.affmunqc.net/role/RL58007_2026.xml,,,,
"1285, Touchette",,Brossard,,,463.2,1974,254800,419600,674400,2025,Logement,MAMH — Données Québec (rôle d'évaluation foncière),https://donneesouvertes.affmunqc.net/role/RL58007_2026.xml,,,,
"1295, Touchette",,Brossard,,,463.2,2018,254800,590200,845000,2025,Logement,MAMH — Données Québec (rôle d'évaluation foncière),https://donneesouvertes.affmunqc.net/role/RL58007_2026.xml,,,,
"1305, Touchette",,Brossard,,,463.2,1974,254800,444900,699700,2025,Logement,MAMH — Données Québec (rôle d'évaluation foncière),https://donneesouvertes.affmunqc.net/role/RL58007_2026.xml,,,,
"1315, Touchette",,Brossard,,,463.2,1974,254800,346900,601700,2025,Logement,MAMH — Données Québec (rôle d'évaluation foncière),https://donneesouvertes.affmunqc.net/role/RL58007_2026.xml,,,,
"1270, Touchette",,Brossard,,,434.8,1974,239100,375000,614100,2025,Logement,MAMH — Données Québec (rôle d'évaluation foncière),https://donneesouvertes.affmunqc.net/role/RL58007_2026.xml,,,,
"1280, Touchette",,Brossard,,,434.8,1974,239100,409100,648200,2025,Logement,MAMH — Données Québec (rôle d'évaluation foncière),https://donneesouvertes.affmunqc.net/role/RL58007_2026.xml,,,,
"1290, Touchette",,Brossard,,,418.1,1974,230000,346400,576400,2025,Logement,MAMH — Données Québec (rôle d'évaluation foncière),https://donneesouvertes.affmunqc.net/role/RL58007_2026.xml,,,,
"1300, Touchette",,Brossard,,,463.2,1974,254800,355600,610400,2025,Logement,MAMH — Données Québec (rôle d'évaluation foncière),https://donneesouvertes.affmunqc.net/role/RL58007_2026.xml,,,,
"1285, Théberge",,Brossard,,,486.6,1974,267600,391800,659400,2025,Logement,MAMH — Données Québec (rôle d'évaluation foncière),https://donneesouvertes.affmunqc.net/role/RL58007_2026.xml,,,,
"7555, Thibault",,Brossard,,,576.35,1974,296000,312400,608400,2025,Logement,MAMH — Données Québec (rôle d'évaluation foncière),https://donneesouvertes.affmunqc.net/role/RL58007_2026.xml,,,,
"1295, Théberge",,Brossard,,,628.8,1974,310400,440800,751200,2025,Logement,MAMH — Données Québec (rôle d'évaluation foncière),https://donneesouvertes.affmunqc.net/role/RL58007_2026.xml,,,,
"7545, Thibault",,Brossard,,,471.8,1974,259500,337500,597000,2025,Logement,MAMH — Données Québec (rôle d'évaluation foncière),https://donneesouvertes.affmunqc.net/role/RL58007_2026.xml,,,,
"7535, Thibault",,Brossard,,,447,1974,245900,389500,635400,2025,Logement,MAMH — Données Québec (rôle d'évaluation foncière),https://donneesouvertes.affmunqc.net/role/RL58007_2026.xml,,,,
"1240, Touchette",,Brossard,,,434.8,1974,239100,287600,526700,2025,Logement,MAMH — Données Québec (rôle d'évaluation foncière),https://donneesouvertes.affmunqc.net/role/RL58007_2026.xml,,,,
"1215, Théberge",,Brossard,,,435.6,1974,239600,405300,644900,2025,Logement,MAMH — Données Québec (rôle d'évaluation foncière),https://donneesouvertes.affmunqc.net/role/RL58007_2026.xml,,,,
"1250, Touchette",,Brossard,,,434.8,1974,239100,405500,644600,2025,Logement,MAMH — Données Québec (rôle d'évaluation foncière),https://donneesouvertes.affmunqc.net/role/RL58007_2026.xml,,,,
"1225, Théberge",,Brossard,,,439,1974,241500,377700,619200,2025,Logement,MAMH — Données Québec (rôle d'évaluation foncière),https://donneesouvertes.affmunqc.net/role/RL58007_2026.xml,,,,
"1260, Touchette",,Brossard,,,434.8,1974,239100,350600,589700,2025,Logement,MAMH — Données Québec (rôle d'évaluation foncière),https://donneesouvertes.affmunqc.net/role/RL58007_2026.xml,,,,
"1235, Théberge",,Brossard,,,444,1974,244200,475300,719500,2025,Logement,MAMH — Données Québec (rôle d'évaluation foncière),https://donneesouvertes.affmunqc.net/role/RL58007_2026.xml,,,,
"1245, Théberge",,Brossard,,,433.94,1974,238700,393700,632400,2025,Logement,MAMH — Données Québec (rôle d'évaluation foncière),https://donneesouvertes.affmunqc.net/role/RL58007_2026.xml,,,,
"1255, Théberge",,Brossard,,,878.7,1974,379100,452900,832000,2025,Logement,MAMH — Données Québec (rôle d'évaluation foncière),https://donneesouvertes.affmunqc.net/role/RL58007_2026.xml,,,,
"1220, Théberge",,Brossard,,,451.5,1974,248300,414000,662300,2025,Logement,MAMH — Données Québec (rôle d'évaluation foncière),https://donneesouvertes.affmunqc.net/role/RL58007_2026.xml,,,,
"1275, Théberge",,Brossard,,,452.4,1974,248800,303500,552300,2025,Logement,MAMH — Données Québec (rôle d'évaluation foncière),https://donneesouvertes.affmunqc.net/role/RL58007_2026.xml,,,,
"1230, Théberge",,Brossard,,,451.5,1974,248300,349600,597900,2025,Logement,MAMH — Données Québec (rôle d'évaluation foncière),https://donneesouvertes.affmunqc.net/role/RL58007_2026.xml,,,,
"1240, Théberge",,Brossard,,,479.8,1974,263900,438900,702800,2025,Logement,MAMH — Données Québec (rôle d'évaluation foncière),https://donneesouvertes.affmunqc.net/role/RL58007_2026.xml,,,,
"7470, Turner",,Brossard,,,515.1,1974,279200,439300,718500,2025,Logement,MAMH — Données Québec (rôle d'évaluation foncière),https://donneesouvertes.affmunqc.net/role/RL58007_2026.xml,,,,
"7495, Turner",,Brossard,,,515.6,1974,279300,448700,728000,2025,Logement,MAMH — Données Québec (rôle d'évaluation foncière),https://donneesouvertes.affmunqc.net/role/RL58007_2026.xml,,,,
"7485, Turner",,Brossard,,,474.5,1974,261000,482500,743500,2025,Logement,MAMH — Données Québec (rôle d'évaluation foncière),https://donneesouvertes.affmunqc.net/role/RL58007_2026.xml,,,,
"1170, Théberge",,Brossard,,,643.4,1979,314400,410600,725000,2025,Logement,MAMH — Données Québec (rôle d'évaluation foncière),https://donneesouvertes.affmunqc.net/role/RL58007_2026.xml,,,,
"1180, Théberge",,Brossard,,,542.6,1979,286700,365900,652600,2025,Logement,MAMH — Données Québec (rôle d'évaluation foncière),https://donneesouvertes.affmunqc.net/role/RL58007_2026.xml,,,,
"1190, Théberge",,Brossard,,,501.7,1979,275500,383800,659300,2025,Logement,MAMH — Données Québec (rôle d'évaluation foncière),https://donneesouvertes.affmunqc.net/role/RL58007_2026.xml,,,,
"1200, Théberge",,Brossard,,,501.7,1981,275500,405500,681000,2025,Logement,MAMH — Données Québec (rôle d'évaluation foncière),https://donneesouvertes.affmunqc.net/role/RL58007_2026.xml,,,,
"7280, Turner",,Brossard,,,605.2,1980,303900,352100,656000,2025,Logement,MAMH — Données Québec (rôle d'évaluation foncière),https://donneesouvertes.affmunqc.net/role/RL58007_2026.xml,,,,
"1210, Théberge",,Brossard,,,501.7,1979,275500,463000,738500,2025,Logement,MAMH — Données Québec (rôle d'évaluation foncière),https://donneesouvertes.affmunqc.net/role/RL58007_2026.xml,,,,
"7290, Turner",,Brossard,,,652.7,1980,317000,361000,678000,2025,Logement,MAMH — Données Québec (rôle d'évaluation foncière),https://donneesouvertes.affmunqc.net/role/RL58007_2026.xml,,,,
"7300, Turner",,Brossard,,,1187,1981,440400,442300,882700,2025,Logement,MAMH — Données Québec (rôle d'évaluation foncière),https://donneesouvertes.affmunqc.net/role/RL58007_2026.xml,,,,
"7310, Turner",,Brossard,,,917,1980,389700,392300,782000,2025,Logement,MAMH — Données Québec (rôle d'évaluation foncière),https://donneesouvertes.affmunqc.net/role/RL58007_2026.xml,,,,
"7460, Turner",,Brossard,,,451.5,1980,248300,556800,805100,2025,Logement,MAMH — Données Québec (rôle d'évaluation foncière),https://donneesouvertes.affmunqc.net/role/RL58007_2026.xml,,,,
"1705, Socrate",,Brossard,,,560.2,1980,291600,431300,722900,2025,Logement,MAMH — Données Québec (rôle d'évaluation foncière),https://donneesouvertes.affmunqc.net/role/RL58007_2026.xml,,,,
"1515, Samson",,Brossard,,,535.1,1978,284700,534700,819400,2025,Logement,MAMH — Données Québec (rôle d'évaluation foncière),https://donneesouvertes.affmunqc.net/role/RL58007_2026.xml,,,,
"1510, Samson",,Brossard,,,468.2,1976,257500,418600,676100,2025,Logement,MAMH — Données Québec (rôle d'évaluation foncière),https://donneesouvertes.affmunqc.net/role/RL58007_2026.xml,,,,
"1715, Socrate",,Brossard,,,560.2,1980,291600,473100,764700,2025,Logement,MAMH — Données Québec (rôle d'évaluation foncière),https://donneesouvertes.affmunqc.net/role/RL58007_2026.xml,,,,
"1525, Samson",,Brossard,,,535.1,1978,284700,361100,645800,2025,Logement,MAMH — Données Québec (rôle d'évaluation foncière),https://donneesouvertes.affmunqc.net/role/RL58007_2026.xml,,,,
"1520, Samson",,Brossard,,,468.2,1976,257500,594700,852200,2025,Logement,MAMH — Données Québec (rôle d'évaluation foncière),https://donneesouvertes.affmunqc.net/role/RL58007_2026.xml,,,,
"1725, Socrate",,Brossard,,,560.2,1978,291600,463400,755000,2025,Logement,MAMH — Données Québec (rôle d'évaluation foncière),https://donneesouvertes.affmunqc.net/role/RL58007_2026.xml,,,,
"1530, Samson",,Brossard,,,468.2,1994,257500,832600,1090100,2025,Logement,MAMH — Données Québec (rôle d'évaluation foncière),https://donneesouvertes.affmunqc.net/role/RL58007_2026.xml,,,,
"1535, Samson",,Brossard,,,535.1,1979,284700,446100,730800,2025,Logement,MAMH — Données Québec (rôle d'évaluation foncière),https://donneesouvertes.affmunqc.net/role/RL58007_2026.xml,,,,
"1365, Samson",,Brossard,,,468.2,1977,257500,553400,810900,2025,Logement,MAMH — Données Québec (rôle d'évaluation foncière),https://donneesouvertes.affmunqc.net/role/RL58007_2026.xml,,,,
"1540, Samson",,Brossard,,,418.8,1988,230300,548500,778800,2025,Logement,MAMH — Données Québec (rôle d'évaluation foncière),https://donneesouvertes.affmunqc.net/role/RL58007_2026.xml,,,,
"1735, Socrate",,Brossard,,,543.5,1980,287000,490600,777600,2025,Logement,MAMH — Données Québec (rôle d'évaluation foncière),https://donneesouvertes.affmunqc.net/role/RL58007_2026.xml,,,,
"1545, Samson",,Brossard,,,535.1,1977,284700,386600,671300,2025,Logement,MAMH — Données Québec (rôle d'évaluation foncière),https://donneesouvertes.affmunqc.net/role/RL58007_2026.xml,,,,
"1355, Samson",,Brossard,,,468.2,1977,257500,570300,827800,2025,Logement,MAMH — Données Québec (rôle d'évaluation foncière),https://donneesouvertes.affmunqc.net/role/RL58007_2026.xml,,,,
"1550, Samson",,Brossard,,,521.6,1976,280900,609300,890200,2025,Logement,MAMH — Données Québec (rôle d'évaluation foncière),https://donneesouvertes.affmunqc.net/role/RL58007_2026.xml,,,,
"1745, Socrate",,Brossard,,,543.5,1980,287000,523100,810100,2025,Logement,MAMH — Données Québec (rôle d'évaluation foncière),https://donneesouvertes.affmunqc.net/role/RL58007_2026.xml,,,,
"1555, Samson",,Brossard,,,615.6,1982,306800,471300,778100,2025,Logement,MAMH — Données Québec (rôle d'évaluation foncière),https://donneesouvertes.affmunqc.net/role/RL58007_2026.xml,,,,
"1345, Samson",,Brossard,,,535.5,1975,284800,494500,779300,2025,Logement,MAMH — Données Québec (rôle d'évaluation foncière),https://donneesouvertes.affmunqc.net/role/RL58007_2026.xml,,,,
"1400, Samson",,Brossard,,,615.7,1976,306800,507400,814200,2025,Logement,MAMH — Données Québec (rôle d'évaluation foncière),https://donneesouvertes.affmunqc.net/role/RL58007_2026.xml,,,,
"1390, Samson",,Brossard,,,610.6,1976,305400,473500,778900,2025,Logement,MAMH — Données Québec (rôle d'évaluation foncière),https://donneesouvertes.affmunqc.net/role/RL58007_2026.xml,,,,
"1375, Samson",,Brossard,,,936.5,1978,395000,564000,959000,2025,Logement,MAMH — Données Québec (rôle d'évaluation foncière),https://donneesouvertes.affmunqc.net/role/RL58007_2026.xml,,,,
"1380, Samson",,Brossard,,,613.2,1977,306100,422100,728200,2025,Logement,MAMH — Données Québec (rôle d'évaluation foncière),https://donneesouvertes.affmunqc.net/role/RL58007_2026.xml,,,,
"1370, Samson",,Brossard,,,613.2,1977,306100,467500,773600,2025,Logement,MAMH — Données Québec (rôle d'évaluation foncière),https://donneesouvertes.affmunqc.net/role/RL58007_2026.xml,,,,
"1360, Samson",,Brossard,,,613.2,1977,306100,320500,626600,2025,Logement,MAMH — Données Québec (rôle d'évaluation foncière),https://donneesouvertes.affmunqc.net/role/RL58007_2026.xml,,,,
"7775, Trinidad",,Brossard,,,459.9,1973,252900,318700,571600,2025,Logement,MAMH — Données Québec (rôle d'évaluation foncière),https://donneesouvertes.affmunqc.net/role/RL58007_2026.xml,,,,
"1650, Rome",,Brossard,,,663.1,1977,319900,581100,901000,2025,Logement,MAMH — Données Québec (rôle d'évaluation foncière),https://donneesouvertes.affmunqc.net/role/RL58007_2026.xml,,,,
"7785, Trinidad",,Brossard,,,459.9,1973,252900,327800,580700,2025,Logement,MAMH — Données Québec (rôle d'évaluation foncière),https://donneesouvertes.affmunqc.net/role/RL58007_2026.xml,,,,
"1656, Rome",,Brossard,,,663.7,1978,320000,443900,763900,2025,Logement,MAMH — Données Québec (rôle d'évaluation foncière),https://donneesouvertes.affmunqc.net/role/RL58007_2026.xml,,,,
"7795, Trinidad",,Brossard,,,459.9,1973,252900,283700,536600,2025,Logement,MAMH — Données Québec (rôle d'évaluation foncière),https://donneesouvertes.affmunqc.net/role/RL58007_2026.xml,,,,
"1660, Rome",,Brossard,,,664.3,1978,320200,456500,776700,2025,Logement,MAMH — Données Québec (rôle d'évaluation foncière),https://donneesouvertes.affmunqc.net/role/RL58007_2026.xml,,,,
"7805, Trinidad",,Brossard,,,459.9,1973,252900,322000,574900,2025,Logement,MAMH — Données Québec (rôle d'évaluation foncière),https://donneesouvertes.affmunqc.net/role/RL58007_2026.xml,,,,
"1666, Rome",,Brossard,,,664.9,1978,320300,442000,762300,2025,Logement,MAMH — Données Québec (rôle d'évaluation foncière),https://donneesouvertes.affmunqc.net/role/RL58007_2026.xml,,,,
"7815, Trinidad",,Brossard,,,459.9,1972,252900,296900,549800,2025,Logement,MAMH — Données Québec (rôle d'évaluation foncière),https://donneesouvertes.affmunqc.net/role/RL58007_2026.xml,,,,
"1670, Rome",,Brossard,,,665.5,1977,320500,352300,672800,2025,Logement,MAMH — Données Québec (rôle d'évaluation foncière),https://donneesouvertes.affmunqc.net/role/RL58007_2026.xml,,,,
"7820, Trinidad",,Brossard,,,459.9,1972,252900,310600,563500,2025,Logement,MAMH — Données Québec (rôle d'évaluation foncière),https://donneesouvertes.affmunqc.net/role/RL58007_2026.xml,,,,
"7825, Trinidad",,Brossard,,,459.9,1972,252900,299500,552400,2025,Logement,MAMH — Données Québec (rôle d'évaluation foncière),https://donneesouvertes.affmunqc.net/role/RL58007_2026.xml,,,,
"7830, Trinidad",,Brossard,,,459.9,1972,252900,246300,499200,2025,Logement,MAMH — Données Québec (rôle d'évaluation foncière),https://donneesouvertes.affmunqc.net/role/RL58007_2026.xml,,,,
"1676, Rome",,Brossard,,,665.9,1978,320600,569000,889600,2025,Logement,MAMH — Données Québec (rôle d'évaluation foncière),https://donneesouvertes.affmunqc.net/role/RL58007_2026.xml,,,,
"7770, Trinidad",,Brossard,,,538.7,1972,285600,362500,648100,2025,Logement,MAMH — Données Québec (rôle d'évaluation foncière),https://donneesouvertes.affmunqc.net/role/RL58007_2026.xml,,,,
"7720, Tyrol",,Brossard,,,524.6,1973,281800,596900,878700,2025,Logement,MAMH — Données Québec (rôle d'évaluation foncière),https://donneesouvertes.affmunqc.net/role/RL58007_2026.xml,,,,
"7710, Tyrol",,Brossard,,,524.6,1973,281800,402200,684000,2025,Logement,MAMH — Données Québec (rôle d'évaluation foncière),https://donneesouvertes.affmunqc.net/role/RL58007_2026.xml,,,,
"7700, Tyrol",,Brossard,,,524.6,1972,281800,420500,702300,2025,Logement,MAMH — Données Québec (rôle d'évaluation foncière),https://donneesouvertes.affmunqc.net/role/RL58007_2026.xml,,,,
"7730, Tyrol",,Brossard,,,511.9,1972,278300,332900,611200,2025,Logement,MAMH — Données Québec (rôle d'évaluation foncière),https://donneesouvertes.affmunqc.net/role/RL58007_2026.xml,,,,
"7690, Tyrol",,Brossard,,,524.6,1973,281800,368000,649800,2025,Logement,MAMH — Données Québec (rôle d'évaluation foncière),https://donneesouvertes.affmunqc.net/role/RL58007_2026.xml,,,,
"7780, Trinidad",,Brossard,,,583,1971,297800,244800,542600,2025,Logement,MAMH — Données Québec (rôle d'évaluation foncière),https://donneesouvertes.affmunqc.net/role/RL58007_2026.xml,,,,
"7810, Trinidad",,Brossard,,,530.6,1971,283400,376800,660200,2025,Logement,MAMH — Données Québec (rôle d'évaluation foncière),https://donneesouvertes.affmunqc.net/role/RL58007_2026.xml,,,,
"7725, Tyrol",,Brossard,,,468.2,1972,257500,335700,593200,2025,Logement,MAMH — Données Québec (rôle d'évaluation foncière),https://donneesouvertes.affmunqc.net/role/RL58007_2026.xml,,,,
"7715, Tyrol",,Brossard,,,469.3,1972,258100,285900,544000,2025,Logement,MAMH — Données Québec (rôle d'évaluation foncière),https://donneesouvertes.affmunqc.net/role/RL58007_2026.xml,,,,
"7705, Tyrol",,Brossard,,,469.3,1972,258100,285800,543900,2025,Logement,MAMH — Données Québec (rôle d'évaluation foncière),https://donneesouvertes.affmunqc.net/role/RL58007_2026.xml,,,,
"7735, Tyrol",,Brossard,,,479.9,1972,263900,412100,676000,2025,Logement,MAMH — Données Québec (rôle d'évaluation foncière),https://donneesouvertes.affmunqc.net/role/RL58007_2026.xml,,,,
"7695, Tyrol",,Brossard,,,533.3,1972,284200,299100,583300,2025,Logement,MAMH — Données Québec (rôle d'évaluation foncière),https://donneesouvertes.affmunqc.net/role/RL58007_2026.xml,,,,
"7725, Turpin",,Brossard,,,580.4,1972,297100,369100,666200,2025,Logement,MAMH — Données Québec (rôle d'évaluation foncière),https://donneesouvertes.affmunqc.net/role/RL58007_2026.xml,,,,
"7715, Turpin",,Brossard,,,477,1969,262400,391600,654000,2025,Logement,MAMH — Données Québec (rôle d'évaluation foncière),https://donneesouvertes.affmunqc.net/role/RL58007_2026.xml,,,,
"7705, Turpin",,Brossard,,,592.7,1972,300500,340400,640900,2025,Logement,MAMH — Données Québec (rôle d'évaluation foncière),https://donneesouvertes.affmunqc.net/role/RL58007_2026.xml,,,,
"7735, Turpin",,Brossard,,,769.7,1971,349200,317300,666500,2025,Logement,MAMH — Données Québec (rôle d'évaluation foncière),https://donneesouvertes.affmunqc.net/role/RL58007_2026.xml,,,,
"7645, Trinidad",,Brossard,,,510.8,1973,278000,314600,592600,2025,Logement,MAMH — Données Québec (rôle d'évaluation foncière),https://donneesouvertes.affmunqc.net/role/RL58007_2026.xml,,,,
"7635, Trinidad",,Brossard,,,515.41,1972,279200,313600,592800,2025,Logement,MAMH — Données Québec (rôle d'évaluation foncière),https://donneesouvertes.affmunqc.net/role/RL58007_2026.xml,,,,
"7625, Trinidad",,Brossard,,,523.5,1972,281500,448500,730000,2025,Logement,MAMH — Données Québec (rôle d'évaluation foncière),https://donneesouvertes.affmunqc.net/role/RL58007_2026.xml,,,,
"7680, Tyrol",,Brossard,,,524.6,1972,281800,360300,642100,2025,Logement,MAMH — Données Québec (rôle d'évaluation foncière),https://donneesouvertes.affmunqc.net/role/RL58007_2026.xml,,,,
"7670, Tyrol",,Brossard,,,524.6,1971,281800,290300,572100,2025,Logement,MAMH — Données Québec (rôle d'évaluation foncière),https://donneesouvertes.affmunqc.net/role/RL58007_2026.xml,,,,
"7660, Tyrol",,Brossard,,,524.6,1972,281800,272200,554000,2025,Logement,MAMH — Données Québec (rôle d'évaluation foncière),https://donneesouvertes.affmunqc.net/role/RL58007_2026.xml,,,,
"7650, Tyrol",,Brossard,,,529.6,1973,283100,484000,767100,2025,Logement,MAMH — Données Québec (rôle d'évaluation foncière),https://donneesouvertes.affmunqc.net/role/RL58007_2026.xml,,,,
"7640, Tyrol",,Brossard,,,529.6,1972,283100,320800,603900,2025,Logement,MAMH — Données Québec (rôle d'évaluation foncière),https://donneesouvertes.affmunqc.net/role/RL58007_2026.xml,,,,
"7630, Tyrol",,Brossard,,,524.6,1971,281800,355000,636800,2025,Logement,MAMH — Données Québec (rôle d'évaluation foncière),https://donneesouvertes.affmunqc.net/role/RL58007_2026.xml,,,,
"7665, Tyrol",,Brossard,,,569.9,1972,294200,309800,604000,2025,Logement,MAMH — Données Québec (rôle d'évaluation foncière),https://donneesouvertes.affmunqc.net/role/RL58007_2026.xml,,,,
"7655, Tyrol",,Brossard,,,526.3,1971,282200,305800,588000,2025,Logement,MAMH — Données Québec (rôle d'évaluation foncière),https://donneesouvertes.affmunqc.net/role/RL58007_2026.xml,,,,
"7645, Tyrol",,Brossard,,,567.3,1971,293500,322600,616100,2025,Logement,MAMH — Données Québec (rôle d'évaluation foncière),https://donneesouvertes.affmunqc.net/role/RL58007_2026.xml,,,,
"7635, Tyrol",,Brossard,,,567.3,1972,293500,257600,551100,2025,Logement,MAMH — Données Québec (rôle d'évaluation foncière),https://donneesouvertes.affmunqc.net/role/RL58007_2026.xml,,,,
"7600, Trinidad",,Brossard,,,532.8,1972,284000,325100,609100,2025,Logement,MAMH — Données Québec (rôle d'évaluation foncière),https://donneesouvertes.affmunqc.net/role/RL58007_2026.xml,,,,
"7590, Trinidad",,Brossard,,,532.8,1972,284000,241200,525200,2025,Logement,MAMH — Données Québec (rôle d'évaluation foncière),https://donneesouvertes.affmunqc.net/role/RL58007_2026.xml,,,,
"7580, Trinidad",,Brossard,,,566.7,1969,293300,243200,536500,2025,Logement,MAMH — Données Québec (rôle d'évaluation foncière),https://donneesouvertes.affmunqc.net/role/RL58007_2026.xml,,,,
"7615, Trinidad",,Brossard,,,517,1973,279700,402000,681700,2025,Logement,MAMH — Données Québec (rôle d'évaluation foncière),https://donneesouvertes.affmunqc.net/role/RL58007_2026.xml,,,,
"7570, Trinidad",,Brossard,,,566.7,1969,293300,362800,656100,2025,Logement,MAMH — Données Québec (rôle d'évaluation foncière),https://donneesouvertes.affmunqc.net/role/RL58007_2026.xml,,,,
"7605, Trinidad",,Brossard,,,517,1972,279700,388600,668300,2025,Logement,MAMH — Données Québec (rôle d'évaluation foncière),https://donneesouvertes.affmunqc.net/role/RL58007_2026.xml,,,,
"7595, Trinidad",,Brossard,,,567.3,1972,293500,317100,610600,2025,Logement,MAMH — Données Québec (rôle d'évaluation foncière),https://donneesouvertes.affmunqc.net/role/RL58007_2026.xml,,,,
"7585, Trinidad",,Brossard,,,567.3,1969,293500,334900,628400,2025,Logement,MAMH — Données Québec (rôle d'évaluation foncière),https://donneesouvertes.affmunqc.net/role/RL58007_2026.xml,,,,
"7620, Tyrol",,Brossard,,,567.3,1972,293500,293000,586500,2025,Logement,MAMH — Données Québec (rôle d'évaluation foncière),https://donneesouvertes.affmunqc.net/role/RL58007_2026.xml,,,,
"7575, Trinidad",,Brossard,,,569.4,1972,294100,308000,602100,2025,Logement,MAMH — Données Québec (rôle d'évaluation foncière),https://donneesouvertes.affmunqc.net/role/RL58007_2026.xml,,,,
"7610, Tyrol",,Brossard,,,567.3,1969,293500,376700,670200,2025,Logement,MAMH — Données Québec (rôle d'évaluation foncière),https://donneesouvertes.affmunqc.net/role/RL58007_2026.xml,,,,
"7565, Trinidad",,Brossard,,,558,1968,291000,332300,623300,2025,Logement,MAMH — Données Québec (rôle d'évaluation foncière),https://donneesouvertes.affmunqc.net/role/RL58007_2026.xml,,,,
"7600, Tyrol",,Brossard,,,567.3,1972,293500,215300,508800,2025,Logement,MAMH — Données Québec (rôle d'évaluation foncière),https://donneesouvertes.affmunqc.net/role/RL58007_2026.xml,,,,
"7555, Trinidad",,Brossard,,,558,1968,291000,330000,621000,2025,Logement,MAMH — Données Québec (rôle d'évaluation foncière),https://donneesouvertes.affmunqc.net/role/RL58007_2026.xml,,,,
"7590, Tyrol",,Brossard,,,567.3,1972,293500,407700,701200,2025,Logement,MAMH — Données Québec (rôle d'évaluation foncière),https://donneesouvertes.affmunqc.net/role/RL58007_2026.xml,,,,
"7335, Pelletier",,Brossard,,,626.8,1979,309900,454900,764800,2025,Logement,MAMH — Données Québec (rôle d'évaluation foncière),https://donneesouvertes.affmunqc.net/role/RL58007_2026.xml,,,,
"7325, Pelletier",,Brossard,,,670,1978,321800,410300,732100,2025,Logement,MAMH — Données Québec (rôle d'évaluation foncière),https://donneesouvertes.affmunqc.net/role/RL58007_2026.xml,,,,
"7315, Pelletier",,Brossard,,,625.3,1978,309500,391400,700900,2025,Logement,MAMH — Données Québec (rôle d'évaluation foncière),https://donneesouvertes.affmunqc.net/role/RL58007_2026.xml,,,,
"7560, Trinidad",,Brossard,,,566.7,1972,293300,424000,717300,2025,Logement,MAMH — Données Québec (rôle d'évaluation foncière),https://donneesouvertes.affmunqc.net/role/RL58007_2026.xml,,,,
"7305, Pelletier",,Brossard,,,647.7,1978,315600,412500,728100,2025,Logement,MAMH — Données Québec (rôle d'évaluation foncière),https://donneesouvertes.affmunqc.net/role/RL58007_2026.xml,,,,
"7550, Trinidad",,Brossard,,,557.4,1968,290800,348000,638800,2025,Logement,MAMH — Données Québec (rôle d'évaluation foncière),https://donneesouvertes.affmunqc.net/role/RL58007_2026.xml,,,,
"7295, Pelletier",,Brossard,,,658.9,1977,318700,457800,776500,2025,Logement,MAMH — Données Québec (rôle d'évaluation foncière),https://donneesouvertes.affmunqc.net/role/RL58007_2026.xml,,,,
"7540, Trinidad",,Brossard,,,557.4,1968,290800,521600,812400,2025,Logement,MAMH — Données Québec (rôle d'évaluation foncière),https://donneesouvertes.affmunqc.net/role/RL58007_2026.xml,,,,
"7285, Pelletier",,Brossard,,,759.4,1978,346300,431700,778000,2025,Logement,MAMH — Données Québec (rôle d'évaluation foncière),https://donneesouvertes.affmunqc.net/role/RL58007_2026.xml,,,,
"7530, Trinidad",,Brossard,,,557.4,1968,290800,342200,633000,2025,Logement,MAMH — Données Québec (rôle d'évaluation foncière),https://donneesouvertes.affmunqc.net/role/RL58007_2026.xml,,,,
"7520, Trinidad",,Brossard,,,557.4,1968,290800,314600,605400,2025,Logement,MAMH — Données Québec (rôle d'évaluation foncière),https://donneesouvertes.affmunqc.net/role/RL58007_2026.xml,,,,
"7300, Pelletier",,Brossard,,,557.4,1974,290800,653000,943800,2025,Logement,MAMH — Données Québec (rôle d'évaluation foncière),https://donneesouvertes.affmunqc.net/role/RL58007_2026.xml,,,,
"7525, Thibault",,Brossard,,,443.1,1974,243700,382600,626300,2025,Logement,MAMH — Données Québec (rôle d'évaluation foncière),https://donneesouvertes.affmunqc.net/role/RL58007_2026.xml,,,,
"7290, Pelletier",,Brossard,,,557.4,1974,290800,463500,754300,2025,Logement,MAMH — Données Québec (rôle d'évaluation foncière),https://donneesouvertes.affmunqc.net/role/RL58007_2026.xml,,,,
"7515, Thibault",,Brossard,,,443.1,1974,243700,343800,587500,2025,Logement,MAMH — Données Québec (rôle d'évaluation foncière),https://donneesouvertes.affmunqc.net/role/RL58007_2026.xml,,,,
"7505, Thibault",,Brossard,,,443.1,1974,243700,420600,664300,2025,Logement,MAMH — Données Québec (rôle d'évaluation foncière),https://donneesouvertes.affmunqc.net/role/RL58007_2026.xml,,,,
"7280, Pelletier",,Brossard,,,557.4,1974,290800,532400,823200,2025,Logement,MAMH — Données Québec (rôle d'évaluation foncière),https://donneesouvertes.affmunqc.net/role/RL58007_2026.xml,,,,
"7495, Thibault",,Brossard,,,443.1,1974,243700,438100,681800,2025,Logement,MAMH — Données Québec (rôle d'évaluation foncière),https://donneesouvertes.affmunqc.net/role/RL58007_2026.xml,,,,
"7270, Pelletier",,Brossard,,,557.4,1974,290800,372100,662900,2025,Logement,MAMH — Données Québec (rôle d'évaluation foncière),https://donneesouvertes.affmunqc.net/role/RL58007_2026.xml,,,,
"7485, Thibault",,Brossard,,,443.1,1974,243700,452500,696200,2025,Logement,MAMH — Données Québec (rôle d'évaluation foncière),https://donneesouvertes.affmunqc.net/role/RL58007_2026.xml,,,,
"7260, Pelletier",,Brossard,,,557.4,1974,290800,472200,763000,2025,Logement,MAMH — Données Québec (rôle d'évaluation foncière),https://donneesouvertes.affmunqc.net/role/RL58007_2026.xml,,,,
"7250, Pelletier",,Brossard,,,557.4,1974,290800,351300,642100,2025,Logement,MAMH — Données Québec (rôle d'évaluation foncière),https://donneesouvertes.affmunqc.net/role/RL58007_2026.xml,,,,
"7240, Pelletier",,Brossard,,,557.4,1975,290800,382500,673300,2025,Logement,MAMH — Données Québec (rôle d'évaluation foncière),https://donneesouvertes.affmunqc.net/role/RL58007_2026.xml,,,,
"7275, Pelletier",,Brossard,,,647.7,1977,315600,382600,698200,2025,Logement,MAMH — Données Québec (rôle d'évaluation foncière),https://donneesouvertes.affmunqc.net/role/RL58007_2026.xml,,,,
"7230, Pelletier",,Brossard,,,557.4,1974,290800,462800,753600,2025,Logement,MAMH — Données Québec (rôle d'évaluation foncière),https://donneesouvertes.affmunqc.net/role/RL58007_2026.xml,,,,
"7265, Pelletier",,Brossard,,,647.7,1978,315600,547600,863200,2025,Logement,MAMH — Données Québec (rôle d'évaluation foncière),https://donneesouvertes.affmunqc.net/role/RL58007_2026.xml,,,,
"7500, Thibault",,Brossard,,,490.2,1974,269600,381800,651400,2025,Logement,MAMH — Données Québec (rôle d'évaluation foncière),https://donneesouvertes.affmunqc.net/role/RL58007_2026.xml,,,,
"7475, Turner",,Brossard,,,474.5,1974,261000,464300,725300,2025,Logement,MAMH — Données Québec (rôle d'évaluation foncière),https://donneesouvertes.affmunqc.net/role/RL58007_2026.xml,,,,
"7490, Thibault",,Brossard,,,434.8,1972,239100,286600,525700,2025,Logement,MAMH — Données Québec (rôle d'évaluation foncière),https://donneesouvertes.affmunqc.net/role/RL58007_2026.xml,,,,
"7465, Turner",,Brossard,,,474.6,1981,261000,481000,742000,2025,Logement,MAMH — Données Québec (rôle d'évaluation foncière),https://donneesouvertes.affmunqc.net/role/RL58007_2026.xml,,,,
"7480, Thibault",,Brossard,,,434.77,1974,239100,428600,667700,2025,Logement,MAMH — Données Québec (rôle d'évaluation foncière),https://donneesouvertes.affmunqc.net/role/RL58007_2026.xml,,,,
"7455, Turner",,Brossard,,,474.6,1974,261000,442300,703300,2025,Logement,MAMH — Données Québec (rôle d'évaluation foncière),https://donneesouvertes.affmunqc.net/role/RL58007_2026.xml,,,,
"7470, Thibault",,Brossard,,,434.8,1974,239100,246500,485600,2025,Logement,MAMH — Données Québec (rôle d'évaluation foncière),https://donneesouvertes.affmunqc.net/role/RL58007_2026.xml,,,,
"7445, Turner",,Brossard,,,451.5,1975,248300,317600,565900,2025,Logement,MAMH — Données Québec (rôle d'évaluation foncière),https://donneesouvertes.affmunqc.net/role/RL58007_2026.xml,,,,
"7460, Thibault",,Brossard,,,434.8,1974,239100,336500,575600,2025,Logement,MAMH — Données Québec (rôle d'évaluation foncière),https://donneesouvertes.affmunqc.net/role/RL58007_2026.xml,,,,
"7450, Thibault",,Brossard,,,434.8,1974,239100,364500,603600,2025,Logement,MAMH — Données Québec (rôle d'évaluation foncière),https://donneesouvertes.affmunqc.net/role/RL58007_2026.xml,,,,
"7475, Thibault",,Brossard,,,443.1,1974,243700,419100,662800,2025,Logement,MAMH — Données Québec (rôle d'évaluation foncière),https://donneesouvertes.affmunqc.net/role/RL58007_2026.xml,,,,
"7440, Thibault",,Brossard,,,434.77,1974,239100,299200,538300,2025,Logement,MAMH — Données Québec (rôle d'évaluation foncière),https://donneesouvertes.affmunqc.net/role/RL58007_2026.xml,,,,
"7465, Thibault",,Brossard,,,443.13,1974,243700,375200,618900,2025,Logement,MAMH — Données Québec (rôle d'évaluation foncière),https://donneesouvertes.affmunqc.net/role/RL58007_2026.xml,,,,
"7430, Thibault",,Brossard,,,438.7,1974,241300,364300,605600,2025,Logement,MAMH — Données Québec (rôle d'évaluation foncière),https://donneesouvertes.affmunqc.net/role/RL58007_2026.xml,,,,
"7455, Thibault",,Brossard,,,443.17,1974,243700,386800,630500,2025,Logement,MAMH — Données Québec (rôle d'évaluation foncière),https://donneesouvertes.affmunqc.net/role/RL58007_2026.xml,,,,
"7445, Thibault",,Brossard,,,443.1,1974,243700,312500,556200,2025,Logement,MAMH — Données Québec (rôle d'évaluation foncière),https://donneesouvertes.affmunqc.net/role/RL58007_2026.xml,,,,
"7450, Turner",,Brossard,,,501.7,1979,275500,501300,776800,2025,Logement,MAMH — Données Québec (rôle d'évaluation foncière),https://donneesouvertes.affmunqc.net/role/RL58007_2026.xml,,,,
"7330, Turner",,Brossard,,,1855.9,1980,540000,2196300,2736300,2025,Logement,MAMH — Données Québec (rôle d'évaluation foncière),https://donneesouvertes.affmunqc.net/role/RL58007_2026.xml,,,,
"7440, Turner",,Brossard,,,501.7,1979,275500,282500,558000,2025,Logement,MAMH — Données Québec (rôle d'évaluation foncière),https://donneesouvertes.affmunqc.net/role/RL58007_2026.xml,,,,
"7430, Turner",,Brossard,,,534.4,1979,284500,426400,710900,2025,Logement,MAMH — Données Québec (rôle d'évaluation foncière),https://donneesouvertes.affmunqc.net/role/RL58007_2026.xml,,,,
"7420, Turner",,Brossard,,,544.7,1979,287300,397600,684900,2025,Logement,MAMH — Données Québec (rôle d'évaluation foncière),https://donneesouvertes.affmunqc.net/role/RL58007_2026.xml,,,,
"7435, Turner",,Brossard,,,495,1979,272300,310200,582500,2025,Logement,MAMH — Données Québec (rôle d'évaluation foncière),https://donneesouvertes.affmunqc.net/role/RL58007_2026.xml,,,,
"7410, Turner",,Brossard,,,528.5,1979,282800,362900,645700,2025,Logement,MAMH — Données Québec (rôle d'évaluation foncière),https://donneesouvertes.affmunqc.net/role/RL58007_2026.xml,,,,
"7380, Turner",,Brossard,,,634.4,1980,312000,373200,685200,2025,Logement,MAMH — Données Québec (rôle d'évaluation foncière),https://donneesouvertes.affmunqc.net/role/RL58007_2026.xml,,,,
"7425, Turner",,Brossard,,,504.2,1979,276200,358300,634500,2025,Logement,MAMH — Données Québec (rôle d'évaluation foncière),https://donneesouvertes.affmunqc.net/role/RL58007_2026.xml,,,,
"7415, Turner",,Brossard,,,504.2,1979,276200,278100,554300,2025,Logement,MAMH — Données Québec (rôle d'évaluation foncière),https://donneesouvertes.affmunqc.net/role/RL58007_2026.xml,,,,
"7420, Thibault",,Brossard,,,449.6,,247300,,247300,2025,Terrain vacant,MAMH — Données Québec (rôle d'évaluation foncière),https://donneesouvertes.affmunqc.net/role/RL58007_2026.xml,,,,
"7405, Turner",,Brossard,,,520.7,1979,280700,338900,619600,2025,Logement,MAMH — Données Québec (rôle d'évaluation foncière),https://donneesouvertes.affmunqc.net/role/RL58007_2026.xml,,,,
"7410, Thibault",,Brossard,,,509.3,1979,277600,363500,641100,2025,Logement,MAMH — Données Québec (rôle d'évaluation foncière),https://donneesouvertes.affmunqc.net/role/RL58007_2026.xml,,,,
"7395, Turner",,Brossard,,,536.6,1979,285100,317400,602500,2025,Logement,MAMH — Données Québec (rôle d'évaluation foncière),https://donneesouvertes.affmunqc.net/role/RL58007_2026.xml,,,,
"1570, Samson",,Brossard,,,972,1976,404800,728300,1133100,2025,Logement,MAMH — Données Québec (rôle d'évaluation foncière),https://donneesouvertes.affmunqc.net/role/RL58007_2026.xml,,,,
"1300, Samson",,Brossard,,,536.5,1976,285000,443100,728100,2025,Logement,MAMH — Données Québec (rôle d'évaluation foncière),https://donneesouvertes.affmunqc.net/role/RL58007_2026.xml,,,,
"1310, Samson",,Brossard,,,493.3,1976,271300,464500,735800,2025,Logement,MAMH — Données Québec (rôle d'évaluation foncière),https://donneesouvertes.affmunqc.net/role/RL58007_2026.xml,,,,
"1580, Samson",,Brossard,,,491,1976,270100,470600,740700,2025,Logement,MAMH — Données Québec (rôle d'évaluation foncière),https://donneesouvertes.affmunqc.net/role/RL58007_2026.xml,,,,
"7840, Sartre",,Brossard,,,578.6,1976,296600,435800,732400,2025,Logement,MAMH — Données Québec (rôle d'évaluation foncière),https://donneesouvertes.affmunqc.net/role/RL58007_2026.xml,,,,
"7830, Sartre",,Brossard,,,521.7,1976,281000,475400,756400,2025,Logement,MAMH — Données Québec (rôle d'évaluation foncière),https://donneesouvertes.affmunqc.net/role/RL58007_2026.xml,,,,
"1600, Samson",,Brossard,,,1034.3,1978,417600,879900,1297500,2025,Logement,MAMH — Données Québec (rôle d'évaluation foncière),https://donneesouvertes.affmunqc.net/role/RL58007_2026.xml,,,,
"7900, Sartre",,Brossard,,,591.9,1976,300300,604800,905100,2025,Logement,MAMH — Données Québec (rôle d'évaluation foncière),https://donneesouvertes.affmunqc.net/role/RL58007_2026.xml,,,,
"1350, Samson",,Brossard,,,613.2,1977,306100,373100,679200,2025,Logement,MAMH — Données Québec (rôle d'évaluation foncière),https://donneesouvertes.affmunqc.net/role/RL58007_2026.xml,,,,
"1340, Samson",,Brossard,,,602.7,1977,303200,414100,717300,2025,Logement,MAMH — Données Québec (rôle d'évaluation foncière),https://donneesouvertes.affmunqc.net/role/RL58007_2026.xml,,,,
"1320, Samson",,Brossard,,,521.6,1976,280900,554700,835600,2025,Logement,MAMH — Données Québec (rôle d'évaluation foncière),https://donneesouvertes.affmunqc.net/role/RL58007_2026.xml,,,,
"1330, Samson",,Brossard,,,1061.6,1976,421700,660900,1082600,2025,Logement,MAMH — Données Québec (rôle d'évaluation foncière),https://donneesouvertes.affmunqc.net/role/RL58007_2026.xml,,,,
"7820, Sartre",,Brossard,,,514.2,1976,278900,603400,882300,2025,Logement,MAMH — Données Québec (rôle d'évaluation foncière),https://donneesouvertes.affmunqc.net/role/RL58007_2026.xml,,,,
"7810, Sartre",,Brossard,,,472.4,1975,259800,544300,804100,2025,Logement,MAMH — Données Québec (rôle d'évaluation foncière),https://donneesouvertes.affmunqc.net/role/RL58007_2026.xml,,,,
"7800, Sartre",,Brossard,,,577.3,1977,296300,588700,885000,2025,Logement,MAMH — Données Québec (rôle d'évaluation foncière),https://donneesouvertes.affmunqc.net/role/RL58007_2026.xml,,,,
"7835, Trinidad",,Brossard,,,459.9,1972,252900,347600,600500,2025,Logement,MAMH — Données Québec (rôle d'évaluation foncière),https://donneesouvertes.affmunqc.net/role/RL58007_2026.xml,,,,
"7840, Trinidad",,Brossard,,,459.9,1971,252900,255200,508100,2025,Logement,MAMH — Données Québec (rôle d'évaluation foncière),https://donneesouvertes.affmunqc.net/role/RL58007_2026.xml,,,,
"1680, Rome",,Brossard,,,666.5,1977,320800,389700,710500,2025,Logement,MAMH — Données Québec (rôle d'évaluation foncière),https://donneesouvertes.affmunqc.net/role/RL58007_2026.xml,,,,
"7845, Trinidad",,Brossard,,,459.9,1972,252900,298000,550900,2025,Logement,MAMH — Données Québec (rôle d'évaluation foncière),https://donneesouvertes.affmunqc.net/role/RL58007_2026.xml,,,,
"7850, Trinidad",,Brossard,,,459.9,1972,252900,375000,627900,2025,Logement,MAMH — Données Québec (rôle d'évaluation foncière),https://donneesouvertes.affmunqc.net/role/RL58007_2026.xml,,,,
"1686, Rome",,Brossard,,,667.1,1978,321000,594700,915700,2025,Logement,MAMH — Données Québec (rôle d'évaluation foncière),https://donneesouvertes.affmunqc.net/role/RL58007_2026.xml,,,,
"7855, Trinidad",,Brossard,,,459.9,1972,252900,346400,599300,2025,Logement,MAMH — Données Québec (rôle d'évaluation foncière),https://donneesouvertes.affmunqc.net/role/RL58007_2026.xml,,,,
"7860, Trinidad",,Brossard,,,542.6,1972,286700,385000,671700,2025,Logement,MAMH — Données Québec (rôle d'évaluation foncière),https://donneesouvertes.affmunqc.net/role/RL58007_2026.xml,,,,
"1690, Rome",,Brossard,,,667.7,1978,321100,652200,973300,2025,Logement,MAMH — Données Québec (rôle d'évaluation foncière),https://donneesouvertes.affmunqc.net/role/RL58007_2026.xml,,,,
"7865, Trinidad",,Brossard,,,458.7,1972,252300,430700,683000,2025,Logement,MAMH — Données Québec (rôle d'évaluation foncière),https://donneesouvertes.affmunqc.net/role/RL58007_2026.xml,,,,
"1696, Rome",,Brossard,,,770.4,1978,349400,471000,820400,2025,Logement,MAMH — Données Québec (rôle d'évaluation foncière),https://donneesouvertes.affmunqc.net/role/RL58007_2026.xml,,,,
"1600, Trépanier",,Brossard,,,535.5,1972,284800,313800,598600,2025,Logement,MAMH — Données Québec (rôle d'évaluation foncière),https://donneesouvertes.affmunqc.net/role/RL58007_2026.xml,,,,
"7875, Trinidad",,Brossard,,,531.1,1972,283600,275400,559000,2025,Logement,MAMH — Données Québec (rôle d'évaluation foncière),https://donneesouvertes.affmunqc.net/role/RL58007_2026.xml,,,,
"7740, Turpin",,Brossard,,,622.9,1971,308800,392900,701700,2025,Logement,MAMH — Données Québec (rôle d'évaluation foncière),https://donneesouvertes.affmunqc.net/role/RL58007_2026.xml,,,,
"7700, Turpin",,Brossard,,,598.5,1971,302100,257800,559900,2025,Logement,MAMH — Données Québec (rôle d'évaluation foncière),https://donneesouvertes.affmunqc.net/role/RL58007_2026.xml,,,,
"7730, Turpin",,Brossard,,,738.2,1972,340500,268300,608800,2025,Logement,MAMH — Données Québec (rôle d'évaluation foncière),https://donneesouvertes.affmunqc.net/role/RL58007_2026.xml,,,,
"7720, Turpin",,Brossard,,,576.9,1972,296100,451700,747800,2025,Logement,MAMH — Données Québec (rôle d'évaluation foncière),https://donneesouvertes.affmunqc.net/role/RL58007_2026.xml,,,,
"7710, Turpin",,Brossard,,,561.5,1971,291900,278400,570300,2025,Logement,MAMH — Données Québec (rôle d'évaluation foncière),https://donneesouvertes.affmunqc.net/role/RL58007_2026.xml,,,,
"1610, Trépanier",,Brossard,,,919.8,1972,390400,391200,781600,2025,Logement,MAMH — Données Québec (rôle d'évaluation foncière),https://donneesouvertes.affmunqc.net/role/RL58007_2026.xml,,,,
"1630, Trépanier",,Brossard,,,459.9,1972,252900,377200,630100,2025,Logement,MAMH — Données Québec (rôle d'évaluation foncière),https://donneesouvertes.affmunqc.net/role/RL58007_2026.xml,,,,
"1640, Trépanier",,Brossard,,,530.1,1971,283300,264600,547900,2025,Logement,MAMH — Données Québec (rôle d'évaluation foncière),https://donneesouvertes.affmunqc.net/role/RL58007_2026.xml,,,,
"1650, Trépanier",,Brossard,,,617.8,1971,307400,230300,537700,2025,Logement,MAMH — Données Québec (rôle d'évaluation foncière),https://donneesouvertes.affmunqc.net/role/RL58007_2026.xml,,,,
"1660, Trépanier",,Brossard,,,597.8,1971,301900,331000,632900,2025,Logement,MAMH — Données Québec (rôle d'évaluation foncière),https://donneesouvertes.affmunqc.net/role/RL58007_2026.xml,,,,
"7670, Turpin",,Brossard,,,637.11,1971,312700,383300,696000,2025,Logement,MAMH — Données Québec (rôle d'évaluation foncière),https://donneesouvertes.affmunqc.net/role/RL58007_2026.xml,,,,
"7625, Tyrol",,Brossard,,,567.3,1969,293500,286000,579500,2025,Logement,MAMH — Données Québec (rôle d'évaluation foncière),https://donneesouvertes.affmunqc.net/role/RL58007_2026.xml,,,,
"7680, Turpin",,Brossard,,,468.5,1972,257700,274200,531900,2025,Logement,MAMH — Données Québec (rôle d'évaluation foncière),https://donneesouvertes.affmunqc.net/role/RL58007_2026.xml,,,,
"7614, Trudel",,Brossard,,,778.6,1967,351600,338900,690500,2025,Logement,MAMH — Données Québec (rôle d'évaluation foncière),https://donneesouvertes.affmunqc.net/role/RL58007_2026.xml,,,,
"7622, Trudel",,Brossard,,,693.2,1967,328100,356300,684400,2025,Logement,MAMH — Données Québec (rôle d'évaluation foncière),https://donneesouvertes.affmunqc.net/role/RL58007_2026.xml,,,,
"7690, Turpin",,Brossard,,,459.9,1980,252900,328100,581000,2025,Logement,MAMH — Données Québec (rôle d'évaluation foncière),https://donneesouvertes.affmunqc.net/role/RL58007_2026.xml,,,,
"7606, Trudel",,Brossard,,,605.4,1968,304000,351200,655200,2025,Logement,MAMH — Données Québec (rôle d'évaluation foncière),https://donneesouvertes.affmunqc.net/role/RL58007_2026.xml,,,,
"7630, Trudel",,Brossard,,,752.5,1967,344400,275000,619400,2025,Logement,MAMH — Données Québec (rôle d'évaluation foncière),https://donneesouvertes.affmunqc.net/role/RL58007_2026.xml,,,,
"7598, Trudel",,Brossard,,,589.6,1968,299600,434100,733700,2025,Logement,MAMH — Données Québec (rôle d'évaluation foncière),https://donneesouvertes.affmunqc.net/role/RL58007_2026.xml,,,,
"7638, Trudel",,Brossard,,,916.7,1972,389600,388700,778300,2025,Logement,MAMH — Données Québec (rôle d'évaluation foncière),https://donneesouvertes.affmunqc.net/role/RL58007_2026.xml,,,,
"7670, Trudel",,Brossard,,,643,1967,314300,462400,776700,2025,Logement,MAMH — Données Québec (rôle d'évaluation foncière),https://donneesouvertes.affmunqc.net/role/RL58007_2026.xml,,,,
"7646, Trudel",,Brossard,,,755,1971,345100,283800,628900,2025,Logement,MAMH — Données Québec (rôle d'évaluation foncière),https://donneesouvertes.affmunqc.net/role/RL58007_2026.xml,,,,
"7580, Tyrol",,Brossard,,,558,1967,291000,411000,702000,2025,Logement,MAMH — Données Québec (rôle d'évaluation foncière),https://donneesouvertes.affmunqc.net/role/RL58007_2026.xml,,,,
"7615, Tyrol",,Brossard,,,567.3,1969,293500,293600,587100,2025,Logement,MAMH — Données Québec (rôle d'évaluation foncière),https://donneesouvertes.affmunqc.net/role/RL58007_2026.xml,,,,
"7570, Tyrol",,Brossard,,,585.8,1967,298600,449000,747600,2025,Logement,MAMH — Données Québec (rôle d'évaluation foncière),https://donneesouvertes.affmunqc.net/role/RL58007_2026.xml,,,,
"7605, Tyrol",,Brossard,,,567.3,1968,293500,293100,586600,2025,Logement,MAMH — Données Québec (rôle d'évaluation foncière),https://donneesouvertes.affmunqc.net/role/RL58007_2026.xml,,,,
"7595, Tyrol",,Brossard,,,558,1968,291000,394100,685100,2025,Logement,MAMH — Données Québec (rôle d'évaluation foncière),https://donneesouvertes.affmunqc.net/role/RL58007_2026.xml,,,,
"7585, Tyrol",,Brossard,,,643,1969,314300,321400,635700,2025,Logement,MAMH — Données Québec (rôle d'évaluation foncière),https://donneesouvertes.affmunqc.net/role/RL58007_2026.xml,,,,
"7592, Trudel",,Brossard,,,558,1971,291000,338900,629900,2025,Logement,MAMH — Données Québec (rôle d'évaluation foncière),https://donneesouvertes.affmunqc.net/role/RL58007_2026.xml,,,,
"7540, Tyrol",,Brossard,,,567.3,2022,293500,1224900,1518400,2025,Logement,MAMH — Données Québec (rôle d'évaluation foncière),https://donneesouvertes.affmunqc.net/role/RL58007_2026.xml,,,,
"7584, Trudel",,Brossard,,,643,1971,314300,328500,642800,2025,Logement,MAMH — Données Québec (rôle d'évaluation foncière),https://donneesouvertes.affmunqc.net/role/RL58007_2026.xml,,,,
"7530, Tyrol",,Brossard,,,558,1967,291000,271500,562500,2025,Logement,MAMH — Données Québec (rôle d'évaluation foncière),https://donneesouvertes.affmunqc.net/role/RL58007_2026.xml,,,,
"7545, Trinidad",,Brossard,,,558,1967,291000,329500,620500,2025,Logement,MAMH — Données Québec (rôle d'évaluation foncière),https://donneesouvertes.affmunqc.net/role/RL58007_2026.xml,,,,
"7510, Trinidad",,Brossard,,,557.4,1967,290800,237600,528400,2025,Logement,MAMH — Données Québec (rôle d'évaluation foncière),https://donneesouvertes.affmunqc.net/role/RL58007_2026.xml,,,,
"7535, Trinidad",,Brossard,,,558,1967,291000,422600,713600,2025,Logement,MAMH — Données Québec (rôle d'évaluation foncière),https://donneesouvertes.affmunqc.net/role/RL58007_2026.xml,,,,
"7500, Trinidad",,Brossard,,,585.3,1968,298500,362600,661100,2025,Logement,MAMH — Données Québec (rôle d'évaluation foncière),https://donneesouvertes.affmunqc.net/role/RL58007_2026.xml,,,,
"7525, Trinidad",,Brossard,,,558,1967,291000,322100,613100,2025,Logement,MAMH — Données Québec (rôle d'évaluation foncière),https://donneesouvertes.affmunqc.net/role/RL58007_2026.xml,,,,
"7560, Tyrol",,Brossard,,,809.6,1972,360100,562600,922700,2025,Logement,MAMH — Données Québec (rôle d'évaluation foncière),https://donneesouvertes.affmunqc.net/role/RL58007_2026.xml,,,,
"7475, Trinidad",,Brossard,,,643,1967,314300,436500,750800,2025,Logement,MAMH — Données Québec (rôle d'évaluation foncière),https://donneesouvertes.affmunqc.net/role/RL58007_2026.xml,,,,
"7465, Trinidad",,Brossard,,,545.3,1967,287500,335000,622500,2025,Logement,MAMH — Données Québec (rôle d'évaluation foncière),https://donneesouvertes.affmunqc.net/role/RL58007_2026.xml,,,,
"7550, Tyrol",,Brossard,,,792.8,1968,355500,291100,646600,2025,Logement,MAMH — Données Québec (rôle d'évaluation foncière),https://donneesouvertes.affmunqc.net/role/RL58007_2026.xml,,,,
"7455, Trinidad",,Brossard,,,545.3,1968,287500,288400,575900,2025,Logement,MAMH — Données Québec (rôle d'évaluation foncière),https://donneesouvertes.affmunqc.net/role/RL58007_2026.xml,,,,
"7470, Trinidad",,Brossard,,,627.7,1967,310100,321800,631900,2025,Logement,MAMH — Données Québec (rôle d'évaluation foncière),https://donneesouvertes.affmunqc.net/role/RL58007_2026.xml,,,,
"7445, Trinidad",,Brossard,,,545.3,1967,287500,268500,556000,2025,Logement,MAMH — Données Québec (rôle d'évaluation foncière),https://donneesouvertes.affmunqc.net/role/RL58007_2026.xml,,,,
"7460, Trinidad",,Brossard,,,558,1968,291000,414200,705200,2025,Logement,MAMH — Données Québec (rôle d'évaluation foncière),https://donneesouvertes.affmunqc.net/role/RL58007_2026.xml,,,,
"7435, Trinidad",,Brossard,,,545.3,1967,287500,460500,748000,2025,Logement,MAMH — Données Québec (rôle d'évaluation foncière),https://donneesouvertes.affmunqc.net/role/RL58007_2026.xml,,,,
"7255, Pelletier",,Brossard,,,647.7,1978,315600,763600,1079200,2025,Logement,MAMH — Données Québec (rôle d'évaluation foncière),https://donneesouvertes.affmunqc.net/role/RL58007_2026.xml,,,,
"7245, Pelletier",,Brossard,,,647.7,1978,315600,484500,800100,2025,Logement,MAMH — Données Québec (rôle d'évaluation foncière),https://donneesouvertes.affmunqc.net/role/RL58007_2026.xml,,,,
"7235, Pelletier",,Brossard,,,681.2,1978,324800,420100,744900,2025,Logement,MAMH — Données Québec (rôle d'évaluation foncière),https://donneesouvertes.affmunqc.net/role/RL58007_2026.xml,,,,
"7490, Trinidad",,Brossard,,,808.7,1969,359900,305100,665000,2025,Logement,MAMH — Données Québec (rôle d'évaluation foncière),https://donneesouvertes.affmunqc.net/role/RL58007_2026.xml,,,,
"7225, Pelletier",,Brossard,,,703.6,1977,331000,452400,783400,2025,Logement,MAMH — Données Québec (rôle d'évaluation foncière),https://donneesouvertes.affmunqc.net/role/RL58007_2026.xml,,,,
"7480, Trinidad",,Brossard,,,826.7,1968,364800,329300,694100,2025,Logement,MAMH — Données Québec (rôle d'évaluation foncière),https://donneesouvertes.affmunqc.net/role/RL58007_2026.xml,,,,
"7385, Tunisie",,Brossard,,,576.6,1968,296100,334300,630400,2025,Logement,MAMH — Données Québec (rôle d'évaluation foncière),https://donneesouvertes.affmunqc.net/role/RL58007_2026.xml,,,,
"7395, Tunisie",,Brossard,,,576.6,1968,296100,350900,647000,2025,Logement,MAMH — Données Québec (rôle d'évaluation foncière),https://donneesouvertes.affmunqc.net/role/RL58007_2026.xml,,,,
"7390, Tunisie",,Brossard,,,584.9,1981,298300,424400,722700,2025,Logement,MAMH — Données Québec (rôle d'évaluation foncière),https://donneesouvertes.affmunqc.net/role/RL58007_2026.xml,,,,
"7405, Tunisie",,Brossard,,,576.6,1968,296100,322200,618300,2025,Logement,MAMH — Données Québec (rôle d'évaluation foncière),https://donneesouvertes.affmunqc.net/role/RL58007_2026.xml,,,,
"7445, Toulon",,Brossard,,,696.9,1977,329100,418600,747700,2025,Logement,MAMH — Données Québec (rôle d'évaluation foncière),https://donneesouvertes.affmunqc.net/role/RL58007_2026.xml,,,,
"7220, Pelletier",,Brossard,,,557.4,1974,290800,369400,660200,2025,Logement,MAMH — Données Québec (rôle d'évaluation foncière),https://donneesouvertes.affmunqc.net/role/RL58007_2026.xml,,,,
"7435, Thibault",,Brossard,,,443.1,1975,243700,396600,640300,2025,Logement,MAMH — Données Québec (rôle d'évaluation foncière),https://donneesouvertes.affmunqc.net/role/RL58007_2026.xml,,,,
"7210, Pelletier",,Brossard,,,557.4,1974,290800,392700,683500,2025,Logement,MAMH — Données Québec (rôle d'évaluation foncière),https://donneesouvertes.affmunqc.net/role/RL58007_2026.xml,,,,
"7425, Thibault",,Brossard,,,451.6,1975,248400,443800,692200,2025,Logement,MAMH — Données Québec (rôle d'évaluation foncière),https://donneesouvertes.affmunqc.net/role/RL58007_2026.xml,,,,
"7415, Thibault",,Brossard,,,454.1,1974,249800,448100,697900,2025,Logement,MAMH — Données Québec (rôle d'évaluation foncière),https://donneesouvertes.affmunqc.net/role/RL58007_2026.xml,,,,
"7200, Pelletier",,Brossard,,,557.4,1974,290800,329700,620500,2025,Logement,MAMH — Données Québec (rôle d'évaluation foncière),https://donneesouvertes.affmunqc.net/role/RL58007_2026.xml,,,,
"7405, Thibault",,Brossard,,,428.4,1974,235600,322700,558300,2025,Logement,MAMH — Données Québec (rôle d'évaluation foncière),https://donneesouvertes.affmunqc.net/role/RL58007_2026.xml,,,,
"7190, Pelletier",,Brossard,,,537.4,1975,285300,436600,721900,2025,Logement,MAMH — Données Québec (rôle d'évaluation foncière),https://donneesouvertes.affmunqc.net/role/RL58007_2026.xml,,,,
"7180, Pelletier",,Brossard,,,537.4,1974,285300,433400,718700,2025,Logement,MAMH — Données Québec (rôle d'évaluation foncière),https://donneesouvertes.affmunqc.net/role/RL58007_2026.xml,,,,
"7170, Pelletier",,Brossard,,,537.4,1975,285300,394400,679700,2025,Logement,MAMH — Données Québec (rôle d'évaluation foncière),https://donneesouvertes.affmunqc.net/role/RL58007_2026.xml,,,,
"7380, Tunisie",,Brossard,,,523.12,1984,281400,539400,820800,2025,Logement,MAMH — Données Québec (rôle d'évaluation foncière),https://donneesouvertes.affmunqc.net/role/RL58007_2026.xml,,,,
"7160, Pelletier",,Brossard,,,614.9,1975,306600,366400,673000,2025,Logement,MAMH — Données Québec (rôle d'évaluation foncière),https://donneesouvertes.affmunqc.net/role/RL58007_2026.xml,,,,
"7205, Pelletier",,Brossard,,,558.7,1981,291100,363500,654600,2025,Logement,MAMH — Données Québec (rôle d'évaluation foncière),https://donneesouvertes.affmunqc.net/role/RL58007_2026.xml,,,,
"7385, Turner",,Brossard,,,521.4,1979,280900,342700,623600,2025,Logement,MAMH — Données Québec (rôle d'évaluation foncière),https://donneesouvertes.affmunqc.net/role/RL58007_2026.xml,,,,
"7400, Thibault",,Brossard,,,514.2,1979,278900,324000,602900,2025,Logement,MAMH — Données Québec (rôle d'évaluation foncière),https://donneesouvertes.affmunqc.net/role/RL58007_2026.xml,,,,
"7390, Thibault",,Brossard,,,525.4,1979,282000,371900,653900,2025,Logement,MAMH — Données Québec (rôle d'évaluation foncière),https://donneesouvertes.affmunqc.net/role/RL58007_2026.xml,,,,
"7380, Thibault",,Brossard,,,525.4,1979,282000,351200,633200,2025,Logement,MAMH — Données Québec (rôle d'évaluation foncière),https://donneesouvertes.affmunqc.net/role/RL58007_2026.xml,,,,
"7370, Thibault",,Brossard,,,517.4,1979,279800,358400,638200,2025,Logement,MAMH — Données Québec (rôle d'évaluation foncière),https://donneesouvertes.affmunqc.net/role/RL58007_2026.xml,,,,
"7395, Thibault",,Brossard,,,499.7,1979,274800,332200,607000,2025,Logement,MAMH — Données Québec (rôle d'évaluation foncière),https://donneesouvertes.affmunqc.net/role/RL58007_2026.xml,,,,
"7385, Thibault",,Brossard,,,509.6,1979,277600,350200,627800,2025,Logement,MAMH — Données Québec (rôle d'évaluation foncière),https://donneesouvertes.affmunqc.net/role/RL58007_2026.xml,,,,
"7375, Thibault",,Brossard,,,509.6,1979,277600,418300,695900,2025,Logement,MAMH — Données Québec (rôle d'évaluation foncière),https://donneesouvertes.affmunqc.net/role/RL58007_2026.xml,,,,
"7365, Thibault",,Brossard,,,509.6,1979,277600,386300,663900,2025,Logement,MAMH — Données Québec (rôle d'évaluation foncière),https://donneesouvertes.affmunqc.net/role/RL58007_2026.xml,,,,
"7355, Thibault",,Brossard,,,509.6,1979,277600,366400,644000,2025,Logement,MAMH — Données Québec (rôle d'évaluation foncière),https://donneesouvertes.affmunqc.net/role/RL58007_2026.xml,,,,
"7345, Thibault",,Brossard,,,510.2,1980,277800,334700,612500,2025,Logement,MAMH — Données Québec (rôle d'évaluation foncière),https://donneesouvertes.affmunqc.net/role/RL58007_2026.xml,,,,
"7150, Pelletier",,Brossard,,,642.4,1979,314200,339800,654000,2025,Logement,MAMH — Données Québec (rôle d'évaluation foncière),https://donneesouvertes.affmunqc.net/role/RL58007_2026.xml,,,,
"7140, Pelletier",,Brossard,,,646.6,1979,315300,366600,681900,2025,Logement,MAMH — Données Québec (rôle d'évaluation foncière),https://donneesouvertes.affmunqc.net/role/RL58007_2026.xml,,,,
"7835, Sartre",,Brossard,,,504.5,1978,276200,541500,817700,2025,Logement,MAMH — Données Québec (rôle d'évaluation foncière),https://donneesouvertes.affmunqc.net/role/RL58007_2026.xml,,,,
"7845, Sartre",,Brossard,,,520.1,1976,280500,477500,758000,2025,Logement,MAMH — Données Québec (rôle d'évaluation foncière),https://donneesouvertes.affmunqc.net/role/RL58007_2026.xml,,,,
"7855, Sartre",,Brossard,,,520.1,1976,280500,597000,877500,2025,Logement,MAMH — Données Québec (rôle d'évaluation foncière),https://donneesouvertes.affmunqc.net/role/RL58007_2026.xml,,,,
"7875, Sartre",,Brossard,,,520.1,1976,280500,478400,758900,2025,Logement,MAMH — Données Québec (rôle d'évaluation foncière),https://donneesouvertes.affmunqc.net/role/RL58007_2026.xml,,,,
"7895, Sartre",,Brossard,,,576.6,1976,296100,549900,846000,2025,Logement,MAMH — Données Québec (rôle d'évaluation foncière),https://donneesouvertes.affmunqc.net/role/RL58007_2026.xml,,,,
"1900, Séguin",,Brossard,,,479.6,1977,263800,440400,704200,2025,Logement,MAMH — Données Québec (rôle d'évaluation foncière),https://donneesouvertes.affmunqc.net/role/RL58007_2026.xml,,,,
"1890, Séguin",,Brossard,,,472.4,1977,259800,369300,629100,2025,Logement,MAMH — Données Québec (rôle d'évaluation foncière),https://donneesouvertes.affmunqc.net/role/RL58007_2026.xml,,,,
"1910, Séguin",,Brossard,,,479.6,1977,263800,446100,709900,2025,Logement,MAMH — Données Québec (rôle d'évaluation foncière),https://donneesouvertes.affmunqc.net/role/RL58007_2026.xml,,,,
"1920, Séguin",,Brossard,,,1060.5,1977,421500,550900,972400,2025,Logement,MAMH — Données Québec (rôle d'évaluation foncière),https://donneesouvertes.affmunqc.net/role/RL58007_2026.xml,,,,
"1855, Séguin",,Brossard,,,572.5,1977,294900,558300,853200,2025,Logement,MAMH — Données Québec (rôle d'évaluation foncière),https://donneesouvertes.affmunqc.net/role/RL58007_2026.xml,,,,
"1635, Séguin",,Brossard,,,900,1977,385000,529200,914200,2025,Logement,MAMH — Données Québec (rôle d'évaluation foncière),https://donneesouvertes.affmunqc.net/role/RL58007_2026.xml,,,,
"1845, Séguin",,Brossard,,,501.7,1977,275500,358000,633500,2025,Logement,MAMH — Données Québec (rôle d'évaluation foncière),https://donneesouvertes.affmunqc.net/role/RL58007_2026.xml,,,,
"1630, Séguin",,Brossard,,,1031.7,1977,417200,721800,1139000,2025,Logement,MAMH — Données Québec (rôle d'évaluation foncière),https://donneesouvertes.affmunqc.net/role/RL58007_2026.xml,,,,
"7825, Sartre",,Brossard,,,501.7,1978,275500,519100,794600,2025,Logement,MAMH — Données Québec (rôle d'évaluation foncière),https://donneesouvertes.affmunqc.net/role/RL58007_2026.xml,,,,
"7815, Sartre",,Brossard,,,501.7,1978,275500,642100,917600,2025,Logement,MAMH — Données Québec (rôle d'évaluation foncière),https://donneesouvertes.affmunqc.net/role/RL58007_2026.xml,,,,
"7805, Sartre",,Brossard,,,577.3,2022,296300,1056500,1352800,2025,Logement,MAMH — Données Québec (rôle d'évaluation foncière),https://donneesouvertes.affmunqc.net/role/RL58007_2026.xml,,,,
"1880, Séguin",,Brossard,,,579,1977,296700,600100,896800,2025,Logement,MAMH — Données Québec (rôle d'évaluation foncière),https://donneesouvertes.affmunqc.net/role/RL58007_2026.xml,,,,
"1870, Séguin",,Brossard,,,1014.7,1977,414700,483900,898600,2025,Logement,MAMH — Données Québec (rôle d'évaluation foncière),https://donneesouvertes.affmunqc.net/role/RL58007_2026.xml,,,,
"1860, Séguin",,Brossard,,,636.9,1977,312600,615300,927900,2025,Logement,MAMH — Données Québec (rôle d'évaluation foncière),https://donneesouvertes.affmunqc.net/role/RL58007_2026.xml,,,,
"1850, Séguin",,Brossard,,,602.9,1977,303300,644600,947900,2025,Logement,MAMH — Données Québec (rôle d'évaluation foncière),https://donneesouvertes.affmunqc.net/role/RL58007_2026.xml,,,,
"1605, Trépanier",,Brossard,,,702.6,1977,330700,461400,792100,2025,Logement,MAMH — Données Québec (rôle d'évaluation foncière),https://donneesouvertes.affmunqc.net/role/RL58007_2026.xml,,,,
"1615, Trépanier",,Brossard,,,603.9,1977,303600,377500,681100,2025,Logement,MAMH — Données Québec (rôle d'évaluation foncière),https://donneesouvertes.affmunqc.net/role/RL58007_2026.xml,,,,
"1621, Trépanier",,Brossard,,,603.9,1977,303600,419300,722900,2025,Logement,MAMH — Données Québec (rôle d'évaluation foncière),https://donneesouvertes.affmunqc.net/role/RL58007_2026.xml,,,,
"1623, Trépanier",,Brossard,,,557.4,1966,290800,298100,588900,2025,Logement,MAMH — Données Québec (rôle d'évaluation foncière),https://donneesouvertes.affmunqc.net/role/RL58007_2026.xml,,,,
"1631, Trépanier",,Brossard,,,557.4,1966,290800,339900,630700,2025,Logement,MAMH — Données Québec (rôle d'évaluation foncière),https://donneesouvertes.affmunqc.net/role/RL58007_2026.xml,,,,
"1700, Rome",,Brossard,,,615.3,1977,306700,425300,732000,2025,Logement,MAMH — Données Québec (rôle d'évaluation foncière),https://donneesouvertes.affmunqc.net/role/RL58007_2026.xml,,,,
"1706, Rome",,Brossard,,,1031.4,1978,417200,648400,1065600,2025,Logement,MAMH — Données Québec (rôle d'évaluation foncière),https://donneesouvertes.affmunqc.net/role/RL58007_2026.xml,,,,
"1679, Tadoussac",,Brossard,,,789.4,1971,354600,194800,549400,2025,Logement,MAMH — Données Québec (rôle d'évaluation foncière),https://donneesouvertes.affmunqc.net/role/RL58007_2026.xml,,,,
"1683, Tadoussac",,Brossard,,,712.9,1966,333500,265600,599100,2025,Logement,MAMH — Données Québec (rôle d'évaluation foncière),https://donneesouvertes.affmunqc.net/role/RL58007_2026.xml,,,,
"1710, Rome",,Brossard,,,781,1977,352300,491900,844200,2025,Logement,MAMH — Données Québec (rôle d'évaluation foncière),https://donneesouvertes.affmunqc.net/role/RL58007_2026.xml,,,,
"1687, Tadoussac",,Brossard,,,619.3,1966,307800,294500,602300,2025,Logement,MAMH — Données Québec (rôle d'évaluation foncière),https://donneesouvertes.affmunqc.net/role/RL58007_2026.xml,,,,
"1639, Trépanier",,Brossard,,,557.4,1966,290800,282900,573700,2025,Logement,MAMH — Données Québec (rôle d'évaluation foncière),https://donneesouvertes.affmunqc.net/role/RL58007_2026.xml,,,,
"1647, Trépanier",,Brossard,,,557.5,1966,290800,360500,651300,2025,Logement,MAMH — Données Québec (rôle d'évaluation foncière),https://donneesouvertes.affmunqc.net/role/RL58007_2026.xml,,,,
"1655, Trépanier",,Brossard,,,576.5,1966,296000,390900,686900,2025,Logement,MAMH — Données Québec (rôle d'évaluation foncière),https://donneesouvertes.affmunqc.net/role/RL58007_2026.xml,,,,
"1663, Trépanier",,Brossard,,,557.6,1966,290800,492700,783500,2025,Logement,MAMH — Données Québec (rôle d'évaluation foncière),https://donneesouvertes.affmunqc.net/role/RL58007_2026.xml,,,,
"1680, Tadoussac",,Brossard,,,819,1973,362700,265500,628200,2025,Logement,MAMH — Données Québec (rôle d'évaluation foncière),https://donneesouvertes.affmunqc.net/role/RL58007_2026.xml,,,,
"1671, Trépanier",,Brossard,,,557.4,1966,290800,386400,677200,2025,Logement,MAMH — Données Québec (rôle d'évaluation foncière),https://donneesouvertes.affmunqc.net/role/RL58007_2026.xml,,,,
"1684, Tadoussac",,Brossard,,,949.3,1970,398600,336400,735000,2025,Logement,MAMH — Données Québec (rôle d'évaluation foncière),https://donneesouvertes.affmunqc.net/role/RL58007_2026.xml,,,,
"1679, Trépanier",,Brossard,,,557.4,1966,290800,363900,654700,2025,Logement,MAMH — Données Québec (rôle d'évaluation foncière),https://donneesouvertes.affmunqc.net/role/RL58007_2026.xml,,,,
"1692, Tadoussac",,Brossard,,,557.4,1966,290800,314100,604900,2025,Logement,MAMH — Données Québec (rôle d'évaluation foncière),https://donneesouvertes.affmunqc.net/role/RL58007_2026.xml,,,,
"1687, Trépanier",,Brossard,,,557.4,1966,290800,452600,743400,2025,Logement,MAMH — Données Québec (rôle d'évaluation foncière),https://donneesouvertes.affmunqc.net/role/RL58007_2026.xml,,,,
"7662, Trudel",,Brossard,,,765.9,1967,348100,313000,661100,2025,Logement,MAMH — Données Québec (rôle d'évaluation foncière),https://donneesouvertes.affmunqc.net/role/RL58007_2026.xml,,,,
"7654, Trudel",,Brossard,,,789,1972,354500,387600,742100,2025,Logement,MAMH — Données Québec (rôle d'évaluation foncière),https://donneesouvertes.affmunqc.net/role/RL58007_2026.xml,,,,
"7495, Tyrol",,Brossard,,,643,1969,314300,295900,610200,2025,Logement,MAMH — Données Québec (rôle d'évaluation foncière),https://donneesouvertes.affmunqc.net/role/RL58007_2026.xml,,,,
"1670, Trépanier",,Brossard,,,675,1971,323100,302300,625400,2025,Logement,MAMH — Données Québec (rôle d'évaluation foncière),https://donneesouvertes.affmunqc.net/role/RL58007_2026.xml,,,,
"7485, Tyrol",,Brossard,,,604.5,1969,303700,317100,620800,2025,Logement,MAMH — Données Québec (rôle d'évaluation foncière),https://donneesouvertes.affmunqc.net/role/RL58007_2026.xml,,,,
"1680, Trépanier",,Brossard,,,557.4,1971,290800,302000,592800,2025,Logement,MAMH — Données Québec (rôle d'évaluation foncière),https://donneesouvertes.affmunqc.net/role/RL58007_2026.xml,,,,
"7475, Tyrol",,Brossard,,,673.3,1971,322700,319200,641900,2025,Logement,MAMH — Données Québec (rôle d'évaluation foncière),https://donneesouvertes.affmunqc.net/role/RL58007_2026.xml,,,,
"7625, Tunisie",,Brossard,,,840.2,1971,368600,409300,777900,2025,Logement,MAMH — Données Québec (rôle d'évaluation foncière),https://donneesouvertes.affmunqc.net/role/RL58007_2026.xml,,,,
"7615, Tunisie",,Brossard,,,778.4,2020,351600,1072800,1424400,2025,Logement,MAMH — Données Québec (rôle d'évaluation foncière),https://donneesouvertes.affmunqc.net/role/RL58007_2026.xml,,,,
"1690, Trépanier",,Brossard,,,603.9,1971,303600,429000,732600,2025,Logement,MAMH — Données Québec (rôle d'évaluation foncière),https://donneesouvertes.affmunqc.net/role/RL58007_2026.xml,,,,
"7470, Tyrol",,Brossard,,,643,1967,314300,452300,766600,2025,Logement,MAMH — Données Québec (rôle d'évaluation foncière),https://donneesouvertes.affmunqc.net/role/RL58007_2026.xml,,,,
"7520, Tyrol",,Brossard,,,558,1968,291000,352900,643900,2025,Logement,MAMH — Données Québec (rôle d'évaluation foncière),https://donneesouvertes.affmunqc.net/role/RL58007_2026.xml,,,,
"7425, Trinidad",,Brossard,,,545.3,1967,287500,422000,709500,2025,Logement,MAMH — Données Québec (rôle d'évaluation foncière),https://donneesouvertes.affmunqc.net/role/RL58007_2026.xml,,,,
"7510, Tyrol",,Brossard,,,558,1967,291000,343100,634100,2025,Logement,MAMH — Données Québec (rôle d'évaluation foncière),https://donneesouvertes.affmunqc.net/role/RL58007_2026.xml,,,,
"7415, Trinidad",,Brossard,,,545.3,1967,287500,316100,603600,2025,Logement,MAMH — Données Québec (rôle d'évaluation foncière),https://donneesouvertes.affmunqc.net/role/RL58007_2026.xml,,,,
"7500, Tyrol",,Brossard,,,558,1967,291000,444400,735400,2025,Logement,MAMH — Données Québec (rôle d'évaluation foncière),https://donneesouvertes.affmunqc.net/role/RL58007_2026.xml,,,,
"7405, Trinidad",,Brossard,,,545.3,1967,287500,286000,573500,2025,Logement,MAMH — Données Québec (rôle d'évaluation foncière),https://donneesouvertes.affmunqc.net/role/RL58007_2026.xml,,,,
"7490, Tyrol",,Brossard,,,558,1967,291000,337900,628900,2025,Logement,MAMH — Données Québec (rôle d'évaluation foncière),https://donneesouvertes.affmunqc.net/role/RL58007_2026.xml,,,,
"7395, Trinidad",,Brossard,,,545.3,1968,287500,297900,585400,2025,Logement,MAMH — Données Québec (rôle d'évaluation foncière),https://donneesouvertes.affmunqc.net/role/RL58007_2026.xml,,,,
"7480, Tyrol",,Brossard,,,558,1968,291000,329500,620500,2025,Logement,MAMH — Données Québec (rôle d'évaluation foncière),https://donneesouvertes.affmunqc.net/role/RL58007_2026.xml,,,,
"7385, Trinidad",,Brossard,,,545.3,1967,287500,369600,657100,2025,Logement,MAMH — Données Québec (rôle d'évaluation foncière),https://donneesouvertes.affmunqc.net/role/RL58007_2026.xml,,,,
"7375, Trinidad",,Brossard,,,545.3,1967,287500,333000,620500,2025,Logement,MAMH — Données Québec (rôle d'évaluation foncière),https://donneesouvertes.affmunqc.net/role/RL58007_2026.xml,,,,
"7390, Trinidad",,Brossard,,,558,1968,291000,428900,719900,2025,Logement,MAMH — Données Québec (rôle d'évaluation foncière),https://donneesouvertes.affmunqc.net/role/RL58007_2026.xml,,,,
"7365, Trinidad",,Brossard,,,643,2017,314300,1211600,1525900,2025,Logement,MAMH — Données Québec (rôle d'évaluation foncière),https://donneesouvertes.affmunqc.net/role/RL58007_2026.xml,,,,
"7380, Trinidad",,Brossard,,,558,1968,291000,330600,621600,2025,Logement,MAMH — Données Québec (rôle d'évaluation foncière),https://donneesouvertes.affmunqc.net/role/RL58007_2026.xml,,,,
"7450, Trinidad",,Brossard,,,558,1968,291000,337700,628700,2025,Logement,MAMH — Données Québec (rôle d'évaluation foncière),https://donneesouvertes.affmunqc.net/role/RL58007_2026.xml,,,,
"7440, Trinidad",,Brossard,,,558,1968,291000,588600,879600,2025,Logement,MAMH — Données Québec (rôle d'évaluation foncière),https://donneesouvertes.affmunqc.net/role/RL58007_2026.xml,,,,
"7425, Tunisie",,Brossard,,,576.6,1968,296100,320100,616200,2025,Logement,MAMH — Données Québec (rôle d'évaluation foncière),https://donneesouvertes.affmunqc.net/role/RL58007_2026.xml,,,,
"7430, Trinidad",,Brossard,,,558,1968,291000,381100,672100,2025,Logement,MAMH — Données Québec (rôle d'évaluation foncière),https://donneesouvertes.affmunqc.net/role/RL58007_2026.xml,,,,
"7435, Tunisie",,Brossard,,,576.6,1968,296100,373100,669200,2025,Logement,MAMH — Données Québec (rôle d'évaluation foncière),https://donneesouvertes.affmunqc.net/role/RL58007_2026.xml,,,,
"7420, Trinidad",,Brossard,,,558,1968,291000,365600,656600,2025,Logement,MAMH — Données Québec (rôle d'évaluation foncière),https://donneesouvertes.affmunqc.net/role/RL58007_2026.xml,,,,
"7445, Tunisie",,Brossard,,,576.6,1968,296100,286400,582500,2025,Logement,MAMH — Données Québec (rôle d'évaluation foncière),https://donneesouvertes.affmunqc.net/role/RL58007_2026.xml,,,,
"7410, Trinidad",,Brossard,,,558,1968,291000,302600,593600,2025,Logement,MAMH — Données Québec (rôle d'évaluation foncière),https://donneesouvertes.affmunqc.net/role/RL58007_2026.xml,,,,
"7455, Tunisie",,Brossard,,,576.6,1968,296100,290000,586100,2025,Logement,MAMH — Données Québec (rôle d'évaluation foncière),https://donneesouvertes.affmunqc.net/role/RL58007_2026.xml,,,,
"7400, Trinidad",,Brossard,,,558,1968,291000,497500,788500,2025,Logement,MAMH — Données Québec (rôle d'évaluation foncière),https://donneesouvertes.affmunqc.net/role/RL58007_2026.xml,,,,
"7465, Tunisie",,Brossard,,,576.6,1968,296100,289700,585800,2025,Logement,MAMH — Données Québec (rôle d'évaluation foncière),https://donneesouvertes.affmunqc.net/role/RL58007_2026.xml,,,,
"7475, Tunisie",,Brossard,,,576.6,1968,296100,403000,699100,2025,Logement,MAMH — Données Québec (rôle d'évaluation foncière),https://donneesouvertes.affmunqc.net/role/RL58007_2026.xml,,,,
"7440, Tunisie",,Brossard,,,546.7,1968,287800,276400,564200,2025,Logement,MAMH — Données Québec (rôle d'évaluation foncière),https://donneesouvertes.affmunqc.net/role/RL58007_2026.xml,,,,
"7415, Tunisie",,Brossard,,,576.6,2022,296100,1052400,1348500,2025,Logement,MAMH — Données Québec (rôle d'évaluation foncière),https://donneesouvertes.affmunqc.net/role/RL58007_2026.xml,,,,
"7435, Toulon",,Brossard,,,653.8,1977,317300,490500,807800,2025,Logement,MAMH — Données Québec (rôle d'évaluation foncière),https://donneesouvertes.affmunqc.net/role/RL58007_2026.xml,,,,
"7400, Tunisie",,Brossard,,,652.2,1968,316900,439300,756200,2025,Logement,MAMH — Données Québec (rôle d'évaluation foncière),https://donneesouvertes.affmunqc.net/role/RL58007_2026.xml,,,,
"7410, Tunisie",,Brossard,,,546.7,1968,287800,422000,709800,2025,Logement,MAMH — Données Québec (rôle d'évaluation foncière),https://donneesouvertes.affmunqc.net/role/RL58007_2026.xml,,,,
"1575, Talleyrand",,Brossard,,,569.1,1973,294000,393200,687200,2025,Logement,MAMH — Données Québec (rôle d'évaluation foncière),https://donneesouvertes.affmunqc.net/role/RL58007_2026.xml,,,,
"7420, Tunisie",,Brossard,,,546.7,1968,287800,329600,617400,2025,Logement,MAMH — Données Québec (rôle d'évaluation foncière),https://donneesouvertes.affmunqc.net/role/RL58007_2026.xml,,,,
"1585, Talleyrand",,Brossard,,,512,1973,278300,384900,663200,2025,Logement,MAMH — Données Québec (rôle d'évaluation foncière),https://donneesouvertes.affmunqc.net/role/RL58007_2026.xml,,,,
"7430, Tunisie",,Brossard,,,546.7,1968,287800,295800,583600,2025,Logement,MAMH — Données Québec (rôle d'évaluation foncière),https://donneesouvertes.affmunqc.net/role/RL58007_2026.xml,,,,
"1595, Talleyrand",,Brossard,,,512,1973,278300,454000,732300,2025,Logement,MAMH — Données Québec (rôle d'évaluation foncière),https://donneesouvertes.affmunqc.net/role/RL58007_2026.xml,,,,
"7400, Toulon",,Brossard,,,516,1972,279400,360000,639400,2025,Logement,MAMH — Données Québec (rôle d'évaluation foncière),https://donneesouvertes.affmunqc.net/role/RL58007_2026.xml,,,,
"1605, Talleyrand",,Brossard,,,512,2024,278300,958600,1236900,2025,Logement,MAMH — Données Québec (rôle d'évaluation foncière),https://donneesouvertes.affmunqc.net/role/RL58007_2026.xml,,,,
"7195, Pelletier",,Brossard,,,520.6,1979,280700,343900,624600,2025,Logement,MAMH — Données Québec (rôle d'évaluation foncière),https://donneesouvertes.affmunqc.net/role/RL58007_2026.xml,,,,
"7425, Toulon",,Brossard,,,673.6,1977,322700,529700,852400,2025,Logement,MAMH — Données Québec (rôle d'évaluation foncière),https://donneesouvertes.affmunqc.net/role/RL58007_2026.xml,,,,
"7405, Toulon",,Brossard,,,507.6,1977,277100,359200,636300,2025,Logement,MAMH — Données Québec (rôle d'évaluation foncière),https://donneesouvertes.affmunqc.net/role/RL58007_2026.xml,,,,
"7395, Toulon",,Brossard,,,507.6,1977,277100,373400,650500,2025,Logement,MAMH — Données Québec (rôle d'évaluation foncière),https://donneesouvertes.affmunqc.net/role/RL58007_2026.xml,,,,
"7385, Toulon",,Brossard,,,507.6,1978,277100,465100,742200,2025,Logement,MAMH — Données Québec (rôle d'évaluation foncière),https://donneesouvertes.affmunqc.net/role/RL58007_2026.xml,,,,
"7375, Toulon",,Brossard,,,507.6,1978,277100,468200,745300,2025,Logement,MAMH — Données Québec (rôle d'évaluation foncière),https://donneesouvertes.affmunqc.net/role/RL58007_2026.xml,,,,
"7365, Toulon",,Brossard,,,507.6,1977,277100,400400,677500,2025,Logement,MAMH — Données Québec (rôle d'évaluation foncière),https://donneesouvertes.affmunqc.net/role/RL58007_2026.xml,,,,
"7355, Toulon",,Brossard,,,527.9,1977,282700,507700,790400,2025,Logement,MAMH — Données Québec (rôle d'évaluation foncière),https://donneesouvertes.affmunqc.net/role/RL58007_2026.xml,,,,
"7390, Toulon",,Brossard,,,473.61,1972,260500,309400,569900,2025,Logement,MAMH — Données Québec (rôle d'évaluation foncière),https://donneesouvertes.affmunqc.net/role/RL58007_2026.xml,,,,
"7130, Pelletier",,Brossard,,,670.2,1979,321800,312000,633800,2025,Logement,MAMH — Données Québec (rôle d'évaluation foncière),https://donneesouvertes.affmunqc.net/role/RL58007_2026.xml,,,,
"7120, Pelletier",,Brossard,,,710.4,1980,332900,281600,614500,2025,Logement,MAMH — Données Québec (rôle d'évaluation foncière),https://donneesouvertes.affmunqc.net/role/RL58007_2026.xml,,,,
"7110, Pelletier",,Brossard,,,928.3,1979,392800,401000,793800,2025,Logement,MAMH — Données Québec (rôle d'évaluation foncière),https://donneesouvertes.affmunqc.net/role/RL58007_2026.xml,,,,
"7345, Toulon",,Brossard,,,585.8,1978,298600,514700,813300,2025,Logement,MAMH — Données Québec (rôle d'évaluation foncière),https://donneesouvertes.affmunqc.net/role/RL58007_2026.xml,,,,
"1645, Séguin",,Brossard,,,644.5,1980,314700,727200,1041900,2025,Logement,MAMH — Données Québec (rôle d'évaluation foncière),https://donneesouvertes.affmunqc.net/role/RL58007_2026.xml,,,,
"1835, Séguin",,Brossard,,,501.7,1977,275500,468600,744100,2025,Logement,MAMH — Données Québec (rôle d'évaluation foncière),https://donneesouvertes.affmunqc.net/role/RL58007_2026.xml,,,,
"1655, Séguin",,Brossard,,,543.7,1980,287000,750700,1037700,2025,Logement,MAMH — Données Québec (rôle d'évaluation foncière),https://donneesouvertes.affmunqc.net/role/RL58007_2026.xml,,,,
"1650, Séguin",,Brossard,,,498.8,1977,274300,405900,680200,2025,Logement,MAMH — Données Québec (rôle d'évaluation foncière),https://donneesouvertes.affmunqc.net/role/RL58007_2026.xml,,,,
"1825, Séguin",,Brossard,,,501.7,1977,275500,660400,935900,2025,Logement,MAMH — Données Québec (rôle d'évaluation foncière),https://donneesouvertes.affmunqc.net/role/RL58007_2026.xml,,,,
"1665, Séguin",,Brossard,,,494.8,1977,272100,422900,695000,2025,Logement,MAMH — Données Québec (rôle d'évaluation foncière),https://donneesouvertes.affmunqc.net/role/RL58007_2026.xml,,,,
"1660, Séguin",,Brossard,,,509.2,1977,277500,468800,746300,2025,Logement,MAMH — Données Québec (rôle d'évaluation foncière),https://donneesouvertes.affmunqc.net/role/RL58007_2026.xml,,,,
"1815, Séguin",,Brossard,,,501.7,1978,275500,606100,881600,2025,Logement,MAMH — Données Québec (rôle d'évaluation foncière),https://donneesouvertes.affmunqc.net/role/RL58007_2026.xml,,,,
"1675, Séguin",,Brossard,,,465.8,1977,256200,583800,840000,2025,Logement,MAMH — Données Québec (rôle d'évaluation foncière),https://donneesouvertes.affmunqc.net/role/RL58007_2026.xml,,,,
"1670, Séguin",,Brossard,,,476.6,1977,262100,409600,671700,2025,Logement,MAMH — Données Québec (rôle d'évaluation foncière),https://donneesouvertes.affmunqc.net/role/RL58007_2026.xml,,,,
"1805, Séguin",,Brossard,,,501.7,1977,275500,522200,797700,2025,Logement,MAMH — Données Québec (rôle d'évaluation foncière),https://donneesouvertes.affmunqc.net/role/RL58007_2026.xml,,,,
"1685, Séguin",,Brossard,,,468.2,1977,257500,436600,694100,2025,Logement,MAMH — Données Québec (rôle d'évaluation foncière),https://donneesouvertes.affmunqc.net/role/RL58007_2026.xml,,,,
"1680, Séguin",,Brossard,,,476.6,1978,262100,546800,808900,2025,Logement,MAMH — Données Québec (rôle d'évaluation foncière),https://donneesouvertes.affmunqc.net/role/RL58007_2026.xml,,,,
"1795, Séguin",,Brossard,,,501.7,1977,275500,363800,639300,2025,Logement,MAMH — Données Québec (rôle d'évaluation foncière),https://donneesouvertes.affmunqc.net/role/RL58007_2026.xml,,,,
"1690, Séguin",,Brossard,,,476.6,1977,262100,450900,713000,2025,Logement,MAMH — Données Québec (rôle d'évaluation foncière),https://donneesouvertes.affmunqc.net/role/RL58007_2026.xml,,,,
"1695, Séguin",,Brossard,,,1003.7,1977,413100,743700,1156800,2025,Logement,MAMH — Données Québec (rôle d'évaluation foncière),https://donneesouvertes.affmunqc.net/role/RL58007_2026.xml,,,,
"1840, Séguin",,Brossard,,,602.9,1977,303300,536800,840100,2025,Logement,MAMH — Données Québec (rôle d'évaluation foncière),https://donneesouvertes.affmunqc.net/role/RL58007_2026.xml,,,,
"1830, Séguin",,Brossard,,,602.9,1978,303300,590800,894100,2025,Logement,MAMH — Données Québec (rôle d'évaluation foncière),https://donneesouvertes.affmunqc.net/role/RL58007_2026.xml,,,,
"1820, Séguin",,Brossard,,,602.9,1977,303300,626400,929700,2025,Logement,MAMH — Données Québec (rôle d'évaluation foncière),https://donneesouvertes.affmunqc.net/role/RL58007_2026.xml,,,,
"1810, Séguin",,Brossard,,,602.9,1977,303300,441800,745100,2025,Logement,MAMH — Données Québec (rôle d'évaluation foncière),https://donneesouvertes.affmunqc.net/role/RL58007_2026.xml,,,,
"1800, Séguin",,Brossard,,,602.9,1977,303300,590000,893300,2025,Logement,MAMH — Données Québec (rôle d'évaluation foncière),https://donneesouvertes.affmunqc.net/role/RL58007_2026.xml,,,,
"1790, Séguin",,Brossard,,,603.6,1977,303500,454000,757500,2025,Logement,MAMH — Données Québec (rôle d'évaluation foncière),https://donneesouvertes.affmunqc.net/role/RL58007_2026.xml,,,,
"1716, Rome",,Brossard,,,948.52,1977,398300,598900,997200,2025,Logement,MAMH — Données Québec (rôle d'évaluation foncière),https://donneesouvertes.affmunqc.net/role/RL58007_2026.xml,,,,
"1720, Rome",,Brossard,,,615.6,1977,306800,536700,843500,2025,Logement,MAMH — Données Québec (rôle d'évaluation foncière),https://donneesouvertes.affmunqc.net/role/RL58007_2026.xml,,,,
"1691, Tadoussac",,Brossard,,,603.9,1966,303600,354400,658000,2025,Logement,MAMH — Données Québec (rôle d'évaluation foncière),https://donneesouvertes.affmunqc.net/role/RL58007_2026.xml,,,,
"1695, Tadoussac",,Brossard,,,603.9,1966,303600,362400,666000,2025,Logement,MAMH — Données Québec (rôle d'évaluation foncière),https://donneesouvertes.affmunqc.net/role/RL58007_2026.xml,,,,
"1726, Rome",,Brossard,,,616,1977,306900,435600,742500,2025,Logement,MAMH — Données Québec (rôle d'évaluation foncière),https://donneesouvertes.affmunqc.net/role/RL58007_2026.xml,,,,
"1730, Rome",,Brossard,,,819.8,1977,362900,433000,795900,2025,Logement,MAMH — Données Québec (rôle d'évaluation foncière),https://donneesouvertes.affmunqc.net/role/RL58007_2026.xml,,,,
"1736, Rome",,Brossard,,,738.1,1977,340500,491000,831500,2025,Logement,MAMH — Données Québec (rôle d'évaluation foncière),https://donneesouvertes.affmunqc.net/role/RL58007_2026.xml,,,,
"1699, Tadoussac",,Brossard,,,728.3,1966,337800,290900,628700,2025,Logement,MAMH — Données Québec (rôle d'évaluation foncière),https://donneesouvertes.affmunqc.net/role/RL58007_2026.xml,,,,
"1703, Tadoussac",,Brossard,,,934.4,1973,394500,296700,691200,2025,Logement,MAMH — Données Québec (rôle d'évaluation foncière),https://donneesouvertes.affmunqc.net/role/RL58007_2026.xml,,,,
"1740, Rome",,Brossard,,,787.9,1977,354200,602200,956400,2025,Logement,MAMH — Données Québec (rôle d'évaluation foncière),https://donneesouvertes.affmunqc.net/role/RL58007_2026.xml,,,,
"1750, Rome",,Brossard,,,616.3,1977,307000,452600,759600,2025,Logement,MAMH — Données Québec (rôle d'évaluation foncière),https://donneesouvertes.affmunqc.net/role/RL58007_2026.xml,,,,
"1746, Rome",,Brossard,,,896.1,1977,383900,585000,968900,2025,Logement,MAMH — Données Québec (rôle d'évaluation foncière),https://donneesouvertes.affmunqc.net/role/RL58007_2026.xml,,,,
"1747, Théoret",,Brossard,,,951.2,1965,399100,202400,601500,2025,Logement,MAMH — Données Québec (rôle d'évaluation foncière),https://donneesouvertes.affmunqc.net/role/RL58007_2026.xml,,,,
"1700, Tadoussac",,Brossard,,,557.4,1966,290800,418400,709200,2025,Logement,MAMH — Données Québec (rôle d'évaluation foncière),https://donneesouvertes.affmunqc.net/role/RL58007_2026.xml,,,,
"1695, Trépanier",,Brossard,,,557.4,1966,290800,310700,601500,2025,Logement,MAMH — Données Québec (rôle d'évaluation foncière),https://donneesouvertes.affmunqc.net/role/RL58007_2026.xml,,,,
"1708, Tadoussac",,Brossard,,,642.4,1978,314200,578700,892900,2025,Logement,MAMH — Données Québec (rôle d'évaluation foncière),https://donneesouvertes.affmunqc.net/role/RL58007_2026.xml,,,,
"1703, Trépanier",,Brossard,,,642.4,1966,314200,449400,763600,2025,Logement,MAMH — Données Québec (rôle d'évaluation foncière),https://donneesouvertes.affmunqc.net/role/RL58007_2026.xml,,,,
"1719, Trépanier",,Brossard,,,642.4,1966,314200,363100,677300,2025,Logement,MAMH — Données Québec (rôle d'évaluation foncière),https://donneesouvertes.affmunqc.net/role/RL58007_2026.xml,,,,
"1707, Tadoussac",,Brossard,,,557.4,1966,290800,246900,537700,2025,Logement,MAMH — Données Québec (rôle d'évaluation foncière),https://donneesouvertes.affmunqc.net/role/RL58007_2026.xml,,,,
"1711, Tadoussac",,Brossard,,,557.4,1966,290800,336900,627700,2025,Logement,MAMH — Données Québec (rôle d'évaluation foncière),https://donneesouvertes.affmunqc.net/role/RL58007_2026.xml,,,,
"1700, Trépanier",,Brossard,,,459.9,1973,252900,473700,726600,2025,Logement,MAMH — Données Québec (rôle d'évaluation foncière),https://donneesouvertes.affmunqc.net/role/RL58007_2026.xml,,,,
"1708, Trépanier",,Brossard,,,459.9,1970,252900,469700,722600,2025,Logement,MAMH — Données Québec (rôle d'évaluation foncière),https://donneesouvertes.affmunqc.net/role/RL58007_2026.xml,,,,
"1727, Trépanier",,Brossard,,,557.4,1965,290800,345300,636100,2025,Logement,MAMH — Données Québec (rôle d'évaluation foncière),https://donneesouvertes.affmunqc.net/role/RL58007_2026.xml,,,,
"1743, Théoret",,Brossard,,,557.4,1965,290800,232800,523600,2025,Logement,MAMH — Données Québec (rôle d'évaluation foncière),https://donneesouvertes.affmunqc.net/role/RL58007_2026.xml,,,,
"1739, Théoret",,Brossard,,,557.4,1966,290800,374500,665300,2025,Logement,MAMH — Données Québec (rôle d'évaluation foncière),https://donneesouvertes.affmunqc.net/role/RL58007_2026.xml,,,,
"7600, Tunisie",,Brossard,,,13669.2,1972,2733800,4817300,7551100,2025,Industrie,MAMH — Données Québec (rôle d'évaluation foncière),https://donneesouvertes.affmunqc.net/role/RL58007_2026.xml,,,,
"7370, Trinidad",,Brossard,,,558,1968,291000,324300,615300,2025,Logement,MAMH — Données Québec (rôle d'évaluation foncière),https://donneesouvertes.affmunqc.net/role/RL58007_2026.xml,,,,
"7360, Trinidad",,Brossard,,,643,2023,314300,1220000,1534300,2025,Logement,MAMH — Données Québec (rôle d'évaluation foncière),https://donneesouvertes.affmunqc.net/role/RL58007_2026.xml,,,,
"7505, Tunisie",,Brossard,,,576.6,1968,296100,300300,596400,2025,Logement,MAMH — Données Québec (rôle d'évaluation foncière),https://donneesouvertes.affmunqc.net/role/RL58007_2026.xml,,,,
"7515, Tunisie",,Brossard,,,646.7,1968,315300,273400,588700,2025,Logement,MAMH — Données Québec (rôle d'évaluation foncière),https://donneesouvertes.affmunqc.net/role/RL58007_2026.xml,,,,
"7520, Tunisie",,Brossard,,,546.7,1968,287800,317200,605000,2025,Logement,MAMH — Données Québec (rôle d'évaluation foncière),https://donneesouvertes.affmunqc.net/role/RL58007_2026.xml,,,,
"7485, Tunisie",,Brossard,,,576.6,1968,296100,467300,763400,2025,Logement,MAMH — Données Québec (rôle d'évaluation foncière),https://donneesouvertes.affmunqc.net/role/RL58007_2026.xml,,,,
"7450, Tunisie",,Brossard,,,546.7,1968,287800,400600,688400,2025,Logement,MAMH — Données Québec (rôle d'évaluation foncière),https://donneesouvertes.affmunqc.net/role/RL58007_2026.xml,,,,
"7495, Tunisie",,Brossard,,,576.6,1968,296100,241900,538000,2025,Logement,MAMH — Données Québec (rôle d'évaluation foncière),https://donneesouvertes.affmunqc.net/role/RL58007_2026.xml,,,,
"7460, Tunisie",,Brossard,,,546.7,1968,287800,361800,649600,2025,Logement,MAMH — Données Québec (rôle d'évaluation foncière),https://donneesouvertes.affmunqc.net/role/RL58007_2026.xml,,,,
"7470, Tunisie",,Brossard,,,546.7,1968,287800,305600,593400,2025,Logement,MAMH — Données Québec (rôle d'évaluation foncière),https://donneesouvertes.affmunqc.net/role/RL58007_2026.xml,,,,
"7480, Tunisie",,Brossard,,,546.7,1968,287800,273400,561200,2025,Logement,MAMH — Données Québec (rôle d'évaluation foncière),https://donneesouvertes.affmunqc.net/role/RL58007_2026.xml,,,,
"1645, Talleyrand",,Brossard,,,502.7,1972,275700,306600,582300,2025,Logement,MAMH — Données Québec (rôle d'évaluation foncière),https://donneesouvertes.affmunqc.net/role/RL58007_2026.xml,,,,
"1655, Talleyrand",,Brossard,,,502.7,1972,275700,322800,598500,2025,Logement,MAMH — Données Québec (rôle d'évaluation foncière),https://donneesouvertes.affmunqc.net/role/RL58007_2026.xml,,,,
"7490, Tunisie",,Brossard,,,546.7,1968,287800,294300,582100,2025,Logement,MAMH — Données Québec (rôle d'évaluation foncière),https://donneesouvertes.affmunqc.net/role/RL58007_2026.xml,,,,
"1665, Talleyrand",,Brossard,,,502.7,1972,275700,285500,561200,2025,Logement,MAMH — Données Québec (rôle d'évaluation foncière),https://donneesouvertes.affmunqc.net/role/RL58007_2026.xml,,,,
"7500, Tunisie",,Brossard,,,546.7,1968,287800,298400,586200,2025,Logement,MAMH — Données Québec (rôle d'évaluation foncière),https://donneesouvertes.affmunqc.net/role/RL58007_2026.xml,,,,
"1675, Talleyrand",,Brossard,,,706.2,1972,331700,349400,681100,2025,Logement,MAMH — Données Québec (rôle d'évaluation foncière),https://donneesouvertes.affmunqc.net/role/RL58007_2026.xml,,,,
"7510, Tunisie",,Brossard,,,546.7,1968,287800,351600,639400,2025,Logement,MAMH — Données Québec (rôle d'évaluation foncière),https://donneesouvertes.affmunqc.net/role/RL58007_2026.xml,,,,
"1685, Talleyrand",,Brossard,,,769.5,1973,349100,420000,769100,2025,Logement,MAMH — Données Québec (rôle d'évaluation foncière),https://donneesouvertes.affmunqc.net/role/RL58007_2026.xml,,,,
"1590, Talleyrand",,Brossard,,,531.6,1973,283700,390600,674300,2025,Logement,MAMH — Données Québec (rôle d'évaluation foncière),https://donneesouvertes.affmunqc.net/role/RL58007_2026.xml,,,,
"1615, Talleyrand",,Brossard,,,512,1973,278300,311700,590000,2025,Logement,MAMH — Données Québec (rôle d'évaluation foncière),https://donneesouvertes.affmunqc.net/role/RL58007_2026.xml,,,,
"1600, Talleyrand",,Brossard,,,485,1972,266800,359500,626300,2025,Logement,MAMH — Données Québec (rôle d'évaluation foncière),https://donneesouvertes.affmunqc.net/role/RL58007_2026.xml,,,,
"1625, Talleyrand",,Brossard,,,512,1973,278300,315100,593400,2025,Logement,MAMH — Données Québec (rôle d'évaluation foncière),https://donneesouvertes.affmunqc.net/role/RL58007_2026.xml,,,,
"1610, Talleyrand",,Brossard,,,485,1973,266800,446900,713700,2025,Logement,MAMH — Données Québec (rôle d'évaluation foncière),https://donneesouvertes.affmunqc.net/role/RL58007_2026.xml,,,,
"1635, Talleyrand",,Brossard,,,512,1973,278300,321600,599900,2025,Logement,MAMH — Données Québec (rôle d'évaluation foncière),https://donneesouvertes.affmunqc.net/role/RL58007_2026.xml,,,,
"1635, Tillemont",,Brossard,,,484.94,1973,266700,374700,641400,2025,Logement,MAMH — Données Québec (rôle d'évaluation foncière),https://donneesouvertes.affmunqc.net/role/RL58007_2026.xml,,,,
"1620, Talleyrand",,Brossard,,,485,1972,266800,300500,567300,2025,Logement,MAMH — Données Québec (rôle d'évaluation foncière),https://donneesouvertes.affmunqc.net/role/RL58007_2026.xml,,,,
"1645, Tillemont",,Brossard,,,485,1973,266800,296600,563400,2025,Logement,MAMH — Données Québec (rôle d'évaluation foncière),https://donneesouvertes.affmunqc.net/role/RL58007_2026.xml,,,,
"1630, Talleyrand",,Brossard,,,485,1972,266800,384000,650800,2025,Logement,MAMH — Données Québec (rôle d'évaluation foncière),https://donneesouvertes.affmunqc.net/role/RL58007_2026.xml,,,,
"1655, Tillemont",,Brossard,,,485,1973,266800,464400,731200,2025,Logement,MAMH — Données Québec (rôle d'évaluation foncière),https://donneesouvertes.affmunqc.net/role/RL58007_2026.xml,,,,
"1640, Talleyrand",,Brossard,,,485,1972,266800,440800,707600,2025,Logement,MAMH — Données Québec (rôle d'évaluation foncière),https://donneesouvertes.affmunqc.net/role/RL58007_2026.xml,,,,
"1665, Tillemont",,Brossard,,,485,1973,266800,310500,577300,2025,Logement,MAMH — Données Québec (rôle d'évaluation foncière),https://donneesouvertes.affmunqc.net/role/RL58007_2026.xml,,,,
"1650, Talleyrand",,Brossard,,,485,1972,266800,398900,665700,2025,Logement,MAMH — Données Québec (rôle d'évaluation foncière),https://donneesouvertes.affmunqc.net/role/RL58007_2026.xml,,,,
"1675, Tillemont",,Brossard,,,485,1973,266800,337000,603800,2025,Logement,MAMH — Données Québec (rôle d'évaluation foncière),https://donneesouvertes.affmunqc.net/role/RL58007_2026.xml,,,,
"1660, Talleyrand",,Brossard,,,482.89,1972,265600,339900,605500,2025,Logement,MAMH — Données Québec (rôle d'évaluation foncière),https://donneesouvertes.affmunqc.net/role/RL58007_2026.xml,,,,
"1685, Tillemont",,Brossard,,,486.3,1973,267500,337100,604600,2025,Logement,MAMH — Données Québec (rôle d'évaluation foncière),https://donneesouvertes.affmunqc.net/role/RL58007_2026.xml,,,,
"1670, Tillemont",,Brossard,,,484.9,2023,266700,741900,1008600,2025,Logement,MAMH — Données Québec (rôle d'évaluation foncière),https://donneesouvertes.affmunqc.net/role/RL58007_2026.xml,,,,
"7380, Toulon",,Brossard,,,514.9,1974,279100,315900,595000,2025,Logement,MAMH — Données Québec (rôle d'évaluation foncière),https://donneesouvertes.affmunqc.net/role/RL58007_2026.xml,,,,
"1625, Tillemont",,Brossard,,,502.2,1973,275600,402100,677700,2025,Logement,MAMH — Données Québec (rôle d'évaluation foncière),https://donneesouvertes.affmunqc.net/role/RL58007_2026.xml,,,,
"1610, Tillemont",,Brossard,,,626.7,1973,309800,435100,744900,2025,Logement,MAMH — Données Québec (rôle d'évaluation foncière),https://donneesouvertes.affmunqc.net/role/RL58007_2026.xml,,,,
"1605, Tourigny",,Brossard,,,576.6,1975,296100,390600,686700,2025,Logement,MAMH — Données Québec (rôle d'évaluation foncière),https://donneesouvertes.affmunqc.net/role/RL58007_2026.xml,,,,
"1620, Tillemont",,Brossard,,,485,1974,266800,407700,674500,2025,Logement,MAMH — Données Québec (rôle d'évaluation foncière),https://donneesouvertes.affmunqc.net/role/RL58007_2026.xml,,,,
"1615, Tourigny",,Brossard,,,485,1974,266800,461100,727900,2025,Logement,MAMH — Données Québec (rôle d'évaluation foncière),https://donneesouvertes.affmunqc.net/role/RL58007_2026.xml,,,,
"1630, Tillemont",,Brossard,,,485,1972,266800,450900,717700,2025,Logement,MAMH — Données Québec (rôle d'évaluation foncière),https://donneesouvertes.affmunqc.net/role/RL58007_2026.xml,,,,
"1625, Tourigny",,Brossard,,,459.9,1974,252900,323100,576000,2025,Logement,MAMH — Données Québec (rôle d'évaluation foncière),https://donneesouvertes.affmunqc.net/role/RL58007_2026.xml,,,,
"1640, Tillemont",,Brossard,,,485,1974,266800,516200,783000,2025,Logement,MAMH — Données Québec (rôle d'évaluation foncière),https://donneesouvertes.affmunqc.net/role/RL58007_2026.xml,,,,
"1635, Tourigny",,Brossard,,,459.9,1974,252900,329900,582800,2025,Logement,MAMH — Données Québec (rôle d'évaluation foncière),https://donneesouvertes.affmunqc.net/role/RL58007_2026.xml,,,,
"1650, Tillemont",,Brossard,,,485,1974,266800,425100,691900,2025,Logement,MAMH — Données Québec (rôle d'évaluation foncière),https://donneesouvertes.affmunqc.net/role/RL58007_2026.xml,,,,
"1610, Tourigny",,Brossard,,,493.7,1978,271500,457900,729400,2025,Logement,MAMH — Données Québec (rôle d'évaluation foncière),https://donneesouvertes.affmunqc.net/role/RL58007_2026.xml,,,,
"1645, Tourigny",,Brossard,,,485,1975,266800,396500,663300,2025,Logement,MAMH — Données Québec (rôle d'évaluation foncière),https://donneesouvertes.affmunqc.net/role/RL58007_2026.xml,,,,
"1660, Tillemont",,Brossard,,,484.9,1973,266700,487000,753700,2025,Logement,MAMH — Données Québec (rôle d'évaluation foncière),https://donneesouvertes.affmunqc.net/role/RL58007_2026.xml,,,,
"1655, Tourigny",,Brossard,,,518.4,1974,280100,366200,646300,2025,Logement,MAMH — Données Québec (rôle d'évaluation foncière),https://donneesouvertes.affmunqc.net/role/RL58007_2026.xml,,,,
"7335, Toulon",,Brossard,,,551.4,1977,289100,411700,700800,2025,Logement,MAMH — Données Québec (rôle d'évaluation foncière),https://donneesouvertes.affmunqc.net/role/RL58007_2026.xml,,,,
"7325, Toulon",,Brossard,,,529.5,1977,283100,287400,570500,2025,Logement,MAMH — Données Québec (rôle d'évaluation foncière),https://donneesouvertes.affmunqc.net/role/RL58007_2026.xml,,,,
"7115, Pelletier",,Brossard,,,345.9,1979,138400,263900,402300,2025,Logement,MAMH — Données Québec (rôle d'évaluation foncière),https://donneesouvertes.affmunqc.net/role/RL58007_2026.xml,,,,
"7315, Toulon",,Brossard,,,529.5,1978,283100,433600,716700,2025,Logement,MAMH — Données Québec (rôle d'évaluation foncière),https://donneesouvertes.affmunqc.net/role/RL58007_2026.xml,,,,
"7305, Toulon",,Brossard,,,529.5,1978,283100,404300,687400,2025,Logement,MAMH — Données Québec (rôle d'évaluation foncière),https://donneesouvertes.affmunqc.net/role/RL58007_2026.xml,,,,
"7295, Toulon",,Brossard,,,529.5,1980,283100,467600,750700,2025,Logement,MAMH — Données Québec (rôle d'évaluation foncière),https://donneesouvertes.affmunqc.net/role/RL58007_2026.xml,,,,
"1600, Tourigny",,Brossard,,,514.2,1977,278900,404800,683700,2025,Logement,MAMH — Données Québec (rôle d'évaluation foncière),https://donneesouvertes.affmunqc.net/role/RL58007_2026.xml,,,,
"7285, Toulon",,Brossard,,,556.5,1979,290500,361700,652200,2025,Logement,MAMH — Données Québec (rôle d'évaluation foncière),https://donneesouvertes.affmunqc.net/role/RL58007_2026.xml,,,,
"7300, Toulon",,Brossard,,,483.3,1977,265800,445200,711000,2025,Logement,MAMH — Données Québec (rôle d'évaluation foncière),https://donneesouvertes.affmunqc.net/role/RL58007_2026.xml,,,,
"7290, Toulon",,Brossard,,,485.4,1978,267000,366100,633100,2025,Logement,MAMH — Données Québec (rôle d'évaluation foncière),https://donneesouvertes.affmunqc.net/role/RL58007_2026.xml,,,,
"1680, Thierry",,Brossard,,,468.2,1977,257500,432300,689800,2025,Logement,MAMH — Données Québec (rôle d'évaluation foncière),https://donneesouvertes.affmunqc.net/role/RL58007_2026.xml,,,,
"7280, Toulon",,Brossard,,,485.4,1977,267000,530400,797400,2025,Logement,MAMH — Données Québec (rôle d'évaluation foncière),https://donneesouvertes.affmunqc.net/role/RL58007_2026.xml,,,,
"1785, Séguin",,Brossard,,,577.3,1977,296300,502400,798700,2025,Logement,MAMH — Données Québec (rôle d'évaluation foncière),https://donneesouvertes.affmunqc.net/role/RL58007_2026.xml,,,,
"1700, Séguin",,Brossard,,,476.6,1977,262100,480500,742600,2025,Logement,MAMH — Données Québec (rôle d'évaluation foncière),https://donneesouvertes.affmunqc.net/role/RL58007_2026.xml,,,,
"1710, Séguin",,Brossard,,,622.5,1977,308700,557600,866300,2025,Logement,MAMH — Données Québec (rôle d'évaluation foncière),https://donneesouvertes.affmunqc.net/role/RL58007_2026.xml,,,,
"1720, Séguin",,Brossard,,,743.5,1977,342000,453900,795900,2025,Logement,MAMH — Données Québec (rôle d'évaluation foncière),https://donneesouvertes.affmunqc.net/role/RL58007_2026.xml,,,,
"1730, Séguin",,Brossard,,,534.2,1977,284400,421100,705500,2025,Logement,MAMH — Données Québec (rôle d'évaluation foncière),https://donneesouvertes.affmunqc.net/role/RL58007_2026.xml,,,,
"1740, Séguin",,Brossard,,,493.3,1977,271300,441900,713200,2025,Logement,MAMH — Données Québec (rôle d'évaluation foncière),https://donneesouvertes.affmunqc.net/role/RL58007_2026.xml,,,,
"1750, Séguin",,Brossard,,,493.3,1977,271300,413200,684500,2025,Logement,MAMH — Données Québec (rôle d'évaluation foncière),https://donneesouvertes.affmunqc.net/role/RL58007_2026.xml,,,,
"1750, Sauvé",,Brossard,,,743.4,1977,341900,476100,818000,2025,Logement,MAMH — Données Québec (rôle d'évaluation foncière),https://donneesouvertes.affmunqc.net/role/RL58007_2026.xml,,,,
"1740, Sauvé",,Brossard,,,533.6,1977,284200,422100,706300,2025,Logement,MAMH — Données Québec (rôle d'évaluation foncière),https://donneesouvertes.affmunqc.net/role/RL58007_2026.xml,,,,
"1730, Sauvé",,Brossard,,,493.3,1977,271300,393400,664700,2025,Logement,MAMH — Données Québec (rôle d'évaluation foncière),https://donneesouvertes.affmunqc.net/role/RL58007_2026.xml,,,,
"1720, Sauvé",,Brossard,,,493.3,1977,271300,409700,681000,2025,Logement,MAMH — Données Québec (rôle d'évaluation foncière),https://donneesouvertes.affmunqc.net/role/RL58007_2026.xml,,,,
"1760, Sauvé",,Brossard,,,619.2,1977,307800,527800,835600,2025,Logement,MAMH — Données Québec (rôle d'évaluation foncière),https://donneesouvertes.affmunqc.net/role/RL58007_2026.xml,,,,
"1780, Séguin",,Brossard,,,716.8,1977,334600,571000,905600,2025,Logement,MAMH — Données Québec (rôle d'évaluation foncière),https://donneesouvertes.affmunqc.net/role/RL58007_2026.xml,,,,
"1770, Séguin",,Brossard,,,956,1977,400400,547700,948100,2025,Logement,MAMH — Données Québec (rôle d'évaluation foncière),https://donneesouvertes.affmunqc.net/role/RL58007_2026.xml,,,,
"1760, Séguin",,Brossard,,,646.1,1977,315200,579800,895000,2025,Logement,MAMH — Données Québec (rôle d'évaluation foncière),https://donneesouvertes.affmunqc.net/role/RL58007_2026.xml,,,,
"1780, Rome",,Brossard,,,617.1,1977,307200,381600,688800,2025,Logement,MAMH — Données Québec (rôle d'évaluation foncière),https://donneesouvertes.affmunqc.net/role/RL58007_2026.xml,,,,
"1710, Sauvé",,Brossard,,,598.3,1977,302000,464300,766300,2025,Logement,MAMH — Données Québec (rôle d'évaluation foncière),https://donneesouvertes.affmunqc.net/role/RL58007_2026.xml,,,,
"1700, Sauvé",,Brossard,,,965.7,1979,403100,583000,986100,2025,Logement,MAMH — Données Québec (rôle d'évaluation foncière),https://donneesouvertes.affmunqc.net/role/RL58007_2026.xml,,,,
"1786, Rome",,Brossard,,,617.5,1977,307300,514800,822100,2025,Logement,MAMH — Données Québec (rôle d'évaluation foncière),https://donneesouvertes.affmunqc.net/role/RL58007_2026.xml,,,,
"1756, Rome",,Brossard,,,616.8,1977,307100,358600,665700,2025,Logement,MAMH — Données Québec (rôle d'évaluation foncière),https://donneesouvertes.affmunqc.net/role/RL58007_2026.xml,,,,
"1760, Rome",,Brossard,,,855.8,1977,372800,416800,789600,2025,Logement,MAMH — Données Québec (rôle d'évaluation foncière),https://donneesouvertes.affmunqc.net/role/RL58007_2026.xml,,,,
"1749, Théoret",,Brossard,,,770.9,1966,349500,450700,800200,2025,Logement,MAMH — Données Québec (rôle d'évaluation foncière),https://donneesouvertes.affmunqc.net/role/RL58007_2026.xml,,,,
"1766, Rome",,Brossard,,,826.3,1977,364700,501300,866000,2025,Logement,MAMH — Données Québec (rôle d'évaluation foncière),https://donneesouvertes.affmunqc.net/role/RL58007_2026.xml,,,,
"1751, Théoret",,Brossard,,,563.3,1965,292400,369900,662300,2025,Logement,MAMH — Données Québec (rôle d'évaluation foncière),https://donneesouvertes.affmunqc.net/role/RL58007_2026.xml,,,,
"1770, Rome",,Brossard,,,783.1,1978,352900,506500,859400,2025,Logement,MAMH — Données Québec (rôle d'évaluation foncière),https://donneesouvertes.affmunqc.net/role/RL58007_2026.xml,,,,
"1759, Théoret",,Brossard,,,557.4,1965,290800,322300,613100,2025,Logement,MAMH — Données Québec (rôle d'évaluation foncière),https://donneesouvertes.affmunqc.net/role/RL58007_2026.xml,,,,
"1776, Rome",,Brossard,,,829,1978,365500,559800,925300,2025,Logement,MAMH — Données Québec (rôle d'évaluation foncière),https://donneesouvertes.affmunqc.net/role/RL58007_2026.xml,,,,
"1767, Théoret",,Brossard,,,603.9,1965,303600,317500,621100,2025,Logement,MAMH — Données Québec (rôle d'évaluation foncière),https://donneesouvertes.affmunqc.net/role/RL58007_2026.xml,,,,
"1775, Théoret",,Brossard,,,603.9,1965,303600,335300,638900,2025,Logement,MAMH — Données Québec (rôle d'évaluation foncière),https://donneesouvertes.affmunqc.net/role/RL58007_2026.xml,,,,
"1790, Rome",,Brossard,,,805.3,1977,359000,588800,947800,2025,Logement,MAMH — Données Québec (rôle d'évaluation foncière),https://donneesouvertes.affmunqc.net/role/RL58007_2026.xml,,,,
"1716, Trépanier",,Brossard,,,459.9,1970,252900,255900,508800,2025,Logement,MAMH — Données Québec (rôle d'évaluation foncière),https://donneesouvertes.affmunqc.net/role/RL58007_2026.xml,,,,
"1735, Trépanier",,Brossard,,,642.4,1965,314200,407800,722000,2025,Logement,MAMH — Données Québec (rôle d'évaluation foncière),https://donneesouvertes.affmunqc.net/role/RL58007_2026.xml,,,,
"1724, Trépanier",,Brossard,,,459.9,1970,252900,272400,525300,2025,Logement,MAMH — Données Québec (rôle d'évaluation foncière),https://donneesouvertes.affmunqc.net/role/RL58007_2026.xml,,,,
"1730, Trépanier",,Brossard,,,459.9,1970,252900,291600,544500,2025,Logement,MAMH — Données Québec (rôle d'évaluation foncière),https://donneesouvertes.affmunqc.net/role/RL58007_2026.xml,,,,
"1750, Théoret",,Brossard,,,651.7,1965,316700,321400,638100,2025,Logement,MAMH — Données Québec (rôle d'évaluation foncière),https://donneesouvertes.affmunqc.net/role/RL58007_2026.xml,,,,
"1751, Trépanier",,Brossard,,,642.4,1965,314200,447000,761200,2025,Logement,MAMH — Données Québec (rôle d'évaluation foncière),https://donneesouvertes.affmunqc.net/role/RL58007_2026.xml,,,,
"1736, Trépanier",,Brossard,,,459.9,1970,252900,294300,547200,2025,Logement,MAMH — Données Québec (rôle d'évaluation foncière),https://donneesouvertes.affmunqc.net/role/RL58007_2026.xml,,,,
"1758, Théoret",,Brossard,,,579.7,1965,296900,358400,655300,2025,Logement,MAMH — Données Québec (rôle d'évaluation foncière),https://donneesouvertes.affmunqc.net/role/RL58007_2026.xml,,,,
"1759, Trépanier",,Brossard,,,566.7,1965,293300,325600,618900,2025,Logement,MAMH — Données Québec (rôle d'évaluation foncière),https://donneesouvertes.affmunqc.net/role/RL58007_2026.xml,,,,
"1740, Trépanier",,Brossard,,,459.9,2020,252900,1048500,1301400,2025,Logement,MAMH — Données Québec (rôle d'évaluation foncière),https://donneesouvertes.affmunqc.net/role/RL58007_2026.xml,,,,
"1766, Théoret",,Brossard,,,557.4,1965,290800,452800,743600,2025,Logement,MAMH — Données Québec (rôle d'évaluation foncière),https://donneesouvertes.affmunqc.net/role/RL58007_2026.xml,,,,
"1767, Trépanier",,Brossard,,,557.4,1965,290800,380700,671500,2025,Logement,MAMH — Données Québec (rôle d'évaluation foncière),https://donneesouvertes.affmunqc.net/role/RL58007_2026.xml,,,,
"1746, Trépanier",,Brossard,,,483.2,1973,265800,413500,679300,2025,Logement,MAMH — Données Québec (rôle d'évaluation foncière),https://donneesouvertes.affmunqc.net/role/RL58007_2026.xml,,,,
"1774, Théoret",,Brossard,,,557.4,1965,290800,380400,671200,2025,Logement,MAMH — Données Québec (rôle d'évaluation foncière),https://donneesouvertes.affmunqc.net/role/RL58007_2026.xml,,,,
"1775, Trépanier",,Brossard,,,557.4,1965,290800,420500,711300,2025,Logement,MAMH — Données Québec (rôle d'évaluation foncière),https://donneesouvertes.affmunqc.net/role/RL58007_2026.xml,,,,
"1745, Therrien",,Brossard,,,29193.1,1980,5838600,376300,6214900,2025,Institutionnel,MAMH — Données Québec (rôle d'évaluation foncière),https://donneesouvertes.affmunqc.net/role/RL58007_2026.xml,,,,
"1690, Talleyrand",,Brossard,,,531.8,1972,283700,348800,632500,2025,Logement,MAMH — Données Québec (rôle d'évaluation foncière),https://donneesouvertes.affmunqc.net/role/RL58007_2026.xml,,,,
"1695, Talleyrand",,Brossard,,,520.3,1972,280600,324000,604600,2025,Logement,MAMH — Données Québec (rôle d'évaluation foncière),https://donneesouvertes.affmunqc.net/role/RL58007_2026.xml,,,,
"1700, Talleyrand",,Brossard,,,468.2,1973,257500,315000,572500,2025,Logement,MAMH — Données Québec (rôle d'évaluation foncière),https://donneesouvertes.affmunqc.net/role/RL58007_2026.xml,,,,
"1705, Talleyrand",,Brossard,,,520,1972,280500,234100,514600,2025,Logement,MAMH — Données Québec (rôle d'évaluation foncière),https://donneesouvertes.affmunqc.net/role/RL58007_2026.xml,,,,
"1710, Talleyrand",,Brossard,,,468.2,1972,257500,361400,618900,2025,Logement,MAMH — Données Québec (rôle d'évaluation foncière),https://donneesouvertes.affmunqc.net/role/RL58007_2026.xml,,,,
"1715, Talleyrand",,Brossard,,,470.3,1972,258700,312100,570800,2025,Logement,MAMH — Données Québec (rôle d'évaluation foncière),https://donneesouvertes.affmunqc.net/role/RL58007_2026.xml,,,,
"1720, Talleyrand",,Brossard,,,468.2,1974,257500,290500,548000,2025,Logement,MAMH — Données Québec (rôle d'évaluation foncière),https://donneesouvertes.affmunqc.net/role/RL58007_2026.xml,,,,
"1725, Talleyrand",,Brossard,,,468.2,1972,257500,287400,544900,2025,Logement,MAMH — Données Québec (rôle d'évaluation foncière),https://donneesouvertes.affmunqc.net/role/RL58007_2026.xml,,,,
"1730, Talleyrand",,Brossard,,,468.2,1974,257500,383900,641400,2025,Logement,MAMH — Données Québec (rôle d'évaluation foncière),https://donneesouvertes.affmunqc.net/role/RL58007_2026.xml,,,,
"1735, Talleyrand",,Brossard,,,451.5,1972,248300,264600,512900,2025,Logement,MAMH — Données Québec (rôle d'évaluation foncière),https://donneesouvertes.affmunqc.net/role/RL58007_2026.xml,,,,
"1740, Talleyrand",,Brossard,,,468.2,1974,257500,378900,636400,2025,Logement,MAMH — Données Québec (rôle d'évaluation foncière),https://donneesouvertes.affmunqc.net/role/RL58007_2026.xml,,,,
"1745, Talleyrand",,Brossard,,,468.2,1972,257500,363200,620700,2025,Logement,MAMH — Données Québec (rôle d'évaluation foncière),https://donneesouvertes.affmunqc.net/role/RL58007_2026.xml,,,,
"1695, Tillemont",,Brossard,,,600,1972,302500,503500,806000,2025,Logement,MAMH — Données Québec (rôle d'évaluation foncière),https://donneesouvertes.affmunqc.net/role/RL58007_2026.xml,,,,
"1680, Tillemont",,Brossard,,,485,1973,266800,304300,571100,2025,Logement,MAMH — Données Québec (rôle d'évaluation foncière),https://donneesouvertes.affmunqc.net/role/RL58007_2026.xml,,,,
"1690, Tillemont",,Brossard,,,523.2,1973,281400,526400,807800,2025,Logement,MAMH — Données Québec (rôle d'évaluation foncière),https://donneesouvertes.affmunqc.net/role/RL58007_2026.xml,,,,
"1705, Tillemont",,Brossard,,,720.6,1973,335700,417700,753400,2025,Logement,MAMH — Données Québec (rôle d'évaluation foncière),https://donneesouvertes.affmunqc.net/role/RL58007_2026.xml,,,,
"1685, Tourigny",,Brossard,,,699.3,1974,329800,421400,751200,2025,Logement,MAMH — Données Québec (rôle d'évaluation foncière),https://donneesouvertes.affmunqc.net/role/RL58007_2026.xml,,,,
"1710, Tillemont",,Brossard,,,485,1973,266800,421600,688400,2025,Logement,MAMH — Données Québec (rôle d'évaluation foncière),https://donneesouvertes.affmunqc.net/role/RL58007_2026.xml,,,,
"1725, Tillemont",,Brossard,,,702.3,1973,330600,428500,759100,2025,Logement,MAMH — Données Québec (rôle d'évaluation foncière),https://donneesouvertes.affmunqc.net/role/RL58007_2026.xml,,,,
"1720, Tillemont",,Brossard,,,485,1973,266800,307600,574400,2025,Logement,MAMH — Données Québec (rôle d'évaluation foncière),https://donneesouvertes.affmunqc.net/role/RL58007_2026.xml,,,,
"1695, Tourigny",,Brossard,,,511.9,1974,278300,362300,640600,2025,Logement,MAMH — Données Québec (rôle d'évaluation foncière),https://donneesouvertes.affmunqc.net/role/RL58007_2026.xml,,,,
"1735, Tillemont",,Brossard,,,468.2,1973,257500,277800,535300,2025,Logement,MAMH — Données Québec (rôle d'évaluation foncière),https://donneesouvertes.affmunqc.net/role/RL58007_2026.xml,,,,
"1730, Tillemont",,Brossard,,,485,1973,266800,267700,534500,2025,Logement,MAMH — Données Québec (rôle d'évaluation foncière),https://donneesouvertes.affmunqc.net/role/RL58007_2026.xml,,,,
"1725, Tourigny",,Brossard,,,511.9,1974,278300,286500,564800,2025,Logement,MAMH — Données Québec (rôle d'évaluation foncière),https://donneesouvertes.affmunqc.net/role/RL58007_2026.xml,,,,
"1745, Tillemont",,Brossard,,,468.2,1973,257500,339800,597300,2025,Logement,MAMH — Données Québec (rôle d'évaluation foncière),https://donneesouvertes.affmunqc.net/role/RL58007_2026.xml,,,,
"1740, Tillemont",,Brossard,,,485,1973,266800,422700,689500,2025,Logement,MAMH — Données Québec (rôle d'évaluation foncière),https://donneesouvertes.affmunqc.net/role/RL58007_2026.xml,,,,
"1735, Tourigny",,Brossard,,,511.9,1974,278300,392600,670900,2025,Logement,MAMH — Données Québec (rôle d'évaluation foncière),https://donneesouvertes.affmunqc.net/role/RL58007_2026.xml,,,,
"1665, Tourigny",,Brossard,,,451.5,1974,248300,359500,607800,2025,Logement,MAMH — Données Québec (rôle d'évaluation foncière),https://donneesouvertes.affmunqc.net/role/RL58007_2026.xml,,,,
"1655, Thierry",,Brossard,,,493.7,1975,271500,555000,826500,2025,Logement,MAMH — Données Québec (rôle d'évaluation foncière),https://donneesouvertes.affmunqc.net/role/RL58007_2026.xml,,,,
"1665, Thierry",,Brossard,,,493.3,1975,271300,500700,772000,2025,Logement,MAMH — Données Québec (rôle d'évaluation foncière),https://donneesouvertes.affmunqc.net/role/RL58007_2026.xml,,,,
"1675, Tourigny",,Brossard,,,577.9,1974,296400,334200,630600,2025,Logement,MAMH — Données Québec (rôle d'évaluation foncière),https://donneesouvertes.affmunqc.net/role/RL58007_2026.xml,,,,
"1650, Tourigny",,Brossard,,,430.6,1975,236800,343000,579800,2025,Logement,MAMH — Données Québec (rôle d'évaluation foncière),https://donneesouvertes.affmunqc.net/role/RL58007_2026.xml,,,,
"1675, Thierry",,Brossard,,,502,1975,275600,456600,732200,2025,Logement,MAMH — Données Québec (rôle d'évaluation foncière),https://donneesouvertes.affmunqc.net/role/RL58007_2026.xml,,,,
"1660, Tourigny",,Brossard,,,469.42,1975,258200,383100,641300,2025,Logement,MAMH — Données Québec (rôle d'évaluation foncière),https://donneesouvertes.affmunqc.net/role/RL58007_2026.xml,,,,
"1725, Thierry",,Brossard,,,720.2,1975,335600,583400,919000,2025,Logement,MAMH — Données Québec (rôle d'évaluation foncière),https://donneesouvertes.affmunqc.net/role/RL58007_2026.xml,,,,
"1680, Tourigny",,Brossard,,,576.6,1975,296100,551400,847500,2025,Logement,MAMH — Données Québec (rôle d'évaluation foncière),https://donneesouvertes.affmunqc.net/role/RL58007_2026.xml,,,,
"1735, Thierry",,Brossard,,,608.2,1975,304800,419800,724600,2025,Logement,MAMH — Données Québec (rôle d'évaluation foncière),https://donneesouvertes.affmunqc.net/role/RL58007_2026.xml,,,,
"1700, Tourigny",,Brossard,,,511,1975,278000,428600,706600,2025,Logement,MAMH — Données Québec (rôle d'évaluation foncière),https://donneesouvertes.affmunqc.net/role/RL58007_2026.xml,,,,
"1745, Thierry",,Brossard,,,529.5,1975,283100,527500,810600,2025,Logement,MAMH — Données Québec (rôle d'évaluation foncière),https://donneesouvertes.affmunqc.net/role/RL58007_2026.xml,,,,
"1720, Tourigny",,Brossard,,,501.7,1975,275500,535900,811400,2025,Logement,MAMH — Données Québec (rôle d'évaluation foncière),https://donneesouvertes.affmunqc.net/role/RL58007_2026.xml,,,,
"1690, Thierry",,Brossard,,,518.4,1977,280100,380900,661000,2025,Logement,MAMH — Données Québec (rôle d'évaluation foncière),https://donneesouvertes.affmunqc.net/role/RL58007_2026.xml,,,,
"7270, Toulon",,Brossard,,,491.2,1978,270200,287300,557500,2025,Logement,MAMH — Données Québec (rôle d'évaluation foncière),https://donneesouvertes.affmunqc.net/role/RL58007_2026.xml,,,,
"7260, Toulon",,Brossard,,,520.8,1980,280700,384900,665600,2025,Logement,MAMH — Données Québec (rôle d'évaluation foncière),https://donneesouvertes.affmunqc.net/role/RL58007_2026.xml,,,,
"1700, Thierry",,Brossard,,,626.6,1978,309800,420800,730600,2025,Logement,MAMH — Données Québec (rôle d'évaluation foncière),https://donneesouvertes.affmunqc.net/role/RL58007_2026.xml,,,,
"7250, Toulon",,Brossard,,,657.4,1981,318300,510500,828800,2025,Logement,MAMH — Données Québec (rôle d'évaluation foncière),https://donneesouvertes.affmunqc.net/role/RL58007_2026.xml,,,,
"1710, Thierry",,Brossard,,,915.5,1977,389300,498600,887900,2025,Logement,MAMH — Données Québec (rôle d'évaluation foncière),https://donneesouvertes.affmunqc.net/role/RL58007_2026.xml,,,,
"6900, Tisserand",,Brossard,,,505.9,1979,276600,376700,653300,2025,Logement,MAMH — Données Québec (rôle d'évaluation foncière),https://donneesouvertes.affmunqc.net/role/RL58007_2026.xml,,,,
"1720, Thierry",,Brossard,,,581.7,1977,297500,419500,717000,2025,Logement,MAMH — Données Québec (rôle d'évaluation foncière),https://donneesouvertes.affmunqc.net/role/RL58007_2026.xml,,,,
"6910, Tisserand",,Brossard,,,510.4,1978,277900,423300,701200,2025,Logement,MAMH — Données Québec (rôle d'évaluation foncière),https://donneesouvertes.affmunqc.net/role/RL58007_2026.xml,,,,
"1730, Thierry",,Brossard,,,613.4,1978,306200,369600,675800,2025,Logement,MAMH — Données Québec (rôle d'évaluation foncière),https://donneesouvertes.affmunqc.net/role/RL58007_2026.xml,,,,
"6920, Tisserand",,Brossard,,,572.5,1978,294900,451600,746500,2025,Logement,MAMH — Données Québec (rôle d'évaluation foncière),https://donneesouvertes.affmunqc.net/role/RL58007_2026.xml,,,,
"6930, Tisserand",,Brossard,,,643.2,1977,314400,432300,746700,2025,Logement,MAMH — Données Québec (rôle d'évaluation foncière),https://donneesouvertes.affmunqc.net/role/RL58007_2026.xml,,,,
"1740, Thierry",,Brossard,,,510,1978,277800,667300,945100,2025,Logement,MAMH — Données Québec (rôle d'évaluation foncière),https://donneesouvertes.affmunqc.net/role/RL58007_2026.xml,,,,
"6860, Pinard",,Brossard,,,465.7,1978,248900,221400,470300,2025,Logement,MAMH — Données Québec (rôle d'évaluation foncière),https://donneesouvertes.affmunqc.net/role/RL58007_2026.xml,,,,
"6685, Villon",,Brossard,,,473.9,1977,251300,390100,641400,2025,Logement,MAMH — Données Québec (rôle d'évaluation foncière),https://donneesouvertes.affmunqc.net/role/RL58007_2026.xml,,,,
"6705, Villon",,Brossard,,,664.3,1977,294700,457700,752400,2025,Logement,MAMH — Données Québec (rôle d'évaluation foncière),https://donneesouvertes.affmunqc.net/role/RL58007_2026.xml,,,,
"6665, Villon",,Brossard,,,594.8,1977,286100,356800,642900,2025,Logement,MAMH — Données Québec (rôle d'évaluation foncière),https://donneesouvertes.affmunqc.net/role/RL58007_2026.xml,,,,
"6660, Villon",,Brossard,,,706.1,1977,299300,362100,661400,2025,Logement,MAMH — Données Québec (rôle d'évaluation foncière),https://donneesouvertes.affmunqc.net/role/RL58007_2026.xml,,,,
"6680, Villon",,Brossard,,,622.5,1979,290100,331300,621400,2025,Logement,MAMH — Données Québec (rôle d'évaluation foncière),https://donneesouvertes.affmunqc.net/role/RL58007_2026.xml,,,,
"6700, Villon",,Brossard,,,634.7,1978,291400,381300,672700,2025,Logement,MAMH — Données Québec (rôle d'évaluation foncière),https://donneesouvertes.affmunqc.net/role/RL58007_2026.xml,,,,
"6870, Pinard",,Brossard,,,362.3,1978,208300,245600,453900,2025,Logement,MAMH — Données Québec (rôle d'évaluation foncière),https://donneesouvertes.affmunqc.net/role/RL58007_2026.xml,,,,
"6880, Pinard",,Brossard,,,362.3,1978,208300,236700,445000,2025,Logement,MAMH — Données Québec (rôle d'évaluation foncière),https://donneesouvertes.affmunqc.net/role/RL58007_2026.xml,,,,
"6890, Pinard",,Brossard,,,362.3,1978,208300,260700,469000,2025,Logement,MAMH — Données Québec (rôle d'évaluation foncière),https://donneesouvertes.affmunqc.net/role/RL58007_2026.xml,,,,
"6900, Pinard",,Brossard,,,362.3,1978,208300,250100,458400,2025,Logement,MAMH — Données Québec (rôle d'évaluation foncière),https://donneesouvertes.affmunqc.net/role/RL58007_2026.xml,,,,
"6910, Pinard",,Brossard,,,362.3,1978,208300,291000,499300,2025,Logement,MAMH — Données Québec (rôle d'évaluation foncière),https://donneesouvertes.affmunqc.net/role/RL58007_2026.xml,,,,
"6920, Pinard",,Brossard,,,362.3,1978,208300,257100,465400,2025,Logement,MAMH — Données Québec (rôle d'évaluation foncière),https://donneesouvertes.affmunqc.net/role/RL58007_2026.xml,,,,
"6930, Pinard",,Brossard,,,411.08,1978,233200,299100,532300,2025,Logement,MAMH — Données Québec (rôle d'évaluation foncière),https://donneesouvertes.affmunqc.net/role/RL58007_2026.xml,,,,
"1070, Voltaire",,Brossard,,,501.7,1975,259300,356800,616100,2025,Logement,MAMH — Données Québec (rôle d'évaluation foncière),https://donneesouvertes.affmunqc.net/role/RL58007_2026.xml,,,,
"6715, Villon",,Brossard,,,695.5,1976,298100,326400,624500,2025,Logement,MAMH — Données Québec (rôle d'évaluation foncière),https://donneesouvertes.affmunqc.net/role/RL58007_2026.xml,,,,
"6725, Villon",,Brossard,,,487.7,1976,255300,323500,578800,2025,Logement,MAMH — Données Québec (rôle d'évaluation foncière),https://donneesouvertes.affmunqc.net/role/RL58007_2026.xml,,,,
"6735, Villon",,Brossard,,,568.9,1976,278600,376000,654600,2025,Logement,MAMH — Données Québec (rôle d'évaluation foncière),https://donneesouvertes.affmunqc.net/role/RL58007_2026.xml,,,,
"1080, Voltaire",,Brossard,,,451.5,1975,244800,291200,536000,2025,Logement,MAMH — Données Québec (rôle d'évaluation foncière),https://donneesouvertes.affmunqc.net/role/RL58007_2026.xml,,,,
"1090, Voltaire",,Brossard,,,442.1,1975,242100,317100,559200,2025,Logement,MAMH — Données Québec (rôle d'évaluation foncière),https://donneesouvertes.affmunqc.net/role/RL58007_2026.xml,,,,
"6720, Villon",,Brossard,,,517.3,1975,263800,409100,672900,2025,Logement,MAMH — Données Québec (rôle d'évaluation foncière),https://donneesouvertes.affmunqc.net/role/RL58007_2026.xml,,,,
"6730, Villon",,Brossard,,,478.5,1975,252600,369600,622200,2025,Logement,MAMH — Données Québec (rôle d'évaluation foncière),https://donneesouvertes.affmunqc.net/role/RL58007_2026.xml,,,,
"6740, Villon",,Brossard,,,483.1,1974,253900,283700,537600,2025,Logement,MAMH — Données Québec (rôle d'évaluation foncière),https://donneesouvertes.affmunqc.net/role/RL58007_2026.xml,,,,
"1100, Voltaire",,Brossard,,,722.3,1974,301100,397200,698300,2025,Logement,MAMH — Données Québec (rôle d'évaluation foncière),https://donneesouvertes.affmunqc.net/role/RL58007_2026.xml,,,,
"6750, Villon",,Brossard,,,552.2,1975,273800,370400,644200,2025,Logement,MAMH — Données Québec (rôle d'évaluation foncière),https://donneesouvertes.affmunqc.net/role/RL58007_2026.xml,,,,
"6940, Pinard",,Brossard,,,502,1975,259400,353600,613000,2025,Logement,MAMH — Données Québec (rôle d'évaluation foncière),https://donneesouvertes.affmunqc.net/role/RL58007_2026.xml,,,,
"6970, Pinard",,Brossard,,,565.9,1975,277800,295600,573400,2025,Logement,MAMH — Données Québec (rôle d'évaluation foncière),https://donneesouvertes.affmunqc.net/role/RL58007_2026.xml,,,,
"6950, Pinard",,Brossard,,,483.1,1975,253900,268100,522000,2025,Logement,MAMH — Données Québec (rôle d'évaluation foncière),https://donneesouvertes.affmunqc.net/role/RL58007_2026.xml,,,,
"6960, Pinard",,Brossard,,,483.1,1975,253900,343700,597600,2025,Logement,MAMH — Données Québec (rôle d'évaluation foncière),https://donneesouvertes.affmunqc.net/role/RL58007_2026.xml,,,,
"1035, Panama",,Brossard,,,511,1962,262000,289700,551700,2025,Logement,MAMH — Données Québec (rôle d'évaluation foncière),https://donneesouvertes.affmunqc.net/role/RL58007_2026.xml,,,,
"1025, Parnasse",,Brossard,,,573.7,1963,280000,227700,507700,2025,Logement,MAMH — Données Québec (rôle d'évaluation foncière),https://donneesouvertes.affmunqc.net/role/RL58007_2026.xml,,,,
"1030, Panama",,Brossard,,,485.4,1965,254600,322800,577400,2025,Logement,MAMH — Données Québec (rôle d'évaluation foncière),https://donneesouvertes.affmunqc.net/role/RL58007_2026.xml,,,,
"1045, Panama",,Brossard,,,511,1962,262000,264800,526800,2025,Logement,MAMH — Données Québec (rôle d'évaluation foncière),https://donneesouvertes.affmunqc.net/role/RL58007_2026.xml,,,,
"1040, Panama",,Brossard,,,536.8,1964,269400,297700,567100,2025,Logement,MAMH — Données Québec (rôle d'évaluation foncière),https://donneesouvertes.affmunqc.net/role/RL58007_2026.xml,,,,
"1035, Parnasse",,Brossard,,,536.8,1962,269400,277300,546700,2025,Logement,MAMH — Données Québec (rôle d'évaluation foncière),https://donneesouvertes.affmunqc.net/role/RL58007_2026.xml,,,,
"1055, Panama",,Brossard,,,511,1963,262000,224400,486400,2025,Logement,MAMH — Données Québec (rôle d'évaluation foncière),https://donneesouvertes.affmunqc.net/role/RL58007_2026.xml,,,,
"1065, Panama",,Brossard,,,511,1963,262000,229300,491300,2025,Logement,MAMH — Données Québec (rôle d'évaluation foncière),https://donneesouvertes.affmunqc.net/role/RL58007_2026.xml,,,,
"1050, Panama",,Brossard,,,536.8,1963,269400,296900,566300,2025,Logement,MAMH — Données Québec (rôle d'évaluation foncière),https://donneesouvertes.affmunqc.net/role/RL58007_2026.xml,,,,
"1045, Parnasse",,Brossard,,,536.8,1963,269400,244200,513600,2025,Logement,MAMH — Données Québec (rôle d'évaluation foncière),https://donneesouvertes.affmunqc.net/role/RL58007_2026.xml,,,,
"1075, Panama",,Brossard,,,511,1963,262000,243100,505100,2025,Logement,MAMH — Données Québec (rôle d'évaluation foncière),https://donneesouvertes.affmunqc.net/role/RL58007_2026.xml,,,,
"1060, Panama",,Brossard,,,485.4,1963,254600,306800,561400,2025,Logement,MAMH — Données Québec (rôle d'évaluation foncière),https://donneesouvertes.affmunqc.net/role/RL58007_2026.xml,,,,
"1085, Panama",,Brossard,,,511,1963,262000,242600,504600,2025,Logement,MAMH — Données Québec (rôle d'évaluation foncière),https://donneesouvertes.affmunqc.net/role/RL58007_2026.xml,,,,
"1055, Parnasse",,Brossard,,,485.4,1963,254600,322500,577100,2025,Logement,MAMH — Données Québec (rôle d'évaluation foncière),https://donneesouvertes.affmunqc.net/role/RL58007_2026.xml,,,,
"1020, Parnasse",,Brossard,,,587.1,1963,283900,253500,537400,2025,Logement,MAMH — Données Québec (rôle d'évaluation foncière),https://donneesouvertes.affmunqc.net/role/RL58007_2026.xml,,,,
"1015, Pasteur",,Brossard,,,476.6,1963,252100,254100,506200,2025,Logement,MAMH — Données Québec (rôle d'évaluation foncière),https://donneesouvertes.affmunqc.net/role/RL58007_2026.xml,,,,
"1025, Pasteur",,Brossard,,,485.4,1963,254600,256800,511400,2025,Logement,MAMH — Données Québec (rôle d'évaluation foncière),https://donneesouvertes.affmunqc.net/role/RL58007_2026.xml,,,,
"1030, Parnasse",,Brossard,,,533.9,1963,268600,261600,530200,2025,Logement,MAMH — Données Québec (rôle d'évaluation foncière),https://donneesouvertes.affmunqc.net/role/RL58007_2026.xml,,,,
"1035, Pasteur",,Brossard,,,485.4,1963,254600,299100,553700,2025,Logement,MAMH — Données Québec (rôle d'évaluation foncière),https://donneesouvertes.affmunqc.net/role/RL58007_2026.xml,,,,
"1040, Parnasse",,Brossard,,,485.4,1963,254600,268400,523000,2025,Logement,MAMH — Données Québec (rôle d'évaluation foncière),https://donneesouvertes.affmunqc.net/role/RL58007_2026.xml,,,,
"1045, Pasteur",,Brossard,,,485.4,1963,254600,408300,662900,2025,Logement,MAMH — Données Québec (rôle d'évaluation foncière),https://donneesouvertes.affmunqc.net/role/RL58007_2026.xml,,,,
"1050, Parnasse",,Brossard,,,485.4,1963,254600,273400,528000,2025,Logement,MAMH — Données Québec (rôle d'évaluation foncière),https://donneesouvertes.affmunqc.net/role/RL58007_2026.xml,,,,
"1055, Pasteur",,Brossard,,,485.4,1963,254600,381000,635600,2025,Logement,MAMH — Données Québec (rôle d'évaluation foncière),https://donneesouvertes.affmunqc.net/role/RL58007_2026.xml,,,,
"1060, Parnasse",,Brossard,,,485.4,1963,254600,267500,522100,2025,Logement,MAMH — Données Québec (rôle d'évaluation foncière),https://donneesouvertes.affmunqc.net/role/RL58007_2026.xml,,,,
"1065, Pasteur",,Brossard,,,485.4,1963,254600,341700,596300,2025,Logement,MAMH — Données Québec (rôle d'évaluation foncière),https://donneesouvertes.affmunqc.net/role/RL58007_2026.xml,,,,
"1070, Parnasse",,Brossard,,,485.4,1963,254600,267000,521600,2025,Logement,MAMH — Données Québec (rôle d'évaluation foncière),https://donneesouvertes.affmunqc.net/role/RL58007_2026.xml,,,,
"1010, Pasteur",,Brossard,,,468.2,1963,249600,301800,551400,2025,Logement,MAMH — Données Québec (rôle d'évaluation foncière),https://donneesouvertes.affmunqc.net/role/RL58007_2026.xml,,,,
"1020, Pasteur",,Brossard,,,468.2,1963,249600,321600,571200,2025,Logement,MAMH — Données Québec (rôle d'évaluation foncière),https://donneesouvertes.affmunqc.net/role/RL58007_2026.xml,,,,
"1030, Pasteur",,Brossard,,,468.2,1963,249600,394300,643900,2025,Logement,MAMH — Données Québec (rôle d'évaluation foncière),https://donneesouvertes.affmunqc.net/role/RL58007_2026.xml,,,,
"1040, Pasteur",,Brossard,,,468.2,1963,249600,224300,473900,2025,Logement,MAMH — Données Québec (rôle d'évaluation foncière),https://donneesouvertes.affmunqc.net/role/RL58007_2026.xml,,,,
"1050, Pasteur",,Brossard,,,468.2,1963,249600,278200,527800,2025,Logement,MAMH — Données Québec (rôle d'évaluation foncière),https://donneesouvertes.affmunqc.net/role/RL58007_2026.xml,,,,
"1060, Pasteur",,Brossard,,,468.2,1963,249600,272900,522500,2025,Logement,MAMH — Données Québec (rôle d'évaluation foncière),https://donneesouvertes.affmunqc.net/role/RL58007_2026.xml,,,,
"5835, Parnasse",,Brossard,,,292.5,1972,168200,213700,381900,2025,Logement,MAMH — Données Québec (rôle d'évaluation foncière),https://donneesouvertes.affmunqc.net/role/RL58007_2026.xml,,,,
"5825, Parnasse",,Brossard,,,146.4,1972,84200,273400,357600,2025,Logement,MAMH — Données Québec (rôle d'évaluation foncière),https://donneesouvertes.affmunqc.net/role/RL58007_2026.xml,,,,
"5815, Parnasse",,Brossard,,,146.3,1972,84100,324900,409000,2025,Logement,MAMH — Données Québec (rôle d'évaluation foncière),https://donneesouvertes.affmunqc.net/role/RL58007_2026.xml,,,,
"5805, Parnasse",,Brossard,,,146.3,1973,84100,311900,396000,2025,Logement,MAMH — Données Québec (rôle d'évaluation foncière),https://donneesouvertes.affmunqc.net/role/RL58007_2026.xml,,,,
"1015, Pothier, app. 1025",,Brossard,,,39196.4,2023,9132800,2496100,11628900,2025,Institutionnel,MAMH — Données Québec (rôle d'évaluation foncière),https://donneesouvertes.affmunqc.net/role/RL58007_2026.xml,,,,
"6850, Pinard",,Brossard,,,328.6,1978,188900,259200,448100,2025,Logement,MAMH — Données Québec (rôle d'évaluation foncière),https://donneesouvertes.affmunqc.net/role/RL58007_2026.xml,,,,
"6840, Pinard",,Brossard,,,334.5,1978,192300,261700,454000,2025,Logement,MAMH — Données Québec (rôle d'évaluation foncière),https://donneesouvertes.affmunqc.net/role/RL58007_2026.xml,,,,
"6830, Pinard",,Brossard,,,334.5,1978,192300,258100,450400,2025,Logement,MAMH — Données Québec (rôle d'évaluation foncière),https://donneesouvertes.affmunqc.net/role/RL58007_2026.xml,,,,
"6820, Pinard",,Brossard,,,334.5,1970,192300,237500,429800,2025,Logement,MAMH — Données Québec (rôle d'évaluation foncière),https://donneesouvertes.affmunqc.net/role/RL58007_2026.xml,,,,
"6810, Pinard",,Brossard,,,334.5,1978,192300,263800,456100,2025,Logement,MAMH — Données Québec (rôle d'évaluation foncière),https://donneesouvertes.affmunqc.net/role/RL58007_2026.xml,,,,
"6675, Poitou",,Brossard,,,572.6,1977,279700,331000,610700,2025,Logement,MAMH — Données Québec (rôle d'évaluation foncière),https://donneesouvertes.affmunqc.net/role/RL58007_2026.xml,,,,
"6800, Pinard",,Brossard,,,376.3,1978,216400,260700,477100,2025,Logement,MAMH — Données Québec (rôle d'évaluation foncière),https://donneesouvertes.affmunqc.net/role/RL58007_2026.xml,,,,
"6790, Pinard",,Brossard,,,309.4,1978,177900,278600,456500,2025,Logement,MAMH — Données Québec (rôle d'évaluation foncière),https://donneesouvertes.affmunqc.net/role/RL58007_2026.xml,,,,
"6780, Pinard",,Brossard,,,292.6,1978,168200,282000,450200,2025,Logement,MAMH — Données Québec (rôle d'évaluation foncière),https://donneesouvertes.affmunqc.net/role/RL58007_2026.xml,,,,
"6885, Pinard",,Brossard,,,531.4,1977,267800,388400,656200,2025,Logement,MAMH — Données Québec (rôle d'évaluation foncière),https://donneesouvertes.affmunqc.net/role/RL58007_2026.xml,,,,
"6895, Pinard",,Brossard,,,464.5,1978,248600,317300,565900,2025,Logement,MAMH — Données Québec (rôle d'évaluation foncière),https://donneesouvertes.affmunqc.net/role/RL58007_2026.xml,,,,
"6905, Pinard",,Brossard,,,473.8,1978,251300,314700,566000,2025,Logement,MAMH — Données Québec (rôle d'évaluation foncière),https://donneesouvertes.affmunqc.net/role/RL58007_2026.xml,,,,
"6915, Pinard",,Brossard,,,501.7,1978,259300,339400,598700,2025,Logement,MAMH — Données Québec (rôle d'évaluation foncière),https://donneesouvertes.affmunqc.net/role/RL58007_2026.xml,,,,
"6925, Pinard",,Brossard,,,473.8,1977,251300,221500,472800,2025,Logement,MAMH — Données Québec (rôle d'évaluation foncière),https://donneesouvertes.affmunqc.net/role/RL58007_2026.xml,,,,
"6935, Pinard",,Brossard,,,721.9,1977,301000,261300,562300,2025,Logement,MAMH — Données Québec (rôle d'évaluation foncière),https://donneesouvertes.affmunqc.net/role/RL58007_2026.xml,,,,
"6655, Poitou",,Brossard,,,511,1977,262000,358200,620200,2025,Logement,MAMH — Données Québec (rôle d'évaluation foncière),https://donneesouvertes.affmunqc.net/role/RL58007_2026.xml,,,,
"6635, Poitou",,Brossard,,,511,1977,262000,359100,621100,2025,Logement,MAMH — Données Québec (rôle d'évaluation foncière),https://donneesouvertes.affmunqc.net/role/RL58007_2026.xml,,,,
"6615, Poitou",,Brossard,,,501.7,1976,259300,296000,555300,2025,Logement,MAMH — Données Québec (rôle d'évaluation foncière),https://donneesouvertes.affmunqc.net/role/RL58007_2026.xml,,,,
"6595, Poitou",,Brossard,,,501.7,1977,259300,320900,580200,2025,Logement,MAMH — Données Québec (rôle d'évaluation foncière),https://donneesouvertes.affmunqc.net/role/RL58007_2026.xml,,,,
"6575, Poitou",,Brossard,,,681,1977,296500,338600,635100,2025,Logement,MAMH — Données Québec (rôle d'évaluation foncière),https://donneesouvertes.affmunqc.net/role/RL58007_2026.xml,,,,
"1090, Paquette",,Brossard,,,683.8,1975,296800,356000,652800,2025,Logement,MAMH — Données Québec (rôle d'évaluation foncière),https://donneesouvertes.affmunqc.net/role/RL58007_2026.xml,,,,
"1100, Paquette",,Brossard,,,460.8,1974,247500,289100,536600,2025,Logement,MAMH — Données Québec (rôle d'évaluation foncière),https://donneesouvertes.affmunqc.net/role/RL58007_2026.xml,,,,
"1110, Paquette",,Brossard,,,439,1975,241200,368300,609500,2025,Logement,MAMH — Données Québec (rôle d'évaluation foncière),https://donneesouvertes.affmunqc.net/role/RL58007_2026.xml,,,,
"6945, Pinard",,Brossard,,,695.4,1976,298100,364000,662100,2025,Logement,MAMH — Données Québec (rôle d'évaluation foncière),https://donneesouvertes.affmunqc.net/role/RL58007_2026.xml,,,,
"6955, Pinard",,Brossard,,,496,1976,257600,347200,604800,2025,Logement,MAMH — Données Québec (rôle d'évaluation foncière),https://donneesouvertes.affmunqc.net/role/RL58007_2026.xml,,,,
"6965, Pinard",,Brossard,,,554.6,1977,274500,363900,638400,2025,Logement,MAMH — Données Québec (rôle d'évaluation foncière),https://donneesouvertes.affmunqc.net/role/RL58007_2026.xml,,,,
"1120, Paquette",,Brossard,,,430.6,1975,238800,269200,508000,2025,Logement,MAMH — Données Québec (rôle d'évaluation foncière),https://donneesouvertes.affmunqc.net/role/RL58007_2026.xml,,,,
"1130, Paquette",,Brossard,,,409.7,2020,232800,770200,1003000,2025,Logement,MAMH — Données Québec (rôle d'évaluation foncière),https://donneesouvertes.affmunqc.net/role/RL58007_2026.xml,,,,
"6555, Poitou",,Brossard,,,713.3,1976,300100,337500,637600,2025,Logement,MAMH — Données Québec (rôle d'évaluation foncière),https://donneesouvertes.affmunqc.net/role/RL58007_2026.xml,,,,
"6535, Poitou",,Brossard,,,478.1,2024,252500,879600,1132100,2025,Logement,MAMH — Données Québec (rôle d'évaluation foncière),https://donneesouvertes.affmunqc.net/role/RL58007_2026.xml,,,,
"6515, Poitou",,Brossard,,,570.7,1976,279200,365200,644400,2025,Logement,MAMH — Données Québec (rôle d'évaluation foncière),https://donneesouvertes.affmunqc.net/role/RL58007_2026.xml,,,,
"1140, Paquette",,Brossard,,,409.3,1975,232700,183500,416200,2025,Logement,MAMH — Données Québec (rôle d'évaluation foncière),https://donneesouvertes.affmunqc.net/role/RL58007_2026.xml,,,,
"1150, Paquette",,Brossard,,,421.2,1975,236100,347300,583400,2025,Logement,MAMH — Données Québec (rôle d'évaluation foncière),https://donneesouvertes.affmunqc.net/role/RL58007_2026.xml,,,,
"1070, Panama",,Brossard,,,485.4,1963,254600,317200,571800,2025,Logement,MAMH — Données Québec (rôle d'évaluation foncière),https://donneesouvertes.affmunqc.net/role/RL58007_2026.xml,,,,
"1095, Panama",,Brossard,,,511,1963,262000,252700,514700,2025,Logement,MAMH — Données Québec (rôle d'évaluation foncière),https://donneesouvertes.affmunqc.net/role/RL58007_2026.xml,,,,
"1065, Parnasse",,Brossard,,,485.4,1963,254600,247800,502400,2025,Logement,MAMH — Données Québec (rôle d'évaluation foncière),https://donneesouvertes.affmunqc.net/role/RL58007_2026.xml,,,,
"1080, Panama",,Brossard,,,485.4,1963,254600,346600,601200,2025,Logement,MAMH — Données Québec (rôle d'évaluation foncière),https://donneesouvertes.affmunqc.net/role/RL58007_2026.xml,,,,
"1105, Panama",,Brossard,,,511.1,1963,262000,246100,508100,2025,Logement,MAMH — Données Québec (rôle d'évaluation foncière),https://donneesouvertes.affmunqc.net/role/RL58007_2026.xml,,,,
"1075, Parnasse",,Brossard,,,485.4,1963,254600,253500,508100,2025,Logement,MAMH — Données Québec (rôle d'évaluation foncière),https://donneesouvertes.affmunqc.net/role/RL58007_2026.xml,,,,
"1090, Panama",,Brossard,,,495.5,1963,257500,288700,546200,2025,Logement,MAMH — Données Québec (rôle d'évaluation foncière),https://donneesouvertes.affmunqc.net/role/RL58007_2026.xml,,,,
"1085, Parnasse",,Brossard,,,503.52,1963,259800,291000,550800,2025,Logement,MAMH — Données Québec (rôle d'évaluation foncière),https://donneesouvertes.affmunqc.net/role/RL58007_2026.xml,,,,
"1115, Panama",,Brossard,,,591.8,1963,285200,267200,552400,2025,Logement,MAMH — Données Québec (rôle d'évaluation foncière),https://donneesouvertes.affmunqc.net/role/RL58007_2026.xml,,,,
"1100, Panama",,Brossard,,,495.5,1963,257500,254700,512200,2025,Logement,MAMH — Données Québec (rôle d'évaluation foncière),https://donneesouvertes.affmunqc.net/role/RL58007_2026.xml,,,,
"1095, Parnasse",,Brossard,,,503.5,1963,259800,271300,531100,2025,Logement,MAMH — Données Québec (rôle d'évaluation foncière),https://donneesouvertes.affmunqc.net/role/RL58007_2026.xml,,,,
"1125, Panama",,Brossard,,,612.4,1963,289000,278300,567300,2025,Logement,MAMH — Données Québec (rôle d'évaluation foncière),https://donneesouvertes.affmunqc.net/role/RL58007_2026.xml,,,,
"1110, Panama",,Brossard,,,495.5,1963,257500,259100,516600,2025,Logement,MAMH — Données Québec (rôle d'évaluation foncière),https://donneesouvertes.affmunqc.net/role/RL58007_2026.xml,,,,
"1105, Parnasse",,Brossard,,,503.5,1963,259800,293300,553100,2025,Logement,MAMH — Données Québec (rôle d'évaluation foncière),https://donneesouvertes.affmunqc.net/role/RL58007_2026.xml,,,,
"1135, Panama",,Brossard,,,661,1963,294300,230400,524700,2025,Logement,MAMH — Données Québec (rôle d'évaluation foncière),https://donneesouvertes.affmunqc.net/role/RL58007_2026.xml,,,,
"1120, Panama",,Brossard,,,495.5,1966,257500,282800,540300,2025,Logement,MAMH — Données Québec (rôle d'évaluation foncière),https://donneesouvertes.affmunqc.net/role/RL58007_2026.xml,,,,
"1115, Parnasse",,Brossard,,,561.5,1963,276500,270300,546800,2025,Logement,MAMH — Données Québec (rôle d'évaluation foncière),https://donneesouvertes.affmunqc.net/role/RL58007_2026.xml,,,,
"1145, Panama",,Brossard,,,744.2,1963,303500,282100,585600,2025,Logement,MAMH — Données Québec (rôle d'évaluation foncière),https://donneesouvertes.affmunqc.net/role/RL58007_2026.xml,,,,
"1075, Pasteur",,Brossard,,,485.4,1963,254600,260400,515000,2025,Logement,MAMH — Données Québec (rôle d'évaluation foncière),https://donneesouvertes.affmunqc.net/role/RL58007_2026.xml,,,,
"1080, Parnasse",,Brossard,,,485.4,1963,254600,321400,576000,2025,Logement,MAMH — Données Québec (rôle d'évaluation foncière),https://donneesouvertes.affmunqc.net/role/RL58007_2026.xml,,,,
"1085, Pasteur",,Brossard,,,494.7,1963,257300,269400,526700,2025,Logement,MAMH — Données Québec (rôle d'évaluation foncière),https://donneesouvertes.affmunqc.net/role/RL58007_2026.xml,,,,
"1090, Parnasse",,Brossard,,,505.2,1963,260300,309400,569700,2025,Logement,MAMH — Données Québec (rôle d'évaluation foncière),https://donneesouvertes.affmunqc.net/role/RL58007_2026.xml,,,,
"1095, Pasteur",,Brossard,,,514.1,1963,262900,286200,549100,2025,Logement,MAMH — Données Québec (rôle d'évaluation foncière),https://donneesouvertes.affmunqc.net/role/RL58007_2026.xml,,,,
"1100, Parnasse",,Brossard,,,495.2,1963,257400,263900,521300,2025,Logement,MAMH — Données Québec (rôle d'évaluation foncière),https://donneesouvertes.affmunqc.net/role/RL58007_2026.xml,,,,
"1110, Parnasse",,Brossard,,,536.6,1963,269300,292400,561700,2025,Logement,MAMH — Données Québec (rôle d'évaluation foncière),https://donneesouvertes.affmunqc.net/role/RL58007_2026.xml,,,,
"1105, Pasteur",,Brossard,,,641.1,1963,292100,220500,512600,2025,Logement,MAMH — Données Québec (rôle d'évaluation foncière),https://donneesouvertes.affmunqc.net/role/RL58007_2026.xml,,,,
"1120, Parnasse",,Brossard,,,525.7,1963,266200,446100,712300,2025,Logement,MAMH — Données Québec (rôle d'évaluation foncière),https://donneesouvertes.affmunqc.net/role/RL58007_2026.xml,,,,
"1115, Pasteur",,Brossard,,,548.2,1963,272700,329000,601700,2025,Logement,MAMH — Données Québec (rôle d'évaluation foncière),https://donneesouvertes.affmunqc.net/role/RL58007_2026.xml,,,,
"1070, Pasteur",,Brossard,,,468.2,1963,249600,261700,511300,2025,Logement,MAMH — Données Québec (rôle d'évaluation foncière),https://donneesouvertes.affmunqc.net/role/RL58007_2026.xml,,,,
"1080, Pasteur",,Brossard,,,465.43,1963,248800,261400,510200,2025,Logement,MAMH — Données Québec (rôle d'évaluation foncière),https://donneesouvertes.affmunqc.net/role/RL58007_2026.xml,,,,
"1090, Pasteur",,Brossard,,,502.9,1963,259600,309900,569500,2025,Logement,MAMH — Données Québec (rôle d'évaluation foncière),https://donneesouvertes.affmunqc.net/role/RL58007_2026.xml,,,,
"1100, Pasteur",,Brossard,,,508.7,1963,261300,252200,513500,2025,Logement,MAMH — Données Québec (rôle d'évaluation foncière),https://donneesouvertes.affmunqc.net/role/RL58007_2026.xml,,,,
"1100, Poirier",,Brossard,,,581.9,1972,282400,234400,516800,2025,Logement,MAMH — Données Québec (rôle d'évaluation foncière),https://donneesouvertes.affmunqc.net/role/RL58007_2026.xml,,,,
"1110, Poirier",,Brossard,,,488.5,1972,255500,256100,511600,2025,Logement,MAMH — Données Québec (rôle d'évaluation foncière),https://donneesouvertes.affmunqc.net/role/RL58007_2026.xml,,,,
"1105, Poirier",,Brossard,,,632.9,1963,291200,277900,569100,2025,Logement,MAMH — Données Québec (rôle d'évaluation foncière),https://donneesouvertes.affmunqc.net/role/RL58007_2026.xml,,,,
"1110, Pasteur",,Brossard,,,537,1963,269500,242500,512000,2025,Logement,MAMH — Données Québec (rôle d'évaluation foncière),https://donneesouvertes.affmunqc.net/role/RL58007_2026.xml,,,,
"905, Pellerin",,Brossard,,,356.7,1973,205100,234100,439200,2025,Logement,MAMH — Données Québec (rôle d'évaluation foncière),https://donneesouvertes.affmunqc.net/role/RL58007_2026.xml,,,,
"915, Pellerin",,Brossard,,,186.1,1974,107000,267700,374700,2025,Logement,MAMH — Données Québec (rôle d'évaluation foncière),https://donneesouvertes.affmunqc.net/role/RL58007_2026.xml,,,,
"875, Pellerin",,Brossard,,,311.2,1973,178900,194800,373700,2025,Logement,MAMH — Données Québec (rôle d'évaluation foncière),https://donneesouvertes.affmunqc.net/role/RL58007_2026.xml,,,,
"865, Pellerin",,Brossard,,,167.2,1973,96100,251400,347500,2025,Logement,MAMH — Données Québec (rôle d'évaluation foncière),https://donneesouvertes.affmunqc.net/role/RL58007_2026.xml,,,,
"855, Pellerin",,Brossard,,,167.2,1973,96100,243200,339300,2025,Logement,MAMH — Données Québec (rôle d'évaluation foncière),https://donneesouvertes.affmunqc.net/role/RL58007_2026.xml,,,,
"845, Pellerin",,Brossard,,,190.5,1973,109500,286800,396300,2025,Logement,MAMH — Données Québec (rôle d'évaluation foncière),https://donneesouvertes.affmunqc.net/role/RL58007_2026.xml,,,,
"925, Pellerin",,Brossard,,,186.1,1974,107000,280400,387400,2025,Logement,MAMH — Données Québec (rôle d'évaluation foncière),https://donneesouvertes.affmunqc.net/role/RL58007_2026.xml,,,,
"935, Pellerin",,Brossard,,,211.9,1974,121800,300900,422700,2025,Logement,MAMH — Données Québec (rôle d'évaluation foncière),https://donneesouvertes.affmunqc.net/role/RL58007_2026.xml,,,,
"945, Pellerin",,Brossard,,,216.9,1974,124700,271700,396400,2025,Logement,MAMH — Données Québec (rôle d'évaluation foncière),https://donneesouvertes.affmunqc.net/role/RL58007_2026.xml,,,,
"955, Pellerin",,Brossard,,,198.8,1974,114300,292100,406400,2025,Logement,MAMH — Données Québec (rôle d'évaluation foncière),https://donneesouvertes.affmunqc.net/role/RL58007_2026.xml,,,,
"965, Pellerin",,Brossard,,,206,1974,118500,289500,408000,2025,Logement,MAMH — Données Québec (rôle d'évaluation foncière),https://donneesouvertes.affmunqc.net/role/RL58007_2026.xml,,,,
"975, Pellerin",,Brossard,,,401.6,1974,230500,221700,452200,2025,Logement,MAMH — Données Québec (rôle d'évaluation foncière),https://donneesouvertes.affmunqc.net/role/RL58007_2026.xml,,,,
"1000, Pellerin",,Brossard,,,274.1,1974,157600,246200,403800,2025,Logement,MAMH — Données Québec (rôle d'évaluation foncière),https://donneesouvertes.affmunqc.net/role/RL58007_2026.xml,,,,
"1010, Pellerin",,Brossard,,,170.7,1973,98200,277600,375800,2025,Logement,MAMH — Données Québec (rôle d'évaluation foncière),https://donneesouvertes.affmunqc.net/role/RL58007_2026.xml,,,,
"1015, Pellerin",,Brossard,,,412.2,1975,233500,259400,492900,2025,Logement,MAMH — Données Québec (rôle d'évaluation foncière),https://donneesouvertes.affmunqc.net/role/RL58007_2026.xml,,,,
"1020, Pellerin",,Brossard,,,170.7,1973,98200,305400,403600,2025,Logement,MAMH — Données Québec (rôle d'évaluation foncière),https://donneesouvertes.affmunqc.net/role/RL58007_2026.xml,,,,
"1025, Pellerin",,Brossard,,,210.8,1975,121200,282900,404100,2025,Logement,MAMH — Données Québec (rôle d'évaluation foncière),https://donneesouvertes.affmunqc.net/role/RL58007_2026.xml,,,,
"1030, Pellerin",,Brossard,,,190.2,1974,109400,344800,454200,2025,Logement,MAMH — Données Québec (rôle d'évaluation foncière),https://donneesouvertes.affmunqc.net/role/RL58007_2026.xml,,,,
"1035, Pellerin",,Brossard,,,207.9,1975,119500,266800,386300,2025,Logement,MAMH — Données Québec (rôle d'évaluation foncière),https://donneesouvertes.affmunqc.net/role/RL58007_2026.xml,,,,
"1040, Pellerin",,Brossard,,,190.2,1973,109400,279800,389200,2025,Logement,MAMH — Données Québec (rôle d'évaluation foncière),https://donneesouvertes.affmunqc.net/role/RL58007_2026.xml,,,,
"1045, Pellerin",,Brossard,,,233.2,1975,134100,269000,403100,2025,Logement,MAMH — Données Québec (rôle d'évaluation foncière),https://donneesouvertes.affmunqc.net/role/RL58007_2026.xml,,,,
"1050, Pellerin",,Brossard,,,170.7,1973,98200,307300,405500,2025,Logement,MAMH — Données Québec (rôle d'évaluation foncière),https://donneesouvertes.affmunqc.net/role/RL58007_2026.xml,,,,
"900, Péloquin",,Brossard,,,450,1977,220000,237400,457400,2025,Logement,MAMH — Données Québec (rôle d'évaluation foncière),https://donneesouvertes.affmunqc.net/role/RL58007_2026.xml,,,,
"920, Péloquin",,Brossard,,,408.4,1976,232400,249000,481400,2025,Logement,MAMH — Données Québec (rôle d'évaluation foncière),https://donneesouvertes.affmunqc.net/role/RL58007_2026.xml,,,,
"940, Péloquin",,Brossard,,,375.8,1976,216100,241200,457300,2025,Logement,MAMH — Données Québec (rôle d'évaluation foncière),https://donneesouvertes.affmunqc.net/role/RL58007_2026.xml,,,,
"960, Péloquin",,Brossard,,,403.8,1976,231100,200900,432000,2025,Logement,MAMH — Données Québec (rôle d'évaluation foncière),https://donneesouvertes.affmunqc.net/role/RL58007_2026.xml,,,,
"835, Pellerin",,Brossard,,,190.5,1973,109500,338400,447900,2025,Logement,MAMH — Données Québec (rôle d'évaluation foncière),https://donneesouvertes.affmunqc.net/role/RL58007_2026.xml,,,,
"825, Pellerin",,Brossard,,,167.2,1973,96100,281500,377600,2025,Logement,MAMH — Données Québec (rôle d'évaluation foncière),https://donneesouvertes.affmunqc.net/role/RL58007_2026.xml,,,,
"815, Pellerin",,Brossard,,,167.2,1973,96100,337100,433200,2025,Logement,MAMH — Données Québec (rôle d'évaluation foncière),https://donneesouvertes.affmunqc.net/role/RL58007_2026.xml,,,,
"805, Pellerin",,Brossard,,,320.5,1973,184300,207500,391800,2025,Logement,MAMH — Données Québec (rôle d'évaluation foncière),https://donneesouvertes.affmunqc.net/role/RL58007_2026.xml,,,,
"1000, Péloquin",,Brossard,,,519.5,1977,238000,269000,507000,2025,Logement,MAMH — Données Québec (rôle d'évaluation foncière),https://donneesouvertes.affmunqc.net/role/RL58007_2026.xml,,,,
"1020, Péloquin",,Brossard,,,519.1,1977,237900,249300,487200,2025,Logement,MAMH — Données Québec (rôle d'évaluation foncière),https://donneesouvertes.affmunqc.net/role/RL58007_2026.xml,,,,
"1005, Péloquin",,Brossard,,,274.1,1973,157600,225800,383400,2025,Logement,MAMH — Données Québec (rôle d'évaluation foncière),https://donneesouvertes.affmunqc.net/role/RL58007_2026.xml,,,,
"1040, Péloquin",,Brossard,,,518.9,1976,237800,254700,492500,2025,Logement,MAMH — Données Québec (rôle d'évaluation foncière),https://donneesouvertes.affmunqc.net/role/RL58007_2026.xml,,,,
"1015, Péloquin",,Brossard,,,170.7,1973,98200,293000,391200,2025,Logement,MAMH — Données Québec (rôle d'évaluation foncière),https://donneesouvertes.affmunqc.net/role/RL58007_2026.xml,,,,
"1060, Péloquin",,Brossard,,,518.5,1976,237700,262000,499700,2025,Logement,MAMH — Données Québec (rôle d'évaluation foncière),https://donneesouvertes.affmunqc.net/role/RL58007_2026.xml,,,,
"1025, Péloquin",,Brossard,,,170.7,1973,98200,309500,407700,2025,Logement,MAMH — Données Québec (rôle d'évaluation foncière),https://donneesouvertes.affmunqc.net/role/RL58007_2026.xml,,,,
"1035, Péloquin",,Brossard,,,190.2,1973,109400,288500,397900,2025,Logement,MAMH — Données Québec (rôle d'évaluation foncière),https://donneesouvertes.affmunqc.net/role/RL58007_2026.xml,,,,
"1080, Péloquin",,Brossard,,,518.1,1976,237600,247400,485000,2025,Logement,MAMH — Données Québec (rôle d'évaluation foncière),https://donneesouvertes.affmunqc.net/role/RL58007_2026.xml,,,,
"1045, Péloquin",,Brossard,,,190.2,1973,109400,268000,377400,2025,Logement,MAMH — Données Québec (rôle d'évaluation foncière),https://donneesouvertes.affmunqc.net/role/RL58007_2026.xml,,,,
"1055, Péloquin",,Brossard,,,170.7,1973,98200,245600,343800,2025,Logement,MAMH — Données Québec (rôle d'évaluation foncière),https://donneesouvertes.affmunqc.net/role/RL58007_2026.xml,,,,
"6350, Tisserand",,Brossard,,,408,1979,161600,233300,394900,2025,Logement,MAMH — Données Québec (rôle d'évaluation foncière),https://donneesouvertes.affmunqc.net/role/RL58007_2026.xml,,,,
"6360, Tisserand",,Brossard,,,408.4,1979,161700,334800,496500,2025,Logement,MAMH — Données Québec (rôle d'évaluation foncière),https://donneesouvertes.affmunqc.net/role/RL58007_2026.xml,,,,
"6370, Tisserand",,Brossard,,,334.3,1980,133700,343600,477300,2025,Logement,MAMH — Données Québec (rôle d'évaluation foncière),https://donneesouvertes.affmunqc.net/role/RL58007_2026.xml,,,,
"6380, Tisserand",,Brossard,,,405.8,1980,161200,313600,474800,2025,Logement,MAMH — Données Québec (rôle d'évaluation foncière),https://donneesouvertes.affmunqc.net/role/RL58007_2026.xml,,,,
"6425, Tisserand",,Brossard,,,9411.8,,1882400,,1882400,2025,Institutionnel,MAMH — Données Québec (rôle d'évaluation foncière),https://donneesouvertes.affmunqc.net/role/RL58007_2026.xml,,,,
"6400, Tisserand",,Brossard,,,414.8,1979,163000,285300,448300,2025,Logement,MAMH — Données Québec (rôle d'évaluation foncière),https://donneesouvertes.affmunqc.net/role/RL58007_2026.xml,,,,
"6410, Tisserand",,Brossard,,,302.3,1979,120900,326900,447800,2025,Logement,MAMH — Données Québec (rôle d'évaluation foncière),https://donneesouvertes.affmunqc.net/role/RL58007_2026.xml,,,,
"7195, Turner",,Brossard,,,613.6,1980,306200,425900,732100,2025,Logement,MAMH — Données Québec (rôle d'évaluation foncière),https://donneesouvertes.affmunqc.net/role/RL58007_2026.xml,,,,
"6420, Tisserand",,Brossard,,,300.5,1980,120200,284500,404700,2025,Logement,MAMH — Données Québec (rôle d'évaluation foncière),https://donneesouvertes.affmunqc.net/role/RL58007_2026.xml,,,,
"6770, Pinard",,Brossard,,,292.6,1978,168200,260900,429100,2025,Logement,MAMH — Données Québec (rôle d'évaluation foncière),https://donneesouvertes.affmunqc.net/role/RL58007_2026.xml,,,,
"6650, Poitou",,Brossard,,,325.2,1975,187000,269100,456100,2025,Logement,MAMH — Données Québec (rôle d'évaluation foncière),https://donneesouvertes.affmunqc.net/role/RL58007_2026.xml,,,,
"6660, Poitou",,Brossard,,,444.1,1975,242700,294500,537200,2025,Logement,MAMH — Données Québec (rôle d'évaluation foncière),https://donneesouvertes.affmunqc.net/role/RL58007_2026.xml,,,,
"6760, Pinard",,Brossard,,,292.6,1978,168200,265200,433400,2025,Logement,MAMH — Données Québec (rôle d'évaluation foncière),https://donneesouvertes.affmunqc.net/role/RL58007_2026.xml,,,,
"6750, Pinard",,Brossard,,,292.6,1978,168200,265500,433700,2025,Logement,MAMH — Données Québec (rôle d'évaluation foncière),https://donneesouvertes.affmunqc.net/role/RL58007_2026.xml,,,,
"6740, Pinard",,Brossard,,,292.6,1978,168200,323200,491400,2025,Logement,MAMH — Données Québec (rôle d'évaluation foncière),https://donneesouvertes.affmunqc.net/role/RL58007_2026.xml,,,,
"6675, Picasso",,Brossard,,,389.72,1975,224100,298900,523000,2025,Logement,MAMH — Données Québec (rôle d'évaluation foncière),https://donneesouvertes.affmunqc.net/role/RL58007_2026.xml,,,,
"6665, Picasso",,Brossard,,,278.7,1974,160300,281200,441500,2025,Logement,MAMH — Données Québec (rôle d'évaluation foncière),https://donneesouvertes.affmunqc.net/role/RL58007_2026.xml,,,,
"6655, Picasso",,Brossard,,,278.7,1975,160300,274400,434700,2025,Logement,MAMH — Données Québec (rôle d'évaluation foncière),https://donneesouvertes.affmunqc.net/role/RL58007_2026.xml,,,,
"6730, Pinard",,Brossard,,,292.6,1978,168200,281600,449800,2025,Logement,MAMH — Données Québec (rôle d'évaluation foncière),https://donneesouvertes.affmunqc.net/role/RL58007_2026.xml,,,,
"6720, Pinard",,Brossard,,,292.6,1978,168200,289000,457200,2025,Logement,MAMH — Données Québec (rôle d'évaluation foncière),https://donneesouvertes.affmunqc.net/role/RL58007_2026.xml,,,,
"6710, Pinard",,Brossard,,,292.6,1978,168200,367200,535400,2025,Logement,MAMH — Données Québec (rôle d'évaluation foncière),https://donneesouvertes.affmunqc.net/role/RL58007_2026.xml,,,,
"6700, Pinard",,Brossard,,,292.6,1978,168200,285300,453500,2025,Logement,MAMH — Données Québec (rôle d'évaluation foncière),https://donneesouvertes.affmunqc.net/role/RL58007_2026.xml,,,,
"6680, Picasso",,Brossard,,,399.7,1977,229800,280900,510700,2025,Logement,MAMH — Données Québec (rôle d'évaluation foncière),https://donneesouvertes.affmunqc.net/role/RL58007_2026.xml,,,,
"6670, Picasso",,Brossard,,,347,1977,199500,280600,480100,2025,Logement,MAMH — Données Québec (rôle d'évaluation foncière),https://donneesouvertes.affmunqc.net/role/RL58007_2026.xml,,,,
"6660, Picasso",,Brossard,,,347,1977,199500,208900,408400,2025,Logement,MAMH — Données Québec (rôle d'évaluation foncière),https://donneesouvertes.affmunqc.net/role/RL58007_2026.xml,,,,
"6690, Pinard",,Brossard,,,292.6,1978,168200,236300,404500,2025,Logement,MAMH — Données Québec (rôle d'évaluation foncière),https://donneesouvertes.affmunqc.net/role/RL58007_2026.xml,,,,
"6640, Poitou",,Brossard,,,325.2,1975,187000,256000,443000,2025,Logement,MAMH — Données Québec (rôle d'évaluation foncière),https://donneesouvertes.affmunqc.net/role/RL58007_2026.xml,,,,
"6630, Poitou",,Brossard,,,325.2,1975,187000,310600,497600,2025,Logement,MAMH — Données Québec (rôle d'évaluation foncière),https://donneesouvertes.affmunqc.net/role/RL58007_2026.xml,,,,
"6620, Poitou",,Brossard,,,325.2,1975,187000,314400,501400,2025,Logement,MAMH — Données Québec (rôle d'évaluation foncière),https://donneesouvertes.affmunqc.net/role/RL58007_2026.xml,,,,
