address,borough,city,latitude,longitude,lot_area_sqm,construction_year,assessment_land,assessment_building,assessment_total,assessment_year,property_category,data_source,source_url,street_photo_url,street_photo_taken_at,street_photo_author,street_photo_source
"868, Jean-plouf",,Boucherville,,,698.2,1974,209600,370600,580200,2025,Logement,MAMH — Données Québec (rôle d'évaluation foncière),https://donneesouvertes.affmunqc.net/role/RL58033_2026.xml,,,,
"866, Jean-plouf",,Boucherville,,,698.2,1974,209600,272000,481600,2025,Logement,MAMH — Données Québec (rôle d'évaluation foncière),https://donneesouvertes.affmunqc.net/role/RL58033_2026.xml,,,,
"864, Jean-plouf",,Boucherville,,,698.2,1974,209600,335100,544700,2025,Logement,MAMH — Données Québec (rôle d'évaluation foncière),https://donneesouvertes.affmunqc.net/role/RL58033_2026.xml,,,,
"862, Jean-plouf",,Boucherville,,,698.2,1974,209600,271000,480600,2025,Logement,MAMH — Données Québec (rôle d'évaluation foncière),https://donneesouvertes.affmunqc.net/role/RL58033_2026.xml,,,,
"860, Jean-plouf",,Boucherville,,,698.2,1974,209600,346300,555900,2025,Logement,MAMH — Données Québec (rôle d'évaluation foncière),https://donneesouvertes.affmunqc.net/role/RL58033_2026.xml,,,,
"861, Jean-bois",,Boucherville,,,716,1974,211600,426300,637900,2025,Logement,MAMH — Données Québec (rôle d'évaluation foncière),https://donneesouvertes.affmunqc.net/role/RL58033_2026.xml,,,,
"877, Jean-bois",,Boucherville,,,659.6,1974,201900,357700,559600,2025,Logement,MAMH — Données Québec (rôle d'évaluation foncière),https://donneesouvertes.affmunqc.net/role/RL58033_2026.xml,,,,
"876, Jean-plouf",,Boucherville,,,650.3,1973,200100,298300,498400,2025,Logement,MAMH — Données Québec (rôle d'évaluation foncière),https://donneesouvertes.affmunqc.net/role/RL58033_2026.xml,,,,
"875, Jean-bois",,Boucherville,,,659.6,1974,201900,369100,571000,2025,Logement,MAMH — Données Québec (rôle d'évaluation foncière),https://donneesouvertes.affmunqc.net/role/RL58033_2026.xml,,,,
"874, Jean-plouf",,Boucherville,,,743.2,1974,214300,326600,540900,2025,Logement,MAMH — Données Québec (rôle d'évaluation foncière),https://donneesouvertes.affmunqc.net/role/RL58033_2026.xml,,,,
"871, Jean-bois",,Boucherville,,,659.6,1973,201900,415900,617800,2025,Logement,MAMH — Données Québec (rôle d'évaluation foncière),https://donneesouvertes.affmunqc.net/role/RL58033_2026.xml,,,,
"870, Jean-plouf",,Boucherville,,,742.8,1974,214300,357900,572200,2025,Logement,MAMH — Données Québec (rôle d'évaluation foncière),https://donneesouvertes.affmunqc.net/role/RL58033_2026.xml,,,,
"869, Jean-bois",,Boucherville,,,789.7,1974,219000,395600,614600,2025,Logement,MAMH — Données Québec (rôle d'évaluation foncière),https://donneesouvertes.affmunqc.net/role/RL58033_2026.xml,,,,
"865, Jean-bois",,Boucherville,,,810.5,1974,221100,427200,648300,2025,Logement,MAMH — Données Québec (rôle d'évaluation foncière),https://donneesouvertes.affmunqc.net/role/RL58033_2026.xml,,,,
"863, Jean-bois",,Boucherville,,,716,1974,211600,485800,697400,2025,Logement,MAMH — Données Québec (rôle d'évaluation foncière),https://donneesouvertes.affmunqc.net/role/RL58033_2026.xml,,,,
"882, Jean-bois",,Boucherville,,,661.9,1974,202400,427900,630300,2025,Logement,MAMH — Données Québec (rôle d'évaluation foncière),https://donneesouvertes.affmunqc.net/role/RL58033_2026.xml,,,,
"901, Thomas-frérot",,Boucherville,,,752.9,1974,215300,372900,588200,2025,Logement,MAMH — Données Québec (rôle d'évaluation foncière),https://donneesouvertes.affmunqc.net/role/RL58033_2026.xml,,,,
"901, Jacques-laporte",,Boucherville,,,821.3,1974,222100,277100,499200,2025,Logement,MAMH — Données Québec (rôle d'évaluation foncière),https://donneesouvertes.affmunqc.net/role/RL58033_2026.xml,,,,
"905, Thomas-frérot",,Boucherville,,,713.3,1975,211300,373900,585200,2025,Logement,MAMH — Données Québec (rôle d'évaluation foncière),https://donneesouvertes.affmunqc.net/role/RL58033_2026.xml,,,,
"872, Jean-bois",,Boucherville,,,698.1,1975,209600,365400,575000,2025,Logement,MAMH — Données Québec (rôle d'évaluation foncière),https://donneesouvertes.affmunqc.net/role/RL58033_2026.xml,,,,
"911, Thomas-frérot",,Boucherville,,,967.2,1976,236700,403800,640500,2025,Logement,MAMH — Données Québec (rôle d'évaluation foncière),https://donneesouvertes.affmunqc.net/role/RL58033_2026.xml,,,,
"902, Thomas-frérot",,Boucherville,,,635.5,1975,197100,446200,643300,2025,Logement,MAMH — Données Québec (rôle d'évaluation foncière),https://donneesouvertes.affmunqc.net/role/RL58033_2026.xml,,,,
"870, Jean-bois",,Boucherville,,,698.1,1974,209600,358500,568100,2025,Logement,MAMH — Données Québec (rôle d'évaluation foncière),https://donneesouvertes.affmunqc.net/role/RL58033_2026.xml,,,,
"906, Thomas-frérot",,Boucherville,,,728.7,1974,212900,394800,607700,2025,Logement,MAMH — Données Québec (rôle d'évaluation foncière),https://donneesouvertes.affmunqc.net/role/RL58033_2026.xml,,,,
"903, Nicole-lemaire",,Boucherville,,,635.5,1974,197100,436800,633900,2025,Logement,MAMH — Données Québec (rôle d'évaluation foncière),https://donneesouvertes.affmunqc.net/role/RL58033_2026.xml,,,,
"910, Thomas-frérot",,Boucherville,,,782,1975,218200,419500,637700,2025,Logement,MAMH — Données Québec (rôle d'évaluation foncière),https://donneesouvertes.affmunqc.net/role/RL58033_2026.xml,,,,
"804, Rivière-aux-pins",,Boucherville,,,650.3,1977,220100,418600,638700,2025,Logement,MAMH — Données Québec (rôle d'évaluation foncière),https://donneesouvertes.affmunqc.net/role/RL58033_2026.xml,,,,
"806, Rivière-aux-pins",,Boucherville,,,631.7,1979,216000,436300,652300,2025,Logement,MAMH — Données Québec (rôle d'évaluation foncière),https://donneesouvertes.affmunqc.net/role/RL58033_2026.xml,,,,
"808, Rivière-aux-pins",,Boucherville,,,631.7,1976,216000,448500,664500,2025,Logement,MAMH — Données Québec (rôle d'évaluation foncière),https://donneesouvertes.affmunqc.net/role/RL58033_2026.xml,,,,
"810, Rivière-aux-pins",,Boucherville,,,631.7,1977,216000,366400,582400,2025,Logement,MAMH — Données Québec (rôle d'évaluation foncière),https://donneesouvertes.affmunqc.net/role/RL58033_2026.xml,,,,
"814, Rivière-aux-pins",,Boucherville,,,631.7,1976,216000,446500,662500,2025,Logement,MAMH — Données Québec (rôle d'évaluation foncière),https://donneesouvertes.affmunqc.net/role/RL58033_2026.xml,,,,
"816, Rivière-aux-pins",,Boucherville,,,622.5,1976,214000,381700,595700,2025,Logement,MAMH — Données Québec (rôle d'évaluation foncière),https://donneesouvertes.affmunqc.net/role/RL58033_2026.xml,,,,
"817, Rivière-aux-pins",,Boucherville,,,592.9,1976,188600,342400,531000,2025,Logement,MAMH — Données Québec (rôle d'évaluation foncière),https://donneesouvertes.affmunqc.net/role/RL58033_2026.xml,,,,
"819, Rivière-aux-pins",,Boucherville,,,564.1,1976,182800,325200,508000,2025,Logement,MAMH — Données Québec (rôle d'évaluation foncière),https://donneesouvertes.affmunqc.net/role/RL58033_2026.xml,,,,
"821, Rivière-aux-pins",,Boucherville,,,602.8,1976,190600,310800,501400,2025,Logement,MAMH — Données Québec (rôle d'évaluation foncière),https://donneesouvertes.affmunqc.net/role/RL58033_2026.xml,,,,
"823, Rivière-aux-pins",,Boucherville,,,583.2,1976,186600,384100,570700,2025,Logement,MAMH — Données Québec (rôle d'évaluation foncière),https://donneesouvertes.affmunqc.net/role/RL58033_2026.xml,,,,
"825, Rivière-aux-pins",,Boucherville,,,727.8,1976,212800,478600,691400,2025,Logement,MAMH — Données Québec (rôle d'évaluation foncière),https://donneesouvertes.affmunqc.net/role/RL58033_2026.xml,,,,
"818, Rivière-aux-pins",,Boucherville,,,557.4,1976,199600,325000,524600,2025,Logement,MAMH — Données Québec (rôle d'évaluation foncière),https://donneesouvertes.affmunqc.net/role/RL58033_2026.xml,,,,
"820, Rivière-aux-pins",,Boucherville,,,730.3,1976,234300,440900,675200,2025,Logement,MAMH — Données Québec (rôle d'évaluation foncière),https://donneesouvertes.affmunqc.net/role/RL58033_2026.xml,,,,
"822, Rivière-aux-pins",,Boucherville,,,730,1975,234300,450500,684800,2025,Logement,MAMH — Données Québec (rôle d'évaluation foncière),https://donneesouvertes.affmunqc.net/role/RL58033_2026.xml,,,,
"824, Rivière-aux-pins",,Boucherville,,,766.5,1975,238300,309900,548200,2025,Logement,MAMH — Données Québec (rôle d'évaluation foncière),https://donneesouvertes.affmunqc.net/role/RL58033_2026.xml,,,,
"826, Rivière-aux-pins",,Boucherville,,,766.5,1975,238300,476600,714900,2025,Logement,MAMH — Données Québec (rôle d'évaluation foncière),https://donneesouvertes.affmunqc.net/role/RL58033_2026.xml,,,,
"835, Rivière-aux-pins",,Boucherville,,,667.7,1975,203500,312600,516100,2025,Logement,MAMH — Données Québec (rôle d'évaluation foncière),https://donneesouvertes.affmunqc.net/role/RL58033_2026.xml,,,,
"829, Rivière-aux-pins",,Boucherville,,,866.7,1975,226700,526800,753500,2025,Logement,MAMH — Données Québec (rôle d'évaluation foncière),https://donneesouvertes.affmunqc.net/role/RL58033_2026.xml,,,,
"839, Rivière-aux-pins",,Boucherville,,,650.3,1975,200100,327000,527100,2025,Logement,MAMH — Données Québec (rôle d'évaluation foncière),https://donneesouvertes.affmunqc.net/role/RL58033_2026.xml,,,,
"837, Rivière-aux-pins",,Boucherville,,,1851.9,,325200,,325200,2025,Institutionnel,MAMH — Données Québec (rôle d'évaluation foncière),https://donneesouvertes.affmunqc.net/role/RL58033_2026.xml,,,,
"830, Rivière-aux-pins",,Boucherville,,,766.5,1975,238300,406100,644400,2025,Logement,MAMH — Données Québec (rôle d'évaluation foncière),https://donneesouvertes.affmunqc.net/role/RL58033_2026.xml,,,,
"834, Rivière-aux-pins",,Boucherville,,,766.5,1975,238300,420900,659200,2025,Logement,MAMH — Données Québec (rôle d'évaluation foncière),https://donneesouvertes.affmunqc.net/role/RL58033_2026.xml,,,,
"838, Rivière-aux-pins",,Boucherville,,,766.5,1975,238300,379100,617400,2025,Logement,MAMH — Données Québec (rôle d'évaluation foncière),https://donneesouvertes.affmunqc.net/role/RL58033_2026.xml,,,,
"836, Jean-bois",,Boucherville,,,715.4,1973,211500,306600,518100,2025,Logement,MAMH — Données Québec (rôle d'évaluation foncière),https://donneesouvertes.affmunqc.net/role/RL58033_2026.xml,,,,
"838, Jean-bois",,Boucherville,,,744.3,1977,214400,421400,635800,2025,Logement,MAMH — Données Québec (rôle d'évaluation foncière),https://donneesouvertes.affmunqc.net/role/RL58033_2026.xml,,,,
"841, Rivière-aux-pins",,Boucherville,,,844.3,1975,224400,388300,612700,2025,Logement,MAMH — Données Québec (rôle d'évaluation foncière),https://donneesouvertes.affmunqc.net/role/RL58033_2026.xml,,,,
"840, Jean-bois",,Boucherville,,,688.7,1974,207700,292500,500200,2025,Logement,MAMH — Données Québec (rôle d'évaluation foncière),https://donneesouvertes.affmunqc.net/role/RL58033_2026.xml,,,,
"843, Rivière-aux-pins",,Boucherville,,,858.1,1975,225800,824300,1050100,2025,Logement,MAMH — Données Québec (rôle d'évaluation foncière),https://donneesouvertes.affmunqc.net/role/RL58033_2026.xml,,,,
"851, Rivière-aux-pins",,Boucherville,,,619.3,1975,193900,377000,570900,2025,Logement,MAMH — Données Québec (rôle d'évaluation foncière),https://donneesouvertes.affmunqc.net/role/RL58033_2026.xml,,,,
"847, Rivière-aux-pins",,Boucherville,,,944.1,1975,234400,376700,611100,2025,Logement,MAMH — Données Québec (rôle d'évaluation foncière),https://donneesouvertes.affmunqc.net/role/RL58033_2026.xml,,,,
"845, Rivière-aux-pins",,Boucherville,,,821.6,1975,222200,354900,577100,2025,Logement,MAMH — Données Québec (rôle d'évaluation foncière),https://donneesouvertes.affmunqc.net/role/RL58033_2026.xml,,,,
"849, Rivière-aux-pins",,Boucherville,,,851.1,1975,225100,479700,704800,2025,Logement,MAMH — Données Québec (rôle d'évaluation foncière),https://donneesouvertes.affmunqc.net/role/RL58033_2026.xml,,,,
"843, Jean-bois",,Boucherville,,,716,1974,211600,340900,552500,2025,Logement,MAMH — Données Québec (rôle d'évaluation foncière),https://donneesouvertes.affmunqc.net/role/RL58033_2026.xml,,,,
"847, Jean-bois",,Boucherville,,,716,1974,211600,409100,620700,2025,Logement,MAMH — Données Québec (rôle d'évaluation foncière),https://donneesouvertes.affmunqc.net/role/RL58033_2026.xml,,,,
"849, Jean-bois",,Boucherville,,,716,1973,211600,361100,572700,2025,Logement,MAMH — Données Québec (rôle d'évaluation foncière),https://donneesouvertes.affmunqc.net/role/RL58033_2026.xml,,,,
"851, Jean-bois",,Boucherville,,,716,1974,211600,331800,543400,2025,Logement,MAMH — Données Québec (rôle d'évaluation foncière),https://donneesouvertes.affmunqc.net/role/RL58033_2026.xml,,,,
"844, Jean-bois",,Boucherville,,,863.7,1974,226400,430900,657300,2025,Logement,MAMH — Données Québec (rôle d'évaluation foncière),https://donneesouvertes.affmunqc.net/role/RL58033_2026.xml,,,,
"850, Jean-bois",,Boucherville,,,726.7,1974,212700,405900,618600,2025,Logement,MAMH — Données Québec (rôle d'évaluation foncière),https://donneesouvertes.affmunqc.net/role/RL58033_2026.xml,,,,
"854, Jean-bois",,Boucherville,,,571.4,1975,202700,380500,583200,2025,Logement,MAMH — Données Québec (rôle d'évaluation foncière),https://donneesouvertes.affmunqc.net/role/RL58033_2026.xml,,,,
"852, Jean-bois",,Boucherville,,,949.3,1974,258400,404400,662800,2025,Logement,MAMH — Données Québec (rôle d'évaluation foncière),https://donneesouvertes.affmunqc.net/role/RL58033_2026.xml,,,,
"856, Rivière-aux-pins",,Boucherville,,,871,1975,249800,505900,755700,2025,Logement,MAMH — Données Québec (rôle d'évaluation foncière),https://donneesouvertes.affmunqc.net/role/RL58033_2026.xml,,,,
"859, Jean-bois",,Boucherville,,,716,1974,211600,318500,530100,2025,Logement,MAMH — Données Québec (rôle d'évaluation foncière),https://donneesouvertes.affmunqc.net/role/RL58033_2026.xml,,,,
"857, Jean-bois",,Boucherville,,,716,1974,211600,460300,671900,2025,Logement,MAMH — Données Québec (rôle d'évaluation foncière),https://donneesouvertes.affmunqc.net/role/RL58033_2026.xml,,,,
"855, Jean-bois",,Boucherville,,,716,1974,211600,291100,502700,2025,Logement,MAMH — Données Québec (rôle d'évaluation foncière),https://donneesouvertes.affmunqc.net/role/RL58033_2026.xml,,,,
"905, Nicole-lemaire",,Boucherville,,,635.5,1974,197100,357700,554800,2025,Logement,MAMH — Données Québec (rôle d'évaluation foncière),https://donneesouvertes.affmunqc.net/role/RL58033_2026.xml,,,,
"912, Thomas-frérot",,Boucherville,,,661.9,1975,202400,269800,472200,2025,Logement,MAMH — Données Québec (rôle d'évaluation foncière),https://donneesouvertes.affmunqc.net/role/RL58033_2026.xml,,,,
"909, Nicole-lemaire",,Boucherville,,,581.1,1974,186200,364000,550200,2025,Logement,MAMH — Données Québec (rôle d'évaluation foncière),https://donneesouvertes.affmunqc.net/role/RL58033_2026.xml,,,,
"911, Nicole-lemaire",,Boucherville,,,661,1974,202200,305500,507700,2025,Logement,MAMH — Données Québec (rôle d'évaluation foncière),https://donneesouvertes.affmunqc.net/role/RL58033_2026.xml,,,,
"917, Nicole-lemaire",,Boucherville,,,661.9,1974,202400,313800,516200,2025,Logement,MAMH — Données Québec (rôle d'évaluation foncière),https://donneesouvertes.affmunqc.net/role/RL58033_2026.xml,,,,
"916, Nicole-lemaire",,Boucherville,,,783.9,1975,240200,401300,641500,2025,Logement,MAMH — Données Québec (rôle d'évaluation foncière),https://donneesouvertes.affmunqc.net/role/RL58033_2026.xml,,,,
"918, Nicole-lemaire",,Boucherville,,,1003.4,1974,264400,385700,650100,2025,Logement,MAMH — Données Québec (rôle d'évaluation foncière),https://donneesouvertes.affmunqc.net/role/RL58033_2026.xml,,,,
"810, Général-vanier",,Boucherville,,,5503.1,1925,241000,443800,684800,2025,Logement,MAMH — Données Québec (rôle d'évaluation foncière),https://donneesouvertes.affmunqc.net/role/RL58033_2026.xml,,,,
"840, Rivière-aux-pins",,Boucherville,,,766.5,1975,238300,397800,636100,2025,Logement,MAMH — Données Québec (rôle d'évaluation foncière),https://donneesouvertes.affmunqc.net/role/RL58033_2026.xml,,,,
"842, Rivière-aux-pins",,Boucherville,,,766.5,1975,238300,426500,664800,2025,Logement,MAMH — Données Québec (rôle d'évaluation foncière),https://donneesouvertes.affmunqc.net/role/RL58033_2026.xml,,,,
"900, Nicole-lemaire",,Boucherville,,,95899.5,,2877000,,2877000,2025,Institutionnel,MAMH — Données Québec (rôle d'évaluation foncière),https://donneesouvertes.affmunqc.net/role/RL58033_2026.xml,,,,
"846, Rivière-aux-pins",,Boucherville,,,766.5,1975,238300,569900,808200,2025,Logement,MAMH — Données Québec (rôle d'évaluation foncière),https://donneesouvertes.affmunqc.net/role/RL58033_2026.xml,,,,
"852, Rivière-aux-pins",,Boucherville,,,800.4,1975,242000,453000,695000,2025,Logement,MAMH — Données Québec (rôle d'évaluation foncière),https://donneesouvertes.affmunqc.net/role/RL58033_2026.xml,,,,
"848, Rivière-aux-pins",,Boucherville,,,831,1975,245400,411500,656900,2025,Logement,MAMH — Données Québec (rôle d'évaluation foncière),https://donneesouvertes.affmunqc.net/role/RL58033_2026.xml,,,,
"850, Rivière-aux-pins",,Boucherville,,,1055.1,1975,270100,418800,688900,2025,Logement,MAMH — Données Québec (rôle d'évaluation foncière),https://donneesouvertes.affmunqc.net/role/RL58033_2026.xml,,,,
"854, Rivière-aux-pins",,Boucherville,,,698.4,1975,230600,351000,581600,2025,Logement,MAMH — Données Québec (rôle d'évaluation foncière),https://donneesouvertes.affmunqc.net/role/RL58033_2026.xml,,,,
"994, Général-vanier",,Boucherville,,,3241.4,1981,209600,435700,645300,2025,Logement,MAMH — Données Québec (rôle d'évaluation foncière),https://donneesouvertes.affmunqc.net/role/RL58033_2026.xml,,,,
"1069, Général-vanier",,Boucherville,,,2833.6,,13000,,13000,2025,Agricole,MAMH — Données Québec (rôle d'évaluation foncière),https://donneesouvertes.affmunqc.net/role/RL58033_2026.xml,,,,
"880, Anne-le Moyne",,Boucherville,,,654,1968,245300,418900,664200,2025,Logement,MAMH — Données Québec (rôle d'évaluation foncière),https://donneesouvertes.affmunqc.net/role/RL58033_2026.xml,,,,
"886, Anne-le Moyne",,Boucherville,,,971.5,1968,364300,361300,725600,2025,Logement,MAMH — Données Québec (rôle d'évaluation foncière),https://donneesouvertes.affmunqc.net/role/RL58033_2026.xml,,,,
"877, Abbés-primeau",,Boucherville,,,637.9,1967,239200,321700,560900,2025,Logement,MAMH — Données Québec (rôle d'évaluation foncière),https://donneesouvertes.affmunqc.net/role/RL58033_2026.xml,,,,
"879, Abbés-primeau",,Boucherville,,,661.5,1967,248100,286100,534200,2025,Logement,MAMH — Données Québec (rôle d'évaluation foncière),https://donneesouvertes.affmunqc.net/role/RL58033_2026.xml,,,,
"881, Abbés-primeau",,Boucherville,,,702.1,1967,263300,261800,525100,2025,Logement,MAMH — Données Québec (rôle d'évaluation foncière),https://donneesouvertes.affmunqc.net/role/RL58033_2026.xml,,,,
"885, Abbés-primeau",,Boucherville,,,733.5,1966,275100,255500,530600,2025,Logement,MAMH — Données Québec (rôle d'évaluation foncière),https://donneesouvertes.affmunqc.net/role/RL58033_2026.xml,,,,
"888, Abbés-primeau",,Boucherville,,,1030.4,1967,283000,266200,549200,2025,Logement,MAMH — Données Québec (rôle d'évaluation foncière),https://donneesouvertes.affmunqc.net/role/RL58033_2026.xml,,,,
"890, Abbés-primeau",,Boucherville,,,1137.8,1969,293800,248100,541900,2025,Logement,MAMH — Données Québec (rôle d'évaluation foncière),https://donneesouvertes.affmunqc.net/role/RL58033_2026.xml,,,,
"892, Abbés-primeau",,Boucherville,,,1045.2,1969,284500,265800,550300,2025,Logement,MAMH — Données Québec (rôle d'évaluation foncière),https://donneesouvertes.affmunqc.net/role/RL58033_2026.xml,,,,
"899, Anne-le Moyne",,Boucherville,,,631.7,1966,236900,311000,547900,2025,Logement,MAMH — Données Québec (rôle d'évaluation foncière),https://donneesouvertes.affmunqc.net/role/RL58033_2026.xml,,,,
"890, Anne-le Moyne",,Boucherville,,,715.4,1968,268300,330700,599000,2025,Logement,MAMH — Données Québec (rôle d'évaluation foncière),https://donneesouvertes.affmunqc.net/role/RL58033_2026.xml,,,,
"892, Anne-le Moyne",,Boucherville,,,622.5,1966,233400,273500,506900,2025,Logement,MAMH — Données Québec (rôle d'évaluation foncière),https://donneesouvertes.affmunqc.net/role/RL58033_2026.xml,,,,
"894, Anne-le Moyne",,Boucherville,,,622.5,1967,233400,288800,522200,2025,Logement,MAMH — Données Québec (rôle d'évaluation foncière),https://donneesouvertes.affmunqc.net/role/RL58033_2026.xml,,,,
"898, Anne-le Moyne",,Boucherville,,,622.5,1966,233400,308900,542300,2025,Logement,MAMH — Données Québec (rôle d'évaluation foncière),https://donneesouvertes.affmunqc.net/role/RL58033_2026.xml,,,,
"900, Anne-le Moyne",,Boucherville,,,622.5,1966,233400,340700,574100,2025,Logement,MAMH — Données Québec (rôle d'évaluation foncière),https://donneesouvertes.affmunqc.net/role/RL58033_2026.xml,,,,
"887, Abbés-primeau",,Boucherville,,,622.5,1967,233400,348900,582300,2025,Logement,MAMH — Données Québec (rôle d'évaluation foncière),https://donneesouvertes.affmunqc.net/role/RL58033_2026.xml,,,,
"889, Abbés-primeau",,Boucherville,,,622.5,1966,233400,235600,469000,2025,Logement,MAMH — Données Québec (rôle d'évaluation foncière),https://donneesouvertes.affmunqc.net/role/RL58033_2026.xml,,,,
"891, Abbés-primeau",,Boucherville,,,622.5,1967,233400,295500,528900,2025,Logement,MAMH — Données Québec (rôle d'évaluation foncière),https://donneesouvertes.affmunqc.net/role/RL58033_2026.xml,,,,
"895, Abbés-primeau",,Boucherville,,,622.5,1967,233400,315500,548900,2025,Logement,MAMH — Données Québec (rôle d'évaluation foncière),https://donneesouvertes.affmunqc.net/role/RL58033_2026.xml,,,,
"899, Abbés-primeau",,Boucherville,,,622.5,1967,233400,346200,579600,2025,Logement,MAMH — Données Québec (rôle d'évaluation foncière),https://donneesouvertes.affmunqc.net/role/RL58033_2026.xml,,,,
"920, Pierre-joffrion",,Boucherville,,,637.9,1972,239200,335700,574900,2025,Logement,MAMH — Données Québec (rôle d'évaluation foncière),https://donneesouvertes.affmunqc.net/role/RL58033_2026.xml,,,,
"901, Anne-le Moyne",,Boucherville,,,631.7,1967,236900,242400,479300,2025,Logement,MAMH — Données Québec (rôle d'évaluation foncière),https://donneesouvertes.affmunqc.net/role/RL58033_2026.xml,,,,
"903, Anne-le Moyne",,Boucherville,,,631.7,1966,236900,305000,541900,2025,Logement,MAMH — Données Québec (rôle d'évaluation foncière),https://donneesouvertes.affmunqc.net/role/RL58033_2026.xml,,,,
"905, Anne-le Moyne",,Boucherville,,,900,1968,337500,342500,680000,2025,Logement,MAMH — Données Québec (rôle d'évaluation foncière),https://donneesouvertes.affmunqc.net/role/RL58033_2026.xml,,,,
"911, Anne-le Moyne",,Boucherville,,,900.1,1967,337500,329000,666500,2025,Logement,MAMH — Données Québec (rôle d'évaluation foncière),https://donneesouvertes.affmunqc.net/role/RL58033_2026.xml,,,,
"902, Anne-le Moyne",,Boucherville,,,622.5,1966,233400,427100,660500,2025,Logement,MAMH — Données Québec (rôle d'évaluation foncière),https://donneesouvertes.affmunqc.net/role/RL58033_2026.xml,,,,
"904, Anne-le Moyne",,Boucherville,,,622.5,1966,233400,360100,593500,2025,Logement,MAMH — Données Québec (rôle d'évaluation foncière),https://donneesouvertes.affmunqc.net/role/RL58033_2026.xml,,,,
"910, Anne-le Moyne",,Boucherville,,,662,1967,248300,232400,480700,2025,Logement,MAMH — Données Québec (rôle d'évaluation foncière),https://donneesouvertes.affmunqc.net/role/RL58033_2026.xml,,,,
"906, Anne-le Moyne",,Boucherville,,,652.6,1966,244700,290600,535300,2025,Logement,MAMH — Données Québec (rôle d'évaluation foncière),https://donneesouvertes.affmunqc.net/role/RL58033_2026.xml,,,,
"908, Anne-le Moyne",,Boucherville,,,831.2,1968,311700,318400,630100,2025,Logement,MAMH — Données Québec (rôle d'évaluation foncière),https://donneesouvertes.affmunqc.net/role/RL58033_2026.xml,,,,
"103, De Mésy",,Boucherville,,,637.9,1966,239200,298300,537500,2025,Logement,MAMH — Données Québec (rôle d'évaluation foncière),https://donneesouvertes.affmunqc.net/role/RL58033_2026.xml,,,,
"928, Pierre-joffrion",,Boucherville,,,572.8,1970,214800,299300,514100,2025,Logement,MAMH — Données Québec (rôle d'évaluation foncière),https://donneesouvertes.affmunqc.net/role/RL58033_2026.xml,,,,
"932, Pierre-joffrion",,Boucherville,,,569.7,1967,213600,281300,494900,2025,Logement,MAMH — Données Québec (rôle d'évaluation foncière),https://donneesouvertes.affmunqc.net/role/RL58033_2026.xml,,,,
"107, De Mésy",,Boucherville,,,637.9,1967,239200,258100,497300,2025,Logement,MAMH — Données Québec (rôle d'évaluation foncière),https://donneesouvertes.affmunqc.net/role/RL58033_2026.xml,,,,
"916, Anne-le Moyne",,Boucherville,,,741.3,1967,278000,280200,558200,2025,Logement,MAMH — Données Québec (rôle d'évaluation foncière),https://donneesouvertes.affmunqc.net/role/RL58033_2026.xml,,,,
"109, De Mésy",,Boucherville,,,585.3,1965,219500,239400,458900,2025,Logement,MAMH — Données Québec (rôle d'évaluation foncière),https://donneesouvertes.affmunqc.net/role/RL58033_2026.xml,,,,
"914, Anne-le Moyne",,Boucherville,,,602.4,1966,225900,308900,534800,2025,Logement,MAMH — Données Québec (rôle d'évaluation foncière),https://donneesouvertes.affmunqc.net/role/RL58033_2026.xml,,,,
"111, De Mésy",,Boucherville,,,585.3,1965,219500,208800,428300,2025,Logement,MAMH — Données Québec (rôle d'évaluation foncière),https://donneesouvertes.affmunqc.net/role/RL58033_2026.xml,,,,
"108, De Mésy",,Boucherville,,,585.3,1966,219500,354700,574200,2025,Logement,MAMH — Données Québec (rôle d'évaluation foncière),https://donneesouvertes.affmunqc.net/role/RL58033_2026.xml,,,,
"115, De Mésy",,Boucherville,,,585.3,1965,219500,300500,520000,2025,Logement,MAMH — Données Québec (rôle d'évaluation foncière),https://donneesouvertes.affmunqc.net/role/RL58033_2026.xml,,,,
"110, De Mésy",,Boucherville,,,585.3,1966,219500,241300,460800,2025,Logement,MAMH — Données Québec (rôle d'évaluation foncière),https://donneesouvertes.affmunqc.net/role/RL58033_2026.xml,,,,
"94, De Mésy",,Boucherville,,,585.3,1967,219500,313800,533300,2025,Logement,MAMH — Données Québec (rôle d'évaluation foncière),https://donneesouvertes.affmunqc.net/role/RL58033_2026.xml,,,,
"101, De Mésy",,Boucherville,,,557.4,1966,209000,295600,504600,2025,Logement,MAMH — Données Québec (rôle d'évaluation foncière),https://donneesouvertes.affmunqc.net/role/RL58033_2026.xml,,,,
"98, De Mésy",,Boucherville,,,585.3,1965,219500,394000,613500,2025,Logement,MAMH — Données Québec (rôle d'évaluation foncière),https://donneesouvertes.affmunqc.net/role/RL58033_2026.xml,,,,
"100, De Mésy",,Boucherville,,,585.3,1966,219500,219300,438800,2025,Logement,MAMH — Données Québec (rôle d'évaluation foncière),https://donneesouvertes.affmunqc.net/role/RL58033_2026.xml,,,,
"105, Marie-briau",,Boucherville,,,585.3,1966,219500,329500,549000,2025,Logement,MAMH — Données Québec (rôle d'évaluation foncière),https://donneesouvertes.affmunqc.net/role/RL58033_2026.xml,,,,
"102, De Mésy",,Boucherville,,,585.3,1966,219500,342500,562000,2025,Logement,MAMH — Données Québec (rôle d'évaluation foncière),https://donneesouvertes.affmunqc.net/role/RL58033_2026.xml,,,,
"107, Marie-briau",,Boucherville,,,585.3,1966,219500,260900,480400,2025,Logement,MAMH — Données Québec (rôle d'évaluation foncière),https://donneesouvertes.affmunqc.net/role/RL58033_2026.xml,,,,
"104, De Mésy",,Boucherville,,,585.3,1967,219500,259700,479200,2025,Logement,MAMH — Données Québec (rôle d'évaluation foncière),https://donneesouvertes.affmunqc.net/role/RL58033_2026.xml,,,,
"109, Marie-briau",,Boucherville,,,585.3,1966,219500,384700,604200,2025,Logement,MAMH — Données Québec (rôle d'évaluation foncière),https://donneesouvertes.affmunqc.net/role/RL58033_2026.xml,,,,
"106, De Mésy",,Boucherville,,,585.3,1965,219500,325600,545100,2025,Logement,MAMH — Données Québec (rôle d'évaluation foncière),https://donneesouvertes.affmunqc.net/role/RL58033_2026.xml,,,,
"111, Marie-briau",,Boucherville,,,585.3,1966,219500,335000,554500,2025,Logement,MAMH — Données Québec (rôle d'évaluation foncière),https://donneesouvertes.affmunqc.net/role/RL58033_2026.xml,,,,
"113, Marie-briau",,Boucherville,,,585.3,1966,219500,323900,543400,2025,Logement,MAMH — Données Québec (rôle d'évaluation foncière),https://donneesouvertes.affmunqc.net/role/RL58033_2026.xml,,,,
"955, Le Gardeur",,Boucherville,,,568.6,1967,213200,249500,462700,2025,Logement,MAMH — Données Québec (rôle d'évaluation foncière),https://donneesouvertes.affmunqc.net/role/RL58033_2026.xml,,,,
"952, Le Gardeur",,Boucherville,,,614.6,1966,230500,338100,568600,2025,Logement,MAMH — Données Québec (rôle d'évaluation foncière),https://donneesouvertes.affmunqc.net/role/RL58033_2026.xml,,,,
"103, Marie-briau",,Boucherville,,,585.3,1966,219500,256800,476300,2025,Logement,MAMH — Données Québec (rôle d'évaluation foncière),https://donneesouvertes.affmunqc.net/role/RL58033_2026.xml,,,,
"956, Le Gardeur",,Boucherville,,,567.5,1972,212800,333000,545800,2025,Logement,MAMH — Données Québec (rôle d'évaluation foncière),https://donneesouvertes.affmunqc.net/role/RL58033_2026.xml,,,,
"958, Le Gardeur",,Boucherville,,,611.5,1967,229300,295500,524800,2025,Logement,MAMH — Données Québec (rôle d'évaluation foncière),https://donneesouvertes.affmunqc.net/role/RL58033_2026.xml,,,,
"94, Marie-briau",,Boucherville,,,614.6,1966,230500,354300,584800,2025,Logement,MAMH — Données Québec (rôle d'évaluation foncière),https://donneesouvertes.affmunqc.net/role/RL58033_2026.xml,,,,
"960, Le Gardeur",,Boucherville,,,731.1,1967,274200,307800,582000,2025,Logement,MAMH — Données Québec (rôle d'évaluation foncière),https://donneesouvertes.affmunqc.net/role/RL58033_2026.xml,,,,
"104, Marie-briau",,Boucherville,,,639.6,1966,239900,257400,497300,2025,Logement,MAMH — Données Québec (rôle d'évaluation foncière),https://donneesouvertes.affmunqc.net/role/RL58033_2026.xml,,,,
"95, Birtz",,Boucherville,,,634.2,1967,237800,337100,574900,2025,Logement,MAMH — Données Québec (rôle d'évaluation foncière),https://donneesouvertes.affmunqc.net/role/RL58033_2026.xml,,,,
"85, Marie-boulard",,Boucherville,,,781.6,1963,293100,370000,663100,2025,Logement,MAMH — Données Québec (rôle d'évaluation foncière),https://donneesouvertes.affmunqc.net/role/RL58033_2026.xml,,,,
"89, Marie-boulard",,Boucherville,,,585.3,1965,219500,312800,532300,2025,Logement,MAMH — Données Québec (rôle d'évaluation foncière),https://donneesouvertes.affmunqc.net/role/RL58033_2026.xml,,,,
"957, Le Gardeur",,Boucherville,,,586.5,1966,219900,267900,487800,2025,Logement,MAMH — Données Québec (rôle d'évaluation foncière),https://donneesouvertes.affmunqc.net/role/RL58033_2026.xml,,,,
"91, Marie-boulard",,Boucherville,,,572.8,1967,214800,245900,460700,2025,Logement,MAMH — Données Québec (rôle d'évaluation foncière),https://donneesouvertes.affmunqc.net/role/RL58033_2026.xml,,,,
"959, Le Gardeur",,Boucherville,,,568.5,1968,213200,256000,469200,2025,Logement,MAMH — Données Québec (rôle d'évaluation foncière),https://donneesouvertes.affmunqc.net/role/RL58033_2026.xml,,,,
"961, Le Gardeur",,Boucherville,,,585.3,1966,219500,544300,763800,2025,Logement,MAMH — Données Québec (rôle d'évaluation foncière),https://donneesouvertes.affmunqc.net/role/RL58033_2026.xml,,,,
"963, Le Gardeur",,Boucherville,,,572.8,1966,214800,263500,478300,2025,Logement,MAMH — Données Québec (rôle d'évaluation foncière),https://donneesouvertes.affmunqc.net/role/RL58033_2026.xml,,,,
"962, Le Gardeur",,Boucherville,,,571.9,1967,214500,305600,520100,2025,Logement,MAMH — Données Québec (rôle d'évaluation foncière),https://donneesouvertes.affmunqc.net/role/RL58033_2026.xml,,,,
"964, Le Gardeur",,Boucherville,,,637.9,1967,239200,245800,485000,2025,Logement,MAMH — Données Québec (rôle d'évaluation foncière),https://donneesouvertes.affmunqc.net/role/RL58033_2026.xml,,,,
"979, De Courcelle",,Boucherville,,,731.6,1979,274400,501700,776100,2025,Logement,MAMH — Données Québec (rôle d'évaluation foncière),https://donneesouvertes.affmunqc.net/role/RL58033_2026.xml,,,,
"80, Birtz",,Boucherville,,,619.7,1967,232400,259900,492300,2025,Logement,MAMH — Données Québec (rôle d'évaluation foncière),https://donneesouvertes.affmunqc.net/role/RL58033_2026.xml,,,,
"975, De Courcelle",,Boucherville,,,578.7,1980,217000,266400,483400,2025,Logement,MAMH — Données Québec (rôle d'évaluation foncière),https://donneesouvertes.affmunqc.net/role/RL58033_2026.xml,,,,
"82, Birtz",,Boucherville,,,650.3,1967,243900,269300,513200,2025,Logement,MAMH — Données Québec (rôle d'évaluation foncière),https://donneesouvertes.affmunqc.net/role/RL58033_2026.xml,,,,
"973, De Courcelle",,Boucherville,,,611.3,1980,229200,329000,558200,2025,Logement,MAMH — Données Québec (rôle d'évaluation foncière),https://donneesouvertes.affmunqc.net/role/RL58033_2026.xml,,,,
"86, Birtz",,Boucherville,,,650.3,1966,243900,294400,538300,2025,Logement,MAMH — Données Québec (rôle d'évaluation foncière),https://donneesouvertes.affmunqc.net/role/RL58033_2026.xml,,,,
"974, De Courcelle",,Boucherville,,,999.6,1981,374900,365300,740200,2025,Logement,MAMH — Données Québec (rôle d'évaluation foncière),https://donneesouvertes.affmunqc.net/role/RL58033_2026.xml,,,,
"969, De Courcelle",,Boucherville,,,611.3,1980,229200,451100,680300,2025,Logement,MAMH — Données Québec (rôle d'évaluation foncière),https://donneesouvertes.affmunqc.net/role/RL58033_2026.xml,,,,
"965, Le Gardeur",,Boucherville,,,637.9,1967,239200,358300,597500,2025,Logement,MAMH — Données Québec (rôle d'évaluation foncière),https://donneesouvertes.affmunqc.net/role/RL58033_2026.xml,,,,
"970, De Courcelle",,Boucherville,,,983.1,1980,368700,363300,732000,2025,Logement,MAMH — Données Québec (rôle d'évaluation foncière),https://donneesouvertes.affmunqc.net/role/RL58033_2026.xml,,,,
"967, De Courcelle",,Boucherville,,,598.8,1980,224600,362400,587000,2025,Logement,MAMH — Données Québec (rôle d'évaluation foncière),https://donneesouvertes.affmunqc.net/role/RL58033_2026.xml,,,,
"966, De Courcelle",,Boucherville,,,716.7,1982,268800,354900,623700,2025,Logement,MAMH — Données Québec (rôle d'évaluation foncière),https://donneesouvertes.affmunqc.net/role/RL58033_2026.xml,,,,
"987, Le Gardeur",,Boucherville,,,607.1,1981,227700,323700,551400,2025,Logement,MAMH — Données Québec (rôle d'évaluation foncière),https://donneesouvertes.affmunqc.net/role/RL58033_2026.xml,,,,
"984, De Levilliers",,Boucherville,,,710,1979,266300,397500,663800,2025,Logement,MAMH — Données Québec (rôle d'évaluation foncière),https://donneesouvertes.affmunqc.net/role/RL58033_2026.xml,,,,
"993, De Courcelle",,Boucherville,,,684.9,1980,256800,316600,573400,2025,Logement,MAMH — Données Québec (rôle d'évaluation foncière),https://donneesouvertes.affmunqc.net/role/RL58033_2026.xml,,,,
"986, De Courcelle",,Boucherville,,,779.8,1980,292400,296200,588600,2025,Logement,MAMH — Données Québec (rôle d'évaluation foncière),https://donneesouvertes.affmunqc.net/role/RL58033_2026.xml,,,,
"995, De Courcelle",,Boucherville,,,641.9,1979,240700,296100,536800,2025,Logement,MAMH — Données Québec (rôle d'évaluation foncière),https://donneesouvertes.affmunqc.net/role/RL58033_2026.xml,,,,
"988, De Courcelle",,Boucherville,,,667.9,1980,250500,256500,507000,2025,Logement,MAMH — Données Québec (rôle d'évaluation foncière),https://donneesouvertes.affmunqc.net/role/RL58033_2026.xml,,,,
"997, De Courcelle",,Boucherville,,,631.7,1980,236900,377000,613900,2025,Logement,MAMH — Données Québec (rôle d'évaluation foncière),https://donneesouvertes.affmunqc.net/role/RL58033_2026.xml,,,,
"990, De Courcelle",,Boucherville,,,777.8,1981,291700,238500,530200,2025,Logement,MAMH — Données Québec (rôle d'évaluation foncière),https://donneesouvertes.affmunqc.net/role/RL58033_2026.xml,,,,
"999, De Courcelle",,Boucherville,,,631.7,1980,236900,362000,598900,2025,Logement,MAMH — Données Québec (rôle d'évaluation foncière),https://donneesouvertes.affmunqc.net/role/RL58033_2026.xml,,,,
"992, De Courcelle",,Boucherville,,,781.4,1979,293000,354300,647300,2025,Logement,MAMH — Données Québec (rôle d'évaluation foncière),https://donneesouvertes.affmunqc.net/role/RL58033_2026.xml,,,,
"1001, De Courcelle",,Boucherville,,,631.7,1979,236900,373800,610700,2025,Logement,MAMH — Données Québec (rôle d'évaluation foncière),https://donneesouvertes.affmunqc.net/role/RL58033_2026.xml,,,,
"994, De Courcelle",,Boucherville,,,641,1979,240400,389200,629600,2025,Logement,MAMH — Données Québec (rôle d'évaluation foncière),https://donneesouvertes.affmunqc.net/role/RL58033_2026.xml,,,,
"989, De Levilliers",,Boucherville,,,641,1979,240400,329000,569400,2025,Logement,MAMH — Données Québec (rôle d'évaluation foncière),https://donneesouvertes.affmunqc.net/role/RL58033_2026.xml,,,,
"1015, Michel-moreau",,Boucherville,,,623.2,1973,233700,348100,581800,2025,Logement,MAMH — Données Québec (rôle d'évaluation foncière),https://donneesouvertes.affmunqc.net/role/RL58033_2026.xml,,,,
"991, De Levilliers",,Boucherville,,,641,1979,240400,236600,477000,2025,Logement,MAMH — Données Québec (rôle d'évaluation foncière),https://donneesouvertes.affmunqc.net/role/RL58033_2026.xml,,,,
"988, De Levilliers",,Boucherville,,,678.2,1979,254300,394800,649100,2025,Logement,MAMH — Données Québec (rôle d'évaluation foncière),https://donneesouvertes.affmunqc.net/role/RL58033_2026.xml,,,,
"1013, Michel-moreau",,Boucherville,,,689.2,1973,258500,381000,639500,2025,Logement,MAMH — Données Québec (rôle d'évaluation foncière),https://donneesouvertes.affmunqc.net/role/RL58033_2026.xml,,,,
"995, De Levilliers",,Boucherville,,,659.6,1979,247400,234600,482000,2025,Logement,MAMH — Données Québec (rôle d'évaluation foncière),https://donneesouvertes.affmunqc.net/role/RL58033_2026.xml,,,,
"992, De Levilliers",,Boucherville,,,678.2,1978,254300,360500,614800,2025,Logement,MAMH — Données Québec (rôle d'évaluation foncière),https://donneesouvertes.affmunqc.net/role/RL58033_2026.xml,,,,
"999, De Levilliers",,Boucherville,,,622.2,1979,233300,339900,573200,2025,Logement,MAMH — Données Québec (rôle d'évaluation foncière),https://donneesouvertes.affmunqc.net/role/RL58033_2026.xml,,,,
"996, De Levilliers",,Boucherville,,,697.1,1979,261400,275100,536500,2025,Logement,MAMH — Données Québec (rôle d'évaluation foncière),https://donneesouvertes.affmunqc.net/role/RL58033_2026.xml,,,,
"1001, De Levilliers",,Boucherville,,,657.8,1979,246700,390400,637100,2025,Logement,MAMH — Données Québec (rôle d'évaluation foncière),https://donneesouvertes.affmunqc.net/role/RL58033_2026.xml,,,,
"1000, De Levilliers",,Boucherville,,,744.8,1979,279300,228200,507500,2025,Logement,MAMH — Données Québec (rôle d'évaluation foncière),https://donneesouvertes.affmunqc.net/role/RL58033_2026.xml,,,,
"894, Abbés-primeau",,Boucherville,,,808.3,1972,260800,251400,512200,2025,Logement,MAMH — Données Québec (rôle d'évaluation foncière),https://donneesouvertes.affmunqc.net/role/RL58033_2026.xml,,,,
"896, Abbés-primeau",,Boucherville,,,808.3,1971,260800,275800,536600,2025,Logement,MAMH — Données Québec (rôle d'évaluation foncière),https://donneesouvertes.affmunqc.net/role/RL58033_2026.xml,,,,
"898, Abbés-primeau",,Boucherville,,,864,1973,266400,296800,563200,2025,Logement,MAMH — Données Québec (rôle d'évaluation foncière),https://donneesouvertes.affmunqc.net/role/RL58033_2026.xml,,,,
"884, Fort-saint-louis",,Boucherville,,,873.8,1968,267400,1147100,1414500,2025,Logement,MAMH — Données Québec (rôle d'évaluation foncière),https://donneesouvertes.affmunqc.net/role/RL58033_2026.xml,,,,
"888, Fort-saint-louis",,Boucherville,,,882.1,1968,268200,1210500,1478700,2025,Logement,MAMH — Données Québec (rôle d'évaluation foncière),https://donneesouvertes.affmunqc.net/role/RL58033_2026.xml,,,,
"897, Jean-bois",,Boucherville,,,530.7,1976,212300,258500,470800,2025,Logement,MAMH — Données Québec (rôle d'évaluation foncière),https://donneesouvertes.affmunqc.net/role/RL58033_2026.xml,,,,
"895, Jean-bois",,Boucherville,,,457.4,1976,183000,210400,393400,2025,Logement,MAMH — Données Québec (rôle d'évaluation foncière),https://donneesouvertes.affmunqc.net/role/RL58033_2026.xml,,,,
"900, Abbés-primeau",,Boucherville,,,808.3,1973,260800,259200,520000,2025,Logement,MAMH — Données Québec (rôle d'évaluation foncière),https://donneesouvertes.affmunqc.net/role/RL58033_2026.xml,,,,
"902, Abbés-primeau",,Boucherville,,,808.3,1972,260800,266700,527500,2025,Logement,MAMH — Données Québec (rôle d'évaluation foncière),https://donneesouvertes.affmunqc.net/role/RL58033_2026.xml,,,,
"904, Abbés-primeau",,Boucherville,,,808.3,1974,260800,309200,570000,2025,Logement,MAMH — Données Québec (rôle d'évaluation foncière),https://donneesouvertes.affmunqc.net/role/RL58033_2026.xml,,,,
"906, Abbés-primeau",,Boucherville,,,613.2,1969,241300,153000,394300,2025,Logement,MAMH — Données Québec (rôle d'évaluation foncière),https://donneesouvertes.affmunqc.net/role/RL58033_2026.xml,,,,
"908, Abbés-primeau",,Boucherville,,,877.9,1968,267800,230500,498300,2025,Logement,MAMH — Données Québec (rôle d'évaluation foncière),https://donneesouvertes.affmunqc.net/role/RL58033_2026.xml,,,,
"901, Abbés-primeau",,Boucherville,,,622.5,1967,233400,289400,522800,2025,Logement,MAMH — Données Québec (rôle d'évaluation foncière),https://donneesouvertes.affmunqc.net/role/RL58033_2026.xml,,,,
"905, Abbés-primeau",,Boucherville,,,743.5,1967,278800,344000,622800,2025,Logement,MAMH — Données Québec (rôle d'évaluation foncière),https://donneesouvertes.affmunqc.net/role/RL58033_2026.xml,,,,
"119, De Mésy",,Boucherville,,,585.3,1967,219500,270900,490400,2025,Logement,MAMH — Données Québec (rôle d'évaluation foncière),https://donneesouvertes.affmunqc.net/role/RL58033_2026.xml,,,,
"907, Abbés-primeau",,Boucherville,,,788.5,1967,295700,424200,719900,2025,Logement,MAMH — Données Québec (rôle d'évaluation foncière),https://donneesouvertes.affmunqc.net/role/RL58033_2026.xml,,,,
"121, De Mésy",,Boucherville,,,846.5,1967,317400,438100,755500,2025,Logement,MAMH — Données Québec (rôle d'évaluation foncière),https://donneesouvertes.affmunqc.net/role/RL58033_2026.xml,,,,
"910, Abbés-primeau",,Boucherville,,,877.9,1968,267800,218400,486200,2025,Logement,MAMH — Données Québec (rôle d'évaluation foncière),https://donneesouvertes.affmunqc.net/role/RL58033_2026.xml,,,,
"912, Abbés-primeau",,Boucherville,,,849.6,1967,265000,276100,541100,2025,Logement,MAMH — Données Québec (rôle d'évaluation foncière),https://donneesouvertes.affmunqc.net/role/RL58033_2026.xml,,,,
"914, Abbés-primeau",,Boucherville,,,869,1967,266900,265500,532400,2025,Logement,MAMH — Données Québec (rôle d'évaluation foncière),https://donneesouvertes.affmunqc.net/role/RL58033_2026.xml,,,,
"122, De Mésy",,Boucherville,,,965.2,1971,362000,383800,745800,2025,Logement,MAMH — Données Québec (rôle d'évaluation foncière),https://donneesouvertes.affmunqc.net/role/RL58033_2026.xml,,,,
"117, De Mésy",,Boucherville,,,585.3,1967,219500,267900,487400,2025,Logement,MAMH — Données Québec (rôle d'évaluation foncière),https://donneesouvertes.affmunqc.net/role/RL58033_2026.xml,,,,
"112, De Mésy",,Boucherville,,,688.9,1966,258300,264000,522300,2025,Logement,MAMH — Données Québec (rôle d'évaluation foncière),https://donneesouvertes.affmunqc.net/role/RL58033_2026.xml,,,,
"114, De Mésy",,Boucherville,,,614.6,1966,230500,220600,451100,2025,Logement,MAMH — Données Québec (rôle d'évaluation foncière),https://donneesouvertes.affmunqc.net/role/RL58033_2026.xml,,,,
"915, Abbés-primeau",,Boucherville,,,693.1,1967,259900,390100,650000,2025,Logement,MAMH — Données Québec (rôle d'évaluation foncière),https://donneesouvertes.affmunqc.net/role/RL58033_2026.xml,,,,
"920, Abbés-primeau",,Boucherville,,,767.9,1966,288000,311000,599000,2025,Logement,MAMH — Données Québec (rôle d'évaluation foncière),https://donneesouvertes.affmunqc.net/role/RL58033_2026.xml,,,,
"917, Abbés-primeau",,Boucherville,,,664.3,1967,249100,263800,512900,2025,Logement,MAMH — Données Québec (rôle d'évaluation foncière),https://donneesouvertes.affmunqc.net/role/RL58033_2026.xml,,,,
"120, De Mésy",,Boucherville,,,702.3,1967,263400,287300,550700,2025,Logement,MAMH — Données Québec (rôle d'évaluation foncière),https://donneesouvertes.affmunqc.net/role/RL58033_2026.xml,,,,
"919, Abbés-primeau",,Boucherville,,,586.6,1971,220000,317500,537500,2025,Logement,MAMH — Données Québec (rôle d'évaluation foncière),https://donneesouvertes.affmunqc.net/role/RL58033_2026.xml,,,,
"922, Abbés-primeau",,Boucherville,,,741.4,1969,278000,395900,673900,2025,Logement,MAMH — Données Québec (rôle d'évaluation foncière),https://donneesouvertes.affmunqc.net/role/RL58033_2026.xml,,,,
"115, Marie-briau",,Boucherville,,,858.8,1969,322100,259400,581500,2025,Logement,MAMH — Données Québec (rôle d'évaluation foncière),https://donneesouvertes.affmunqc.net/role/RL58033_2026.xml,,,,
"125, Marie-briau",,Boucherville,,,3496.3,,699300,,699300,2025,Institutionnel,MAMH — Données Québec (rôle d'évaluation foncière),https://donneesouvertes.affmunqc.net/role/RL58033_2026.xml,,,,
"117, Marie-briau",,Boucherville,,,1085.5,1966,407100,288800,695900,2025,Logement,MAMH — Données Québec (rôle d'évaluation foncière),https://donneesouvertes.affmunqc.net/role/RL58033_2026.xml,,,,
"119, Marie-briau",,Boucherville,,,708.2,1967,265600,332800,598400,2025,Logement,MAMH — Données Québec (rôle d'évaluation foncière),https://donneesouvertes.affmunqc.net/role/RL58033_2026.xml,,,,
"121, Marie-briau",,Boucherville,,,563.4,1966,211300,290600,501900,2025,Logement,MAMH — Données Québec (rôle d'évaluation foncière),https://donneesouvertes.affmunqc.net/role/RL58033_2026.xml,,,,
"123, Marie-briau",,Boucherville,,,643.8,1965,241400,382200,623600,2025,Logement,MAMH — Données Québec (rôle d'évaluation foncière),https://donneesouvertes.affmunqc.net/role/RL58033_2026.xml,,,,
"120, Marie-briau",,Boucherville,,,756.7,1966,283800,312000,595800,2025,Logement,MAMH — Données Québec (rôle d'évaluation foncière),https://donneesouvertes.affmunqc.net/role/RL58033_2026.xml,,,,
"923, Abbés-primeau",,Boucherville,,,602,1966,225800,320900,546700,2025,Logement,MAMH — Données Québec (rôle d'évaluation foncière),https://donneesouvertes.affmunqc.net/role/RL58033_2026.xml,,,,
"925, Abbés-primeau",,Boucherville,,,602,1967,225800,236300,462100,2025,Logement,MAMH — Données Québec (rôle d'évaluation foncière),https://donneesouvertes.affmunqc.net/role/RL58033_2026.xml,,,,
"106, Marie-briau",,Boucherville,,,918.5,1966,344400,185800,530200,2025,Logement,MAMH — Données Québec (rôle d'évaluation foncière),https://donneesouvertes.affmunqc.net/role/RL58033_2026.xml,,,,
"97, Birtz",,Boucherville,,,585.3,1967,219500,296200,515700,2025,Logement,MAMH — Données Québec (rôle d'évaluation foncière),https://donneesouvertes.affmunqc.net/role/RL58033_2026.xml,,,,
"108, Marie-briau",,Boucherville,,,728,1967,273000,396600,669600,2025,Logement,MAMH — Données Québec (rôle d'évaluation foncière),https://donneesouvertes.affmunqc.net/role/RL58033_2026.xml,,,,
"101, Birtz",,Boucherville,,,580.1,1966,217500,386800,604300,2025,Logement,MAMH — Données Québec (rôle d'évaluation foncière),https://donneesouvertes.affmunqc.net/role/RL58033_2026.xml,,,,
"112, Marie-briau",,Boucherville,,,668.9,1969,250800,356700,607500,2025,Logement,MAMH — Données Québec (rôle d'évaluation foncière),https://donneesouvertes.affmunqc.net/role/RL58033_2026.xml,,,,
"103, Birtz",,Boucherville,,,585.3,1966,219500,313100,532600,2025,Logement,MAMH — Données Québec (rôle d'évaluation foncière),https://donneesouvertes.affmunqc.net/role/RL58033_2026.xml,,,,
"114, Marie-briau",,Boucherville,,,778.5,1966,291900,384700,676600,2025,Logement,MAMH — Données Québec (rôle d'évaluation foncière),https://donneesouvertes.affmunqc.net/role/RL58033_2026.xml,,,,
"105, Birtz",,Boucherville,,,585.3,1967,219500,389900,609400,2025,Logement,MAMH — Données Québec (rôle d'évaluation foncière),https://donneesouvertes.affmunqc.net/role/RL58033_2026.xml,,,,
"116, Marie-briau",,Boucherville,,,911.3,1967,341700,242400,584100,2025,Logement,MAMH — Données Québec (rôle d'évaluation foncière),https://donneesouvertes.affmunqc.net/role/RL58033_2026.xml,,,,
"107, Birtz",,Boucherville,,,585.3,1967,219500,359000,578500,2025,Logement,MAMH — Données Québec (rôle d'évaluation foncière),https://donneesouvertes.affmunqc.net/role/RL58033_2026.xml,,,,
"966, Le Gardeur",,Boucherville,,,603.9,1969,226500,292900,519400,2025,Logement,MAMH — Données Québec (rôle d'évaluation foncière),https://donneesouvertes.affmunqc.net/role/RL58033_2026.xml,,,,
"94, Birtz",,Boucherville,,,650.3,1967,243900,270500,514400,2025,Logement,MAMH — Données Québec (rôle d'évaluation foncière),https://donneesouvertes.affmunqc.net/role/RL58033_2026.xml,,,,
"970, Le Gardeur",,Boucherville,,,811.3,1973,304200,240100,544300,2025,Logement,MAMH — Données Québec (rôle d'évaluation foncière),https://donneesouvertes.affmunqc.net/role/RL58033_2026.xml,,,,
"98, Birtz",,Boucherville,,,650.3,1967,243900,305500,549400,2025,Logement,MAMH — Données Québec (rôle d'évaluation foncière),https://donneesouvertes.affmunqc.net/role/RL58033_2026.xml,,,,
"980, De Callières",,Boucherville,,,822.9,1998,308600,539500,848100,2025,Logement,MAMH — Données Québec (rôle d'évaluation foncière),https://donneesouvertes.affmunqc.net/role/RL58033_2026.xml,,,,
"100, Birtz",,Boucherville,,,650.3,1968,243900,346800,590700,2025,Logement,MAMH — Données Québec (rôle d'évaluation foncière),https://donneesouvertes.affmunqc.net/role/RL58033_2026.xml,,,,
"984, De Callières",,Boucherville,,,1810.7,1984,583500,629900,1213400,2025,Logement,MAMH — Données Québec (rôle d'évaluation foncière),https://donneesouvertes.affmunqc.net/role/RL58033_2026.xml,,,,
"102, Birtz",,Boucherville,,,650.3,1969,243900,321600,565500,2025,Logement,MAMH — Données Québec (rôle d'évaluation foncière),https://donneesouvertes.affmunqc.net/role/RL58033_2026.xml,,,,
"104, Birtz",,Boucherville,,,650.3,1973,243900,290000,533900,2025,Logement,MAMH — Données Québec (rôle d'évaluation foncière),https://donneesouvertes.affmunqc.net/role/RL58033_2026.xml,,,,
"980, Le Gardeur",,Boucherville,,,716.7,1981,268800,337000,605800,2025,Logement,MAMH — Données Québec (rôle d'évaluation foncière),https://donneesouvertes.affmunqc.net/role/RL58033_2026.xml,,,,
"984, Le Gardeur",,Boucherville,,,631.7,1980,236900,286000,522900,2025,Logement,MAMH — Données Québec (rôle d'évaluation foncière),https://donneesouvertes.affmunqc.net/role/RL58033_2026.xml,,,,
"988, Le Gardeur",,Boucherville,,,590.4,1981,221400,308100,529500,2025,Logement,MAMH — Données Québec (rôle d'évaluation foncière),https://donneesouvertes.affmunqc.net/role/RL58033_2026.xml,,,,
"990, Le Gardeur",,Boucherville,,,643.4,1980,241300,302800,544100,2025,Logement,MAMH — Données Québec (rôle d'évaluation foncière),https://donneesouvertes.affmunqc.net/role/RL58033_2026.xml,,,,
"985, De Callières",,Boucherville,,,818.8,1981,307100,314600,621700,2025,Logement,MAMH — Données Québec (rôle d'évaluation foncière),https://donneesouvertes.affmunqc.net/role/RL58033_2026.xml,,,,
"989, De Callières",,Boucherville,,,724.6,1980,271700,313400,585100,2025,Logement,MAMH — Données Québec (rôle d'évaluation foncière),https://donneesouvertes.affmunqc.net/role/RL58033_2026.xml,,,,
"991, De Callières",,Boucherville,,,790.6,1982,296500,526700,823200,2025,Logement,MAMH — Données Québec (rôle d'évaluation foncière),https://donneesouvertes.affmunqc.net/role/RL58033_2026.xml,,,,
"993, De Callières",,Boucherville,,,839.9,1982,315000,424700,739700,2025,Logement,MAMH — Données Québec (rôle d'évaluation foncière),https://donneesouvertes.affmunqc.net/role/RL58033_2026.xml,,,,
"991, Le Gardeur",,Boucherville,,,801.7,1981,300600,332000,632600,2025,Logement,MAMH — Données Québec (rôle d'évaluation foncière),https://donneesouvertes.affmunqc.net/role/RL58033_2026.xml,,,,
"993, Le Gardeur",,Boucherville,,,649.9,1981,243700,312900,556600,2025,Logement,MAMH — Données Québec (rôle d'évaluation foncière),https://donneesouvertes.affmunqc.net/role/RL58033_2026.xml,,,,
"1000, De Courcelle",,Boucherville,,,786.4,1979,294900,289200,584100,2025,Logement,MAMH — Données Québec (rôle d'évaluation foncière),https://donneesouvertes.affmunqc.net/role/RL58033_2026.xml,,,,
"995, Le Gardeur",,Boucherville,,,792.7,1980,297300,418800,716100,2025,Logement,MAMH — Données Québec (rôle d'évaluation foncière),https://donneesouvertes.affmunqc.net/role/RL58033_2026.xml,,,,
"1007, De Courcelle",,Boucherville,,,731.5,1980,274300,267600,541900,2025,Logement,MAMH — Données Québec (rôle d'évaluation foncière),https://donneesouvertes.affmunqc.net/role/RL58033_2026.xml,,,,
"994, Le Gardeur",,Boucherville,,,627.3,1981,235200,283900,519100,2025,Logement,MAMH — Données Québec (rôle d'évaluation foncière),https://donneesouvertes.affmunqc.net/role/RL58033_2026.xml,,,,
"999, Le Gardeur",,Boucherville,,,716.2,1981,268600,399200,667800,2025,Logement,MAMH — Données Québec (rôle d'évaluation foncière),https://donneesouvertes.affmunqc.net/role/RL58033_2026.xml,,,,
"996, Le Gardeur",,Boucherville,,,629.9,1979,236200,311600,547800,2025,Logement,MAMH — Données Québec (rôle d'évaluation foncière),https://donneesouvertes.affmunqc.net/role/RL58033_2026.xml,,,,
"54, D'argenson",,Boucherville,,,754.3,1979,282900,337500,620400,2025,Logement,MAMH — Données Québec (rôle d'évaluation foncière),https://donneesouvertes.affmunqc.net/role/RL58033_2026.xml,,,,
"1000, Le Gardeur",,Boucherville,,,594.6,1979,223000,258100,481100,2025,Logement,MAMH — Données Québec (rôle d'évaluation foncière),https://donneesouvertes.affmunqc.net/role/RL58033_2026.xml,,,,
"1003, De Courcelle",,Boucherville,,,746.2,1979,279800,315300,595100,2025,Logement,MAMH — Données Québec (rôle d'évaluation foncière),https://donneesouvertes.affmunqc.net/role/RL58033_2026.xml,,,,
"1004, De Levilliers",,Boucherville,,,898.6,1980,337000,361900,698900,2025,Logement,MAMH — Données Québec (rôle d'évaluation foncière),https://donneesouvertes.affmunqc.net/role/RL58033_2026.xml,,,,
"44, D'argenson",,Boucherville,,,753.8,2007,282700,458600,741300,2025,Logement,MAMH — Données Québec (rôle d'évaluation foncière),https://donneesouvertes.affmunqc.net/role/RL58033_2026.xml,,,,
"1005, De Courcelle",,Boucherville,,,1069,1980,400900,412100,813000,2025,Logement,MAMH — Données Québec (rôle d'évaluation foncière),https://donneesouvertes.affmunqc.net/role/RL58033_2026.xml,,,,
"46, D'argenson",,Boucherville,,,696.8,1978,261300,287200,548500,2025,Logement,MAMH — Données Québec (rôle d'évaluation foncière),https://donneesouvertes.affmunqc.net/role/RL58033_2026.xml,,,,
"50, D'argenson",,Boucherville,,,696.8,1979,261300,343000,604300,2025,Logement,MAMH — Données Québec (rôle d'évaluation foncière),https://donneesouvertes.affmunqc.net/role/RL58033_2026.xml,,,,
"51, D'argenson",,Boucherville,,,487.6,1980,182900,325800,508700,2025,Logement,MAMH — Données Québec (rôle d'évaluation foncière),https://donneesouvertes.affmunqc.net/role/RL58033_2026.xml,,,,
"52, D'argenson",,Boucherville,,,696.8,1980,261300,348600,609900,2025,Logement,MAMH — Données Québec (rôle d'évaluation foncière),https://donneesouvertes.affmunqc.net/role/RL58033_2026.xml,,,,
"53, D'argenson",,Boucherville,,,684.4,1980,256700,341700,598400,2025,Logement,MAMH — Données Québec (rôle d'évaluation foncière),https://donneesouvertes.affmunqc.net/role/RL58033_2026.xml,,,,
"893, Jean-bois",,Boucherville,,,306.6,1976,122600,309100,431700,2025,Logement,MAMH — Données Québec (rôle d'évaluation foncière),https://donneesouvertes.affmunqc.net/role/RL58033_2026.xml,,,,
"896, Jean-bois",,Boucherville,,,661.9,1972,202400,448600,651000,2025,Logement,MAMH — Données Québec (rôle d'évaluation foncière),https://donneesouvertes.affmunqc.net/role/RL58033_2026.xml,,,,
"890, Jean-bois",,Boucherville,,,661.9,1972,202400,372400,574800,2025,Logement,MAMH — Données Québec (rôle d'évaluation foncière),https://donneesouvertes.affmunqc.net/role/RL58033_2026.xml,,,,
"888, Jean-bois",,Boucherville,,,661.9,1972,202400,335600,538000,2025,Logement,MAMH — Données Québec (rôle d'évaluation foncière),https://donneesouvertes.affmunqc.net/role/RL58033_2026.xml,,,,
"907, Jacques-laporte",,Boucherville,,,1214.4,1976,261400,510800,772200,2025,Logement,MAMH — Données Québec (rôle d'évaluation foncière),https://donneesouvertes.affmunqc.net/role/RL58033_2026.xml,,,,
"911, Jacques-laporte",,Boucherville,,,843.2,1975,224300,373900,598200,2025,Logement,MAMH — Données Québec (rôle d'évaluation foncière),https://donneesouvertes.affmunqc.net/role/RL58033_2026.xml,,,,
"905, Jacques-laporte",,Boucherville,,,769,1975,216900,451000,667900,2025,Logement,MAMH — Données Québec (rôle d'évaluation foncière),https://donneesouvertes.affmunqc.net/role/RL58033_2026.xml,,,,
"900, Fort-saint-louis",,Boucherville,,,16328.8,1966,2891300,2785200,5676500,2025,Industrie,MAMH — Données Québec (rôle d'évaluation foncière),https://donneesouvertes.affmunqc.net/role/RL58033_2026.xml,,,,
"124, De Mésy",,Boucherville,,,874.2,1970,267400,218900,486300,2025,Logement,MAMH — Données Québec (rôle d'évaluation foncière),https://donneesouvertes.affmunqc.net/role/RL58033_2026.xml,,,,
"930, Fort-saint-louis",,Boucherville,,,932.2,1969,273200,958700,1231900,2025,Logement,MAMH — Données Québec (rôle d'évaluation foncière),https://donneesouvertes.affmunqc.net/role/RL58033_2026.xml,,,,
"934, Fort-saint-louis",,Boucherville,,,960.6,1969,291100,1069500,1360600,2025,Logement,MAMH — Données Québec (rôle d'évaluation foncière),https://donneesouvertes.affmunqc.net/role/RL58033_2026.xml,,,,
"132, De Mésy",,Boucherville,,,427.4,1975,155500,332500,488000,2025,Logement,MAMH — Données Québec (rôle d'évaluation foncière),https://donneesouvertes.affmunqc.net/role/RL58033_2026.xml,,,,
"924, Abbés-primeau",,Boucherville,,,1158.2,1980,295800,326400,622200,2025,Logement,MAMH — Données Québec (rôle d'évaluation foncière),https://donneesouvertes.affmunqc.net/role/RL58033_2026.xml,,,,
"926, Abbés-primeau",,Boucherville,,,1027.4,1969,282700,309100,591800,2025,Logement,MAMH — Données Québec (rôle d'évaluation foncière),https://donneesouvertes.affmunqc.net/role/RL58033_2026.xml,,,,
"928, Abbés-primeau",,Boucherville,,,1024.2,1967,282400,290500,572900,2025,Logement,MAMH — Données Québec (rôle d'évaluation foncière),https://donneesouvertes.affmunqc.net/role/RL58033_2026.xml,,,,
"930, Abbés-primeau",,Boucherville,,,1017.1,1967,281700,280500,562200,2025,Logement,MAMH — Données Québec (rôle d'évaluation foncière),https://donneesouvertes.affmunqc.net/role/RL58033_2026.xml,,,,
"938, Fort-saint-louis",,Boucherville,,,960.6,1969,291100,1069500,1360600,2025,Logement,MAMH — Données Québec (rôle d'évaluation foncière),https://donneesouvertes.affmunqc.net/role/RL58033_2026.xml,,,,
"942, Fort-saint-louis",,Boucherville,,,960.6,1969,291100,1069500,1360600,2025,Logement,MAMH — Données Québec (rôle d'évaluation foncière),https://donneesouvertes.affmunqc.net/role/RL58033_2026.xml,,,,
"929, Abbés-primeau",,Boucherville,,,602,1967,225800,263700,489500,2025,Logement,MAMH — Données Québec (rôle d'évaluation foncière),https://donneesouvertes.affmunqc.net/role/RL58033_2026.xml,,,,
"931, Abbés-primeau",,Boucherville,,,602,1967,225800,300500,526300,2025,Logement,MAMH — Données Québec (rôle d'évaluation foncière),https://donneesouvertes.affmunqc.net/role/RL58033_2026.xml,,,,
"935, Abbés-primeau",,Boucherville,,,602,1967,225800,320200,546000,2025,Logement,MAMH — Données Québec (rôle d'évaluation foncière),https://donneesouvertes.affmunqc.net/role/RL58033_2026.xml,,,,
"934, Abbés-primeau",,Boucherville,,,1016.7,1967,281700,251700,533400,2025,Logement,MAMH — Données Québec (rôle d'évaluation foncière),https://donneesouvertes.affmunqc.net/role/RL58033_2026.xml,,,,
"936, Abbés-primeau",,Boucherville,,,1011.2,1970,281100,293300,574400,2025,Logement,MAMH — Données Québec (rôle d'évaluation foncière),https://donneesouvertes.affmunqc.net/role/RL58033_2026.xml,,,,
"938, Abbés-primeau",,Boucherville,,,1011.2,1969,281100,290100,571200,2025,Logement,MAMH — Données Québec (rôle d'évaluation foncière),https://donneesouvertes.affmunqc.net/role/RL58033_2026.xml,,,,
"940, Abbés-primeau",,Boucherville,,,1011.2,1973,281100,294900,576000,2025,Logement,MAMH — Données Québec (rôle d'évaluation foncière),https://donneesouvertes.affmunqc.net/role/RL58033_2026.xml,,,,
"944, Abbés-primeau",,Boucherville,,,1022.9,1972,282300,347800,630100,2025,Logement,MAMH — Données Québec (rôle d'évaluation foncière),https://donneesouvertes.affmunqc.net/role/RL58033_2026.xml,,,,
"111, Birtz",,Boucherville,,,695.9,1973,261000,313400,574400,2025,Logement,MAMH — Données Québec (rôle d'évaluation foncière),https://donneesouvertes.affmunqc.net/role/RL58033_2026.xml,,,,
"937, Abbés-primeau",,Boucherville,,,653.7,1967,245100,345100,590200,2025,Logement,MAMH — Données Québec (rôle d'évaluation foncière),https://donneesouvertes.affmunqc.net/role/RL58033_2026.xml,,,,
"115, Birtz",,Boucherville,,,614.6,1968,230500,323700,554200,2025,Logement,MAMH — Données Québec (rôle d'évaluation foncière),https://donneesouvertes.affmunqc.net/role/RL58033_2026.xml,,,,
"948, Abbés-primeau",,Boucherville,,,1270.1,1987,302800,612100,914900,2025,Logement,MAMH — Données Québec (rôle d'évaluation foncière),https://donneesouvertes.affmunqc.net/role/RL58033_2026.xml,,,,
"952, Abbés-primeau",,Boucherville,,,1294.1,1983,303800,695200,999000,2025,Logement,MAMH — Données Québec (rôle d'évaluation foncière),https://donneesouvertes.affmunqc.net/role/RL58033_2026.xml,,,,
"108, Birtz",,Boucherville,,,696.8,1970,261300,406500,667800,2025,Logement,MAMH — Données Québec (rôle d'évaluation foncière),https://donneesouvertes.affmunqc.net/role/RL58033_2026.xml,,,,
"100, D'argenson",,Boucherville,,,41656.2,,6476600,,6476600,2025,Institutionnel,MAMH — Données Québec (rôle d'évaluation foncière),https://donneesouvertes.affmunqc.net/role/RL58033_2026.xml,,,,
"995, De Callières",,Boucherville,,,743.7,1981,278900,460300,739200,2025,Logement,MAMH — Données Québec (rôle d'évaluation foncière),https://donneesouvertes.affmunqc.net/role/RL58033_2026.xml,,,,
"1002, Le Gardeur",,Boucherville,,,631.7,1979,236900,324400,561300,2025,Logement,MAMH — Données Québec (rôle d'évaluation foncière),https://donneesouvertes.affmunqc.net/role/RL58033_2026.xml,,,,
"1006, Le Gardeur",,Boucherville,,,716.2,1980,268600,276500,545100,2025,Logement,MAMH — Données Québec (rôle d'évaluation foncière),https://donneesouvertes.affmunqc.net/role/RL58033_2026.xml,,,,
"999, De Callières",,Boucherville,,,725.4,1980,272000,423400,695400,2025,Logement,MAMH — Données Québec (rôle d'évaluation foncière),https://donneesouvertes.affmunqc.net/role/RL58033_2026.xml,,,,
"1003, De Callières",,Boucherville,,,761.4,1981,285500,339800,625300,2025,Logement,MAMH — Données Québec (rôle d'évaluation foncière),https://donneesouvertes.affmunqc.net/role/RL58033_2026.xml,,,,
"63, D'argenson",,Boucherville,,,445.9,1980,167200,281600,448800,2025,Logement,MAMH — Données Québec (rôle d'évaluation foncière),https://donneesouvertes.affmunqc.net/role/RL58033_2026.xml,,,,
"65, D'argenson",,Boucherville,,,445.9,1980,167200,303200,470400,2025,Logement,MAMH — Données Québec (rôle d'évaluation foncière),https://donneesouvertes.affmunqc.net/role/RL58033_2026.xml,,,,
"69, D'argenson",,Boucherville,,,666.3,1979,249900,393700,643600,2025,Logement,MAMH — Données Québec (rôle d'évaluation foncière),https://donneesouvertes.affmunqc.net/role/RL58033_2026.xml,,,,
"71, D'argenson",,Boucherville,,,486.6,1981,182500,314500,497000,2025,Logement,MAMH — Données Québec (rôle d'évaluation foncière),https://donneesouvertes.affmunqc.net/role/RL58033_2026.xml,,,,
"55, D'argenson",,Boucherville,,,2032.9,,559000,998500,1557500,2025,Industrie,MAMH — Données Québec (rôle d'évaluation foncière),https://donneesouvertes.affmunqc.net/role/RL58033_2026.xml,,,,
"61, D'argenson",,Boucherville,,,445.9,1980,167200,226500,393700,2025,Logement,MAMH — Données Québec (rôle d'évaluation foncière),https://donneesouvertes.affmunqc.net/role/RL58033_2026.xml,,,,
"1050, De Duquesne",,Boucherville,,,2028,2010,624400,825300,1449700,2025,Logement,MAMH — Données Québec (rôle d'évaluation foncière),https://donneesouvertes.affmunqc.net/role/RL58033_2026.xml,,,,
"1052, De Duquesne",,Boucherville,,,612,2010,229500,544700,774200,2025,Logement,MAMH — Données Québec (rôle d'évaluation foncière),https://donneesouvertes.affmunqc.net/role/RL58033_2026.xml,,,,
"388, Pierre-sauchet",,Boucherville,,,540,2004,202500,568800,771300,2025,Logement,MAMH — Données Québec (rôle d'évaluation foncière),https://donneesouvertes.affmunqc.net/role/RL58033_2026.xml,,,,
"386, Pierre-sauchet",,Boucherville,,,599.3,2002,224700,537900,762600,2025,Logement,MAMH — Données Québec (rôle d'évaluation foncière),https://donneesouvertes.affmunqc.net/role/RL58033_2026.xml,,,,
"390, Pierre-sauchet",,Boucherville,,,540,1999,202500,581700,784200,2025,Logement,MAMH — Données Québec (rôle d'évaluation foncière),https://donneesouvertes.affmunqc.net/role/RL58033_2026.xml,,,,
"915, Jacques-laporte",,Boucherville,,,794.3,1975,219400,404000,623400,2025,Logement,MAMH — Données Québec (rôle d'évaluation foncière),https://donneesouvertes.affmunqc.net/role/RL58033_2026.xml,,,,
"903, Jacques-laporte",,Boucherville,,,627.5,1975,195500,343400,538900,2025,Logement,MAMH — Données Québec (rôle d'évaluation foncière),https://donneesouvertes.affmunqc.net/role/RL58033_2026.xml,,,,
"910, Jacques-laporte",,Boucherville,,,1008,1976,240800,427300,668100,2025,Logement,MAMH — Données Québec (rôle d'évaluation foncière),https://donneesouvertes.affmunqc.net/role/RL58033_2026.xml,,,,
"906, Jacques-laporte",,Boucherville,,,1149.3,1974,254900,371400,626300,2025,Logement,MAMH — Données Québec (rôle d'évaluation foncière),https://donneesouvertes.affmunqc.net/role/RL58033_2026.xml,,,,
"920, Jacques-laporte",,Boucherville,,,993,1975,239300,395000,634300,2025,Logement,MAMH — Données Québec (rôle d'évaluation foncière),https://donneesouvertes.affmunqc.net/role/RL58033_2026.xml,,,,
"915, Thomas-frérot",,Boucherville,,,828.2,1975,222800,401500,624300,2025,Logement,MAMH — Données Québec (rôle d'évaluation foncière),https://donneesouvertes.affmunqc.net/role/RL58033_2026.xml,,,,
"921, Thomas-frérot",,Boucherville,,,635.5,1974,197100,323300,520400,2025,Logement,MAMH — Données Québec (rôle d'évaluation foncière),https://donneesouvertes.affmunqc.net/role/RL58033_2026.xml,,,,
"925, Thomas-frérot",,Boucherville,,,635.5,1974,197100,406300,603400,2025,Logement,MAMH — Données Québec (rôle d'évaluation foncière),https://donneesouvertes.affmunqc.net/role/RL58033_2026.xml,,,,
"927, Thomas-frérot",,Boucherville,,,659.8,1975,202000,391100,593100,2025,Logement,MAMH — Données Québec (rôle d'évaluation foncière),https://donneesouvertes.affmunqc.net/role/RL58033_2026.xml,,,,
"921, Jacques-laporte",,Boucherville,,,609.6,1975,191900,368200,560100,2025,Logement,MAMH — Données Québec (rôle d'évaluation foncière),https://donneesouvertes.affmunqc.net/role/RL58033_2026.xml,,,,
"925, Jacques-laporte",,Boucherville,,,628.9,1974,195800,360300,556100,2025,Logement,MAMH — Données Québec (rôle d'évaluation foncière),https://donneesouvertes.affmunqc.net/role/RL58033_2026.xml,,,,
"929, Jacques-laporte",,Boucherville,,,617.8,1974,193600,339900,533500,2025,Logement,MAMH — Données Québec (rôle d'évaluation foncière),https://donneesouvertes.affmunqc.net/role/RL58033_2026.xml,,,,
"143, De Mésy",,Boucherville,,,698.1,1972,209600,314300,523900,2025,Logement,MAMH — Données Québec (rôle d'évaluation foncière),https://donneesouvertes.affmunqc.net/role/RL58033_2026.xml,,,,
"926, Jacques-laporte",,Boucherville,,,811,1974,221100,328200,549300,2025,Logement,MAMH — Données Québec (rôle d'évaluation foncière),https://donneesouvertes.affmunqc.net/role/RL58033_2026.xml,,,,
"928, Jacques-laporte",,Boucherville,,,819.6,1974,222000,417300,639300,2025,Logement,MAMH — Données Québec (rôle d'évaluation foncière),https://donneesouvertes.affmunqc.net/role/RL58033_2026.xml,,,,
"145, De Mésy",,Boucherville,,,654,1971,200800,283400,484200,2025,Logement,MAMH — Données Québec (rôle d'évaluation foncière),https://donneesouvertes.affmunqc.net/role/RL58033_2026.xml,,,,
"136, De Mésy",,Boucherville,,,504.9,1975,171000,313700,484700,2025,Logement,MAMH — Données Québec (rôle d'évaluation foncière),https://donneesouvertes.affmunqc.net/role/RL58033_2026.xml,,,,
"931, Seine",,Boucherville,,,480.3,1975,166100,276400,442500,2025,Logement,MAMH — Données Québec (rôle d'évaluation foncière),https://donneesouvertes.affmunqc.net/role/RL58033_2026.xml,,,,
"933, Seine",,Boucherville,,,480.3,1975,166100,325900,492000,2025,Logement,MAMH — Données Québec (rôle d'évaluation foncière),https://donneesouvertes.affmunqc.net/role/RL58033_2026.xml,,,,
"935, Seine",,Boucherville,,,480.3,1975,166100,351800,517900,2025,Logement,MAMH — Données Québec (rôle d'évaluation foncière),https://donneesouvertes.affmunqc.net/role/RL58033_2026.xml,,,,
"140, De Mésy",,Boucherville,,,688.8,1972,207800,352100,559900,2025,Logement,MAMH — Données Québec (rôle d'évaluation foncière),https://donneesouvertes.affmunqc.net/role/RL58033_2026.xml,,,,
"932, Seine",,Boucherville,,,650.3,1972,200100,305000,505100,2025,Logement,MAMH — Données Québec (rôle d'évaluation foncière),https://donneesouvertes.affmunqc.net/role/RL58033_2026.xml,,,,
"142, De Mésy",,Boucherville,,,696.8,1970,209400,362700,572100,2025,Logement,MAMH — Données Québec (rôle d'évaluation foncière),https://donneesouvertes.affmunqc.net/role/RL58033_2026.xml,,,,
"934, Seine",,Boucherville,,,650.3,1972,200100,266300,466400,2025,Logement,MAMH — Données Québec (rôle d'évaluation foncière),https://donneesouvertes.affmunqc.net/role/RL58033_2026.xml,,,,
"936, Seine",,Boucherville,,,650.3,1972,200100,296100,496200,2025,Logement,MAMH — Données Québec (rôle d'évaluation foncière),https://donneesouvertes.affmunqc.net/role/RL58033_2026.xml,,,,
"144, De Mésy",,Boucherville,,,696.8,1969,209400,341500,550900,2025,Logement,MAMH — Données Québec (rôle d'évaluation foncière),https://donneesouvertes.affmunqc.net/role/RL58033_2026.xml,,,,
"117, Poitou",,Boucherville,,,1317.5,1973,271800,497300,769100,2025,Logement,MAMH — Données Québec (rôle d'évaluation foncière),https://donneesouvertes.affmunqc.net/role/RL58033_2026.xml,,,,
"115, Poitou",,Boucherville,,,797.9,1979,219800,299500,519300,2025,Logement,MAMH — Données Québec (rôle d'évaluation foncière),https://donneesouvertes.affmunqc.net/role/RL58033_2026.xml,,,,
"946, Fort-saint-louis",,Boucherville,,,960.6,1976,291100,1085200,1376300,2025,Logement,MAMH — Données Québec (rôle d'évaluation foncière),https://donneesouvertes.affmunqc.net/role/RL58033_2026.xml,,,,
"952, Fort-saint-louis",,Boucherville,,,960.6,1976,291100,1204700,1495800,2025,Logement,MAMH — Données Québec (rôle d'évaluation foncière),https://donneesouvertes.affmunqc.net/role/RL58033_2026.xml,,,,
"937, Seine",,Boucherville,,,480.3,1975,166100,277200,443300,2025,Logement,MAMH — Données Québec (rôle d'évaluation foncière),https://donneesouvertes.affmunqc.net/role/RL58033_2026.xml,,,,
"939, Seine",,Boucherville,,,480.3,1975,166100,268500,434600,2025,Logement,MAMH — Données Québec (rôle d'évaluation foncière),https://donneesouvertes.affmunqc.net/role/RL58033_2026.xml,,,,
"943, Seine",,Boucherville,,,480.3,1975,166100,205300,371400,2025,Logement,MAMH — Données Québec (rôle d'évaluation foncière),https://donneesouvertes.affmunqc.net/role/RL58033_2026.xml,,,,
"945, Seine",,Boucherville,,,480.3,1975,166100,272400,438500,2025,Logement,MAMH — Données Québec (rôle d'évaluation foncière),https://donneesouvertes.affmunqc.net/role/RL58033_2026.xml,,,,
"947, Seine",,Boucherville,,,480.3,1975,166100,222000,388100,2025,Logement,MAMH — Données Québec (rôle d'évaluation foncière),https://donneesouvertes.affmunqc.net/role/RL58033_2026.xml,,,,
"949, Seine",,Boucherville,,,480.3,1975,166100,299300,465400,2025,Logement,MAMH — Données Québec (rôle d'évaluation foncière),https://donneesouvertes.affmunqc.net/role/RL58033_2026.xml,,,,
"951, Seine",,Boucherville,,,480.3,1975,166100,234100,400200,2025,Logement,MAMH — Données Québec (rôle d'évaluation foncière),https://donneesouvertes.affmunqc.net/role/RL58033_2026.xml,,,,
"955, Seine",,Boucherville,,,480.3,1975,166100,232900,399000,2025,Logement,MAMH — Données Québec (rôle d'évaluation foncière),https://donneesouvertes.affmunqc.net/role/RL58033_2026.xml,,,,
"938, Seine",,Boucherville,,,650.3,1972,200100,319400,519500,2025,Logement,MAMH — Données Québec (rôle d'évaluation foncière),https://donneesouvertes.affmunqc.net/role/RL58033_2026.xml,,,,
"940, Seine",,Boucherville,,,650.3,1972,200100,299200,499300,2025,Logement,MAMH — Données Québec (rôle d'évaluation foncière),https://donneesouvertes.affmunqc.net/role/RL58033_2026.xml,,,,
"942, Seine",,Boucherville,,,650.3,1972,200100,253100,453200,2025,Logement,MAMH — Données Québec (rôle d'évaluation foncière),https://donneesouvertes.affmunqc.net/role/RL58033_2026.xml,,,,
"958, Fort-saint-louis",,Boucherville,,,960.6,1976,291100,1085200,1376300,2025,Logement,MAMH — Données Québec (rôle d'évaluation foncière),https://donneesouvertes.affmunqc.net/role/RL58033_2026.xml,,,,
"970, Fort-saint-louis",,Boucherville,,,596.8,1992,238700,650000,888700,2025,Logement,MAMH — Données Québec (rôle d'évaluation foncière),https://donneesouvertes.affmunqc.net/role/RL58033_2026.xml,,,,
"976, Fort-saint-louis",,Boucherville,,,447.6,1991,179000,675200,854200,2025,Logement,MAMH — Données Québec (rôle d'évaluation foncière),https://donneesouvertes.affmunqc.net/role/RL58033_2026.xml,,,,
"964, Fort-saint-louis",,Boucherville,,,408.8,,75900,,75900,2025,Immeuble commercial,MAMH — Données Québec (rôle d'évaluation foncière),https://donneesouvertes.affmunqc.net/role/RL58033_2026.xml,,,,
"980, Fort-saint-louis",,Boucherville,,,447.5,1991,179000,661600,840600,2025,Logement,MAMH — Données Québec (rôle d'évaluation foncière),https://donneesouvertes.affmunqc.net/role/RL58033_2026.xml,,,,
"986, Fort-saint-louis",,Boucherville,,,164.8,1990,65900,211200,277100,2025,Logement,MAMH — Données Québec (rôle d'évaluation foncière),https://donneesouvertes.affmunqc.net/role/RL58033_2026.xml,,,,
"988, Fort-saint-louis",,Boucherville,,,253.8,1990,101500,297100,398600,2025,Logement,MAMH — Données Québec (rôle d'évaluation foncière),https://donneesouvertes.affmunqc.net/role/RL58033_2026.xml,,,,
"990, Fort-saint-louis",,Boucherville,,,196.8,1990,78700,289000,367700,2025,Logement,MAMH — Données Québec (rôle d'évaluation foncière),https://donneesouvertes.affmunqc.net/role/RL58033_2026.xml,,,,
"963, Seine",,Boucherville,,,480.3,1975,166100,243400,409500,2025,Logement,MAMH — Données Québec (rôle d'évaluation foncière),https://donneesouvertes.affmunqc.net/role/RL58033_2026.xml,,,,
"994, Fort-saint-louis",,Boucherville,,,164.8,1990,65900,195300,261200,2025,Logement,MAMH — Données Québec (rôle d'évaluation foncière),https://donneesouvertes.affmunqc.net/role/RL58033_2026.xml,,,,
"996, Fort-saint-louis",,Boucherville,,,196.8,1990,78700,242600,321300,2025,Logement,MAMH — Données Québec (rôle d'évaluation foncière),https://donneesouvertes.affmunqc.net/role/RL58033_2026.xml,,,,
"998, Fort-saint-louis",,Boucherville,,,253.8,1990,101500,262900,364400,2025,Logement,MAMH — Données Québec (rôle d'évaluation foncière),https://donneesouvertes.affmunqc.net/role/RL58033_2026.xml,,,,
"965, Seine",,Boucherville,,,600,1990,190000,486700,676700,2025,Logement,MAMH — Données Québec (rôle d'évaluation foncière),https://donneesouvertes.affmunqc.net/role/RL58033_2026.xml,,,,
"967, Seine",,Boucherville,,,548.6,1991,179700,399900,579600,2025,Logement,MAMH — Données Québec (rôle d'évaluation foncière),https://donneesouvertes.affmunqc.net/role/RL58033_2026.xml,,,,
"971, Seine",,Boucherville,,,893.3,2005,229300,490200,719500,2025,Logement,MAMH — Données Québec (rôle d'évaluation foncière),https://donneesouvertes.affmunqc.net/role/RL58033_2026.xml,,,,
"1000, Fort-saint-louis",,Boucherville,,,245.4,1990,98200,203900,302100,2025,Logement,MAMH — Données Québec (rôle d'évaluation foncière),https://donneesouvertes.affmunqc.net/role/RL58033_2026.xml,,,,
"1002, Fort-saint-louis",,Boucherville,,,248.3,1990,99300,250700,350000,2025,Logement,MAMH — Données Québec (rôle d'évaluation foncière),https://donneesouvertes.affmunqc.net/role/RL58033_2026.xml,,,,
"1004, Fort-saint-louis",,Boucherville,,,252.2,1990,100900,241600,342500,2025,Logement,MAMH — Données Québec (rôle d'évaluation foncière),https://donneesouvertes.affmunqc.net/role/RL58033_2026.xml,,,,
"1008, Fort-saint-louis",,Boucherville,,,275.9,1990,110400,220800,331200,2025,Logement,MAMH — Données Québec (rôle d'évaluation foncière),https://donneesouvertes.affmunqc.net/role/RL58033_2026.xml,,,,
"1010, Fort-saint-louis",,Boucherville,,,279.7,1990,111900,207100,319000,2025,Logement,MAMH — Données Québec (rôle d'évaluation foncière),https://donneesouvertes.affmunqc.net/role/RL58033_2026.xml,,,,
"1012, Fort-saint-louis",,Boucherville,,,283.4,1990,113400,233600,347000,2025,Logement,MAMH — Données Québec (rôle d'évaluation foncière),https://donneesouvertes.affmunqc.net/role/RL58033_2026.xml,,,,
"401, François-v.-malhiot, app. 405",,Boucherville,,,740.3,1993,254000,664800,918800,2025,Logement,MAMH — Données Québec (rôle d'évaluation foncière),https://donneesouvertes.affmunqc.net/role/RL58033_2026.xml,,,,
"501, Fort-saint-louis",,Boucherville,,,121644.6,,9257200,,9257200,2025,Immeuble commercial,MAMH — Données Québec (rôle d'évaluation foncière),https://donneesouvertes.affmunqc.net/role/RL58033_2026.xml,,,,
"394, Pierre-sauchet",,Boucherville,,,559.5,2002,209800,616900,826700,2025,Logement,MAMH — Données Québec (rôle d'évaluation foncière),https://donneesouvertes.affmunqc.net/role/RL58033_2026.xml,,,,
"73, D'argenson",,Boucherville,,,501.9,1981,188200,407700,595900,2025,Logement,MAMH — Données Québec (rôle d'évaluation foncière),https://donneesouvertes.affmunqc.net/role/RL58033_2026.xml,,,,
"396, Pierre-sauchet",,Boucherville,,,640.3,2004,240100,495000,735100,2025,Logement,MAMH — Données Québec (rôle d'évaluation foncière),https://donneesouvertes.affmunqc.net/role/RL58033_2026.xml,,,,
"75, D'argenson",,Boucherville,,,520.2,1981,195100,382600,577700,2025,Logement,MAMH — Données Québec (rôle d'évaluation foncière),https://donneesouvertes.affmunqc.net/role/RL58033_2026.xml,,,,
"398, Pierre-sauchet",,Boucherville,,,555,1998,208100,455700,663800,2025,Logement,MAMH — Données Québec (rôle d'évaluation foncière),https://donneesouvertes.affmunqc.net/role/RL58033_2026.xml,,,,
"79, D'argenson",,Boucherville,,,615.5,1981,230800,413400,644200,2025,Logement,MAMH — Données Québec (rôle d'évaluation foncière),https://donneesouvertes.affmunqc.net/role/RL58033_2026.xml,,,,
"400, Pierre-sauchet",,Boucherville,,,687.7,2004,257900,623500,881400,2025,Logement,MAMH — Données Québec (rôle d'évaluation foncière),https://donneesouvertes.affmunqc.net/role/RL58033_2026.xml,,,,
"85, D'argenson",,Boucherville,,,735.4,1986,275800,437600,713400,2025,Logement,MAMH — Données Québec (rôle d'évaluation foncière),https://donneesouvertes.affmunqc.net/role/RL58033_2026.xml,,,,
"384, Pierre-sauchet",,Boucherville,,,894.6,2004,335500,647600,983100,2025,Logement,MAMH — Données Québec (rôle d'évaluation foncière),https://donneesouvertes.affmunqc.net/role/RL58033_2026.xml,,,,
"380, Pierre-sauchet",,Boucherville,,,792.6,1999,297200,587200,884400,2025,Logement,MAMH — Données Québec (rôle d'évaluation foncière),https://donneesouvertes.affmunqc.net/role/RL58033_2026.xml,,,,
"376, Pierre-sauchet",,Boucherville,,,753.8,2005,282700,725300,1008000,2025,Logement,MAMH — Données Québec (rôle d'évaluation foncière),https://donneesouvertes.affmunqc.net/role/RL58033_2026.xml,,,,
"378, Pierre-sauchet",,Boucherville,,,1002.7,2004,376000,919200,1295200,2025,Logement,MAMH — Données Québec (rôle d'évaluation foncière),https://donneesouvertes.affmunqc.net/role/RL58033_2026.xml,,,,
"1053, Gilles-hocquart",,Boucherville,,,613.7,2004,230100,508200,738300,2025,Logement,MAMH — Données Québec (rôle d'évaluation foncière),https://donneesouvertes.affmunqc.net/role/RL58033_2026.xml,,,,
"1055, Gilles-hocquart",,Boucherville,,,540,2004,202500,511800,714300,2025,Logement,MAMH — Données Québec (rôle d'évaluation foncière),https://donneesouvertes.affmunqc.net/role/RL58033_2026.xml,,,,
"1057, Gilles-hocquart",,Boucherville,,,540,2003,202500,472800,675300,2025,Logement,MAMH — Données Québec (rôle d'évaluation foncière),https://donneesouvertes.affmunqc.net/role/RL58033_2026.xml,,,,
"1059, Gilles-hocquart",,Boucherville,,,540,2001,202500,737700,940200,2025,Logement,MAMH — Données Québec (rôle d'évaluation foncière),https://donneesouvertes.affmunqc.net/role/RL58033_2026.xml,,,,
"920, Thomas-frérot",,Boucherville,,,661.9,1974,202400,423300,625700,2025,Logement,MAMH — Données Québec (rôle d'évaluation foncière),https://donneesouvertes.affmunqc.net/role/RL58033_2026.xml,,,,
"922, Thomas-frérot",,Boucherville,,,661.9,1975,202400,332700,535100,2025,Logement,MAMH — Données Québec (rôle d'évaluation foncière),https://donneesouvertes.affmunqc.net/role/RL58033_2026.xml,,,,
"924, Thomas-frérot",,Boucherville,,,698.1,1974,209600,351100,560700,2025,Logement,MAMH — Données Québec (rôle d'évaluation foncière),https://donneesouvertes.affmunqc.net/role/RL58033_2026.xml,,,,
"919, Nicole-lemaire",,Boucherville,,,661.9,1975,202400,354700,557100,2025,Logement,MAMH — Données Québec (rôle d'évaluation foncière),https://donneesouvertes.affmunqc.net/role/RL58033_2026.xml,,,,
"921, Nicole-lemaire",,Boucherville,,,661.9,1974,202400,361800,564200,2025,Logement,MAMH — Données Québec (rôle d'évaluation foncière),https://donneesouvertes.affmunqc.net/role/RL58033_2026.xml,,,,
"937, Thomas-frérot",,Boucherville,,,617.8,1974,193600,370700,564300,2025,Logement,MAMH — Données Québec (rôle d'évaluation foncière),https://donneesouvertes.affmunqc.net/role/RL58033_2026.xml,,,,
"925, Nicole-lemaire",,Boucherville,,,698.1,1975,209600,349900,559500,2025,Logement,MAMH — Données Québec (rôle d'évaluation foncière),https://donneesouvertes.affmunqc.net/role/RL58033_2026.xml,,,,
"941, Thomas-frérot",,Boucherville,,,654,1975,200800,370500,571300,2025,Logement,MAMH — Données Québec (rôle d'évaluation foncière),https://donneesouvertes.affmunqc.net/role/RL58033_2026.xml,,,,
"922, Nicole-lemaire",,Boucherville,,,1003.4,1975,264400,631000,895400,2025,Logement,MAMH — Données Québec (rôle d'évaluation foncière),https://donneesouvertes.affmunqc.net/role/RL58033_2026.xml,,,,
"149, De Mésy",,Boucherville,,,644.3,1968,198900,325300,524200,2025,Logement,MAMH — Données Québec (rôle d'évaluation foncière),https://donneesouvertes.affmunqc.net/role/RL58033_2026.xml,,,,
"931, Thomas-frérot",,Boucherville,,,1150,1977,255000,332300,587300,2025,Logement,MAMH — Données Québec (rôle d'évaluation foncière),https://donneesouvertes.affmunqc.net/role/RL58033_2026.xml,,,,
"148, De Mésy",,Boucherville,,,696.8,1968,209400,294000,503400,2025,Logement,MAMH — Données Québec (rôle d'évaluation foncière),https://donneesouvertes.affmunqc.net/role/RL58033_2026.xml,,,,
"153, De Mésy",,Boucherville,,,617.8,1969,193600,320800,514400,2025,Logement,MAMH — Données Québec (rôle d'évaluation foncière),https://donneesouvertes.affmunqc.net/role/RL58033_2026.xml,,,,
"935, Thomas-frérot",,Boucherville,,,684.4,1977,206900,436500,643400,2025,Logement,MAMH — Données Québec (rôle d'évaluation foncière),https://donneesouvertes.affmunqc.net/role/RL58033_2026.xml,,,,
"150, De Mésy",,Boucherville,,,688.8,1975,207800,334400,542200,2025,Logement,MAMH — Données Québec (rôle d'évaluation foncière),https://donneesouvertes.affmunqc.net/role/RL58033_2026.xml,,,,
"155, De Mésy",,Boucherville,,,617.8,1968,193600,308000,501600,2025,Logement,MAMH — Données Québec (rôle d'évaluation foncière),https://donneesouvertes.affmunqc.net/role/RL58033_2026.xml,,,,
"159, De Mésy",,Boucherville,,,617.8,1969,193600,356600,550200,2025,Logement,MAMH — Données Québec (rôle d'évaluation foncière),https://donneesouvertes.affmunqc.net/role/RL58033_2026.xml,,,,
"154, De Mésy",,Boucherville,,,660.9,1972,202200,274700,476900,2025,Logement,MAMH — Données Québec (rôle d'évaluation foncière),https://donneesouvertes.affmunqc.net/role/RL58033_2026.xml,,,,
"932, La Rochelle",,Boucherville,,,668.9,1974,203800,391800,595600,2025,Logement,MAMH — Données Québec (rôle d'évaluation foncière),https://donneesouvertes.affmunqc.net/role/RL58033_2026.xml,,,,
"161, De Mésy",,Boucherville,,,654,1972,200800,374200,575000,2025,Logement,MAMH — Données Québec (rôle d'évaluation foncière),https://donneesouvertes.affmunqc.net/role/RL58033_2026.xml,,,,
"146, De Mésy",,Boucherville,,,696.8,1968,209400,327100,536500,2025,Logement,MAMH — Données Québec (rôle d'évaluation foncière),https://donneesouvertes.affmunqc.net/role/RL58033_2026.xml,,,,
"111, Poitou",,Boucherville,,,668.9,1974,203800,400700,604500,2025,Logement,MAMH — Données Québec (rôle d'évaluation foncière),https://donneesouvertes.affmunqc.net/role/RL58033_2026.xml,,,,
"121, Poitou",,Boucherville,,,750.2,1973,215000,369200,584200,2025,Logement,MAMH — Données Québec (rôle d'évaluation foncière),https://donneesouvertes.affmunqc.net/role/RL58033_2026.xml,,,,
"123, Poitou",,Boucherville,,,668.9,1973,203800,244000,447800,2025,Logement,MAMH — Données Québec (rôle d'évaluation foncière),https://donneesouvertes.affmunqc.net/role/RL58033_2026.xml,,,,
"120, Poitou",,Boucherville,,,642.4,1974,198500,387300,585800,2025,Logement,MAMH — Données Québec (rôle d'évaluation foncière),https://donneesouvertes.affmunqc.net/role/RL58033_2026.xml,,,,
"116, Poitou",,Boucherville,,,650.3,1973,200100,400300,600400,2025,Logement,MAMH — Données Québec (rôle d'évaluation foncière),https://donneesouvertes.affmunqc.net/role/RL58033_2026.xml,,,,
"931, La Rochelle",,Boucherville,,,688.8,1974,207800,453200,661000,2025,Logement,MAMH — Données Québec (rôle d'évaluation foncière),https://donneesouvertes.affmunqc.net/role/RL58033_2026.xml,,,,
"937, La Rochelle",,Boucherville,,,642.4,1973,198500,387100,585600,2025,Logement,MAMH — Données Québec (rôle d'évaluation foncière),https://donneesouvertes.affmunqc.net/role/RL58033_2026.xml,,,,
"939, La Rochelle",,Boucherville,,,650.3,1973,200100,496300,696400,2025,Logement,MAMH — Données Québec (rôle d'évaluation foncière),https://donneesouvertes.affmunqc.net/role/RL58033_2026.xml,,,,
"941, La Rochelle",,Boucherville,,,587,2002,187400,525100,712500,2025,Logement,MAMH — Données Québec (rôle d'évaluation foncière),https://donneesouvertes.affmunqc.net/role/RL58033_2026.xml,,,,
"934, La Rochelle",,Boucherville,,,668.9,1975,203800,338900,542700,2025,Logement,MAMH — Données Québec (rôle d'évaluation foncière),https://donneesouvertes.affmunqc.net/role/RL58033_2026.xml,,,,
"944, Seine",,Boucherville,,,649.7,1972,199900,435300,635200,2025,Logement,MAMH — Données Québec (rôle d'évaluation foncière),https://donneesouvertes.affmunqc.net/role/RL58033_2026.xml,,,,
"950, Seine",,Boucherville,,,579.1,1990,185800,425400,611200,2025,Logement,MAMH — Données Québec (rôle d'évaluation foncière),https://donneesouvertes.affmunqc.net/role/RL58033_2026.xml,,,,
"109, Poitou",,Boucherville,,,668.9,1974,203800,497300,701100,2025,Logement,MAMH — Données Québec (rôle d'évaluation foncière),https://donneesouvertes.affmunqc.net/role/RL58033_2026.xml,,,,
"107, Poitou",,Boucherville,,,668.9,1974,203800,290800,494600,2025,Logement,MAMH — Données Québec (rôle d'évaluation foncière),https://donneesouvertes.affmunqc.net/role/RL58033_2026.xml,,,,
"105, Poitou",,Boucherville,,,553,1991,180600,520100,700700,2025,Logement,MAMH — Données Québec (rôle d'évaluation foncière),https://donneesouvertes.affmunqc.net/role/RL58033_2026.xml,,,,
"101, Poitou",,Boucherville,,,491.5,1991,168300,343700,512000,2025,Logement,MAMH — Données Québec (rôle d'évaluation foncière),https://donneesouvertes.affmunqc.net/role/RL58033_2026.xml,,,,
"99, Poitou",,Boucherville,,,491.5,1990,168300,410600,578900,2025,Logement,MAMH — Données Québec (rôle d'évaluation foncière),https://donneesouvertes.affmunqc.net/role/RL58033_2026.xml,,,,
"97, Poitou",,Boucherville,,,491.5,1991,168300,459400,627700,2025,Logement,MAMH — Données Québec (rôle d'évaluation foncière),https://donneesouvertes.affmunqc.net/role/RL58033_2026.xml,,,,
"110, Poitou",,Boucherville,,,650.3,1972,200100,357400,557500,2025,Logement,MAMH — Données Québec (rôle d'évaluation foncière),https://donneesouvertes.affmunqc.net/role/RL58033_2026.xml,,,,
"106, Poitou",,Boucherville,,,929,1978,232900,624200,857100,2025,Logement,MAMH — Données Québec (rôle d'évaluation foncière),https://donneesouvertes.affmunqc.net/role/RL58033_2026.xml,,,,
"104, Poitou",,Boucherville,,,572.8,1990,184600,440600,625200,2025,Logement,MAMH — Données Québec (rôle d'évaluation foncière),https://donneesouvertes.affmunqc.net/role/RL58033_2026.xml,,,,
"100, Poitou",,Boucherville,,,501.8,1990,170400,520400,690800,2025,Logement,MAMH — Données Québec (rôle d'évaluation foncière),https://donneesouvertes.affmunqc.net/role/RL58033_2026.xml,,,,
"98, Poitou",,Boucherville,,,491.7,1990,168300,395500,563800,2025,Logement,MAMH — Données Québec (rôle d'évaluation foncière),https://donneesouvertes.affmunqc.net/role/RL58033_2026.xml,,,,
"945, La Rochelle",,Boucherville,,,501.6,1992,170300,477800,648100,2025,Logement,MAMH — Données Québec (rôle d'évaluation foncière),https://donneesouvertes.affmunqc.net/role/RL58033_2026.xml,,,,
"947, La Rochelle",,Boucherville,,,491.5,1993,168300,485400,653700,2025,Logement,MAMH — Données Québec (rôle d'évaluation foncière),https://donneesouvertes.affmunqc.net/role/RL58033_2026.xml,,,,
"977, Seine",,Boucherville,,,901,2007,230100,479100,709200,2025,Logement,MAMH — Données Québec (rôle d'évaluation foncière),https://donneesouvertes.affmunqc.net/role/RL58033_2026.xml,,,,
"960, Seine",,Boucherville,,,609.6,2000,191900,532000,723900,2025,Logement,MAMH — Données Québec (rôle d'évaluation foncière),https://donneesouvertes.affmunqc.net/role/RL58033_2026.xml,,,,
"970, Seine",,Boucherville,,,690.9,1997,208200,430900,639100,2025,Logement,MAMH — Données Québec (rôle d'évaluation foncière),https://donneesouvertes.affmunqc.net/role/RL58033_2026.xml,,,,
"979, Seine",,Boucherville,,,544.9,1990,179000,486400,665400,2025,Logement,MAMH — Données Québec (rôle d'évaluation foncière),https://donneesouvertes.affmunqc.net/role/RL58033_2026.xml,,,,
"432, François-v.-malhiot",,Boucherville,,,374,1991,144800,314900,459700,2025,Logement,MAMH — Données Québec (rôle d'évaluation foncière),https://donneesouvertes.affmunqc.net/role/RL58033_2026.xml,,,,
"981, Seine",,Boucherville,,,496,1990,169200,468000,637200,2025,Logement,MAMH — Données Québec (rôle d'évaluation foncière),https://donneesouvertes.affmunqc.net/role/RL58033_2026.xml,,,,
"95, Poitou",,Boucherville,,,606.7,2005,191300,597300,788600,2025,Logement,MAMH — Données Québec (rôle d'évaluation foncière),https://donneesouvertes.affmunqc.net/role/RL58033_2026.xml,,,,
"438, François-v.-malhiot",,Boucherville,,,391.9,1991,148400,241100,389500,2025,Logement,MAMH — Données Québec (rôle d'évaluation foncière),https://donneesouvertes.affmunqc.net/role/RL58033_2026.xml,,,,
"985, Seine",,Boucherville,,,496,1990,169200,457000,626200,2025,Logement,MAMH — Données Québec (rôle d'évaluation foncière),https://donneesouvertes.affmunqc.net/role/RL58033_2026.xml,,,,
"440, François-v.-malhiot",,Boucherville,,,425,1991,155000,242400,397400,2025,Logement,MAMH — Données Québec (rôle d'évaluation foncière),https://donneesouvertes.affmunqc.net/role/RL58033_2026.xml,,,,
"987, Seine",,Boucherville,,,566.6,1990,183300,329600,512900,2025,Logement,MAMH — Données Québec (rôle d'évaluation foncière),https://donneesouvertes.affmunqc.net/role/RL58033_2026.xml,,,,
"444, François-v.-malhiot",,Boucherville,,,455.5,1993,161100,303900,465000,2025,Logement,MAMH — Données Québec (rôle d'évaluation foncière),https://donneesouvertes.affmunqc.net/role/RL58033_2026.xml,,,,
"446, François-v.-malhiot",,Boucherville,,,513.6,1993,172700,292100,464800,2025,Logement,MAMH — Données Québec (rôle d'évaluation foncière),https://donneesouvertes.affmunqc.net/role/RL58033_2026.xml,,,,
"96, Poitou",,Boucherville,,,524.7,1991,174900,427400,602300,2025,Logement,MAMH — Données Québec (rôle d'évaluation foncière),https://donneesouvertes.affmunqc.net/role/RL58033_2026.xml,,,,
"989, Seine",,Boucherville,,,937.5,1991,233800,491000,724800,2025,Logement,MAMH — Données Québec (rôle d'évaluation foncière),https://donneesouvertes.affmunqc.net/role/RL58033_2026.xml,,,,
"416, François-v.-malhiot",,Boucherville,,,216.7,1990,86700,267900,354600,2025,Logement,MAMH — Données Québec (rôle d'évaluation foncière),https://donneesouvertes.affmunqc.net/role/RL58033_2026.xml,,,,
"418, François-v.-malhiot",,Boucherville,,,216.1,1990,86400,274300,360700,2025,Logement,MAMH — Données Québec (rôle d'évaluation foncière),https://donneesouvertes.affmunqc.net/role/RL58033_2026.xml,,,,
"420, François-v.-malhiot",,Boucherville,,,230,1990,92000,342200,434200,2025,Logement,MAMH — Données Québec (rôle d'évaluation foncière),https://donneesouvertes.affmunqc.net/role/RL58033_2026.xml,,,,
"407, François-v.-malhiot",,Boucherville,,,112.2,1994,44900,220200,265100,2025,Logement,MAMH — Données Québec (rôle d'évaluation foncière),https://donneesouvertes.affmunqc.net/role/RL58033_2026.xml,,,,
"409, François-v.-malhiot",,Boucherville,,,173.91,1993,69600,294500,364100,2025,Logement,MAMH — Données Québec (rôle d'évaluation foncière),https://donneesouvertes.affmunqc.net/role/RL58033_2026.xml,,,,
"411, François-v.-malhiot",,Boucherville,,,274.89,1993,110000,402400,512400,2025,Logement,MAMH — Données Québec (rôle d'évaluation foncière),https://donneesouvertes.affmunqc.net/role/RL58033_2026.xml,,,,
"422, François-v.-malhiot",,Boucherville,,,184,1990,73600,244700,318300,2025,Logement,MAMH — Données Québec (rôle d'évaluation foncière),https://donneesouvertes.affmunqc.net/role/RL58033_2026.xml,,,,
"424, François-v.-malhiot",,Boucherville,,,182.9,1990,73200,265700,338900,2025,Logement,MAMH — Données Québec (rôle d'évaluation foncière),https://donneesouvertes.affmunqc.net/role/RL58033_2026.xml,,,,
"426, François-v.-malhiot",,Boucherville,,,194.1,1990,77600,266200,343800,2025,Logement,MAMH — Données Québec (rôle d'évaluation foncière),https://donneesouvertes.affmunqc.net/role/RL58033_2026.xml,,,,
"415, François-v.-malhiot",,Boucherville,,,173.9,1994,69600,245700,315300,2025,Logement,MAMH — Données Québec (rôle d'évaluation foncière),https://donneesouvertes.affmunqc.net/role/RL58033_2026.xml,,,,
"417, François-v.-malhiot",,Boucherville,,,173.9,1994,69600,278200,347800,2025,Logement,MAMH — Données Québec (rôle d'évaluation foncière),https://donneesouvertes.affmunqc.net/role/RL58033_2026.xml,,,,
"419, François-v.-malhiot",,Boucherville,,,213.2,1994,85300,303000,388300,2025,Logement,MAMH — Données Québec (rôle d'évaluation foncière),https://donneesouvertes.affmunqc.net/role/RL58033_2026.xml,,,,
"430, François-v.-malhiot",,Boucherville,,,460,1991,162000,345100,507100,2025,Logement,MAMH — Données Québec (rôle d'évaluation foncière),https://donneesouvertes.affmunqc.net/role/RL58033_2026.xml,,,,
"421, François-v.-malhiot",,Boucherville,,,201.96,1994,80800,331800,412600,2025,Logement,MAMH — Données Québec (rôle d'évaluation foncière),https://donneesouvertes.affmunqc.net/role/RL58033_2026.xml,,,,
"423, François-v.-malhiot",,Boucherville,,,185.13,1994,74100,290600,364700,2025,Logement,MAMH — Données Québec (rôle d'évaluation foncière),https://donneesouvertes.affmunqc.net/role/RL58033_2026.xml,,,,
"425, François-v.-malhiot",,Boucherville,,,173.91,1994,69600,270800,340400,2025,Logement,MAMH — Données Québec (rôle d'évaluation foncière),https://donneesouvertes.affmunqc.net/role/RL58033_2026.xml,,,,
"427, François-v.-malhiot, app. 431",,Boucherville,,,561,1992,182200,747600,929800,2025,Logement,MAMH — Données Québec (rôle d'évaluation foncière),https://donneesouvertes.affmunqc.net/role/RL58033_2026.xml,,,,
"433, François-v.-malhiot, app. 437",,Boucherville,,,561,1992,182200,773000,955200,2025,Logement,MAMH — Données Québec (rôle d'évaluation foncière),https://donneesouvertes.affmunqc.net/role/RL58033_2026.xml,,,,
"445, François-v.-malhiot",,Boucherville,,,217.06,2004,86800,261200,348000,2025,Logement,MAMH — Données Québec (rôle d'évaluation foncière),https://donneesouvertes.affmunqc.net/role/RL58033_2026.xml,,,,
"447, François-v.-malhiot",,Boucherville,,,231.07,2004,92400,219400,311800,2025,Logement,MAMH — Données Québec (rôle d'évaluation foncière),https://donneesouvertes.affmunqc.net/role/RL58033_2026.xml,,,,
"449, François-v.-malhiot",,Boucherville,,,252.07,2004,100800,236300,337100,2025,Logement,MAMH — Données Québec (rôle d'évaluation foncière),https://donneesouvertes.affmunqc.net/role/RL58033_2026.xml,,,,
"1020, Fort-saint-louis",,Boucherville,,,200.42,2014,80200,271700,351900,2025,Logement,MAMH — Données Québec (rôle d'évaluation foncière),https://donneesouvertes.affmunqc.net/role/RL58033_2026.xml,,,,
"1022, Fort-saint-louis",,Boucherville,,,206.14,2016,82500,283600,366100,2025,Logement,MAMH — Données Québec (rôle d'évaluation foncière),https://donneesouvertes.affmunqc.net/role/RL58033_2026.xml,,,,
"1026, Fort-saint-louis",,Boucherville,,,206.14,2014,82500,269900,352400,2025,Logement,MAMH — Données Québec (rôle d'évaluation foncière),https://donneesouvertes.affmunqc.net/role/RL58033_2026.xml,,,,
"1030, Fort-saint-louis",,Boucherville,,,200.42,2013,80200,299000,379200,2025,Logement,MAMH — Données Québec (rôle d'évaluation foncière),https://donneesouvertes.affmunqc.net/role/RL58033_2026.xml,,,,
"1032, Fort-saint-louis",,Boucherville,,,200.42,2013,80200,273500,353700,2025,Logement,MAMH — Données Québec (rôle d'évaluation foncière),https://donneesouvertes.affmunqc.net/role/RL58033_2026.xml,,,,
"1034, Fort-saint-louis",,Boucherville,,,194.82,2011,77900,265600,343500,2025,Logement,MAMH — Données Québec (rôle d'évaluation foncière),https://donneesouvertes.affmunqc.net/role/RL58033_2026.xml,,,,
"1038, Fort-saint-louis",,Boucherville,,,201.06,2011,80400,274100,354500,2025,Logement,MAMH — Données Québec (rôle d'évaluation foncière),https://donneesouvertes.affmunqc.net/role/RL58033_2026.xml,,,,
"1040, Fort-saint-louis",,Boucherville,,,201.06,2011,80400,273000,353400,2025,Logement,MAMH — Données Québec (rôle d'évaluation foncière),https://donneesouvertes.affmunqc.net/role/RL58033_2026.xml,,,,
"1042, Fort-saint-louis",,Boucherville,,,201.06,2010,80400,271300,351700,2025,Logement,MAMH — Données Québec (rôle d'évaluation foncière),https://donneesouvertes.affmunqc.net/role/RL58033_2026.xml,,,,
"1048, Fort-saint-louis",,Boucherville,,,201.06,2011,80400,264000,344400,2025,Logement,MAMH — Données Québec (rôle d'évaluation foncière),https://donneesouvertes.affmunqc.net/role/RL58033_2026.xml,,,,
"1046, Fort-saint-louis",,Boucherville,,,201.18,2011,80500,260600,341100,2025,Logement,MAMH — Données Québec (rôle d'évaluation foncière),https://donneesouvertes.affmunqc.net/role/RL58033_2026.xml,,,,
"1028, Fort-saint-louis",,Boucherville,,,198.89,2015,79600,283200,362800,2025,Logement,MAMH — Données Québec (rôle d'évaluation foncière),https://donneesouvertes.affmunqc.net/role/RL58033_2026.xml,,,,
"547, François-v.-malhiot",,Boucherville,,,201.06,2010,80400,259800,340200,2025,Logement,MAMH — Données Québec (rôle d'évaluation foncière),https://donneesouvertes.affmunqc.net/role/RL58033_2026.xml,,,,
"543, François-v.-malhiot",,Boucherville,,,201.06,2010,80400,278400,358800,2025,Logement,MAMH — Données Québec (rôle d'évaluation foncière),https://donneesouvertes.affmunqc.net/role/RL58033_2026.xml,,,,
"539, François-v.-malhiot",,Boucherville,,,201.06,2009,80400,255500,335900,2025,Logement,MAMH — Données Québec (rôle d'évaluation foncière),https://donneesouvertes.affmunqc.net/role/RL58033_2026.xml,,,,
"535, François-v.-malhiot",,Boucherville,,,201.06,2010,80400,245000,325400,2025,Logement,MAMH — Données Québec (rôle d'évaluation foncière),https://donneesouvertes.affmunqc.net/role/RL58033_2026.xml,,,,
"91, D'argenson",,Boucherville,,,1115,1984,376300,456400,832700,2025,Logement,MAMH — Données Québec (rôle d'évaluation foncière),https://donneesouvertes.affmunqc.net/role/RL58033_2026.xml,,,,
"1050, Gilles-hocquart",,Boucherville,,,362.3,2005,144900,388600,533500,2025,Logement,MAMH — Données Québec (rôle d'évaluation foncière),https://donneesouvertes.affmunqc.net/role/RL58033_2026.xml,,,,
"1070, Fort-saint-louis",,Boucherville,,,3508.3,,490800,,490800,2025,Institutionnel,MAMH — Données Québec (rôle d'évaluation foncière),https://donneesouvertes.affmunqc.net/role/RL58033_2026.xml,,,,
"1054, Gilles-hocquart",,Boucherville,,,271.08,2007,108400,220600,329000,2025,Logement,MAMH — Données Québec (rôle d'évaluation foncière),https://donneesouvertes.affmunqc.net/role/RL58033_2026.xml,,,,
"1056, Gilles-hocquart",,Boucherville,,,271.08,2007,108400,219300,327700,2025,Logement,MAMH — Données Québec (rôle d'évaluation foncière),https://donneesouvertes.affmunqc.net/role/RL58033_2026.xml,,,,
"1060, Gilles-hocquart",,Boucherville,,,271.08,2007,108400,224400,332800,2025,Logement,MAMH — Données Québec (rôle d'évaluation foncière),https://donneesouvertes.affmunqc.net/role/RL58033_2026.xml,,,,
"1062, Gilles-hocquart",,Boucherville,,,271.08,2007,108400,224600,333000,2025,Logement,MAMH — Données Québec (rôle d'évaluation foncière),https://donneesouvertes.affmunqc.net/role/RL58033_2026.xml,,,,
"1068, Gilles-hocquart",,Boucherville,,,271.08,2007,108400,235500,343900,2025,Logement,MAMH — Données Québec (rôle d'évaluation foncière),https://donneesouvertes.affmunqc.net/role/RL58033_2026.xml,,,,
"1070, Gilles-hocquart",,Boucherville,,,271.08,2008,108400,224600,333000,2025,Logement,MAMH — Données Québec (rôle d'évaluation foncière),https://donneesouvertes.affmunqc.net/role/RL58033_2026.xml,,,,
"1074, Gilles-hocquart",,Boucherville,,,271.08,2008,108400,251800,360200,2025,Logement,MAMH — Données Québec (rôle d'évaluation foncière),https://donneesouvertes.affmunqc.net/role/RL58033_2026.xml,,,,
"1076, Gilles-hocquart",,Boucherville,,,271.08,2007,108400,235500,343900,2025,Logement,MAMH — Données Québec (rôle d'évaluation foncière),https://donneesouvertes.affmunqc.net/role/RL58033_2026.xml,,,,
"1080, Gilles-hocquart",,Boucherville,,,271.08,2008,108400,242000,350400,2025,Logement,MAMH — Données Québec (rôle d'évaluation foncière),https://donneesouvertes.affmunqc.net/role/RL58033_2026.xml,,,,
"924, Nicole-lemaire",,Boucherville,,,668.9,1974,224200,592100,816300,2025,Logement,MAMH — Données Québec (rôle d'évaluation foncière),https://donneesouvertes.affmunqc.net/role/RL58033_2026.xml,,,,
"926, Nicole-lemaire",,Boucherville,,,668.9,1974,224200,362000,586200,2025,Logement,MAMH — Données Québec (rôle d'évaluation foncière),https://donneesouvertes.affmunqc.net/role/RL58033_2026.xml,,,,
"930, Nicole-lemaire",,Boucherville,,,1412.1,1974,309300,560800,870100,2025,Logement,MAMH — Données Québec (rôle d'évaluation foncière),https://donneesouvertes.affmunqc.net/role/RL58033_2026.xml,,,,
"156, De Mésy",,Boucherville,,,660.9,1971,202200,328400,530600,2025,Logement,MAMH — Données Québec (rôle d'évaluation foncière),https://donneesouvertes.affmunqc.net/role/RL58033_2026.xml,,,,
"933, Nicole-lemaire",,Boucherville,,,668.9,1971,203800,356600,560400,2025,Logement,MAMH — Données Québec (rôle d'évaluation foncière),https://donneesouvertes.affmunqc.net/role/RL58033_2026.xml,,,,
"932, Nicole-lemaire",,Boucherville,,,844,1972,246800,457700,704500,2025,Logement,MAMH — Données Québec (rôle d'évaluation foncière),https://donneesouvertes.affmunqc.net/role/RL58033_2026.xml,,,,
"936, Nicole-lemaire",,Boucherville,,,694.5,1972,229800,377900,607700,2025,Logement,MAMH — Données Québec (rôle d'évaluation foncière),https://donneesouvertes.affmunqc.net/role/RL58033_2026.xml,,,,
"940, Nicole-lemaire",,Boucherville,,,697.9,1972,230500,451600,682100,2025,Logement,MAMH — Données Québec (rôle d'évaluation foncière),https://donneesouvertes.affmunqc.net/role/RL58033_2026.xml,,,,
"942, Nicole-lemaire",,Boucherville,,,747.9,1975,236300,420300,656600,2025,Logement,MAMH — Données Québec (rôle d'évaluation foncière),https://donneesouvertes.affmunqc.net/role/RL58033_2026.xml,,,,
"936, La Rochelle",,Boucherville,,,668.9,1974,203800,412300,616100,2025,Logement,MAMH — Données Québec (rôle d'évaluation foncière),https://donneesouvertes.affmunqc.net/role/RL58033_2026.xml,,,,
"938, La Rochelle",,Boucherville,,,585.3,1975,187100,350700,537800,2025,Logement,MAMH — Données Québec (rôle d'évaluation foncière),https://donneesouvertes.affmunqc.net/role/RL58033_2026.xml,,,,
"940, La Rochelle",,Boucherville,,,511.9,1992,172400,395700,568100,2025,Logement,MAMH — Données Québec (rôle d'évaluation foncière),https://donneesouvertes.affmunqc.net/role/RL58033_2026.xml,,,,
"935, Nicole-lemaire",,Boucherville,,,668.9,1971,203800,375900,579700,2025,Logement,MAMH — Données Québec (rôle d'évaluation foncière),https://donneesouvertes.affmunqc.net/role/RL58033_2026.xml,,,,
"944, La Rochelle",,Boucherville,,,504.2,2004,170800,621000,791800,2025,Logement,MAMH — Données Québec (rôle d'évaluation foncière),https://donneesouvertes.affmunqc.net/role/RL58033_2026.xml,,,,
"937, Nicole-lemaire",,Boucherville,,,668.9,1973,203800,307900,511700,2025,Logement,MAMH — Données Québec (rôle d'évaluation foncière),https://donneesouvertes.affmunqc.net/role/RL58033_2026.xml,,,,
"939, Nicole-lemaire",,Boucherville,,,495.9,1993,169200,481300,650500,2025,Logement,MAMH — Données Québec (rôle d'évaluation foncière),https://donneesouvertes.affmunqc.net/role/RL58033_2026.xml,,,,
"941, Nicole-lemaire",,Boucherville,,,499.2,1993,169800,390900,560700,2025,Logement,MAMH — Données Québec (rôle d'évaluation foncière),https://donneesouvertes.affmunqc.net/role/RL58033_2026.xml,,,,
"945, Nicole-lemaire",,Boucherville,,,450.1,1992,160000,368700,528700,2025,Logement,MAMH — Données Québec (rôle d'évaluation foncière),https://donneesouvertes.affmunqc.net/role/RL58033_2026.xml,,,,
"947, Nicole-lemaire",,Boucherville,,,452,1992,160400,513500,673900,2025,Logement,MAMH — Données Québec (rôle d'évaluation foncière),https://donneesouvertes.affmunqc.net/role/RL58033_2026.xml,,,,
"944, Nicole-lemaire",,Boucherville,,,908.1,1976,253900,506200,760100,2025,Logement,MAMH — Données Québec (rôle d'évaluation foncière),https://donneesouvertes.affmunqc.net/role/RL58033_2026.xml,,,,
"948, Nicole-lemaire",,Boucherville,,,908.1,1994,253900,644200,898100,2025,Logement,MAMH — Données Québec (rôle d'évaluation foncière),https://donneesouvertes.affmunqc.net/role/RL58033_2026.xml,,,,
"949, La Rochelle",,Boucherville,,,487.1,1992,167400,443400,610800,2025,Logement,MAMH — Données Québec (rôle d'évaluation foncière),https://donneesouvertes.affmunqc.net/role/RL58033_2026.xml,,,,
"951, La Rochelle",,Boucherville,,,487.1,1997,167400,476900,644300,2025,Logement,MAMH — Données Québec (rôle d'évaluation foncière),https://donneesouvertes.affmunqc.net/role/RL58033_2026.xml,,,,
"955, La Rochelle",,Boucherville,,,487.1,1993,167400,485800,653200,2025,Logement,MAMH — Données Québec (rôle d'évaluation foncière),https://donneesouvertes.affmunqc.net/role/RL58033_2026.xml,,,,
"957, La Rochelle",,Boucherville,,,458.5,1993,161700,543300,705000,2025,Logement,MAMH — Données Québec (rôle d'évaluation foncière),https://donneesouvertes.affmunqc.net/role/RL58033_2026.xml,,,,
"946, La Rochelle",,Boucherville,,,483,1991,166600,474400,641000,2025,Logement,MAMH — Données Québec (rôle d'évaluation foncière),https://donneesouvertes.affmunqc.net/role/RL58033_2026.xml,,,,
"948, La Rochelle",,Boucherville,,,489.7,1994,167900,492100,660000,2025,Logement,MAMH — Données Québec (rôle d'évaluation foncière),https://donneesouvertes.affmunqc.net/role/RL58033_2026.xml,,,,
"950, La Rochelle",,Boucherville,,,496.3,1999,169300,346300,515600,2025,Logement,MAMH — Données Québec (rôle d'évaluation foncière),https://donneesouvertes.affmunqc.net/role/RL58033_2026.xml,,,,
"954, La Rochelle",,Boucherville,,,503,2004,170600,412000,582600,2025,Logement,MAMH — Données Québec (rôle d'évaluation foncière),https://donneesouvertes.affmunqc.net/role/RL58033_2026.xml,,,,
"956, La Rochelle",,Boucherville,,,509.6,2001,171900,617000,788900,2025,Logement,MAMH — Données Québec (rôle d'évaluation foncière),https://donneesouvertes.affmunqc.net/role/RL58033_2026.xml,,,,
"949, Nicole-lemaire",,Boucherville,,,455.6,1993,161100,482400,643500,2025,Logement,MAMH — Données Québec (rôle d'évaluation foncière),https://donneesouvertes.affmunqc.net/role/RL58033_2026.xml,,,,
"958, La Rochelle",,Boucherville,,,516.3,1994,173300,537400,710700,2025,Logement,MAMH — Données Québec (rôle d'évaluation foncière),https://donneesouvertes.affmunqc.net/role/RL58033_2026.xml,,,,
"951, Nicole-lemaire",,Boucherville,,,458.7,1994,161700,485200,646900,2025,Logement,MAMH — Données Québec (rôle d'évaluation foncière),https://donneesouvertes.affmunqc.net/role/RL58033_2026.xml,,,,
"955, Nicole-lemaire",,Boucherville,,,461.7,1993,162300,413400,575700,2025,Logement,MAMH — Données Québec (rôle d'évaluation foncière),https://donneesouvertes.affmunqc.net/role/RL58033_2026.xml,,,,
"957, Nicole-lemaire",,Boucherville,,,464.8,1998,163000,419800,582800,2025,Logement,MAMH — Données Québec (rôle d'évaluation foncière),https://donneesouvertes.affmunqc.net/role/RL58033_2026.xml,,,,
"959, Nicole-lemaire",,Boucherville,,,467.8,1992,163600,556300,719900,2025,Logement,MAMH — Données Québec (rôle d'évaluation foncière),https://donneesouvertes.affmunqc.net/role/RL58033_2026.xml,,,,
"961, Nicole-lemaire",,Boucherville,,,470.9,1993,164200,472900,637100,2025,Logement,MAMH — Données Québec (rôle d'évaluation foncière),https://donneesouvertes.affmunqc.net/role/RL58033_2026.xml,,,,
"991, Seine",,Boucherville,,,722.2,1997,212200,416600,628800,2025,Logement,MAMH — Données Québec (rôle d'évaluation foncière),https://donneesouvertes.affmunqc.net/role/RL58033_2026.xml,,,,
"450, François-v.-malhiot",,Boucherville,,,606.3,2012,191300,426100,617400,2025,Logement,MAMH — Données Québec (rôle d'évaluation foncière),https://donneesouvertes.affmunqc.net/role/RL58033_2026.xml,,,,
"452, François-v.-malhiot",,Boucherville,,,713.2,2012,211300,458100,669400,2025,Logement,MAMH — Données Québec (rôle d'évaluation foncière),https://donneesouvertes.affmunqc.net/role/RL58033_2026.xml,,,,
"959, La Rochelle",,Boucherville,,,458.5,1994,161700,453200,614900,2025,Logement,MAMH — Données Québec (rôle d'évaluation foncière),https://donneesouvertes.affmunqc.net/role/RL58033_2026.xml,,,,
"458, François-v.-malhiot",,Boucherville,,,492,1997,168400,365600,534000,2025,Logement,MAMH — Données Québec (rôle d'évaluation foncière),https://donneesouvertes.affmunqc.net/role/RL58033_2026.xml,,,,
"961, La Rochelle",,Boucherville,,,458.5,2000,161700,513000,674700,2025,Logement,MAMH — Données Québec (rôle d'évaluation foncière),https://donneesouvertes.affmunqc.net/role/RL58033_2026.xml,,,,
"965, La Rochelle",,Boucherville,,,472.8,1996,164600,469500,634100,2025,Logement,MAMH — Données Québec (rôle d'évaluation foncière),https://donneesouvertes.affmunqc.net/role/RL58033_2026.xml,,,,
"464, François-v.-malhiot",,Boucherville,,,374,1997,144800,395300,540100,2025,Logement,MAMH — Données Québec (rôle d'évaluation foncière),https://donneesouvertes.affmunqc.net/role/RL58033_2026.xml,,,,
"967, La Rochelle",,Boucherville,,,551.6,2004,180300,518400,698700,2025,Logement,MAMH — Données Québec (rôle d'évaluation foncière),https://donneesouvertes.affmunqc.net/role/RL58033_2026.xml,,,,
"468, François-v.-malhiot",,Boucherville,,,374,1994,144800,347800,492600,2025,Logement,MAMH — Données Québec (rôle d'évaluation foncière),https://donneesouvertes.affmunqc.net/role/RL58033_2026.xml,,,,
"969, La Rochelle",,Boucherville,,,609.9,1994,192000,532900,724900,2025,Logement,MAMH — Données Québec (rôle d'évaluation foncière),https://donneesouvertes.affmunqc.net/role/RL58033_2026.xml,,,,
"470, François-v.-malhiot",,Boucherville,,,374,1994,144800,306400,451200,2025,Logement,MAMH — Données Québec (rôle d'évaluation foncière),https://donneesouvertes.affmunqc.net/role/RL58033_2026.xml,,,,
"971, La Rochelle",,Boucherville,,,480,1994,166000,414100,580100,2025,Logement,MAMH — Données Québec (rôle d'évaluation foncière),https://donneesouvertes.affmunqc.net/role/RL58033_2026.xml,,,,
"960, La Rochelle",,Boucherville,,,522.9,1993,174600,438500,613100,2025,Logement,MAMH — Données Québec (rôle d'évaluation foncière),https://donneesouvertes.affmunqc.net/role/RL58033_2026.xml,,,,
"966, La Rochelle",,Boucherville,,,852.4,1994,225200,636100,861300,2025,Logement,MAMH — Données Québec (rôle d'évaluation foncière),https://donneesouvertes.affmunqc.net/role/RL58033_2026.xml,,,,
"975, La Rochelle",,Boucherville,,,480,1994,166000,528800,694800,2025,Logement,MAMH — Données Québec (rôle d'évaluation foncière),https://donneesouvertes.affmunqc.net/role/RL58033_2026.xml,,,,
"451, François-v.-malhiot",,Boucherville,,,212.47,2005,85000,249000,334000,2025,Logement,MAMH — Données Québec (rôle d'évaluation foncière),https://donneesouvertes.affmunqc.net/role/RL58033_2026.xml,,,,
"453, François-v.-malhiot",,Boucherville,,,226.18,2004,90500,221600,312100,2025,Logement,MAMH — Données Québec (rôle d'évaluation foncière),https://donneesouvertes.affmunqc.net/role/RL58033_2026.xml,,,,
"455, François-v.-malhiot",,Boucherville,,,246.74,2004,98700,220400,319100,2025,Logement,MAMH — Données Québec (rôle d'évaluation foncière),https://donneesouvertes.affmunqc.net/role/RL58033_2026.xml,,,,
"461, François-v.-malhiot",,Boucherville,,,173.91,1994,69600,303700,373300,2025,Logement,MAMH — Données Québec (rôle d'évaluation foncière),https://donneesouvertes.affmunqc.net/role/RL58033_2026.xml,,,,
"463, François-v.-malhiot",,Boucherville,,,173.91,1995,69600,251200,320800,2025,Logement,MAMH — Données Québec (rôle d'évaluation foncière),https://donneesouvertes.affmunqc.net/role/RL58033_2026.xml,,,,
"465, François-v.-malhiot",,Boucherville,,,213.21,1994,85300,305700,391000,2025,Logement,MAMH — Données Québec (rôle d'évaluation foncière),https://donneesouvertes.affmunqc.net/role/RL58033_2026.xml,,,,
"471, François-v.-malhiot",,Boucherville,,,213.21,1994,85300,296600,381900,2025,Logement,MAMH — Données Québec (rôle d'évaluation foncière),https://donneesouvertes.affmunqc.net/role/RL58033_2026.xml,,,,
"473, François-v.-malhiot",,Boucherville,,,173.91,1994,69600,243900,313500,2025,Logement,MAMH — Données Québec (rôle d'évaluation foncière),https://donneesouvertes.affmunqc.net/role/RL58033_2026.xml,,,,
"475, François-v.-malhiot",,Boucherville,,,173.91,1994,69600,261400,331000,2025,Logement,MAMH — Données Québec (rôle d'évaluation foncière),https://donneesouvertes.affmunqc.net/role/RL58033_2026.xml,,,,
"495, François-v.-malhiot",,Boucherville,,,173.91,1995,69600,307800,377400,2025,Logement,MAMH — Données Québec (rôle d'évaluation foncière),https://donneesouvertes.affmunqc.net/role/RL58033_2026.xml,,,,
"497, François-v.-malhiot",,Boucherville,,,173.91,1995,69600,276900,346500,2025,Logement,MAMH — Données Québec (rôle d'évaluation foncière),https://donneesouvertes.affmunqc.net/role/RL58033_2026.xml,,,,
"499, François-v.-malhiot",,Boucherville,,,213.18,1995,85300,286200,371500,2025,Logement,MAMH — Données Québec (rôle d'évaluation foncière),https://donneesouvertes.affmunqc.net/role/RL58033_2026.xml,,,,
"481, François-v.-malhiot",,Boucherville,,,264.44,2005,105800,228300,334100,2025,Logement,MAMH — Données Québec (rôle d'évaluation foncière),https://donneesouvertes.affmunqc.net/role/RL58033_2026.xml,,,,
"483, François-v.-malhiot",,Boucherville,,,281.23,2005,112500,228500,341000,2025,Logement,MAMH — Données Québec (rôle d'évaluation foncière),https://donneesouvertes.affmunqc.net/role/RL58033_2026.xml,,,,
"485, François-v.-malhiot",,Boucherville,,,293.83,2005,117500,214800,332300,2025,Logement,MAMH — Données Québec (rôle d'évaluation foncière),https://donneesouvertes.affmunqc.net/role/RL58033_2026.xml,,,,
"487, François-v.-malhiot",,Boucherville,,,202.68,2005,81100,259500,340600,2025,Logement,MAMH — Données Québec (rôle d'évaluation foncière),https://donneesouvertes.affmunqc.net/role/RL58033_2026.xml,,,,
"489, François-v.-malhiot",,Boucherville,,,215.75,2005,86300,232800,319100,2025,Logement,MAMH — Données Québec (rôle d'évaluation foncière),https://donneesouvertes.affmunqc.net/role/RL58033_2026.xml,,,,
"491, François-v.-malhiot",,Boucherville,,,235.37,2005,94100,240000,334100,2025,Logement,MAMH — Données Québec (rôle d'évaluation foncière),https://donneesouvertes.affmunqc.net/role/RL58033_2026.xml,,,,
"474, François-v.-malhiot",,Boucherville,,,489.2,1994,167800,322600,490400,2025,Logement,MAMH — Données Québec (rôle d'évaluation foncière),https://donneesouvertes.affmunqc.net/role/RL58033_2026.xml,,,,
"476, François-v.-malhiot",,Boucherville,,,599.3,1993,189900,388900,578800,2025,Logement,MAMH — Données Québec (rôle d'évaluation foncière),https://donneesouvertes.affmunqc.net/role/RL58033_2026.xml,,,,
"527, François-v.-malhiot",,Boucherville,,,205.53,2005,82200,253500,335700,2025,Logement,MAMH — Données Québec (rôle d'évaluation foncière),https://donneesouvertes.affmunqc.net/role/RL58033_2026.xml,,,,
"529, François-v.-malhiot",,Boucherville,,,218.79,2005,87500,258600,346100,2025,Logement,MAMH — Données Québec (rôle d'évaluation foncière),https://donneesouvertes.affmunqc.net/role/RL58033_2026.xml,,,,
"531, François-v.-malhiot",,Boucherville,,,238.68,2005,95500,256300,351800,2025,Logement,MAMH — Données Québec (rôle d'évaluation foncière),https://donneesouvertes.affmunqc.net/role/RL58033_2026.xml,,,,
"521, François-v.-malhiot",,Boucherville,,,173.91,2005,69600,269100,338700,2025,Logement,MAMH — Données Québec (rôle d'évaluation foncière),https://donneesouvertes.affmunqc.net/role/RL58033_2026.xml,,,,
"523, François-v.-malhiot",,Boucherville,,,185.13,2005,74100,267600,341700,2025,Logement,MAMH — Données Québec (rôle d'évaluation foncière),https://donneesouvertes.affmunqc.net/role/RL58033_2026.xml,,,,
"525, François-v.-malhiot",,Boucherville,,,201.96,2005,80800,253600,334400,2025,Logement,MAMH — Données Québec (rôle d'évaluation foncière),https://donneesouvertes.affmunqc.net/role/RL58033_2026.xml,,,,
"515, François-v.-malhiot",,Boucherville,,,561,1999,182200,774500,956700,2025,Logement,MAMH — Données Québec (rôle d'évaluation foncière),https://donneesouvertes.affmunqc.net/role/RL58033_2026.xml,,,,
"507, François-v.-malhiot",,Boucherville,,,561,1999,182200,779800,962000,2025,Logement,MAMH — Données Québec (rôle d'évaluation foncière),https://donneesouvertes.affmunqc.net/role/RL58033_2026.xml,,,,
"501, François-v.-malhiot",,Boucherville,,,213.18,1995,85300,328200,413500,2025,Logement,MAMH — Données Québec (rôle d'évaluation foncière),https://donneesouvertes.affmunqc.net/role/RL58033_2026.xml,,,,
"503, François-v.-malhiot",,Boucherville,,,173.91,1995,69600,265000,334600,2025,Logement,MAMH — Données Québec (rôle d'évaluation foncière),https://donneesouvertes.affmunqc.net/role/RL58033_2026.xml,,,,
"505, François-v.-malhiot",,Boucherville,,,173.91,1995,69600,274400,344000,2025,Logement,MAMH — Données Québec (rôle d'évaluation foncière),https://donneesouvertes.affmunqc.net/role/RL58033_2026.xml,,,,
"530, François-v.-malhiot",,Boucherville,,,14750.5,2019,5162700,27107300,32270000,2025,Logement,MAMH — Données Québec (rôle d'évaluation foncière),https://donneesouvertes.affmunqc.net/role/RL58033_2026.xml,,,,
"950, Nicole-lemaire",,Boucherville,,,630.9,1994,215800,445100,660900,2025,Logement,MAMH — Données Québec (rôle d'évaluation foncière),https://donneesouvertes.affmunqc.net/role/RL58033_2026.xml,,,,
"952, Nicole-lemaire",,Boucherville,,,595.9,1994,208100,622500,830600,2025,Logement,MAMH — Données Québec (rôle d'évaluation foncière),https://donneesouvertes.affmunqc.net/role/RL58033_2026.xml,,,,
"954, Nicole-lemaire",,Boucherville,,,595.9,1991,208100,480500,688600,2025,Logement,MAMH — Données Québec (rôle d'évaluation foncière),https://donneesouvertes.affmunqc.net/role/RL58033_2026.xml,,,,
"965, Nicole-lemaire",,Boucherville,,,533.4,2005,176700,520500,697200,2025,Logement,MAMH — Données Québec (rôle d'évaluation foncière),https://donneesouvertes.affmunqc.net/role/RL58033_2026.xml,,,,
"956, Nicole-lemaire",,Boucherville,,,595.9,1994,208100,492800,700900,2025,Logement,MAMH — Données Québec (rôle d'évaluation foncière),https://donneesouvertes.affmunqc.net/role/RL58033_2026.xml,,,,
"958, Nicole-lemaire",,Boucherville,,,560.8,1992,200400,525500,725900,2025,Logement,MAMH — Données Québec (rôle d'évaluation foncière),https://donneesouvertes.affmunqc.net/role/RL58033_2026.xml,,,,
"960, Nicole-lemaire",,Boucherville,,,560.8,1994,200400,481100,681500,2025,Logement,MAMH — Données Québec (rôle d'évaluation foncière),https://donneesouvertes.affmunqc.net/role/RL58033_2026.xml,,,,
"962, Nicole-lemaire",,Boucherville,,,560.8,1992,200400,465800,666200,2025,Logement,MAMH — Données Québec (rôle d'évaluation foncière),https://donneesouvertes.affmunqc.net/role/RL58033_2026.xml,,,,
"964, Nicole-lemaire",,Boucherville,,,560.8,1992,200400,528200,728600,2025,Logement,MAMH — Données Québec (rôle d'évaluation foncière),https://donneesouvertes.affmunqc.net/role/RL58033_2026.xml,,,,
"966, Nicole-lemaire",,Boucherville,,,560.8,1992,200400,567200,767600,2025,Logement,MAMH — Données Québec (rôle d'évaluation foncière),https://donneesouvertes.affmunqc.net/role/RL58033_2026.xml,,,,
"968, Nicole-lemaire",,Boucherville,,,606.4,1992,210400,583200,793600,2025,Logement,MAMH — Données Québec (rôle d'évaluation foncière),https://donneesouvertes.affmunqc.net/role/RL58033_2026.xml,,,,
"977, La Rochelle",,Boucherville,,,480,1994,166000,505500,671500,2025,Logement,MAMH — Données Québec (rôle d'évaluation foncière),https://donneesouvertes.affmunqc.net/role/RL58033_2026.xml,,,,
"969, Nicole-lemaire",,Boucherville,,,674.8,1997,205000,636200,841200,2025,Logement,MAMH — Données Québec (rôle d'évaluation foncière),https://donneesouvertes.affmunqc.net/role/RL58033_2026.xml,,,,
"967, Nicole-lemaire",,Boucherville,,,735,2000,213500,776700,990200,2025,Logement,MAMH — Données Québec (rôle d'évaluation foncière),https://donneesouvertes.affmunqc.net/role/RL58033_2026.xml,,,,
"984, Nicole-lemaire",,Boucherville,,,766.9,2005,216700,508700,725400,2025,Logement,MAMH — Données Québec (rôle d'évaluation foncière),https://donneesouvertes.affmunqc.net/role/RL58033_2026.xml,,,,
"980, Nicole-lemaire",,Boucherville,,,750.5,1994,215100,725300,940400,2025,Logement,MAMH — Données Québec (rôle d'évaluation foncière),https://donneesouvertes.affmunqc.net/role/RL58033_2026.xml,,,,
"978, Nicole-lemaire",,Boucherville,,,620.6,1991,194100,550300,744400,2025,Logement,MAMH — Données Québec (rôle d'évaluation foncière),https://donneesouvertes.affmunqc.net/role/RL58033_2026.xml,,,,
"976, Nicole-lemaire",,Boucherville,,,548,1997,197600,603400,801000,2025,Logement,MAMH — Données Québec (rôle d'évaluation foncière),https://donneesouvertes.affmunqc.net/role/RL58033_2026.xml,,,,
"970, Nicole-lemaire",,Boucherville,,,586.9,1995,264100,618700,882800,2025,Logement,MAMH — Données Québec (rôle d'évaluation foncière),https://donneesouvertes.affmunqc.net/role/RL58033_2026.xml,,,,
"974, Nicole-lemaire",,Boucherville,,,598.9,1997,208800,673100,881900,2025,Logement,MAMH — Données Québec (rôle d'évaluation foncière),https://donneesouvertes.affmunqc.net/role/RL58033_2026.xml,,,,
"518, François-v.-malhiot",,Boucherville,,,523.64,2010,174700,379000,553700,2025,Logement,MAMH — Données Québec (rôle d'évaluation foncière),https://donneesouvertes.affmunqc.net/role/RL58033_2026.xml,,,,
"1400, Fort-saint-louis",,Boucherville,,,163781.4,,753400,,753400,2025,Agricole,MAMH — Données Québec (rôle d'évaluation foncière),https://donneesouvertes.affmunqc.net/role/RL58033_2026.xml,,,,
"1151, Général-vanier",,Boucherville,,,132444.5,,769000,386600,1155600,2025,Agricole,MAMH — Données Québec (rôle d'évaluation foncière),https://donneesouvertes.affmunqc.net/role/RL58033_2026.xml,,,,
"1064, Michel-moreau",,Boucherville,,,708.8,1962,265800,408500,674300,2025,Logement,MAMH — Données Québec (rôle d'évaluation foncière),https://donneesouvertes.affmunqc.net/role/RL58033_2026.xml,,,,
"1016, Michel-moreau",,Boucherville,,,561.3,1971,210500,320200,530700,2025,Logement,MAMH — Données Québec (rôle d'évaluation foncière),https://donneesouvertes.affmunqc.net/role/RL58033_2026.xml,,,,
"30, D'argenson",,Boucherville,,,713.9,1969,267700,294800,562500,2025,Logement,MAMH — Données Québec (rôle d'évaluation foncière),https://donneesouvertes.affmunqc.net/role/RL58033_2026.xml,,,,
"1012, Michel-moreau",,Boucherville,,,637.9,1970,239200,271700,510900,2025,Logement,MAMH — Données Québec (rôle d'évaluation foncière),https://donneesouvertes.affmunqc.net/role/RL58033_2026.xml,,,,
"32, D'argenson",,Boucherville,,,585.5,1970,219600,394100,613700,2025,Logement,MAMH — Données Québec (rôle d'évaluation foncière),https://donneesouvertes.affmunqc.net/role/RL58033_2026.xml,,,,
"34, D'argenson",,Boucherville,,,618.7,1973,232000,286500,518500,2025,Logement,MAMH — Données Québec (rôle d'évaluation foncière),https://donneesouvertes.affmunqc.net/role/RL58033_2026.xml,,,,
"1011, Michel-moreau",,Boucherville,,,714,1979,267800,419700,687500,2025,Logement,MAMH — Données Québec (rôle d'évaluation foncière),https://donneesouvertes.affmunqc.net/role/RL58033_2026.xml,,,,
"1009, Michel-moreau",,Boucherville,,,706.2,1970,264800,359400,624200,2025,Logement,MAMH — Données Québec (rôle d'évaluation foncière),https://donneesouvertes.affmunqc.net/role/RL58033_2026.xml,,,,
"39, D'argenson",,Boucherville,,,720,1978,270000,352100,622100,2025,Logement,MAMH — Données Québec (rôle d'évaluation foncière),https://donneesouvertes.affmunqc.net/role/RL58033_2026.xml,,,,
"40, D'argenson",,Boucherville,,,716.1,1978,268500,257400,525900,2025,Logement,MAMH — Données Québec (rôle d'évaluation foncière),https://donneesouvertes.affmunqc.net/role/RL58033_2026.xml,,,,
"23, D'argenson",,Boucherville,,,732.1,1978,274500,313500,588000,2025,Logement,MAMH — Données Québec (rôle d'évaluation foncière),https://donneesouvertes.affmunqc.net/role/RL58033_2026.xml,,,,
"25, D'argenson",,Boucherville,,,730.3,1978,273900,335500,609400,2025,Logement,MAMH — Données Québec (rôle d'évaluation foncière),https://donneesouvertes.affmunqc.net/role/RL58033_2026.xml,,,,
"27, D'argenson",,Boucherville,,,729.2,1978,273500,241500,515000,2025,Logement,MAMH — Données Québec (rôle d'évaluation foncière),https://donneesouvertes.affmunqc.net/role/RL58033_2026.xml,,,,
"31, D'argenson",,Boucherville,,,746.4,1978,279900,373400,653300,2025,Logement,MAMH — Données Québec (rôle d'évaluation foncière),https://donneesouvertes.affmunqc.net/role/RL58033_2026.xml,,,,
"284, De Beauharnois",,Boucherville,,,576,1988,216000,752700,968700,2025,Logement,MAMH — Données Québec (rôle d'évaluation foncière),https://donneesouvertes.affmunqc.net/role/RL58033_2026.xml,,,,
"33, D'argenson",,Boucherville,,,740.3,1978,277600,373500,651100,2025,Logement,MAMH — Données Québec (rôle d'évaluation foncière),https://donneesouvertes.affmunqc.net/role/RL58033_2026.xml,,,,
"286, De Beauharnois",,Boucherville,,,576,1990,216000,724900,940900,2025,Logement,MAMH — Données Québec (rôle d'évaluation foncière),https://donneesouvertes.affmunqc.net/role/RL58033_2026.xml,,,,
"290, De Beauharnois",,Boucherville,,,540,1989,202500,525600,728100,2025,Logement,MAMH — Données Québec (rôle d'évaluation foncière),https://donneesouvertes.affmunqc.net/role/RL58033_2026.xml,,,,
"35, D'argenson",,Boucherville,,,696.9,1977,261300,432000,693300,2025,Logement,MAMH — Données Québec (rôle d'évaluation foncière),https://donneesouvertes.affmunqc.net/role/RL58033_2026.xml,,,,
"292, De Beauharnois",,Boucherville,,,576,1990,216000,532300,748300,2025,Logement,MAMH — Données Québec (rôle d'évaluation foncière),https://donneesouvertes.affmunqc.net/role/RL58033_2026.xml,,,,
"296, De Beauharnois",,Boucherville,,,574,1989,215300,511100,726400,2025,Logement,MAMH — Données Québec (rôle d'évaluation foncière),https://donneesouvertes.affmunqc.net/role/RL58033_2026.xml,,,,
"19, D'argenson",,Boucherville,,,744.5,1978,279200,356400,635600,2025,Logement,MAMH — Données Québec (rôle d'évaluation foncière),https://donneesouvertes.affmunqc.net/role/RL58033_2026.xml,,,,
"1006, Kingston",,Boucherville,,,839.3,1986,314700,473500,788200,2025,Logement,MAMH — Données Québec (rôle d'évaluation foncière),https://donneesouvertes.affmunqc.net/role/RL58033_2026.xml,,,,
"276, De Beauharnois",,Boucherville,,,563.9,1989,211500,589600,801100,2025,Logement,MAMH — Données Québec (rôle d'évaluation foncière),https://donneesouvertes.affmunqc.net/role/RL58033_2026.xml,,,,
"278, De Beauharnois",,Boucherville,,,577.2,1989,216500,458300,674800,2025,Logement,MAMH — Données Québec (rôle d'évaluation foncière),https://donneesouvertes.affmunqc.net/role/RL58033_2026.xml,,,,
"280, De Beauharnois",,Boucherville,,,540,1989,202500,586900,789400,2025,Logement,MAMH — Données Québec (rôle d'évaluation foncière),https://donneesouvertes.affmunqc.net/role/RL58033_2026.xml,,,,
"275, De Beauharnois",,Boucherville,,,707.2,1994,265200,414700,679900,2025,Logement,MAMH — Données Québec (rôle d'évaluation foncière),https://donneesouvertes.affmunqc.net/role/RL58033_2026.xml,,,,
"277, De Beauharnois",,Boucherville,,,594.3,1992,222900,447300,670200,2025,Logement,MAMH — Données Québec (rôle d'évaluation foncière),https://donneesouvertes.affmunqc.net/role/RL58033_2026.xml,,,,
"281, De Beauharnois",,Boucherville,,,540,1992,202500,429400,631900,2025,Logement,MAMH — Données Québec (rôle d'évaluation foncière),https://donneesouvertes.affmunqc.net/role/RL58033_2026.xml,,,,
"283, De Beauharnois",,Boucherville,,,594.3,1993,222900,789700,1012600,2025,Logement,MAMH — Données Québec (rôle d'évaluation foncière),https://donneesouvertes.affmunqc.net/role/RL58033_2026.xml,,,,
"1005, Kingston",,Boucherville,,,10500.5,,282100,,282100,2025,Terrain vacant,MAMH — Données Québec (rôle d'évaluation foncière),https://donneesouvertes.affmunqc.net/role/RL58033_2026.xml,,,,
"1097, Marie-victorin",,Boucherville,,,,1965,,6996800,6996800,2025,,MAMH — Données Québec (rôle d'évaluation foncière),https://donneesouvertes.affmunqc.net/role/RL58033_2026.xml,,,,
"1099, Marie-victorin",,Boucherville,,,1367.2,1965,800200,,800200,2025,Immeuble commercial,MAMH — Données Québec (rôle d'évaluation foncière),https://donneesouvertes.affmunqc.net/role/RL58033_2026.xml,,,,
"1109, Marie-victorin",,Boucherville,,,3743.7,2004,1513100,1322800,2835900,2025,Logement,MAMH — Données Québec (rôle d'évaluation foncière),https://donneesouvertes.affmunqc.net/role/RL58033_2026.xml,,,,
"1111, Marie-victorin",,Boucherville,,,1762.6,1961,765700,182700,948400,2025,Logement,MAMH — Données Québec (rôle d'évaluation foncière),https://donneesouvertes.affmunqc.net/role/RL58033_2026.xml,,,,
"1115, Marie-victorin",,Boucherville,,,1734.9,1974,910500,792600,1703100,2025,Logement,MAMH — Données Québec (rôle d'évaluation foncière),https://donneesouvertes.affmunqc.net/role/RL58033_2026.xml,,,,
"1123, Marie-victorin",,Boucherville,,,2328.2,2002,1054200,1505400,2559600,2025,Logement,MAMH — Données Québec (rôle d'évaluation foncière),https://donneesouvertes.affmunqc.net/role/RL58033_2026.xml,,,,
"1125, Marie-victorin",,Boucherville,,,2442.2,2000,1071300,1526200,2597500,2025,Logement,MAMH — Données Québec (rôle d'évaluation foncière),https://donneesouvertes.affmunqc.net/role/RL58033_2026.xml,,,,
"1135, Marie-victorin",,Boucherville,,,2895.5,1998,1139300,1134800,2274100,2025,Logement,MAMH — Données Québec (rôle d'évaluation foncière),https://donneesouvertes.affmunqc.net/role/RL58033_2026.xml,,,,
"1141, Marie-victorin",,Boucherville,,,4657.9,2006,1787400,2792500,4579900,2025,Logement,MAMH — Données Québec (rôle d'évaluation foncière),https://donneesouvertes.affmunqc.net/role/RL58033_2026.xml,,,,
"1147, Marie-victorin",,Boucherville,,,2847.8,1983,1132200,955300,2087500,2025,Logement,MAMH — Données Québec (rôle d'évaluation foncière),https://donneesouvertes.affmunqc.net/role/RL58033_2026.xml,,,,
"41, D'argenson",,Boucherville,,,720,1977,270000,312100,582100,2025,Logement,MAMH — Données Québec (rôle d'évaluation foncière),https://donneesouvertes.affmunqc.net/role/RL58033_2026.xml,,,,
"43, D'argenson",,Boucherville,,,668.9,1978,250800,258700,509500,2025,Logement,MAMH — Données Québec (rôle d'évaluation foncière),https://donneesouvertes.affmunqc.net/role/RL58033_2026.xml,,,,
"304, De Beauharnois",,Boucherville,,,548.7,1990,205800,447000,652800,2025,Logement,MAMH — Données Québec (rôle d'évaluation foncière),https://donneesouvertes.affmunqc.net/role/RL58033_2026.xml,,,,
"45, D'argenson",,Boucherville,,,594.6,1980,223000,244000,467000,2025,Logement,MAMH — Données Québec (rôle d'évaluation foncière),https://donneesouvertes.affmunqc.net/role/RL58033_2026.xml,,,,
"306, De Beauharnois",,Boucherville,,,548.7,1990,205800,364800,570600,2025,Logement,MAMH — Données Québec (rôle d'évaluation foncière),https://donneesouvertes.affmunqc.net/role/RL58033_2026.xml,,,,
"47, D'argenson",,Boucherville,,,487.6,1980,182900,354900,537800,2025,Logement,MAMH — Données Québec (rôle d'évaluation foncière),https://donneesouvertes.affmunqc.net/role/RL58033_2026.xml,,,,
"310, De Beauharnois",,Boucherville,,,548.7,1990,205800,381300,587100,2025,Logement,MAMH — Données Québec (rôle d'évaluation foncière),https://donneesouvertes.affmunqc.net/role/RL58033_2026.xml,,,,
"49, D'argenson",,Boucherville,,,487.6,1980,182900,285900,468800,2025,Logement,MAMH — Données Québec (rôle d'évaluation foncière),https://donneesouvertes.affmunqc.net/role/RL58033_2026.xml,,,,
"314, De Beauharnois",,Boucherville,,,548.7,1990,205800,666000,871800,2025,Logement,MAMH — Données Québec (rôle d'évaluation foncière),https://donneesouvertes.affmunqc.net/role/RL58033_2026.xml,,,,
"316, De Beauharnois",,Boucherville,,,548.7,1989,205800,377900,583700,2025,Logement,MAMH — Données Québec (rôle d'évaluation foncière),https://donneesouvertes.affmunqc.net/role/RL58033_2026.xml,,,,
"311, De Beauharnois",,Boucherville,,,548.7,1990,205800,415700,621500,2025,Logement,MAMH — Données Québec (rôle d'évaluation foncière),https://donneesouvertes.affmunqc.net/role/RL58033_2026.xml,,,,
"320, De Beauharnois",,Boucherville,,,548.7,1989,205800,352500,558300,2025,Logement,MAMH — Données Québec (rôle d'évaluation foncière),https://donneesouvertes.affmunqc.net/role/RL58033_2026.xml,,,,
"298, De Beauharnois",,Boucherville,,,582,1989,218300,599300,817600,2025,Logement,MAMH — Données Québec (rôle d'évaluation foncière),https://donneesouvertes.affmunqc.net/role/RL58033_2026.xml,,,,
"287, De Beauharnois",,Boucherville,,,594.3,1989,222900,546300,769200,2025,Logement,MAMH — Données Québec (rôle d'évaluation foncière),https://donneesouvertes.affmunqc.net/role/RL58033_2026.xml,,,,
"291, De Beauharnois",,Boucherville,,,540,1989,202500,454800,657300,2025,Logement,MAMH — Données Québec (rôle d'évaluation foncière),https://donneesouvertes.affmunqc.net/role/RL58033_2026.xml,,,,
"300, De Beauharnois",,Boucherville,,,576,1989,216000,394000,610000,2025,Logement,MAMH — Données Québec (rôle d'évaluation foncière),https://donneesouvertes.affmunqc.net/role/RL58033_2026.xml,,,,
"295, De Beauharnois",,Boucherville,,,576.3,1991,216100,372300,588400,2025,Logement,MAMH — Données Québec (rôle d'évaluation foncière),https://donneesouvertes.affmunqc.net/role/RL58033_2026.xml,,,,
"297, De Beauharnois",,Boucherville,,,602.1,1990,225800,541000,766800,2025,Logement,MAMH — Données Québec (rôle d'évaluation foncière),https://donneesouvertes.affmunqc.net/role/RL58033_2026.xml,,,,
"301, De Beauharnois",,Boucherville,,,583.7,1989,218900,433100,652000,2025,Logement,MAMH — Données Québec (rôle d'évaluation foncière),https://donneesouvertes.affmunqc.net/role/RL58033_2026.xml,,,,
"1008, Kingston",,Boucherville,,,10634.6,,237600,,237600,2025,Terrain vacant,MAMH — Données Québec (rôle d'évaluation foncière),https://donneesouvertes.affmunqc.net/role/RL58033_2026.xml,,,,
"305, De Beauharnois",,Boucherville,,,548.7,1989,205800,495100,700900,2025,Logement,MAMH — Données Québec (rôle d'évaluation foncière),https://donneesouvertes.affmunqc.net/role/RL58033_2026.xml,,,,
"307, De Beauharnois",,Boucherville,,,548.7,1990,205800,415800,621600,2025,Logement,MAMH — Données Québec (rôle d'évaluation foncière),https://donneesouvertes.affmunqc.net/role/RL58033_2026.xml,,,,
"285, De Beauharnois",,Boucherville,,,540,1989,202500,672500,875000,2025,Logement,MAMH — Données Québec (rôle d'évaluation foncière),https://donneesouvertes.affmunqc.net/role/RL58033_2026.xml,,,,
"1092, Marie-victorin",,Boucherville,,,29014.4,,578900,,578900,2025,Terrain vacant,MAMH — Données Québec (rôle d'évaluation foncière),https://donneesouvertes.affmunqc.net/role/RL58033_2026.xml,,,,
"1149, Marie-victorin",,Boucherville,,,3989.4,1996,1586800,1179900,2766700,2025,Logement,MAMH — Données Québec (rôle d'évaluation foncière),https://donneesouvertes.affmunqc.net/role/RL58033_2026.xml,,,,
"315, De Beauharnois",,Boucherville,,,548.7,1990,205800,348300,554100,2025,Logement,MAMH — Données Québec (rôle d'évaluation foncière),https://donneesouvertes.affmunqc.net/role/RL58033_2026.xml,,,,
"324, De Beauharnois",,Boucherville,,,660.2,1990,247600,478900,726500,2025,Logement,MAMH — Données Québec (rôle d'évaluation foncière),https://donneesouvertes.affmunqc.net/role/RL58033_2026.xml,,,,
"317, De Beauharnois",,Boucherville,,,548.7,1990,205800,473100,678900,2025,Logement,MAMH — Données Québec (rôle d'évaluation foncière),https://donneesouvertes.affmunqc.net/role/RL58033_2026.xml,,,,
"321, De Beauharnois",,Boucherville,,,548.7,1989,205800,556500,762300,2025,Logement,MAMH — Données Québec (rôle d'évaluation foncière),https://donneesouvertes.affmunqc.net/role/RL58033_2026.xml,,,,
"325, De Beauharnois",,Boucherville,,,660,1990,247500,398100,645600,2025,Logement,MAMH — Données Québec (rôle d'évaluation foncière),https://donneesouvertes.affmunqc.net/role/RL58033_2026.xml,,,,
"1054, De Duquesne",,Boucherville,,,677.2,2011,254000,641800,895800,2025,Logement,MAMH — Données Québec (rôle d'évaluation foncière),https://donneesouvertes.affmunqc.net/role/RL58033_2026.xml,,,,
"1080, Marie-victorin",,Boucherville,,,56339.4,,809400,,809400,2025,Terrain vacant,MAMH — Données Québec (rôle d'évaluation foncière),https://donneesouvertes.affmunqc.net/role/RL58033_2026.xml,,,,
"1090, De Duquesne",,Boucherville,,,10659.8,,238100,,238100,2025,Terrain vacant,MAMH — Données Québec (rôle d'évaluation foncière),https://donneesouvertes.affmunqc.net/role/RL58033_2026.xml,,,,
"1142, Marie-victorin",,Boucherville,,,314214.3,,678400,,678400,2025,Institutionnel,MAMH — Données Québec (rôle d'évaluation foncière),https://donneesouvertes.affmunqc.net/role/RL58033_2026.xml,,,,
"1082, Gilles-hocquart",,Boucherville,,,271.08,2008,108400,226800,335200,2025,Logement,MAMH — Données Québec (rôle d'évaluation foncière),https://donneesouvertes.affmunqc.net/role/RL58033_2026.xml,,,,
"1086, Gilles-hocquart",,Boucherville,,,271.08,2008,108400,226400,334800,2025,Logement,MAMH — Données Québec (rôle d'évaluation foncière),https://donneesouvertes.affmunqc.net/role/RL58033_2026.xml,,,,
"1088, Gilles-hocquart",,Boucherville,,,271.08,2008,108400,242000,350400,2025,Logement,MAMH — Données Québec (rôle d'évaluation foncière),https://donneesouvertes.affmunqc.net/role/RL58033_2026.xml,,,,
"1092, Gilles-hocquart",,Boucherville,,,271.08,2009,108400,231100,339500,2025,Logement,MAMH — Données Québec (rôle d'évaluation foncière),https://donneesouvertes.affmunqc.net/role/RL58033_2026.xml,,,,
"1094, Gilles-hocquart",,Boucherville,,,461.88,2009,184800,161100,345900,2025,Logement,MAMH — Données Québec (rôle d'évaluation foncière),https://donneesouvertes.affmunqc.net/role/RL58033_2026.xml,,,,
"1080, Fort-saint-louis",,Boucherville,,,8262.3,,33000,,33000,2025,Terrain vacant,MAMH — Données Québec (rôle d'évaluation foncière),https://donneesouvertes.affmunqc.net/role/RL58033_2026.xml,,,,
"1155, Marie-victorin",,Boucherville,,,5229.8,2002,1958900,1570100,3529000,2025,Logement,MAMH — Données Québec (rôle d'évaluation foncière),https://donneesouvertes.affmunqc.net/role/RL58033_2026.xml,,,,
"1161, Marie-victorin",,Boucherville,,,7860.1,,2593800,,2593800,2025,Institutionnel,MAMH — Données Québec (rôle d'évaluation foncière),https://donneesouvertes.affmunqc.net/role/RL58033_2026.xml,,,,
"1301, Marie-victorin",,Boucherville,,,11276.5,,21400,,21400,2025,Institutionnel,MAMH — Données Québec (rôle d'évaluation foncière),https://donneesouvertes.affmunqc.net/role/RL58033_2026.xml,,,,
"1225, Marie-victorin",,Boucherville,,,148451.7,,215200,,215200,2025,Institutionnel,MAMH — Données Québec (rôle d'évaluation foncière),https://donneesouvertes.affmunqc.net/role/RL58033_2026.xml,,,,
"1330, Marie-victorin",,Boucherville,,,136491.22,,627900,,627900,2025,Agricole,MAMH — Données Québec (rôle d'évaluation foncière),https://donneesouvertes.affmunqc.net/role/RL58033_2026.xml,,,,
"1216, Marie-victorin, app. 1218",,Boucherville,,,30863.8,,58600,,58600,2025,Institutionnel,MAMH — Données Québec (rôle d'évaluation foncière),https://donneesouvertes.affmunqc.net/role/RL58033_2026.xml,,,,
"4, Du Tremblay",,Boucherville,,,49001.9,,3130000,3310600,6440600,2025,Immeuble commercial,MAMH — Données Québec (rôle d'évaluation foncière),https://donneesouvertes.affmunqc.net/role/RL58033_2026.xml,,,,
"35, De Montgolfier",,Boucherville,,,8924.3,2000,1338600,1876500,3215100,2025,Industrie,MAMH — Données Québec (rôle d'évaluation foncière),https://donneesouvertes.affmunqc.net/role/RL58033_2026.xml,,,,
"31, De Montgolfier",,Boucherville,,,6190.4,1999,928600,2983200,3911800,2025,Industrie,MAMH — Données Québec (rôle d'évaluation foncière),https://donneesouvertes.affmunqc.net/role/RL58033_2026.xml,,,,
"37, De Montgolfier",,Boucherville,,,5652.7,,678300,,678300,2025,Terrain vacant,MAMH — Données Québec (rôle d'évaluation foncière),https://donneesouvertes.affmunqc.net/role/RL58033_2026.xml,,,,
"45, De Montgolfier",,Boucherville,,,8502.5,2000,1275400,1561600,2837000,2025,Immeuble à bureaux,MAMH — Données Québec (rôle d'évaluation foncière),https://donneesouvertes.affmunqc.net/role/RL58033_2026.xml,,,,
"55, De Montgolfier",,Boucherville,,,8380.8,2000,1257100,3213500,4470600,2025,,MAMH — Données Québec (rôle d'évaluation foncière),https://donneesouvertes.affmunqc.net/role/RL58033_2026.xml,,,,
"65, De Montgolfier",,Boucherville,,,6916.2,1995,1037400,300100,1337500,2025,Industrie,MAMH — Données Québec (rôle d'évaluation foncière),https://donneesouvertes.affmunqc.net/role/RL58033_2026.xml,,,,
"2, Du Tremblay",,Boucherville,,,133611.6,,253900,,253900,2025,Terrain vacant,MAMH — Données Québec (rôle d'évaluation foncière),https://donneesouvertes.affmunqc.net/role/RL58033_2026.xml,,,,
"30, Du Tremblay",,Boucherville,,,149075.7,,283300,,283300,2025,Terrain vacant,MAMH — Données Québec (rôle d'évaluation foncière),https://donneesouvertes.affmunqc.net/role/RL58033_2026.xml,,,,
"5, Du Tremblay",,Boucherville,,,6713.1,1988,1007000,864700,1871700,2025,Industrie,MAMH — Données Québec (rôle d'évaluation foncière),https://donneesouvertes.affmunqc.net/role/RL58033_2026.xml,,,,
"15, Du Tremblay",,Boucherville,,,5667.5,,850100,2402600,3252700,2025,,MAMH — Données Québec (rôle d'évaluation foncière),https://donneesouvertes.affmunqc.net/role/RL58033_2026.xml,,,,
"1460, Joliot-curie",,Boucherville,,,3664.4,1989,549700,2262600,2812300,2025,,MAMH — Données Québec (rôle d'évaluation foncière),https://donneesouvertes.affmunqc.net/role/RL58033_2026.xml,,,,
"1470, Joliot-curie",,Boucherville,,,3721,1988,558200,1140400,1698600,2025,Industrie,MAMH — Données Québec (rôle d'évaluation foncière),https://donneesouvertes.affmunqc.net/role/RL58033_2026.xml,,,,
"1485, Joliot-curie",,Boucherville,,,4267.7,1989,640200,1074000,1714200,2025,Industrie,MAMH — Données Québec (rôle d'évaluation foncière),https://donneesouvertes.affmunqc.net/role/RL58033_2026.xml,,,,
"1470, De Coulomb",,Boucherville,,,5183.2,1990,777500,4836700,5614200,2025,Industrie,MAMH — Données Québec (rôle d'évaluation foncière),https://donneesouvertes.affmunqc.net/role/RL58033_2026.xml,,,,
"1455, De Coulomb",,Boucherville,,,7343.4,1988,1101500,639400,1740900,2025,,MAMH — Données Québec (rôle d'évaluation foncière),https://donneesouvertes.affmunqc.net/role/RL58033_2026.xml,,,,
"1380, Graham-bell",,Boucherville,,,12290.6,1986,1843600,2270500,4114100,2025,,MAMH — Données Québec (rôle d'évaluation foncière),https://donneesouvertes.affmunqc.net/role/RL58033_2026.xml,,,,
"25, Du Tremblay",,Boucherville,,,5577.8,1989,836700,2062300,2899000,2025,,MAMH — Données Québec (rôle d'évaluation foncière),https://donneesouvertes.affmunqc.net/role/RL58033_2026.xml,,,,
"31, Du Tremblay",,Boucherville,,,415.3,1988,62300,323300,385600,2025,,MAMH — Données Québec (rôle d'évaluation foncière),https://donneesouvertes.affmunqc.net/role/RL58033_2026.xml,,,,
"41, Du Tremblay",,Boucherville,,,363.6,1989,54500,299600,354100,2025,Industrie,MAMH — Données Québec (rôle d'évaluation foncière),https://donneesouvertes.affmunqc.net/role/RL58033_2026.xml,,,,
"1480, Joliot-curie",,Boucherville,,,3721,1991,558200,1284000,1842200,2025,,MAMH — Données Québec (rôle d'évaluation foncière),https://donneesouvertes.affmunqc.net/role/RL58033_2026.xml,,,,
"1490, Joliot-curie",,Boucherville,,,3721,1988,558200,1638100,2196300,2025,Industrie,MAMH — Données Québec (rôle d'évaluation foncière),https://donneesouvertes.affmunqc.net/role/RL58033_2026.xml,,,,
"1480, De Coulomb",,Boucherville,,,4191.9,1988,628800,1039600,1668400,2025,Industrie,MAMH — Données Québec (rôle d'évaluation foncière),https://donneesouvertes.affmunqc.net/role/RL58033_2026.xml,,,,
"1490, De Coulomb",,Boucherville,,,3715.9,1988,557400,617400,1174800,2025,Immeuble commercial,MAMH — Données Québec (rôle d'évaluation foncière),https://donneesouvertes.affmunqc.net/role/RL58033_2026.xml,,,,
"1485, De Coulomb",,Boucherville,,,45598.6,1989,4687900,14796400,19484300,2025,Immeuble à bureaux,MAMH — Données Québec (rôle d'évaluation foncière),https://donneesouvertes.affmunqc.net/role/RL58033_2026.xml,,,,
"1400, Graham-bell",,Boucherville,,,30103.2,1987,3603200,15091400,18694600,2025,Industrie,MAMH — Données Québec (rôle d'évaluation foncière),https://donneesouvertes.affmunqc.net/role/RL58033_2026.xml,,,,
"40, Du Tremblay",,Boucherville,,,28144.3,1990,3466100,9011700,12477800,2025,Industrie,MAMH — Données Québec (rôle d'évaluation foncière),https://donneesouvertes.affmunqc.net/role/RL58033_2026.xml,,,,
"50, Du Tremblay",,Boucherville,,,14179.1,1991,2126900,2159100,4286000,2025,Industrie,MAMH — Données Québec (rôle d'évaluation foncière),https://donneesouvertes.affmunqc.net/role/RL58033_2026.xml,,,,
"55, Du Tremblay",,Boucherville,,,275.7,1991,41400,343700,385100,2025,Industrie,MAMH — Données Québec (rôle d'évaluation foncière),https://donneesouvertes.affmunqc.net/role/RL58033_2026.xml,,,,
"61, Du Tremblay",,Boucherville,,,3948.8,1990,592300,1607700,2200000,2025,,MAMH — Données Québec (rôle d'évaluation foncière),https://donneesouvertes.affmunqc.net/role/RL58033_2026.xml,,,,
"71, Du Tremblay",,Boucherville,,,2787.1,1990,418100,1160100,1578200,2025,Industrie,MAMH — Données Québec (rôle d'évaluation foncière),https://donneesouvertes.affmunqc.net/role/RL58033_2026.xml,,,,
"75, Du Tremblay",,Boucherville,,,4232.9,1987,634900,1460100,2095000,2025,Industrie,MAMH — Données Québec (rôle d'évaluation foncière),https://donneesouvertes.affmunqc.net/role/RL58033_2026.xml,,,,
"1440, Graham-bell",,Boucherville,,,17015.8,,2552400,4098400,6650800,2025,,MAMH — Données Québec (rôle d'évaluation foncière),https://donneesouvertes.affmunqc.net/role/RL58033_2026.xml,,,,
"21, De Montgolfier",,Boucherville,,,7063.9,,1059600,2464100,3523700,2025,,MAMH — Données Québec (rôle d'évaluation foncière),https://donneesouvertes.affmunqc.net/role/RL58033_2026.xml,,,,
"9, De Montgolfier",,Boucherville,,,8175.7,2003,1226400,3990700,5217100,2025,Immeuble à bureaux,MAMH — Données Québec (rôle d'évaluation foncière),https://donneesouvertes.affmunqc.net/role/RL58033_2026.xml,,,,
"60, Du Tremblay",,Boucherville,,,18767.2,1990,2809700,4541000,7350700,2025,Immeuble à bureaux,MAMH — Données Québec (rôle d'évaluation foncière),https://donneesouvertes.affmunqc.net/role/RL58033_2026.xml,,,,
"85, Du Tremblay",,Boucherville,,,6361.8,1987,954300,1442600,2396900,2025,Immeuble à bureaux,MAMH — Données Québec (rôle d'évaluation foncière),https://donneesouvertes.affmunqc.net/role/RL58033_2026.xml,,,,
"95, Du Tremblay",,Boucherville,,,8011.1,1988,1201700,1734200,2935900,2025,Immeuble à bureaux,MAMH — Données Québec (rôle d'évaluation foncière),https://donneesouvertes.affmunqc.net/role/RL58033_2026.xml,,,,
"1450, Graham-bell",,Boucherville,,,19039.8,1990,2828800,2934100,5762900,2025,Industrie,MAMH — Données Québec (rôle d'évaluation foncière),https://donneesouvertes.affmunqc.net/role/RL58033_2026.xml,,,,
"14, De Montgolfier",,Boucherville,,,6461.9,2000,969300,2449000,3418300,2025,,MAMH — Données Québec (rôle d'évaluation foncière),https://donneesouvertes.affmunqc.net/role/RL58033_2026.xml,,,,
"26, De Montgolfier",,Boucherville,,,9104.1,2000,1365600,2390900,3756500,2025,,MAMH — Données Québec (rôle d'évaluation foncière),https://donneesouvertes.affmunqc.net/role/RL58033_2026.xml,,,,
"10, De Montgolfier",,Boucherville,,,4551,1991,682700,551000,1233700,2025,,MAMH — Données Québec (rôle d'évaluation foncière),https://donneesouvertes.affmunqc.net/role/RL58033_2026.xml,,,,
"6, De Montgolfier",,Boucherville,,,4013.9,2002,602100,1233900,1836000,2025,Industrie,MAMH — Données Québec (rôle d'évaluation foncière),https://donneesouvertes.affmunqc.net/role/RL58033_2026.xml,,,,
"5, De Montgolfier",,Boucherville,,,4259.9,2003,639000,1026400,1665400,2025,Immeuble à bureaux,MAMH — Données Québec (rôle d'évaluation foncière),https://donneesouvertes.affmunqc.net/role/RL58033_2026.xml,,,,
"1540, De Coulomb",,Boucherville,,,4518.7,1993,610000,1235200,1845200,2025,,MAMH — Données Québec (rôle d'évaluation foncière),https://donneesouvertes.affmunqc.net/role/RL58033_2026.xml,,,,
"72, Du Tremblay",,Boucherville,,,20506.6,2008,2931500,4224700,7156200,2025,Immeuble à bureaux,MAMH — Données Québec (rôle d'évaluation foncière),https://donneesouvertes.affmunqc.net/role/RL58033_2026.xml,,,,
"115, Du Tremblay",,Boucherville,,,7357,2019,1103600,4976800,6080400,2025,Industrie,MAMH — Données Québec (rôle d'évaluation foncière),https://donneesouvertes.affmunqc.net/role/RL58033_2026.xml,,,,
"125, Du Tremblay",,Boucherville,,,7852.5,2001,1177900,4271100,5449000,2025,,MAMH — Données Québec (rôle d'évaluation foncière),https://donneesouvertes.affmunqc.net/role/RL58033_2026.xml,,,,
"135, Du Tremblay",,Boucherville,,,10446.7,1989,1567000,4783700,6350700,2025,Industrie,MAMH — Données Québec (rôle d'évaluation foncière),https://donneesouvertes.affmunqc.net/role/RL58033_2026.xml,,,,
"1464, Graham-bell",,Boucherville,,,5561.1,,834200,1438800,2273000,2025,Industrie,MAMH — Données Québec (rôle d'évaluation foncière),https://donneesouvertes.affmunqc.net/role/RL58033_2026.xml,,,,
"1460, Graham-bell",,Boucherville,,,4915.2,1988,737300,2040300,2777600,2025,,MAMH — Données Québec (rôle d'évaluation foncière),https://donneesouvertes.affmunqc.net/role/RL58033_2026.xml,,,,
"1600, De Coulomb",,Boucherville,,,26849,2002,3375400,12058900,15434300,2025,,MAMH — Données Québec (rôle d'évaluation foncière),https://donneesouvertes.affmunqc.net/role/RL58033_2026.xml,,,,
"1560, De Coulomb",,Boucherville,,,14474.6,1992,2171200,4771700,6942900,2025,,MAMH — Données Québec (rôle d'évaluation foncière),https://donneesouvertes.affmunqc.net/role/RL58033_2026.xml,,,,
"1550, De Coulomb",,Boucherville,,,2773.6,1994,416000,948000,1364000,2025,Immeuble à bureaux,MAMH — Données Québec (rôle d'évaluation foncière),https://donneesouvertes.affmunqc.net/role/RL58033_2026.xml,,,,
"1541, De Coulomb",,Boucherville,,,24795.3,1995,3231700,3656000,6887700,2025,,MAMH — Données Québec (rôle d'évaluation foncière),https://donneesouvertes.affmunqc.net/role/RL58033_2026.xml,,,,
"88, Du Tremblay",,Boucherville,,,6771.7,2007,1015800,2800400,3816200,2025,Immeuble à bureaux,MAMH — Données Québec (rôle d'évaluation foncière),https://donneesouvertes.affmunqc.net/role/RL58033_2026.xml,,,,
"102, Du Tremblay",,Boucherville,,,1009.6,1994,151400,402100,553500,2025,Immeuble à bureaux,MAMH — Données Québec (rôle d'évaluation foncière),https://donneesouvertes.affmunqc.net/role/RL58033_2026.xml,,,,
"104, Du Tremblay",,Boucherville,,,1008.1,1994,151200,460000,611200,2025,Industrie,MAMH — Données Québec (rôle d'évaluation foncière),https://donneesouvertes.affmunqc.net/role/RL58033_2026.xml,,,,
"106, Du Tremblay",,Boucherville,,,1036.9,1994,155500,415500,571000,2025,Industrie,MAMH — Données Québec (rôle d'évaluation foncière),https://donneesouvertes.affmunqc.net/role/RL58033_2026.xml,,,,
"108, Du Tremblay",,Boucherville,,,1063.2,1994,159500,426100,585600,2025,,MAMH — Données Québec (rôle d'évaluation foncière),https://donneesouvertes.affmunqc.net/role/RL58033_2026.xml,,,,
"110, Du Tremblay",,Boucherville,,,1311.4,1994,196700,583100,779800,2025,Industrie,MAMH — Données Québec (rôle d'évaluation foncière),https://donneesouvertes.affmunqc.net/role/RL58033_2026.xml,,,,
"112, Du Tremblay",,Boucherville,,,1330,1994,199500,591900,791400,2025,Immeuble à bureaux,MAMH — Données Québec (rôle d'évaluation foncière),https://donneesouvertes.affmunqc.net/role/RL58033_2026.xml,,,,
"114, Du Tremblay",,Boucherville,,,1648.6,1994,247300,727400,974700,2025,Industrie,MAMH — Données Québec (rôle d'évaluation foncière),https://donneesouvertes.affmunqc.net/role/RL58033_2026.xml,,,,
"116, Du Tremblay",,Boucherville,,,3494.5,1994,524200,1015500,1539700,2025,,MAMH — Données Québec (rôle d'évaluation foncière),https://donneesouvertes.affmunqc.net/role/RL58033_2026.xml,,,,
"118, Du Tremblay",,Boucherville,,,979.2,1994,146900,392400,539300,2025,Industrie,MAMH — Données Québec (rôle d'évaluation foncière),https://donneesouvertes.affmunqc.net/role/RL58033_2026.xml,,,,
"1468, Graham-bell",,Boucherville,,,1662.7,1980,249400,387500,636900,2025,Industrie,MAMH — Données Québec (rôle d'évaluation foncière),https://donneesouvertes.affmunqc.net/role/RL58033_2026.xml,,,,
"1470, Graham-bell",,Boucherville,,,9519.5,1980,1427900,1618700,3046600,2025,,MAMH — Données Québec (rôle d'évaluation foncière),https://donneesouvertes.affmunqc.net/role/RL58033_2026.xml,,,,
"1551, De Coulomb",,Boucherville,,,12533.4,1999,1504000,779700,2283700,2025,Industrie,MAMH — Données Québec (rôle d'évaluation foncière),https://donneesouvertes.affmunqc.net/role/RL58033_2026.xml,,,,
"89, Robert-h.-goddard",,Boucherville,,,7723.5,,579300,,579300,2025,Immeuble commercial,MAMH — Données Québec (rôle d'évaluation foncière),https://donneesouvertes.affmunqc.net/role/RL58033_2026.xml,,,,
"100, Du Tremblay",,Boucherville,,,15353.2,2011,1842400,2539900,4382300,2025,Industrie,MAMH — Données Québec (rôle d'évaluation foncière),https://donneesouvertes.affmunqc.net/role/RL58033_2026.xml,,,,
"1475, Graham-bell",,Boucherville,,,39251.7,,4243600,3332400,7576000,2025,,MAMH — Données Québec (rôle d'évaluation foncière),https://donneesouvertes.affmunqc.net/role/RL58033_2026.xml,,,,
"69, De Montgolfier",,Boucherville,,,2300.7,2005,345100,823800,1168900,2025,Industrie,MAMH — Données Québec (rôle d'évaluation foncière),https://donneesouvertes.affmunqc.net/role/RL58033_2026.xml,,,,
"71, J.-a.-bombardier",,Boucherville,,,2801.3,,336200,951400,1287600,2025,Industrie,MAMH — Données Québec (rôle d'évaluation foncière),https://donneesouvertes.affmunqc.net/role/RL58033_2026.xml,,,,
"1585, De Coulomb",,Boucherville,,,16851.5,2004,2527700,6560200,9087900,2025,Industrie,MAMH — Données Québec (rôle d'évaluation foncière),https://donneesouvertes.affmunqc.net/role/RL58033_2026.xml,,,,
"80, J.-a.-bombardier",,Boucherville,,,15956.9,2006,2393500,8024600,10418100,2025,Industrie,MAMH — Données Québec (rôle d'évaluation foncière),https://donneesouvertes.affmunqc.net/role/RL58033_2026.xml,,,,
"88, Robert-h.-goddard",,Boucherville,,,10843.2,,616400,,616400,2025,Immeuble commercial,MAMH — Données Québec (rôle d'évaluation foncière),https://donneesouvertes.affmunqc.net/role/RL58033_2026.xml,,,,
"128, Du Tremblay",,Boucherville,,,89136.2,1999,6713900,5490600,12204500,2025,Immeuble commercial,MAMH — Données Québec (rôle d'évaluation foncière),https://donneesouvertes.affmunqc.net/role/RL58033_2026.xml,,,,
"170, Du Tremblay",,Boucherville,,,1394.5,2021,209200,1081900,1291100,2025,Industrie,MAMH — Données Québec (rôle d'évaluation foncière),https://donneesouvertes.affmunqc.net/role/RL58033_2026.xml,,,,
"75, J.-a.-bombardier",,Boucherville,,,8306,2002,1245900,2000300,3246200,2025,Industrie,MAMH — Données Québec (rôle d'évaluation foncière),https://donneesouvertes.affmunqc.net/role/RL58033_2026.xml,,,,
"85, J.-a.-bombardier",,Boucherville,,,8618.1,2003,1292700,4209300,5502000,2025,Industrie,MAMH — Données Québec (rôle d'évaluation foncière),https://donneesouvertes.affmunqc.net/role/RL58033_2026.xml,,,,
"90, J.-a.-bombardier",,Boucherville,,,9307.2,2002,1396100,2843100,4239200,2025,,MAMH — Données Québec (rôle d'évaluation foncière),https://donneesouvertes.affmunqc.net/role/RL58033_2026.xml,,,,
"95, J.-a.-bombardier",,Boucherville,,,8418.7,2004,1262800,3512900,4775700,2025,,MAMH — Données Québec (rôle d'évaluation foncière),https://donneesouvertes.affmunqc.net/role/RL58033_2026.xml,,,,
"130, J.-a.-bombardier",,Boucherville,,,27452.5,2002,3417700,15424700,18842400,2025,Industrie,MAMH — Données Québec (rôle d'évaluation foncière),https://donneesouvertes.affmunqc.net/role/RL58033_2026.xml,,,,
"162, Du Tremblay",,Boucherville,,,44588.3,,100,,100,2025,Immeuble commercial,MAMH — Données Québec (rôle d'évaluation foncière),https://donneesouvertes.affmunqc.net/role/RL58033_2026.xml,,,,
"180, Du Tremblay",,Boucherville,,,137177.4,1989,8861400,51294800,60156200,2025,Industrie,MAMH — Données Québec (rôle d'évaluation foncière),https://donneesouvertes.affmunqc.net/role/RL58033_2026.xml,,,,
"1401, Graham-bell",,Boucherville,,,16562.4,1989,2484400,3235800,5720200,2025,,MAMH — Données Québec (rôle d'évaluation foncière),https://donneesouvertes.affmunqc.net/role/RL58033_2026.xml,,,,
"1325, Newton",,Boucherville,,,10219.3,1974,1252400,1838700,3091100,2025,,MAMH — Données Québec (rôle d'évaluation foncière),https://donneesouvertes.affmunqc.net/role/RL58033_2026.xml,,,,
"1341, Newton",,Boucherville,,,6441.8,1974,966300,860500,1826800,2025,Industrie,MAMH — Données Québec (rôle d'évaluation foncière),https://donneesouvertes.affmunqc.net/role/RL58033_2026.xml,,,,
"1300, Nobel",,Boucherville,,,30956.6,,3663000,5857700,9520700,2025,Industrie,MAMH — Données Québec (rôle d'évaluation foncière),https://donneesouvertes.affmunqc.net/role/RL58033_2026.xml,,,,
"1291, Ampère",,Boucherville,,,9592.7,1979,1438900,3223600,4662500,2025,,MAMH — Données Québec (rôle d'évaluation foncière),https://donneesouvertes.affmunqc.net/role/RL58033_2026.xml,,,,
"1280, Gay-lussac",,Boucherville,,,3531.1,1987,529700,1174000,1703700,2025,Industrie,MAMH — Données Québec (rôle d'évaluation foncière),https://donneesouvertes.affmunqc.net/role/RL58033_2026.xml,,,,
"1300, Gay-lussac",,Boucherville,,,3530.9,1987,529600,1160800,1690400,2025,Industrie,MAMH — Données Québec (rôle d'évaluation foncière),https://donneesouvertes.affmunqc.net/role/RL58033_2026.xml,,,,
"1405, Graham-bell",,Boucherville,,,19481.8,,2859700,3768200,6627900,2025,Immeuble à bureaux,MAMH — Données Québec (rôle d'évaluation foncière),https://donneesouvertes.affmunqc.net/role/RL58033_2026.xml,,,,
"1345, Newton",,Boucherville,,,8445.2,1975,1266800,3325200,4592000,2025,,MAMH — Données Québec (rôle d'évaluation foncière),https://donneesouvertes.affmunqc.net/role/RL58033_2026.xml,,,,
"1351, Newton",,Boucherville,,,14540.8,1975,2181100,2513900,4695000,2025,Industrie,MAMH — Données Québec (rôle d'évaluation foncière),https://donneesouvertes.affmunqc.net/role/RL58033_2026.xml,,,,
"1300, Newton",,Boucherville,,,11473.5,1973,1721000,1970300,3691300,2025,Immeuble à bureaux,MAMH — Données Québec (rôle d'évaluation foncière),https://donneesouvertes.affmunqc.net/role/RL58033_2026.xml,,,,
"1301, Ampère",,Boucherville,,,9341,2018,1401200,4865200,6266400,2025,Immeuble à bureaux,MAMH — Données Québec (rôle d'évaluation foncière),https://donneesouvertes.affmunqc.net/role/RL58033_2026.xml,,,,
"1310, Gay-lussac",,Boucherville,,,8403.1,1988,1260500,3107600,4368100,2025,Industrie,MAMH — Données Québec (rôle d'évaluation foncière),https://donneesouvertes.affmunqc.net/role/RL58033_2026.xml,,,,
"1320, Gay-lussac",,Boucherville,,,7903.3,1987,1185500,2922300,4107800,2025,Industrie,MAMH — Données Québec (rôle d'évaluation foncière),https://donneesouvertes.affmunqc.net/role/RL58033_2026.xml,,,,
"1425, Graham-bell",,Boucherville,,,12737.8,1978,1910700,1407800,3318500,2025,Industrie,MAMH — Données Québec (rôle d'évaluation foncière),https://donneesouvertes.affmunqc.net/role/RL58033_2026.xml,,,,
"1359, Newton",,Boucherville,,,8745.7,1975,1311900,265500,1577400,2025,Immeuble à bureaux,MAMH — Données Québec (rôle d'évaluation foncière),https://donneesouvertes.affmunqc.net/role/RL58033_2026.xml,,,,
"1350, Newton",,Boucherville,,,13796.1,1974,2069400,2081800,4151200,2025,Immeuble à bureaux,MAMH — Données Québec (rôle d'évaluation foncière),https://donneesouvertes.affmunqc.net/role/RL58033_2026.xml,,,,
"1310, Nobel",,Boucherville,,,15487.6,1973,2323100,15441000,17764100,2025,Immeuble à bureaux,MAMH — Données Québec (rôle d'évaluation foncière),https://donneesouvertes.affmunqc.net/role/RL58033_2026.xml,,,,
"1311, Ampère",,Boucherville,,,20550.7,1975,2934500,9486000,12420500,2025,Immeuble à bureaux,MAMH — Données Québec (rôle d'évaluation foncière),https://donneesouvertes.affmunqc.net/role/RL58033_2026.xml,,,,
"1439, Graham-bell",,Boucherville,,,9479.5,1981,1421900,1215700,2637600,2025,,MAMH — Données Québec (rôle d'évaluation foncière),https://donneesouvertes.affmunqc.net/role/RL58033_2026.xml,,,,
"1445, Graham-bell",,Boucherville,,,11718.5,1986,1757800,1922300,3680100,2025,Industrie,MAMH — Données Québec (rôle d'évaluation foncière),https://donneesouvertes.affmunqc.net/role/RL58033_2026.xml,,,,
"1365, Newton",,Boucherville,,,10548.8,1975,1582300,1653300,3235600,2025,,MAMH — Données Québec (rôle d'évaluation foncière),https://donneesouvertes.affmunqc.net/role/RL58033_2026.xml,,,,
"1356, Newton",,Boucherville,,,6707.9,1975,1006200,1786000,2792200,2025,Industrie,MAMH — Données Québec (rôle d'évaluation foncière),https://donneesouvertes.affmunqc.net/role/RL58033_2026.xml,,,,
"1330, Nobel",,Boucherville,,,15339.6,1973,2300900,2937000,5237900,2025,Immeuble à bureaux,MAMH — Données Québec (rôle d'évaluation foncière),https://donneesouvertes.affmunqc.net/role/RL58033_2026.xml,,,,
"1351, Ampère",,Boucherville,,,15816,1975,2372400,5390400,7762800,2025,,MAMH — Données Québec (rôle d'évaluation foncière),https://donneesouvertes.affmunqc.net/role/RL58033_2026.xml,,,,
"1340, Gay-lussac",,Boucherville,,,8717.9,1986,1307700,3015600,4323300,2025,Industrie,MAMH — Données Québec (rôle d'évaluation foncière),https://donneesouvertes.affmunqc.net/role/RL58033_2026.xml,,,,
"1335, Gay-lussac",,Boucherville,,,5438.2,2001,815700,2595400,3411100,2025,Industrie,MAMH — Données Québec (rôle d'évaluation foncière),https://donneesouvertes.affmunqc.net/role/RL58033_2026.xml,,,,
"1349, Gay-lussac",,Boucherville,,,3826.5,,574000,1983900,2557900,2025,Industrie,MAMH — Données Québec (rôle d'évaluation foncière),https://donneesouvertes.affmunqc.net/role/RL58033_2026.xml,,,,
"1451, Graham-bell",,Boucherville,,,6689,1981,1003400,764800,1768200,2025,Industrie,MAMH — Données Québec (rôle d'évaluation foncière),https://donneesouvertes.affmunqc.net/role/RL58033_2026.xml,,,,
"1465, Graham-bell",,Boucherville,,,10451.6,,1254200,809500,2063700,2025,,MAMH — Données Québec (rôle d'évaluation foncière),https://donneesouvertes.affmunqc.net/role/RL58033_2026.xml,,,,
"1373, Newton",,Boucherville,,,27433.5,,3416300,,3416300,2025,Terrain vacant,MAMH — Données Québec (rôle d'évaluation foncière),https://donneesouvertes.affmunqc.net/role/RL58033_2026.xml,,,,
"1360, Newton",,Boucherville,,,12566.2,1974,1884900,1351800,3236700,2025,Industrie,MAMH — Données Québec (rôle d'évaluation foncière),https://donneesouvertes.affmunqc.net/role/RL58033_2026.xml,,,,
"1350, Gay-lussac",,Boucherville,,,8913.1,1985,1337000,2693300,4030300,2025,Industrie,MAMH — Données Québec (rôle d'évaluation foncière),https://donneesouvertes.affmunqc.net/role/RL58033_2026.xml,,,,
"1351, Gay-lussac",,Boucherville,,,3666.4,1995,550000,968800,1518800,2025,Industrie,MAMH — Données Québec (rôle d'évaluation foncière),https://donneesouvertes.affmunqc.net/role/RL58033_2026.xml,,,,
"1350, Nobel",,Boucherville,,,46565.7,,4755600,12517300,17272900,2025,Industrie,MAMH — Données Québec (rôle d'évaluation foncière),https://donneesouvertes.affmunqc.net/role/RL58033_2026.xml,,,,
"1381, Ampère",,Boucherville,,,13833.6,1982,2282500,3435600,5718100,2025,,MAMH — Données Québec (rôle d'évaluation foncière),https://donneesouvertes.affmunqc.net/role/RL58033_2026.xml,,,,
"1380, Gay-lussac",,Boucherville,,,9695.1,,1454300,2783900,4238200,2025,,MAMH — Données Québec (rôle d'évaluation foncière),https://donneesouvertes.affmunqc.net/role/RL58033_2026.xml,,,,
"1375, Gay-lussac",,Boucherville,,,5115.6,,767300,1862900,2630200,2025,Industrie,MAMH — Données Québec (rôle d'évaluation foncière),https://donneesouvertes.affmunqc.net/role/RL58033_2026.xml,,,,
"1375, Newton",,Boucherville,,,49085.3,1975,4871600,15710400,20582000,2025,Industrie,MAMH — Données Québec (rôle d'évaluation foncière),https://donneesouvertes.affmunqc.net/role/RL58033_2026.xml,,,,
"1400, Nobel",,Boucherville,,,32573.5,1974,3776100,6038900,9815000,2025,Industrie,MAMH — Données Québec (rôle d'évaluation foncière),https://donneesouvertes.affmunqc.net/role/RL58033_2026.xml,,,,
"1401, Ampère",,Boucherville,,,18005.6,,2700800,7762000,10462800,2025,Immeuble à bureaux,MAMH — Données Québec (rôle d'évaluation foncière),https://donneesouvertes.affmunqc.net/role/RL58033_2026.xml,,,,
"1391, Gay-lussac",,Boucherville,,,21271.3,1991,2985000,12491000,15476000,2025,Immeuble à bureaux,MAMH — Données Québec (rôle d'évaluation foncière),https://donneesouvertes.affmunqc.net/role/RL58033_2026.xml,,,,
"205, Du Tremblay",,Boucherville,,,28484.4,1978,2258000,2416000,4674000,2025,Immeuble commercial,MAMH — Données Québec (rôle d'évaluation foncière),https://donneesouvertes.affmunqc.net/role/RL58033_2026.xml,,,,
"191, Du Tremblay",,Boucherville,,,978,1964,146700,218700,365400,2025,Logement,MAMH — Données Québec (rôle d'évaluation foncière),https://donneesouvertes.affmunqc.net/role/RL58033_2026.xml,,,,
"1380, Newton",,Boucherville,,,24733.1,,3227300,10725900,13953200,2025,Immeuble à bureaux,MAMH — Données Québec (rôle d'évaluation foncière),https://donneesouvertes.affmunqc.net/role/RL58033_2026.xml,,,,
"1390, Newton",,Boucherville,,,15645.9,1989,2346900,3987800,6334700,2025,Immeuble à bureaux,MAMH — Données Québec (rôle d'évaluation foncière),https://donneesouvertes.affmunqc.net/role/RL58033_2026.xml,,,,
"1450, Nobel",,Boucherville,,,21245.1,1980,2983200,6954900,9938100,2025,Immeuble à bureaux,MAMH — Données Québec (rôle d'évaluation foncière),https://donneesouvertes.affmunqc.net/role/RL58033_2026.xml,,,,
"1421, Ampère",,Boucherville,,,87530.4,1981,6640100,18918300,25558400,2025,,MAMH — Données Québec (rôle d'évaluation foncière),https://donneesouvertes.affmunqc.net/role/RL58033_2026.xml,,,,
"300, Gascogne",,Boucherville,,,13013.9,,1770700,,1770700,2025,Institutionnel,MAMH — Données Québec (rôle d'évaluation foncière),https://donneesouvertes.affmunqc.net/role/RL58033_2026.xml,,,,
"255, Du Tremblay",,Boucherville,,,18002,1990,2700300,7693200,10393500,2025,Industrie,MAMH — Données Québec (rôle d'évaluation foncière),https://donneesouvertes.affmunqc.net/role/RL58033_2026.xml,,,,
"1470, Nobel",,Boucherville,,,20783.9,1988,2950900,5715100,8666000,2025,Industrie,MAMH — Données Québec (rôle d'évaluation foncière),https://donneesouvertes.affmunqc.net/role/RL58033_2026.xml,,,,
"1285, Gay-lussac",,Boucherville,,,2323.5,1991,348500,2220400,2568900,2025,Industrie,MAMH — Données Québec (rôle d'évaluation foncière),https://donneesouvertes.affmunqc.net/role/RL58033_2026.xml,,,,
"1301, Gay-lussac",,Boucherville,,,3056.2,1999,458400,2207300,2665700,2025,Immeuble à bureaux,MAMH — Données Québec (rôle d'évaluation foncière),https://donneesouvertes.affmunqc.net/role/RL58033_2026.xml,,,,
"210, Fontenelle",,Boucherville,,,670.6,1986,292700,500200,792900,2025,Logement,MAMH — Données Québec (rôle d'évaluation foncière),https://donneesouvertes.affmunqc.net/role/RL58033_2026.xml,,,,
"214, Fontenelle",,Boucherville,,,996.5,1987,355200,504400,859600,2025,Logement,MAMH — Données Québec (rôle d'évaluation foncière),https://donneesouvertes.affmunqc.net/role/RL58033_2026.xml,,,,
"206, Fontenelle",,Boucherville,,,620.5,1987,280100,494800,774900,2025,Logement,MAMH — Données Québec (rôle d'évaluation foncière),https://donneesouvertes.affmunqc.net/role/RL58033_2026.xml,,,,
"220, Fontenelle",,Boucherville,,,752.9,1987,297400,494600,792000,2025,Logement,MAMH — Données Québec (rôle d'évaluation foncière),https://donneesouvertes.affmunqc.net/role/RL58033_2026.xml,,,,
"215, Fontenelle",,Boucherville,,,642.8,1987,285700,556800,842500,2025,Logement,MAMH — Données Québec (rôle d'évaluation foncière),https://donneesouvertes.affmunqc.net/role/RL58033_2026.xml,,,,
"222, Fontenelle",,Boucherville,,,720.9,1987,289900,439400,729300,2025,Logement,MAMH — Données Québec (rôle d'évaluation foncière),https://donneesouvertes.affmunqc.net/role/RL58033_2026.xml,,,,
"209, Fontenelle",,Boucherville,,,586.6,1986,271700,463900,735600,2025,Logement,MAMH — Données Québec (rôle d'évaluation foncière),https://donneesouvertes.affmunqc.net/role/RL58033_2026.xml,,,,
"221, Fontenelle",,Boucherville,,,573,1987,268300,379600,647900,2025,Logement,MAMH — Données Québec (rôle d'évaluation foncière),https://donneesouvertes.affmunqc.net/role/RL58033_2026.xml,,,,
"226, Fontenelle",,Boucherville,,,807.3,1987,310300,555200,865500,2025,Logement,MAMH — Données Québec (rôle d'évaluation foncière),https://donneesouvertes.affmunqc.net/role/RL58033_2026.xml,,,,
"225, Fontenelle",,Boucherville,,,642.8,1987,285700,415700,701400,2025,Logement,MAMH — Données Québec (rôle d'évaluation foncière),https://donneesouvertes.affmunqc.net/role/RL58033_2026.xml,,,,
"235, Fontenelle",,Boucherville,,,496.6,1987,248300,506900,755200,2025,Logement,MAMH — Données Québec (rôle d'évaluation foncière),https://donneesouvertes.affmunqc.net/role/RL58033_2026.xml,,,,
"241, Fontenelle",,Boucherville,,,507.3,1987,251800,397700,649500,2025,Logement,MAMH — Données Québec (rôle d'évaluation foncière),https://donneesouvertes.affmunqc.net/role/RL58033_2026.xml,,,,
"200, Fontenelle",,Boucherville,,,595.9,1987,274000,528700,802700,2025,Logement,MAMH — Données Québec (rôle d'évaluation foncière),https://donneesouvertes.affmunqc.net/role/RL58033_2026.xml,,,,
"1240, Rouen",,Boucherville,,,646.2,1987,286600,499300,785900,2025,Logement,MAMH — Données Québec (rôle d'évaluation foncière),https://donneesouvertes.affmunqc.net/role/RL58033_2026.xml,,,,
"202, Fontenelle",,Boucherville,,,594.6,1986,273700,570000,843700,2025,Logement,MAMH — Données Québec (rôle d'évaluation foncière),https://donneesouvertes.affmunqc.net/role/RL58033_2026.xml,,,,
"1242, Rouen",,Boucherville,,,641.7,1985,285400,439200,724600,2025,Logement,MAMH — Données Québec (rôle d'évaluation foncière),https://donneesouvertes.affmunqc.net/role/RL58033_2026.xml,,,,
"201, Fontenelle",,Boucherville,,,724.5,1986,306100,528000,834100,2025,Logement,MAMH — Données Québec (rôle d'évaluation foncière),https://donneesouvertes.affmunqc.net/role/RL58033_2026.xml,,,,
"203, Fontenelle",,Boucherville,,,661.9,1985,290500,421300,711800,2025,Logement,MAMH — Données Québec (rôle d'évaluation foncière),https://donneesouvertes.affmunqc.net/role/RL58033_2026.xml,,,,
"205, Fontenelle",,Boucherville,,,577.8,1987,269500,511000,780500,2025,Logement,MAMH — Données Québec (rôle d'évaluation foncière),https://donneesouvertes.affmunqc.net/role/RL58033_2026.xml,,,,
"1244, Rouen",,Boucherville,,,596.7,1985,274200,473200,747400,2025,Logement,MAMH — Données Québec (rôle d'évaluation foncière),https://donneesouvertes.affmunqc.net/role/RL58033_2026.xml,,,,
"1248, Rouen",,Boucherville,,,567.3,1986,266800,528800,795600,2025,Logement,MAMH — Données Québec (rôle d'évaluation foncière),https://donneesouvertes.affmunqc.net/role/RL58033_2026.xml,,,,
"245, Fontenelle",,Boucherville,,,606.4,1985,276600,417000,693600,2025,Logement,MAMH — Données Québec (rôle d'évaluation foncière),https://donneesouvertes.affmunqc.net/role/RL58033_2026.xml,,,,
"251, Fontenelle",,Boucherville,,,580.1,1987,270000,474300,744300,2025,Logement,MAMH — Données Québec (rôle d'évaluation foncière),https://donneesouvertes.affmunqc.net/role/RL58033_2026.xml,,,,
"253, Fontenelle",,Boucherville,,,564.1,1987,266000,479500,745500,2025,Logement,MAMH — Données Québec (rôle d'évaluation foncière),https://donneesouvertes.affmunqc.net/role/RL58033_2026.xml,,,,
"1245, Rouen",,Boucherville,,,10742.3,,1997500,,1997500,2025,Terrain vacant,MAMH — Données Québec (rôle d'évaluation foncière),https://donneesouvertes.affmunqc.net/role/RL58033_2026.xml,,,,
"1222, Nantes",,Boucherville,,,540,1998,260000,940000,1200000,2025,Logement,MAMH — Données Québec (rôle d'évaluation foncière),https://donneesouvertes.affmunqc.net/role/RL58033_2026.xml,,,,
"1226, Nantes",,Boucherville,,,540,1996,260000,644200,904200,2025,Logement,MAMH — Données Québec (rôle d'évaluation foncière),https://donneesouvertes.affmunqc.net/role/RL58033_2026.xml,,,,
"1208, Abymes",,Boucherville,,,585,1998,271300,775200,1046500,2025,Logement,MAMH — Données Québec (rôle d'évaluation foncière),https://donneesouvertes.affmunqc.net/role/RL58033_2026.xml,,,,
"1210, Abymes",,Boucherville,,,585,1997,271300,576600,847900,2025,Logement,MAMH — Données Québec (rôle d'évaluation foncière),https://donneesouvertes.affmunqc.net/role/RL58033_2026.xml,,,,
"1216, Abymes",,Boucherville,,,630.3,2000,282600,867600,1150200,2025,Logement,MAMH — Données Québec (rôle d'évaluation foncière),https://donneesouvertes.affmunqc.net/role/RL58033_2026.xml,,,,
"1215, Abymes",,Boucherville,,,938,1998,359500,970500,1330000,2025,Logement,MAMH — Données Québec (rôle d'évaluation foncière),https://donneesouvertes.affmunqc.net/role/RL58033_2026.xml,,,,
"1220, Abymes",,Boucherville,,,609,1998,277300,910300,1187600,2025,Logement,MAMH — Données Québec (rôle d'évaluation foncière),https://donneesouvertes.affmunqc.net/role/RL58033_2026.xml,,,,
"1217, Abymes",,Boucherville,,,650.6,2000,287700,891100,1178800,2025,Logement,MAMH — Données Québec (rôle d'évaluation foncière),https://donneesouvertes.affmunqc.net/role/RL58033_2026.xml,,,,
"1224, Abymes",,Boucherville,,,630.3,2000,282600,947100,1229700,2025,Logement,MAMH — Données Québec (rôle d'évaluation foncière),https://donneesouvertes.affmunqc.net/role/RL58033_2026.xml,,,,
"1221, Abymes",,Boucherville,,,1124.7,2001,384200,1026900,1411100,2025,Logement,MAMH — Données Québec (rôle d'évaluation foncière),https://donneesouvertes.affmunqc.net/role/RL58033_2026.xml,,,,
"1206, Abymes",,Boucherville,,,585,1997,271300,764600,1035900,2025,Logement,MAMH — Données Québec (rôle d'évaluation foncière),https://donneesouvertes.affmunqc.net/role/RL58033_2026.xml,,,,
"1244, Abymes",,Boucherville,,,596,1999,274000,837900,1111900,2025,Logement,MAMH — Données Québec (rôle d'évaluation foncière),https://donneesouvertes.affmunqc.net/role/RL58033_2026.xml,,,,
"1240, Abymes",,Boucherville,,,585,1998,271300,809500,1080800,2025,Logement,MAMH — Données Québec (rôle d'évaluation foncière),https://donneesouvertes.affmunqc.net/role/RL58033_2026.xml,,,,
"1238, Abymes",,Boucherville,,,585,1997,271300,637600,908900,2025,Logement,MAMH — Données Québec (rôle d'évaluation foncière),https://donneesouvertes.affmunqc.net/role/RL58033_2026.xml,,,,
"1245, Abymes",,Boucherville,,,549,1999,262300,728300,990600,2025,Logement,MAMH — Données Québec (rôle d'évaluation foncière),https://donneesouvertes.affmunqc.net/role/RL58033_2026.xml,,,,
"1236, Abymes",,Boucherville,,,585,1999,271300,792100,1063400,2025,Logement,MAMH — Données Québec (rôle d'évaluation foncière),https://donneesouvertes.affmunqc.net/role/RL58033_2026.xml,,,,
"1241, Abymes",,Boucherville,,,549,1999,262300,754800,1017100,2025,Logement,MAMH — Données Québec (rôle d'évaluation foncière),https://donneesouvertes.affmunqc.net/role/RL58033_2026.xml,,,,
"1230, Abymes",,Boucherville,,,585,1998,271300,875700,1147000,2025,Logement,MAMH — Données Québec (rôle d'évaluation foncière),https://donneesouvertes.affmunqc.net/role/RL58033_2026.xml,,,,
"1239, Abymes",,Boucherville,,,549,1998,262300,591200,853500,2025,Logement,MAMH — Données Québec (rôle d'évaluation foncière),https://donneesouvertes.affmunqc.net/role/RL58033_2026.xml,,,,
"1237, Abymes",,Boucherville,,,549,1999,262300,567800,830100,2025,Logement,MAMH — Données Québec (rôle d'évaluation foncière),https://donneesouvertes.affmunqc.net/role/RL58033_2026.xml,,,,
"1190, Caen",,Boucherville,,,566.2,2001,266600,490700,757300,2025,Logement,MAMH — Données Québec (rôle d'évaluation foncière),https://donneesouvertes.affmunqc.net/role/RL58033_2026.xml,,,,
"1235, Abymes",,Boucherville,,,549,1999,262300,725900,988200,2025,Logement,MAMH — Données Québec (rôle d'évaluation foncière),https://donneesouvertes.affmunqc.net/role/RL58033_2026.xml,,,,
"1194, Caen",,Boucherville,,,566.2,1999,266600,856400,1123000,2025,Logement,MAMH — Données Québec (rôle d'évaluation foncière),https://donneesouvertes.affmunqc.net/role/RL58033_2026.xml,,,,
"1178, Caen",,Boucherville,,,564.3,1993,282200,455900,738100,2025,Logement,MAMH — Données Québec (rôle d'évaluation foncière),https://donneesouvertes.affmunqc.net/role/RL58033_2026.xml,,,,
"1251, Abymes",,Boucherville,,,723.7,1997,305900,520200,826100,2025,Logement,MAMH — Données Québec (rôle d'évaluation foncière),https://donneesouvertes.affmunqc.net/role/RL58033_2026.xml,,,,
"1180, Caen",,Boucherville,,,569.6,1991,267400,416800,684200,2025,Logement,MAMH — Données Québec (rôle d'évaluation foncière),https://donneesouvertes.affmunqc.net/role/RL58033_2026.xml,,,,
"1247, Abymes",,Boucherville,,,561.4,2001,265400,572400,837800,2025,Logement,MAMH — Données Québec (rôle d'évaluation foncière),https://donneesouvertes.affmunqc.net/role/RL58033_2026.xml,,,,
"1182, Caen",,Boucherville,,,566.2,1993,266600,547700,814300,2025,Logement,MAMH — Données Québec (rôle d'évaluation foncière),https://donneesouvertes.affmunqc.net/role/RL58033_2026.xml,,,,
"1184, Caen",,Boucherville,,,566.2,1992,266600,469400,736000,2025,Logement,MAMH — Données Québec (rôle d'évaluation foncière),https://donneesouvertes.affmunqc.net/role/RL58033_2026.xml,,,,
"1181, Caen",,Boucherville,,,722.6,2003,305700,1068400,1374100,2025,Logement,MAMH — Données Québec (rôle d'évaluation foncière),https://donneesouvertes.affmunqc.net/role/RL58033_2026.xml,,,,
"1186, Caen",,Boucherville,,,566.2,1993,266600,499600,766200,2025,Logement,MAMH — Données Québec (rôle d'évaluation foncière),https://donneesouvertes.affmunqc.net/role/RL58033_2026.xml,,,,
"1188, Caen",,Boucherville,,,566.2,2001,266600,997700,1264300,2025,Logement,MAMH — Données Québec (rôle d'évaluation foncière),https://donneesouvertes.affmunqc.net/role/RL58033_2026.xml,,,,
"300, Arromanches",,Boucherville,,,654.7,1991,288700,607400,896100,2025,Logement,MAMH — Données Québec (rôle d'évaluation foncière),https://donneesouvertes.affmunqc.net/role/RL58033_2026.xml,,,,
"302, Arromanches",,Boucherville,,,585.6,1992,271400,570300,841700,2025,Logement,MAMH — Données Québec (rôle d'évaluation foncière),https://donneesouvertes.affmunqc.net/role/RL58033_2026.xml,,,,
"300, Normandie",,Boucherville,,,767,1991,341800,461700,803500,2025,Logement,MAMH — Données Québec (rôle d'évaluation foncière),https://donneesouvertes.affmunqc.net/role/RL58033_2026.xml,,,,
"310, Normandie",,Boucherville,,,620.6,1992,305200,409300,714500,2025,Logement,MAMH — Données Québec (rôle d'évaluation foncière),https://donneesouvertes.affmunqc.net/role/RL58033_2026.xml,,,,
"305, Arromanches",,Boucherville,,,669.7,1993,292400,488700,781100,2025,Logement,MAMH — Données Québec (rôle d'évaluation foncière),https://donneesouvertes.affmunqc.net/role/RL58033_2026.xml,,,,
"312, Normandie",,Boucherville,,,659.7,1992,314900,432300,747200,2025,Logement,MAMH — Données Québec (rôle d'évaluation foncière),https://donneesouvertes.affmunqc.net/role/RL58033_2026.xml,,,,
"307, Arromanches",,Boucherville,,,608.5,1991,277100,481800,758900,2025,Logement,MAMH — Données Québec (rôle d'évaluation foncière),https://donneesouvertes.affmunqc.net/role/RL58033_2026.xml,,,,
"1144, Pinsons",,Boucherville,,,1231.2,1978,543800,894900,1438700,2025,Logement,MAMH — Données Québec (rôle d'évaluation foncière),https://donneesouvertes.affmunqc.net/role/RL58033_2026.xml,,,,
"1152, Pinsons",,Boucherville,,,895.2,1984,447300,857400,1304700,2025,Logement,MAMH — Données Québec (rôle d'évaluation foncière),https://donneesouvertes.affmunqc.net/role/RL58033_2026.xml,,,,
"1149, Pinsons",,Boucherville,,,617.8,1980,274000,469200,743200,2025,Logement,MAMH — Données Québec (rôle d'évaluation foncière),https://donneesouvertes.affmunqc.net/role/RL58033_2026.xml,,,,
"1153, Pinsons",,Boucherville,,,713.1,1981,295400,477600,773000,2025,Logement,MAMH — Données Québec (rôle d'évaluation foncière),https://donneesouvertes.affmunqc.net/role/RL58033_2026.xml,,,,
"1160, Pinsons",,Boucherville,,,4222.9,1981,1235200,1204500,2439700,2025,Logement,MAMH — Données Québec (rôle d'évaluation foncière),https://donneesouvertes.affmunqc.net/role/RL58033_2026.xml,,,,
"281, D'avaugour",,Boucherville,,,828.2,1983,321300,502700,824000,2025,Logement,MAMH — Données Québec (rôle d'évaluation foncière),https://donneesouvertes.affmunqc.net/role/RL58033_2026.xml,,,,
"228, Fontenelle",,Boucherville,,,1294.3,1987,379500,768400,1147900,2025,Logement,MAMH — Données Québec (rôle d'évaluation foncière),https://donneesouvertes.affmunqc.net/role/RL58033_2026.xml,,,,
"218, Bayeux",,Boucherville,,,1102.7,1997,364200,522000,886200,2025,Logement,MAMH — Données Québec (rôle d'évaluation foncière),https://donneesouvertes.affmunqc.net/role/RL58033_2026.xml,,,,
"220, Bayeux",,Boucherville,,,672.2,1990,278300,491600,769900,2025,Logement,MAMH — Données Québec (rôle d'évaluation foncière),https://donneesouvertes.affmunqc.net/role/RL58033_2026.xml,,,,
"222, Bayeux",,Boucherville,,,600.2,1988,261200,606700,867900,2025,Logement,MAMH — Données Québec (rôle d'évaluation foncière),https://donneesouvertes.affmunqc.net/role/RL58033_2026.xml,,,,
"1315, Gay-lussac",,Boucherville,,,11148.4,1991,1672300,5923300,7595600,2025,Immeuble commercial,MAMH — Données Québec (rôle d'évaluation foncière),https://donneesouvertes.affmunqc.net/role/RL58033_2026.xml,,,,
"230, Fontenelle",,Boucherville,,,874.4,1987,343600,482700,826300,2025,Logement,MAMH — Données Québec (rôle d'évaluation foncière),https://donneesouvertes.affmunqc.net/role/RL58033_2026.xml,,,,
"236, Fontenelle",,Boucherville,,,868.7,1987,342200,522500,864700,2025,Logement,MAMH — Données Québec (rôle d'évaluation foncière),https://donneesouvertes.affmunqc.net/role/RL58033_2026.xml,,,,
"244, Fontenelle",,Boucherville,,,592.2,1987,273100,469000,742100,2025,Logement,MAMH — Données Québec (rôle d'évaluation foncière),https://donneesouvertes.affmunqc.net/role/RL58033_2026.xml,,,,
"248, Fontenelle",,Boucherville,,,592.8,1987,273200,464900,738100,2025,Logement,MAMH — Données Québec (rôle d'évaluation foncière),https://donneesouvertes.affmunqc.net/role/RL58033_2026.xml,,,,
"214, Bayeux",,Boucherville,,,771.5,1988,317900,751600,1069500,2025,Logement,MAMH — Données Québec (rôle d'évaluation foncière),https://donneesouvertes.affmunqc.net/role/RL58033_2026.xml,,,,
"212, Bayeux",,Boucherville,,,556.9,1988,264200,409400,673600,2025,Logement,MAMH — Données Québec (rôle d'évaluation foncière),https://donneesouvertes.affmunqc.net/role/RL58033_2026.xml,,,,
"210, Bayeux",,Boucherville,,,556.9,1988,264200,420000,684200,2025,Logement,MAMH — Données Québec (rôle d'évaluation foncière),https://donneesouvertes.affmunqc.net/role/RL58033_2026.xml,,,,
"208, Bayeux",,Boucherville,,,556.9,1988,264200,545900,810100,2025,Logement,MAMH — Données Québec (rôle d'évaluation foncière),https://donneesouvertes.affmunqc.net/role/RL58033_2026.xml,,,,
"204, Bayeux",,Boucherville,,,556.9,1988,264200,486000,750200,2025,Logement,MAMH — Données Québec (rôle d'évaluation foncière),https://donneesouvertes.affmunqc.net/role/RL58033_2026.xml,,,,
"202, Bayeux",,Boucherville,,,556.9,1988,264200,453700,717900,2025,Logement,MAMH — Données Québec (rôle d'évaluation foncière),https://donneesouvertes.affmunqc.net/role/RL58033_2026.xml,,,,
"215, Bayeux",,Boucherville,,,802.3,2001,325600,711400,1037000,2025,Logement,MAMH — Données Québec (rôle d'évaluation foncière),https://donneesouvertes.affmunqc.net/role/RL58033_2026.xml,,,,
"1250, Rouen",,Boucherville,,,721.3,1986,305300,534700,840000,2025,Logement,MAMH — Données Québec (rôle d'évaluation foncière),https://donneesouvertes.affmunqc.net/role/RL58033_2026.xml,,,,
"250, Fontenelle",,Boucherville,,,620.6,1987,280200,500500,780700,2025,Logement,MAMH — Données Québec (rôle d'évaluation foncière),https://donneesouvertes.affmunqc.net/role/RL58033_2026.xml,,,,
"1252, Rouen",,Boucherville,,,626,1985,281500,382700,664200,2025,Logement,MAMH — Données Québec (rôle d'évaluation foncière),https://donneesouvertes.affmunqc.net/role/RL58033_2026.xml,,,,
"252, Fontenelle",,Boucherville,,,734.4,1987,308600,417900,726500,2025,Logement,MAMH — Données Québec (rôle d'évaluation foncière),https://donneesouvertes.affmunqc.net/role/RL58033_2026.xml,,,,
"1254, Rouen",,Boucherville,,,489,1985,244500,425700,670200,2025,Logement,MAMH — Données Québec (rôle d'évaluation foncière),https://donneesouvertes.affmunqc.net/role/RL58033_2026.xml,,,,
"1258, Rouen",,Boucherville,,,489,1986,244500,408700,653200,2025,Logement,MAMH — Données Québec (rôle d'évaluation foncière),https://donneesouvertes.affmunqc.net/role/RL58033_2026.xml,,,,
"1255, Rouen",,Boucherville,,,564.3,1988,266100,464900,731000,2025,Logement,MAMH — Données Québec (rôle d'évaluation foncière),https://donneesouvertes.affmunqc.net/role/RL58033_2026.xml,,,,
"200, Bayeux",,Boucherville,,,587.5,1988,271900,513400,785300,2025,Logement,MAMH — Données Québec (rôle d'évaluation foncière),https://donneesouvertes.affmunqc.net/role/RL58033_2026.xml,,,,
"1260, Rouen",,Boucherville,,,626,1986,281500,490600,772100,2025,Logement,MAMH — Données Québec (rôle d'évaluation foncière),https://donneesouvertes.affmunqc.net/role/RL58033_2026.xml,,,,
"1257, Rouen",,Boucherville,,,564.3,1988,266100,456600,722700,2025,Logement,MAMH — Données Québec (rôle d'évaluation foncière),https://donneesouvertes.affmunqc.net/role/RL58033_2026.xml,,,,
"1251, Rouen",,Boucherville,,,632.8,1988,283200,399800,683000,2025,Logement,MAMH — Données Québec (rôle d'évaluation foncière),https://donneesouvertes.affmunqc.net/role/RL58033_2026.xml,,,,
"1251, Saint-malo",,Boucherville,,,658.8,1990,289700,497000,786700,2025,Logement,MAMH — Données Québec (rôle d'évaluation foncière),https://donneesouvertes.affmunqc.net/role/RL58033_2026.xml,,,,
"1250, Saint-malo",,Boucherville,,,632.8,1989,283200,431200,714400,2025,Logement,MAMH — Données Québec (rôle d'évaluation foncière),https://donneesouvertes.affmunqc.net/role/RL58033_2026.xml,,,,
"1253, Saint-malo",,Boucherville,,,564.4,1991,266100,635300,901400,2025,Logement,MAMH — Données Québec (rôle d'évaluation foncière),https://donneesouvertes.affmunqc.net/role/RL58033_2026.xml,,,,
"1254, Saint-malo",,Boucherville,,,579.5,1990,269900,595400,865300,2025,Logement,MAMH — Données Québec (rôle d'évaluation foncière),https://donneesouvertes.affmunqc.net/role/RL58033_2026.xml,,,,
"240, Normandie",,Boucherville,,,64565.9,1979,9420200,1714300,11134500,2025,Immeuble commercial,MAMH — Données Québec (rôle d'évaluation foncière),https://donneesouvertes.affmunqc.net/role/RL58033_2026.xml,,,,
"1225, Abymes",,Boucherville,,,738,1998,309500,947000,1256500,2025,Logement,MAMH — Données Québec (rôle d'évaluation foncière),https://donneesouvertes.affmunqc.net/role/RL58033_2026.xml,,,,
"1227, Abymes",,Boucherville,,,1083.6,2000,381200,914200,1295400,2025,Logement,MAMH — Données Québec (rôle d'évaluation foncière),https://donneesouvertes.affmunqc.net/role/RL58033_2026.xml,,,,
"1231, Abymes",,Boucherville,,,549,1999,262300,818400,1080700,2025,Logement,MAMH — Données Québec (rôle d'évaluation foncière),https://donneesouvertes.affmunqc.net/role/RL58033_2026.xml,,,,
"1198, Caen",,Boucherville,,,566.2,1999,266600,543800,810400,2025,Logement,MAMH — Données Québec (rôle d'évaluation foncière),https://donneesouvertes.affmunqc.net/role/RL58033_2026.xml,,,,
"1229, Abymes",,Boucherville,,,782.8,1998,320700,941700,1262400,2025,Logement,MAMH — Données Québec (rôle d'évaluation foncière),https://donneesouvertes.affmunqc.net/role/RL58033_2026.xml,,,,
"1200, Caen",,Boucherville,,,566.2,1999,266600,679700,946300,2025,Logement,MAMH — Données Québec (rôle d'évaluation foncière),https://donneesouvertes.affmunqc.net/role/RL58033_2026.xml,,,,
"1202, Caen",,Boucherville,,,566.2,1999,266600,761400,1028000,2025,Logement,MAMH — Données Québec (rôle d'évaluation foncière),https://donneesouvertes.affmunqc.net/role/RL58033_2026.xml,,,,
"1206, Caen",,Boucherville,,,566.2,1999,266600,751800,1018400,2025,Logement,MAMH — Données Québec (rôle d'évaluation foncière),https://donneesouvertes.affmunqc.net/role/RL58033_2026.xml,,,,
"1208, Caen",,Boucherville,,,639.3,1999,284800,607500,892300,2025,Logement,MAMH — Données Québec (rôle d'évaluation foncière),https://donneesouvertes.affmunqc.net/role/RL58033_2026.xml,,,,
"1209, Quimper",,Boucherville,,,638.1,2000,284500,771700,1056200,2025,Logement,MAMH — Données Québec (rôle d'évaluation foncière),https://donneesouvertes.affmunqc.net/role/RL58033_2026.xml,,,,
"1205, Quimper",,Boucherville,,,578.1,1999,269500,719000,988500,2025,Logement,MAMH — Données Québec (rôle d'évaluation foncière),https://donneesouvertes.affmunqc.net/role/RL58033_2026.xml,,,,
"1211, Caen",,Boucherville,,,642.3,2000,285600,704500,990100,2025,Logement,MAMH — Données Québec (rôle d'évaluation foncière),https://donneesouvertes.affmunqc.net/role/RL58033_2026.xml,,,,
"1187, Quimper",,Boucherville,,,605.2,2000,276300,975900,1252200,2025,Logement,MAMH — Données Québec (rôle d'évaluation foncière),https://donneesouvertes.affmunqc.net/role/RL58033_2026.xml,,,,
"304, Arromanches",,Boucherville,,,589.8,1991,272500,522400,794900,2025,Logement,MAMH — Données Québec (rôle d'évaluation foncière),https://donneesouvertes.affmunqc.net/role/RL58033_2026.xml,,,,
"1189, Quimper",,Boucherville,,,613.5,2001,278400,1030300,1308700,2025,Logement,MAMH — Données Québec (rôle d'évaluation foncière),https://donneesouvertes.affmunqc.net/role/RL58033_2026.xml,,,,
"306, Arromanches",,Boucherville,,,565.3,1990,266300,457800,724100,2025,Logement,MAMH — Données Québec (rôle d'évaluation foncière),https://donneesouvertes.affmunqc.net/role/RL58033_2026.xml,,,,
"1191, Quimper",,Boucherville,,,789.7,1999,322400,787600,1110000,2025,Logement,MAMH — Données Québec (rôle d'évaluation foncière),https://donneesouvertes.affmunqc.net/role/RL58033_2026.xml,,,,
"1196, Caen",,Boucherville,,,1413.7,,405600,,405600,2025,Institutionnel,MAMH — Données Québec (rôle d'évaluation foncière),https://donneesouvertes.affmunqc.net/role/RL58033_2026.xml,,,,
"310, Arromanches",,Boucherville,,,564.7,1991,266200,536700,802900,2025,Logement,MAMH — Données Québec (rôle d'évaluation foncière),https://donneesouvertes.affmunqc.net/role/RL58033_2026.xml,,,,
"1193, Quimper",,Boucherville,,,1118.3,2000,383800,819600,1203400,2025,Logement,MAMH — Données Québec (rôle d'évaluation foncière),https://donneesouvertes.affmunqc.net/role/RL58033_2026.xml,,,,
"1195, Quimper",,Boucherville,,,1273.7,2001,395300,1005100,1400400,2025,Logement,MAMH — Données Québec (rôle d'évaluation foncière),https://donneesouvertes.affmunqc.net/role/RL58033_2026.xml,,,,
"1194, Honfleur",,Boucherville,,,967.2,2001,366800,866100,1232900,2025,Logement,MAMH — Données Québec (rôle d'évaluation foncière),https://donneesouvertes.affmunqc.net/role/RL58033_2026.xml,,,,
"314, Normandie",,Boucherville,,,636.8,1993,309200,745700,1054900,2025,Logement,MAMH — Données Québec (rôle d'évaluation foncière),https://donneesouvertes.affmunqc.net/role/RL58033_2026.xml,,,,
"311, Arromanches",,Boucherville,,,566.7,1991,266700,359800,626500,2025,Logement,MAMH — Données Québec (rôle d'évaluation foncière),https://donneesouvertes.affmunqc.net/role/RL58033_2026.xml,,,,
"313, Arromanches",,Boucherville,,,566.7,1991,266700,476000,742700,2025,Logement,MAMH — Données Québec (rôle d'évaluation foncière),https://donneesouvertes.affmunqc.net/role/RL58033_2026.xml,,,,
"316, Normandie",,Boucherville,,,585,1994,292500,406700,699200,2025,Logement,MAMH — Données Québec (rôle d'évaluation foncière),https://donneesouvertes.affmunqc.net/role/RL58033_2026.xml,,,,
"320, Normandie",,Boucherville,,,619.5,1998,304900,477800,782700,2025,Logement,MAMH — Données Québec (rôle d'évaluation foncière),https://donneesouvertes.affmunqc.net/role/RL58033_2026.xml,,,,
"315, Arromanches",,Boucherville,,,566.7,1991,266700,502100,768800,2025,Logement,MAMH — Données Québec (rôle d'évaluation foncière),https://donneesouvertes.affmunqc.net/role/RL58033_2026.xml,,,,
"322, Normandie",,Boucherville,,,649.2,1991,312300,521200,833500,2025,Logement,MAMH — Données Québec (rôle d'évaluation foncière),https://donneesouvertes.affmunqc.net/role/RL58033_2026.xml,,,,
"319, Arromanches",,Boucherville,,,566.7,1991,266700,475500,742200,2025,Logement,MAMH — Données Québec (rôle d'évaluation foncière),https://donneesouvertes.affmunqc.net/role/RL58033_2026.xml,,,,
"316, Arromanches",,Boucherville,,,673.5,1992,293400,558700,852100,2025,Logement,MAMH — Données Québec (rôle d'évaluation foncière),https://donneesouvertes.affmunqc.net/role/RL58033_2026.xml,,,,
"321, Arromanches",,Boucherville,,,566.7,1991,266700,482200,748900,2025,Logement,MAMH — Données Québec (rôle d'évaluation foncière),https://donneesouvertes.affmunqc.net/role/RL58033_2026.xml,,,,
"320, Arromanches",,Boucherville,,,563.5,1990,265900,500700,766600,2025,Logement,MAMH — Données Québec (rôle d'évaluation foncière),https://donneesouvertes.affmunqc.net/role/RL58033_2026.xml,,,,
"325, Arromanches",,Boucherville,,,566.7,1991,266700,431700,698400,2025,Logement,MAMH — Données Québec (rôle d'évaluation foncière),https://donneesouvertes.affmunqc.net/role/RL58033_2026.xml,,,,
"322, Arromanches",,Boucherville,,,562.9,1991,265700,538100,803800,2025,Logement,MAMH — Données Québec (rôle d'évaluation foncière),https://donneesouvertes.affmunqc.net/role/RL58033_2026.xml,,,,
"329, Arromanches",,Boucherville,,,566.7,1992,266700,517100,783800,2025,Logement,MAMH — Données Québec (rôle d'évaluation foncière),https://donneesouvertes.affmunqc.net/role/RL58033_2026.xml,,,,
"279, D'avaugour",,Boucherville,,,717,1984,296300,404600,700900,2025,Logement,MAMH — Données Québec (rôle d'évaluation foncière),https://donneesouvertes.affmunqc.net/role/RL58033_2026.xml,,,,
"275, D'avaugour",,Boucherville,,,796.7,1988,314300,680100,994400,2025,Logement,MAMH — Données Québec (rôle d'évaluation foncière),https://donneesouvertes.affmunqc.net/role/RL58033_2026.xml,,,,
"280, D'avaugour",,Boucherville,,,638,1980,278600,433300,711900,2025,Logement,MAMH — Données Québec (rôle d'évaluation foncière),https://donneesouvertes.affmunqc.net/role/RL58033_2026.xml,,,,
"276, D'avaugour",,Boucherville,,,680.7,1986,288200,557000,845200,2025,Logement,MAMH — Données Québec (rôle d'évaluation foncière),https://donneesouvertes.affmunqc.net/role/RL58033_2026.xml,,,,
"326, Normandie",,Boucherville,,,661.9,1991,315500,427300,742800,2025,Logement,MAMH — Données Québec (rôle d'évaluation foncière),https://donneesouvertes.affmunqc.net/role/RL58033_2026.xml,,,,
"339, Normandie",,Boucherville,,,777.4,1988,344400,643000,987400,2025,Logement,MAMH — Données Québec (rôle d'évaluation foncière),https://donneesouvertes.affmunqc.net/role/RL58033_2026.xml,,,,
"330, Normandie",,Boucherville,,,672.1,1992,318000,997900,1315900,2025,Logement,MAMH — Données Québec (rôle d'évaluation foncière),https://donneesouvertes.affmunqc.net/role/RL58033_2026.xml,,,,
"336, Normandie",,Boucherville,,,691,1999,322800,568900,891700,2025,Logement,MAMH — Données Québec (rôle d'évaluation foncière),https://donneesouvertes.affmunqc.net/role/RL58033_2026.xml,,,,
"343, Normandie",,Boucherville,,,668.9,1993,317200,468800,786000,2025,Logement,MAMH — Données Québec (rôle d'évaluation foncière),https://donneesouvertes.affmunqc.net/role/RL58033_2026.xml,,,,
"224, Bayeux",,Boucherville,,,600,1988,261200,586600,847800,2025,Logement,MAMH — Données Québec (rôle d'évaluation foncière),https://donneesouvertes.affmunqc.net/role/RL58033_2026.xml,,,,
"228, Bayeux",,Boucherville,,,694.6,1988,283600,736700,1020300,2025,Logement,MAMH — Données Québec (rôle d'évaluation foncière),https://donneesouvertes.affmunqc.net/role/RL58033_2026.xml,,,,
"230, Bayeux",,Boucherville,,,1056.8,1998,360500,586000,946500,2025,Logement,MAMH — Données Québec (rôle d'évaluation foncière),https://donneesouvertes.affmunqc.net/role/RL58033_2026.xml,,,,
"232, Bayeux",,Boucherville,,,639.2,1989,284800,578300,863100,2025,Logement,MAMH — Données Québec (rôle d'évaluation foncière),https://donneesouvertes.affmunqc.net/role/RL58033_2026.xml,,,,
"234, Bayeux",,Boucherville,,,597.6,1988,274400,454800,729200,2025,Logement,MAMH — Données Québec (rôle d'évaluation foncière),https://donneesouvertes.affmunqc.net/role/RL58033_2026.xml,,,,
"218, Chartres",,Boucherville,,,1140.8,2000,367300,521300,888600,2025,Logement,MAMH — Données Québec (rôle d'évaluation foncière),https://donneesouvertes.affmunqc.net/role/RL58033_2026.xml,,,,
"214, Chartres",,Boucherville,,,585.5,1991,271400,391800,663200,2025,Logement,MAMH — Données Québec (rôle d'évaluation foncière),https://donneesouvertes.affmunqc.net/role/RL58033_2026.xml,,,,
"211, Bayeux",,Boucherville,,,629.1,1988,282300,448600,730900,2025,Logement,MAMH — Données Québec (rôle d'évaluation foncière),https://donneesouvertes.affmunqc.net/role/RL58033_2026.xml,,,,
"205, Bayeux",,Boucherville,,,772.3,1988,318100,474800,792900,2025,Logement,MAMH — Données Québec (rôle d'évaluation foncière),https://donneesouvertes.affmunqc.net/role/RL58033_2026.xml,,,,
"252, Bayeux",,Boucherville,,,682.3,1989,295600,637300,932900,2025,Logement,MAMH — Données Québec (rôle d'évaluation foncière),https://donneesouvertes.affmunqc.net/role/RL58033_2026.xml,,,,
"231, Bayeux",,Boucherville,,,802.3,1993,325600,638800,964400,2025,Logement,MAMH — Données Québec (rôle d'évaluation foncière),https://donneesouvertes.affmunqc.net/role/RL58033_2026.xml,,,,
"235, Bayeux",,Boucherville,,,629.1,1988,282300,468400,750700,2025,Logement,MAMH — Données Québec (rôle d'évaluation foncière),https://donneesouvertes.affmunqc.net/role/RL58033_2026.xml,,,,
"241, Bayeux",,Boucherville,,,772.3,1991,318100,609000,927100,2025,Logement,MAMH — Données Québec (rôle d'évaluation foncière),https://donneesouvertes.affmunqc.net/role/RL58033_2026.xml,,,,
"250, Bayeux",,Boucherville,,,600,1989,275000,632900,907900,2025,Logement,MAMH — Données Québec (rôle d'évaluation foncière),https://donneesouvertes.affmunqc.net/role/RL58033_2026.xml,,,,
"248, Bayeux",,Boucherville,,,627.8,1988,282000,466400,748400,2025,Logement,MAMH — Données Québec (rôle d'évaluation foncière),https://donneesouvertes.affmunqc.net/role/RL58033_2026.xml,,,,
"238, Bayeux",,Boucherville,,,600,1988,275000,505800,780800,2025,Logement,MAMH — Données Québec (rôle d'évaluation foncière),https://donneesouvertes.affmunqc.net/role/RL58033_2026.xml,,,,
"240, Bayeux",,Boucherville,,,616.4,1988,279100,541400,820500,2025,Logement,MAMH — Données Québec (rôle d'évaluation foncière),https://donneesouvertes.affmunqc.net/role/RL58033_2026.xml,,,,
"244, Bayeux",,Boucherville,,,1009.8,1994,375700,892600,1268300,2025,Logement,MAMH — Données Québec (rôle d'évaluation foncière),https://donneesouvertes.affmunqc.net/role/RL58033_2026.xml,,,,
"242, Bayeux",,Boucherville,,,869.8,1994,342500,804300,1146800,2025,Logement,MAMH — Données Québec (rôle d'évaluation foncière),https://donneesouvertes.affmunqc.net/role/RL58033_2026.xml,,,,
"1261, Rouen",,Boucherville,,,564.3,1989,266100,415100,681200,2025,Logement,MAMH — Données Québec (rôle d'évaluation foncière),https://donneesouvertes.affmunqc.net/role/RL58033_2026.xml,,,,
"1262, Rouen",,Boucherville,,,724.2,1993,306100,732700,1038800,2025,Logement,MAMH — Données Québec (rôle d'évaluation foncière),https://donneesouvertes.affmunqc.net/role/RL58033_2026.xml,,,,
"1263, Rouen",,Boucherville,,,564.3,1989,266100,377300,643400,2025,Logement,MAMH — Données Québec (rôle d'évaluation foncière),https://donneesouvertes.affmunqc.net/role/RL58033_2026.xml,,,,
"1264, Rouen",,Boucherville,,,656,1991,289000,553300,842300,2025,Logement,MAMH — Données Québec (rôle d'évaluation foncière),https://donneesouvertes.affmunqc.net/role/RL58033_2026.xml,,,,
"1265, Rouen",,Boucherville,,,564.3,1990,266100,646300,912400,2025,Logement,MAMH — Données Québec (rôle d'évaluation foncière),https://donneesouvertes.affmunqc.net/role/RL58033_2026.xml,,,,
"1268, Rouen",,Boucherville,,,656.4,1991,289100,725800,1014900,2025,Logement,MAMH — Données Québec (rôle d'évaluation foncière),https://donneesouvertes.affmunqc.net/role/RL58033_2026.xml,,,,
"1267, Rouen",,Boucherville,,,562.7,1990,265700,663000,928700,2025,Logement,MAMH — Données Québec (rôle d'évaluation foncière),https://donneesouvertes.affmunqc.net/role/RL58033_2026.xml,,,,
"1270, Saint-malo",,Boucherville,,,579.3,1989,269800,530100,799900,2025,Logement,MAMH — Données Québec (rôle d'évaluation foncière),https://donneesouvertes.affmunqc.net/role/RL58033_2026.xml,,,,
"1271, Rouen",,Boucherville,,,599.7,1990,274900,621200,896100,2025,Logement,MAMH — Données Québec (rôle d'évaluation foncière),https://donneesouvertes.affmunqc.net/role/RL58033_2026.xml,,,,
"1270, Rouen",,Boucherville,,,677.2,1992,294300,764400,1058700,2025,Logement,MAMH — Données Québec (rôle d'évaluation foncière),https://donneesouvertes.affmunqc.net/role/RL58033_2026.xml,,,,
"1255, Saint-malo",,Boucherville,,,756.3,1991,314100,385600,699700,2025,Logement,MAMH — Données Québec (rôle d'évaluation foncière),https://donneesouvertes.affmunqc.net/role/RL58033_2026.xml,,,,
"1258, Saint-malo",,Boucherville,,,579.5,1989,269900,651900,921800,2025,Logement,MAMH — Données Québec (rôle d'évaluation foncière),https://donneesouvertes.affmunqc.net/role/RL58033_2026.xml,,,,
"1259, Saint-malo",,Boucherville,,,638.1,1989,284500,526500,811000,2025,Logement,MAMH — Données Québec (rôle d'évaluation foncière),https://donneesouvertes.affmunqc.net/role/RL58033_2026.xml,,,,
"1260, Saint-malo",,Boucherville,,,579.5,1988,269900,763000,1032900,2025,Logement,MAMH — Données Québec (rôle d'évaluation foncière),https://donneesouvertes.affmunqc.net/role/RL58033_2026.xml,,,,
"1261, Saint-malo",,Boucherville,,,564.3,1989,266100,822500,1088600,2025,Logement,MAMH — Données Québec (rôle d'évaluation foncière),https://donneesouvertes.affmunqc.net/role/RL58033_2026.xml,,,,
"1264, Saint-malo",,Boucherville,,,579.5,1989,269900,880800,1150700,2025,Logement,MAMH — Données Québec (rôle d'évaluation foncière),https://donneesouvertes.affmunqc.net/role/RL58033_2026.xml,,,,
"1268, Saint-malo",,Boucherville,,,579.5,1990,269900,535400,805300,2025,Logement,MAMH — Données Québec (rôle d'évaluation foncière),https://donneesouvertes.affmunqc.net/role/RL58033_2026.xml,,,,
"1263, Saint-malo",,Boucherville,,,719.4,1989,304900,611400,916300,2025,Logement,MAMH — Données Québec (rôle d'évaluation foncière),https://donneesouvertes.affmunqc.net/role/RL58033_2026.xml,,,,
"1265, Saint-malo",,Boucherville,,,1358.9,1989,401600,922700,1324300,2025,Logement,MAMH — Données Québec (rôle d'évaluation foncière),https://donneesouvertes.affmunqc.net/role/RL58033_2026.xml,,,,
"1258, Lisieux",,Boucherville,,,730.3,2000,307600,555200,862800,2025,Logement,MAMH — Données Québec (rôle d'évaluation foncière),https://donneesouvertes.affmunqc.net/role/RL58033_2026.xml,,,,
"1269, Saint-malo",,Boucherville,,,724.3,1990,306100,880100,1186200,2025,Logement,MAMH — Données Québec (rôle d'évaluation foncière),https://donneesouvertes.affmunqc.net/role/RL58033_2026.xml,,,,
"1201, Quimper",,Boucherville,,,901.5,1998,350400,858600,1209000,2025,Logement,MAMH — Données Québec (rôle d'évaluation foncière),https://donneesouvertes.affmunqc.net/role/RL58033_2026.xml,,,,
"1213, Caen",,Boucherville,,,557.4,2002,264400,938700,1203100,2025,Logement,MAMH — Données Québec (rôle d'évaluation foncière),https://donneesouvertes.affmunqc.net/role/RL58033_2026.xml,,,,
"1215, Caen",,Boucherville,,,557.4,2003,264400,580200,844600,2025,Logement,MAMH — Données Québec (rôle d'évaluation foncière),https://donneesouvertes.affmunqc.net/role/RL58033_2026.xml,,,,
"1219, Caen",,Boucherville,,,557.4,2002,264400,524000,788400,2025,Logement,MAMH — Données Québec (rôle d'évaluation foncière),https://donneesouvertes.affmunqc.net/role/RL58033_2026.xml,,,,
"1221, Caen",,Boucherville,,,557.4,2000,264400,618900,883300,2025,Logement,MAMH — Données Québec (rôle d'évaluation foncière),https://donneesouvertes.affmunqc.net/role/RL58033_2026.xml,,,,
"1220, Caen",,Boucherville,,,642.3,2000,285600,1119600,1405200,2025,Logement,MAMH — Données Québec (rôle d'évaluation foncière),https://donneesouvertes.affmunqc.net/role/RL58033_2026.xml,,,,
"1222, Caen",,Boucherville,,,557.4,2002,264400,862100,1126500,2025,Logement,MAMH — Données Québec (rôle d'évaluation foncière),https://donneesouvertes.affmunqc.net/role/RL58033_2026.xml,,,,
"1219, Lisieux",,Boucherville,,,650.3,2001,287600,951900,1239500,2025,Logement,MAMH — Données Québec (rôle d'évaluation foncière),https://donneesouvertes.affmunqc.net/role/RL58033_2026.xml,,,,
"1224, Caen",,Boucherville,,,642.3,2004,285600,760300,1045900,2025,Logement,MAMH — Données Québec (rôle d'évaluation foncière),https://donneesouvertes.affmunqc.net/role/RL58033_2026.xml,,,,
"1225, Lisieux",,Boucherville,,,977.1,2004,369300,1123800,1493100,2025,Logement,MAMH — Données Québec (rôle d'évaluation foncière),https://donneesouvertes.affmunqc.net/role/RL58033_2026.xml,,,,
"1198, Honfleur",,Boucherville,,,561.1,2001,265300,662100,927400,2025,Logement,MAMH — Données Québec (rôle d'évaluation foncière),https://donneesouvertes.affmunqc.net/role/RL58033_2026.xml,,,,
"1192, Honfleur",,Boucherville,,,693.8,2002,298500,481000,779500,2025,Logement,MAMH — Données Québec (rôle d'évaluation foncière),https://donneesouvertes.affmunqc.net/role/RL58033_2026.xml,,,,
"1199, Quimper",,Boucherville,,,931.8,2000,358000,893700,1251700,2025,Logement,MAMH — Données Québec (rôle d'évaluation foncière),https://donneesouvertes.affmunqc.net/role/RL58033_2026.xml,,,,
"1200, Honfleur",,Boucherville,,,560.6,2000,265200,645200,910400,2025,Logement,MAMH — Données Québec (rôle d'évaluation foncière),https://donneesouvertes.affmunqc.net/role/RL58033_2026.xml,,,,
"1202, Honfleur",,Boucherville,,,564.8,2000,266200,643700,909900,2025,Logement,MAMH — Données Québec (rôle d'évaluation foncière),https://donneesouvertes.affmunqc.net/role/RL58033_2026.xml,,,,
"1206, Honfleur",,Boucherville,,,616.6,2000,279200,889100,1168300,2025,Logement,MAMH — Données Québec (rôle d'évaluation foncière),https://donneesouvertes.affmunqc.net/role/RL58033_2026.xml,,,,
"1199, Honfleur",,Boucherville,,,707.4,2002,301900,798600,1100500,2025,Logement,MAMH — Données Québec (rôle d'évaluation foncière),https://donneesouvertes.affmunqc.net/role/RL58033_2026.xml,,,,
"1223, Caen",,Boucherville,,,634.2,2001,283600,651200,934800,2025,Logement,MAMH — Données Québec (rôle d'évaluation foncière),https://donneesouvertes.affmunqc.net/role/RL58033_2026.xml,,,,
"1195, Honfleur",,Boucherville,,,557.4,1998,264400,905400,1169800,2025,Logement,MAMH — Données Québec (rôle d'évaluation foncière),https://donneesouvertes.affmunqc.net/role/RL58033_2026.xml,,,,
"1201, Honfleur",,Boucherville,,,594.6,2001,273700,811600,1085300,2025,Logement,MAMH — Données Québec (rôle d'évaluation foncière),https://donneesouvertes.affmunqc.net/role/RL58033_2026.xml,,,,
"1191, Honfleur",,Boucherville,,,577.3,1998,269300,1016200,1285500,2025,Logement,MAMH — Données Québec (rôle d'évaluation foncière),https://donneesouvertes.affmunqc.net/role/RL58033_2026.xml,,,,
"1205, Honfleur",,Boucherville,,,594.6,2002,273700,530600,804300,2025,Logement,MAMH — Données Québec (rôle d'évaluation foncière),https://donneesouvertes.affmunqc.net/role/RL58033_2026.xml,,,,
"1202, Granville",,Boucherville,,,557.4,1998,264400,628300,892700,2025,Logement,MAMH — Données Québec (rôle d'évaluation foncière),https://donneesouvertes.affmunqc.net/role/RL58033_2026.xml,,,,
"1209, Honfleur",,Boucherville,,,594.6,2002,273700,710300,984000,2025,Logement,MAMH — Données Québec (rôle d'évaluation foncière),https://donneesouvertes.affmunqc.net/role/RL58033_2026.xml,,,,
"1206, Granville",,Boucherville,,,557.4,1998,264400,562100,826500,2025,Logement,MAMH — Données Québec (rôle d'évaluation foncière),https://donneesouvertes.affmunqc.net/role/RL58033_2026.xml,,,,
"324, Arromanches",,Boucherville,,,594,1992,273500,510800,784300,2025,Logement,MAMH — Données Québec (rôle d'évaluation foncière),https://donneesouvertes.affmunqc.net/role/RL58033_2026.xml,,,,
"335, Arromanches",,Boucherville,,,576,1992,269000,589800,858800,2025,Logement,MAMH — Données Québec (rôle d'évaluation foncière),https://donneesouvertes.affmunqc.net/role/RL58033_2026.xml,,,,
"1190, Honfleur",,Boucherville,,,604,1998,276000,743600,1019600,2025,Logement,MAMH — Données Québec (rôle d'évaluation foncière),https://donneesouvertes.affmunqc.net/role/RL58033_2026.xml,,,,
"330, Arromanches",,Boucherville,,,597.8,1993,274500,432400,706900,2025,Logement,MAMH — Données Québec (rôle d'évaluation foncière),https://donneesouvertes.affmunqc.net/role/RL58033_2026.xml,,,,
"1192, Granville",,Boucherville,,,725.4,2002,306400,950500,1256900,2025,Logement,MAMH — Données Québec (rôle d'évaluation foncière),https://donneesouvertes.affmunqc.net/role/RL58033_2026.xml,,,,
"340, Arromanches",,Boucherville,,,644.3,1991,286100,615700,901800,2025,Logement,MAMH — Données Québec (rôle d'évaluation foncière),https://donneesouvertes.affmunqc.net/role/RL58033_2026.xml,,,,
"344, Arromanches",,Boucherville,,,562.6,1991,265700,526300,792000,2025,Logement,MAMH — Données Québec (rôle d'évaluation foncière),https://donneesouvertes.affmunqc.net/role/RL58033_2026.xml,,,,
"1191, Granville",,Boucherville,,,564.9,2000,266200,523000,789200,2025,Logement,MAMH — Données Québec (rôle d'évaluation foncière),https://donneesouvertes.affmunqc.net/role/RL58033_2026.xml,,,,
"350, Arromanches",,Boucherville,,,599.8,1991,275000,619300,894300,2025,Logement,MAMH — Données Québec (rôle d'évaluation foncière),https://donneesouvertes.affmunqc.net/role/RL58033_2026.xml,,,,
"1195, Granville",,Boucherville,,,564.9,1999,266200,580300,846500,2025,Logement,MAMH — Données Québec (rôle d'évaluation foncière),https://donneesouvertes.affmunqc.net/role/RL58033_2026.xml,,,,
"340, Normandie",,Boucherville,,,687.5,1992,321900,432600,754500,2025,Logement,MAMH — Données Québec (rôle d'évaluation foncière),https://donneesouvertes.affmunqc.net/role/RL58033_2026.xml,,,,
"349, Normandie",,Boucherville,,,668.9,1992,317200,448800,766000,2025,Logement,MAMH — Données Québec (rôle d'évaluation foncière),https://donneesouvertes.affmunqc.net/role/RL58033_2026.xml,,,,
"344, Normandie",,Boucherville,,,687.5,1992,321900,417600,739500,2025,Logement,MAMH — Données Québec (rôle d'évaluation foncière),https://donneesouvertes.affmunqc.net/role/RL58033_2026.xml,,,,
"339, Arromanches",,Boucherville,,,576,1992,269000,541800,810800,2025,Logement,MAMH — Données Québec (rôle d'évaluation foncière),https://donneesouvertes.affmunqc.net/role/RL58033_2026.xml,,,,
"350, Normandie",,Boucherville,,,707.4,1992,326900,619200,946100,2025,Logement,MAMH — Données Québec (rôle d'évaluation foncière),https://donneesouvertes.affmunqc.net/role/RL58033_2026.xml,,,,
"345, Arromanches",,Boucherville,,,563.4,1990,265900,444400,710300,2025,Logement,MAMH — Données Québec (rôle d'évaluation foncière),https://donneesouvertes.affmunqc.net/role/RL58033_2026.xml,,,,
"349, Arromanches",,Boucherville,,,617.9,1992,279500,559000,838500,2025,Logement,MAMH — Données Québec (rôle d'évaluation foncière),https://donneesouvertes.affmunqc.net/role/RL58033_2026.xml,,,,
"360, Normandie",,Boucherville,,,619.3,1995,304800,598300,903100,2025,Logement,MAMH — Données Québec (rôle d'évaluation foncière),https://donneesouvertes.affmunqc.net/role/RL58033_2026.xml,,,,
"1408, Rouen",,Boucherville,,,592.5,1993,273100,409000,682100,2025,Logement,MAMH — Données Québec (rôle d'évaluation foncière),https://donneesouvertes.affmunqc.net/role/RL58033_2026.xml,,,,
"1404, Rouen",,Boucherville,,,638.8,1991,284700,572000,856700,2025,Logement,MAMH — Données Québec (rôle d'évaluation foncière),https://donneesouvertes.affmunqc.net/role/RL58033_2026.xml,,,,
"220, Chartres",,Boucherville,,,1189.9,1998,371200,463800,835000,2025,Logement,MAMH — Données Québec (rôle d'évaluation foncière),https://donneesouvertes.affmunqc.net/role/RL58033_2026.xml,,,,
"222, Chartres",,Boucherville,,,669.2,1991,277600,664900,942500,2025,Logement,MAMH — Données Québec (rôle d'évaluation foncière),https://donneesouvertes.affmunqc.net/role/RL58033_2026.xml,,,,
"215, Chartres",,Boucherville,,,622,1993,280500,605700,886200,2025,Logement,MAMH — Données Québec (rôle d'évaluation foncière),https://donneesouvertes.affmunqc.net/role/RL58033_2026.xml,,,,
"224, Chartres",,Boucherville,,,586,1992,257900,573200,831100,2025,Logement,MAMH — Données Québec (rôle d'évaluation foncière),https://donneesouvertes.affmunqc.net/role/RL58033_2026.xml,,,,
"213, Chartres",,Boucherville,,,457.5,1991,228800,339600,568400,2025,Logement,MAMH — Données Québec (rôle d'évaluation foncière),https://donneesouvertes.affmunqc.net/role/RL58033_2026.xml,,,,
"228, Chartres",,Boucherville,,,586,1991,257900,575300,833200,2025,Logement,MAMH — Données Québec (rôle d'évaluation foncière),https://donneesouvertes.affmunqc.net/role/RL58033_2026.xml,,,,
"231, Angoulême",,Boucherville,,,667.4,1998,291900,538300,830200,2025,Logement,MAMH — Données Québec (rôle d'évaluation foncière),https://donneesouvertes.affmunqc.net/role/RL58033_2026.xml,,,,
"230, Chartres",,Boucherville,,,586,1991,257900,518900,776800,2025,Logement,MAMH — Données Québec (rôle d'évaluation foncière),https://donneesouvertes.affmunqc.net/role/RL58033_2026.xml,,,,
"233, Angoulême",,Boucherville,,,503.3,1991,250800,383400,634200,2025,Logement,MAMH — Données Québec (rôle d'évaluation foncière),https://donneesouvertes.affmunqc.net/role/RL58033_2026.xml,,,,
"232, Chartres",,Boucherville,,,586,1994,257900,430800,688700,2025,Logement,MAMH — Données Québec (rôle d'évaluation foncière),https://donneesouvertes.affmunqc.net/role/RL58033_2026.xml,,,,
"212, Chartres",,Boucherville,,,503.3,1990,250800,558100,808900,2025,Logement,MAMH — Données Québec (rôle d'évaluation foncière),https://donneesouvertes.affmunqc.net/role/RL58033_2026.xml,,,,
"210, Chartres",,Boucherville,,,503.3,1989,250800,491900,742700,2025,Logement,MAMH — Données Québec (rôle d'évaluation foncière),https://donneesouvertes.affmunqc.net/role/RL58033_2026.xml,,,,
"208, Chartres",,Boucherville,,,503.3,1989,250800,564100,814900,2025,Logement,MAMH — Données Québec (rôle d'évaluation foncière),https://donneesouvertes.affmunqc.net/role/RL58033_2026.xml,,,,
"204, Chartres",,Boucherville,,,503.3,1989,250800,479800,730600,2025,Logement,MAMH — Données Québec (rôle d'évaluation foncière),https://donneesouvertes.affmunqc.net/role/RL58033_2026.xml,,,,
"202, Chartres",,Boucherville,,,503.3,1989,250800,498900,749700,2025,Logement,MAMH — Données Québec (rôle d'évaluation foncière),https://donneesouvertes.affmunqc.net/role/RL58033_2026.xml,,,,
"200, Chartres",,Boucherville,,,503.3,1989,250800,471100,721900,2025,Logement,MAMH — Données Québec (rôle d'évaluation foncière),https://donneesouvertes.affmunqc.net/role/RL58033_2026.xml,,,,
"211, Chartres",,Boucherville,,,503.3,1990,250800,527000,777800,2025,Logement,MAMH — Données Québec (rôle d'évaluation foncière),https://donneesouvertes.affmunqc.net/role/RL58033_2026.xml,,,,
"209, Chartres",,Boucherville,,,457.5,1990,228800,447300,676100,2025,Logement,MAMH — Données Québec (rôle d'évaluation foncière),https://donneesouvertes.affmunqc.net/role/RL58033_2026.xml,,,,
"207, Chartres",,Boucherville,,,503.3,1991,250800,538300,789100,2025,Logement,MAMH — Données Québec (rôle d'évaluation foncière),https://donneesouvertes.affmunqc.net/role/RL58033_2026.xml,,,,
"205, Chartres",,Boucherville,,,457.5,1990,228800,437300,666100,2025,Logement,MAMH — Données Québec (rôle d'évaluation foncière),https://donneesouvertes.affmunqc.net/role/RL58033_2026.xml,,,,
"203, Chartres",,Boucherville,,,503.3,1990,250800,572100,822900,2025,Logement,MAMH — Données Québec (rôle d'évaluation foncière),https://donneesouvertes.affmunqc.net/role/RL58033_2026.xml,,,,
"201, Chartres",,Boucherville,,,692.4,1992,298100,389300,687400,2025,Logement,MAMH — Données Québec (rôle d'évaluation foncière),https://donneesouvertes.affmunqc.net/role/RL58033_2026.xml,,,,
"235, Angoulême",,Boucherville,,,503.3,1991,250800,411900,662700,2025,Logement,MAMH — Données Québec (rôle d'évaluation foncière),https://donneesouvertes.affmunqc.net/role/RL58033_2026.xml,,,,
"237, Angoulême",,Boucherville,,,503.3,1994,250800,477300,728100,2025,Logement,MAMH — Données Québec (rôle d'évaluation foncière),https://donneesouvertes.affmunqc.net/role/RL58033_2026.xml,,,,
"241, Angoulême",,Boucherville,,,503.3,1989,250800,485900,736700,2025,Logement,MAMH — Données Québec (rôle d'évaluation foncière),https://donneesouvertes.affmunqc.net/role/RL58033_2026.xml,,,,
"1274, Saint-malo",,Boucherville,,,640.7,1989,285200,772600,1057800,2025,Logement,MAMH — Données Québec (rôle d'évaluation foncière),https://donneesouvertes.affmunqc.net/role/RL58033_2026.xml,,,,
"1273, Rouen",,Boucherville,,,599.7,1989,274900,707000,981900,2025,Logement,MAMH — Données Québec (rôle d'évaluation foncière),https://donneesouvertes.affmunqc.net/role/RL58033_2026.xml,,,,
"1272, Rouen",,Boucherville,,,746.7,1990,311700,600300,912000,2025,Logement,MAMH — Données Québec (rôle d'évaluation foncière),https://donneesouvertes.affmunqc.net/role/RL58033_2026.xml,,,,
"1278, Saint-malo",,Boucherville,,,731.3,1989,307800,492600,800400,2025,Logement,MAMH — Données Québec (rôle d'évaluation foncière),https://donneesouvertes.affmunqc.net/role/RL58033_2026.xml,,,,
"1275, Rouen",,Boucherville,,,661.9,1992,290500,818400,1108900,2025,Logement,MAMH — Données Québec (rôle d'évaluation foncière),https://donneesouvertes.affmunqc.net/role/RL58033_2026.xml,,,,
"1274, Rouen",,Boucherville,,,864.4,1989,341100,701500,1042600,2025,Logement,MAMH — Données Québec (rôle d'évaluation foncière),https://donneesouvertes.affmunqc.net/role/RL58033_2026.xml,,,,
"1281, Rouen",,Boucherville,,,827.1,1992,331800,676700,1008500,2025,Logement,MAMH — Données Québec (rôle d'évaluation foncière),https://donneesouvertes.affmunqc.net/role/RL58033_2026.xml,,,,
"1278, Rouen",,Boucherville,,,660.8,1990,290200,500200,790400,2025,Logement,MAMH — Données Québec (rôle d'évaluation foncière),https://donneesouvertes.affmunqc.net/role/RL58033_2026.xml,,,,
"1285, Saint-malo",,Boucherville,,,1021.7,1993,376600,957400,1334000,2025,Logement,MAMH — Données Québec (rôle d'évaluation foncière),https://donneesouvertes.affmunqc.net/role/RL58033_2026.xml,,,,
"1283, Rouen",,Boucherville,,,749.3,1997,312300,636300,948600,2025,Logement,MAMH — Données Québec (rôle d'évaluation foncière),https://donneesouvertes.affmunqc.net/role/RL58033_2026.xml,,,,
"1280, Rouen",,Boucherville,,,609.7,1990,277400,476200,753600,2025,Logement,MAMH — Données Québec (rôle d'évaluation foncière),https://donneesouvertes.affmunqc.net/role/RL58033_2026.xml,,,,
"1271, Saint-malo",,Boucherville,,,564.3,1989,266100,453900,720000,2025,Logement,MAMH — Données Québec (rôle d'évaluation foncière),https://donneesouvertes.affmunqc.net/role/RL58033_2026.xml,,,,
"1273, Saint-malo",,Boucherville,,,564.3,1989,266100,774700,1040800,2025,Logement,MAMH — Données Québec (rôle d'évaluation foncière),https://donneesouvertes.affmunqc.net/role/RL58033_2026.xml,,,,
"1275, Saint-malo",,Boucherville,,,564.3,1989,266100,465000,731100,2025,Logement,MAMH — Données Québec (rôle d'évaluation foncière),https://donneesouvertes.affmunqc.net/role/RL58033_2026.xml,,,,
"1279, Saint-malo",,Boucherville,,,638.8,1989,284700,706500,991200,2025,Logement,MAMH — Données Québec (rôle d'évaluation foncière),https://donneesouvertes.affmunqc.net/role/RL58033_2026.xml,,,,
"1274, Lisieux",,Boucherville,,,646,2003,286500,718800,1005300,2025,Logement,MAMH — Données Québec (rôle d'évaluation foncière),https://donneesouvertes.affmunqc.net/role/RL58033_2026.xml,,,,
"1281, Saint-malo",,Boucherville,,,707.4,1991,301900,813000,1114900,2025,Logement,MAMH — Données Québec (rôle d'évaluation foncière),https://donneesouvertes.affmunqc.net/role/RL58033_2026.xml,,,,
"1283, Saint-malo",,Boucherville,,,918.5,1992,354600,865400,1220000,2025,Logement,MAMH — Données Québec (rôle d'évaluation foncière),https://donneesouvertes.affmunqc.net/role/RL58033_2026.xml,,,,
"1276, Lisieux",,Boucherville,,,646,2003,286500,1000000,1286500,2025,Logement,MAMH — Données Québec (rôle d'évaluation foncière),https://donneesouvertes.affmunqc.net/role/RL58033_2026.xml,,,,
"1280, Lisieux",,Boucherville,,,646,2001,286500,856000,1142500,2025,Logement,MAMH — Données Québec (rôle d'évaluation foncière),https://donneesouvertes.affmunqc.net/role/RL58033_2026.xml,,,,
"1282, Lisieux",,Boucherville,,,646,2001,286500,1007000,1293500,2025,Logement,MAMH — Données Québec (rôle d'évaluation foncière),https://donneesouvertes.affmunqc.net/role/RL58033_2026.xml,,,,
"1260, Lisieux",,Boucherville,,,590.7,2002,272700,623000,895700,2025,Logement,MAMH — Données Québec (rôle d'évaluation foncière),https://donneesouvertes.affmunqc.net/role/RL58033_2026.xml,,,,
"1262, Lisieux",,Boucherville,,,627.8,2003,282000,986400,1268400,2025,Logement,MAMH — Données Québec (rôle d'évaluation foncière),https://donneesouvertes.affmunqc.net/role/RL58033_2026.xml,,,,
"1266, Lisieux",,Boucherville,,,646,2002,286500,685700,972200,2025,Logement,MAMH — Données Québec (rôle d'évaluation foncière),https://donneesouvertes.affmunqc.net/role/RL58033_2026.xml,,,,
"1261, Lisieux",,Boucherville,,,694.6,2003,298700,908600,1207300,2025,Logement,MAMH — Données Québec (rôle d'évaluation foncière),https://donneesouvertes.affmunqc.net/role/RL58033_2026.xml,,,,
"1270, Lisieux",,Boucherville,,,646,2002,286500,698600,985100,2025,Logement,MAMH — Données Québec (rôle d'évaluation foncière),https://donneesouvertes.affmunqc.net/role/RL58033_2026.xml,,,,
"1255, Lisieux",,Boucherville,,,764,2002,316000,966500,1282500,2025,Logement,MAMH — Données Québec (rôle d'évaluation foncière),https://donneesouvertes.affmunqc.net/role/RL58033_2026.xml,,,,
"1282, Honfleur",,Boucherville,,,697,2001,299300,684600,983900,2025,Logement,MAMH — Données Québec (rôle d'évaluation foncière),https://donneesouvertes.affmunqc.net/role/RL58033_2026.xml,,,,
"1274, Honfleur",,Boucherville,,,636.6,2003,284200,764700,1048900,2025,Logement,MAMH — Données Québec (rôle d'évaluation foncière),https://donneesouvertes.affmunqc.net/role/RL58033_2026.xml,,,,
"1266, Honfleur",,Boucherville,,,590.2,2004,272600,807300,1079900,2025,Logement,MAMH — Données Québec (rôle d'évaluation foncière),https://donneesouvertes.affmunqc.net/role/RL58033_2026.xml,,,,
"1275, Lisieux",,Boucherville,,,650.1,2002,287500,970100,1257600,2025,Logement,MAMH — Données Québec (rôle d'évaluation foncière),https://donneesouvertes.affmunqc.net/role/RL58033_2026.xml,,,,
"1229, Lisieux",,Boucherville,,,977.1,2002,369300,1176500,1545800,2025,Logement,MAMH — Données Québec (rôle d'évaluation foncière),https://donneesouvertes.affmunqc.net/role/RL58033_2026.xml,,,,
"1235, Lisieux",,Boucherville,,,701,2001,300300,984000,1284300,2025,Logement,MAMH — Données Québec (rôle d'évaluation foncière),https://donneesouvertes.affmunqc.net/role/RL58033_2026.xml,,,,
"1234, Honfleur",,Boucherville,,,868.4,2002,342100,979900,1322000,2025,Logement,MAMH — Données Québec (rôle d'évaluation foncière),https://donneesouvertes.affmunqc.net/role/RL58033_2026.xml,,,,
"1236, Honfleur",,Boucherville,,,336.9,,84200,,84200,2025,Immeuble commercial,MAMH — Données Québec (rôle d'évaluation foncière),https://donneesouvertes.affmunqc.net/role/RL58033_2026.xml,,,,
"1241, Lisieux",,Boucherville,,,646.6,2003,286700,859200,1145900,2025,Logement,MAMH — Données Québec (rôle d'évaluation foncière),https://donneesouvertes.affmunqc.net/role/RL58033_2026.xml,,,,
"1247, Lisieux",,Boucherville,,,646.6,2004,286700,1021200,1307900,2025,Logement,MAMH — Données Québec (rôle d'évaluation foncière),https://donneesouvertes.affmunqc.net/role/RL58033_2026.xml,,,,
"1238, Honfleur",,Boucherville,,,590.1,2004,272500,791000,1063500,2025,Logement,MAMH — Données Québec (rôle d'évaluation foncière),https://donneesouvertes.affmunqc.net/role/RL58033_2026.xml,,,,
"1242, Honfleur",,Boucherville,,,590.2,2003,272600,745000,1017600,2025,Logement,MAMH — Données Québec (rôle d'évaluation foncière),https://donneesouvertes.affmunqc.net/role/RL58033_2026.xml,,,,
"1246, Honfleur",,Boucherville,,,590.2,2004,272600,739300,1011900,2025,Logement,MAMH — Données Québec (rôle d'évaluation foncière),https://donneesouvertes.affmunqc.net/role/RL58033_2026.xml,,,,
"1258, Honfleur",,Boucherville,,,590.2,2002,272600,715600,988200,2025,Logement,MAMH — Données Québec (rôle d'évaluation foncière),https://donneesouvertes.affmunqc.net/role/RL58033_2026.xml,,,,
"1252, Honfleur",,Boucherville,,,590.2,2002,272600,852600,1125200,2025,Logement,MAMH — Données Québec (rôle d'évaluation foncière),https://donneesouvertes.affmunqc.net/role/RL58033_2026.xml,,,,
"1222, Honfleur",,Boucherville,,,807.4,2002,326900,1008200,1335100,2025,Logement,MAMH — Données Québec (rôle d'évaluation foncière),https://donneesouvertes.affmunqc.net/role/RL58033_2026.xml,,,,
"1215, Honfleur",,Boucherville,,,594.6,2000,273700,609600,883300,2025,Logement,MAMH — Données Québec (rôle d'évaluation foncière),https://donneesouvertes.affmunqc.net/role/RL58033_2026.xml,,,,
"1228, Honfleur",,Boucherville,,,929,2003,357300,1104200,1461500,2025,Logement,MAMH — Données Québec (rôle d'évaluation foncière),https://donneesouvertes.affmunqc.net/role/RL58033_2026.xml,,,,
"1219, Honfleur",,Boucherville,,,594.6,2003,273700,588200,861900,2025,Logement,MAMH — Données Québec (rôle d'évaluation foncière),https://donneesouvertes.affmunqc.net/role/RL58033_2026.xml,,,,
"1223, Honfleur",,Boucherville,,,594.6,2003,273700,656800,930500,2025,Logement,MAMH — Données Québec (rôle d'évaluation foncière),https://donneesouvertes.affmunqc.net/role/RL58033_2026.xml,,,,
"1225, Honfleur",,Boucherville,,,594.6,2002,273700,643700,917400,2025,Logement,MAMH — Données Québec (rôle d'évaluation foncière),https://donneesouvertes.affmunqc.net/role/RL58033_2026.xml,,,,
"1220, Granville",,Boucherville,,,557.4,1997,264400,546500,810900,2025,Logement,MAMH — Données Québec (rôle d'évaluation foncière),https://donneesouvertes.affmunqc.net/role/RL58033_2026.xml,,,,
"1224, Granville",,Boucherville,,,557.4,1999,264400,557000,821400,2025,Logement,MAMH — Données Québec (rôle d'évaluation foncière),https://donneesouvertes.affmunqc.net/role/RL58033_2026.xml,,,,
"1229, Honfleur",,Boucherville,,,594.6,2002,273700,881000,1154700,2025,Logement,MAMH — Données Québec (rôle d'évaluation foncière),https://donneesouvertes.affmunqc.net/role/RL58033_2026.xml,,,,
"1228, Granville",,Boucherville,,,557.4,1998,264400,503600,768000,2025,Logement,MAMH — Données Québec (rôle d'évaluation foncière),https://donneesouvertes.affmunqc.net/role/RL58033_2026.xml,,,,
"1231, Honfleur",,Boucherville,,,594.6,2003,273700,872100,1145800,2025,Logement,MAMH — Données Québec (rôle d'évaluation foncière),https://donneesouvertes.affmunqc.net/role/RL58033_2026.xml,,,,
"1232, Granville",,Boucherville,,,557.4,1997,264400,502200,766600,2025,Logement,MAMH — Données Québec (rôle d'évaluation foncière),https://donneesouvertes.affmunqc.net/role/RL58033_2026.xml,,,,
"1213, Honfleur",,Boucherville,,,594.6,2000,273700,670600,944300,2025,Logement,MAMH — Données Québec (rôle d'évaluation foncière),https://donneesouvertes.affmunqc.net/role/RL58033_2026.xml,,,,
"1208, Granville",,Boucherville,,,557.4,1998,264400,544200,808600,2025,Logement,MAMH — Données Québec (rôle d'évaluation foncière),https://donneesouvertes.affmunqc.net/role/RL58033_2026.xml,,,,
"1210, Granville",,Boucherville,,,557.4,1998,264400,498400,762800,2025,Logement,MAMH — Données Québec (rôle d'évaluation foncière),https://donneesouvertes.affmunqc.net/role/RL58033_2026.xml,,,,
"1214, Granville",,Boucherville,,,557.4,2000,264400,590700,855100,2025,Logement,MAMH — Données Québec (rôle d'évaluation foncière),https://donneesouvertes.affmunqc.net/role/RL58033_2026.xml,,,,
"1205, Granville",,Boucherville,,,564.9,1999,266200,543100,809300,2025,Logement,MAMH — Données Québec (rôle d'évaluation foncière),https://donneesouvertes.affmunqc.net/role/RL58033_2026.xml,,,,
"1216, Granville",,Boucherville,,,557.4,1998,264400,614000,878400,2025,Logement,MAMH — Données Québec (rôle d'évaluation foncière),https://donneesouvertes.affmunqc.net/role/RL58033_2026.xml,,,,
"1209, Granville",,Boucherville,,,564.9,1998,266200,523200,789400,2025,Logement,MAMH — Données Québec (rôle d'évaluation foncière),https://donneesouvertes.affmunqc.net/role/RL58033_2026.xml,,,,
"1211, Granville",,Boucherville,,,564.9,1998,266200,685200,951400,2025,Logement,MAMH — Données Québec (rôle d'évaluation foncière),https://donneesouvertes.affmunqc.net/role/RL58033_2026.xml,,,,
"1383, Rouen",,Boucherville,,,564.9,1996,266200,603600,869800,2025,Logement,MAMH — Données Québec (rôle d'évaluation foncière),https://donneesouvertes.affmunqc.net/role/RL58033_2026.xml,,,,
"1215, Granville",,Boucherville,,,564.9,1999,266200,718500,984700,2025,Logement,MAMH — Données Québec (rôle d'évaluation foncière),https://donneesouvertes.affmunqc.net/role/RL58033_2026.xml,,,,
"1381, Rouen",,Boucherville,,,564.9,1994,266200,548200,814400,2025,Logement,MAMH — Données Québec (rôle d'évaluation foncière),https://donneesouvertes.affmunqc.net/role/RL58033_2026.xml,,,,
"1219, Granville",,Boucherville,,,564.9,1999,266200,608600,874800,2025,Logement,MAMH — Données Québec (rôle d'évaluation foncière),https://donneesouvertes.affmunqc.net/role/RL58033_2026.xml,,,,
"1377, Rouen",,Boucherville,,,564.9,1995,266200,473100,739300,2025,Logement,MAMH — Données Québec (rôle d'évaluation foncière),https://donneesouvertes.affmunqc.net/role/RL58033_2026.xml,,,,
"1395, Rouen",,Boucherville,,,564.9,1994,266200,539500,805700,2025,Logement,MAMH — Données Québec (rôle d'évaluation foncière),https://donneesouvertes.affmunqc.net/role/RL58033_2026.xml,,,,
"1199, Granville",,Boucherville,,,564.9,1998,266200,492900,759100,2025,Logement,MAMH — Données Québec (rôle d'évaluation foncière),https://donneesouvertes.affmunqc.net/role/RL58033_2026.xml,,,,
"1393, Rouen",,Boucherville,,,564.9,1994,266200,483600,749800,2025,Logement,MAMH — Données Québec (rôle d'évaluation foncière),https://donneesouvertes.affmunqc.net/role/RL58033_2026.xml,,,,
"1201, Granville",,Boucherville,,,564.9,1998,266200,625400,891600,2025,Logement,MAMH — Données Québec (rôle d'évaluation foncière),https://donneesouvertes.affmunqc.net/role/RL58033_2026.xml,,,,
"1391, Rouen",,Boucherville,,,564.9,1993,266200,543900,810100,2025,Logement,MAMH — Données Québec (rôle d'évaluation foncière),https://donneesouvertes.affmunqc.net/role/RL58033_2026.xml,,,,
"1387, Rouen",,Boucherville,,,564.9,1993,266200,577500,843700,2025,Logement,MAMH — Données Québec (rôle d'évaluation foncière),https://donneesouvertes.affmunqc.net/role/RL58033_2026.xml,,,,
"1394, Rouen",,Boucherville,,,565.8,1995,266500,647900,914400,2025,Logement,MAMH — Données Québec (rôle d'évaluation foncière),https://donneesouvertes.affmunqc.net/role/RL58033_2026.xml,,,,
"1385, Rouen",,Boucherville,,,564.9,1994,266200,589600,855800,2025,Logement,MAMH — Données Québec (rôle d'évaluation foncière),https://donneesouvertes.affmunqc.net/role/RL58033_2026.xml,,,,
"1392, Rouen",,Boucherville,,,565.5,1993,266400,490700,757100,2025,Logement,MAMH — Données Québec (rôle d'évaluation foncière),https://donneesouvertes.affmunqc.net/role/RL58033_2026.xml,,,,
"1390, Rouen",,Boucherville,,,565.2,1994,266300,605300,871600,2025,Logement,MAMH — Données Québec (rôle d'évaluation foncière),https://donneesouvertes.affmunqc.net/role/RL58033_2026.xml,,,,
"1388, Rouen",,Boucherville,,,564.8,1994,266200,517900,784100,2025,Logement,MAMH — Données Québec (rôle d'évaluation foncière),https://donneesouvertes.affmunqc.net/role/RL58033_2026.xml,,,,
"1190, Dieppe",,Boucherville,,,553.7,1992,263400,475500,738900,2025,Logement,MAMH — Données Québec (rôle d'évaluation foncière),https://donneesouvertes.affmunqc.net/role/RL58033_2026.xml,,,,
"366, Normandie",,Boucherville,,,635,1994,308800,515000,823800,2025,Logement,MAMH — Données Québec (rôle d'évaluation foncière),https://donneesouvertes.affmunqc.net/role/RL58033_2026.xml,,,,
"1402, Rouen",,Boucherville,,,566.3,1993,266600,488100,754700,2025,Logement,MAMH — Données Québec (rôle d'évaluation foncière),https://donneesouvertes.affmunqc.net/role/RL58033_2026.xml,,,,
"1400, Rouen",,Boucherville,,,566.4,1993,266600,486900,753500,2025,Logement,MAMH — Données Québec (rôle d'évaluation foncière),https://donneesouvertes.affmunqc.net/role/RL58033_2026.xml,,,,
"1178, Dieppe",,Boucherville,,,1134.6,1992,385000,464000,849000,2025,Logement,MAMH — Données Québec (rôle d'évaluation foncière),https://donneesouvertes.affmunqc.net/role/RL58033_2026.xml,,,,
"1398, Rouen",,Boucherville,,,565.4,1994,266400,786400,1052800,2025,Logement,MAMH — Données Québec (rôle d'évaluation foncière),https://donneesouvertes.affmunqc.net/role/RL58033_2026.xml,,,,
"1176, Dieppe",,Boucherville,,,850.3,1994,337600,771100,1108700,2025,Logement,MAMH — Données Québec (rôle d'évaluation foncière),https://donneesouvertes.affmunqc.net/role/RL58033_2026.xml,,,,
"1180, Dieppe",,Boucherville,,,653.3,1992,288300,460300,748600,2025,Logement,MAMH — Données Québec (rôle d'évaluation foncière),https://donneesouvertes.affmunqc.net/role/RL58033_2026.xml,,,,
"1174, Dieppe",,Boucherville,,,527.6,1992,256900,426400,683300,2025,Logement,MAMH — Données Québec (rôle d'évaluation foncière),https://donneesouvertes.affmunqc.net/role/RL58033_2026.xml,,,,
"1184, Dieppe",,Boucherville,,,552.5,1993,263100,462500,725600,2025,Logement,MAMH — Données Québec (rôle d'évaluation foncière),https://donneesouvertes.affmunqc.net/role/RL58033_2026.xml,,,,
"1186, Dieppe",,Boucherville,,,552.9,1992,263200,516400,779600,2025,Logement,MAMH — Données Québec (rôle d'évaluation foncière),https://donneesouvertes.affmunqc.net/role/RL58033_2026.xml,,,,
"1188, Dieppe",,Boucherville,,,553.3,1993,263300,466100,729400,2025,Logement,MAMH — Données Québec (rôle d'évaluation foncière),https://donneesouvertes.affmunqc.net/role/RL58033_2026.xml,,,,
"1185, Dieppe",,Boucherville,,,617.5,1992,279400,492700,772100,2025,Logement,MAMH — Données Québec (rôle d'évaluation foncière),https://donneesouvertes.affmunqc.net/role/RL58033_2026.xml,,,,
"1187, Dieppe",,Boucherville,,,533.8,1993,258500,481500,740000,2025,Logement,MAMH — Données Québec (rôle d'évaluation foncière),https://donneesouvertes.affmunqc.net/role/RL58033_2026.xml,,,,
"234, Chartres",,Boucherville,,,586,1992,257900,451600,709500,2025,Logement,MAMH — Données Québec (rôle d'évaluation foncière),https://donneesouvertes.affmunqc.net/role/RL58033_2026.xml,,,,
"230, Angoulême",,Boucherville,,,655.7,1997,288900,656500,945400,2025,Logement,MAMH — Données Québec (rôle d'évaluation foncière),https://donneesouvertes.affmunqc.net/role/RL58033_2026.xml,,,,
"234, Angoulême",,Boucherville,,,549,1989,262300,528100,790400,2025,Logement,MAMH — Données Québec (rôle d'évaluation foncière),https://donneesouvertes.affmunqc.net/role/RL58033_2026.xml,,,,
"238, Chartres",,Boucherville,,,586,1993,257900,663900,921800,2025,Logement,MAMH — Données Québec (rôle d'évaluation foncière),https://donneesouvertes.affmunqc.net/role/RL58033_2026.xml,,,,
"240, Chartres",,Boucherville,,,586,1992,257900,348100,606000,2025,Logement,MAMH — Données Québec (rôle d'évaluation foncière),https://donneesouvertes.affmunqc.net/role/RL58033_2026.xml,,,,
"241, Chartres",,Boucherville,,,697.8,1990,299500,511200,810700,2025,Logement,MAMH — Données Québec (rôle d'évaluation foncière),https://donneesouvertes.affmunqc.net/role/RL58033_2026.xml,,,,
"243, Chartres",,Boucherville,,,714.9,1994,303700,596500,900200,2025,Logement,MAMH — Données Québec (rôle d'évaluation foncière),https://donneesouvertes.affmunqc.net/role/RL58033_2026.xml,,,,
"242, Chartres",,Boucherville,,,586,1991,257900,389700,647600,2025,Logement,MAMH — Données Québec (rôle d'évaluation foncière),https://donneesouvertes.affmunqc.net/role/RL58033_2026.xml,,,,
"244, Chartres",,Boucherville,,,586,1997,257900,484300,742200,2025,Logement,MAMH — Données Québec (rôle d'évaluation foncière),https://donneesouvertes.affmunqc.net/role/RL58033_2026.xml,,,,
"248, Chartres",,Boucherville,,,583,2002,257200,555200,812400,2025,Logement,MAMH — Données Québec (rôle d'évaluation foncière),https://donneesouvertes.affmunqc.net/role/RL58033_2026.xml,,,,
"243, Angoulême",,Boucherville,,,503.3,1989,250800,479100,729900,2025,Logement,MAMH — Données Québec (rôle d'évaluation foncière),https://donneesouvertes.affmunqc.net/role/RL58033_2026.xml,,,,
"245, Angoulême",,Boucherville,,,524.3,1991,256100,535400,791500,2025,Logement,MAMH — Données Québec (rôle d'évaluation foncière),https://donneesouvertes.affmunqc.net/role/RL58033_2026.xml,,,,
"247, Angoulême",,Boucherville,,,746.4,1990,311600,583200,894800,2025,Logement,MAMH — Données Québec (rôle d'évaluation foncière),https://donneesouvertes.affmunqc.net/role/RL58033_2026.xml,,,,
"236, Angoulême",,Boucherville,,,549,1993,262300,558000,820300,2025,Logement,MAMH — Données Québec (rôle d'évaluation foncière),https://donneesouvertes.affmunqc.net/role/RL58033_2026.xml,,,,
"240, Angoulême",,Boucherville,,,549,1992,262300,482500,744800,2025,Logement,MAMH — Données Québec (rôle d'évaluation foncière),https://donneesouvertes.affmunqc.net/role/RL58033_2026.xml,,,,
"244, Angoulême",,Boucherville,,,549,1989,262300,715000,977300,2025,Logement,MAMH — Données Québec (rôle d'évaluation foncière),https://donneesouvertes.affmunqc.net/role/RL58033_2026.xml,,,,
"246, Angoulême",,Boucherville,,,602.3,1993,275600,336800,612400,2025,Logement,MAMH — Données Québec (rôle d'évaluation foncière),https://donneesouvertes.affmunqc.net/role/RL58033_2026.xml,,,,
"255, Angoulême",,Boucherville,,,523.3,1991,255800,314500,570300,2025,Logement,MAMH — Données Québec (rôle d'évaluation foncière),https://donneesouvertes.affmunqc.net/role/RL58033_2026.xml,,,,
"258, Angoulême",,Boucherville,,,529.9,1991,257500,438500,696000,2025,Logement,MAMH — Données Québec (rôle d'évaluation foncière),https://donneesouvertes.affmunqc.net/role/RL58033_2026.xml,,,,
"245, Chartres",,Boucherville,,,1128.1,2000,384500,899800,1284300,2025,Logement,MAMH — Données Québec (rôle d'évaluation foncière),https://donneesouvertes.affmunqc.net/role/RL58033_2026.xml,,,,
"257, Angoulême",,Boucherville,,,503.3,1990,250800,588800,839600,2025,Logement,MAMH — Données Québec (rôle d'évaluation foncière),https://donneesouvertes.affmunqc.net/role/RL58033_2026.xml,,,,
"260, Angoulême",,Boucherville,,,579.5,1996,269900,507700,777600,2025,Logement,MAMH — Données Québec (rôle d'évaluation foncière),https://donneesouvertes.affmunqc.net/role/RL58033_2026.xml,,,,
"247, Chartres",,Boucherville,,,370.8,,92700,,92700,2025,Immeuble commercial,MAMH — Données Québec (rôle d'évaluation foncière),https://donneesouvertes.affmunqc.net/role/RL58033_2026.xml,,,,
"1282, Rouen",,Boucherville,,,594.6,1990,273700,498300,772000,2025,Logement,MAMH — Données Québec (rôle d'évaluation foncière),https://donneesouvertes.affmunqc.net/role/RL58033_2026.xml,,,,
"1285, Rouen",,Boucherville,,,719.9,1990,305000,769700,1074700,2025,Logement,MAMH — Données Québec (rôle d'évaluation foncière),https://donneesouvertes.affmunqc.net/role/RL58033_2026.xml,,,,
"1284, Rouen",,Boucherville,,,606.3,1990,276600,742700,1019300,2025,Logement,MAMH — Données Québec (rôle d'évaluation foncière),https://donneesouvertes.affmunqc.net/role/RL58033_2026.xml,,,,
"251, Angoulême",,Boucherville,,,758.6,1994,314700,588500,903200,2025,Logement,MAMH — Données Québec (rôle d'évaluation foncière),https://donneesouvertes.affmunqc.net/role/RL58033_2026.xml,,,,
"1288, Rouen",,Boucherville,,,608.5,1989,277100,436500,713600,2025,Logement,MAMH — Données Québec (rôle d'évaluation foncière),https://donneesouvertes.affmunqc.net/role/RL58033_2026.xml,,,,
"253, Angoulême",,Boucherville,,,681.5,1992,295400,555300,850700,2025,Logement,MAMH — Données Québec (rôle d'évaluation foncière),https://donneesouvertes.affmunqc.net/role/RL58033_2026.xml,,,,
"1290, Rouen",,Boucherville,,,571.2,1989,267800,521100,788900,2025,Logement,MAMH — Données Québec (rôle d'évaluation foncière),https://donneesouvertes.affmunqc.net/role/RL58033_2026.xml,,,,
"1292, Rouen",,Boucherville,,,617.5,1989,279400,536100,815500,2025,Logement,MAMH — Données Québec (rôle d'évaluation foncière),https://donneesouvertes.affmunqc.net/role/RL58033_2026.xml,,,,
"254, Épinal",,Boucherville,,,1213.6,1999,390800,632900,1023700,2025,Logement,MAMH — Données Québec (rôle d'évaluation foncière),https://donneesouvertes.affmunqc.net/role/RL58033_2026.xml,,,,
"256, Épinal",,Boucherville,,,765.8,1994,316500,1003500,1320000,2025,Logement,MAMH — Données Québec (rôle d'évaluation foncière),https://donneesouvertes.affmunqc.net/role/RL58033_2026.xml,,,,
"1284, Lisieux",,Boucherville,,,646,2001,286500,714400,1000900,2025,Logement,MAMH — Données Québec (rôle d'évaluation foncière),https://donneesouvertes.affmunqc.net/role/RL58033_2026.xml,,,,
"1288, Lisieux",,Boucherville,,,656.6,2002,289200,667100,956300,2025,Logement,MAMH — Données Québec (rôle d'évaluation foncière),https://donneesouvertes.affmunqc.net/role/RL58033_2026.xml,,,,
"1281, Lisieux",,Boucherville,,,604.3,2002,276100,857900,1134000,2025,Logement,MAMH — Données Québec (rôle d'évaluation foncière),https://donneesouvertes.affmunqc.net/role/RL58033_2026.xml,,,,
"1290, Lisieux",,Boucherville,,,720.5,1997,305100,499100,804200,2025,Logement,MAMH — Données Québec (rôle d'évaluation foncière),https://donneesouvertes.affmunqc.net/role/RL58033_2026.xml,,,,
"1305, Granville",,Boucherville,,,623.6,2002,280900,658400,939300,2025,Logement,MAMH — Données Québec (rôle d'évaluation foncière),https://donneesouvertes.affmunqc.net/role/RL58033_2026.xml,,,,
"1301, Granville",,Boucherville,,,727.8,2000,307000,1132100,1439100,2025,Logement,MAMH — Données Québec (rôle d'évaluation foncière),https://donneesouvertes.affmunqc.net/role/RL58033_2026.xml,,,,
"1305, Rouen",,Boucherville,,,723.6,1997,305900,824100,1130000,2025,Logement,MAMH — Données Québec (rôle d'évaluation foncière),https://donneesouvertes.affmunqc.net/role/RL58033_2026.xml,,,,
"1297, Granville",,Boucherville,,,727.4,2003,306900,895700,1202600,2025,Logement,MAMH — Données Québec (rôle d'évaluation foncière),https://donneesouvertes.affmunqc.net/role/RL58033_2026.xml,,,,
"1309, Rouen",,Boucherville,,,561.3,1998,265300,543100,808400,2025,Logement,MAMH — Données Québec (rôle d'évaluation foncière),https://donneesouvertes.affmunqc.net/role/RL58033_2026.xml,,,,
"1311, Rouen",,Boucherville,,,551.6,1997,262900,541800,804700,2025,Logement,MAMH — Données Québec (rôle d'évaluation foncière),https://donneesouvertes.affmunqc.net/role/RL58033_2026.xml,,,,
"1279, Lisieux",,Boucherville,,,557.4,2001,264400,546200,810600,2025,Logement,MAMH — Données Québec (rôle d'évaluation foncière),https://donneesouvertes.affmunqc.net/role/RL58033_2026.xml,,,,
"1283, Honfleur",,Boucherville,,,651.9,2005,288000,989100,1277100,2025,Logement,MAMH — Données Québec (rôle d'évaluation foncière),https://donneesouvertes.affmunqc.net/role/RL58033_2026.xml,,,,
"1277, Honfleur",,Boucherville,,,594.9,2006,273700,899200,1172900,2025,Logement,MAMH — Données Québec (rôle d'évaluation foncière),https://donneesouvertes.affmunqc.net/role/RL58033_2026.xml,,,,
"1271, Honfleur",,Boucherville,,,594.9,2005,273700,910800,1184500,2025,Logement,MAMH — Données Québec (rôle d'évaluation foncière),https://donneesouvertes.affmunqc.net/role/RL58033_2026.xml,,,,
"1265, Honfleur",,Boucherville,,,594.9,2003,273700,923100,1196800,2025,Logement,MAMH — Données Québec (rôle d'évaluation foncière),https://donneesouvertes.affmunqc.net/role/RL58033_2026.xml,,,,
"1296, Granville",,Boucherville,,,851.9,2004,338000,787000,1125000,2025,Logement,MAMH — Données Québec (rôle d'évaluation foncière),https://donneesouvertes.affmunqc.net/role/RL58033_2026.xml,,,,
"1286, Granville",,Boucherville,,,843.6,2001,335900,1093400,1429300,2025,Logement,MAMH — Données Québec (rôle d'évaluation foncière),https://donneesouvertes.affmunqc.net/role/RL58033_2026.xml,,,,
"1280, Granville",,Boucherville,,,562.3,2002,265600,875500,1141100,2025,Logement,MAMH — Données Québec (rôle d'évaluation foncière),https://donneesouvertes.affmunqc.net/role/RL58033_2026.xml,,,,
"1276, Granville",,Boucherville,,,562.3,2002,265600,970600,1236200,2025,Logement,MAMH — Données Québec (rôle d'évaluation foncière),https://donneesouvertes.affmunqc.net/role/RL58033_2026.xml,,,,
"1270, Granville",,Boucherville,,,562.3,2001,265600,780400,1046000,2025,Logement,MAMH — Données Québec (rôle d'évaluation foncière),https://donneesouvertes.affmunqc.net/role/RL58033_2026.xml,,,,
"1293, Granville",,Boucherville,,,738,2001,309500,787100,1096600,2025,Logement,MAMH — Données Québec (rôle d'évaluation foncière),https://donneesouvertes.affmunqc.net/role/RL58033_2026.xml,,,,
"1289, Granville",,Boucherville,,,560.8,2001,265200,840200,1105400,2025,Logement,MAMH — Données Québec (rôle d'évaluation foncière),https://donneesouvertes.affmunqc.net/role/RL58033_2026.xml,,,,
"1239, Honfleur",,Boucherville,,,594.9,2002,273700,770200,1043900,2025,Logement,MAMH — Données Québec (rôle d'évaluation foncière),https://donneesouvertes.affmunqc.net/role/RL58033_2026.xml,,,,
"1243, Honfleur",,Boucherville,,,594.9,2003,273700,981100,1254800,2025,Logement,MAMH — Données Québec (rôle d'évaluation foncière),https://donneesouvertes.affmunqc.net/role/RL58033_2026.xml,,,,
"1249, Honfleur",,Boucherville,,,594.9,2002,273700,552000,825700,2025,Logement,MAMH — Données Québec (rôle d'évaluation foncière),https://donneesouvertes.affmunqc.net/role/RL58033_2026.xml,,,,
"1253, Honfleur",,Boucherville,,,594.9,2003,273700,817800,1091500,2025,Logement,MAMH — Données Québec (rôle d'évaluation foncière),https://donneesouvertes.affmunqc.net/role/RL58033_2026.xml,,,,
"1259, Honfleur",,Boucherville,,,594.9,2002,273700,947700,1221400,2025,Logement,MAMH — Données Québec (rôle d'évaluation foncière),https://donneesouvertes.affmunqc.net/role/RL58033_2026.xml,,,,
"1246, Granville",,Boucherville,,,574.6,1998,268700,654800,923500,2025,Logement,MAMH — Données Québec (rôle d'évaluation foncière),https://donneesouvertes.affmunqc.net/role/RL58033_2026.xml,,,,
"1250, Granville",,Boucherville,,,574.6,2000,268700,694600,963300,2025,Logement,MAMH — Données Québec (rôle d'évaluation foncière),https://donneesouvertes.affmunqc.net/role/RL58033_2026.xml,,,,
"1254, Granville",,Boucherville,,,574.6,2000,268700,980000,1248700,2025,Logement,MAMH — Données Québec (rôle d'évaluation foncière),https://donneesouvertes.affmunqc.net/role/RL58033_2026.xml,,,,
"1260, Granville",,Boucherville,,,562.3,2000,265600,640900,906500,2025,Logement,MAMH — Données Québec (rôle d'évaluation foncière),https://donneesouvertes.affmunqc.net/role/RL58033_2026.xml,,,,
"1266, Granville",,Boucherville,,,562.3,2001,265600,680100,945700,2025,Logement,MAMH — Données Québec (rôle d'évaluation foncière),https://donneesouvertes.affmunqc.net/role/RL58033_2026.xml,,,,
"1251, Granville",,Boucherville,,,632.7,2002,283200,1000400,1283600,2025,Logement,MAMH — Données Québec (rôle d'évaluation foncière),https://donneesouvertes.affmunqc.net/role/RL58033_2026.xml,,,,
"1255, Granville",,Boucherville,,,560.8,2001,265200,905700,1170900,2025,Logement,MAMH — Données Québec (rôle d'évaluation foncière),https://donneesouvertes.affmunqc.net/role/RL58033_2026.xml,,,,
"1235, Honfleur",,Boucherville,,,612.1,2002,278000,547500,825500,2025,Logement,MAMH — Données Québec (rôle d'évaluation foncière),https://donneesouvertes.affmunqc.net/role/RL58033_2026.xml,,,,
"1233, Honfleur",,Boucherville,,,371.6,,92900,,92900,2025,Immeuble commercial,MAMH — Données Québec (rôle d'évaluation foncière),https://donneesouvertes.affmunqc.net/role/RL58033_2026.xml,,,,
"1234, Granville",,Boucherville,,,557.4,1998,264400,654000,918400,2025,Logement,MAMH — Données Québec (rôle d'évaluation foncière),https://donneesouvertes.affmunqc.net/role/RL58033_2026.xml,,,,
"1238, Granville",,Boucherville,,,636.3,1999,284100,652400,936500,2025,Logement,MAMH — Données Québec (rôle d'évaluation foncière),https://donneesouvertes.affmunqc.net/role/RL58033_2026.xml,,,,
"1229, Granville",,Boucherville,,,564.9,1998,266200,619300,885500,2025,Logement,MAMH — Données Québec (rôle d'évaluation foncière),https://donneesouvertes.affmunqc.net/role/RL58033_2026.xml,,,,
"1240, Granville",,Boucherville,,,574.6,1998,268700,641900,910600,2025,Logement,MAMH — Données Québec (rôle d'évaluation foncière),https://donneesouvertes.affmunqc.net/role/RL58033_2026.xml,,,,
"1231, Granville",,Boucherville,,,633.8,1999,283500,594800,878300,2025,Logement,MAMH — Données Québec (rôle d'évaluation foncière),https://donneesouvertes.affmunqc.net/role/RL58033_2026.xml,,,,
"341, Falaise",,Boucherville,,,612.7,1998,278200,633300,911500,2025,Logement,MAMH — Données Québec (rôle d'évaluation foncière),https://donneesouvertes.affmunqc.net/role/RL58033_2026.xml,,,,
"1365, Rouen",,Boucherville,,,633.8,1994,283500,587600,871100,2025,Logement,MAMH — Données Québec (rôle d'évaluation foncière),https://donneesouvertes.affmunqc.net/role/RL58033_2026.xml,,,,
"345, Falaise",,Boucherville,,,605.3,1997,276300,895200,1171500,2025,Logement,MAMH — Données Québec (rôle d'évaluation foncière),https://donneesouvertes.affmunqc.net/role/RL58033_2026.xml,,,,
"340, Falaise",,Boucherville,,,602.8,1998,275700,670000,945700,2025,Logement,MAMH — Données Québec (rôle d'évaluation foncière),https://donneesouvertes.affmunqc.net/role/RL58033_2026.xml,,,,
"1361, Rouen",,Boucherville,,,665.7,1995,291400,702600,994000,2025,Logement,MAMH — Données Québec (rôle d'évaluation foncière),https://donneesouvertes.affmunqc.net/role/RL58033_2026.xml,,,,
"344, Falaise",,Boucherville,,,565.1,1998,266300,648100,914400,2025,Logement,MAMH — Données Québec (rôle d'évaluation foncière),https://donneesouvertes.affmunqc.net/role/RL58033_2026.xml,,,,
"1221, Granville",,Boucherville,,,564.9,1998,266200,520500,786700,2025,Logement,MAMH — Données Québec (rôle d'évaluation foncière),https://donneesouvertes.affmunqc.net/role/RL58033_2026.xml,,,,
"1375, Rouen",,Boucherville,,,564.9,1994,266200,850800,1117000,2025,Logement,MAMH — Données Québec (rôle d'évaluation foncière),https://donneesouvertes.affmunqc.net/role/RL58033_2026.xml,,,,
"1225, Granville",,Boucherville,,,564.9,1999,266200,917300,1183500,2025,Logement,MAMH — Données Québec (rôle d'évaluation foncière),https://donneesouvertes.affmunqc.net/role/RL58033_2026.xml,,,,
"1373, Rouen",,Boucherville,,,564.9,1995,266200,713700,979900,2025,Logement,MAMH — Données Québec (rôle d'évaluation foncière),https://donneesouvertes.affmunqc.net/role/RL58033_2026.xml,,,,
"1371, Rouen",,Boucherville,,,564.9,1995,266200,678000,944200,2025,Logement,MAMH — Données Québec (rôle d'évaluation foncière),https://donneesouvertes.affmunqc.net/role/RL58033_2026.xml,,,,
"1378, Rouen",,Boucherville,,,563.6,1994,265900,525700,791600,2025,Logement,MAMH — Données Québec (rôle d'évaluation foncière),https://donneesouvertes.affmunqc.net/role/RL58033_2026.xml,,,,
"1367, Rouen",,Boucherville,,,564.9,1994,266200,947100,1213300,2025,Logement,MAMH — Données Québec (rôle d'évaluation foncière),https://donneesouvertes.affmunqc.net/role/RL58033_2026.xml,,,,
"1374, Rouen",,Boucherville,,,563.3,1994,265800,508400,774200,2025,Logement,MAMH — Données Québec (rôle d'évaluation foncière),https://donneesouvertes.affmunqc.net/role/RL58033_2026.xml,,,,
"1372, Rouen",,Boucherville,,,563,1994,265800,719300,985100,2025,Logement,MAMH — Données Québec (rôle d'évaluation foncière),https://donneesouvertes.affmunqc.net/role/RL58033_2026.xml,,,,
"1370, Rouen",,Boucherville,,,562.6,1993,265700,801200,1066900,2025,Logement,MAMH — Données Québec (rôle d'évaluation foncière),https://donneesouvertes.affmunqc.net/role/RL58033_2026.xml,,,,
"1208, Dieppe",,Boucherville,,,556.5,1997,264100,450700,714800,2025,Logement,MAMH — Données Québec (rôle d'évaluation foncière),https://donneesouvertes.affmunqc.net/role/RL58033_2026.xml,,,,
"1210, Dieppe",,Boucherville,,,556.9,1997,264200,471800,736000,2025,Logement,MAMH — Données Québec (rôle d'évaluation foncière),https://donneesouvertes.affmunqc.net/role/RL58033_2026.xml,,,,
"1368, Rouen",,Boucherville,,,645.3,1993,286300,747800,1034100,2025,Logement,MAMH — Données Québec (rôle d'évaluation foncière),https://donneesouvertes.affmunqc.net/role/RL58033_2026.xml,,,,
"1212, Dieppe",,Boucherville,,,557.3,1997,264300,477900,742200,2025,Logement,MAMH — Données Québec (rôle d'évaluation foncière),https://donneesouvertes.affmunqc.net/role/RL58033_2026.xml,,,,
"1384, Rouen",,Boucherville,,,564.6,1997,266200,610600,876800,2025,Logement,MAMH — Données Québec (rôle d'évaluation foncière),https://donneesouvertes.affmunqc.net/role/RL58033_2026.xml,,,,
"1194, Dieppe",,Boucherville,,,554.1,1992,263500,490600,754100,2025,Logement,MAMH — Données Québec (rôle d'évaluation foncière),https://donneesouvertes.affmunqc.net/role/RL58033_2026.xml,,,,
"1382, Rouen",,Boucherville,,,564.2,1996,266100,572800,838900,2025,Logement,MAMH — Données Québec (rôle d'évaluation foncière),https://donneesouvertes.affmunqc.net/role/RL58033_2026.xml,,,,
"1196, Dieppe",,Boucherville,,,554.5,1992,263600,509700,773300,2025,Logement,MAMH — Données Québec (rôle d'évaluation foncière),https://donneesouvertes.affmunqc.net/role/RL58033_2026.xml,,,,
"1380, Rouen",,Boucherville,,,563.9,1997,266000,440700,706700,2025,Logement,MAMH — Données Québec (rôle d'évaluation foncière),https://donneesouvertes.affmunqc.net/role/RL58033_2026.xml,,,,
"1198, Dieppe",,Boucherville,,,554.9,1992,263700,359500,623200,2025,Logement,MAMH — Données Québec (rôle d'évaluation foncière),https://donneesouvertes.affmunqc.net/role/RL58033_2026.xml,,,,
"1200, Dieppe",,Boucherville,,,555.3,1993,263800,557000,820800,2025,Logement,MAMH — Données Québec (rôle d'évaluation foncière),https://donneesouvertes.affmunqc.net/role/RL58033_2026.xml,,,,
"1204, Dieppe",,Boucherville,,,555.7,1993,263900,511300,775200,2025,Logement,MAMH — Données Québec (rôle d'évaluation foncière),https://donneesouvertes.affmunqc.net/role/RL58033_2026.xml,,,,
"1199, Dieppe",,Boucherville,,,533.8,1997,258500,449000,707500,2025,Logement,MAMH — Données Québec (rôle d'évaluation foncière),https://donneesouvertes.affmunqc.net/role/RL58033_2026.xml,,,,
"1206, Dieppe",,Boucherville,,,556.1,1992,264000,560400,824400,2025,Logement,MAMH — Données Québec (rôle d'évaluation foncière),https://donneesouvertes.affmunqc.net/role/RL58033_2026.xml,,,,
"1201, Dieppe",,Boucherville,,,533.8,1997,258500,529300,787800,2025,Logement,MAMH — Données Québec (rôle d'évaluation foncière),https://donneesouvertes.affmunqc.net/role/RL58033_2026.xml,,,,
"1205, Dieppe",,Boucherville,,,533.8,1994,258500,513400,771900,2025,Logement,MAMH — Données Québec (rôle d'évaluation foncière),https://donneesouvertes.affmunqc.net/role/RL58033_2026.xml,,,,
"1200, Rossignols",,Boucherville,,,533.7,1993,258400,457400,715800,2025,Logement,MAMH — Données Québec (rôle d'évaluation foncière),https://donneesouvertes.affmunqc.net/role/RL58033_2026.xml,,,,
"1207, Dieppe",,Boucherville,,,533.8,1993,258500,436300,694800,2025,Logement,MAMH — Données Québec (rôle d'évaluation foncière),https://donneesouvertes.affmunqc.net/role/RL58033_2026.xml,,,,
"1184, Rossignols",,Boucherville,,,617.5,1997,279400,523900,803300,2025,Logement,MAMH — Données Québec (rôle d'évaluation foncière),https://donneesouvertes.affmunqc.net/role/RL58033_2026.xml,,,,
"1189, Dieppe",,Boucherville,,,533.8,1992,258500,373200,631700,2025,Logement,MAMH — Données Québec (rôle d'évaluation foncière),https://donneesouvertes.affmunqc.net/role/RL58033_2026.xml,,,,
"1186, Rossignols",,Boucherville,,,533.7,1993,258400,500700,759100,2025,Logement,MAMH — Données Québec (rôle d'évaluation foncière),https://donneesouvertes.affmunqc.net/role/RL58033_2026.xml,,,,
"1191, Dieppe",,Boucherville,,,533.8,1993,258500,566300,824800,2025,Logement,MAMH — Données Québec (rôle d'évaluation foncière),https://donneesouvertes.affmunqc.net/role/RL58033_2026.xml,,,,
"1188, Rossignols",,Boucherville,,,533.7,1993,258400,494400,752800,2025,Logement,MAMH — Données Québec (rôle d'évaluation foncière),https://donneesouvertes.affmunqc.net/role/RL58033_2026.xml,,,,
"1195, Dieppe",,Boucherville,,,533.8,1998,258500,376500,635000,2025,Logement,MAMH — Données Québec (rôle d'évaluation foncière),https://donneesouvertes.affmunqc.net/role/RL58033_2026.xml,,,,
"1190, Rossignols",,Boucherville,,,533.7,1996,258400,443300,701700,2025,Logement,MAMH — Données Québec (rôle d'évaluation foncière),https://donneesouvertes.affmunqc.net/role/RL58033_2026.xml,,,,
"1197, Dieppe",,Boucherville,,,533.8,1993,258500,393900,652400,2025,Logement,MAMH — Données Québec (rôle d'évaluation foncière),https://donneesouvertes.affmunqc.net/role/RL58033_2026.xml,,,,
"1194, Rossignols",,Boucherville,,,533.7,1992,258400,457900,716300,2025,Logement,MAMH — Données Québec (rôle d'évaluation foncière),https://donneesouvertes.affmunqc.net/role/RL58033_2026.xml,,,,
"1196, Rossignols",,Boucherville,,,533.7,1992,258400,509300,767700,2025,Logement,MAMH — Données Québec (rôle d'évaluation foncière),https://donneesouvertes.affmunqc.net/role/RL58033_2026.xml,,,,
"1189, Rossignols",,Boucherville,,,660,1997,290000,504700,794700,2025,Logement,MAMH — Données Québec (rôle d'évaluation foncière),https://donneesouvertes.affmunqc.net/role/RL58033_2026.xml,,,,
"1198, Rossignols",,Boucherville,,,533.7,1992,258400,589500,847900,2025,Logement,MAMH — Données Québec (rôle d'évaluation foncière),https://donneesouvertes.affmunqc.net/role/RL58033_2026.xml,,,,
"1191, Rossignols",,Boucherville,,,660,1997,290000,380000,670000,2025,Logement,MAMH — Données Québec (rôle d'évaluation foncière),https://donneesouvertes.affmunqc.net/role/RL58033_2026.xml,,,,
"1195, Rossignols",,Boucherville,,,660,1992,290000,466200,756200,2025,Logement,MAMH — Données Québec (rôle d'évaluation foncière),https://donneesouvertes.affmunqc.net/role/RL58033_2026.xml,,,,
"250, Chartres",,Boucherville,,,595,1998,260000,578000,838000,2025,Logement,MAMH — Données Québec (rôle d'évaluation foncière),https://donneesouvertes.affmunqc.net/role/RL58033_2026.xml,,,,
"252, Chartres",,Boucherville,,,595,1994,260000,460300,720300,2025,Logement,MAMH — Données Québec (rôle d'évaluation foncière),https://donneesouvertes.affmunqc.net/role/RL58033_2026.xml,,,,
"254, Chartres",,Boucherville,,,595,1991,260000,460800,720800,2025,Logement,MAMH — Données Québec (rôle d'évaluation foncière),https://donneesouvertes.affmunqc.net/role/RL58033_2026.xml,,,,
"255, Chartres",,Boucherville,,,866.4,1991,341600,667600,1009200,2025,Logement,MAMH — Données Québec (rôle d'évaluation foncière),https://donneesouvertes.affmunqc.net/role/RL58033_2026.xml,,,,
"258, Chartres",,Boucherville,,,595,2002,260000,644000,904000,2025,Logement,MAMH — Données Québec (rôle d'évaluation foncière),https://donneesouvertes.affmunqc.net/role/RL58033_2026.xml,,,,
"280, Angoulême",,Boucherville,,,533.8,1990,258500,449500,708000,2025,Logement,MAMH — Données Québec (rôle d'évaluation foncière),https://donneesouvertes.affmunqc.net/role/RL58033_2026.xml,,,,
"260, Chartres",,Boucherville,,,618.2,2004,265500,689500,955000,2025,Logement,MAMH — Données Québec (rôle d'évaluation foncière),https://donneesouvertes.affmunqc.net/role/RL58033_2026.xml,,,,
"284, Angoulême",,Boucherville,,,630.2,2000,282600,608200,890800,2025,Logement,MAMH — Données Québec (rôle d'évaluation foncière),https://donneesouvertes.affmunqc.net/role/RL58033_2026.xml,,,,
"261, Angoulême",,Boucherville,,,564.3,1993,266100,476000,742100,2025,Logement,MAMH — Données Québec (rôle d'évaluation foncière),https://donneesouvertes.affmunqc.net/role/RL58033_2026.xml,,,,
"249, Chartres",,Boucherville,,,684.5,1991,296100,593700,889800,2025,Logement,MAMH — Données Québec (rôle d'évaluation foncière),https://donneesouvertes.affmunqc.net/role/RL58033_2026.xml,,,,
"264, Angoulême",,Boucherville,,,640.5,1993,285100,395200,680300,2025,Logement,MAMH — Données Québec (rôle d'évaluation foncière),https://donneesouvertes.affmunqc.net/role/RL58033_2026.xml,,,,
"265, Angoulême",,Boucherville,,,564.3,1997,266100,645800,911900,2025,Logement,MAMH — Données Québec (rôle d'évaluation foncière),https://donneesouvertes.affmunqc.net/role/RL58033_2026.xml,,,,
"251, Chartres",,Boucherville,,,820.3,1994,330100,575600,905700,2025,Logement,MAMH — Données Québec (rôle d'évaluation foncière),https://donneesouvertes.affmunqc.net/role/RL58033_2026.xml,,,,
"268, Angoulême",,Boucherville,,,606,1988,276500,442900,719400,2025,Logement,MAMH — Données Québec (rôle d'évaluation foncière),https://donneesouvertes.affmunqc.net/role/RL58033_2026.xml,,,,
"267, Angoulême",,Boucherville,,,503.3,1991,250800,722700,973500,2025,Logement,MAMH — Données Québec (rôle d'évaluation foncière),https://donneesouvertes.affmunqc.net/role/RL58033_2026.xml,,,,
"270, Angoulême",,Boucherville,,,596.8,1997,274200,446700,720900,2025,Logement,MAMH — Données Québec (rôle d'évaluation foncière),https://donneesouvertes.affmunqc.net/role/RL58033_2026.xml,,,,
"271, Angoulême",,Boucherville,,,642.2,1999,285600,492100,777700,2025,Logement,MAMH — Données Québec (rôle d'évaluation foncière),https://donneesouvertes.affmunqc.net/role/RL58033_2026.xml,,,,
"274, Angoulême",,Boucherville,,,533.8,1990,258500,610300,868800,2025,Logement,MAMH — Données Québec (rôle d'évaluation foncière),https://donneesouvertes.affmunqc.net/role/RL58033_2026.xml,,,,
"273, Angoulême",,Boucherville,,,956.2,1993,364100,646400,1010500,2025,Logement,MAMH — Données Québec (rôle d'évaluation foncière),https://donneesouvertes.affmunqc.net/role/RL58033_2026.xml,,,,
"275, Angoulême",,Boucherville,,,718.4,1993,304600,754800,1059400,2025,Logement,MAMH — Données Québec (rôle d'évaluation foncière),https://donneesouvertes.affmunqc.net/role/RL58033_2026.xml,,,,
"260, Épinal",,Boucherville,,,640.5,1990,285100,711300,996400,2025,Logement,MAMH — Données Québec (rôle d'évaluation foncière),https://donneesouvertes.affmunqc.net/role/RL58033_2026.xml,,,,
"263, Angoulême",,Boucherville,,,366,,91500,,91500,2025,Immeuble commercial,MAMH — Données Québec (rôle d'évaluation foncière),https://donneesouvertes.affmunqc.net/role/RL58033_2026.xml,,,,
"264, Épinal",,Boucherville,,,833.7,1991,333400,833700,1167100,2025,Logement,MAMH — Données Québec (rôle d'évaluation foncière),https://donneesouvertes.affmunqc.net/role/RL58033_2026.xml,,,,
"268, Épinal",,Boucherville,,,951.5,1989,362900,692900,1055800,2025,Logement,MAMH — Données Québec (rôle d'évaluation foncière),https://donneesouvertes.affmunqc.net/role/RL58033_2026.xml,,,,
"270, Gascogne",,Boucherville,,,624.8,1992,281200,634100,915300,2025,Logement,MAMH — Données Québec (rôle d'évaluation foncière),https://donneesouvertes.affmunqc.net/role/RL58033_2026.xml,,,,
"274, Gascogne",,Boucherville,,,601.6,1989,275400,475500,750900,2025,Logement,MAMH — Données Québec (rôle d'évaluation foncière),https://donneesouvertes.affmunqc.net/role/RL58033_2026.xml,,,,
"278, Gascogne",,Boucherville,,,607.4,1990,276900,751000,1027900,2025,Logement,MAMH — Données Québec (rôle d'évaluation foncière),https://donneesouvertes.affmunqc.net/role/RL58033_2026.xml,,,,
"1313, Rouen",,Boucherville,,,561,1998,265300,885200,1150500,2025,Logement,MAMH — Données Québec (rôle d'évaluation foncière),https://donneesouvertes.affmunqc.net/role/RL58033_2026.xml,,,,
"1308, Rouen",,Boucherville,,,691,1996,297800,201400,499200,2025,Industrie,MAMH — Données Québec (rôle d'évaluation foncière),https://donneesouvertes.affmunqc.net/role/RL58033_2026.xml,,,,
"1310, Rouen",,Boucherville,,,565.5,1999,266400,740400,1006800,2025,Logement,MAMH — Données Québec (rôle d'évaluation foncière),https://donneesouvertes.affmunqc.net/role/RL58033_2026.xml,,,,
"1312, Rouen",,Boucherville,,,565.5,1998,266400,567700,834100,2025,Logement,MAMH — Données Québec (rôle d'évaluation foncière),https://donneesouvertes.affmunqc.net/role/RL58033_2026.xml,,,,
"1316, Rouen",,Boucherville,,,565.5,1998,266400,542800,809200,2025,Logement,MAMH — Données Québec (rôle d'évaluation foncière),https://donneesouvertes.affmunqc.net/role/RL58033_2026.xml,,,,
"1285, Granville",,Boucherville,,,560.8,2002,265200,538700,803900,2025,Logement,MAMH — Données Québec (rôle d'évaluation foncière),https://donneesouvertes.affmunqc.net/role/RL58033_2026.xml,,,,
"1281, Granville",,Boucherville,,,560.8,2002,265200,643800,909000,2025,Logement,MAMH — Données Québec (rôle d'évaluation foncière),https://donneesouvertes.affmunqc.net/role/RL58033_2026.xml,,,,
"1275, Granville",,Boucherville,,,560.8,2001,265200,542600,807800,2025,Logement,MAMH — Données Québec (rôle d'évaluation foncière),https://donneesouvertes.affmunqc.net/role/RL58033_2026.xml,,,,
"1315, Rouen",,Boucherville,,,561,1997,265300,613400,878700,2025,Logement,MAMH — Données Québec (rôle d'évaluation foncière),https://donneesouvertes.affmunqc.net/role/RL58033_2026.xml,,,,
"1317, Rouen",,Boucherville,,,561,1998,265300,440800,706100,2025,Logement,MAMH — Données Québec (rôle d'évaluation foncière),https://donneesouvertes.affmunqc.net/role/RL58033_2026.xml,,,,
"1321, Rouen",,Boucherville,,,561,1997,265300,679000,944300,2025,Logement,MAMH — Données Québec (rôle d'évaluation foncière),https://donneesouvertes.affmunqc.net/role/RL58033_2026.xml,,,,
"1323, Rouen",,Boucherville,,,561.01,1997,265300,499400,764700,2025,Logement,MAMH — Données Québec (rôle d'évaluation foncière),https://donneesouvertes.affmunqc.net/role/RL58033_2026.xml,,,,
"1325, Rouen",,Boucherville,,,561.01,1997,265300,646800,912100,2025,Logement,MAMH — Données Québec (rôle d'évaluation foncière),https://donneesouvertes.affmunqc.net/role/RL58033_2026.xml,,,,
"1327, Rouen",,Boucherville,,,561.01,1997,265300,610900,876200,2025,Logement,MAMH — Données Québec (rôle d'évaluation foncière),https://donneesouvertes.affmunqc.net/role/RL58033_2026.xml,,,,
"1320, Rouen",,Boucherville,,,586.5,1997,271600,600300,871900,2025,Logement,MAMH — Données Québec (rôle d'évaluation foncière),https://donneesouvertes.affmunqc.net/role/RL58033_2026.xml,,,,
"1322, Rouen",,Boucherville,,,586.5,1999,271600,871500,1143100,2025,Logement,MAMH — Données Québec (rôle d'évaluation foncière),https://donneesouvertes.affmunqc.net/role/RL58033_2026.xml,,,,
"1324, Rouen",,Boucherville,,,586.5,1997,271600,890200,1161800,2025,Logement,MAMH — Données Québec (rôle d'évaluation foncière),https://donneesouvertes.affmunqc.net/role/RL58033_2026.xml,,,,
"1328, Rouen",,Boucherville,,,587.5,1997,271900,567700,839600,2025,Logement,MAMH — Données Québec (rôle d'évaluation foncière),https://donneesouvertes.affmunqc.net/role/RL58033_2026.xml,,,,
"1330, Rouen",,Boucherville,,,586.5,2007,271600,1237100,1508700,2025,Logement,MAMH — Données Québec (rôle d'évaluation foncière),https://donneesouvertes.affmunqc.net/role/RL58033_2026.xml,,,,
"1261, Granville",,Boucherville,,,560.8,2003,265200,584900,850100,2025,Logement,MAMH — Données Québec (rôle d'évaluation foncière),https://donneesouvertes.affmunqc.net/role/RL58033_2026.xml,,,,
"1265, Granville",,Boucherville,,,560.8,2000,265200,510400,775600,2025,Logement,MAMH — Données Québec (rôle d'évaluation foncière),https://donneesouvertes.affmunqc.net/role/RL58033_2026.xml,,,,
"1271, Granville",,Boucherville,,,560.8,2001,265200,585200,850400,2025,Logement,MAMH — Données Québec (rôle d'évaluation foncière),https://donneesouvertes.affmunqc.net/role/RL58033_2026.xml,,,,
"1347, Rouen",,Boucherville,,,561,1996,265300,694500,959800,2025,Logement,MAMH — Données Québec (rôle d'évaluation foncière),https://donneesouvertes.affmunqc.net/role/RL58033_2026.xml,,,,
"1343, Rouen",,Boucherville,,,561,1996,265300,666900,932200,2025,Logement,MAMH — Données Québec (rôle d'évaluation foncière),https://donneesouvertes.affmunqc.net/role/RL58033_2026.xml,,,,
"1341, Rouen",,Boucherville,,,561,1996,265300,756200,1021500,2025,Logement,MAMH — Données Québec (rôle d'évaluation foncière),https://donneesouvertes.affmunqc.net/role/RL58033_2026.xml,,,,
"1337, Rouen",,Boucherville,,,561,1997,265300,606200,871500,2025,Logement,MAMH — Données Québec (rôle d'évaluation foncière),https://donneesouvertes.affmunqc.net/role/RL58033_2026.xml,,,,
"1331, Rouen",,Boucherville,,,561.01,1997,265300,477500,742800,2025,Logement,MAMH — Données Québec (rôle d'évaluation foncière),https://donneesouvertes.affmunqc.net/role/RL58033_2026.xml,,,,
"1344, Rouen",,Boucherville,,,586.5,1997,271600,549200,820800,2025,Logement,MAMH — Données Québec (rôle d'évaluation foncière),https://donneesouvertes.affmunqc.net/role/RL58033_2026.xml,,,,
"1342, Rouen",,Boucherville,,,586.5,1997,271600,507600,779200,2025,Logement,MAMH — Données Québec (rôle d'évaluation foncière),https://donneesouvertes.affmunqc.net/role/RL58033_2026.xml,,,,
"1340, Rouen",,Boucherville,,,586.5,1997,271600,554600,826200,2025,Logement,MAMH — Données Québec (rôle d'évaluation foncière),https://donneesouvertes.affmunqc.net/role/RL58033_2026.xml,,,,
"1338, Rouen",,Boucherville,,,195.5,,97800,,97800,2025,Immeuble commercial,MAMH — Données Québec (rôle d'évaluation foncière),https://donneesouvertes.affmunqc.net/role/RL58033_2026.xml,,,,
"1332, Rouen",,Boucherville,,,586.5,1997,271600,533200,804800,2025,Logement,MAMH — Données Québec (rôle d'évaluation foncière),https://donneesouvertes.affmunqc.net/role/RL58033_2026.xml,,,,
"1334, Rouen",,Boucherville,,,586.5,1999,271600,623700,895300,2025,Logement,MAMH — Données Québec (rôle d'évaluation foncière),https://donneesouvertes.affmunqc.net/role/RL58033_2026.xml,,,,
"350, Falaise",,Boucherville,,,613.9,1997,278500,502900,781400,2025,Logement,MAMH — Données Québec (rôle d'évaluation foncière),https://donneesouvertes.affmunqc.net/role/RL58033_2026.xml,,,,
"1351, Rouen",,Boucherville,,,561.7,1996,265400,724600,990000,2025,Logement,MAMH — Données Québec (rôle d'évaluation foncière),https://donneesouvertes.affmunqc.net/role/RL58033_2026.xml,,,,
"1360, Rouen",,Boucherville,,,586.5,1995,271600,653700,925300,2025,Logement,MAMH — Données Québec (rôle d'évaluation foncière),https://donneesouvertes.affmunqc.net/role/RL58033_2026.xml,,,,
"1358, Rouen",,Boucherville,,,586.5,1995,271600,653000,924600,2025,Logement,MAMH — Données Québec (rôle d'évaluation foncière),https://donneesouvertes.affmunqc.net/role/RL58033_2026.xml,,,,
"1354, Rouen",,Boucherville,,,579,1996,269800,628200,898000,2025,Logement,MAMH — Données Québec (rôle d'évaluation foncière),https://donneesouvertes.affmunqc.net/role/RL58033_2026.xml,,,,
"361, Dijon",,Boucherville,,,1381,1999,403200,934300,1337500,2025,Logement,MAMH — Données Québec (rôle d'évaluation foncière),https://donneesouvertes.affmunqc.net/role/RL58033_2026.xml,,,,
"1350, Rouen",,Boucherville,,,579,1996,269800,449900,719700,2025,Logement,MAMH — Données Québec (rôle d'évaluation foncière),https://donneesouvertes.affmunqc.net/role/RL58033_2026.xml,,,,
"1348, Rouen",,Boucherville,,,586.5,1998,271600,572200,843800,2025,Logement,MAMH — Données Québec (rôle d'évaluation foncière),https://donneesouvertes.affmunqc.net/role/RL58033_2026.xml,,,,
"365, Dijon",,Boucherville,,,776.8,1998,319200,614600,933800,2025,Logement,MAMH — Données Québec (rôle d'évaluation foncière),https://donneesouvertes.affmunqc.net/role/RL58033_2026.xml,,,,
"1214, Dieppe",,Boucherville,,,655.6,1994,288900,527300,816200,2025,Logement,MAMH — Données Québec (rôle d'évaluation foncière),https://donneesouvertes.affmunqc.net/role/RL58033_2026.xml,,,,
"1362, Rouen",,Boucherville,,,676,1997,294000,925700,1219700,2025,Logement,MAMH — Données Québec (rôle d'évaluation foncière),https://donneesouvertes.affmunqc.net/role/RL58033_2026.xml,,,,
"1218, Dieppe",,Boucherville,,,774.1,1998,318500,390300,708800,2025,Logement,MAMH — Données Québec (rôle d'évaluation foncière),https://donneesouvertes.affmunqc.net/role/RL58033_2026.xml,,,,
"1215, Dieppe",,Boucherville,,,457.5,1997,228800,359300,588100,2025,Logement,MAMH — Données Québec (rôle d'évaluation foncière),https://donneesouvertes.affmunqc.net/role/RL58033_2026.xml,,,,
"1217, Dieppe",,Boucherville,,,454.9,1998,227500,376300,603800,2025,Logement,MAMH — Données Québec (rôle d'évaluation foncière),https://donneesouvertes.affmunqc.net/role/RL58033_2026.xml,,,,
"1220, Dieppe",,Boucherville,,,514,1996,253500,374900,628400,2025,Logement,MAMH — Données Québec (rôle d'évaluation foncière),https://donneesouvertes.affmunqc.net/role/RL58033_2026.xml,,,,
"1219, Dieppe",,Boucherville,,,467.2,1998,233600,441900,675500,2025,Logement,MAMH — Données Québec (rôle d'évaluation foncière),https://donneesouvertes.affmunqc.net/role/RL58033_2026.xml,,,,
"1221, Dieppe",,Boucherville,,,454.7,1997,227400,385100,612500,2025,Logement,MAMH — Données Québec (rôle d'évaluation foncière),https://donneesouvertes.affmunqc.net/role/RL58033_2026.xml,,,,
"1224, Dieppe",,Boucherville,,,488,1996,244000,392800,636800,2025,Logement,MAMH — Données Québec (rôle d'évaluation foncière),https://donneesouvertes.affmunqc.net/role/RL58033_2026.xml,,,,
"1223, Dieppe",,Boucherville,,,457.5,1997,228800,370500,599300,2025,Logement,MAMH — Données Québec (rôle d'évaluation foncière),https://donneesouvertes.affmunqc.net/role/RL58033_2026.xml,,,,
"1218, Rossignols",,Boucherville,,,536.1,1997,259000,408700,667700,2025,Logement,MAMH — Données Québec (rôle d'évaluation foncière),https://donneesouvertes.affmunqc.net/role/RL58033_2026.xml,,,,
"1226, Dieppe",,Boucherville,,,564.3,1997,266100,528600,794700,2025,Logement,MAMH — Données Québec (rôle d'évaluation foncière),https://donneesouvertes.affmunqc.net/role/RL58033_2026.xml,,,,
"1204, Rossignols",,Boucherville,,,533.7,1992,258400,429800,688200,2025,Logement,MAMH — Données Québec (rôle d'évaluation foncière),https://donneesouvertes.affmunqc.net/role/RL58033_2026.xml,,,,
"1209, Dieppe",,Boucherville,,,617.5,1993,279400,483300,762700,2025,Logement,MAMH — Données Québec (rôle d'évaluation foncière),https://donneesouvertes.affmunqc.net/role/RL58033_2026.xml,,,,
"1206, Rossignols",,Boucherville,,,533.7,1993,258400,418400,676800,2025,Logement,MAMH — Données Québec (rôle d'évaluation foncière),https://donneesouvertes.affmunqc.net/role/RL58033_2026.xml,,,,
"1215, Isle-de-france",,Boucherville,,,617.5,1993,279400,683100,962500,2025,Logement,MAMH — Données Québec (rôle d'évaluation foncière),https://donneesouvertes.affmunqc.net/role/RL58033_2026.xml,,,,
"1211, Dieppe",,Boucherville,,,571.8,1996,268000,500300,768300,2025,Logement,MAMH — Données Québec (rôle d'évaluation foncière),https://donneesouvertes.affmunqc.net/role/RL58033_2026.xml,,,,
"1210, Rossignols",,Boucherville,,,571.8,1998,268000,373200,641200,2025,Logement,MAMH — Données Québec (rôle d'évaluation foncière),https://donneesouvertes.affmunqc.net/role/RL58033_2026.xml,,,,
"1221, Isle-de-france",,Boucherville,,,428.4,1993,203500,378900,582400,2025,Logement,MAMH — Données Québec (rôle d'évaluation foncière),https://donneesouvertes.affmunqc.net/role/RL58033_2026.xml,,,,
"1223, Isle-de-france",,Boucherville,,,344.6,1993,163700,352000,515700,2025,Logement,MAMH — Données Québec (rôle d'évaluation foncière),https://donneesouvertes.affmunqc.net/role/RL58033_2026.xml,,,,
"1214, Rossignols",,Boucherville,,,497.2,1996,248600,387500,636100,2025,Logement,MAMH — Données Québec (rôle d'évaluation foncière),https://donneesouvertes.affmunqc.net/role/RL58033_2026.xml,,,,
"1216, Rossignols",,Boucherville,,,587.2,1998,271800,431800,703600,2025,Logement,MAMH — Données Québec (rôle d'évaluation foncière),https://donneesouvertes.affmunqc.net/role/RL58033_2026.xml,,,,
"1211, Rossignols",,Boucherville,,,558.4,1999,264600,324600,589200,2025,Logement,MAMH — Données Québec (rôle d'évaluation foncière),https://donneesouvertes.affmunqc.net/role/RL58033_2026.xml,,,,
"1215, Rossignols",,Boucherville,,,511.4,1997,252900,325400,578300,2025,Logement,MAMH — Données Québec (rôle d'évaluation foncière),https://donneesouvertes.affmunqc.net/role/RL58033_2026.xml,,,,
"1197, Rossignols",,Boucherville,,,693.5,1997,298400,432900,731300,2025,Logement,MAMH — Données Québec (rôle d'évaluation foncière),https://donneesouvertes.affmunqc.net/role/RL58033_2026.xml,,,,
"1192, Blois",,Boucherville,,,363,1995,172400,393600,566000,2025,Logement,MAMH — Données Québec (rôle d'évaluation foncière),https://donneesouvertes.affmunqc.net/role/RL58033_2026.xml,,,,
"1194, Blois",,Boucherville,,,363,1995,172400,425900,598300,2025,Logement,MAMH — Données Québec (rôle d'évaluation foncière),https://donneesouvertes.affmunqc.net/role/RL58033_2026.xml,,,,
"1196, Blois",,Boucherville,,,363,1994,172400,350000,522400,2025,Logement,MAMH — Données Québec (rôle d'évaluation foncière),https://donneesouvertes.affmunqc.net/role/RL58033_2026.xml,,,,
"1217, Blois",,Boucherville,,,422.3,1995,200600,357900,558500,2025,Logement,MAMH — Données Québec (rôle d'évaluation foncière),https://donneesouvertes.affmunqc.net/role/RL58033_2026.xml,,,,
"1198, Blois",,Boucherville,,,561.5,1993,252100,365900,618000,2025,Logement,MAMH — Données Québec (rôle d'évaluation foncière),https://donneesouvertes.affmunqc.net/role/RL58033_2026.xml,,,,
"1215, Blois",,Boucherville,,,335.5,1994,159400,325900,485300,2025,Logement,MAMH — Données Québec (rôle d'évaluation foncière),https://donneesouvertes.affmunqc.net/role/RL58033_2026.xml,,,,
"1213, Blois",,Boucherville,,,335.5,1994,159400,319800,479200,2025,Logement,MAMH — Données Québec (rôle d'évaluation foncière),https://donneesouvertes.affmunqc.net/role/RL58033_2026.xml,,,,
"1211, Blois",,Boucherville,,,335.5,1994,159400,372100,531500,2025,Logement,MAMH — Données Québec (rôle d'évaluation foncière),https://donneesouvertes.affmunqc.net/role/RL58033_2026.xml,,,,
"1209, Blois",,Boucherville,,,335.5,1993,159400,339800,499200,2025,Logement,MAMH — Données Québec (rôle d'évaluation foncière),https://donneesouvertes.affmunqc.net/role/RL58033_2026.xml,,,,
"1225, Isle-de-france",,Boucherville,,,344.7,1994,163700,331200,494900,2025,Logement,MAMH — Données Québec (rôle d'évaluation foncière),https://donneesouvertes.affmunqc.net/role/RL58033_2026.xml,,,,
"1207, Blois",,Boucherville,,,454.9,1994,216100,339100,555200,2025,Logement,MAMH — Données Québec (rôle d'évaluation foncière),https://donneesouvertes.affmunqc.net/role/RL58033_2026.xml,,,,
"1227, Isle-de-france",,Boucherville,,,344.6,1994,163700,303300,467000,2025,Logement,MAMH — Données Québec (rôle d'évaluation foncière),https://donneesouvertes.affmunqc.net/role/RL58033_2026.xml,,,,
"1201, Blois",,Boucherville,,,599.1,1996,261000,317500,578500,2025,Logement,MAMH — Données Québec (rôle d'évaluation foncière),https://donneesouvertes.affmunqc.net/role/RL58033_2026.xml,,,,
"1229, Isle-de-france",,Boucherville,,,344.7,1993,163700,367400,531100,2025,Logement,MAMH — Données Québec (rôle d'évaluation foncière),https://donneesouvertes.affmunqc.net/role/RL58033_2026.xml,,,,
"1205, Blois",,Boucherville,,,684,1995,281100,339600,620700,2025,Logement,MAMH — Données Québec (rôle d'évaluation foncière),https://donneesouvertes.affmunqc.net/role/RL58033_2026.xml,,,,
"1231, Isle-de-france",,Boucherville,,,440.6,1993,209300,291300,500600,2025,Logement,MAMH — Données Québec (rôle d'évaluation foncière),https://donneesouvertes.affmunqc.net/role/RL58033_2026.xml,,,,
"1203, Blois",,Boucherville,,,884.8,1995,328700,237600,566300,2025,Logement,MAMH — Données Québec (rôle d'évaluation foncière),https://donneesouvertes.affmunqc.net/role/RL58033_2026.xml,,,,
"262, Chartres",,Boucherville,,,764.9,2004,300300,612800,913100,2025,Logement,MAMH — Données Québec (rôle d'évaluation foncière),https://donneesouvertes.affmunqc.net/role/RL58033_2026.xml,,,,
"264, Chartres",,Boucherville,,,949.3,2002,344000,599000,943000,2025,Logement,MAMH — Données Québec (rôle d'évaluation foncière),https://donneesouvertes.affmunqc.net/role/RL58033_2026.xml,,,,
"268, Chartres",,Boucherville,,,701.5,1991,285300,420200,705500,2025,Logement,MAMH — Données Québec (rôle d'évaluation foncière),https://donneesouvertes.affmunqc.net/role/RL58033_2026.xml,,,,
"270, Chartres",,Boucherville,,,618.5,1991,265600,606400,872000,2025,Logement,MAMH — Données Québec (rôle d'évaluation foncière),https://donneesouvertes.affmunqc.net/role/RL58033_2026.xml,,,,
"272, Chartres",,Boucherville,,,596.4,1990,260300,480100,740400,2025,Logement,MAMH — Données Québec (rôle d'évaluation foncière),https://donneesouvertes.affmunqc.net/role/RL58033_2026.xml,,,,
"296, Gascogne",,Boucherville,,,633.1,2001,269000,616000,885000,2025,Logement,MAMH — Données Québec (rôle d'évaluation foncière),https://donneesouvertes.affmunqc.net/role/RL58033_2026.xml,,,,
"277, Angoulême",,Boucherville,,,525,1990,256300,379500,635800,2025,Logement,MAMH — Données Québec (rôle d'évaluation foncière),https://donneesouvertes.affmunqc.net/role/RL58033_2026.xml,,,,
"280, Gascogne",,Boucherville,,,618.3,1991,279600,786800,1066400,2025,Logement,MAMH — Données Québec (rôle d'évaluation foncière),https://donneesouvertes.affmunqc.net/role/RL58033_2026.xml,,,,
"281, Angoulême",,Boucherville,,,515.1,1993,253800,416200,670000,2025,Logement,MAMH — Données Québec (rôle d'évaluation foncière),https://donneesouvertes.affmunqc.net/role/RL58033_2026.xml,,,,
"284, Gascogne",,Boucherville,,,644.4,1991,286100,482300,768400,2025,Logement,MAMH — Données Québec (rôle d'évaluation foncière),https://donneesouvertes.affmunqc.net/role/RL58033_2026.xml,,,,
"285, Angoulême",,Boucherville,,,599.2,2000,274800,610000,884800,2025,Logement,MAMH — Données Québec (rôle d'évaluation foncière),https://donneesouvertes.affmunqc.net/role/RL58033_2026.xml,,,,
"288, Gascogne",,Boucherville,,,638.2,1990,284600,743600,1028200,2025,Logement,MAMH — Données Québec (rôle d'évaluation foncière),https://donneesouvertes.affmunqc.net/role/RL58033_2026.xml,,,,
"290, Gascogne",,Boucherville,,,652.9,1990,288200,538100,826300,2025,Logement,MAMH — Données Québec (rôle d'évaluation foncière),https://donneesouvertes.affmunqc.net/role/RL58033_2026.xml,,,,
"279, Gascogne",,Boucherville,,,540.9,1999,260200,543300,803500,2025,Logement,MAMH — Données Québec (rôle d'évaluation foncière),https://donneesouvertes.affmunqc.net/role/RL58033_2026.xml,,,,
"283, Gascogne",,Boucherville,,,540.9,1999,260200,532900,793100,2025,Logement,MAMH — Données Québec (rôle d'évaluation foncière),https://donneesouvertes.affmunqc.net/role/RL58033_2026.xml,,,,
"294, Gascogne",,Boucherville,,,640.3,1991,285100,592600,877700,2025,Logement,MAMH — Données Québec (rôle d'évaluation foncière),https://donneesouvertes.affmunqc.net/role/RL58033_2026.xml,,,,
"285, Gascogne",,Boucherville,,,540.9,1999,260200,500100,760300,2025,Logement,MAMH — Données Québec (rôle d'évaluation foncière),https://donneesouvertes.affmunqc.net/role/RL58033_2026.xml,,,,
"287, Gascogne",,Boucherville,,,540.9,1999,260200,555500,815700,2025,Logement,MAMH — Données Québec (rôle d'évaluation foncière),https://donneesouvertes.affmunqc.net/role/RL58033_2026.xml,,,,
"269, Gascogne",,Boucherville,,,540.9,1999,260200,653000,913200,2025,Logement,MAMH — Données Québec (rôle d'évaluation foncière),https://donneesouvertes.affmunqc.net/role/RL58033_2026.xml,,,,
"273, Gascogne",,Boucherville,,,540.9,1999,260200,578800,839000,2025,Logement,MAMH — Données Québec (rôle d'évaluation foncière),https://donneesouvertes.affmunqc.net/role/RL58033_2026.xml,,,,
"275, Gascogne",,Boucherville,,,540.9,1999,260200,577900,838100,2025,Logement,MAMH — Données Québec (rôle d'évaluation foncière),https://donneesouvertes.affmunqc.net/role/RL58033_2026.xml,,,,
"277, Gascogne",,Boucherville,,,540.9,1999,260200,589900,850100,2025,Logement,MAMH — Données Québec (rôle d'évaluation foncière),https://donneesouvertes.affmunqc.net/role/RL58033_2026.xml,,,,
"270, Champagne",,Boucherville,,,598.9,2000,274700,614500,889200,2025,Logement,MAMH — Données Québec (rôle d'évaluation foncière),https://donneesouvertes.affmunqc.net/role/RL58033_2026.xml,,,,
"272, Champagne",,Boucherville,,,531.3,2001,257800,558300,816100,2025,Logement,MAMH — Données Québec (rôle d'évaluation foncière),https://donneesouvertes.affmunqc.net/role/RL58033_2026.xml,,,,
"274, Champagne",,Boucherville,,,531.3,2001,257800,490800,748600,2025,Logement,MAMH — Données Québec (rôle d'évaluation foncière),https://donneesouvertes.affmunqc.net/role/RL58033_2026.xml,,,,
"276, Champagne",,Boucherville,,,531.3,2000,257800,523700,781500,2025,Logement,MAMH — Données Québec (rôle d'évaluation foncière),https://donneesouvertes.affmunqc.net/role/RL58033_2026.xml,,,,
"280, Champagne",,Boucherville,,,531.3,2000,257800,616100,873900,2025,Logement,MAMH — Données Québec (rôle d'évaluation foncière),https://donneesouvertes.affmunqc.net/role/RL58033_2026.xml,,,,
"264, Champagne",,Boucherville,,,328.38,2000,164200,421200,585400,2025,Logement,MAMH — Données Québec (rôle d'évaluation foncière),https://donneesouvertes.affmunqc.net/role/RL58033_2026.xml,,,,
"388, Languedoc",,Boucherville,,,24370.4,,4178000,,4178000,2025,Institutionnel,MAMH — Données Québec (rôle d'évaluation foncière),https://donneesouvertes.affmunqc.net/role/RL58033_2026.xml,,,,
"300, Dijon",,Boucherville,,,320.5,1997,160300,299500,459800,2025,Logement,MAMH — Données Québec (rôle d'évaluation foncière),https://donneesouvertes.affmunqc.net/role/RL58033_2026.xml,,,,
"302, Dijon",,Boucherville,,,320.5,1997,160300,210100,370400,2025,Logement,MAMH — Données Québec (rôle d'évaluation foncière),https://donneesouvertes.affmunqc.net/role/RL58033_2026.xml,,,,
"304, Dijon",,Boucherville,,,320.5,1997,160300,297800,458100,2025,Logement,MAMH — Données Québec (rôle d'évaluation foncière),https://donneesouvertes.affmunqc.net/role/RL58033_2026.xml,,,,
"306, Dijon",,Boucherville,,,320.5,1997,160300,308600,468900,2025,Logement,MAMH — Données Québec (rôle d'évaluation foncière),https://donneesouvertes.affmunqc.net/role/RL58033_2026.xml,,,,
"308, Dijon",,Boucherville,,,320.5,1998,160300,282400,442700,2025,Logement,MAMH — Données Québec (rôle d'évaluation foncière),https://donneesouvertes.affmunqc.net/role/RL58033_2026.xml,,,,
"310, Dijon",,Boucherville,,,320.5,1998,160300,270700,431000,2025,Logement,MAMH — Données Québec (rôle d'évaluation foncière),https://donneesouvertes.affmunqc.net/role/RL58033_2026.xml,,,,
"312, Dijon",,Boucherville,,,320.5,1998,160300,329300,489600,2025,Logement,MAMH — Données Québec (rôle d'évaluation foncière),https://donneesouvertes.affmunqc.net/role/RL58033_2026.xml,,,,
"314, Dijon",,Boucherville,,,320.5,1998,160300,263500,423800,2025,Logement,MAMH — Données Québec (rôle d'évaluation foncière),https://donneesouvertes.affmunqc.net/role/RL58033_2026.xml,,,,
"316, Dijon",,Boucherville,,,320.5,1997,160300,273500,433800,2025,Logement,MAMH — Données Québec (rôle d'évaluation foncière),https://donneesouvertes.affmunqc.net/role/RL58033_2026.xml,,,,
"318, Dijon",,Boucherville,,,320.5,1997,160300,260800,421100,2025,Logement,MAMH — Données Québec (rôle d'évaluation foncière),https://donneesouvertes.affmunqc.net/role/RL58033_2026.xml,,,,
"320, Dijon",,Boucherville,,,320.5,1997,160300,378000,538300,2025,Logement,MAMH — Données Québec (rôle d'évaluation foncière),https://donneesouvertes.affmunqc.net/role/RL58033_2026.xml,,,,
"322, Dijon",,Boucherville,,,320.5,1998,160300,245300,405600,2025,Logement,MAMH — Données Québec (rôle d'évaluation foncière),https://donneesouvertes.affmunqc.net/role/RL58033_2026.xml,,,,
"330, Dijon",,Boucherville,,,320.5,1998,160300,333900,494200,2025,Logement,MAMH — Données Québec (rôle d'évaluation foncière),https://donneesouvertes.affmunqc.net/role/RL58033_2026.xml,,,,
"332, Dijon",,Boucherville,,,320.5,1998,160300,253200,413500,2025,Logement,MAMH — Données Québec (rôle d'évaluation foncière),https://donneesouvertes.affmunqc.net/role/RL58033_2026.xml,,,,
"334, Dijon",,Boucherville,,,320.5,1998,160300,276800,437100,2025,Logement,MAMH — Données Québec (rôle d'évaluation foncière),https://donneesouvertes.affmunqc.net/role/RL58033_2026.xml,,,,
"336, Dijon",,Boucherville,,,320.5,1998,160300,276800,437100,2025,Logement,MAMH — Données Québec (rôle d'évaluation foncière),https://donneesouvertes.affmunqc.net/role/RL58033_2026.xml,,,,
"338, Dijon",,Boucherville,,,320.5,1998,160300,297100,457400,2025,Logement,MAMH — Données Québec (rôle d'évaluation foncière),https://donneesouvertes.affmunqc.net/role/RL58033_2026.xml,,,,
"340, Dijon",,Boucherville,,,320.5,1998,160300,288800,449100,2025,Logement,MAMH — Données Québec (rôle d'évaluation foncière),https://donneesouvertes.affmunqc.net/role/RL58033_2026.xml,,,,
"342, Dijon",,Boucherville,,,320.5,1998,160300,279900,440200,2025,Logement,MAMH — Données Québec (rôle d'évaluation foncière),https://donneesouvertes.affmunqc.net/role/RL58033_2026.xml,,,,
"344, Dijon",,Boucherville,,,320.5,1998,160300,303300,463600,2025,Logement,MAMH — Données Québec (rôle d'évaluation foncière),https://donneesouvertes.affmunqc.net/role/RL58033_2026.xml,,,,
"346, Dijon",,Boucherville,,,320.5,1998,160300,335700,496000,2025,Logement,MAMH — Données Québec (rôle d'évaluation foncière),https://donneesouvertes.affmunqc.net/role/RL58033_2026.xml,,,,
"348, Dijon",,Boucherville,,,320.5,1998,160300,197900,358200,2025,Logement,MAMH — Données Québec (rôle d'évaluation foncière),https://donneesouvertes.affmunqc.net/role/RL58033_2026.xml,,,,
"350, Dijon",,Boucherville,,,320.5,1998,160300,272700,433000,2025,Logement,MAMH — Données Québec (rôle d'évaluation foncière),https://donneesouvertes.affmunqc.net/role/RL58033_2026.xml,,,,
"352, Dijon",,Boucherville,,,320.5,1998,160300,292700,453000,2025,Logement,MAMH — Données Québec (rôle d'évaluation foncière),https://donneesouvertes.affmunqc.net/role/RL58033_2026.xml,,,,
"354, Dijon",,Boucherville,,,320.5,1998,160300,301400,461700,2025,Logement,MAMH — Données Québec (rôle d'évaluation foncière),https://donneesouvertes.affmunqc.net/role/RL58033_2026.xml,,,,
"356, Dijon",,Boucherville,,,320.5,1998,160300,281300,441600,2025,Logement,MAMH — Données Québec (rôle d'évaluation foncière),https://donneesouvertes.affmunqc.net/role/RL58033_2026.xml,,,,
"358, Dijon",,Boucherville,,,320.5,1998,160300,286800,447100,2025,Logement,MAMH — Données Québec (rôle d'évaluation foncière),https://donneesouvertes.affmunqc.net/role/RL58033_2026.xml,,,,
"360, Dijon",,Boucherville,,,320.5,1998,160300,256700,417000,2025,Logement,MAMH — Données Québec (rôle d'évaluation foncière),https://donneesouvertes.affmunqc.net/role/RL58033_2026.xml,,,,
"362, Dijon",,Boucherville,,,320.5,1998,160300,268900,429200,2025,Logement,MAMH — Données Québec (rôle d'évaluation foncière),https://donneesouvertes.affmunqc.net/role/RL58033_2026.xml,,,,
"364, Dijon",,Boucherville,,,320.5,1998,160300,262300,422600,2025,Logement,MAMH — Données Québec (rôle d'évaluation foncière),https://donneesouvertes.affmunqc.net/role/RL58033_2026.xml,,,,
"366, Dijon",,Boucherville,,,320.5,1998,160300,360300,520600,2025,Logement,MAMH — Données Québec (rôle d'évaluation foncière),https://donneesouvertes.affmunqc.net/role/RL58033_2026.xml,,,,
"368, Dijon",,Boucherville,,,320.5,1998,160300,230000,390300,2025,Logement,MAMH — Données Québec (rôle d'évaluation foncière),https://donneesouvertes.affmunqc.net/role/RL58033_2026.xml,,,,
"370, Dijon",,Boucherville,,,320.5,1998,160300,260200,420500,2025,Logement,MAMH — Données Québec (rôle d'évaluation foncière),https://donneesouvertes.affmunqc.net/role/RL58033_2026.xml,,,,
"372, Dijon",,Boucherville,,,320.5,1998,160300,309700,470000,2025,Logement,MAMH — Données Québec (rôle d'évaluation foncière),https://donneesouvertes.affmunqc.net/role/RL58033_2026.xml,,,,
"374, Dijon",,Boucherville,,,320.5,1997,160300,220300,380600,2025,Logement,MAMH — Données Québec (rôle d'évaluation foncière),https://donneesouvertes.affmunqc.net/role/RL58033_2026.xml,,,,
"376, Dijon",,Boucherville,,,320.5,1998,160300,272100,432400,2025,Logement,MAMH — Données Québec (rôle d'évaluation foncière),https://donneesouvertes.affmunqc.net/role/RL58033_2026.xml,,,,
"384, Dijon",,Boucherville,,,453.8,1997,226900,394000,620900,2025,Logement,MAMH — Données Québec (rôle d'évaluation foncière),https://donneesouvertes.affmunqc.net/role/RL58033_2026.xml,,,,
"369, Dijon",,Boucherville,,,549,1995,262300,528100,790400,2025,Logement,MAMH — Données Québec (rôle d'évaluation foncière),https://donneesouvertes.affmunqc.net/role/RL58033_2026.xml,,,,
"371, Dijon",,Boucherville,,,660.2,1997,290100,431700,721800,2025,Logement,MAMH — Données Québec (rôle d'évaluation foncière),https://donneesouvertes.affmunqc.net/role/RL58033_2026.xml,,,,
"375, Dijon",,Boucherville,,,902.8,1998,350700,476000,826700,2025,Logement,MAMH — Données Québec (rôle d'évaluation foncière),https://donneesouvertes.affmunqc.net/role/RL58033_2026.xml,,,,
"387, Dijon",,Boucherville,,,596.3,1999,274100,606500,880600,2025,Logement,MAMH — Données Québec (rôle d'évaluation foncière),https://donneesouvertes.affmunqc.net/role/RL58033_2026.xml,,,,
"391, Dijon",,Boucherville,,,457.5,1998,228800,393100,621900,2025,Logement,MAMH — Données Québec (rôle d'évaluation foncière),https://donneesouvertes.affmunqc.net/role/RL58033_2026.xml,,,,
"395, Dijon",,Boucherville,,,457.5,1997,228800,474400,703200,2025,Logement,MAMH — Données Québec (rôle d'évaluation foncière),https://donneesouvertes.affmunqc.net/role/RL58033_2026.xml,,,,
"1240, Dieppe",,Boucherville,,,457.5,1997,228800,357000,585800,2025,Logement,MAMH — Données Québec (rôle d'évaluation foncière),https://donneesouvertes.affmunqc.net/role/RL58033_2026.xml,,,,
"397, Dijon",,Boucherville,,,457.5,1997,228800,338500,567300,2025,Logement,MAMH — Données Québec (rôle d'évaluation foncière),https://donneesouvertes.affmunqc.net/role/RL58033_2026.xml,,,,
"386, Dijon",,Boucherville,,,473.7,1996,236900,490400,727300,2025,Logement,MAMH — Données Québec (rôle d'évaluation foncière),https://donneesouvertes.affmunqc.net/role/RL58033_2026.xml,,,,
"401, Dijon",,Boucherville,,,541.3,1998,260300,422100,682400,2025,Logement,MAMH — Données Québec (rôle d'évaluation foncière),https://donneesouvertes.affmunqc.net/role/RL58033_2026.xml,,,,
"367, Dijon",,Boucherville,,,366,,183000,,183000,2025,Immeuble commercial,MAMH — Données Québec (rôle d'évaluation foncière),https://donneesouvertes.affmunqc.net/role/RL58033_2026.xml,,,,
"1225, Dieppe",,Boucherville,,,457.5,1998,228800,445600,674400,2025,Logement,MAMH — Données Québec (rôle d'évaluation foncière),https://donneesouvertes.affmunqc.net/role/RL58033_2026.xml,,,,
"1220, Rossignols",,Boucherville,,,564.2,1998,266100,517700,783800,2025,Logement,MAMH — Données Québec (rôle d'évaluation foncière),https://donneesouvertes.affmunqc.net/role/RL58033_2026.xml,,,,
"1227, Dieppe",,Boucherville,,,366,,183000,,183000,2025,Immeuble commercial,MAMH — Données Québec (rôle d'évaluation foncière),https://donneesouvertes.affmunqc.net/role/RL58033_2026.xml,,,,
"1230, Dieppe",,Boucherville,,,640.5,1997,285100,425400,710500,2025,Logement,MAMH — Données Québec (rôle d'évaluation foncière),https://donneesouvertes.affmunqc.net/role/RL58033_2026.xml,,,,
"1231, Dieppe",,Boucherville,,,476.8,1998,238400,338500,576900,2025,Logement,MAMH — Données Québec (rôle d'évaluation foncière),https://donneesouvertes.affmunqc.net/role/RL58033_2026.xml,,,,
"1224, Rossignols",,Boucherville,,,713.1,1997,303300,484500,787800,2025,Logement,MAMH — Données Québec (rôle d'évaluation foncière),https://donneesouvertes.affmunqc.net/role/RL58033_2026.xml,,,,
"1234, Dieppe",,Boucherville,,,457.5,1997,228800,398200,627000,2025,Logement,MAMH — Données Québec (rôle d'évaluation foncière),https://donneesouvertes.affmunqc.net/role/RL58033_2026.xml,,,,
"1235, Dieppe",,Boucherville,,,457.5,1998,228800,422600,651400,2025,Logement,MAMH — Données Québec (rôle d'évaluation foncière),https://donneesouvertes.affmunqc.net/role/RL58033_2026.xml,,,,
"1236, Dieppe",,Boucherville,,,457.5,1997,228800,288300,517100,2025,Logement,MAMH — Données Québec (rôle d'évaluation foncière),https://donneesouvertes.affmunqc.net/role/RL58033_2026.xml,,,,
"1237, Dieppe",,Boucherville,,,534.9,1998,258700,340700,599400,2025,Logement,MAMH — Données Québec (rôle d'évaluation foncière),https://donneesouvertes.affmunqc.net/role/RL58033_2026.xml,,,,
"1226, Rossignols",,Boucherville,,,796.6,2000,324200,518300,842500,2025,Logement,MAMH — Données Québec (rôle d'évaluation foncière),https://donneesouvertes.affmunqc.net/role/RL58033_2026.xml,,,,
"1238, Dieppe",,Boucherville,,,514.8,1997,253700,334200,587900,2025,Logement,MAMH — Données Québec (rôle d'évaluation foncière),https://donneesouvertes.affmunqc.net/role/RL58033_2026.xml,,,,
"1286, Isle-de-france",,Boucherville,,,538.6,1998,259700,525100,784800,2025,Logement,MAMH — Données Québec (rôle d'évaluation foncière),https://donneesouvertes.affmunqc.net/role/RL58033_2026.xml,,,,
"1282, Isle-de-france",,Boucherville,,,483,1998,241500,349600,591100,2025,Logement,MAMH — Données Québec (rôle d'évaluation foncière),https://donneesouvertes.affmunqc.net/role/RL58033_2026.xml,,,,
"1260, Isle-de-france",,Boucherville,,,495,1996,247500,324900,572400,2025,Logement,MAMH — Données Québec (rôle d'évaluation foncière),https://donneesouvertes.affmunqc.net/role/RL58033_2026.xml,,,,
"1285, Isle-de-france",,Boucherville,,,428.4,1997,203500,344000,547500,2025,Logement,MAMH — Données Québec (rôle d'évaluation foncière),https://donneesouvertes.affmunqc.net/role/RL58033_2026.xml,,,,
"1217, Rossignols",,Boucherville,,,515.5,1997,253900,357200,611100,2025,Logement,MAMH — Données Québec (rôle d'évaluation foncière),https://donneesouvertes.affmunqc.net/role/RL58033_2026.xml,,,,
"1238, Isle-de-france",,Boucherville,,,574.7,1998,255200,297300,552500,2025,Logement,MAMH — Données Québec (rôle d'évaluation foncière),https://donneesouvertes.affmunqc.net/role/RL58033_2026.xml,,,,
"1240, Isle-de-france",,Boucherville,,,502.5,1994,250600,406500,657100,2025,Logement,MAMH — Données Québec (rôle d'évaluation foncière),https://donneesouvertes.affmunqc.net/role/RL58033_2026.xml,,,,
"1221, Rossignols",,Boucherville,,,524.6,1997,256200,446200,702400,2025,Logement,MAMH — Données Québec (rôle d'évaluation foncière),https://donneesouvertes.affmunqc.net/role/RL58033_2026.xml,,,,
"1244, Isle-de-france",,Boucherville,,,464.7,1994,232400,367600,600000,2025,Logement,MAMH — Données Québec (rôle d'évaluation foncière),https://donneesouvertes.affmunqc.net/role/RL58033_2026.xml,,,,
"1225, Rossignols",,Boucherville,,,510.8,1997,252700,562900,815600,2025,Logement,MAMH — Données Québec (rôle d'évaluation foncière),https://donneesouvertes.affmunqc.net/role/RL58033_2026.xml,,,,
"1227, Rossignols",,Boucherville,,,522.3,1998,255600,301600,557200,2025,Logement,MAMH — Données Québec (rôle d'évaluation foncière),https://donneesouvertes.affmunqc.net/role/RL58033_2026.xml,,,,
"1245, Isle-de-france",,Boucherville,,,372.1,1994,176700,296100,472800,2025,Logement,MAMH — Données Québec (rôle d'évaluation foncière),https://donneesouvertes.affmunqc.net/role/RL58033_2026.xml,,,,
"1256, Isle-de-france",,Boucherville,,,560.9,1999,265200,425000,690200,2025,Logement,MAMH — Données Québec (rôle d'évaluation foncière),https://donneesouvertes.affmunqc.net/role/RL58033_2026.xml,,,,
"1247, Isle-de-france",,Boucherville,,,373.7,1997,177500,337300,514800,2025,Logement,MAMH — Données Québec (rôle d'évaluation foncière),https://donneesouvertes.affmunqc.net/role/RL58033_2026.xml,,,,
"1249, Isle-de-france",,Boucherville,,,375.3,2000,178300,354400,532700,2025,Logement,MAMH — Données Québec (rôle d'évaluation foncière),https://donneesouvertes.affmunqc.net/role/RL58033_2026.xml,,,,
"1258, Isle-de-france",,Boucherville,,,495,1997,247500,273000,520500,2025,Logement,MAMH — Données Québec (rôle d'évaluation foncière),https://donneesouvertes.affmunqc.net/role/RL58033_2026.xml,,,,
"1251, Isle-de-france",,Boucherville,,,376.9,1999,179000,323000,502000,2025,Logement,MAMH — Données Québec (rôle d'évaluation foncière),https://donneesouvertes.affmunqc.net/role/RL58033_2026.xml,,,,
"1253, Isle-de-france",,Boucherville,,,378.6,1997,179800,278500,458300,2025,Logement,MAMH — Données Québec (rôle d'évaluation foncière),https://donneesouvertes.affmunqc.net/role/RL58033_2026.xml,,,,
"1233, Isle-de-france",,Boucherville,,,639.8,1993,270600,348300,618900,2025,Logement,MAMH — Données Québec (rôle d'évaluation foncière),https://donneesouvertes.affmunqc.net/role/RL58033_2026.xml,,,,
"1235, Isle-de-france",,Boucherville,,,824.4,1993,314400,243400,557800,2025,Logement,MAMH — Données Québec (rôle d'évaluation foncière),https://donneesouvertes.affmunqc.net/role/RL58033_2026.xml,,,,
"1237, Isle-de-france",,Boucherville,,,555.5,1995,250700,317200,567900,2025,Logement,MAMH — Données Québec (rôle d'évaluation foncière),https://donneesouvertes.affmunqc.net/role/RL58033_2026.xml,,,,
"1239, Isle-de-france",,Boucherville,,,467.3,1995,222000,338900,560900,2025,Logement,MAMH — Données Québec (rôle d'évaluation foncière),https://donneesouvertes.affmunqc.net/role/RL58033_2026.xml,,,,
"1241, Isle-de-france",,Boucherville,,,468.6,1995,222600,365500,588100,2025,Logement,MAMH — Données Québec (rôle d'évaluation foncière),https://donneesouvertes.affmunqc.net/role/RL58033_2026.xml,,,,
"1260, De Montarville",,Boucherville,,,375,1993,150000,324800,474800,2025,Logement,MAMH — Données Québec (rôle d'évaluation foncière),https://donneesouvertes.affmunqc.net/role/RL58033_2026.xml,,,,
"298, Gascogne",,Boucherville,,,803.8,2000,309500,650800,960300,2025,Logement,MAMH — Données Québec (rôle d'évaluation foncière),https://donneesouvertes.affmunqc.net/role/RL58033_2026.xml,,,,
"304, Gascogne",,Boucherville,,,604.4,2000,262200,599400,861600,2025,Logement,MAMH — Données Québec (rôle d'évaluation foncière),https://donneesouvertes.affmunqc.net/role/RL58033_2026.xml,,,,
"306, Gascogne",,Boucherville,,,566.2,2005,253200,592800,846000,2025,Logement,MAMH — Données Québec (rôle d'évaluation foncière),https://donneesouvertes.affmunqc.net/role/RL58033_2026.xml,,,,
"314, Gascogne",,Boucherville,,,572.7,2007,254700,865500,1120200,2025,Logement,MAMH — Données Québec (rôle d'évaluation foncière),https://donneesouvertes.affmunqc.net/role/RL58033_2026.xml,,,,
"307, Gascogne",,Boucherville,,,570.7,2005,267700,566400,834100,2025,Logement,MAMH — Données Québec (rôle d'évaluation foncière),https://donneesouvertes.affmunqc.net/role/RL58033_2026.xml,,,,
"322, Gascogne",,Boucherville,,,572.7,2004,254700,650100,904800,2025,Logement,MAMH — Données Québec (rôle d'évaluation foncière),https://donneesouvertes.affmunqc.net/role/RL58033_2026.xml,,,,
"315, Gascogne",,Boucherville,,,574.6,2003,268700,619800,888500,2025,Logement,MAMH — Données Québec (rôle d'évaluation foncière),https://donneesouvertes.affmunqc.net/role/RL58033_2026.xml,,,,
"282, Champagne",,Boucherville,,,531.3,2002,257800,547700,805500,2025,Logement,MAMH — Données Québec (rôle d'évaluation foncière),https://donneesouvertes.affmunqc.net/role/RL58033_2026.xml,,,,
"289, Gascogne",,Boucherville,,,546.5,1998,261600,611300,872900,2025,Logement,MAMH — Données Québec (rôle d'évaluation foncière),https://donneesouvertes.affmunqc.net/role/RL58033_2026.xml,,,,
"284, Champagne",,Boucherville,,,531.3,2000,257800,517100,774900,2025,Logement,MAMH — Données Québec (rôle d'évaluation foncière),https://donneesouvertes.affmunqc.net/role/RL58033_2026.xml,,,,
"293, Gascogne",,Boucherville,,,540,2000,260000,542300,802300,2025,Logement,MAMH — Données Québec (rôle d'évaluation foncière),https://donneesouvertes.affmunqc.net/role/RL58033_2026.xml,,,,
"286, Champagne",,Boucherville,,,530.9,2001,257700,472400,730100,2025,Logement,MAMH — Données Québec (rôle d'évaluation foncière),https://donneesouvertes.affmunqc.net/role/RL58033_2026.xml,,,,
"295, Gascogne",,Boucherville,,,619,2001,279800,527000,806800,2025,Logement,MAMH — Données Québec (rôle d'évaluation foncière),https://donneesouvertes.affmunqc.net/role/RL58033_2026.xml,,,,
"290, Champagne",,Boucherville,,,562,2000,265500,647900,913400,2025,Logement,MAMH — Données Québec (rôle d'évaluation foncière),https://donneesouvertes.affmunqc.net/role/RL58033_2026.xml,,,,
"292, Champagne",,Boucherville,,,570.1,2001,267500,549900,817400,2025,Logement,MAMH — Données Québec (rôle d'évaluation foncière),https://donneesouvertes.affmunqc.net/role/RL58033_2026.xml,,,,
"285, Champagne",,Boucherville,,,566.6,2001,266700,504800,771500,2025,Logement,MAMH — Données Québec (rôle d'évaluation foncière),https://donneesouvertes.affmunqc.net/role/RL58033_2026.xml,,,,
"299, Gascogne",,Boucherville,,,641.4,2003,285400,894500,1179900,2025,Logement,MAMH — Données Québec (rôle d'évaluation foncière),https://donneesouvertes.affmunqc.net/role/RL58033_2026.xml,,,,
"289, Champagne",,Boucherville,,,573.7,2001,268400,356900,625300,2025,Logement,MAMH — Données Québec (rôle d'évaluation foncière),https://donneesouvertes.affmunqc.net/role/RL58033_2026.xml,,,,
"300, Alsace",,Boucherville,,,593.1,2002,273300,423100,696400,2025,Logement,MAMH — Données Québec (rôle d'évaluation foncière),https://donneesouvertes.affmunqc.net/role/RL58033_2026.xml,,,,
"302, Alsace",,Boucherville,,,557.2,2001,264300,431800,696100,2025,Logement,MAMH — Données Québec (rôle d'évaluation foncière),https://donneesouvertes.affmunqc.net/role/RL58033_2026.xml,,,,
"271, Champagne",,Boucherville,,,550.5,2003,262600,544600,807200,2025,Logement,MAMH — Données Québec (rôle d'évaluation foncière),https://donneesouvertes.affmunqc.net/role/RL58033_2026.xml,,,,
"273, Champagne",,Boucherville,,,486.8,2002,243400,551300,794700,2025,Logement,MAMH — Données Québec (rôle d'évaluation foncière),https://donneesouvertes.affmunqc.net/role/RL58033_2026.xml,,,,
"275, Champagne",,Boucherville,,,503.8,2003,251000,512400,763400,2025,Logement,MAMH — Données Québec (rôle d'évaluation foncière),https://donneesouvertes.affmunqc.net/role/RL58033_2026.xml,,,,
"261, Champagne",,Boucherville,,,557.2,2002,264300,398000,662300,2025,Logement,MAMH — Données Québec (rôle d'évaluation foncière),https://donneesouvertes.affmunqc.net/role/RL58033_2026.xml,,,,
"279, Champagne",,Boucherville,,,519.8,2001,255000,435700,690700,2025,Logement,MAMH — Données Québec (rôle d'évaluation foncière),https://donneesouvertes.affmunqc.net/role/RL58033_2026.xml,,,,
"259, Champagne",,Boucherville,,,515.7,2001,253900,492400,746300,2025,Logement,MAMH — Données Québec (rôle d'évaluation foncière),https://donneesouvertes.affmunqc.net/role/RL58033_2026.xml,,,,
"281, Champagne",,Boucherville,,,514.6,2001,253700,506700,760400,2025,Logement,MAMH — Données Québec (rôle d'évaluation foncière),https://donneesouvertes.affmunqc.net/role/RL58033_2026.xml,,,,
"257, Champagne",,Boucherville,,,487.8,2000,243900,452500,696400,2025,Logement,MAMH — Données Québec (rôle d'évaluation foncière),https://donneesouvertes.affmunqc.net/role/RL58033_2026.xml,,,,
"283, Champagne",,Boucherville,,,510.1,2002,252500,404400,656900,2025,Logement,MAMH — Données Québec (rôle d'évaluation foncière),https://donneesouvertes.affmunqc.net/role/RL58033_2026.xml,,,,
"255, Champagne",,Boucherville,,,481.8,2000,240900,351800,592700,2025,Logement,MAMH — Données Québec (rôle d'évaluation foncière),https://donneesouvertes.affmunqc.net/role/RL58033_2026.xml,,,,
"251, Champagne",,Boucherville,,,512.8,2000,253200,514100,767300,2025,Logement,MAMH — Données Québec (rôle d'évaluation foncière),https://donneesouvertes.affmunqc.net/role/RL58033_2026.xml,,,,
"258, Champagne",,Boucherville,,,479.3,2001,239700,450800,690500,2025,Logement,MAMH — Données Québec (rôle d'évaluation foncière),https://donneesouvertes.affmunqc.net/role/RL58033_2026.xml,,,,
"249, Champagne",,Boucherville,,,534.5,2000,258600,495800,754400,2025,Logement,MAMH — Données Québec (rôle d'évaluation foncière),https://donneesouvertes.affmunqc.net/role/RL58033_2026.xml,,,,
"256, Champagne",,Boucherville,,,486.6,2001,243300,393400,636700,2025,Logement,MAMH — Données Québec (rôle d'évaluation foncière),https://donneesouvertes.affmunqc.net/role/RL58033_2026.xml,,,,
"247, Champagne",,Boucherville,,,578.4,2002,269600,461300,730900,2025,Logement,MAMH — Données Québec (rôle d'évaluation foncière),https://donneesouvertes.affmunqc.net/role/RL58033_2026.xml,,,,
"252, Champagne",,Boucherville,,,487.8,2001,243900,298000,541900,2025,Logement,MAMH — Données Québec (rôle d'évaluation foncière),https://donneesouvertes.affmunqc.net/role/RL58033_2026.xml,,,,
"376, Languedoc",,Boucherville,,,432.74,2000,216400,325100,541500,2025,Logement,MAMH — Données Québec (rôle d'évaluation foncière),https://donneesouvertes.affmunqc.net/role/RL58033_2026.xml,,,,
"260, Champagne",,Boucherville,,,466.8,2001,233400,526200,759600,2025,Logement,MAMH — Données Québec (rôle d'évaluation foncière),https://donneesouvertes.affmunqc.net/role/RL58033_2026.xml,,,,
"357, Vendée",,Boucherville,,,326.3,1998,163200,261500,424700,2025,Logement,MAMH — Données Québec (rôle d'évaluation foncière),https://donneesouvertes.affmunqc.net/role/RL58033_2026.xml,,,,
"359, Vendée",,Boucherville,,,326.3,1998,163200,281500,444700,2025,Logement,MAMH — Données Québec (rôle d'évaluation foncière),https://donneesouvertes.affmunqc.net/role/RL58033_2026.xml,,,,
"361, Vendée",,Boucherville,,,326.3,1998,163200,284600,447800,2025,Logement,MAMH — Données Québec (rôle d'évaluation foncière),https://donneesouvertes.affmunqc.net/role/RL58033_2026.xml,,,,
"363, Vendée",,Boucherville,,,326.3,1999,163200,266800,430000,2025,Logement,MAMH — Données Québec (rôle d'évaluation foncière),https://donneesouvertes.affmunqc.net/role/RL58033_2026.xml,,,,
"365, Vendée",,Boucherville,,,326.3,1998,163200,315400,478600,2025,Logement,MAMH — Données Québec (rôle d'évaluation foncière),https://donneesouvertes.affmunqc.net/role/RL58033_2026.xml,,,,
"367, Vendée",,Boucherville,,,326.3,1998,163200,290900,454100,2025,Logement,MAMH — Données Québec (rôle d'évaluation foncière),https://donneesouvertes.affmunqc.net/role/RL58033_2026.xml,,,,
"369, Vendée",,Boucherville,,,326.3,1998,163200,308300,471500,2025,Logement,MAMH — Données Québec (rôle d'évaluation foncière),https://donneesouvertes.affmunqc.net/role/RL58033_2026.xml,,,,
"371, Vendée",,Boucherville,,,326.3,1998,163200,255800,419000,2025,Logement,MAMH — Données Québec (rôle d'évaluation foncière),https://donneesouvertes.affmunqc.net/role/RL58033_2026.xml,,,,
"373, Vendée",,Boucherville,,,326.3,1999,163200,290800,454000,2025,Logement,MAMH — Données Québec (rôle d'évaluation foncière),https://donneesouvertes.affmunqc.net/role/RL58033_2026.xml,,,,
"375, Vendée",,Boucherville,,,326.3,1999,163200,273700,436900,2025,Logement,MAMH — Données Québec (rôle d'évaluation foncière),https://donneesouvertes.affmunqc.net/role/RL58033_2026.xml,,,,
"377, Vendée",,Boucherville,,,326.3,1999,163200,272700,435900,2025,Logement,MAMH — Données Québec (rôle d'évaluation foncière),https://donneesouvertes.affmunqc.net/role/RL58033_2026.xml,,,,
"379, Vendée",,Boucherville,,,326.3,1999,163200,270500,433700,2025,Logement,MAMH — Données Québec (rôle d'évaluation foncière),https://donneesouvertes.affmunqc.net/role/RL58033_2026.xml,,,,
"381, Vendée",,Boucherville,,,326.3,1999,163200,307300,470500,2025,Logement,MAMH — Données Québec (rôle d'évaluation foncière),https://donneesouvertes.affmunqc.net/role/RL58033_2026.xml,,,,
"383, Vendée",,Boucherville,,,326.3,1999,163200,301100,464300,2025,Logement,MAMH — Données Québec (rôle d'évaluation foncière),https://donneesouvertes.affmunqc.net/role/RL58033_2026.xml,,,,
"385, Vendée",,Boucherville,,,326.3,1999,163200,333900,497100,2025,Logement,MAMH — Données Québec (rôle d'évaluation foncière),https://donneesouvertes.affmunqc.net/role/RL58033_2026.xml,,,,
"387, Vendée",,Boucherville,,,326.3,1999,163200,278700,441900,2025,Logement,MAMH — Données Québec (rôle d'évaluation foncière),https://donneesouvertes.affmunqc.net/role/RL58033_2026.xml,,,,
"351, Vendée",,Boucherville,,,604.2,1998,276100,536400,812500,2025,Logement,MAMH — Données Québec (rôle d'évaluation foncière),https://donneesouvertes.affmunqc.net/role/RL58033_2026.xml,,,,
"390, Languedoc",,Boucherville,,,603.7,1999,275900,485600,761500,2025,Logement,MAMH — Données Québec (rôle d'évaluation foncière),https://donneesouvertes.affmunqc.net/role/RL58033_2026.xml,,,,
"389, Vendée",,Boucherville,,,528.1,1999,257000,507100,764100,2025,Logement,MAMH — Données Québec (rôle d'évaluation foncière),https://donneesouvertes.affmunqc.net/role/RL58033_2026.xml,,,,
"393, Vendée",,Boucherville,,,459.5,1998,229800,425500,655300,2025,Logement,MAMH — Données Québec (rôle d'évaluation foncière),https://donneesouvertes.affmunqc.net/role/RL58033_2026.xml,,,,
"394, Vendée",,Boucherville,,,575.2,1998,268800,438400,707200,2025,Logement,MAMH — Données Québec (rôle d'évaluation foncière),https://donneesouvertes.affmunqc.net/role/RL58033_2026.xml,,,,
"396, Vendée",,Boucherville,,,533.8,1999,258500,492200,750700,2025,Logement,MAMH — Données Québec (rôle d'évaluation foncière),https://donneesouvertes.affmunqc.net/role/RL58033_2026.xml,,,,
"350, Vendée",,Boucherville,,,498.9,2001,249500,322000,571500,2025,Logement,MAMH — Données Québec (rôle d'évaluation foncière),https://donneesouvertes.affmunqc.net/role/RL58033_2026.xml,,,,
"398, Vendée",,Boucherville,,,533.8,1999,258500,475000,733500,2025,Logement,MAMH — Données Québec (rôle d'évaluation foncière),https://donneesouvertes.affmunqc.net/role/RL58033_2026.xml,,,,
"348, Vendée",,Boucherville,,,457.5,1998,228800,365500,594300,2025,Logement,MAMH — Données Québec (rôle d'évaluation foncière),https://donneesouvertes.affmunqc.net/role/RL58033_2026.xml,,,,
"400, Vendée",,Boucherville,,,533.8,1999,258500,300900,559400,2025,Logement,MAMH — Données Québec (rôle d'évaluation foncière),https://donneesouvertes.affmunqc.net/role/RL58033_2026.xml,,,,
"346, Vendée",,Boucherville,,,457.5,1998,228800,510100,738900,2025,Logement,MAMH — Données Québec (rôle d'évaluation foncière),https://donneesouvertes.affmunqc.net/role/RL58033_2026.xml,,,,
"390, Dijon",,Boucherville,,,457.5,1997,228800,445600,674400,2025,Logement,MAMH — Données Québec (rôle d'évaluation foncière),https://donneesouvertes.affmunqc.net/role/RL58033_2026.xml,,,,
"394, Dijon",,Boucherville,,,457.5,1997,228800,459000,687800,2025,Logement,MAMH — Données Québec (rôle d'évaluation foncière),https://donneesouvertes.affmunqc.net/role/RL58033_2026.xml,,,,
"396, Dijon",,Boucherville,,,457.5,1998,228800,430700,659500,2025,Logement,MAMH — Données Québec (rôle d'évaluation foncière),https://donneesouvertes.affmunqc.net/role/RL58033_2026.xml,,,,
"395, Vendée",,Boucherville,,,457.5,1998,228800,446600,675400,2025,Logement,MAMH — Données Québec (rôle d'évaluation foncière),https://donneesouvertes.affmunqc.net/role/RL58033_2026.xml,,,,
"400, Dijon",,Boucherville,,,457.5,1997,228800,400500,629300,2025,Logement,MAMH — Données Québec (rôle d'évaluation foncière),https://donneesouvertes.affmunqc.net/role/RL58033_2026.xml,,,,
"397, Vendée",,Boucherville,,,457.5,1998,228800,440200,669000,2025,Logement,MAMH — Données Québec (rôle d'évaluation foncière),https://donneesouvertes.affmunqc.net/role/RL58033_2026.xml,,,,
"402, Dijon",,Boucherville,,,457.5,1997,228800,365900,594700,2025,Logement,MAMH — Données Québec (rôle d'évaluation foncière),https://donneesouvertes.affmunqc.net/role/RL58033_2026.xml,,,,
"399, Vendée",,Boucherville,,,457.5,2000,228800,416200,645000,2025,Logement,MAMH — Données Québec (rôle d'évaluation foncière),https://donneesouvertes.affmunqc.net/role/RL58033_2026.xml,,,,
"404, Dijon",,Boucherville,,,457.5,1998,228800,435900,664700,2025,Logement,MAMH — Données Québec (rôle d'évaluation foncière),https://donneesouvertes.affmunqc.net/role/RL58033_2026.xml,,,,
"403, Vendée",,Boucherville,,,457.5,1998,228800,395900,624700,2025,Logement,MAMH — Données Québec (rôle d'évaluation foncière),https://donneesouvertes.affmunqc.net/role/RL58033_2026.xml,,,,
"408, Dijon",,Boucherville,,,457.5,1998,228800,495100,723900,2025,Logement,MAMH — Données Québec (rôle d'évaluation foncière),https://donneesouvertes.affmunqc.net/role/RL58033_2026.xml,,,,
"405, Vendée",,Boucherville,,,457.5,1998,228800,450000,678800,2025,Logement,MAMH — Données Québec (rôle d'évaluation foncière),https://donneesouvertes.affmunqc.net/role/RL58033_2026.xml,,,,
"410, Dijon",,Boucherville,,,541.3,1999,260300,355500,615800,2025,Logement,MAMH — Données Québec (rôle d'évaluation foncière),https://donneesouvertes.affmunqc.net/role/RL58033_2026.xml,,,,
"407, Vendée",,Boucherville,,,497.5,2002,248800,454900,703700,2025,Logement,MAMH — Données Québec (rôle d'évaluation foncière),https://donneesouvertes.affmunqc.net/role/RL58033_2026.xml,,,,
"1264, Isle-de-france",,Boucherville,,,559.9,1998,265000,356500,621500,2025,Logement,MAMH — Données Québec (rôle d'évaluation foncière),https://donneesouvertes.affmunqc.net/role/RL58033_2026.xml,,,,
"1281, Isle-de-france",,Boucherville,,,341.6,1997,162300,276300,438600,2025,Logement,MAMH — Données Québec (rôle d'évaluation foncière),https://donneesouvertes.affmunqc.net/role/RL58033_2026.xml,,,,
"1279, Isle-de-france",,Boucherville,,,341.6,1997,162300,293300,455600,2025,Logement,MAMH — Données Québec (rôle d'évaluation foncière),https://donneesouvertes.affmunqc.net/role/RL58033_2026.xml,,,,
"405, Dijon",,Boucherville,,,602.3,1995,275600,568000,843600,2025,Logement,MAMH — Données Québec (rôle d'évaluation foncière),https://donneesouvertes.affmunqc.net/role/RL58033_2026.xml,,,,
"1277, Isle-de-france",,Boucherville,,,341.6,1997,162300,325300,487600,2025,Logement,MAMH — Données Québec (rôle d'évaluation foncière),https://donneesouvertes.affmunqc.net/role/RL58033_2026.xml,,,,
"1275, Isle-de-france",,Boucherville,,,341.6,1998,162300,308200,470500,2025,Logement,MAMH — Données Québec (rôle d'évaluation foncière),https://donneesouvertes.affmunqc.net/role/RL58033_2026.xml,,,,
"407, Dijon",,Boucherville,,,457.5,1995,228800,493700,722500,2025,Logement,MAMH — Données Québec (rôle d'évaluation foncière),https://donneesouvertes.affmunqc.net/role/RL58033_2026.xml,,,,
"1273, Isle-de-france",,Boucherville,,,465.1,1999,220900,303400,524300,2025,Logement,MAMH — Données Québec (rôle d'évaluation foncière),https://donneesouvertes.affmunqc.net/role/RL58033_2026.xml,,,,
"411, Dijon",,Boucherville,,,461,1995,230500,462300,692800,2025,Logement,MAMH — Données Québec (rôle d'évaluation foncière),https://donneesouvertes.affmunqc.net/role/RL58033_2026.xml,,,,
"415, Dijon",,Boucherville,,,457.5,1997,228800,469600,698400,2025,Logement,MAMH — Données Québec (rôle d'évaluation foncière),https://donneesouvertes.affmunqc.net/role/RL58033_2026.xml,,,,
"1271, Isle-de-france",,Boucherville,,,724.7,1994,290800,321200,612000,2025,Logement,MAMH — Données Québec (rôle d'évaluation foncière),https://donneesouvertes.affmunqc.net/role/RL58033_2026.xml,,,,
"1269, Isle-de-france",,Boucherville,,,827.1,1994,315000,293900,608900,2025,Logement,MAMH — Données Québec (rôle d'évaluation foncière),https://donneesouvertes.affmunqc.net/role/RL58033_2026.xml,,,,
"417, Dijon",,Boucherville,,,457.5,1998,228800,395000,623800,2025,Logement,MAMH — Données Québec (rôle d'évaluation foncière),https://donneesouvertes.affmunqc.net/role/RL58033_2026.xml,,,,
"419, Dijon",,Boucherville,,,457.5,1997,228800,399700,628500,2025,Logement,MAMH — Données Québec (rôle d'évaluation foncière),https://donneesouvertes.affmunqc.net/role/RL58033_2026.xml,,,,
"421, Dijon",,Boucherville,,,457.5,1998,228800,332100,560900,2025,Logement,MAMH — Données Québec (rôle d'évaluation foncière),https://donneesouvertes.affmunqc.net/role/RL58033_2026.xml,,,,
"1255, Isle-de-france",,Boucherville,,,380.1,1998,180500,291800,472300,2025,Logement,MAMH — Données Québec (rôle d'évaluation foncière),https://donneesouvertes.affmunqc.net/role/RL58033_2026.xml,,,,
"1257, Isle-de-france",,Boucherville,,,380.5,1998,180700,316300,497000,2025,Logement,MAMH — Données Québec (rôle d'évaluation foncière),https://donneesouvertes.affmunqc.net/role/RL58033_2026.xml,,,,
"1259, Isle-de-france",,Boucherville,,,380.4,1997,180700,274200,454900,2025,Logement,MAMH — Données Québec (rôle d'évaluation foncière),https://donneesouvertes.affmunqc.net/role/RL58033_2026.xml,,,,
"1261, Isle-de-france",,Boucherville,,,481.3,1999,228600,247200,475800,2025,Logement,MAMH — Données Québec (rôle d'évaluation foncière),https://donneesouvertes.affmunqc.net/role/RL58033_2026.xml,,,,
"1265, Isle-de-france",,Boucherville,,,481.2,1999,228600,344700,573300,2025,Logement,MAMH — Données Québec (rôle d'évaluation foncière),https://donneesouvertes.affmunqc.net/role/RL58033_2026.xml,,,,
"1267, Isle-de-france",,Boucherville,,,529.4,1999,244500,350700,595200,2025,Logement,MAMH — Données Québec (rôle d'évaluation foncière),https://donneesouvertes.affmunqc.net/role/RL58033_2026.xml,,,,
"1280, De Montarville",,Boucherville,,,296.5,1994,118600,351400,470000,2025,Logement,MAMH — Données Québec (rôle d'évaluation foncière),https://donneesouvertes.affmunqc.net/role/RL58033_2026.xml,,,,
"1270, De Montarville",,Boucherville,,,334.5,1994,133800,338200,472000,2025,Logement,MAMH — Données Québec (rôle d'évaluation foncière),https://donneesouvertes.affmunqc.net/role/RL58033_2026.xml,,,,
"328, Gascogne",,Boucherville,,,572.7,2004,254700,901800,1156500,2025,Logement,MAMH — Données Québec (rôle d'évaluation foncière),https://donneesouvertes.affmunqc.net/role/RL58033_2026.xml,,,,
"323, Gascogne",,Boucherville,,,574.9,2004,268700,683500,952200,2025,Logement,MAMH — Données Québec (rôle d'évaluation foncière),https://donneesouvertes.affmunqc.net/role/RL58033_2026.xml,,,,
"336, Gascogne",,Boucherville,,,572.7,2005,254700,823200,1077900,2025,Logement,MAMH — Données Québec (rôle d'évaluation foncière),https://donneesouvertes.affmunqc.net/role/RL58033_2026.xml,,,,
"329, Gascogne",,Boucherville,,,568.3,2004,267100,867800,1134900,2025,Logement,MAMH — Données Québec (rôle d'évaluation foncière),https://donneesouvertes.affmunqc.net/role/RL58033_2026.xml,,,,
"342, Gascogne",,Boucherville,,,541.5,2004,247300,809700,1057000,2025,Logement,MAMH — Données Québec (rôle d'évaluation foncière),https://donneesouvertes.affmunqc.net/role/RL58033_2026.xml,,,,
"310, Alsace",,Boucherville,,,541.8,2003,260500,446900,707400,2025,Logement,MAMH — Données Québec (rôle d'évaluation foncière),https://donneesouvertes.affmunqc.net/role/RL58033_2026.xml,,,,
"337, Gascogne",,Boucherville,,,576.8,2005,269200,543300,812500,2025,Logement,MAMH — Données Québec (rôle d'évaluation foncière),https://donneesouvertes.affmunqc.net/role/RL58033_2026.xml,,,,
"348, Gascogne",,Boucherville,,,541.5,2005,247300,584400,831700,2025,Logement,MAMH — Données Québec (rôle d'évaluation foncière),https://donneesouvertes.affmunqc.net/role/RL58033_2026.xml,,,,
"312, Alsace",,Boucherville,,,534.7,2003,258700,548900,807600,2025,Logement,MAMH — Données Québec (rôle d'évaluation foncière),https://donneesouvertes.affmunqc.net/role/RL58033_2026.xml,,,,
"343, Gascogne",,Boucherville,,,540.2,2004,260100,508600,768700,2025,Logement,MAMH — Données Québec (rôle d'évaluation foncière),https://donneesouvertes.affmunqc.net/role/RL58033_2026.xml,,,,
"350, Gascogne",,Boucherville,,,541.5,2005,247300,541000,788300,2025,Logement,MAMH — Données Québec (rôle d'évaluation foncière),https://donneesouvertes.affmunqc.net/role/RL58033_2026.xml,,,,
"314, Alsace",,Boucherville,,,541.9,2002,260500,576700,837200,2025,Logement,MAMH — Données Québec (rôle d'évaluation foncière),https://donneesouvertes.affmunqc.net/role/RL58033_2026.xml,,,,
"349, Gascogne",,Boucherville,,,540.7,2004,260200,563400,823600,2025,Logement,MAMH — Données Québec (rôle d'évaluation foncière),https://donneesouvertes.affmunqc.net/role/RL58033_2026.xml,,,,
"354, Gascogne",,Boucherville,,,541.5,2004,247300,603200,850500,2025,Logement,MAMH — Données Québec (rôle d'évaluation foncière),https://donneesouvertes.affmunqc.net/role/RL58033_2026.xml,,,,
"316, Alsace",,Boucherville,,,534,2002,258500,639700,898200,2025,Logement,MAMH — Données Québec (rôle d'évaluation foncière),https://donneesouvertes.affmunqc.net/role/RL58033_2026.xml,,,,
"301, Alsace",,Boucherville,,,566.9,2002,266700,504600,771300,2025,Logement,MAMH — Données Québec (rôle d'évaluation foncière),https://donneesouvertes.affmunqc.net/role/RL58033_2026.xml,,,,
"304, Alsace",,Boucherville,,,535.9,2002,259000,390500,649500,2025,Logement,MAMH — Données Québec (rôle d'évaluation foncière),https://donneesouvertes.affmunqc.net/role/RL58033_2026.xml,,,,
"303, Alsace",,Boucherville,,,506.7,2002,251700,418000,669700,2025,Logement,MAMH — Données Québec (rôle d'évaluation foncière),https://donneesouvertes.affmunqc.net/role/RL58033_2026.xml,,,,
"355, Alsace",,Boucherville,,,573.2,2003,268300,485400,753700,2025,Logement,MAMH — Données Québec (rôle d'évaluation foncière),https://donneesouvertes.affmunqc.net/role/RL58033_2026.xml,,,,
"306, Alsace",,Boucherville,,,538.4,2003,259600,400500,660100,2025,Logement,MAMH — Données Québec (rôle d'évaluation foncière),https://donneesouvertes.affmunqc.net/role/RL58033_2026.xml,,,,
"305, Alsace",,Boucherville,,,480.2,2002,240100,361000,601100,2025,Logement,MAMH — Données Québec (rôle d'évaluation foncière),https://donneesouvertes.affmunqc.net/role/RL58033_2026.xml,,,,
"353, Alsace",,Boucherville,,,495.7,2003,247900,465100,713000,2025,Logement,MAMH — Données Québec (rôle d'évaluation foncière),https://donneesouvertes.affmunqc.net/role/RL58033_2026.xml,,,,
"307, Alsace",,Boucherville,,,482.5,2002,241300,407100,648400,2025,Logement,MAMH — Données Québec (rôle d'évaluation foncière),https://donneesouvertes.affmunqc.net/role/RL58033_2026.xml,,,,
"351, Alsace",,Boucherville,,,481.1,2001,240600,357500,598100,2025,Logement,MAMH — Données Québec (rôle d'évaluation foncière),https://donneesouvertes.affmunqc.net/role/RL58033_2026.xml,,,,
"311, Alsace",,Boucherville,,,511.1,2001,252800,448200,701000,2025,Logement,MAMH — Données Québec (rôle d'évaluation foncière),https://donneesouvertes.affmunqc.net/role/RL58033_2026.xml,,,,
"347, Alsace",,Boucherville,,,470.9,2002,235500,765300,1000800,2025,Logement,MAMH — Données Québec (rôle d'évaluation foncière),https://donneesouvertes.affmunqc.net/role/RL58033_2026.xml,,,,
"313, Alsace",,Boucherville,,,490.9,2002,245500,503200,748700,2025,Logement,MAMH — Données Québec (rôle d'évaluation foncière),https://donneesouvertes.affmunqc.net/role/RL58033_2026.xml,,,,
"345, Alsace",,Boucherville,,,469.4,2002,234700,365800,600500,2025,Logement,MAMH — Données Québec (rôle d'évaluation foncière),https://donneesouvertes.affmunqc.net/role/RL58033_2026.xml,,,,
"343, Alsace",,Boucherville,,,502.7,2003,250700,467400,718100,2025,Logement,MAMH — Données Québec (rôle d'évaluation foncière),https://donneesouvertes.affmunqc.net/role/RL58033_2026.xml,,,,
"248, Champagne",,Boucherville,,,483,2001,241500,660200,901700,2025,Logement,MAMH — Données Québec (rôle d'évaluation foncière),https://donneesouvertes.affmunqc.net/role/RL58033_2026.xml,,,,
"246, Champagne",,Boucherville,,,569.3,2001,267300,449500,716800,2025,Logement,MAMH — Données Québec (rôle d'évaluation foncière),https://donneesouvertes.affmunqc.net/role/RL58033_2026.xml,,,,
"366, Languedoc",,Boucherville,,,557.7,1999,264400,474000,738400,2025,Logement,MAMH — Données Québec (rôle d'évaluation foncière),https://donneesouvertes.affmunqc.net/role/RL58033_2026.xml,,,,
"362, Languedoc",,Boucherville,,,581.7,2000,270400,408400,678800,2025,Logement,MAMH — Données Québec (rôle d'évaluation foncière),https://donneesouvertes.affmunqc.net/role/RL58033_2026.xml,,,,
"352, Alsace",,Boucherville,,,603.9,2002,276000,517300,793300,2025,Logement,MAMH — Données Québec (rôle d'évaluation foncière),https://donneesouvertes.affmunqc.net/role/RL58033_2026.xml,,,,
"360, Languedoc",,Boucherville,,,584,2000,271000,408600,679600,2025,Logement,MAMH — Données Québec (rôle d'évaluation foncière),https://donneesouvertes.affmunqc.net/role/RL58033_2026.xml,,,,
"350, Alsace",,Boucherville,,,525,2003,256300,401200,657500,2025,Logement,MAMH — Données Québec (rôle d'évaluation foncière),https://donneesouvertes.affmunqc.net/role/RL58033_2026.xml,,,,
"346, Alsace",,Boucherville,,,523.2,2000,255800,522100,777900,2025,Logement,MAMH — Données Québec (rôle d'évaluation foncière),https://donneesouvertes.affmunqc.net/role/RL58033_2026.xml,,,,
"358, Languedoc",,Boucherville,,,503.6,1999,250900,442100,693000,2025,Logement,MAMH — Données Québec (rôle d'évaluation foncière),https://donneesouvertes.affmunqc.net/role/RL58033_2026.xml,,,,
"356, Languedoc",,Boucherville,,,498.1,1999,249100,512300,761400,2025,Logement,MAMH — Données Québec (rôle d'évaluation foncière),https://donneesouvertes.affmunqc.net/role/RL58033_2026.xml,,,,
"344, Alsace",,Boucherville,,,528,2001,257000,432100,689100,2025,Logement,MAMH — Données Québec (rôle d'évaluation foncière),https://donneesouvertes.affmunqc.net/role/RL58033_2026.xml,,,,
"368, Languedoc",,Boucherville,,,537.5,2000,259400,602200,861600,2025,Logement,MAMH — Données Québec (rôle d'évaluation foncière),https://donneesouvertes.affmunqc.net/role/RL58033_2026.xml,,,,
"375, Languedoc",,Boucherville,,,297.52,1999,148800,394500,543300,2025,Logement,MAMH — Données Québec (rôle d'évaluation foncière),https://donneesouvertes.affmunqc.net/role/RL58033_2026.xml,,,,
"392, Languedoc",,Boucherville,,,532,1999,258000,513700,771700,2025,Logement,MAMH — Données Québec (rôle d'évaluation foncière),https://donneesouvertes.affmunqc.net/role/RL58033_2026.xml,,,,
"396, Languedoc",,Boucherville,,,511.1,1999,252800,372300,625100,2025,Logement,MAMH — Données Québec (rôle d'évaluation foncière),https://donneesouvertes.affmunqc.net/role/RL58033_2026.xml,,,,
"398, Languedoc",,Boucherville,,,496.9,1999,248500,559600,808100,2025,Logement,MAMH — Données Québec (rôle d'évaluation foncière),https://donneesouvertes.affmunqc.net/role/RL58033_2026.xml,,,,
"395, Languedoc",,Boucherville,,,603.5,1999,275900,482200,758100,2025,Logement,MAMH — Données Québec (rôle d'évaluation foncière),https://donneesouvertes.affmunqc.net/role/RL58033_2026.xml,,,,
"397, Languedoc",,Boucherville,,,517.8,1999,254500,457700,712200,2025,Logement,MAMH — Données Québec (rôle d'évaluation foncière),https://donneesouvertes.affmunqc.net/role/RL58033_2026.xml,,,,
"399, Languedoc",,Boucherville,,,488.8,1999,244400,343100,587500,2025,Logement,MAMH — Données Québec (rôle d'évaluation foncière),https://donneesouvertes.affmunqc.net/role/RL58033_2026.xml,,,,
"403, Languedoc",,Boucherville,,,524,2000,256000,513400,769400,2025,Logement,MAMH — Données Québec (rôle d'évaluation foncière),https://donneesouvertes.affmunqc.net/role/RL58033_2026.xml,,,,
"405, Languedoc",,Boucherville,,,524,2000,256000,492100,748100,2025,Logement,MAMH — Données Québec (rôle d'évaluation foncière),https://donneesouvertes.affmunqc.net/role/RL58033_2026.xml,,,,
"349, Vendée",,Boucherville,,,467.5,2000,233800,517100,750900,2025,Logement,MAMH — Données Québec (rôle d'évaluation foncière),https://donneesouvertes.affmunqc.net/role/RL58033_2026.xml,,,,
"344, Vendée",,Boucherville,,,457.5,1999,228800,459000,687800,2025,Logement,MAMH — Données Québec (rôle d'évaluation foncière),https://donneesouvertes.affmunqc.net/role/RL58033_2026.xml,,,,
"347, Vendée",,Boucherville,,,457.7,1999,228900,486800,715700,2025,Logement,MAMH — Données Québec (rôle d'évaluation foncière),https://donneesouvertes.affmunqc.net/role/RL58033_2026.xml,,,,
"340, Vendée",,Boucherville,,,457.5,1999,228800,509000,737800,2025,Logement,MAMH — Données Québec (rôle d'évaluation foncière),https://donneesouvertes.affmunqc.net/role/RL58033_2026.xml,,,,
"345, Vendée",,Boucherville,,,457.5,1998,228800,369900,598700,2025,Logement,MAMH — Données Québec (rôle d'évaluation foncière),https://donneesouvertes.affmunqc.net/role/RL58033_2026.xml,,,,
"338, Vendée",,Boucherville,,,457.5,1999,228800,459700,688500,2025,Logement,MAMH — Données Québec (rôle d'évaluation foncière),https://donneesouvertes.affmunqc.net/role/RL58033_2026.xml,,,,
"341, Vendée",,Boucherville,,,457.5,1998,228800,326500,555300,2025,Logement,MAMH — Données Québec (rôle d'évaluation foncière),https://donneesouvertes.affmunqc.net/role/RL58033_2026.xml,,,,
"336, Vendée",,Boucherville,,,457.5,1999,228800,451800,680600,2025,Logement,MAMH — Données Québec (rôle d'évaluation foncière),https://donneesouvertes.affmunqc.net/role/RL58033_2026.xml,,,,
"400, Languedoc",,Boucherville,,,477.1,1999,238600,493700,732300,2025,Logement,MAMH — Données Québec (rôle d'évaluation foncière),https://donneesouvertes.affmunqc.net/role/RL58033_2026.xml,,,,
"339, Vendée",,Boucherville,,,457.5,1999,228800,298900,527700,2025,Logement,MAMH — Données Québec (rôle d'évaluation foncière),https://donneesouvertes.affmunqc.net/role/RL58033_2026.xml,,,,
"402, Languedoc",,Boucherville,,,477.2,2000,238600,463200,701800,2025,Logement,MAMH — Données Québec (rôle d'évaluation foncière),https://donneesouvertes.affmunqc.net/role/RL58033_2026.xml,,,,
"337, Vendée",,Boucherville,,,457.5,1999,228800,517000,745800,2025,Logement,MAMH — Données Québec (rôle d'évaluation foncière),https://donneesouvertes.affmunqc.net/role/RL58033_2026.xml,,,,
"406, Languedoc",,Boucherville,,,475.9,2000,238000,411800,649800,2025,Logement,MAMH — Données Québec (rôle d'évaluation foncière),https://donneesouvertes.affmunqc.net/role/RL58033_2026.xml,,,,
"335, Vendée",,Boucherville,,,457.5,1998,228800,326100,554900,2025,Logement,MAMH — Données Québec (rôle d'évaluation foncière),https://donneesouvertes.affmunqc.net/role/RL58033_2026.xml,,,,
"408, Languedoc",,Boucherville,,,476,2000,238000,468800,706800,2025,Logement,MAMH — Données Québec (rôle d'évaluation foncière),https://donneesouvertes.affmunqc.net/role/RL58033_2026.xml,,,,
"333, Vendée",,Boucherville,,,517.5,1999,254400,468500,722900,2025,Logement,MAMH — Données Québec (rôle d'évaluation foncière),https://donneesouvertes.affmunqc.net/role/RL58033_2026.xml,,,,
"410, Languedoc",,Boucherville,,,476.1,1999,238100,453200,691300,2025,Logement,MAMH — Données Québec (rôle d'évaluation foncière),https://donneesouvertes.affmunqc.net/role/RL58033_2026.xml,,,,
"409, Vendée",,Boucherville,,,517.5,2002,254400,449000,703400,2025,Logement,MAMH — Données Québec (rôle d'évaluation foncière),https://donneesouvertes.affmunqc.net/role/RL58033_2026.xml,,,,
"404, Vendée",,Boucherville,,,533.8,1999,258500,478600,737100,2025,Logement,MAMH — Données Québec (rôle d'évaluation foncière),https://donneesouvertes.affmunqc.net/role/RL58033_2026.xml,,,,
"406, Vendée",,Boucherville,,,533.8,1999,258500,421500,680000,2025,Logement,MAMH — Données Québec (rôle d'évaluation foncière),https://donneesouvertes.affmunqc.net/role/RL58033_2026.xml,,,,
"408, Vendée",,Boucherville,,,498.9,2001,249500,383500,633000,2025,Logement,MAMH — Données Québec (rôle d'évaluation foncière),https://donneesouvertes.affmunqc.net/role/RL58033_2026.xml,,,,
"1273, Picardie",,Boucherville,,,360.3,1998,180200,424100,604300,2025,Logement,MAMH — Données Québec (rôle d'évaluation foncière),https://donneesouvertes.affmunqc.net/role/RL58033_2026.xml,,,,
"1277, Picardie",,Boucherville,,,360.3,1998,180200,311100,491300,2025,Logement,MAMH — Données Québec (rôle d'évaluation foncière),https://donneesouvertes.affmunqc.net/role/RL58033_2026.xml,,,,
"334, Vendée",,Boucherville,,,498.9,2002,249500,513900,763400,2025,Logement,MAMH — Données Québec (rôle d'évaluation foncière),https://donneesouvertes.affmunqc.net/role/RL58033_2026.xml,,,,
"1279, Picardie",,Boucherville,,,360.3,1998,180200,399500,579700,2025,Logement,MAMH — Données Québec (rôle d'évaluation foncière),https://donneesouvertes.affmunqc.net/role/RL58033_2026.xml,,,,
"1281, Picardie",,Boucherville,,,360.3,1999,180200,287600,467800,2025,Logement,MAMH — Données Québec (rôle d'évaluation foncière),https://donneesouvertes.affmunqc.net/role/RL58033_2026.xml,,,,
"1283, Picardie",,Boucherville,,,360.3,2000,180200,356500,536700,2025,Logement,MAMH — Données Québec (rôle d'évaluation foncière),https://donneesouvertes.affmunqc.net/role/RL58033_2026.xml,,,,
"1287, Picardie",,Boucherville,,,360.3,1999,180200,414500,594700,2025,Logement,MAMH — Données Québec (rôle d'évaluation foncière),https://donneesouvertes.affmunqc.net/role/RL58033_2026.xml,,,,
"1289, Picardie",,Boucherville,,,360.3,1999,180200,331000,511200,2025,Logement,MAMH — Données Québec (rôle d'évaluation foncière),https://donneesouvertes.affmunqc.net/role/RL58033_2026.xml,,,,
"1291, Picardie",,Boucherville,,,360.3,1999,180200,389600,569800,2025,Logement,MAMH — Données Québec (rôle d'évaluation foncière),https://donneesouvertes.affmunqc.net/role/RL58033_2026.xml,,,,
"425, Dijon",,Boucherville,,,466.2,1997,233100,391700,624800,2025,Logement,MAMH — Données Québec (rôle d'évaluation foncière),https://donneesouvertes.affmunqc.net/role/RL58033_2026.xml,,,,
"418, Dijon",,Boucherville,,,541.3,1998,260300,484800,745100,2025,Logement,MAMH — Données Québec (rôle d'évaluation foncière),https://donneesouvertes.affmunqc.net/role/RL58033_2026.xml,,,,
"427, Dijon",,Boucherville,,,474,1997,237000,437200,674200,2025,Logement,MAMH — Données Québec (rôle d'évaluation foncière),https://donneesouvertes.affmunqc.net/role/RL58033_2026.xml,,,,
"420, Dijon",,Boucherville,,,457.5,1998,228800,455400,684200,2025,Logement,MAMH — Données Québec (rôle d'évaluation foncière),https://donneesouvertes.affmunqc.net/role/RL58033_2026.xml,,,,
"431, Dijon",,Boucherville,,,574.5,1995,268600,397900,666500,2025,Logement,MAMH — Données Québec (rôle d'évaluation foncière),https://donneesouvertes.affmunqc.net/role/RL58033_2026.xml,,,,
"1271, Picardie",,Boucherville,,,420,1998,210000,337500,547500,2025,Logement,MAMH — Données Québec (rôle d'évaluation foncière),https://donneesouvertes.affmunqc.net/role/RL58033_2026.xml,,,,
"422, Dijon",,Boucherville,,,457.5,1998,228800,426500,655300,2025,Logement,MAMH — Données Québec (rôle d'évaluation foncière),https://donneesouvertes.affmunqc.net/role/RL58033_2026.xml,,,,
"426, Dijon",,Boucherville,,,516.2,1996,254100,547500,801600,2025,Logement,MAMH — Données Québec (rôle d'évaluation foncière),https://donneesouvertes.affmunqc.net/role/RL58033_2026.xml,,,,
"430, Dijon",,Boucherville,,,549,1997,262300,508300,770600,2025,Logement,MAMH — Données Québec (rôle d'évaluation foncière),https://donneesouvertes.affmunqc.net/role/RL58033_2026.xml,,,,
"434, Dijon",,Boucherville,,,549,1997,262300,469100,731400,2025,Logement,MAMH — Données Québec (rôle d'évaluation foncière),https://donneesouvertes.affmunqc.net/role/RL58033_2026.xml,,,,
"436, Dijon",,Boucherville,,,549,1997,262300,359400,621700,2025,Logement,MAMH — Données Québec (rôle d'évaluation foncière),https://donneesouvertes.affmunqc.net/role/RL58033_2026.xml,,,,
"435, Dijon",,Boucherville,,,580.5,1995,270100,608200,878300,2025,Logement,MAMH — Données Québec (rôle d'évaluation foncière),https://donneesouvertes.affmunqc.net/role/RL58033_2026.xml,,,,
"437, Dijon",,Boucherville,,,586.6,2000,271700,521000,792700,2025,Logement,MAMH — Données Québec (rôle d'évaluation foncière),https://donneesouvertes.affmunqc.net/role/RL58033_2026.xml,,,,
"441, Dijon",,Boucherville,,,885.9,,346500,,346500,2025,Institutionnel,MAMH — Données Québec (rôle d'évaluation foncière),https://donneesouvertes.affmunqc.net/role/RL58033_2026.xml,,,,
"357, Gascogne",,Boucherville,,,540.5,2004,260100,847000,1107100,2025,Logement,MAMH — Données Québec (rôle d'évaluation foncière),https://donneesouvertes.affmunqc.net/role/RL58033_2026.xml,,,,
"360, Gascogne",,Boucherville,,,541.5,2005,247300,572600,819900,2025,Logement,MAMH — Données Québec (rôle d'évaluation foncière),https://donneesouvertes.affmunqc.net/role/RL58033_2026.xml,,,,
"320, Alsace",,Boucherville,,,587.4,2001,271900,532300,804200,2025,Logement,MAMH — Données Québec (rôle d'évaluation foncière),https://donneesouvertes.affmunqc.net/role/RL58033_2026.xml,,,,
"363, Gascogne",,Boucherville,,,540.6,2004,260200,470500,730700,2025,Logement,MAMH — Données Québec (rôle d'évaluation foncière),https://donneesouvertes.affmunqc.net/role/RL58033_2026.xml,,,,
"368, Gascogne",,Boucherville,,,541.5,2005,247300,744100,991400,2025,Logement,MAMH — Données Québec (rôle d'évaluation foncière),https://donneesouvertes.affmunqc.net/role/RL58033_2026.xml,,,,
"322, Alsace",,Boucherville,,,613.6,2002,278400,397700,676100,2025,Logement,MAMH — Données Québec (rôle d'évaluation foncière),https://donneesouvertes.affmunqc.net/role/RL58033_2026.xml,,,,
"369, Gascogne",,Boucherville,,,540.6,2004,260200,504300,764500,2025,Logement,MAMH — Données Québec (rôle d'évaluation foncière),https://donneesouvertes.affmunqc.net/role/RL58033_2026.xml,,,,
"374, Gascogne",,Boucherville,,,541.5,2004,247300,719900,967200,2025,Logement,MAMH — Données Québec (rôle d'évaluation foncière),https://donneesouvertes.affmunqc.net/role/RL58033_2026.xml,,,,
"377, Gascogne",,Boucherville,,,540.2,2004,260100,430700,690800,2025,Logement,MAMH — Données Québec (rôle d'évaluation foncière),https://donneesouvertes.affmunqc.net/role/RL58033_2026.xml,,,,
"324, Alsace",,Boucherville,,,1011.1,2010,375800,999600,1375400,2025,Logement,MAMH — Données Québec (rôle d'évaluation foncière),https://donneesouvertes.affmunqc.net/role/RL58033_2026.xml,,,,
"380, Gascogne",,Boucherville,,,541.5,2004,247300,611300,858600,2025,Logement,MAMH — Données Québec (rôle d'évaluation foncière),https://donneesouvertes.affmunqc.net/role/RL58033_2026.xml,,,,
"385, Gascogne",,Boucherville,,,540.88,2004,260200,555300,815500,2025,Logement,MAMH — Données Québec (rôle d'évaluation foncière),https://donneesouvertes.affmunqc.net/role/RL58033_2026.xml,,,,
"388, Gascogne",,Boucherville,,,541.5,2004,247300,587600,834900,2025,Logement,MAMH — Données Québec (rôle d'évaluation foncière),https://donneesouvertes.affmunqc.net/role/RL58033_2026.xml,,,,
"391, Gascogne",,Boucherville,,,572.5,2004,268100,464900,733000,2025,Logement,MAMH — Données Québec (rôle d'évaluation foncière),https://donneesouvertes.affmunqc.net/role/RL58033_2026.xml,,,,
"317, Alsace",,Boucherville,,,1099.4,2004,382400,967400,1349800,2025,Logement,MAMH — Données Québec (rôle d'évaluation foncière),https://donneesouvertes.affmunqc.net/role/RL58033_2026.xml,,,,
"341, Alsace",,Boucherville,,,576.9,2002,269200,736000,1005200,2025,Logement,MAMH — Données Québec (rôle d'évaluation foncière),https://donneesouvertes.affmunqc.net/role/RL58033_2026.xml,,,,
"336, Alsace",,Boucherville,,,681.4,2000,295400,728600,1024000,2025,Logement,MAMH — Données Québec (rôle d'évaluation foncière),https://donneesouvertes.affmunqc.net/role/RL58033_2026.xml,,,,
"334, Alsace",,Boucherville,,,569.9,2001,267500,540700,808200,2025,Logement,MAMH — Données Québec (rôle d'évaluation foncière),https://donneesouvertes.affmunqc.net/role/RL58033_2026.xml,,,,
"330, Alsace",,Boucherville,,,629.4,2000,282400,674800,957200,2025,Logement,MAMH — Données Québec (rôle d'évaluation foncière),https://donneesouvertes.affmunqc.net/role/RL58033_2026.xml,,,,
"326, Alsace",,Boucherville,,,1006.8,2004,375500,638900,1014400,2025,Logement,MAMH — Données Québec (rôle d'évaluation foncière),https://donneesouvertes.affmunqc.net/role/RL58033_2026.xml,,,,
"399, Gascogne",,Boucherville,,,7410.5,,1464400,,1464400,2025,Institutionnel,MAMH — Données Québec (rôle d'évaluation foncière),https://donneesouvertes.affmunqc.net/role/RL58033_2026.xml,,,,
"352, Languedoc",,Boucherville,,,503.4,2000,250900,430500,681400,2025,Logement,MAMH — Données Québec (rôle d'évaluation foncière),https://donneesouvertes.affmunqc.net/role/RL58033_2026.xml,,,,
"342, Alsace",,Boucherville,,,549.9,2001,262500,496600,759100,2025,Logement,MAMH — Données Québec (rôle d'évaluation foncière),https://donneesouvertes.affmunqc.net/role/RL58033_2026.xml,,,,
"350, Languedoc",,Boucherville,,,480.9,2001,240500,416300,656800,2025,Logement,MAMH — Données Québec (rôle d'évaluation foncière),https://donneesouvertes.affmunqc.net/role/RL58033_2026.xml,,,,
"340, Alsace",,Boucherville,,,736.6,2003,309200,611400,920600,2025,Logement,MAMH — Données Québec (rôle d'évaluation foncière),https://donneesouvertes.affmunqc.net/role/RL58033_2026.xml,,,,
"348, Languedoc",,Boucherville,,,481.5,2001,240800,401600,642400,2025,Logement,MAMH — Données Québec (rôle d'évaluation foncière),https://donneesouvertes.affmunqc.net/role/RL58033_2026.xml,,,,
"346, Languedoc",,Boucherville,,,586.1,2000,271500,569700,841200,2025,Logement,MAMH — Données Québec (rôle d'évaluation foncière),https://donneesouvertes.affmunqc.net/role/RL58033_2026.xml,,,,
"341, Languedoc",,Boucherville,,,540,2000,260000,444900,704900,2025,Logement,MAMH — Données Québec (rôle d'évaluation foncière),https://donneesouvertes.affmunqc.net/role/RL58033_2026.xml,,,,
"342, Languedoc",,Boucherville,,,611.4,2001,277900,389400,667300,2025,Logement,MAMH — Données Québec (rôle d'évaluation foncière),https://donneesouvertes.affmunqc.net/role/RL58033_2026.xml,,,,
"355, Languedoc",,Boucherville,,,324.24,2000,162100,297800,459900,2025,Logement,MAMH — Données Québec (rôle d'évaluation foncière),https://donneesouvertes.affmunqc.net/role/RL58033_2026.xml,,,,
"339, Languedoc",,Boucherville,,,538.8,2001,259700,499900,759600,2025,Logement,MAMH — Données Québec (rôle d'évaluation foncière),https://donneesouvertes.affmunqc.net/role/RL58033_2026.xml,,,,
"407, Languedoc",,Boucherville,,,524.4,2000,256100,403300,659400,2025,Logement,MAMH — Données Québec (rôle d'évaluation foncière),https://donneesouvertes.affmunqc.net/role/RL58033_2026.xml,,,,
"1320, Picardie",,Boucherville,,,23817.4,,4089500,,4089500,2025,Institutionnel,MAMH — Données Québec (rôle d'évaluation foncière),https://donneesouvertes.affmunqc.net/role/RL58033_2026.xml,,,,
"412, Languedoc",,Boucherville,,,517.7,2001,254400,389100,643500,2025,Logement,MAMH — Données Québec (rôle d'évaluation foncière),https://donneesouvertes.affmunqc.net/role/RL58033_2026.xml,,,,
"409, Languedoc",,Boucherville,,,524.4,2000,256100,500900,757000,2025,Logement,MAMH — Données Québec (rôle d'évaluation foncière),https://donneesouvertes.affmunqc.net/role/RL58033_2026.xml,,,,
"1301, Picardie",,Boucherville,,,360.3,2000,180200,343000,523200,2025,Logement,MAMH — Données Québec (rôle d'évaluation foncière),https://donneesouvertes.affmunqc.net/role/RL58033_2026.xml,,,,
"411, Languedoc",,Boucherville,,,508.6,2001,252200,440900,693100,2025,Logement,MAMH — Données Québec (rôle d'évaluation foncière),https://donneesouvertes.affmunqc.net/role/RL58033_2026.xml,,,,
"1303, Picardie",,Boucherville,,,442.2,2000,221100,356800,577900,2025,Logement,MAMH — Données Québec (rôle d'évaluation foncière),https://donneesouvertes.affmunqc.net/role/RL58033_2026.xml,,,,
"1305, Picardie",,Boucherville,,,180,,90000,,90000,2025,Immeuble commercial,MAMH — Données Québec (rôle d'évaluation foncière),https://donneesouvertes.affmunqc.net/role/RL58033_2026.xml,,,,
"1307, Picardie",,Boucherville,,,366,2001,183000,397300,580300,2025,Logement,MAMH — Données Québec (rôle d'évaluation foncière),https://donneesouvertes.affmunqc.net/role/RL58033_2026.xml,,,,
"1309, Picardie",,Boucherville,,,336,2000,168000,412800,580800,2025,Logement,MAMH — Données Québec (rôle d'évaluation foncière),https://donneesouvertes.affmunqc.net/role/RL58033_2026.xml,,,,
"1311, Picardie",,Boucherville,,,336,2001,168000,371300,539300,2025,Logement,MAMH — Données Québec (rôle d'évaluation foncière),https://donneesouvertes.affmunqc.net/role/RL58033_2026.xml,,,,
"1313, Picardie",,Boucherville,,,336,2001,168000,373700,541700,2025,Logement,MAMH — Données Québec (rôle d'évaluation foncière),https://donneesouvertes.affmunqc.net/role/RL58033_2026.xml,,,,
"1317, Picardie",,Boucherville,,,336,2000,168000,328400,496400,2025,Logement,MAMH — Données Québec (rôle d'évaluation foncière),https://donneesouvertes.affmunqc.net/role/RL58033_2026.xml,,,,
"1319, Picardie",,Boucherville,,,336,2000,168000,321500,489500,2025,Logement,MAMH — Données Québec (rôle d'évaluation foncière),https://donneesouvertes.affmunqc.net/role/RL58033_2026.xml,,,,
"1321, Picardie",,Boucherville,,,336,2000,168000,357500,525500,2025,Logement,MAMH — Données Québec (rôle d'évaluation foncière),https://donneesouvertes.affmunqc.net/role/RL58033_2026.xml,,,,
"1293, Picardie",,Boucherville,,,360.3,1999,180200,398300,578500,2025,Logement,MAMH — Données Québec (rôle d'évaluation foncière),https://donneesouvertes.affmunqc.net/role/RL58033_2026.xml,,,,
"1297, Picardie",,Boucherville,,,360.3,1999,180200,398500,578700,2025,Logement,MAMH — Données Québec (rôle d'évaluation foncière),https://donneesouvertes.affmunqc.net/role/RL58033_2026.xml,,,,
"1299, Picardie",,Boucherville,,,360.3,1999,180200,390800,571000,2025,Logement,MAMH — Données Québec (rôle d'évaluation foncière),https://donneesouvertes.affmunqc.net/role/RL58033_2026.xml,,,,
"485, Vosges",,Boucherville,,,429.54,2001,204000,346100,550100,2025,Logement,MAMH — Données Québec (rôle d'évaluation foncière),https://donneesouvertes.affmunqc.net/role/RL58033_2026.xml,,,,
"440, Dijon",,Boucherville,,,845.1,,336300,,336300,2025,Institutionnel,MAMH — Données Québec (rôle d'évaluation foncière),https://donneesouvertes.affmunqc.net/role/RL58033_2026.xml,,,,
"1290, De Montarville",,Boucherville,,,319.6,1996,151800,206100,357900,2025,Logement,MAMH — Données Québec (rôle d'évaluation foncière),https://donneesouvertes.affmunqc.net/role/RL58033_2026.xml,,,,
"301, D'avaugour",,Boucherville,,,573.7,1978,258200,319600,577800,2025,Logement,MAMH — Données Québec (rôle d'évaluation foncière),https://donneesouvertes.affmunqc.net/role/RL58033_2026.xml,,,,
"1141, Pinsons",,Boucherville,,,617.8,1978,274000,383600,657600,2025,Logement,MAMH — Données Québec (rôle d'évaluation foncière),https://donneesouvertes.affmunqc.net/role/RL58033_2026.xml,,,,
"299, D'avaugour",,Boucherville,,,573.7,1978,258200,303900,562100,2025,Logement,MAMH — Données Québec (rôle d'évaluation foncière),https://donneesouvertes.affmunqc.net/role/RL58033_2026.xml,,,,
"1145, Pinsons",,Boucherville,,,617.8,1979,274000,490800,764800,2025,Logement,MAMH — Données Québec (rôle d'évaluation foncière),https://donneesouvertes.affmunqc.net/role/RL58033_2026.xml,,,,
"295, D'avaugour",,Boucherville,,,573.7,1979,258200,428500,686700,2025,Logement,MAMH — Données Québec (rôle d'évaluation foncière),https://donneesouvertes.affmunqc.net/role/RL58033_2026.xml,,,,
"293, D'avaugour",,Boucherville,,,573.7,1979,258200,314500,572700,2025,Logement,MAMH — Données Québec (rôle d'évaluation foncière),https://donneesouvertes.affmunqc.net/role/RL58033_2026.xml,,,,
"1198, Fauvettes",,Boucherville,,,593.5,1981,267100,475600,742700,2025,Logement,MAMH — Données Québec (rôle d'évaluation foncière),https://donneesouvertes.affmunqc.net/role/RL58033_2026.xml,,,,
"289, D'avaugour",,Boucherville,,,573.7,1979,258200,265400,523600,2025,Logement,MAMH — Données Québec (rôle d'évaluation foncière),https://donneesouvertes.affmunqc.net/role/RL58033_2026.xml,,,,
"287, D'avaugour",,Boucherville,,,713.1,1979,295400,412500,707900,2025,Logement,MAMH — Données Québec (rôle d'évaluation foncière),https://donneesouvertes.affmunqc.net/role/RL58033_2026.xml,,,,
"292, D'avaugour",,Boucherville,,,599.9,1978,270000,320800,590800,2025,Logement,MAMH — Données Québec (rôle d'évaluation foncière),https://donneesouvertes.affmunqc.net/role/RL58033_2026.xml,,,,
"1197, Fauvettes",,Boucherville,,,563.6,1979,253600,388700,642300,2025,Logement,MAMH — Données Québec (rôle d'évaluation foncière),https://donneesouvertes.affmunqc.net/role/RL58033_2026.xml,,,,
"315, Merles",,Boucherville,,,334.5,1979,167300,310700,478000,2025,Logement,MAMH — Données Québec (rôle d'évaluation foncière),https://donneesouvertes.affmunqc.net/role/RL58033_2026.xml,,,,
"308, D'avaugour",,Boucherville,,,735.2,1978,300400,363300,663700,2025,Logement,MAMH — Données Québec (rôle d'évaluation foncière),https://donneesouvertes.affmunqc.net/role/RL58033_2026.xml,,,,
"313, Merles",,Boucherville,,,306.6,1979,153300,383200,536500,2025,Logement,MAMH — Données Québec (rôle d'évaluation foncière),https://donneesouvertes.affmunqc.net/role/RL58033_2026.xml,,,,
"311, Merles",,Boucherville,,,306.6,1979,153300,350900,504200,2025,Logement,MAMH — Données Québec (rôle d'évaluation foncière),https://donneesouvertes.affmunqc.net/role/RL58033_2026.xml,,,,
"309, Merles",,Boucherville,,,334.5,1979,167300,314400,481700,2025,Logement,MAMH — Données Québec (rôle d'évaluation foncière),https://donneesouvertes.affmunqc.net/role/RL58033_2026.xml,,,,
"307, Merles",,Boucherville,,,512.3,1979,256200,262800,519000,2025,Logement,MAMH — Données Québec (rôle d'évaluation foncière),https://donneesouvertes.affmunqc.net/role/RL58033_2026.xml,,,,
"302, D'avaugour",,Boucherville,,,752.5,1977,304300,319700,624000,2025,Logement,MAMH — Données Québec (rôle d'évaluation foncière),https://donneesouvertes.affmunqc.net/role/RL58033_2026.xml,,,,
"304, Merles",,Boucherville,,,308.6,1978,154300,321500,475800,2025,Logement,MAMH — Données Québec (rôle d'évaluation foncière),https://donneesouvertes.affmunqc.net/role/RL58033_2026.xml,,,,
"306, Merles",,Boucherville,,,311.3,1978,155700,320200,475900,2025,Logement,MAMH — Données Québec (rôle d'évaluation foncière),https://donneesouvertes.affmunqc.net/role/RL58033_2026.xml,,,,
"1196, Fauvettes",,Boucherville,,,592,1979,266400,292400,558800,2025,Logement,MAMH — Données Québec (rôle d'évaluation foncière),https://donneesouvertes.affmunqc.net/role/RL58033_2026.xml,,,,
"308, Merles",,Boucherville,,,407,1978,203500,289300,492800,2025,Logement,MAMH — Données Québec (rôle d'évaluation foncière),https://donneesouvertes.affmunqc.net/role/RL58033_2026.xml,,,,
"316, Merles",,Boucherville,,,398.8,1978,209400,283600,493000,2025,Logement,MAMH — Données Québec (rôle d'évaluation foncière),https://donneesouvertes.affmunqc.net/role/RL58033_2026.xml,,,,
"310, Merles",,Boucherville,,,534.5,1978,267300,298400,565700,2025,Logement,MAMH — Données Québec (rôle d'évaluation foncière),https://donneesouvertes.affmunqc.net/role/RL58033_2026.xml,,,,
"314, Merles",,Boucherville,,,548.8,1977,288100,268000,556100,2025,Logement,MAMH — Données Québec (rôle d'évaluation foncière),https://donneesouvertes.affmunqc.net/role/RL58033_2026.xml,,,,
"1194, Fauvettes",,Boucherville,,,594.1,1979,267300,344800,612100,2025,Logement,MAMH — Données Québec (rôle d'évaluation foncière),https://donneesouvertes.affmunqc.net/role/RL58033_2026.xml,,,,
"312, Merles",,Boucherville,,,786.1,1977,363900,184900,548800,2025,Logement,MAMH — Données Québec (rôle d'évaluation foncière),https://donneesouvertes.affmunqc.net/role/RL58033_2026.xml,,,,
"1190, Fauvettes",,Boucherville,,,851.3,1979,326500,628900,955400,2025,Logement,MAMH — Données Québec (rôle d'évaluation foncière),https://donneesouvertes.affmunqc.net/role/RL58033_2026.xml,,,,
"330, Merles",,Boucherville,,,636.1,1977,324500,225800,550300,2025,Logement,MAMH — Données Québec (rôle d'évaluation foncière),https://donneesouvertes.affmunqc.net/role/RL58033_2026.xml,,,,
"332, Merles",,Boucherville,,,334.5,1978,175600,304200,479800,2025,Logement,MAMH — Données Québec (rôle d'évaluation foncière),https://donneesouvertes.affmunqc.net/role/RL58033_2026.xml,,,,
"328, Merles",,Boucherville,,,395.1,1977,207400,323000,530400,2025,Logement,MAMH — Données Québec (rôle d'évaluation foncière),https://donneesouvertes.affmunqc.net/role/RL58033_2026.xml,,,,
"334, Merles",,Boucherville,,,334.5,1978,175600,317700,493300,2025,Logement,MAMH — Données Québec (rôle d'évaluation foncière),https://donneesouvertes.affmunqc.net/role/RL58033_2026.xml,,,,
"326, Merles",,Boucherville,,,349.8,1979,183600,317800,501400,2025,Logement,MAMH — Données Québec (rôle d'évaluation foncière),https://donneesouvertes.affmunqc.net/role/RL58033_2026.xml,,,,
"336, Merles",,Boucherville,,,232.3,,61000,,61000,2025,Immeuble commercial,MAMH — Données Québec (rôle d'évaluation foncière),https://donneesouvertes.affmunqc.net/role/RL58033_2026.xml,,,,
"338, Merles",,Boucherville,,,334.5,1978,175600,298200,473800,2025,Logement,MAMH — Données Québec (rôle d'évaluation foncière),https://donneesouvertes.affmunqc.net/role/RL58033_2026.xml,,,,
"324, Merles",,Boucherville,,,348.5,1979,183000,343700,526700,2025,Logement,MAMH — Données Québec (rôle d'évaluation foncière),https://donneesouvertes.affmunqc.net/role/RL58033_2026.xml,,,,
"322, Merles",,Boucherville,,,347.1,1979,182200,334400,516600,2025,Logement,MAMH — Données Québec (rôle d'évaluation foncière),https://donneesouvertes.affmunqc.net/role/RL58033_2026.xml,,,,
"320, Merles",,Boucherville,,,345.8,1979,181500,285600,467100,2025,Logement,MAMH — Données Québec (rôle d'évaluation foncière),https://donneesouvertes.affmunqc.net/role/RL58033_2026.xml,,,,
"318, Merles",,Boucherville,,,344.5,1978,180900,311800,492700,2025,Logement,MAMH — Données Québec (rôle d'évaluation foncière),https://donneesouvertes.affmunqc.net/role/RL58033_2026.xml,,,,
"343, Merles",,Boucherville,,,306.6,1978,153300,318300,471600,2025,Logement,MAMH — Données Québec (rôle d'évaluation foncière),https://donneesouvertes.affmunqc.net/role/RL58033_2026.xml,,,,
"345, Merles",,Boucherville,,,306.6,1978,153300,308500,461800,2025,Logement,MAMH — Données Québec (rôle d'évaluation foncière),https://donneesouvertes.affmunqc.net/role/RL58033_2026.xml,,,,
"347, Merles",,Boucherville,,,334.5,1977,167300,318800,486100,2025,Logement,MAMH — Données Québec (rôle d'évaluation foncière),https://donneesouvertes.affmunqc.net/role/RL58033_2026.xml,,,,
"349, Merles",,Boucherville,,,334.5,1977,167300,337200,504500,2025,Logement,MAMH — Données Québec (rôle d'évaluation foncière),https://donneesouvertes.affmunqc.net/role/RL58033_2026.xml,,,,
"351, Merles",,Boucherville,,,306.6,1977,153300,280400,433700,2025,Logement,MAMH — Données Québec (rôle d'évaluation foncière),https://donneesouvertes.affmunqc.net/role/RL58033_2026.xml,,,,
"353, Merles",,Boucherville,,,306.6,1977,153300,341000,494300,2025,Logement,MAMH — Données Québec (rôle d'évaluation foncière),https://donneesouvertes.affmunqc.net/role/RL58033_2026.xml,,,,
"355, Merles",,Boucherville,,,317.3,1976,158700,308100,466800,2025,Logement,MAMH — Données Québec (rôle d'évaluation foncière),https://donneesouvertes.affmunqc.net/role/RL58033_2026.xml,,,,
"340, Merles",,Boucherville,,,334.5,1978,175600,303800,479400,2025,Logement,MAMH — Données Québec (rôle d'évaluation foncière),https://donneesouvertes.affmunqc.net/role/RL58033_2026.xml,,,,
"342, Merles",,Boucherville,,,334.5,1977,175600,337700,513300,2025,Logement,MAMH — Données Québec (rôle d'évaluation foncière),https://donneesouvertes.affmunqc.net/role/RL58033_2026.xml,,,,
"344, Merles",,Boucherville,,,334.5,1977,175600,314300,489900,2025,Logement,MAMH — Données Québec (rôle d'évaluation foncière),https://donneesouvertes.affmunqc.net/role/RL58033_2026.xml,,,,
"346, Merles",,Boucherville,,,334.5,1978,175600,337400,513000,2025,Logement,MAMH — Données Québec (rôle d'évaluation foncière),https://donneesouvertes.affmunqc.net/role/RL58033_2026.xml,,,,
"348, Merles",,Boucherville,,,334.5,1978,175600,305300,480900,2025,Logement,MAMH — Données Québec (rôle d'évaluation foncière),https://donneesouvertes.affmunqc.net/role/RL58033_2026.xml,,,,
"350, Merles",,Boucherville,,,306.6,1978,161000,309200,470200,2025,Logement,MAMH — Données Québec (rôle d'évaluation foncière),https://donneesouvertes.affmunqc.net/role/RL58033_2026.xml,,,,
"352, Merles",,Boucherville,,,306.6,1978,161000,308800,469800,2025,Logement,MAMH — Données Québec (rôle d'évaluation foncière),https://donneesouvertes.affmunqc.net/role/RL58033_2026.xml,,,,
"354, Merles",,Boucherville,,,389.5,1977,204500,297100,501600,2025,Logement,MAMH — Données Québec (rôle d'évaluation foncière),https://donneesouvertes.affmunqc.net/role/RL58033_2026.xml,,,,
"356, Merles",,Boucherville,,,434.5,1977,228100,326000,554100,2025,Logement,MAMH — Données Québec (rôle d'évaluation foncière),https://donneesouvertes.affmunqc.net/role/RL58033_2026.xml,,,,
"1108, Fauvettes",,Boucherville,,,557.4,1973,250800,245300,496100,2025,Logement,MAMH — Données Québec (rôle d'évaluation foncière),https://donneesouvertes.affmunqc.net/role/RL58033_2026.xml,,,,
"352, D'avaugour",,Boucherville,,,635.3,1978,277900,327200,605100,2025,Logement,MAMH — Données Québec (rôle d'évaluation foncière),https://donneesouvertes.affmunqc.net/role/RL58033_2026.xml,,,,
"354, D'avaugour",,Boucherville,,,363.7,1977,163700,345100,508800,2025,Logement,MAMH — Données Québec (rôle d'évaluation foncière),https://donneesouvertes.affmunqc.net/role/RL58033_2026.xml,,,,
"356, D'avaugour",,Boucherville,,,334.5,1977,150500,350200,500700,2025,Logement,MAMH — Données Québec (rôle d'évaluation foncière),https://donneesouvertes.affmunqc.net/role/RL58033_2026.xml,,,,
"358, D'avaugour",,Boucherville,,,320.5,1977,144200,356200,500400,2025,Logement,MAMH — Données Québec (rôle d'évaluation foncière),https://donneesouvertes.affmunqc.net/role/RL58033_2026.xml,,,,
"360, D'avaugour",,Boucherville,,,343.7,1977,154700,305200,459900,2025,Logement,MAMH — Données Québec (rôle d'évaluation foncière),https://donneesouvertes.affmunqc.net/role/RL58033_2026.xml,,,,
"362, D'avaugour",,Boucherville,,,461.3,1977,207600,409500,617100,2025,Logement,MAMH — Données Québec (rôle d'évaluation foncière),https://donneesouvertes.affmunqc.net/role/RL58033_2026.xml,,,,
"364, D'avaugour",,Boucherville,,,461.3,1977,207600,316600,524200,2025,Logement,MAMH — Données Québec (rôle d'évaluation foncière),https://donneesouvertes.affmunqc.net/role/RL58033_2026.xml,,,,
"366, D'avaugour",,Boucherville,,,557.4,1975,250800,379900,630700,2025,Logement,MAMH — Données Québec (rôle d'évaluation foncière),https://donneesouvertes.affmunqc.net/role/RL58033_2026.xml,,,,
"357, Merles",,Boucherville,,,313.7,1977,156900,329500,486400,2025,Logement,MAMH — Données Québec (rôle d'évaluation foncière),https://donneesouvertes.affmunqc.net/role/RL58033_2026.xml,,,,
"359, Merles",,Boucherville,,,286.3,1977,143200,255000,398200,2025,Logement,MAMH — Données Québec (rôle d'évaluation foncière),https://donneesouvertes.affmunqc.net/role/RL58033_2026.xml,,,,
"361, Merles",,Boucherville,,,286.3,1977,143200,331100,474300,2025,Logement,MAMH — Données Québec (rôle d'évaluation foncière),https://donneesouvertes.affmunqc.net/role/RL58033_2026.xml,,,,
"365, Merles",,Boucherville,,,555.6,1979,250000,312500,562500,2025,Logement,MAMH — Données Québec (rôle d'évaluation foncière),https://donneesouvertes.affmunqc.net/role/RL58033_2026.xml,,,,
"367, Merles",,Boucherville,,,566.1,1975,242000,283700,525700,2025,Logement,MAMH — Données Québec (rôle d'évaluation foncière),https://donneesouvertes.affmunqc.net/role/RL58033_2026.xml,,,,
"369, Merles",,Boucherville,,,557.4,1975,250800,317900,568700,2025,Logement,MAMH — Données Québec (rôle d'évaluation foncière),https://donneesouvertes.affmunqc.net/role/RL58033_2026.xml,,,,
"373, Merles",,Boucherville,,,557.4,1975,250800,259500,510300,2025,Logement,MAMH — Données Québec (rôle d'évaluation foncière),https://donneesouvertes.affmunqc.net/role/RL58033_2026.xml,,,,
"1106, Fauvettes",,Boucherville,,,735.7,1975,300500,319300,619800,2025,Logement,MAMH — Données Québec (rôle d'évaluation foncière),https://donneesouvertes.affmunqc.net/role/RL58033_2026.xml,,,,
"370, Merles",,Boucherville,,,621.5,1975,274800,321900,596700,2025,Logement,MAMH — Données Québec (rôle d'évaluation foncière),https://donneesouvertes.affmunqc.net/role/RL58033_2026.xml,,,,
"372, Merles",,Boucherville,,,586.2,1975,263800,253400,517200,2025,Logement,MAMH — Données Québec (rôle d'évaluation foncière),https://donneesouvertes.affmunqc.net/role/RL58033_2026.xml,,,,
"376, Merles",,Boucherville,,,582.9,1975,262300,251400,513700,2025,Logement,MAMH — Données Québec (rôle d'évaluation foncière),https://donneesouvertes.affmunqc.net/role/RL58033_2026.xml,,,,
"370, D'avaugour",,Boucherville,,,557.4,1975,250800,289200,540000,2025,Logement,MAMH — Données Québec (rôle d'évaluation foncière),https://donneesouvertes.affmunqc.net/role/RL58033_2026.xml,,,,
"372, D'avaugour",,Boucherville,,,557.4,1977,250800,456800,707600,2025,Logement,MAMH — Données Québec (rôle d'évaluation foncière),https://donneesouvertes.affmunqc.net/role/RL58033_2026.xml,,,,
"374, D'avaugour",,Boucherville,,,559.7,1974,251900,228700,480600,2025,Logement,MAMH — Données Québec (rôle d'évaluation foncière),https://donneesouvertes.affmunqc.net/role/RL58033_2026.xml,,,,
"378, D'avaugour",,Boucherville,,,599,1974,269600,251200,520800,2025,Logement,MAMH — Données Québec (rôle d'évaluation foncière),https://donneesouvertes.affmunqc.net/role/RL58033_2026.xml,,,,
"380, D'avaugour",,Boucherville,,,659.8,1967,283500,319300,602800,2025,Logement,MAMH — Données Québec (rôle d'évaluation foncière),https://donneesouvertes.affmunqc.net/role/RL58033_2026.xml,,,,
"375, Merles",,Boucherville,,,557.4,1975,250800,394100,644900,2025,Logement,MAMH — Données Québec (rôle d'évaluation foncière),https://donneesouvertes.affmunqc.net/role/RL58033_2026.xml,,,,
"379, Merles",,Boucherville,,,635.9,1975,278100,338500,616600,2025,Logement,MAMH — Données Québec (rôle d'évaluation foncière),https://donneesouvertes.affmunqc.net/role/RL58033_2026.xml,,,,
"382, D'avaugour",,Boucherville,,,642.4,1967,279500,362200,641700,2025,Logement,MAMH — Données Québec (rôle d'évaluation foncière),https://donneesouvertes.affmunqc.net/role/RL58033_2026.xml,,,,
"381, Merles",,Boucherville,,,686.6,1975,289500,304200,593700,2025,Logement,MAMH — Données Québec (rôle d'évaluation foncière),https://donneesouvertes.affmunqc.net/role/RL58033_2026.xml,,,,
"1082, Louis-h.-latour",,Boucherville,,,578.4,1972,260300,258900,519200,2025,Logement,MAMH — Données Québec (rôle d'évaluation foncière),https://donneesouvertes.affmunqc.net/role/RL58033_2026.xml,,,,
"1084, Louis-h.-latour",,Boucherville,,,555.1,1972,249800,296900,546700,2025,Logement,MAMH — Données Québec (rôle d'évaluation foncière),https://donneesouvertes.affmunqc.net/role/RL58033_2026.xml,,,,
"383, Merles",,Boucherville,,,50.1,,11300,,11300,2025,Terrain vacant,MAMH — Données Québec (rôle d'évaluation foncière),https://donneesouvertes.affmunqc.net/role/RL58033_2026.xml,,,,
"378, Merles",,Boucherville,,,679.1,1975,287800,360800,648600,2025,Logement,MAMH — Données Québec (rôle d'évaluation foncière),https://donneesouvertes.affmunqc.net/role/RL58033_2026.xml,,,,
"398, Louis-h.-latour",,Boucherville,,,577.3,1966,259800,326300,586100,2025,Logement,MAMH — Données Québec (rôle d'évaluation foncière),https://donneesouvertes.affmunqc.net/role/RL58033_2026.xml,,,,
"381, D'avaugour",,Boucherville,,,594.1,1966,267300,483600,750900,2025,Logement,MAMH — Données Québec (rôle d'évaluation foncière),https://donneesouvertes.affmunqc.net/role/RL58033_2026.xml,,,,
"383, D'avaugour",,Boucherville,,,642.4,1966,279500,232900,512400,2025,Logement,MAMH — Données Québec (rôle d'évaluation foncière),https://donneesouvertes.affmunqc.net/role/RL58033_2026.xml,,,,
"397, Louis-h.-latour",,Boucherville,,,557.4,1968,250800,287400,538200,2025,Logement,MAMH — Données Québec (rôle d'évaluation foncière),https://donneesouvertes.affmunqc.net/role/RL58033_2026.xml,,,,
"399, Louis-h.-latour",,Boucherville,,,557.4,1972,250800,222400,473200,2025,Logement,MAMH — Données Québec (rôle d'évaluation foncière),https://donneesouvertes.affmunqc.net/role/RL58033_2026.xml,,,,
"389, D'avaugour",,Boucherville,,,642.4,1966,279500,270000,549500,2025,Logement,MAMH — Données Québec (rôle d'évaluation foncière),https://donneesouvertes.affmunqc.net/role/RL58033_2026.xml,,,,
"1081, Louis-h.-latour",,Boucherville,,,502.9,1975,226300,273900,500200,2025,Logement,MAMH — Données Québec (rôle d'évaluation foncière),https://donneesouvertes.affmunqc.net/role/RL58033_2026.xml,,,,
"1085, Louis-h.-latour",,Boucherville,,,418.1,1975,188100,302100,490200,2025,Logement,MAMH — Données Québec (rôle d'évaluation foncière),https://donneesouvertes.affmunqc.net/role/RL58033_2026.xml,,,,
"391, Louis-h.-latour",,Boucherville,,,654.4,1968,282200,246100,528300,2025,Logement,MAMH — Données Québec (rôle d'évaluation foncière),https://donneesouvertes.affmunqc.net/role/RL58033_2026.xml,,,,
"395, Louis-h.-latour",,Boucherville,,,557.4,1966,250800,223500,474300,2025,Logement,MAMH — Données Québec (rôle d'évaluation foncière),https://donneesouvertes.affmunqc.net/role/RL58033_2026.xml,,,,
"1060, De Montarville",,Boucherville,,,295.2,1982,140200,219600,359800,2025,Logement,MAMH — Données Québec (rôle d'évaluation foncière),https://donneesouvertes.affmunqc.net/role/RL58033_2026.xml,,,,
"1070, De Montarville",,Boucherville,,,3112,1975,1200600,2946900,4147500,2025,Logement,MAMH — Données Québec (rôle d'évaluation foncière),https://donneesouvertes.affmunqc.net/role/RL58033_2026.xml,,,,
"1056, De Montarville",,Boucherville,,,1650.7,1978,724400,1032400,1756800,2025,Logement,MAMH — Données Québec (rôle d'évaluation foncière),https://donneesouvertes.affmunqc.net/role/RL58033_2026.xml,,,,
"290, D'avaugour",,Boucherville,,,613.2,1980,273000,452600,725600,2025,Logement,MAMH — Données Québec (rôle d'évaluation foncière),https://donneesouvertes.affmunqc.net/role/RL58033_2026.xml,,,,
"288, D'avaugour",,Boucherville,,,613.2,1979,273000,368200,641200,2025,Logement,MAMH — Données Québec (rôle d'évaluation foncière),https://donneesouvertes.affmunqc.net/role/RL58033_2026.xml,,,,
"1195, Fauvettes",,Boucherville,,,653.5,1979,282000,479500,761500,2025,Logement,MAMH — Données Québec (rôle d'évaluation foncière),https://donneesouvertes.affmunqc.net/role/RL58033_2026.xml,,,,
"284, D'avaugour",,Boucherville,,,613.2,1979,273000,304800,577800,2025,Logement,MAMH — Données Québec (rôle d'évaluation foncière),https://donneesouvertes.affmunqc.net/role/RL58033_2026.xml,,,,
"1185, Fauvettes",,Boucherville,,,610.9,1979,272500,277600,550100,2025,Logement,MAMH — Données Québec (rôle d'évaluation foncière),https://donneesouvertes.affmunqc.net/role/RL58033_2026.xml,,,,
"282, D'avaugour",,Boucherville,,,613.2,1980,273000,412700,685700,2025,Logement,MAMH — Données Québec (rôle d'évaluation foncière),https://donneesouvertes.affmunqc.net/role/RL58033_2026.xml,,,,
"1183, Fauvettes",,Boucherville,,,613.2,1979,273000,485600,758600,2025,Logement,MAMH — Données Québec (rôle d'évaluation foncière),https://donneesouvertes.affmunqc.net/role/RL58033_2026.xml,,,,
"1181, Fauvettes",,Boucherville,,,616.7,1979,273800,290000,563800,2025,Logement,MAMH — Données Québec (rôle d'évaluation foncière),https://donneesouvertes.affmunqc.net/role/RL58033_2026.xml,,,,
"1179, Fauvettes",,Boucherville,,,644.5,1979,280000,397600,677600,2025,Logement,MAMH — Données Québec (rôle d'évaluation foncière),https://donneesouvertes.affmunqc.net/role/RL58033_2026.xml,,,,
"1182, Fauvettes",,Boucherville,,,688.4,1979,289900,303800,593700,2025,Logement,MAMH — Données Québec (rôle d'évaluation foncière),https://donneesouvertes.affmunqc.net/role/RL58033_2026.xml,,,,
"1177, Fauvettes",,Boucherville,,,723.4,1979,297800,412200,710000,2025,Logement,MAMH — Données Québec (rôle d'évaluation foncière),https://donneesouvertes.affmunqc.net/role/RL58033_2026.xml,,,,
"1180, Fauvettes",,Boucherville,,,721.4,1980,297300,457500,754800,2025,Logement,MAMH — Données Québec (rôle d'évaluation foncière),https://donneesouvertes.affmunqc.net/role/RL58033_2026.xml,,,,
"1188, Fauvettes",,Boucherville,,,996.4,1980,359200,492700,851900,2025,Logement,MAMH — Données Québec (rôle d'évaluation foncière),https://donneesouvertes.affmunqc.net/role/RL58033_2026.xml,,,,
"1186, Fauvettes",,Boucherville,,,846.1,1979,325400,416300,741700,2025,Logement,MAMH — Données Québec (rôle d'évaluation foncière),https://donneesouvertes.affmunqc.net/role/RL58033_2026.xml,,,,
"1184, Fauvettes",,Boucherville,,,680.8,1979,288200,309200,597400,2025,Logement,MAMH — Données Québec (rôle d'évaluation foncière),https://donneesouvertes.affmunqc.net/role/RL58033_2026.xml,,,,
"1150, Fauvettes",,Boucherville,,,346.3,1979,173200,274900,448100,2025,Logement,MAMH — Données Québec (rôle d'évaluation foncière),https://donneesouvertes.affmunqc.net/role/RL58033_2026.xml,,,,
"1152, Fauvettes",,Boucherville,,,337.9,1979,169000,283400,452400,2025,Logement,MAMH — Données Québec (rôle d'évaluation foncière),https://donneesouvertes.affmunqc.net/role/RL58033_2026.xml,,,,
"1154, Fauvettes",,Boucherville,,,358.8,1979,179400,284800,464200,2025,Logement,MAMH — Données Québec (rôle d'évaluation foncière),https://donneesouvertes.affmunqc.net/role/RL58033_2026.xml,,,,
"1156, Fauvettes",,Boucherville,,,350.4,1979,175200,340900,516100,2025,Logement,MAMH — Données Québec (rôle d'évaluation foncière),https://donneesouvertes.affmunqc.net/role/RL58033_2026.xml,,,,
"1158, Fauvettes",,Boucherville,,,323.6,1979,161800,324500,486300,2025,Logement,MAMH — Données Québec (rôle d'évaluation foncière),https://donneesouvertes.affmunqc.net/role/RL58033_2026.xml,,,,
"1160, Fauvettes",,Boucherville,,,316.2,1979,158100,308300,466400,2025,Logement,MAMH — Données Québec (rôle d'évaluation foncière),https://donneesouvertes.affmunqc.net/role/RL58033_2026.xml,,,,
"1130, Fauvettes",,Boucherville,,,16221.9,,2874200,,2874200,2025,Institutionnel,MAMH — Données Québec (rôle d'évaluation foncière),https://donneesouvertes.affmunqc.net/role/RL58033_2026.xml,,,,
"1110, Fauvettes",,Boucherville,,,557.4,1973,250800,237200,488000,2025,Logement,MAMH — Données Québec (rôle d'évaluation foncière),https://donneesouvertes.affmunqc.net/role/RL58033_2026.xml,,,,
"1114, Fauvettes",,Boucherville,,,557.4,1973,250800,312700,563500,2025,Logement,MAMH — Données Québec (rôle d'évaluation foncière),https://donneesouvertes.affmunqc.net/role/RL58033_2026.xml,,,,
"1116, Fauvettes",,Boucherville,,,557.4,1973,250800,285500,536300,2025,Logement,MAMH — Données Québec (rôle d'évaluation foncière),https://donneesouvertes.affmunqc.net/role/RL58033_2026.xml,,,,
"1120, Fauvettes",,Boucherville,,,557.4,1973,250800,293700,544500,2025,Logement,MAMH — Données Québec (rôle d'évaluation foncière),https://donneesouvertes.affmunqc.net/role/RL58033_2026.xml,,,,
"1122, Fauvettes",,Boucherville,,,545.4,1975,245400,345600,591000,2025,Logement,MAMH — Données Québec (rôle d'évaluation foncière),https://donneesouvertes.affmunqc.net/role/RL58033_2026.xml,,,,
"1115, Fauvettes",,Boucherville,,,639.5,1975,278900,257900,536800,2025,Logement,MAMH — Données Québec (rôle d'évaluation foncière),https://donneesouvertes.affmunqc.net/role/RL58033_2026.xml,,,,
"1124, Fauvettes",,Boucherville,,,640.7,1975,279200,290000,569200,2025,Logement,MAMH — Données Québec (rôle d'évaluation foncière),https://donneesouvertes.affmunqc.net/role/RL58033_2026.xml,,,,
"1121, Fauvettes",,Boucherville,,,599.4,1974,269700,306300,576000,2025,Logement,MAMH — Données Québec (rôle d'évaluation foncière),https://donneesouvertes.affmunqc.net/role/RL58033_2026.xml,,,,
"1106, Louis-h.-latour",,Boucherville,,,643.4,1975,279800,338600,618400,2025,Logement,MAMH — Données Québec (rôle d'évaluation foncière),https://donneesouvertes.affmunqc.net/role/RL58033_2026.xml,,,,
"1102, Louis-h.-latour",,Boucherville,,,685,1973,289100,509000,798100,2025,Logement,MAMH — Données Québec (rôle d'évaluation foncière),https://donneesouvertes.affmunqc.net/role/RL58033_2026.xml,,,,
"1100, Louis-h.-latour",,Boucherville,,,557.4,1972,250800,253500,504300,2025,Logement,MAMH — Données Québec (rôle d'évaluation foncière),https://donneesouvertes.affmunqc.net/role/RL58033_2026.xml,,,,
"1109, Fauvettes",,Boucherville,,,609.9,1975,272200,280200,552400,2025,Logement,MAMH — Données Québec (rôle d'évaluation foncière),https://donneesouvertes.affmunqc.net/role/RL58033_2026.xml,,,,
"1111, Fauvettes",,Boucherville,,,557.4,1973,250800,344700,595500,2025,Logement,MAMH — Données Québec (rôle d'évaluation foncière),https://donneesouvertes.affmunqc.net/role/RL58033_2026.xml,,,,
"1139, Louis-h.-latour",,Boucherville,,,768.1,1974,307800,274800,582600,2025,Logement,MAMH — Données Québec (rôle d'évaluation foncière),https://donneesouvertes.affmunqc.net/role/RL58033_2026.xml,,,,
"1135, Louis-h.-latour",,Boucherville,,,560.3,1973,252100,300900,553000,2025,Logement,MAMH — Données Québec (rôle d'évaluation foncière),https://donneesouvertes.affmunqc.net/role/RL58033_2026.xml,,,,
"1131, Louis-h.-latour",,Boucherville,,,557.4,1973,250800,234900,485700,2025,Logement,MAMH — Données Québec (rôle d'évaluation foncière),https://donneesouvertes.affmunqc.net/role/RL58033_2026.xml,,,,
"1125, Louis-h.-latour",,Boucherville,,,696.7,1975,291800,369500,661300,2025,Logement,MAMH — Données Québec (rôle d'évaluation foncière),https://donneesouvertes.affmunqc.net/role/RL58033_2026.xml,,,,
"455, Alouettes",,Boucherville,,,716,1974,296100,283400,579500,2025,Logement,MAMH — Données Québec (rôle d'évaluation foncière),https://donneesouvertes.affmunqc.net/role/RL58033_2026.xml,,,,
"459, Alouettes",,Boucherville,,,715.6,1974,296000,260100,556100,2025,Logement,MAMH — Données Québec (rôle d'évaluation foncière),https://donneesouvertes.affmunqc.net/role/RL58033_2026.xml,,,,
"463, Alouettes",,Boucherville,,,557.4,1973,250800,223500,474300,2025,Logement,MAMH — Données Québec (rôle d'évaluation foncière),https://donneesouvertes.affmunqc.net/role/RL58033_2026.xml,,,,
"380, Merles",,Boucherville,,,32.8,,1500,,1500,2025,Terrain vacant,MAMH — Données Québec (rôle d'évaluation foncière),https://donneesouvertes.affmunqc.net/role/RL58033_2026.xml,,,,
"1090, Louis-h.-latour",,Boucherville,,,553.8,1972,249200,210100,459300,2025,Logement,MAMH — Données Québec (rôle d'évaluation foncière),https://donneesouvertes.affmunqc.net/role/RL58033_2026.xml,,,,
"1093, Louis-h.-latour",,Boucherville,,,418.1,1973,188100,249900,438000,2025,Logement,MAMH — Données Québec (rôle d'évaluation foncière),https://donneesouvertes.affmunqc.net/role/RL58033_2026.xml,,,,
"1094, Louis-h.-latour",,Boucherville,,,654.2,1973,282200,302700,584900,2025,Logement,MAMH — Données Québec (rôle d'évaluation foncière),https://donneesouvertes.affmunqc.net/role/RL58033_2026.xml,,,,
"1097, Louis-h.-latour",,Boucherville,,,418.1,1976,188100,288100,476200,2025,Logement,MAMH — Données Québec (rôle d'évaluation foncière),https://donneesouvertes.affmunqc.net/role/RL58033_2026.xml,,,,
"1098, Louis-h.-latour",,Boucherville,,,576.6,1972,259500,277300,536800,2025,Logement,MAMH — Données Québec (rôle d'évaluation foncière),https://donneesouvertes.affmunqc.net/role/RL58033_2026.xml,,,,
"1101, Louis-h.-latour",,Boucherville,,,418.1,1977,188100,305400,493500,2025,Logement,MAMH — Données Québec (rôle d'évaluation foncière),https://donneesouvertes.affmunqc.net/role/RL58033_2026.xml,,,,
"1105, Louis-h.-latour",,Boucherville,,,313.5,1977,141100,317000,458100,2025,Logement,MAMH — Données Québec (rôle d'évaluation foncière),https://donneesouvertes.affmunqc.net/role/RL58033_2026.xml,,,,
"1109, Louis-h.-latour",,Boucherville,,,313.6,1976,141100,308200,449300,2025,Logement,MAMH — Données Québec (rôle d'évaluation foncière),https://donneesouvertes.affmunqc.net/role/RL58033_2026.xml,,,,
"1113, Louis-h.-latour",,Boucherville,,,627.1,1975,276100,343300,619400,2025,Logement,MAMH — Données Québec (rôle d'évaluation foncière),https://donneesouvertes.affmunqc.net/role/RL58033_2026.xml,,,,
"1117, Louis-h.-latour",,Boucherville,,,630.4,1974,276800,309600,586400,2025,Logement,MAMH — Données Québec (rôle d'évaluation foncière),https://donneesouvertes.affmunqc.net/role/RL58033_2026.xml,,,,
"1090, De Montarville",,Boucherville,,,2328.4,1976,1004000,2161900,3165900,2025,Logement,MAMH — Données Québec (rôle d'évaluation foncière),https://donneesouvertes.affmunqc.net/role/RL58033_2026.xml,,,,
"1121, Louis-h.-latour",,Boucherville,,,670.7,1974,285900,247600,533500,2025,Logement,MAMH — Données Québec (rôle d'évaluation foncière),https://donneesouvertes.affmunqc.net/role/RL58033_2026.xml,,,,
"1089, Louis-h.-latour",,Boucherville,,,418.1,1973,188100,241100,429200,2025,Logement,MAMH — Données Québec (rôle d'évaluation foncière),https://donneesouvertes.affmunqc.net/role/RL58033_2026.xml,,,,
"1080, De Montarville",,Boucherville,,,2877.4,1976,1134100,3067000,4201100,2025,Logement,MAMH — Données Québec (rôle d'évaluation foncière),https://donneesouvertes.affmunqc.net/role/RL58033_2026.xml,,,,
"1071, De Montarville",,Boucherville,,,6308,2002,1734700,5284200,7018900,2025,Industrie,MAMH — Données Québec (rôle d'évaluation foncière),https://donneesouvertes.affmunqc.net/role/RL58033_2026.xml,,,,
"503, D'avaugour",,Boucherville,,,4493.5,2017,1112100,6480700,7592800,2025,Industrie,MAMH — Données Québec (rôle d'évaluation foncière),https://donneesouvertes.affmunqc.net/role/RL58033_2026.xml,,,,
"1055, De Montarville",,Boucherville,,,30895.5,,6961000,6251700,13212700,2025,Immeuble à bureaux,MAMH — Données Québec (rôle d'évaluation foncière),https://donneesouvertes.affmunqc.net/role/RL58033_2026.xml,,,,
"1175, Fauvettes",,Boucherville,,,589.7,1979,265400,404100,669500,2025,Logement,MAMH — Données Québec (rôle d'évaluation foncière),https://donneesouvertes.affmunqc.net/role/RL58033_2026.xml,,,,
"1164, Fauvettes",,Boucherville,,,487.2,1979,243600,236200,479800,2025,Logement,MAMH — Données Québec (rôle d'évaluation foncière),https://donneesouvertes.affmunqc.net/role/RL58033_2026.xml,,,,
"1173, Fauvettes",,Boucherville,,,639.6,1979,278900,314700,593600,2025,Logement,MAMH — Données Québec (rôle d'évaluation foncière),https://donneesouvertes.affmunqc.net/role/RL58033_2026.xml,,,,
"355, Normandie",,Boucherville,,,668.9,1987,317200,421400,738600,2025,Logement,MAMH — Données Québec (rôle d'évaluation foncière),https://donneesouvertes.affmunqc.net/role/RL58033_2026.xml,,,,
"1169, Fauvettes",,Boucherville,,,377.3,1979,188700,364300,553000,2025,Logement,MAMH — Données Québec (rôle d'évaluation foncière),https://donneesouvertes.affmunqc.net/role/RL58033_2026.xml,,,,
"361, Normandie",,Boucherville,,,717.8,1986,329500,331300,660800,2025,Logement,MAMH — Données Québec (rôle d'évaluation foncière),https://donneesouvertes.affmunqc.net/role/RL58033_2026.xml,,,,
"363, Normandie",,Boucherville,,,415,,207500,,207500,2025,Immeuble commercial,MAMH — Données Québec (rôle d'évaluation foncière),https://donneesouvertes.affmunqc.net/role/RL58033_2026.xml,,,,
"1167, Fauvettes",,Boucherville,,,414.7,1979,207400,334200,541600,2025,Logement,MAMH — Données Québec (rôle d'évaluation foncière),https://donneesouvertes.affmunqc.net/role/RL58033_2026.xml,,,,
"1165, Fauvettes",,Boucherville,,,585.7,1980,292900,267700,560600,2025,Logement,MAMH — Données Québec (rôle d'évaluation foncière),https://donneesouvertes.affmunqc.net/role/RL58033_2026.xml,,,,
"365, Normandie",,Boucherville,,,657.7,1984,314400,319900,634300,2025,Logement,MAMH — Données Québec (rôle d'évaluation foncière),https://donneesouvertes.affmunqc.net/role/RL58033_2026.xml,,,,
"1163, Fauvettes",,Boucherville,,,780.7,1980,345200,256500,601700,2025,Logement,MAMH — Données Québec (rôle d'évaluation foncière),https://donneesouvertes.affmunqc.net/role/RL58033_2026.xml,,,,
"371, Normandie",,Boucherville,,,776,1985,344000,310400,654400,2025,Logement,MAMH — Données Québec (rôle d'évaluation foncière),https://donneesouvertes.affmunqc.net/role/RL58033_2026.xml,,,,
"373, Normandie",,Boucherville,,,724.6,1984,331200,333200,664400,2025,Logement,MAMH — Données Québec (rôle d'évaluation foncière),https://donneesouvertes.affmunqc.net/role/RL58033_2026.xml,,,,
"1147, Fauvettes",,Boucherville,,,493.7,1979,246900,224300,471200,2025,Logement,MAMH — Données Québec (rôle d'évaluation foncière),https://donneesouvertes.affmunqc.net/role/RL58033_2026.xml,,,,
"1162, Fauvettes",,Boucherville,,,391.1,1979,195600,325500,521100,2025,Logement,MAMH — Données Québec (rôle d'évaluation foncière),https://donneesouvertes.affmunqc.net/role/RL58033_2026.xml,,,,
"1149, Fauvettes",,Boucherville,,,399.5,1979,199800,270600,470400,2025,Logement,MAMH — Données Québec (rôle d'évaluation foncière),https://donneesouvertes.affmunqc.net/role/RL58033_2026.xml,,,,
"1151, Fauvettes",,Boucherville,,,306.6,1979,153300,317700,471000,2025,Logement,MAMH — Données Québec (rôle d'évaluation foncière),https://donneesouvertes.affmunqc.net/role/RL58033_2026.xml,,,,
"1153, Fauvettes",,Boucherville,,,306.6,1979,153300,280100,433400,2025,Logement,MAMH — Données Québec (rôle d'évaluation foncière),https://donneesouvertes.affmunqc.net/role/RL58033_2026.xml,,,,
"1145, Fauvettes",,Boucherville,,,836.8,1976,323300,242700,566000,2025,Logement,MAMH — Données Québec (rôle d'évaluation foncière),https://donneesouvertes.affmunqc.net/role/RL58033_2026.xml,,,,
"1155, Fauvettes",,Boucherville,,,399.5,1979,199800,283600,483400,2025,Logement,MAMH — Données Québec (rôle d'évaluation foncière),https://donneesouvertes.affmunqc.net/role/RL58033_2026.xml,,,,
"1157, Fauvettes",,Boucherville,,,408.8,1979,204400,314300,518700,2025,Logement,MAMH — Données Québec (rôle d'évaluation foncière),https://donneesouvertes.affmunqc.net/role/RL58033_2026.xml,,,,
"1146, Rossignols",,Boucherville,,,657.8,1976,283000,628000,911000,2025,Logement,MAMH — Données Québec (rôle d'évaluation foncière),https://donneesouvertes.affmunqc.net/role/RL58033_2026.xml,,,,
"1159, Fauvettes",,Boucherville,,,334.5,1979,167300,282700,450000,2025,Logement,MAMH — Données Québec (rôle d'évaluation foncière),https://donneesouvertes.affmunqc.net/role/RL58033_2026.xml,,,,
"1150, Rossignols",,Boucherville,,,596.4,1976,268400,263500,531900,2025,Logement,MAMH — Données Québec (rôle d'évaluation foncière),https://donneesouvertes.affmunqc.net/role/RL58033_2026.xml,,,,
"1161, Fauvettes",,Boucherville,,,554.4,1979,277200,224500,501700,2025,Logement,MAMH — Données Québec (rôle d'évaluation foncière),https://donneesouvertes.affmunqc.net/role/RL58033_2026.xml,,,,
"1154, Rossignols",,Boucherville,,,596.4,1976,268400,316100,584500,2025,Logement,MAMH — Données Québec (rôle d'évaluation foncière),https://donneesouvertes.affmunqc.net/role/RL58033_2026.xml,,,,
"1156, Rossignols",,Boucherville,,,596.4,1976,268400,342300,610700,2025,Logement,MAMH — Données Québec (rôle d'évaluation foncière),https://donneesouvertes.affmunqc.net/role/RL58033_2026.xml,,,,
"1149, Rossignols",,Boucherville,,,603.9,1976,270900,288900,559800,2025,Logement,MAMH — Données Québec (rôle d'évaluation foncière),https://donneesouvertes.affmunqc.net/role/RL58033_2026.xml,,,,
"1141, Rossignols",,Boucherville,,,721.6,1976,297400,308000,605400,2025,Logement,MAMH — Données Québec (rôle d'évaluation foncière),https://donneesouvertes.affmunqc.net/role/RL58033_2026.xml,,,,
"1135, Fauvettes",,Boucherville,,,585.3,1976,263400,521200,784600,2025,Logement,MAMH — Données Québec (rôle d'évaluation foncière),https://donneesouvertes.affmunqc.net/role/RL58033_2026.xml,,,,
"1133, Fauvettes",,Boucherville,,,585.3,1975,263400,314700,578100,2025,Logement,MAMH — Données Québec (rôle d'évaluation foncière),https://donneesouvertes.affmunqc.net/role/RL58033_2026.xml,,,,
"1131, Fauvettes",,Boucherville,,,775.5,1974,309500,249800,559300,2025,Logement,MAMH — Données Québec (rôle d'évaluation foncière),https://donneesouvertes.affmunqc.net/role/RL58033_2026.xml,,,,
"1143, Rossignols",,Boucherville,,,659.6,1976,283400,274000,557400,2025,Logement,MAMH — Données Québec (rôle d'évaluation foncière),https://donneesouvertes.affmunqc.net/role/RL58033_2026.xml,,,,
"1146, Hirondelles",,Boucherville,,,785.3,1974,311700,317400,629100,2025,Logement,MAMH — Données Québec (rôle d'évaluation foncière),https://donneesouvertes.affmunqc.net/role/RL58033_2026.xml,,,,
"1145, Rossignols",,Boucherville,,,603.9,1976,270900,310400,581300,2025,Logement,MAMH — Données Québec (rôle d'évaluation foncière),https://donneesouvertes.affmunqc.net/role/RL58033_2026.xml,,,,
"1144, Hirondelles",,Boucherville,,,733.5,1974,300000,279700,579700,2025,Logement,MAMH — Données Québec (rôle d'évaluation foncière),https://donneesouvertes.affmunqc.net/role/RL58033_2026.xml,,,,
"1148, Hirondelles",,Boucherville,,,750.1,1974,303800,230300,534100,2025,Logement,MAMH — Données Québec (rôle d'évaluation foncière),https://donneesouvertes.affmunqc.net/role/RL58033_2026.xml,,,,
"1140, Hirondelles",,Boucherville,,,758,1974,305600,251400,557000,2025,Logement,MAMH — Données Québec (rôle d'évaluation foncière),https://donneesouvertes.affmunqc.net/role/RL58033_2026.xml,,,,
"1123, Fauvettes",,Boucherville,,,650.3,1974,281300,245500,526800,2025,Logement,MAMH — Données Québec (rôle d'évaluation foncière),https://donneesouvertes.affmunqc.net/role/RL58033_2026.xml,,,,
"456, Alouettes",,Boucherville,,,598.6,1973,269400,247900,517300,2025,Logement,MAMH — Données Québec (rôle d'évaluation foncière),https://donneesouvertes.affmunqc.net/role/RL58033_2026.xml,,,,
"1125, Fauvettes",,Boucherville,,,650.3,1974,281300,341100,622400,2025,Logement,MAMH — Données Québec (rôle d'évaluation foncière),https://donneesouvertes.affmunqc.net/role/RL58033_2026.xml,,,,
"460, Alouettes",,Boucherville,,,747.9,1975,303300,281700,585000,2025,Logement,MAMH — Données Québec (rôle d'évaluation foncière),https://donneesouvertes.affmunqc.net/role/RL58033_2026.xml,,,,
"1127, Fauvettes",,Boucherville,,,720,1974,297000,271600,568600,2025,Logement,MAMH — Données Québec (rôle d'évaluation foncière),https://donneesouvertes.affmunqc.net/role/RL58033_2026.xml,,,,
"1124, Hirondelles",,Boucherville,,,806.9,1974,316600,231900,548500,2025,Logement,MAMH — Données Québec (rôle d'évaluation foncière),https://donneesouvertes.affmunqc.net/role/RL58033_2026.xml,,,,
"1122, Hirondelles",,Boucherville,,,744.3,1974,302500,219100,521600,2025,Logement,MAMH — Données Québec (rôle d'évaluation foncière),https://donneesouvertes.affmunqc.net/role/RL58033_2026.xml,,,,
"1128, Hirondelles",,Boucherville,,,731.6,1974,299600,217800,517400,2025,Logement,MAMH — Données Québec (rôle d'évaluation foncière),https://donneesouvertes.affmunqc.net/role/RL58033_2026.xml,,,,
"1130, Hirondelles",,Boucherville,,,972.7,1974,353900,250800,604700,2025,Logement,MAMH — Données Québec (rôle d'évaluation foncière),https://donneesouvertes.affmunqc.net/role/RL58033_2026.xml,,,,
"1115, Hirondelles",,Boucherville,,,275.9,1976,138000,372900,510900,2025,Logement,MAMH — Données Québec (rôle d'évaluation foncière),https://donneesouvertes.affmunqc.net/role/RL58033_2026.xml,,,,
"467, Alouettes",,Boucherville,,,557.4,1973,250800,243200,494000,2025,Logement,MAMH — Données Québec (rôle d'évaluation foncière),https://donneesouvertes.affmunqc.net/role/RL58033_2026.xml,,,,
"469, Alouettes",,Boucherville,,,588.8,1975,265000,352200,617200,2025,Logement,MAMH — Données Québec (rôle d'évaluation foncière),https://donneesouvertes.affmunqc.net/role/RL58033_2026.xml,,,,
"1101, Hirondelles",,Boucherville,,,426.4,1977,213200,315100,528300,2025,Logement,MAMH — Données Québec (rôle d'évaluation foncière),https://donneesouvertes.affmunqc.net/role/RL58033_2026.xml,,,,
"470, Alouettes",,Boucherville,,,291,1976,145500,530400,675900,2025,Logement,MAMH — Données Québec (rôle d'évaluation foncière),https://donneesouvertes.affmunqc.net/role/RL58033_2026.xml,,,,
"1103, Hirondelles",,Boucherville,,,330.1,1977,165100,335500,500600,2025,Logement,MAMH — Données Québec (rôle d'évaluation foncière),https://donneesouvertes.affmunqc.net/role/RL58033_2026.xml,,,,
"468, Alouettes",,Boucherville,,,351.8,1976,175900,366600,542500,2025,Logement,MAMH — Données Québec (rôle d'évaluation foncière),https://donneesouvertes.affmunqc.net/role/RL58033_2026.xml,,,,
"1105, Hirondelles",,Boucherville,,,357.8,1976,178900,437100,616000,2025,Logement,MAMH — Données Québec (rôle d'évaluation foncière),https://donneesouvertes.affmunqc.net/role/RL58033_2026.xml,,,,
"1107, Hirondelles",,Boucherville,,,404.3,1976,202200,337600,539800,2025,Logement,MAMH — Données Québec (rôle d'évaluation foncière),https://donneesouvertes.affmunqc.net/role/RL58033_2026.xml,,,,
"1110, De Montarville",,Boucherville,,,324.8,1987,154300,291600,445900,2025,Logement,MAMH — Données Québec (rôle d'évaluation foncière),https://donneesouvertes.affmunqc.net/role/RL58033_2026.xml,,,,
"1112, De Montarville",,Boucherville,,,381.2,1987,181100,302900,484000,2025,Logement,MAMH — Données Québec (rôle d'évaluation foncière),https://donneesouvertes.affmunqc.net/role/RL58033_2026.xml,,,,
"1114, De Montarville",,Boucherville,,,324.7,1987,154200,301400,455600,2025,Logement,MAMH — Données Québec (rôle d'évaluation foncière),https://donneesouvertes.affmunqc.net/role/RL58033_2026.xml,,,,
"1116, De Montarville",,Boucherville,,,381.4,1987,181200,316600,497800,2025,Logement,MAMH — Données Québec (rôle d'évaluation foncière),https://donneesouvertes.affmunqc.net/role/RL58033_2026.xml,,,,
"1118, De Montarville",,Boucherville,,,381.6,1987,181300,273400,454700,2025,Logement,MAMH — Données Québec (rôle d'évaluation foncière),https://donneesouvertes.affmunqc.net/role/RL58033_2026.xml,,,,
"1120, De Montarville",,Boucherville,,,324.8,1987,154300,321400,475700,2025,Logement,MAMH — Données Québec (rôle d'évaluation foncière),https://donneesouvertes.affmunqc.net/role/RL58033_2026.xml,,,,
"1124, De Montarville",,Boucherville,,,381.2,1987,181100,286700,467800,2025,Logement,MAMH — Données Québec (rôle d'évaluation foncière),https://donneesouvertes.affmunqc.net/role/RL58033_2026.xml,,,,
"1122, De Montarville",,Boucherville,,,324.8,1987,154300,300900,455200,2025,Logement,MAMH — Données Québec (rôle d'évaluation foncière),https://donneesouvertes.affmunqc.net/role/RL58033_2026.xml,,,,
"1128, De Montarville",,Boucherville,,,328.1,1987,155800,316300,472100,2025,Logement,MAMH — Données Québec (rôle d'évaluation foncière),https://donneesouvertes.affmunqc.net/role/RL58033_2026.xml,,,,
"1126, De Montarville",,Boucherville,,,377.7,1987,179400,284400,463800,2025,Logement,MAMH — Données Québec (rôle d'évaluation foncière),https://donneesouvertes.affmunqc.net/role/RL58033_2026.xml,,,,
"1109, Hirondelles",,Boucherville,,,339.1,1976,169600,359400,529000,2025,Logement,MAMH — Données Québec (rôle d'évaluation foncière),https://donneesouvertes.affmunqc.net/role/RL58033_2026.xml,,,,
"1111, Hirondelles",,Boucherville,,,275.9,1976,138000,395700,533700,2025,Logement,MAMH — Données Québec (rôle d'évaluation foncière),https://donneesouvertes.affmunqc.net/role/RL58033_2026.xml,,,,
"1113, Hirondelles",,Boucherville,,,275.9,1976,138000,332200,470200,2025,Logement,MAMH — Données Québec (rôle d'évaluation foncière),https://donneesouvertes.affmunqc.net/role/RL58033_2026.xml,,,,
"471, Alouettes",,Boucherville,,,688.6,1976,289900,397500,687400,2025,Logement,MAMH — Données Québec (rôle d'évaluation foncière),https://donneesouvertes.affmunqc.net/role/RL58033_2026.xml,,,,
"1100, De Montarville",,Boucherville,,,2498.4,1976,1044300,2151000,3195300,2025,Logement,MAMH — Données Québec (rôle d'évaluation foncière),https://donneesouvertes.affmunqc.net/role/RL58033_2026.xml,,,,
"525, D'avaugour",,Boucherville,,,6410.4,2018,1762900,3720700,5483600,2025,Immeuble à bureaux,MAMH — Données Québec (rôle d'évaluation foncière),https://donneesouvertes.affmunqc.net/role/RL58033_2026.xml,,,,
"1070, Lionel-daunais",,Boucherville,,,4166.6,2003,1145800,1628200,2774000,2025,Industrie,MAMH — Données Québec (rôle d'évaluation foncière),https://donneesouvertes.affmunqc.net/role/RL58033_2026.xml,,,,
"375, Normandie",,Boucherville,,,724.6,1985,331200,282200,613400,2025,Logement,MAMH — Données Québec (rôle d'évaluation foncière),https://donneesouvertes.affmunqc.net/role/RL58033_2026.xml,,,,
"370, Normandie",,Boucherville,,,591.7,1994,295900,495800,791700,2025,Logement,MAMH — Données Québec (rôle d'évaluation foncière),https://donneesouvertes.affmunqc.net/role/RL58033_2026.xml,,,,
"381, Normandie",,Boucherville,,,772.4,1984,343100,399000,742100,2025,Logement,MAMH — Données Québec (rôle d'évaluation foncière),https://donneesouvertes.affmunqc.net/role/RL58033_2026.xml,,,,
"374, Normandie",,Boucherville,,,591.7,1992,295900,437000,732900,2025,Logement,MAMH — Données Québec (rôle d'évaluation foncière),https://donneesouvertes.affmunqc.net/role/RL58033_2026.xml,,,,
"376, Normandie",,Boucherville,,,591.7,1992,295900,419000,714900,2025,Logement,MAMH — Données Québec (rôle d'évaluation foncière),https://donneesouvertes.affmunqc.net/role/RL58033_2026.xml,,,,
"380, Normandie",,Boucherville,,,587,1992,293500,452000,745500,2025,Logement,MAMH — Données Québec (rôle d'évaluation foncière),https://donneesouvertes.affmunqc.net/role/RL58033_2026.xml,,,,
"1170, Dieppe",,Boucherville,,,527.6,1992,256900,580100,837000,2025,Logement,MAMH — Données Québec (rôle d'évaluation foncière),https://donneesouvertes.affmunqc.net/role/RL58033_2026.xml,,,,
"1168, Dieppe",,Boucherville,,,614.5,1992,278600,379600,658200,2025,Logement,MAMH — Données Québec (rôle d'évaluation foncière),https://donneesouvertes.affmunqc.net/role/RL58033_2026.xml,,,,
"390, Normandie",,Boucherville,,,437.6,1994,187100,325000,512100,2025,Logement,MAMH — Données Québec (rôle d'évaluation foncière),https://donneesouvertes.affmunqc.net/role/RL58033_2026.xml,,,,
"394, Normandie",,Boucherville,,,335.5,1994,143400,370000,513400,2025,Logement,MAMH — Données Québec (rôle d'évaluation foncière),https://donneesouvertes.affmunqc.net/role/RL58033_2026.xml,,,,
"1158, Rossignols",,Boucherville,,,596.4,1976,268400,259200,527600,2025,Logement,MAMH — Données Québec (rôle d'évaluation foncière),https://donneesouvertes.affmunqc.net/role/RL58033_2026.xml,,,,
"1176, Hirondelles",,Boucherville,,,642.3,1976,279500,308900,588400,2025,Logement,MAMH — Données Québec (rôle d'évaluation foncière),https://donneesouvertes.affmunqc.net/role/RL58033_2026.xml,,,,
"1172, Hirondelles",,Boucherville,,,603.9,1976,270900,290900,561800,2025,Logement,MAMH — Données Québec (rôle d'évaluation foncière),https://donneesouvertes.affmunqc.net/role/RL58033_2026.xml,,,,
"1183, Hirondelles",,Boucherville,,,382.2,1977,191100,333100,524200,2025,Logement,MAMH — Données Québec (rôle d'évaluation foncière),https://donneesouvertes.affmunqc.net/role/RL58033_2026.xml,,,,
"1181, Hirondelles",,Boucherville,,,306.6,1977,153300,337700,491000,2025,Logement,MAMH — Données Québec (rôle d'évaluation foncière),https://donneesouvertes.affmunqc.net/role/RL58033_2026.xml,,,,
"1179, Hirondelles",,Boucherville,,,306.6,1977,153300,375600,528900,2025,Logement,MAMH — Données Québec (rôle d'évaluation foncière),https://donneesouvertes.affmunqc.net/role/RL58033_2026.xml,,,,
"389, Normandie",,Boucherville,,,460.1,1985,207000,403100,610100,2025,Logement,MAMH — Données Québec (rôle d'évaluation foncière),https://donneesouvertes.affmunqc.net/role/RL58033_2026.xml,,,,
"1177, Hirondelles",,Boucherville,,,306.6,1977,153300,402500,555800,2025,Logement,MAMH — Données Québec (rôle d'évaluation foncière),https://donneesouvertes.affmunqc.net/role/RL58033_2026.xml,,,,
"391, Normandie",,Boucherville,,,356.6,1985,160500,342300,502800,2025,Logement,MAMH — Données Québec (rôle d'évaluation foncière),https://donneesouvertes.affmunqc.net/role/RL58033_2026.xml,,,,
"1175, Hirondelles",,Boucherville,,,306.6,1977,153300,386700,540000,2025,Logement,MAMH — Données Québec (rôle d'évaluation foncière),https://donneesouvertes.affmunqc.net/role/RL58033_2026.xml,,,,
"395, Normandie",,Boucherville,,,378.9,1985,170500,369900,540400,2025,Logement,MAMH — Données Québec (rôle d'évaluation foncière),https://donneesouvertes.affmunqc.net/role/RL58033_2026.xml,,,,
"1173, Hirondelles",,Boucherville,,,306.6,1976,153300,374000,527300,2025,Logement,MAMH — Données Québec (rôle d'évaluation foncière),https://donneesouvertes.affmunqc.net/role/RL58033_2026.xml,,,,
"397, Normandie",,Boucherville,,,378.9,1985,170500,394200,564700,2025,Logement,MAMH — Données Québec (rôle d'évaluation foncière),https://donneesouvertes.affmunqc.net/role/RL58033_2026.xml,,,,
"1171, Hirondelles",,Boucherville,,,306.6,1977,153300,383100,536400,2025,Logement,MAMH — Données Québec (rôle d'évaluation foncière),https://donneesouvertes.affmunqc.net/role/RL58033_2026.xml,,,,
"1169, Hirondelles",,Boucherville,,,306.6,1977,153300,376200,529500,2025,Logement,MAMH — Données Québec (rôle d'évaluation foncière),https://donneesouvertes.affmunqc.net/role/RL58033_2026.xml,,,,
"403, Normandie",,Boucherville,,,356.6,1985,160500,385700,546200,2025,Logement,MAMH — Données Québec (rôle d'évaluation foncière),https://donneesouvertes.affmunqc.net/role/RL58033_2026.xml,,,,
"405, Normandie",,Boucherville,,,356.6,1985,160500,375500,536000,2025,Logement,MAMH — Données Québec (rôle d'évaluation foncière),https://donneesouvertes.affmunqc.net/role/RL58033_2026.xml,,,,
"1167, Hirondelles",,Boucherville,,,306.6,1976,153300,329600,482900,2025,Logement,MAMH — Données Québec (rôle d'évaluation foncière),https://donneesouvertes.affmunqc.net/role/RL58033_2026.xml,,,,
"409, Normandie",,Boucherville,,,378.9,1985,170500,366600,537100,2025,Logement,MAMH — Données Québec (rôle d'évaluation foncière),https://donneesouvertes.affmunqc.net/role/RL58033_2026.xml,,,,
"1165, Hirondelles",,Boucherville,,,306.6,1976,153300,344800,498100,2025,Logement,MAMH — Données Québec (rôle d'évaluation foncière),https://donneesouvertes.affmunqc.net/role/RL58033_2026.xml,,,,
"1150, Hirondelles",,Boucherville,,,965.9,1975,352300,368200,720500,2025,Logement,MAMH — Données Québec (rôle d'évaluation foncière),https://donneesouvertes.affmunqc.net/role/RL58033_2026.xml,,,,
"1152, Hirondelles",,Boucherville,,,562.5,1974,253100,409600,662700,2025,Logement,MAMH — Données Québec (rôle d'évaluation foncière),https://donneesouvertes.affmunqc.net/role/RL58033_2026.xml,,,,
"1138, Hirondelles",,Boucherville,,,609.8,1974,272200,309300,581500,2025,Logement,MAMH — Données Québec (rôle d'évaluation foncière),https://donneesouvertes.affmunqc.net/role/RL58033_2026.xml,,,,
"1170, Hirondelles",,Boucherville,,,603.9,1976,270900,231300,502200,2025,Logement,MAMH — Données Québec (rôle d'évaluation foncière),https://donneesouvertes.affmunqc.net/role/RL58033_2026.xml,,,,
"1154, Hirondelles",,Boucherville,,,576.9,1975,259600,531600,791200,2025,Logement,MAMH — Données Québec (rôle d'évaluation foncière),https://donneesouvertes.affmunqc.net/role/RL58033_2026.xml,,,,
"1166, Hirondelles",,Boucherville,,,603.9,1976,270900,289200,560100,2025,Logement,MAMH — Données Québec (rôle d'évaluation foncière),https://donneesouvertes.affmunqc.net/role/RL58033_2026.xml,,,,
"1156, Hirondelles",,Boucherville,,,577.3,1976,259800,324600,584400,2025,Logement,MAMH — Données Québec (rôle d'évaluation foncière),https://donneesouvertes.affmunqc.net/role/RL58033_2026.xml,,,,
"1162, Hirondelles",,Boucherville,,,603.9,1976,270900,250400,521300,2025,Logement,MAMH — Données Québec (rôle d'évaluation foncière),https://donneesouvertes.affmunqc.net/role/RL58033_2026.xml,,,,
"1160, Hirondelles",,Boucherville,,,642.3,1976,279500,303300,582800,2025,Logement,MAMH — Données Québec (rôle d'évaluation foncière),https://donneesouvertes.affmunqc.net/role/RL58033_2026.xml,,,,
"1141, Hirondelles",,Boucherville,,,275.9,1976,138000,380300,518300,2025,Logement,MAMH — Données Québec (rôle d'évaluation foncière),https://donneesouvertes.affmunqc.net/role/RL58033_2026.xml,,,,
"1143, Hirondelles",,Boucherville,,,275.9,1976,138000,378600,516600,2025,Logement,MAMH — Données Québec (rôle d'évaluation foncière),https://donneesouvertes.affmunqc.net/role/RL58033_2026.xml,,,,
"1145, Hirondelles",,Boucherville,,,275.9,1976,138000,371100,509100,2025,Logement,MAMH — Données Québec (rôle d'évaluation foncière),https://donneesouvertes.affmunqc.net/role/RL58033_2026.xml,,,,
"1134, Hirondelles",,Boucherville,,,720.2,1974,297000,341600,638600,2025,Logement,MAMH — Données Québec (rôle d'évaluation foncière),https://donneesouvertes.affmunqc.net/role/RL58033_2026.xml,,,,
"1117, Hirondelles",,Boucherville,,,275.9,1976,138000,405300,543300,2025,Logement,MAMH — Données Québec (rôle d'évaluation foncière),https://donneesouvertes.affmunqc.net/role/RL58033_2026.xml,,,,
"1119, Hirondelles",,Boucherville,,,275.9,1976,138000,401600,539600,2025,Logement,MAMH — Données Québec (rôle d'évaluation foncière),https://donneesouvertes.affmunqc.net/role/RL58033_2026.xml,,,,
"1136, Hirondelles",,Boucherville,,,617.8,1974,274000,351200,625200,2025,Logement,MAMH — Données Québec (rôle d'évaluation foncière),https://donneesouvertes.affmunqc.net/role/RL58033_2026.xml,,,,
"1121, Hirondelles",,Boucherville,,,275.9,1976,138000,408400,546400,2025,Logement,MAMH — Données Québec (rôle d'évaluation foncière),https://donneesouvertes.affmunqc.net/role/RL58033_2026.xml,,,,
"1123, Hirondelles",,Boucherville,,,275.9,1976,138000,341800,479800,2025,Logement,MAMH — Données Québec (rôle d'évaluation foncière),https://donneesouvertes.affmunqc.net/role/RL58033_2026.xml,,,,
"1125, Hirondelles",,Boucherville,,,275.9,1976,138000,344100,482100,2025,Logement,MAMH — Données Québec (rôle d'évaluation foncière),https://donneesouvertes.affmunqc.net/role/RL58033_2026.xml,,,,
"1127, Hirondelles",,Boucherville,,,275.9,1976,138000,374600,512600,2025,Logement,MAMH — Données Québec (rôle d'évaluation foncière),https://donneesouvertes.affmunqc.net/role/RL58033_2026.xml,,,,
"1129, Hirondelles",,Boucherville,,,275.9,1976,138000,356600,494600,2025,Logement,MAMH — Données Québec (rôle d'évaluation foncière),https://donneesouvertes.affmunqc.net/role/RL58033_2026.xml,,,,
"1131, Hirondelles",,Boucherville,,,275.9,1976,138000,381400,519400,2025,Logement,MAMH — Données Québec (rôle d'évaluation foncière),https://donneesouvertes.affmunqc.net/role/RL58033_2026.xml,,,,
"1133, Hirondelles",,Boucherville,,,275.9,1976,138000,374900,512900,2025,Logement,MAMH — Données Québec (rôle d'évaluation foncière),https://donneesouvertes.affmunqc.net/role/RL58033_2026.xml,,,,
"1156, De Montarville",,Boucherville,,,150.6,1988,154900,300300,455200,2025,Logement,MAMH — Données Québec (rôle d'évaluation foncière),https://donneesouvertes.affmunqc.net/role/RL58033_2026.xml,,,,
"1135, Hirondelles",,Boucherville,,,275.9,1976,138000,361600,499600,2025,Logement,MAMH — Données Québec (rôle d'évaluation foncière),https://donneesouvertes.affmunqc.net/role/RL58033_2026.xml,,,,
"1154, De Montarville",,Boucherville,,,143.2,1988,151400,279000,430400,2025,Logement,MAMH — Données Québec (rôle d'évaluation foncière),https://donneesouvertes.affmunqc.net/role/RL58033_2026.xml,,,,
"1152, De Montarville",,Boucherville,,,143.2,1988,151400,284900,436300,2025,Logement,MAMH — Données Québec (rôle d'évaluation foncière),https://donneesouvertes.affmunqc.net/role/RL58033_2026.xml,,,,
"1137, Hirondelles",,Boucherville,,,275.9,1976,138000,452200,590200,2025,Logement,MAMH — Données Québec (rôle d'évaluation foncière),https://donneesouvertes.affmunqc.net/role/RL58033_2026.xml,,,,
"1158, De Montarville",,Boucherville,,,166.5,1989,162400,319800,482200,2025,Logement,MAMH — Données Québec (rôle d'évaluation foncière),https://donneesouvertes.affmunqc.net/role/RL58033_2026.xml,,,,
"1150, De Montarville",,Boucherville,,,150.6,1988,154900,297400,452300,2025,Logement,MAMH — Données Québec (rôle d'évaluation foncière),https://donneesouvertes.affmunqc.net/role/RL58033_2026.xml,,,,
"1139, Hirondelles",,Boucherville,,,275.9,1976,138000,390100,528100,2025,Logement,MAMH — Données Québec (rôle d'évaluation foncière),https://donneesouvertes.affmunqc.net/role/RL58033_2026.xml,,,,
"1160, De Montarville",,Boucherville,,,158.4,1988,158800,341200,500000,2025,Logement,MAMH — Données Québec (rôle d'évaluation foncière),https://donneesouvertes.affmunqc.net/role/RL58033_2026.xml,,,,
"1162, De Montarville",,Boucherville,,,158.7,1989,158800,287100,445900,2025,Logement,MAMH — Données Québec (rôle d'évaluation foncière),https://donneesouvertes.affmunqc.net/role/RL58033_2026.xml,,,,
"1164, De Montarville",,Boucherville,,,167.2,1988,162800,300500,463300,2025,Logement,MAMH — Données Québec (rôle d'évaluation foncière),https://donneesouvertes.affmunqc.net/role/RL58033_2026.xml,,,,
"1130, De Montarville",,Boucherville,,,414.3,1988,196800,293100,489900,2025,Logement,MAMH — Données Québec (rôle d'évaluation foncière),https://donneesouvertes.affmunqc.net/role/RL58033_2026.xml,,,,
"1134, De Montarville",,Boucherville,,,414.2,1988,196700,313500,510200,2025,Logement,MAMH — Données Québec (rôle d'évaluation foncière),https://donneesouvertes.affmunqc.net/role/RL58033_2026.xml,,,,
"1136, De Montarville",,Boucherville,,,493.2,1989,234300,360200,594500,2025,Logement,MAMH — Données Québec (rôle d'évaluation foncière),https://donneesouvertes.affmunqc.net/role/RL58033_2026.xml,,,,
"1138, De Montarville",,Boucherville,,,414.2,1990,196700,263600,460300,2025,Logement,MAMH — Données Québec (rôle d'évaluation foncière),https://donneesouvertes.affmunqc.net/role/RL58033_2026.xml,,,,
"1140, De Montarville",,Boucherville,,,414.3,1989,196800,268900,465700,2025,Logement,MAMH — Données Québec (rôle d'évaluation foncière),https://donneesouvertes.affmunqc.net/role/RL58033_2026.xml,,,,
"1142, De Montarville",,Boucherville,,,623.3,1992,266700,347900,614600,2025,Logement,MAMH — Données Québec (rôle d'évaluation foncière),https://donneesouvertes.affmunqc.net/role/RL58033_2026.xml,,,,
"1144, De Montarville",,Boucherville,,,414.3,1990,196800,323800,520600,2025,Logement,MAMH — Données Québec (rôle d'évaluation foncière),https://donneesouvertes.affmunqc.net/role/RL58033_2026.xml,,,,
"1146, De Montarville",,Boucherville,,,414.2,1985,196700,301300,498000,2025,Logement,MAMH — Données Québec (rôle d'évaluation foncière),https://donneesouvertes.affmunqc.net/role/RL58033_2026.xml,,,,
"500, D'avaugour, app. 520",,Boucherville,,,18903.2,,4087700,12386500,16474200,2025,Immeuble à bureaux,MAMH — Données Québec (rôle d'évaluation foncière),https://donneesouvertes.affmunqc.net/role/RL58033_2026.xml,,,,
"540, D'avaugour",,Boucherville,,,17796.5,2009,4298500,12068300,16366800,2025,Immeuble à bureaux,MAMH — Données Québec (rôle d'évaluation foncière),https://donneesouvertes.affmunqc.net/role/RL58033_2026.xml,,,,
"396, Normandie",,Boucherville,,,335.5,1993,143400,343200,486600,2025,Logement,MAMH — Données Québec (rôle d'évaluation foncière),https://donneesouvertes.affmunqc.net/role/RL58033_2026.xml,,,,
"1163, Blois",,Boucherville,,,437.6,1992,207900,305100,513000,2025,Logement,MAMH — Données Québec (rôle d'évaluation foncière),https://donneesouvertes.affmunqc.net/role/RL58033_2026.xml,,,,
"400, Normandie",,Boucherville,,,335.5,1993,143400,377600,521000,2025,Logement,MAMH — Données Québec (rôle d'évaluation foncière),https://donneesouvertes.affmunqc.net/role/RL58033_2026.xml,,,,
"1165, Blois",,Boucherville,,,335.5,1992,159400,298800,458200,2025,Logement,MAMH — Données Québec (rôle d'évaluation foncière),https://donneesouvertes.affmunqc.net/role/RL58033_2026.xml,,,,
"404, Normandie",,Boucherville,,,335.5,1992,143400,341300,484700,2025,Logement,MAMH — Données Québec (rôle d'évaluation foncière),https://donneesouvertes.affmunqc.net/role/RL58033_2026.xml,,,,
"1167, Blois",,Boucherville,,,335.5,1992,159400,310500,469900,2025,Logement,MAMH — Données Québec (rôle d'évaluation foncière),https://donneesouvertes.affmunqc.net/role/RL58033_2026.xml,,,,
"1169, Blois",,Boucherville,,,335.5,1992,159400,288300,447700,2025,Logement,MAMH — Données Québec (rôle d'évaluation foncière),https://donneesouvertes.affmunqc.net/role/RL58033_2026.xml,,,,
"1171, Blois",,Boucherville,,,335.5,1992,159400,339600,499000,2025,Logement,MAMH — Données Québec (rôle d'évaluation foncière),https://donneesouvertes.affmunqc.net/role/RL58033_2026.xml,,,,
"1185, Rossignols",,Boucherville,,,693.5,1993,298400,387500,685900,2025,Logement,MAMH — Données Québec (rôle d'évaluation foncière),https://donneesouvertes.affmunqc.net/role/RL58033_2026.xml,,,,
"1173, Blois",,Boucherville,,,456.7,1992,216900,297900,514800,2025,Logement,MAMH — Données Québec (rôle d'évaluation foncière),https://donneesouvertes.affmunqc.net/role/RL58033_2026.xml,,,,
"1187, Rossignols",,Boucherville,,,660,1993,290000,447500,737500,2025,Logement,MAMH — Données Québec (rôle d'évaluation foncière),https://donneesouvertes.affmunqc.net/role/RL58033_2026.xml,,,,
"1175, Blois",,Boucherville,,,688.3,1994,282100,386400,668500,2025,Logement,MAMH — Données Québec (rôle d'évaluation foncière),https://donneesouvertes.affmunqc.net/role/RL58033_2026.xml,,,,
"1180, Blois",,Boucherville,,,561.5,1992,252100,342200,594300,2025,Logement,MAMH — Données Québec (rôle d'évaluation foncière),https://donneesouvertes.affmunqc.net/role/RL58033_2026.xml,,,,
"1182, Blois",,Boucherville,,,363,1992,172400,316600,489000,2025,Logement,MAMH — Données Québec (rôle d'évaluation foncière),https://donneesouvertes.affmunqc.net/role/RL58033_2026.xml,,,,
"1184, Blois",,Boucherville,,,363,1994,172400,401400,573800,2025,Logement,MAMH — Données Québec (rôle d'évaluation foncière),https://donneesouvertes.affmunqc.net/role/RL58033_2026.xml,,,,
"1186, Blois",,Boucherville,,,363,1994,172400,417100,589500,2025,Logement,MAMH — Données Québec (rôle d'évaluation foncière),https://donneesouvertes.affmunqc.net/role/RL58033_2026.xml,,,,
"1188, Blois",,Boucherville,,,363,1994,172400,421600,594000,2025,Logement,MAMH — Données Québec (rôle d'évaluation foncière),https://donneesouvertes.affmunqc.net/role/RL58033_2026.xml,,,,
"1179, Blois",,Boucherville,,,605,1992,262400,352400,614800,2025,Logement,MAMH — Données Québec (rôle d'évaluation foncière),https://donneesouvertes.affmunqc.net/role/RL58033_2026.xml,,,,
"411, Normandie",,Boucherville,,,378.9,1985,170500,370600,541100,2025,Logement,MAMH — Données Québec (rôle d'évaluation foncière),https://donneesouvertes.affmunqc.net/role/RL58033_2026.xml,,,,
"415, Normandie",,Boucherville,,,390.2,1985,175600,392700,568300,2025,Logement,MAMH — Données Québec (rôle d'évaluation foncière),https://donneesouvertes.affmunqc.net/role/RL58033_2026.xml,,,,
"417, Normandie",,Boucherville,,,390.2,1985,175600,387800,563400,2025,Logement,MAMH — Données Québec (rôle d'évaluation foncière),https://donneesouvertes.affmunqc.net/role/RL58033_2026.xml,,,,
"419, Normandie",,Boucherville,,,402.3,1987,181000,324400,505400,2025,Logement,MAMH — Données Québec (rôle d'évaluation foncière),https://donneesouvertes.affmunqc.net/role/RL58033_2026.xml,,,,
"406, Normandie",,Boucherville,,,335.5,1992,143400,350900,494300,2025,Logement,MAMH — Données Québec (rôle d'évaluation foncière),https://donneesouvertes.affmunqc.net/role/RL58033_2026.xml,,,,
"421, Normandie",,Boucherville,,,402.3,1987,181000,320400,501400,2025,Logement,MAMH — Données Québec (rôle d'évaluation foncière),https://donneesouvertes.affmunqc.net/role/RL58033_2026.xml,,,,
"410, Normandie",,Boucherville,,,335.5,1992,143400,326600,470000,2025,Logement,MAMH — Données Québec (rôle d'évaluation foncière),https://donneesouvertes.affmunqc.net/role/RL58033_2026.xml,,,,
"425, Normandie",,Boucherville,,,402.3,1989,181000,369000,550000,2025,Logement,MAMH — Données Québec (rôle d'évaluation foncière),https://donneesouvertes.affmunqc.net/role/RL58033_2026.xml,,,,
"414, Normandie",,Boucherville,,,335.5,1992,143400,355600,499000,2025,Logement,MAMH — Données Québec (rôle d'évaluation foncière),https://donneesouvertes.affmunqc.net/role/RL58033_2026.xml,,,,
"416, Normandie",,Boucherville,,,335.5,1992,143400,324400,467800,2025,Logement,MAMH — Données Québec (rôle d'évaluation foncière),https://donneesouvertes.affmunqc.net/role/RL58033_2026.xml,,,,
"420, Normandie",,Boucherville,,,447.4,1992,191300,371500,562800,2025,Logement,MAMH — Données Québec (rôle d'évaluation foncière),https://donneesouvertes.affmunqc.net/role/RL58033_2026.xml,,,,
"1177, Blois",,Boucherville,,,895.1,1993,331100,329100,660200,2025,Logement,MAMH — Données Québec (rôle d'évaluation foncière),https://donneesouvertes.affmunqc.net/role/RL58033_2026.xml,,,,
"1163, Hirondelles",,Boucherville,,,306.6,1977,153300,413700,567000,2025,Logement,MAMH — Données Québec (rôle d'évaluation foncière),https://donneesouvertes.affmunqc.net/role/RL58033_2026.xml,,,,
"1147, Hirondelles",,Boucherville,,,275.9,1976,138000,366900,504900,2025,Logement,MAMH — Données Québec (rôle d'évaluation foncière),https://donneesouvertes.affmunqc.net/role/RL58033_2026.xml,,,,
"1161, Hirondelles",,Boucherville,,,306.6,1977,153300,365800,519100,2025,Logement,MAMH — Données Québec (rôle d'évaluation foncière),https://donneesouvertes.affmunqc.net/role/RL58033_2026.xml,,,,
"1149, Hirondelles",,Boucherville,,,275.9,1976,138000,398000,536000,2025,Logement,MAMH — Données Québec (rôle d'évaluation foncière),https://donneesouvertes.affmunqc.net/role/RL58033_2026.xml,,,,
"1159, Hirondelles",,Boucherville,,,306.6,1976,153300,363500,516800,2025,Logement,MAMH — Données Québec (rôle d'évaluation foncière),https://donneesouvertes.affmunqc.net/role/RL58033_2026.xml,,,,
"1174, De Montarville",,Boucherville,,,149.8,1990,154500,307100,461600,2025,Logement,MAMH — Données Québec (rôle d'évaluation foncière),https://donneesouvertes.affmunqc.net/role/RL58033_2026.xml,,,,
"1151, Hirondelles",,Boucherville,,,321.9,1976,161000,345800,506800,2025,Logement,MAMH — Données Québec (rôle d'évaluation foncière),https://donneesouvertes.affmunqc.net/role/RL58033_2026.xml,,,,
"1176, De Montarville",,Boucherville,,,157.6,1990,158300,285300,443600,2025,Logement,MAMH — Données Québec (rôle d'évaluation foncière),https://donneesouvertes.affmunqc.net/role/RL58033_2026.xml,,,,
"1157, Hirondelles",,Boucherville,,,427.4,1976,213700,338100,551800,2025,Logement,MAMH — Données Québec (rôle d'évaluation foncière),https://donneesouvertes.affmunqc.net/role/RL58033_2026.xml,,,,
"1178, De Montarville",,Boucherville,,,157.8,1990,158400,350600,509000,2025,Logement,MAMH — Données Québec (rôle d'évaluation foncière),https://donneesouvertes.affmunqc.net/role/RL58033_2026.xml,,,,
"1153, Hirondelles",,Boucherville,,,382.5,1976,191300,371200,562500,2025,Logement,MAMH — Données Québec (rôle d'évaluation foncière),https://donneesouvertes.affmunqc.net/role/RL58033_2026.xml,,,,
"1180, De Montarville",,Boucherville,,,166.3,1990,162400,351700,514100,2025,Logement,MAMH — Données Québec (rôle d'évaluation foncière),https://donneesouvertes.affmunqc.net/role/RL58033_2026.xml,,,,
"1155, Hirondelles",,Boucherville,,,627,1976,306800,248400,555200,2025,Logement,MAMH — Données Québec (rôle d'évaluation foncière),https://donneesouvertes.affmunqc.net/role/RL58033_2026.xml,,,,
"1182, De Montarville",,Boucherville,,,150.6,1991,154900,291000,445900,2025,Logement,MAMH — Données Québec (rôle d'évaluation foncière),https://donneesouvertes.affmunqc.net/role/RL58033_2026.xml,,,,
"427, Normandie",,Boucherville,,,402.3,1989,181000,391500,572500,2025,Logement,MAMH — Données Québec (rôle d'évaluation foncière),https://donneesouvertes.affmunqc.net/role/RL58033_2026.xml,,,,
"1184, De Montarville",,Boucherville,,,143.2,1991,151400,297600,449000,2025,Logement,MAMH — Données Québec (rôle d'évaluation foncière),https://donneesouvertes.affmunqc.net/role/RL58033_2026.xml,,,,
"431, Normandie",,Boucherville,,,402.3,1989,181000,419700,600700,2025,Logement,MAMH — Données Québec (rôle d'évaluation foncière),https://donneesouvertes.affmunqc.net/role/RL58033_2026.xml,,,,
"1186, De Montarville",,Boucherville,,,158.1,1990,158500,270400,428900,2025,Logement,MAMH — Données Québec (rôle d'évaluation foncière),https://donneesouvertes.affmunqc.net/role/RL58033_2026.xml,,,,
"1188, De Montarville",,Boucherville,,,150.6,1991,154900,290800,445700,2025,Logement,MAMH — Données Québec (rôle d'évaluation foncière),https://donneesouvertes.affmunqc.net/role/RL58033_2026.xml,,,,
"435, Normandie",,Boucherville,,,402.3,1989,181000,374800,555800,2025,Logement,MAMH — Données Québec (rôle d'évaluation foncière),https://donneesouvertes.affmunqc.net/role/RL58033_2026.xml,,,,
"1200, De Montarville",,Boucherville,,,341.7,1992,162300,314900,477200,2025,Logement,MAMH — Données Québec (rôle d'évaluation foncière),https://donneesouvertes.affmunqc.net/role/RL58033_2026.xml,,,,
"1202, De Montarville",,Boucherville,,,324.3,1992,154000,282800,436800,2025,Logement,MAMH — Données Québec (rôle d'évaluation foncière),https://donneesouvertes.affmunqc.net/role/RL58033_2026.xml,,,,
"1204, De Montarville",,Boucherville,,,324.2,1992,154000,270300,424300,2025,Logement,MAMH — Données Québec (rôle d'évaluation foncière),https://donneesouvertes.affmunqc.net/role/RL58033_2026.xml,,,,
"1206, De Montarville",,Boucherville,,,324.4,1992,154100,273800,427900,2025,Logement,MAMH — Données Québec (rôle d'évaluation foncière),https://donneesouvertes.affmunqc.net/role/RL58033_2026.xml,,,,
"1208, De Montarville",,Boucherville,,,341.9,1992,162400,295700,458100,2025,Logement,MAMH — Données Québec (rôle d'évaluation foncière),https://donneesouvertes.affmunqc.net/role/RL58033_2026.xml,,,,
"1210, De Montarville",,Boucherville,,,341.6,1992,162300,268600,430900,2025,Logement,MAMH — Données Québec (rôle d'évaluation foncière),https://donneesouvertes.affmunqc.net/role/RL58033_2026.xml,,,,
"1212, De Montarville",,Boucherville,,,324.2,1992,154000,273100,427100,2025,Logement,MAMH — Données Québec (rôle d'évaluation foncière),https://donneesouvertes.affmunqc.net/role/RL58033_2026.xml,,,,
"1214, De Montarville",,Boucherville,,,342,1992,162500,305100,467600,2025,Logement,MAMH — Données Québec (rôle d'évaluation foncière),https://donneesouvertes.affmunqc.net/role/RL58033_2026.xml,,,,
"1166, De Montarville",,Boucherville,,,147.5,1990,153400,302100,455500,2025,Logement,MAMH — Données Québec (rôle d'évaluation foncière),https://donneesouvertes.affmunqc.net/role/RL58033_2026.xml,,,,
"1168, De Montarville",,Boucherville,,,146.9,1989,153200,281600,434800,2025,Logement,MAMH — Données Québec (rôle d'évaluation foncière),https://donneesouvertes.affmunqc.net/role/RL58033_2026.xml,,,,
"1172, De Montarville",,Boucherville,,,150,1989,154700,356200,510900,2025,Logement,MAMH — Données Québec (rôle d'évaluation foncière),https://donneesouvertes.affmunqc.net/role/RL58033_2026.xml,,,,
"1170, De Montarville",,Boucherville,,,159.5,1990,159200,313300,472500,2025,Logement,MAMH — Données Québec (rôle d'évaluation foncière),https://donneesouvertes.affmunqc.net/role/RL58033_2026.xml,,,,
"1181, Blois",,Boucherville,,,395.4,1992,187800,344700,532500,2025,Logement,MAMH — Données Québec (rôle d'évaluation foncière),https://donneesouvertes.affmunqc.net/role/RL58033_2026.xml,,,,
"1190, Blois",,Boucherville,,,363,1994,172400,402700,575100,2025,Logement,MAMH — Données Québec (rôle d'évaluation foncière),https://donneesouvertes.affmunqc.net/role/RL58033_2026.xml,,,,
"1183, Blois",,Boucherville,,,394.8,1993,187500,353900,541400,2025,Logement,MAMH — Données Québec (rôle d'évaluation foncière),https://donneesouvertes.affmunqc.net/role/RL58033_2026.xml,,,,
"1185, Blois",,Boucherville,,,394.3,1993,187300,303900,491200,2025,Logement,MAMH — Données Québec (rôle d'évaluation foncière),https://donneesouvertes.affmunqc.net/role/RL58033_2026.xml,,,,
"1187, Blois",,Boucherville,,,393.7,1992,187000,279100,466100,2025,Logement,MAMH — Données Québec (rôle d'évaluation foncière),https://donneesouvertes.affmunqc.net/role/RL58033_2026.xml,,,,
"1189, Blois",,Boucherville,,,393.2,1992,186800,282900,469700,2025,Logement,MAMH — Données Québec (rôle d'évaluation foncière),https://donneesouvertes.affmunqc.net/role/RL58033_2026.xml,,,,
"1191, Blois",,Boucherville,,,392.7,1994,186500,321900,508400,2025,Logement,MAMH — Données Québec (rôle d'évaluation foncière),https://donneesouvertes.affmunqc.net/role/RL58033_2026.xml,,,,
"1193, Blois",,Boucherville,,,392.1,1993,186200,292100,478300,2025,Logement,MAMH — Données Québec (rôle d'évaluation foncière),https://donneesouvertes.affmunqc.net/role/RL58033_2026.xml,,,,
"1195, Blois",,Boucherville,,,391.6,1996,186000,322100,508100,2025,Logement,MAMH — Données Québec (rôle d'évaluation foncière),https://donneesouvertes.affmunqc.net/role/RL58033_2026.xml,,,,
"1197, Blois",,Boucherville,,,391,1995,185700,330900,516600,2025,Logement,MAMH — Données Québec (rôle d'évaluation foncière),https://donneesouvertes.affmunqc.net/role/RL58033_2026.xml,,,,
"1199, Blois",,Boucherville,,,390.5,1996,185500,321200,506700,2025,Logement,MAMH — Données Québec (rôle d'évaluation foncière),https://donneesouvertes.affmunqc.net/role/RL58033_2026.xml,,,,
"1230, De Montarville",,Boucherville,,,191.2,1997,90800,215700,306500,2025,Logement,MAMH — Données Québec (rôle d'évaluation foncière),https://donneesouvertes.affmunqc.net/role/RL58033_2026.xml,,,,
"1232, De Montarville",,Boucherville,,,190.2,1996,90300,211800,302100,2025,Logement,MAMH — Données Québec (rôle d'évaluation foncière),https://donneesouvertes.affmunqc.net/role/RL58033_2026.xml,,,,
"1234, De Montarville",,Boucherville,,,190.3,1996,90400,209100,299500,2025,Logement,MAMH — Données Québec (rôle d'évaluation foncière),https://donneesouvertes.affmunqc.net/role/RL58033_2026.xml,,,,
"1236, De Montarville",,Boucherville,,,191.2,1997,90800,249800,340600,2025,Logement,MAMH — Données Québec (rôle d'évaluation foncière),https://donneesouvertes.affmunqc.net/role/RL58033_2026.xml,,,,
"422, Normandie",,Boucherville,,,293.04,2000,139200,275400,414600,2025,Logement,MAMH — Données Québec (rôle d'évaluation foncière),https://donneesouvertes.affmunqc.net/role/RL58033_2026.xml,,,,
"424, Normandie",,Boucherville,,,293.04,1999,139200,271400,410600,2025,Logement,MAMH — Données Québec (rôle d'évaluation foncière),https://donneesouvertes.affmunqc.net/role/RL58033_2026.xml,,,,
"426, Normandie",,Boucherville,,,293.04,1999,139200,278800,418000,2025,Logement,MAMH — Données Québec (rôle d'évaluation foncière),https://donneesouvertes.affmunqc.net/role/RL58033_2026.xml,,,,
"430, Normandie",,Boucherville,,,293.04,2000,139200,280900,420100,2025,Logement,MAMH — Données Québec (rôle d'évaluation foncière),https://donneesouvertes.affmunqc.net/role/RL58033_2026.xml,,,,
"428, Normandie",,Boucherville,,,293.04,2000,139200,315000,454200,2025,Logement,MAMH — Données Québec (rôle d'évaluation foncière),https://donneesouvertes.affmunqc.net/role/RL58033_2026.xml,,,,
"432, Normandie",,Boucherville,,,293.04,2000,139200,327300,466500,2025,Logement,MAMH — Données Québec (rôle d'évaluation foncière),https://donneesouvertes.affmunqc.net/role/RL58033_2026.xml,,,,
"434, Normandie",,Boucherville,,,293.04,1999,139200,285400,424600,2025,Logement,MAMH — Données Québec (rôle d'évaluation foncière),https://donneesouvertes.affmunqc.net/role/RL58033_2026.xml,,,,
"436, Normandie",,Boucherville,,,293.04,2000,139200,303300,442500,2025,Logement,MAMH — Données Québec (rôle d'évaluation foncière),https://donneesouvertes.affmunqc.net/role/RL58033_2026.xml,,,,
"1220, De Montarville",,Boucherville,,,2786.8,1989,835300,286500,1121800,2025,Immeuble à bureaux,MAMH — Données Québec (rôle d'évaluation foncière),https://donneesouvertes.affmunqc.net/role/RL58033_2026.xml,,,,
"825, Jean-deslauriers",,Boucherville,,,12482.2,2018,5617000,30950000,36567000,2025,Logement,MAMH — Données Québec (rôle d'évaluation foncière),https://donneesouvertes.affmunqc.net/role/RL58033_2026.xml,,,,
"810, Jean-deslauriers",,Boucherville,,,6086.2,2017,1978000,10732000,12710000,2025,Logement,MAMH — Données Québec (rôle d'évaluation foncière),https://donneesouvertes.affmunqc.net/role/RL58033_2026.xml,,,,
"1092, Charcot",,Boucherville,,,2351.1,2009,677000,2024900,2701900,2025,Industrie,MAMH — Données Québec (rôle d'évaluation foncière),https://donneesouvertes.affmunqc.net/role/RL58033_2026.xml,,,,
"561, Bois-francs",,Boucherville,,,1850.4,1943,593400,320400,913800,2025,Logement,MAMH — Données Québec (rôle d'évaluation foncière),https://donneesouvertes.affmunqc.net/role/RL58033_2026.xml,,,,
"815, Jean-deslauriers",,Boucherville,,,377.65,2019,122700,706200,828900,2025,Logement,MAMH — Données Québec (rôle d'évaluation foncière),https://donneesouvertes.affmunqc.net/role/RL58033_2026.xml,,,,
"1231, De Montarville",,Boucherville,,,83800,1992,4537400,100,4537500,2025,Institutionnel,MAMH — Données Québec (rôle d'évaluation foncière),https://donneesouvertes.affmunqc.net/role/RL58033_2026.xml,,,,
"564, Bois-francs",,Boucherville,,,1800,2005,585000,605800,1190800,2025,Logement,MAMH — Données Québec (rôle d'évaluation foncière),https://donneesouvertes.affmunqc.net/role/RL58033_2026.xml,,,,
"565, Bois-francs",,Boucherville,,,1833.1,2012,590500,682300,1272800,2025,Logement,MAMH — Données Québec (rôle d'évaluation foncière),https://donneesouvertes.affmunqc.net/role/RL58033_2026.xml,,,,
"569, Bois-francs",,Boucherville,,,1824.7,2010,589100,832600,1421700,2025,Logement,MAMH — Données Québec (rôle d'évaluation foncière),https://donneesouvertes.affmunqc.net/role/RL58033_2026.xml,,,,
"566, Bois-francs",,Boucherville,,,1634.7,2005,531300,552000,1083300,2025,Logement,MAMH — Données Québec (rôle d'évaluation foncière),https://donneesouvertes.affmunqc.net/role/RL58033_2026.xml,,,,
"572, Bois-francs",,Boucherville,,,1891,2006,600200,398000,998200,2025,Logement,MAMH — Données Québec (rôle d'évaluation foncière),https://donneesouvertes.affmunqc.net/role/RL58033_2026.xml,,,,
"571, Bois-francs",,Boucherville,,,1864.7,2009,595800,713700,1309500,2025,Logement,MAMH — Données Québec (rôle d'évaluation foncière),https://donneesouvertes.affmunqc.net/role/RL58033_2026.xml,,,,
"577, Bois-francs",,Boucherville,,,422.2,,68600,,68600,2025,Terrain vacant,MAMH — Données Québec (rôle d'évaluation foncière),https://donneesouvertes.affmunqc.net/role/RL58033_2026.xml,,,,
"581, Bois-francs",,Boucherville,,,1924.5,2011,605800,937500,1543300,2025,Logement,MAMH — Données Québec (rôle d'évaluation foncière),https://donneesouvertes.affmunqc.net/role/RL58033_2026.xml,,,,
"585, Bois-francs",,Boucherville,,,1928.8,2008,606500,865900,1472400,2025,Logement,MAMH — Données Québec (rôle d'évaluation foncière),https://donneesouvertes.affmunqc.net/role/RL58033_2026.xml,,,,
"805, Jean-deslauriers",,Boucherville,,,426.8,2010,138700,630700,769400,2025,Logement,MAMH — Données Québec (rôle d'évaluation foncière),https://donneesouvertes.affmunqc.net/role/RL58033_2026.xml,,,,
"578, Bois-francs",,Boucherville,,,1970.1,2007,613400,1032300,1645700,2025,Logement,MAMH — Données Québec (rôle d'évaluation foncière),https://donneesouvertes.affmunqc.net/role/RL58033_2026.xml,,,,
"589, Bois-francs",,Boucherville,,,1920.8,2009,605200,1072900,1678100,2025,Logement,MAMH — Données Québec (rôle d'évaluation foncière),https://donneesouvertes.affmunqc.net/role/RL58033_2026.xml,,,,
"595, Bois-francs",,Boucherville,,,1920,2007,605000,742300,1347300,2025,Logement,MAMH — Données Québec (rôle d'évaluation foncière),https://donneesouvertes.affmunqc.net/role/RL58033_2026.xml,,,,
"605, Bois-francs",,Boucherville,,,2054.7,2008,627500,674600,1302100,2025,Logement,MAMH — Données Québec (rôle d'évaluation foncière),https://donneesouvertes.affmunqc.net/role/RL58033_2026.xml,,,,
"615, Bois-francs",,Boucherville,,,2774.3,,373900,,373900,2025,Terrain vacant,MAMH — Données Québec (rôle d'évaluation foncière),https://donneesouvertes.affmunqc.net/role/RL58033_2026.xml,,,,
"795, Jean-deslauriers",,Boucherville,,,494.47,2010,160700,605300,766000,2025,Logement,MAMH — Données Québec (rôle d'évaluation foncière),https://donneesouvertes.affmunqc.net/role/RL58033_2026.xml,,,,
"1010, Lionel-daunais",,Boucherville,,,13861.8,,3432800,,3432800,2025,Terrain vacant,MAMH — Données Québec (rôle d'évaluation foncière),https://donneesouvertes.affmunqc.net/role/RL58033_2026.xml,,,,
"570, Mortagne",,Boucherville,,,6254.1,1996,1250800,5998200,7249000,2025,Industrie,MAMH — Données Québec (rôle d'évaluation foncière),https://donneesouvertes.affmunqc.net/role/RL58033_2026.xml,,,,
"952, Charcot",,Boucherville,,,325.2,1984,162600,299800,462400,2025,Logement,MAMH — Données Québec (rôle d'évaluation foncière),https://donneesouvertes.affmunqc.net/role/RL58033_2026.xml,,,,
"954, Charcot",,Boucherville,,,325.2,1984,162600,293700,456300,2025,Logement,MAMH — Données Québec (rôle d'évaluation foncière),https://donneesouvertes.affmunqc.net/role/RL58033_2026.xml,,,,
"956, Charcot",,Boucherville,,,325.2,1984,162600,332300,494900,2025,Logement,MAMH — Données Québec (rôle d'évaluation foncière),https://donneesouvertes.affmunqc.net/role/RL58033_2026.xml,,,,
"960, Charcot",,Boucherville,,,325.2,1984,162600,284800,447400,2025,Logement,MAMH — Données Québec (rôle d'évaluation foncière),https://donneesouvertes.affmunqc.net/role/RL58033_2026.xml,,,,
"962, Charcot",,Boucherville,,,325.2,1985,162600,397000,559600,2025,Logement,MAMH — Données Québec (rôle d'évaluation foncière),https://donneesouvertes.affmunqc.net/role/RL58033_2026.xml,,,,
"964, Charcot",,Boucherville,,,325.2,1984,162600,327100,489700,2025,Logement,MAMH — Données Québec (rôle d'évaluation foncière),https://donneesouvertes.affmunqc.net/role/RL58033_2026.xml,,,,
"966, Charcot",,Boucherville,,,325.2,1985,162600,238400,401000,2025,Logement,MAMH — Données Québec (rôle d'évaluation foncière),https://donneesouvertes.affmunqc.net/role/RL58033_2026.xml,,,,
"970, Charcot",,Boucherville,,,325.2,1984,162600,248300,410900,2025,Logement,MAMH — Données Québec (rôle d'évaluation foncière),https://donneesouvertes.affmunqc.net/role/RL58033_2026.xml,,,,
"974, Charcot",,Boucherville,,,371.6,1987,185800,243700,429500,2025,Logement,MAMH — Données Québec (rôle d'évaluation foncière),https://donneesouvertes.affmunqc.net/role/RL58033_2026.xml,,,,
"590, De Roberval",,Boucherville,,,598.2,1984,284100,349200,633300,2025,Logement,MAMH — Données Québec (rôle d'évaluation foncière),https://donneesouvertes.affmunqc.net/role/RL58033_2026.xml,,,,
"976, Charcot",,Boucherville,,,514.6,1987,257300,248000,505300,2025,Logement,MAMH — Données Québec (rôle d'évaluation foncière),https://donneesouvertes.affmunqc.net/role/RL58033_2026.xml,,,,
"971, Charcot",,Boucherville,,,872.7,1987,349600,437600,787200,2025,Logement,MAMH — Données Québec (rôle d'évaluation foncière),https://donneesouvertes.affmunqc.net/role/RL58033_2026.xml,,,,
"935, Charcot",,Boucherville,,,557.4,1983,264800,307900,572700,2025,Logement,MAMH — Données Québec (rôle d'évaluation foncière),https://donneesouvertes.affmunqc.net/role/RL58033_2026.xml,,,,
"950, Charcot",,Boucherville,,,325.2,1982,162600,398000,560600,2025,Logement,MAMH — Données Québec (rôle d'évaluation foncière),https://donneesouvertes.affmunqc.net/role/RL58033_2026.xml,,,,
"941, Charcot",,Boucherville,,,557.4,1981,264800,441000,705800,2025,Logement,MAMH — Données Québec (rôle d'évaluation foncière),https://donneesouvertes.affmunqc.net/role/RL58033_2026.xml,,,,
"943, Charcot",,Boucherville,,,623.9,1981,290700,452100,742800,2025,Logement,MAMH — Données Québec (rôle d'évaluation foncière),https://donneesouvertes.affmunqc.net/role/RL58033_2026.xml,,,,
"652, Lamothe-cadillac",,Boucherville,,,683.4,1985,304800,559500,864300,2025,Logement,MAMH — Données Québec (rôle d'évaluation foncière),https://donneesouvertes.affmunqc.net/role/RL58033_2026.xml,,,,
"591, De Roberval",,Boucherville,,,515.3,1984,244800,432900,677700,2025,Logement,MAMH — Données Québec (rôle d'évaluation foncière),https://donneesouvertes.affmunqc.net/role/RL58033_2026.xml,,,,
"654, Lamothe-cadillac",,Boucherville,,,646,1984,295900,382400,678300,2025,Logement,MAMH — Données Québec (rôle d'évaluation foncière),https://donneesouvertes.affmunqc.net/role/RL58033_2026.xml,,,,
"593, De Roberval",,Boucherville,,,417.6,1984,198400,341700,540100,2025,Logement,MAMH — Données Québec (rôle d'évaluation foncière),https://donneesouvertes.affmunqc.net/role/RL58033_2026.xml,,,,
"595, De Roberval",,Boucherville,,,417.6,1984,198400,394800,593200,2025,Logement,MAMH — Données Québec (rôle d'évaluation foncière),https://donneesouvertes.affmunqc.net/role/RL58033_2026.xml,,,,
"597, De Roberval",,Boucherville,,,520.7,1984,247300,328600,575900,2025,Logement,MAMH — Données Québec (rôle d'évaluation foncière),https://donneesouvertes.affmunqc.net/role/RL58033_2026.xml,,,,
"594, De Roberval",,Boucherville,,,464.5,1984,220600,363700,584300,2025,Logement,MAMH — Données Québec (rôle d'évaluation foncière),https://donneesouvertes.affmunqc.net/role/RL58033_2026.xml,,,,
"601, De Roberval",,Boucherville,,,544.8,1984,258800,354200,613000,2025,Logement,MAMH — Données Québec (rôle d'évaluation foncière),https://donneesouvertes.affmunqc.net/role/RL58033_2026.xml,,,,
"596, De Roberval",,Boucherville,,,464.5,1984,220600,335800,556400,2025,Logement,MAMH — Données Québec (rôle d'évaluation foncière),https://donneesouvertes.affmunqc.net/role/RL58033_2026.xml,,,,
"600, Paul-émile-victor",,Boucherville,,,590.4,1982,280400,381800,662200,2025,Logement,MAMH — Données Québec (rôle d'évaluation foncière),https://donneesouvertes.affmunqc.net/role/RL58033_2026.xml,,,,
"650, Lamothe-cadillac",,Boucherville,,,903.8,1985,357000,423600,780600,2025,Logement,MAMH — Données Québec (rôle d'évaluation foncière),https://donneesouvertes.affmunqc.net/role/RL58033_2026.xml,,,,
"604, Paul-émile-victor",,Boucherville,,,589.5,1982,280000,344600,624600,2025,Logement,MAMH — Données Québec (rôle d'évaluation foncière),https://donneesouvertes.affmunqc.net/role/RL58033_2026.xml,,,,
"648, Lamothe-cadillac",,Boucherville,,,726.4,1984,315000,525100,840100,2025,Logement,MAMH — Données Québec (rôle d'évaluation foncière),https://donneesouvertes.affmunqc.net/role/RL58033_2026.xml,,,,
"608, Paul-émile-victor",,Boucherville,,,589.9,1981,280200,455400,735600,2025,Logement,MAMH — Données Québec (rôle d'évaluation foncière),https://donneesouvertes.affmunqc.net/role/RL58033_2026.xml,,,,
"646, Lamothe-cadillac",,Boucherville,,,603.9,1984,285900,400500,686400,2025,Logement,MAMH — Données Québec (rôle d'évaluation foncière),https://donneesouvertes.affmunqc.net/role/RL58033_2026.xml,,,,
"644, Lamothe-cadillac",,Boucherville,,,603.9,1984,285900,284700,570600,2025,Logement,MAMH — Données Québec (rôle d'évaluation foncière),https://donneesouvertes.affmunqc.net/role/RL58033_2026.xml,,,,
"642, Lamothe-cadillac",,Boucherville,,,603.9,1989,285900,538100,824000,2025,Logement,MAMH — Données Québec (rôle d'évaluation foncière),https://donneesouvertes.affmunqc.net/role/RL58033_2026.xml,,,,
"649, Lamothe-cadillac",,Boucherville,,,686.5,1984,305500,468400,773900,2025,Logement,MAMH — Données Québec (rôle d'évaluation foncière),https://donneesouvertes.affmunqc.net/role/RL58033_2026.xml,,,,
"640, Lamothe-cadillac",,Boucherville,,,603.9,1984,285900,398300,684200,2025,Logement,MAMH — Données Québec (rôle d'évaluation foncière),https://donneesouvertes.affmunqc.net/role/RL58033_2026.xml,,,,
"647, Lamothe-cadillac",,Boucherville,,,603.9,1984,285900,355800,641700,2025,Logement,MAMH — Données Québec (rôle d'évaluation foncière),https://donneesouvertes.affmunqc.net/role/RL58033_2026.xml,,,,
"645, Lamothe-cadillac",,Boucherville,,,603.9,1984,285900,334500,620400,2025,Logement,MAMH — Données Québec (rôle d'évaluation foncière),https://donneesouvertes.affmunqc.net/role/RL58033_2026.xml,,,,
"603, De Roberval",,Boucherville,,,427.3,1984,203000,340000,543000,2025,Logement,MAMH — Données Québec (rôle d'évaluation foncière),https://donneesouvertes.affmunqc.net/role/RL58033_2026.xml,,,,
"615, Paul-émile-victor",,Boucherville,,,585.3,1981,278000,360800,638800,2025,Logement,MAMH — Données Québec (rôle d'évaluation foncière),https://donneesouvertes.affmunqc.net/role/RL58033_2026.xml,,,,
"616, De Balboa",,Boucherville,,,609.6,1984,287300,381900,669200,2025,Logement,MAMH — Données Québec (rôle d'évaluation foncière),https://donneesouvertes.affmunqc.net/role/RL58033_2026.xml,,,,
"617, Paul-émile-victor",,Boucherville,,,585.3,1983,278000,434800,712800,2025,Logement,MAMH — Données Québec (rôle d'évaluation foncière),https://donneesouvertes.affmunqc.net/role/RL58033_2026.xml,,,,
"621, Paul-émile-victor",,Boucherville,,,684.2,1981,305000,491600,796600,2025,Logement,MAMH — Données Québec (rôle d'évaluation foncière),https://donneesouvertes.affmunqc.net/role/RL58033_2026.xml,,,,
"612, Paul-émile-victor",,Boucherville,,,589.9,1982,280200,403700,683900,2025,Logement,MAMH — Données Québec (rôle d'évaluation foncière),https://donneesouvertes.affmunqc.net/role/RL58033_2026.xml,,,,
"623, Paul-émile-victor",,Boucherville,,,854.8,1981,345400,579500,924900,2025,Logement,MAMH — Données Québec (rôle d'évaluation foncière),https://donneesouvertes.affmunqc.net/role/RL58033_2026.xml,,,,
"616, Paul-émile-victor",,Boucherville,,,589.9,1983,280200,369900,650100,2025,Logement,MAMH — Données Québec (rôle d'évaluation foncière),https://donneesouvertes.affmunqc.net/role/RL58033_2026.xml,,,,
"620, Paul-émile-victor",,Boucherville,,,642.3,1982,295000,445500,740500,2025,Logement,MAMH — Données Québec (rôle d'évaluation foncière),https://donneesouvertes.affmunqc.net/role/RL58033_2026.xml,,,,
"625, Paul-émile-victor",,Boucherville,,,926.4,1981,362400,539100,901500,2025,Logement,MAMH — Données Québec (rôle d'évaluation foncière),https://donneesouvertes.affmunqc.net/role/RL58033_2026.xml,,,,
"627, Paul-émile-victor",,Boucherville,,,790.9,1983,330200,613000,943200,2025,Logement,MAMH — Données Québec (rôle d'évaluation foncière),https://donneesouvertes.affmunqc.net/role/RL58033_2026.xml,,,,
"630, Paul-émile-victor",,Boucherville,,,642.3,1986,295000,505800,800800,2025,Logement,MAMH — Données Québec (rôle d'évaluation foncière),https://donneesouvertes.affmunqc.net/role/RL58033_2026.xml,,,,
"621, De Balboa",,Boucherville,,,641.8,1984,294900,607800,902700,2025,Logement,MAMH — Données Québec (rôle d'évaluation foncière),https://donneesouvertes.affmunqc.net/role/RL58033_2026.xml,,,,
"623, De Balboa",,Boucherville,,,785.6,1983,329000,565400,894400,2025,Logement,MAMH — Données Québec (rôle d'évaluation foncière),https://donneesouvertes.affmunqc.net/role/RL58033_2026.xml,,,,
"618, De Balboa",,Boucherville,,,609.6,1984,287300,472200,759500,2025,Logement,MAMH — Données Québec (rôle d'évaluation foncière),https://donneesouvertes.affmunqc.net/role/RL58033_2026.xml,,,,
"622, De Balboa",,Boucherville,,,609.6,1984,287300,498700,786000,2025,Logement,MAMH — Données Québec (rôle d'évaluation foncière),https://donneesouvertes.affmunqc.net/role/RL58033_2026.xml,,,,
"625, De Balboa",,Boucherville,,,1827.4,1984,464800,731600,1196400,2025,Logement,MAMH — Données Québec (rôle d'évaluation foncière),https://donneesouvertes.affmunqc.net/role/RL58033_2026.xml,,,,
"624, De Balboa",,Boucherville,,,747.6,1984,320000,573700,893700,2025,Logement,MAMH — Données Québec (rôle d'évaluation foncière),https://donneesouvertes.affmunqc.net/role/RL58033_2026.xml,,,,
"630, De Balboa",,Boucherville,,,906.9,1988,357700,531700,889400,2025,Logement,MAMH — Données Québec (rôle d'évaluation foncière),https://donneesouvertes.affmunqc.net/role/RL58033_2026.xml,,,,
"629, De Balboa",,Boucherville,,,1087.7,1987,400600,1093500,1494100,2025,Logement,MAMH — Données Québec (rôle d'évaluation foncière),https://donneesouvertes.affmunqc.net/role/RL58033_2026.xml,,,,
"902, Vancouver",,Boucherville,,,656,1976,298300,386400,684700,2025,Logement,MAMH — Données Québec (rôle d'évaluation foncière),https://donneesouvertes.affmunqc.net/role/RL58033_2026.xml,,,,
"634, De Balboa",,Boucherville,,,737.2,1986,317500,453700,771200,2025,Logement,MAMH — Données Québec (rôle d'évaluation foncière),https://donneesouvertes.affmunqc.net/role/RL58033_2026.xml,,,,
"1052, Lionel-daunais",,Boucherville,,,3916.53,2007,1077000,1906000,2983000,2025,Immeuble à bureaux,MAMH — Données Québec (rôle d'évaluation foncière),https://donneesouvertes.affmunqc.net/role/RL58033_2026.xml,,,,
"1030, Lionel-daunais",,Boucherville,,,49.66,2018,36900,643900,680800,2025,Logement,MAMH — Données Québec (rôle d'évaluation foncière),https://donneesouvertes.affmunqc.net/role/RL58033_2026.xml,,,,
"1020, Lionel-daunais",,Boucherville,,,3649.1,2009,1003500,1187900,2191400,2025,Immeuble à bureaux,MAMH — Données Québec (rôle d'évaluation foncière),https://donneesouvertes.affmunqc.net/role/RL58033_2026.xml,,,,
"1025, Lionel-daunais",,Boucherville,,,95.5,2007,26300,350300,376600,2025,Logement,MAMH — Données Québec (rôle d'évaluation foncière),https://donneesouvertes.affmunqc.net/role/RL58033_2026.xml,,,,
"1015, Lionel-daunais",,Boucherville,,,87.86,2011,24200,369600,393800,2025,Logement,MAMH — Données Québec (rôle d'évaluation foncière),https://donneesouvertes.affmunqc.net/role/RL58033_2026.xml,,,,
"1005, Lionel-daunais",,Boucherville,,,103.03,2014,28300,394400,422700,2025,Logement,MAMH — Données Québec (rôle d'évaluation foncière),https://donneesouvertes.affmunqc.net/role/RL58033_2026.xml,,,,
"1016, Charcot",,Boucherville,,,2246.8,2002,449400,1747500,2196900,2025,Industrie,MAMH — Données Québec (rôle d'évaluation foncière),https://donneesouvertes.affmunqc.net/role/RL58033_2026.xml,,,,
"1011, Charcot",,Boucherville,,,1120,2008,455800,819600,1275400,2025,Logement,MAMH — Données Québec (rôle d'évaluation foncière),https://donneesouvertes.affmunqc.net/role/RL58033_2026.xml,,,,
"591, Mortagne",,Boucherville,,,700.7,1987,308900,387600,696500,2025,Logement,MAMH — Données Québec (rôle d'évaluation foncière),https://donneesouvertes.affmunqc.net/role/RL58033_2026.xml,,,,
"593, Mortagne",,Boucherville,,,657.1,1987,298500,360500,659000,2025,Logement,MAMH — Données Québec (rôle d'évaluation foncière),https://donneesouvertes.affmunqc.net/role/RL58033_2026.xml,,,,
"597, Mortagne",,Boucherville,,,1076,1992,397800,397500,795300,2025,Logement,MAMH — Données Québec (rôle d'évaluation foncière),https://donneesouvertes.affmunqc.net/role/RL58033_2026.xml,,,,
"590, Mortagne",,Boucherville,,,1087.6,2009,448200,1004400,1452600,2025,Logement,MAMH — Données Québec (rôle d'évaluation foncière),https://donneesouvertes.affmunqc.net/role/RL58033_2026.xml,,,,
"598, Mortagne",,Boucherville,,,935.6,2004,364500,773400,1137900,2025,Logement,MAMH — Données Québec (rôle d'évaluation foncière),https://donneesouvertes.affmunqc.net/role/RL58033_2026.xml,,,,
"600, Mortagne",,Boucherville,,,790.8,2003,330200,791800,1122000,2025,Logement,MAMH — Données Québec (rôle d'évaluation foncière),https://donneesouvertes.affmunqc.net/role/RL58033_2026.xml,,,,
"598, De Roberval",,Boucherville,,,464.5,1984,220600,295700,516300,2025,Logement,MAMH — Données Québec (rôle d'évaluation foncière),https://donneesouvertes.affmunqc.net/role/RL58033_2026.xml,,,,
"600, De Roberval",,Boucherville,,,464.5,1984,220600,374200,594800,2025,Logement,MAMH — Données Québec (rôle d'évaluation foncière),https://donneesouvertes.affmunqc.net/role/RL58033_2026.xml,,,,
"602, De Roberval",,Boucherville,,,464.5,1984,220600,469600,690200,2025,Logement,MAMH — Données Québec (rôle d'évaluation foncière),https://donneesouvertes.affmunqc.net/role/RL58033_2026.xml,,,,
"604, De Roberval",,Boucherville,,,464.5,1984,220600,318700,539300,2025,Logement,MAMH — Données Québec (rôle d'évaluation foncière),https://donneesouvertes.affmunqc.net/role/RL58033_2026.xml,,,,
"606, De Roberval",,Boucherville,,,464.5,1984,220600,371000,591600,2025,Logement,MAMH — Données Québec (rôle d'évaluation foncière),https://donneesouvertes.affmunqc.net/role/RL58033_2026.xml,,,,
"601, Mortagne",,Boucherville,,,1557.5,,448700,585200,1033900,2025,Logement,MAMH — Données Québec (rôle d'évaluation foncière),https://donneesouvertes.affmunqc.net/role/RL58033_2026.xml,,,,
"610, De Roberval",,Boucherville,,,464.5,1984,220600,391900,612500,2025,Logement,MAMH — Données Québec (rôle d'évaluation foncière),https://donneesouvertes.affmunqc.net/role/RL58033_2026.xml,,,,
"605, Mortagne",,Boucherville,,,972.9,1987,373400,551200,924600,2025,Logement,MAMH — Données Québec (rôle d'évaluation foncière),https://donneesouvertes.affmunqc.net/role/RL58033_2026.xml,,,,
"609, Mortagne",,Boucherville,,,744.4,1988,319200,465200,784400,2025,Logement,MAMH — Données Québec (rôle d'évaluation foncière),https://donneesouvertes.affmunqc.net/role/RL58033_2026.xml,,,,
"611, Mortagne",,Boucherville,,,715.2,1987,312300,484200,796500,2025,Logement,MAMH — Données Québec (rôle d'évaluation foncière),https://donneesouvertes.affmunqc.net/role/RL58033_2026.xml,,,,
"615, Mortagne",,Boucherville,,,686,1987,305400,345200,650600,2025,Logement,MAMH — Données Québec (rôle d'évaluation foncière),https://donneesouvertes.affmunqc.net/role/RL58033_2026.xml,,,,
"643, Lamothe-cadillac",,Boucherville,,,603.9,1984,285900,432700,718600,2025,Logement,MAMH — Données Québec (rôle d'évaluation foncière),https://donneesouvertes.affmunqc.net/role/RL58033_2026.xml,,,,
"605, De Roberval",,Boucherville,,,464.5,1983,220600,461500,682100,2025,Logement,MAMH — Données Québec (rôle d'évaluation foncière),https://donneesouvertes.affmunqc.net/role/RL58033_2026.xml,,,,
"609, De Roberval",,Boucherville,,,464.5,1983,220600,337200,557800,2025,Logement,MAMH — Données Québec (rôle d'évaluation foncière),https://donneesouvertes.affmunqc.net/role/RL58033_2026.xml,,,,
"641, Lamothe-cadillac",,Boucherville,,,603.9,1985,285900,768700,1054600,2025,Logement,MAMH — Données Québec (rôle d'évaluation foncière),https://donneesouvertes.affmunqc.net/role/RL58033_2026.xml,,,,
"611, De Roberval",,Boucherville,,,445.9,1984,211800,351800,563600,2025,Logement,MAMH — Données Québec (rôle d'évaluation foncière),https://donneesouvertes.affmunqc.net/role/RL58033_2026.xml,,,,
"639, Lamothe-cadillac",,Boucherville,,,603.9,1985,285900,524100,810000,2025,Logement,MAMH — Données Québec (rôle d'évaluation foncière),https://donneesouvertes.affmunqc.net/role/RL58033_2026.xml,,,,
"615, De Roberval",,Boucherville,,,464.5,1983,220600,375500,596100,2025,Logement,MAMH — Données Québec (rôle d'évaluation foncière),https://donneesouvertes.affmunqc.net/role/RL58033_2026.xml,,,,
"617, De Roberval",,Boucherville,,,427.3,1984,203000,381800,584800,2025,Logement,MAMH — Données Québec (rôle d'évaluation foncière),https://donneesouvertes.affmunqc.net/role/RL58033_2026.xml,,,,
"621, De Roberval",,Boucherville,,,464.5,1983,220600,452400,673000,2025,Logement,MAMH — Données Québec (rôle d'évaluation foncière),https://donneesouvertes.affmunqc.net/role/RL58033_2026.xml,,,,
"612, De Roberval",,Boucherville,,,464.5,1984,220600,355900,576500,2025,Logement,MAMH — Données Québec (rôle d'évaluation foncière),https://donneesouvertes.affmunqc.net/role/RL58033_2026.xml,,,,
"623, De Roberval",,Boucherville,,,427.3,1984,203000,345600,548600,2025,Logement,MAMH — Données Québec (rôle d'évaluation foncière),https://donneesouvertes.affmunqc.net/role/RL58033_2026.xml,,,,
"614, De Roberval",,Boucherville,,,464.5,1984,220600,397500,618100,2025,Logement,MAMH — Données Québec (rôle d'évaluation foncière),https://donneesouvertes.affmunqc.net/role/RL58033_2026.xml,,,,
"625, De Roberval",,Boucherville,,,464.5,1984,220600,304300,524900,2025,Logement,MAMH — Données Québec (rôle d'évaluation foncière),https://donneesouvertes.affmunqc.net/role/RL58033_2026.xml,,,,
"616, De Roberval",,Boucherville,,,464.5,1984,220600,419300,639900,2025,Logement,MAMH — Données Québec (rôle d'évaluation foncière),https://donneesouvertes.affmunqc.net/role/RL58033_2026.xml,,,,
"620, De Roberval",,Boucherville,,,457.2,1984,217200,334100,551300,2025,Logement,MAMH — Données Québec (rôle d'évaluation foncière),https://donneesouvertes.affmunqc.net/role/RL58033_2026.xml,,,,
"622, De Roberval",,Boucherville,,,471.8,1984,224100,332100,556200,2025,Logement,MAMH — Données Québec (rôle d'évaluation foncière),https://donneesouvertes.affmunqc.net/role/RL58033_2026.xml,,,,
"629, Paul-émile-victor",,Boucherville,,,642.3,1981,295000,373300,668300,2025,Logement,MAMH — Données Québec (rôle d'évaluation foncière),https://donneesouvertes.affmunqc.net/role/RL58033_2026.xml,,,,
"636, De Balboa",,Boucherville,,,642.8,1985,295100,891500,1186600,2025,Logement,MAMH — Données Québec (rôle d'évaluation foncière),https://donneesouvertes.affmunqc.net/role/RL58033_2026.xml,,,,
"631, Paul-émile-victor",,Boucherville,,,616.4,1985,288900,382700,671600,2025,Logement,MAMH — Données Québec (rôle d'évaluation foncière),https://donneesouvertes.affmunqc.net/role/RL58033_2026.xml,,,,
"640, De Balboa",,Boucherville,,,573.7,1985,272500,567000,839500,2025,Logement,MAMH — Données Québec (rôle d'évaluation foncière),https://donneesouvertes.affmunqc.net/role/RL58033_2026.xml,,,,
"642, De Balboa",,Boucherville,,,642.7,1985,295100,391300,686400,2025,Logement,MAMH — Données Québec (rôle d'évaluation foncière),https://donneesouvertes.affmunqc.net/role/RL58033_2026.xml,,,,
"637, Lamothe-cadillac",,Boucherville,,,603.9,1984,285900,411300,697200,2025,Logement,MAMH — Données Québec (rôle d'évaluation foncière),https://donneesouvertes.affmunqc.net/role/RL58033_2026.xml,,,,
"635, Lamothe-cadillac",,Boucherville,,,603.9,1984,285900,396700,682600,2025,Logement,MAMH — Données Québec (rôle d'évaluation foncière),https://donneesouvertes.affmunqc.net/role/RL58033_2026.xml,,,,
"633, Lamothe-cadillac",,Boucherville,,,670,1986,301600,469300,770900,2025,Logement,MAMH — Données Québec (rôle d'évaluation foncière),https://donneesouvertes.affmunqc.net/role/RL58033_2026.xml,,,,
"647, De Balboa",,Boucherville,,,557.4,1985,264800,400100,664900,2025,Logement,MAMH — Données Québec (rôle d'évaluation foncière),https://donneesouvertes.affmunqc.net/role/RL58033_2026.xml,,,,
"627, De Roberval",,Boucherville,,,464.5,1984,220600,430700,651300,2025,Logement,MAMH — Données Québec (rôle d'évaluation foncière),https://donneesouvertes.affmunqc.net/role/RL58033_2026.xml,,,,
"629, De Roberval",,Boucherville,,,549.7,1984,261100,324500,585600,2025,Logement,MAMH — Données Québec (rôle d'évaluation foncière),https://donneesouvertes.affmunqc.net/role/RL58033_2026.xml,,,,
"649, De Balboa",,Boucherville,,,557.4,1985,264800,499000,763800,2025,Logement,MAMH — Données Québec (rôle d'évaluation foncière),https://donneesouvertes.affmunqc.net/role/RL58033_2026.xml,,,,
"631, De Balboa",,Boucherville,,,820.4,1987,337200,578400,915600,2025,Logement,MAMH — Données Québec (rôle d'évaluation foncière),https://donneesouvertes.affmunqc.net/role/RL58033_2026.xml,,,,
"635, De Balboa",,Boucherville,,,637.3,1985,293800,443200,737000,2025,Logement,MAMH — Données Québec (rôle d'évaluation foncière),https://donneesouvertes.affmunqc.net/role/RL58033_2026.xml,,,,
"911, Vancouver",,Boucherville,,,815.8,1988,336100,622500,958600,2025,Logement,MAMH — Données Québec (rôle d'évaluation foncière),https://donneesouvertes.affmunqc.net/role/RL58033_2026.xml,,,,
"637, De Balboa",,Boucherville,,,602.1,1986,285500,555100,840600,2025,Logement,MAMH — Données Québec (rôle d'évaluation foncière),https://donneesouvertes.affmunqc.net/role/RL58033_2026.xml,,,,
"641, De Balboa",,Boucherville,,,557.4,1985,264800,479600,744400,2025,Logement,MAMH — Données Québec (rôle d'évaluation foncière),https://donneesouvertes.affmunqc.net/role/RL58033_2026.xml,,,,
"914, Mackenzie",,Boucherville,,,659.1,1988,299000,817000,1116000,2025,Logement,MAMH — Données Québec (rôle d'évaluation foncière),https://donneesouvertes.affmunqc.net/role/RL58033_2026.xml,,,,
"916, Mackenzie",,Boucherville,,,830.4,1990,339600,651600,991200,2025,Logement,MAMH — Données Québec (rôle d'évaluation foncière),https://donneesouvertes.affmunqc.net/role/RL58033_2026.xml,,,,
"910, Mackenzie",,Boucherville,,,608.3,1987,287000,531800,818800,2025,Logement,MAMH — Données Québec (rôle d'évaluation foncière),https://donneesouvertes.affmunqc.net/role/RL58033_2026.xml,,,,
"643, De Balboa",,Boucherville,,,557.4,1985,264800,479200,744000,2025,Logement,MAMH — Données Québec (rôle d'évaluation foncière),https://donneesouvertes.affmunqc.net/role/RL58033_2026.xml,,,,
"920, Mackenzie",,Boucherville,,,635.5,1987,293400,846900,1140300,2025,Logement,MAMH — Données Québec (rôle d'évaluation foncière),https://donneesouvertes.affmunqc.net/role/RL58033_2026.xml,,,,
"922, Mackenzie",,Boucherville,,,685.6,1988,305300,487200,792500,2025,Logement,MAMH — Données Québec (rôle d'évaluation foncière),https://donneesouvertes.affmunqc.net/role/RL58033_2026.xml,,,,
"1024, Charcot",,Boucherville,,,10551.8,2004,5271600,25508400,30780000,2025,Logement,MAMH — Données Québec (rôle d'évaluation foncière),https://donneesouvertes.affmunqc.net/role/RL58033_2026.xml,,,,
"1015, Charcot",,Boucherville,,,757,2008,322200,819600,1141800,2025,Logement,MAMH — Données Québec (rôle d'évaluation foncière),https://donneesouvertes.affmunqc.net/role/RL58033_2026.xml,,,,
"1017, Charcot",,Boucherville,,,744.5,2007,319200,862300,1181500,2025,Logement,MAMH — Données Québec (rôle d'évaluation foncière),https://donneesouvertes.affmunqc.net/role/RL58033_2026.xml,,,,
"1019, Charcot",,Boucherville,,,233.39,2007,110900,302300,413200,2025,Logement,MAMH — Données Québec (rôle d'évaluation foncière),https://donneesouvertes.affmunqc.net/role/RL58033_2026.xml,,,,
"889, André-mathieu",,Boucherville,,,830.4,2003,339600,647700,987300,2025,Logement,MAMH — Données Québec (rôle d'évaluation foncière),https://donneesouvertes.affmunqc.net/role/RL58033_2026.xml,,,,
"885, André-mathieu",,Boucherville,,,581.6,2003,276300,545500,821800,2025,Logement,MAMH — Données Québec (rôle d'évaluation foncière),https://donneesouvertes.affmunqc.net/role/RL58033_2026.xml,,,,
"879, André-mathieu",,Boucherville,,,701,,308900,,308900,2025,Immeuble commercial,MAMH — Données Québec (rôle d'évaluation foncière),https://donneesouvertes.affmunqc.net/role/RL58033_2026.xml,,,,
"1021, Charcot",,Boucherville,,,210.95,2005,100200,296200,396400,2025,Logement,MAMH — Données Québec (rôle d'évaluation foncière),https://donneesouvertes.affmunqc.net/role/RL58033_2026.xml,,,,
"1025, Charcot",,Boucherville,,,176.45,2006,83800,317500,401300,2025,Logement,MAMH — Données Québec (rôle d'évaluation foncière),https://donneesouvertes.affmunqc.net/role/RL58033_2026.xml,,,,
"877, André-mathieu",,Boucherville,,,435,2003,206600,452300,658900,2025,Logement,MAMH — Données Québec (rôle d'évaluation foncière),https://donneesouvertes.affmunqc.net/role/RL58033_2026.xml,,,,
"875, André-mathieu",,Boucherville,,,330,2003,156800,445500,602300,2025,Logement,MAMH — Données Québec (rôle d'évaluation foncière),https://donneesouvertes.affmunqc.net/role/RL58033_2026.xml,,,,
"1027, Charcot",,Boucherville,,,203.89,2004,96800,295200,392000,2025,Logement,MAMH — Données Québec (rôle d'évaluation foncière),https://donneesouvertes.affmunqc.net/role/RL58033_2026.xml,,,,
"871, André-mathieu",,Boucherville,,,330,2002,156800,439900,596700,2025,Logement,MAMH — Données Québec (rôle d'évaluation foncière),https://donneesouvertes.affmunqc.net/role/RL58033_2026.xml,,,,
"602, Mortagne",,Boucherville,,,659.6,2003,299100,699600,998700,2025,Logement,MAMH — Données Québec (rôle d'évaluation foncière),https://donneesouvertes.affmunqc.net/role/RL58033_2026.xml,,,,
"893, André-mathieu",,Boucherville,,,1309.5,2003,433800,572200,1006000,2025,Logement,MAMH — Données Québec (rôle d'évaluation foncière),https://donneesouvertes.affmunqc.net/role/RL58033_2026.xml,,,,
"604, Mortagne",,Boucherville,,,540,2003,256500,571700,828200,2025,Logement,MAMH — Données Québec (rôle d'évaluation foncière),https://donneesouvertes.affmunqc.net/role/RL58033_2026.xml,,,,
"608, Mortagne",,Boucherville,,,540,2003,256500,616700,873200,2025,Logement,MAMH — Données Québec (rôle d'évaluation foncière),https://donneesouvertes.affmunqc.net/role/RL58033_2026.xml,,,,
"897, André-mathieu",,Boucherville,,,583.4,2003,277100,635100,912200,2025,Logement,MAMH — Données Québec (rôle d'évaluation foncière),https://donneesouvertes.affmunqc.net/role/RL58033_2026.xml,,,,
"901, André-mathieu",,Boucherville,,,510,2004,242300,522300,764600,2025,Logement,MAMH — Données Québec (rôle d'évaluation foncière),https://donneesouvertes.affmunqc.net/role/RL58033_2026.xml,,,,
"905, André-mathieu",,Boucherville,,,495,2003,235100,486800,721900,2025,Logement,MAMH — Données Québec (rôle d'évaluation foncière),https://donneesouvertes.affmunqc.net/role/RL58033_2026.xml,,,,
"907, André-mathieu",,Boucherville,,,510,2003,242300,430300,672600,2025,Logement,MAMH — Données Québec (rôle d'évaluation foncière),https://donneesouvertes.affmunqc.net/role/RL58033_2026.xml,,,,
"911, André-mathieu",,Boucherville,,,495,2003,235100,493400,728500,2025,Logement,MAMH — Données Québec (rôle d'évaluation foncière),https://donneesouvertes.affmunqc.net/role/RL58033_2026.xml,,,,
"880, André-mathieu",,Boucherville,,,576.4,2003,273800,809300,1083100,2025,Logement,MAMH — Données Québec (rôle d'évaluation foncière),https://donneesouvertes.affmunqc.net/role/RL58033_2026.xml,,,,
"876, André-mathieu",,Boucherville,,,465,2003,220900,567800,788700,2025,Logement,MAMH — Données Québec (rôle d'évaluation foncière),https://donneesouvertes.affmunqc.net/role/RL58033_2026.xml,,,,
"896, André-mathieu",,Boucherville,,,587.4,2003,279000,752800,1031800,2025,Logement,MAMH — Données Québec (rôle d'évaluation foncière),https://donneesouvertes.affmunqc.net/role/RL58033_2026.xml,,,,
"614, Mortagne",,Boucherville,,,706.6,2004,310300,656800,967100,2025,Logement,MAMH — Données Québec (rôle d'évaluation foncière),https://donneesouvertes.affmunqc.net/role/RL58033_2026.xml,,,,
"610, Mortagne",,Boucherville,,,710.6,2004,311200,686400,997600,2025,Logement,MAMH — Données Québec (rôle d'évaluation foncière),https://donneesouvertes.affmunqc.net/role/RL58033_2026.xml,,,,
"618, Mortagne",,Boucherville,,,724,2004,314400,610700,925100,2025,Logement,MAMH — Données Québec (rôle d'évaluation foncière),https://donneesouvertes.affmunqc.net/role/RL58033_2026.xml,,,,
"612, Mortagne",,Boucherville,,,1050.6,2003,391800,833500,1225300,2025,Logement,MAMH — Données Québec (rôle d'évaluation foncière),https://donneesouvertes.affmunqc.net/role/RL58033_2026.xml,,,,
"620, Mortagne",,Boucherville,,,1123.6,2007,409100,1130600,1539700,2025,Logement,MAMH — Données Québec (rôle d'évaluation foncière),https://donneesouvertes.affmunqc.net/role/RL58033_2026.xml,,,,
"915, André-mathieu",,Boucherville,,,540,2002,256500,468200,724700,2025,Logement,MAMH — Données Québec (rôle d'évaluation foncière),https://donneesouvertes.affmunqc.net/role/RL58033_2026.xml,,,,
"917, André-mathieu",,Boucherville,,,514.7,2003,244500,558000,802500,2025,Logement,MAMH — Données Québec (rôle d'évaluation foncière),https://donneesouvertes.affmunqc.net/role/RL58033_2026.xml,,,,
"624, Mortagne",,Boucherville,,,581,2003,276000,700900,976900,2025,Logement,MAMH — Données Québec (rôle d'évaluation foncière),https://donneesouvertes.affmunqc.net/role/RL58033_2026.xml,,,,
"617, Mortagne",,Boucherville,,,656.9,1987,298500,315600,614100,2025,Logement,MAMH — Données Québec (rôle d'évaluation foncière),https://donneesouvertes.affmunqc.net/role/RL58033_2026.xml,,,,
"624, De Roberval",,Boucherville,,,464.5,1984,220600,452100,672700,2025,Logement,MAMH — Données Québec (rôle d'évaluation foncière),https://donneesouvertes.affmunqc.net/role/RL58033_2026.xml,,,,
"619, Mortagne",,Boucherville,,,627.7,1987,291600,440600,732200,2025,Logement,MAMH — Données Québec (rôle d'évaluation foncière),https://donneesouvertes.affmunqc.net/role/RL58033_2026.xml,,,,
"626, De Roberval",,Boucherville,,,464.5,1984,220600,366400,587000,2025,Logement,MAMH — Données Québec (rôle d'évaluation foncière),https://donneesouvertes.affmunqc.net/role/RL58033_2026.xml,,,,
"623, Mortagne",,Boucherville,,,598.6,1987,284300,457000,741300,2025,Logement,MAMH — Données Québec (rôle d'évaluation foncière),https://donneesouvertes.affmunqc.net/role/RL58033_2026.xml,,,,
"628, De Roberval",,Boucherville,,,464.5,1984,220600,392900,613500,2025,Logement,MAMH — Données Québec (rôle d'évaluation foncière),https://donneesouvertes.affmunqc.net/role/RL58033_2026.xml,,,,
"630, De Roberval",,Boucherville,,,464.5,1984,220600,418000,638600,2025,Logement,MAMH — Données Québec (rôle d'évaluation foncière),https://donneesouvertes.affmunqc.net/role/RL58033_2026.xml,,,,
"627, Mortagne",,Boucherville,,,630.3,1987,292200,411900,704100,2025,Logement,MAMH — Données Québec (rôle d'évaluation foncière),https://donneesouvertes.affmunqc.net/role/RL58033_2026.xml,,,,
"629, Mortagne",,Boucherville,,,646.1,1987,295900,629800,925700,2025,Logement,MAMH — Données Québec (rôle d'évaluation foncière),https://donneesouvertes.affmunqc.net/role/RL58033_2026.xml,,,,
"633, Mortagne",,Boucherville,,,675,1988,302800,508100,810900,2025,Logement,MAMH — Données Québec (rôle d'évaluation foncière),https://donneesouvertes.affmunqc.net/role/RL58033_2026.xml,,,,
"635, Mortagne",,Boucherville,,,788.9,2001,329800,681100,1010900,2025,Logement,MAMH — Données Québec (rôle d'évaluation foncière),https://donneesouvertes.affmunqc.net/role/RL58033_2026.xml,,,,
"651, De Balboa",,Boucherville,,,557.4,1985,264800,534100,798900,2025,Logement,MAMH — Données Québec (rôle d'évaluation foncière),https://donneesouvertes.affmunqc.net/role/RL58033_2026.xml,,,,
"655, De Balboa",,Boucherville,,,636.6,1985,293700,467100,760800,2025,Logement,MAMH — Données Québec (rôle d'évaluation foncière),https://donneesouvertes.affmunqc.net/role/RL58033_2026.xml,,,,
"639, De Roberval",,Boucherville,,,592.6,1987,281500,589100,870600,2025,Logement,MAMH — Données Québec (rôle d'évaluation foncière),https://donneesouvertes.affmunqc.net/role/RL58033_2026.xml,,,,
"634, De Roberval",,Boucherville,,,464.5,1984,220600,404500,625100,2025,Logement,MAMH — Données Québec (rôle d'évaluation foncière),https://donneesouvertes.affmunqc.net/role/RL58033_2026.xml,,,,
"641, De Roberval",,Boucherville,,,600,1987,285000,517700,802700,2025,Logement,MAMH — Données Québec (rôle d'évaluation foncière),https://donneesouvertes.affmunqc.net/role/RL58033_2026.xml,,,,
"636, De Roberval",,Boucherville,,,471.5,1984,224000,439900,663900,2025,Logement,MAMH — Données Québec (rôle d'évaluation foncière),https://donneesouvertes.affmunqc.net/role/RL58033_2026.xml,,,,
"645, De Roberval",,Boucherville,,,585,1987,277900,509600,787500,2025,Logement,MAMH — Données Québec (rôle d'évaluation foncière),https://donneesouvertes.affmunqc.net/role/RL58033_2026.xml,,,,
"638, De Roberval",,Boucherville,,,540.1,1987,256500,689000,945500,2025,Logement,MAMH — Données Québec (rôle d'évaluation foncière),https://donneesouvertes.affmunqc.net/role/RL58033_2026.xml,,,,
"640, De Roberval",,Boucherville,,,543.7,1989,258300,397400,655700,2025,Logement,MAMH — Données Québec (rôle d'évaluation foncière),https://donneesouvertes.affmunqc.net/role/RL58033_2026.xml,,,,
"946, Louis-hennepin",,Boucherville,,,659.4,1987,299100,615600,914700,2025,Logement,MAMH — Données Québec (rôle d'évaluation foncière),https://donneesouvertes.affmunqc.net/role/RL58033_2026.xml,,,,
"639, Mortagne",,Boucherville,,,685.3,1998,305200,558100,863300,2025,Logement,MAMH — Données Québec (rôle d'évaluation foncière),https://donneesouvertes.affmunqc.net/role/RL58033_2026.xml,,,,
"646, De Roberval",,Boucherville,,,706,1987,310100,459900,770000,2025,Logement,MAMH — Données Québec (rôle d'évaluation foncière),https://donneesouvertes.affmunqc.net/role/RL58033_2026.xml,,,,
"917, Mackenzie",,Boucherville,,,795.2,1988,331300,515000,846300,2025,Logement,MAMH — Données Québec (rôle d'évaluation foncière),https://donneesouvertes.affmunqc.net/role/RL58033_2026.xml,,,,
"915, Mackenzie",,Boucherville,,,630.9,1987,292300,524800,817100,2025,Logement,MAMH — Données Québec (rôle d'évaluation foncière),https://donneesouvertes.affmunqc.net/role/RL58033_2026.xml,,,,
"924, Mackenzie",,Boucherville,,,1264.5,1988,431100,882700,1313800,2025,Logement,MAMH — Données Québec (rôle d'évaluation foncière),https://donneesouvertes.affmunqc.net/role/RL58033_2026.xml,,,,
"921, Mackenzie",,Boucherville,,,701.9,1988,309200,605400,914600,2025,Logement,MAMH — Données Québec (rôle d'évaluation foncière),https://donneesouvertes.affmunqc.net/role/RL58033_2026.xml,,,,
"928, Mackenzie",,Boucherville,,,814.8,1993,335900,620600,956500,2025,Logement,MAMH — Données Québec (rôle d'évaluation foncière),https://donneesouvertes.affmunqc.net/role/RL58033_2026.xml,,,,
"931, Mackenzie",,Boucherville,,,658,1987,298700,624300,923000,2025,Logement,MAMH — Données Québec (rôle d'évaluation foncière),https://donneesouvertes.affmunqc.net/role/RL58033_2026.xml,,,,
"935, Mackenzie",,Boucherville,,,677.4,1988,303300,628900,932200,2025,Logement,MAMH — Données Québec (rôle d'évaluation foncière),https://donneesouvertes.affmunqc.net/role/RL58033_2026.xml,,,,
"930, Mackenzie",,Boucherville,,,630,1987,292100,831400,1123500,2025,Logement,MAMH — Données Québec (rôle d'évaluation foncière),https://donneesouvertes.affmunqc.net/role/RL58033_2026.xml,,,,
"934, Mackenzie",,Boucherville,,,630,1988,292100,902900,1195000,2025,Logement,MAMH — Données Québec (rôle d'évaluation foncière),https://donneesouvertes.affmunqc.net/role/RL58033_2026.xml,,,,
"647, De Roberval",,Boucherville,,,600,1987,285000,575200,860200,2025,Logement,MAMH — Données Québec (rôle d'évaluation foncière),https://donneesouvertes.affmunqc.net/role/RL58033_2026.xml,,,,
"936, Mackenzie",,Boucherville,,,630,1987,292100,560100,852200,2025,Logement,MAMH — Données Québec (rôle d'évaluation foncière),https://donneesouvertes.affmunqc.net/role/RL58033_2026.xml,,,,
"649, De Roberval",,Boucherville,,,585,1987,277900,477300,755200,2025,Logement,MAMH — Données Québec (rôle d'évaluation foncière),https://donneesouvertes.affmunqc.net/role/RL58033_2026.xml,,,,
"940, Mackenzie",,Boucherville,,,739.2,1989,318000,700300,1018300,2025,Logement,MAMH — Données Québec (rôle d'évaluation foncière),https://donneesouvertes.affmunqc.net/role/RL58033_2026.xml,,,,
"651, De Roberval",,Boucherville,,,600,1988,285000,564600,849600,2025,Logement,MAMH — Données Québec (rôle d'évaluation foncière),https://donneesouvertes.affmunqc.net/role/RL58033_2026.xml,,,,
"1042, Charcot",,Boucherville,,,115.07,2005,57500,802700,860200,2025,Logement,MAMH — Données Québec (rôle d'évaluation foncière),https://donneesouvertes.affmunqc.net/role/RL58033_2026.xml,,,,
"1031, Charcot",,Boucherville,,,189.7,2004,90100,325500,415600,2025,Logement,MAMH — Données Québec (rôle d'évaluation foncière),https://donneesouvertes.affmunqc.net/role/RL58033_2026.xml,,,,
"1035, Charcot",,Boucherville,,,193.44,2004,91900,310500,402400,2025,Logement,MAMH — Données Québec (rôle d'évaluation foncière),https://donneesouvertes.affmunqc.net/role/RL58033_2026.xml,,,,
"1037, Charcot",,Boucherville,,,341.13,2009,162000,328000,490000,2025,Logement,MAMH — Données Québec (rôle d'évaluation foncière),https://donneesouvertes.affmunqc.net/role/RL58033_2026.xml,,,,
"615, Jean-deslauriers",,Boucherville,,,456.4,2003,216800,491900,708700,2025,Logement,MAMH — Données Québec (rôle d'évaluation foncière),https://donneesouvertes.affmunqc.net/role/RL58033_2026.xml,,,,
"1029, Charcot",,Boucherville,,,718.4,2004,313100,789500,1102600,2025,Logement,MAMH — Données Québec (rôle d'évaluation foncière),https://donneesouvertes.affmunqc.net/role/RL58033_2026.xml,,,,
"869, André-mathieu",,Boucherville,,,330,2002,156800,449300,606100,2025,Logement,MAMH — Données Québec (rôle d'évaluation foncière),https://donneesouvertes.affmunqc.net/role/RL58033_2026.xml,,,,
"867, André-mathieu",,Boucherville,,,330,2002,156800,478000,634800,2025,Logement,MAMH — Données Québec (rôle d'évaluation foncière),https://donneesouvertes.affmunqc.net/role/RL58033_2026.xml,,,,
"872, André-mathieu",,Boucherville,,,465,2003,220900,622900,843800,2025,Logement,MAMH — Données Québec (rôle d'évaluation foncière),https://donneesouvertes.affmunqc.net/role/RL58033_2026.xml,,,,
"865, André-mathieu",,Boucherville,,,330,2002,156800,447700,604500,2025,Logement,MAMH — Données Québec (rôle d'évaluation foncière),https://donneesouvertes.affmunqc.net/role/RL58033_2026.xml,,,,
"870, André-mathieu",,Boucherville,,,576,2003,273600,676700,950300,2025,Logement,MAMH — Données Québec (rôle d'évaluation foncière),https://donneesouvertes.affmunqc.net/role/RL58033_2026.xml,,,,
"861, André-mathieu",,Boucherville,,,330,2002,156800,519100,675900,2025,Logement,MAMH — Données Québec (rôle d'évaluation foncière),https://donneesouvertes.affmunqc.net/role/RL58033_2026.xml,,,,
"859, André-mathieu",,Boucherville,,,330,2002,156800,543500,700300,2025,Logement,MAMH — Données Québec (rôle d'évaluation foncière),https://donneesouvertes.affmunqc.net/role/RL58033_2026.xml,,,,
"621, Arthur-leblanc",,Boucherville,,,606.9,2002,286600,593500,880100,2025,Logement,MAMH — Données Québec (rôle d'évaluation foncière),https://donneesouvertes.affmunqc.net/role/RL58033_2026.xml,,,,
"857, André-mathieu",,Boucherville,,,330,2002,156800,454400,611200,2025,Logement,MAMH — Données Québec (rôle d'évaluation foncière),https://donneesouvertes.affmunqc.net/role/RL58033_2026.xml,,,,
"623, Arthur-leblanc",,Boucherville,,,510,2002,242300,840900,1083200,2025,Logement,MAMH — Données Québec (rôle d'évaluation foncière),https://donneesouvertes.affmunqc.net/role/RL58033_2026.xml,,,,
"855, André-mathieu",,Boucherville,,,404.4,2002,192100,437700,629800,2025,Logement,MAMH — Données Québec (rôle d'évaluation foncière),https://donneesouvertes.affmunqc.net/role/RL58033_2026.xml,,,,
"625, Arthur-leblanc",,Boucherville,,,459,2002,218000,628300,846300,2025,Logement,MAMH — Données Québec (rôle d'évaluation foncière),https://donneesouvertes.affmunqc.net/role/RL58033_2026.xml,,,,
"619, Jean-deslauriers",,Boucherville,,,508.8,2003,241700,504800,746500,2025,Logement,MAMH — Données Québec (rôle d'évaluation foncière),https://donneesouvertes.affmunqc.net/role/RL58033_2026.xml,,,,
"622, Arthur-leblanc",,Boucherville,,,575.5,2002,273400,573200,846600,2025,Logement,MAMH — Données Québec (rôle d'évaluation foncière),https://donneesouvertes.affmunqc.net/role/RL58033_2026.xml,,,,
"624, Arthur-leblanc",,Boucherville,,,459,2002,218000,537600,755600,2025,Logement,MAMH — Données Québec (rôle d'évaluation foncière),https://donneesouvertes.affmunqc.net/role/RL58033_2026.xml,,,,
"874, André-mathieu",,Boucherville,,,465,2003,220900,601600,822500,2025,Logement,MAMH — Données Québec (rôle d'évaluation foncière),https://donneesouvertes.affmunqc.net/role/RL58033_2026.xml,,,,
"898, André-mathieu",,Boucherville,,,510,2004,242300,539200,781500,2025,Logement,MAMH — Données Québec (rôle d'évaluation foncière),https://donneesouvertes.affmunqc.net/role/RL58033_2026.xml,,,,
"900, André-mathieu",,Boucherville,,,541.8,2002,257400,676200,933600,2025,Logement,MAMH — Données Québec (rôle d'évaluation foncière),https://donneesouvertes.affmunqc.net/role/RL58033_2026.xml,,,,
"904, André-mathieu",,Boucherville,,,872.5,2003,349600,915600,1265200,2025,Logement,MAMH — Données Québec (rôle d'évaluation foncière),https://donneesouvertes.affmunqc.net/role/RL58033_2026.xml,,,,
"916, André-mathieu",,Boucherville,,,490.5,2004,233000,660400,893400,2025,Logement,MAMH — Données Québec (rôle d'évaluation foncière),https://donneesouvertes.affmunqc.net/role/RL58033_2026.xml,,,,
"906, André-mathieu",,Boucherville,,,824.7,2003,338300,995400,1333700,2025,Logement,MAMH — Données Québec (rôle d'évaluation foncière),https://donneesouvertes.affmunqc.net/role/RL58033_2026.xml,,,,
"914, André-mathieu",,Boucherville,,,588.5,2003,279500,639400,918900,2025,Logement,MAMH — Données Québec (rôle d'évaluation foncière),https://donneesouvertes.affmunqc.net/role/RL58033_2026.xml,,,,
"908, André-mathieu",,Boucherville,,,897,2003,355400,738600,1094000,2025,Logement,MAMH — Données Québec (rôle d'évaluation foncière),https://donneesouvertes.affmunqc.net/role/RL58033_2026.xml,,,,
"627, Arthur-leblanc",,Boucherville,,,459,2002,218000,627100,845100,2025,Logement,MAMH — Données Québec (rôle d'évaluation foncière),https://donneesouvertes.affmunqc.net/role/RL58033_2026.xml,,,,
"910, André-mathieu",,Boucherville,,,1076.3,2003,397900,896800,1294700,2025,Logement,MAMH — Données Québec (rôle d'évaluation foncière),https://donneesouvertes.affmunqc.net/role/RL58033_2026.xml,,,,
"631, Arthur-leblanc",,Boucherville,,,510,2002,242300,657000,899300,2025,Logement,MAMH — Données Québec (rôle d'évaluation foncière),https://donneesouvertes.affmunqc.net/role/RL58033_2026.xml,,,,
"659, Arthur-leblanc",,Boucherville,,,459,2002,218000,597500,815500,2025,Logement,MAMH — Données Québec (rôle d'évaluation foncière),https://donneesouvertes.affmunqc.net/role/RL58033_2026.xml,,,,
"919, André-mathieu",,Boucherville,,,516.7,2003,245400,555600,801000,2025,Logement,MAMH — Données Québec (rôle d'évaluation foncière),https://donneesouvertes.affmunqc.net/role/RL58033_2026.xml,,,,
"626, Mortagne",,Boucherville,,,535.7,2003,254500,618100,872600,2025,Logement,MAMH — Données Québec (rôle d'évaluation foncière),https://donneesouvertes.affmunqc.net/role/RL58033_2026.xml,,,,
"921, André-mathieu",,Boucherville,,,510,2002,242300,503200,745500,2025,Logement,MAMH — Données Québec (rôle d'évaluation foncière),https://donneesouvertes.affmunqc.net/role/RL58033_2026.xml,,,,
"925, André-mathieu",,Boucherville,,,510,2004,242300,524800,767100,2025,Logement,MAMH — Données Québec (rôle d'évaluation foncière),https://donneesouvertes.affmunqc.net/role/RL58033_2026.xml,,,,
"927, André-mathieu",,Boucherville,,,540,2003,256500,549100,805600,2025,Logement,MAMH — Données Québec (rôle d'évaluation foncière),https://donneesouvertes.affmunqc.net/role/RL58033_2026.xml,,,,
"920, André-mathieu",,Boucherville,,,588.8,2004,279700,584100,863800,2025,Logement,MAMH — Données Québec (rôle d'évaluation foncière),https://donneesouvertes.affmunqc.net/role/RL58033_2026.xml,,,,
"929, André-mathieu",,Boucherville,,,542,2002,257500,464100,721600,2025,Logement,MAMH — Données Québec (rôle d'évaluation foncière),https://donneesouvertes.affmunqc.net/role/RL58033_2026.xml,,,,
"918, André-mathieu",,Boucherville,,,505.5,2004,240100,636400,876500,2025,Logement,MAMH — Données Québec (rôle d'évaluation foncière),https://donneesouvertes.affmunqc.net/role/RL58033_2026.xml,,,,
"671, Arthur-leblanc",,Boucherville,,,556,2002,264100,628200,892300,2025,Logement,MAMH — Données Québec (rôle d'évaluation foncière),https://donneesouvertes.affmunqc.net/role/RL58033_2026.xml,,,,
"669, Arthur-leblanc",,Boucherville,,,459,2002,218000,629500,847500,2025,Logement,MAMH — Données Québec (rôle d'évaluation foncière),https://donneesouvertes.affmunqc.net/role/RL58033_2026.xml,,,,
"665, Arthur-leblanc",,Boucherville,,,459,2002,218000,588900,806900,2025,Logement,MAMH — Données Québec (rôle d'évaluation foncière),https://donneesouvertes.affmunqc.net/role/RL58033_2026.xml,,,,
"668, Arthur-leblanc",,Boucherville,,,559.1,2002,265600,584100,849700,2025,Logement,MAMH — Données Québec (rôle d'évaluation foncière),https://donneesouvertes.affmunqc.net/role/RL58033_2026.xml,,,,
"663, Arthur-leblanc",,Boucherville,,,510,2001,242300,602200,844500,2025,Logement,MAMH — Données Québec (rôle d'évaluation foncière),https://donneesouvertes.affmunqc.net/role/RL58033_2026.xml,,,,
"666, Arthur-leblanc",,Boucherville,,,459,2001,218000,633000,851000,2025,Logement,MAMH — Données Québec (rôle d'évaluation foncière),https://donneesouvertes.affmunqc.net/role/RL58033_2026.xml,,,,
"630, Mortagne",,Boucherville,,,593,2003,281700,567400,849100,2025,Logement,MAMH — Données Québec (rôle d'évaluation foncière),https://donneesouvertes.affmunqc.net/role/RL58033_2026.xml,,,,
"634, Mortagne",,Boucherville,,,677.2,2001,303300,566100,869400,2025,Logement,MAMH — Données Québec (rôle d'évaluation foncière),https://donneesouvertes.affmunqc.net/role/RL58033_2026.xml,,,,
"632, Mortagne",,Boucherville,,,1063.1,2004,394800,561900,956700,2025,Logement,MAMH — Données Québec (rôle d'évaluation foncière),https://donneesouvertes.affmunqc.net/role/RL58033_2026.xml,,,,
"1000, Emma-lajeunesse",,Boucherville,,,678.7,2003,303700,856300,1160000,2025,Logement,MAMH — Données Québec (rôle d'évaluation foncière),https://donneesouvertes.affmunqc.net/role/RL58033_2026.xml,,,,
"1004, Emma-lajeunesse",,Boucherville,,,652.2,2003,297400,1177000,1474400,2025,Logement,MAMH — Données Québec (rôle d'évaluation foncière),https://donneesouvertes.affmunqc.net/role/RL58033_2026.xml,,,,
"931, André-mathieu",,Boucherville,,,561.7,2003,266800,587400,854200,2025,Logement,MAMH — Données Québec (rôle d'évaluation foncière),https://donneesouvertes.affmunqc.net/role/RL58033_2026.xml,,,,
"1006, Emma-lajeunesse",,Boucherville,,,675.9,1999,303000,582700,885700,2025,Logement,MAMH — Données Québec (rôle d'évaluation foncière),https://donneesouvertes.affmunqc.net/role/RL58033_2026.xml,,,,
"1008, Emma-lajeunesse",,Boucherville,,,799.8,1999,332400,536300,868700,2025,Logement,MAMH — Données Québec (rôle d'évaluation foncière),https://donneesouvertes.affmunqc.net/role/RL58033_2026.xml,,,,
"1007, Emma-lajeunesse",,Boucherville,,,680,2000,304000,701400,1005400,2025,Logement,MAMH — Données Québec (rôle d'évaluation foncière),https://donneesouvertes.affmunqc.net/role/RL58033_2026.xml,,,,
"648, De Roberval",,Boucherville,,,575.2,1987,273200,528400,801600,2025,Logement,MAMH — Données Québec (rôle d'évaluation foncière),https://donneesouvertes.affmunqc.net/role/RL58033_2026.xml,,,,
"945, Louis-hennepin",,Boucherville,,,694.5,1987,307400,452200,759600,2025,Logement,MAMH — Données Québec (rôle d'évaluation foncière),https://donneesouvertes.affmunqc.net/role/RL58033_2026.xml,,,,
"949, Louis-hennepin",,Boucherville,,,743.7,1996,319100,461300,780400,2025,Logement,MAMH — Données Québec (rôle d'évaluation foncière),https://donneesouvertes.affmunqc.net/role/RL58033_2026.xml,,,,
"657, Mortagne",,Boucherville,,,669.9,1995,301600,575500,877100,2025,Logement,MAMH — Données Québec (rôle d'évaluation foncière),https://donneesouvertes.affmunqc.net/role/RL58033_2026.xml,,,,
"1001, Emma-lajeunesse",,Boucherville,,,774.7,1998,326400,775000,1101400,2025,Logement,MAMH — Données Québec (rôle d'évaluation foncière),https://donneesouvertes.affmunqc.net/role/RL58033_2026.xml,,,,
"1005, Emma-lajeunesse",,Boucherville,,,680,2000,304000,854700,1158700,2025,Logement,MAMH — Données Québec (rôle d'évaluation foncière),https://donneesouvertes.affmunqc.net/role/RL58033_2026.xml,,,,
"650, Mortagne",,Boucherville,,,648.3,1997,296400,495600,792000,2025,Logement,MAMH — Données Québec (rôle d'évaluation foncière),https://donneesouvertes.affmunqc.net/role/RL58033_2026.xml,,,,
"655, De Roberval",,Boucherville,,,726.6,1988,315000,616500,931500,2025,Logement,MAMH — Données Québec (rôle d'évaluation foncière),https://donneesouvertes.affmunqc.net/role/RL58033_2026.xml,,,,
"650, De Roberval",,Boucherville,,,611.6,1987,287700,461200,748900,2025,Logement,MAMH — Données Québec (rôle d'évaluation foncière),https://donneesouvertes.affmunqc.net/role/RL58033_2026.xml,,,,
"654, De Roberval",,Boucherville,,,598.5,1988,284300,479100,763400,2025,Logement,MAMH — Données Québec (rôle d'évaluation foncière),https://donneesouvertes.affmunqc.net/role/RL58033_2026.xml,,,,
"664, De Roberval",,Boucherville,,,647.4,1987,296200,693000,989200,2025,Logement,MAMH — Données Québec (rôle d'évaluation foncière),https://donneesouvertes.affmunqc.net/role/RL58033_2026.xml,,,,
"656, De Roberval",,Boucherville,,,758.3,1988,322500,799100,1121600,2025,Logement,MAMH — Données Québec (rôle d'évaluation foncière),https://donneesouvertes.affmunqc.net/role/RL58033_2026.xml,,,,
"660, De Roberval",,Boucherville,,,1332.1,1988,435100,1160300,1595400,2025,Logement,MAMH — Données Québec (rôle d'évaluation foncière),https://donneesouvertes.affmunqc.net/role/RL58033_2026.xml,,,,
"661, Mortagne",,Boucherville,,,1798.1,2005,463100,619000,1082100,2025,Logement,MAMH — Données Québec (rôle d'évaluation foncière),https://donneesouvertes.affmunqc.net/role/RL58033_2026.xml,,,,
"940, Étienne-brûlé",,Boucherville,,,791.1,1987,330300,523400,853700,2025,Logement,MAMH — Données Québec (rôle d'évaluation foncière),https://donneesouvertes.affmunqc.net/role/RL58033_2026.xml,,,,
"665, Mortagne",,Boucherville,,,1413.5,1999,440000,1034800,1474800,2025,Logement,MAMH — Données Québec (rôle d'évaluation foncière),https://donneesouvertes.affmunqc.net/role/RL58033_2026.xml,,,,
"663, Mortagne",,Boucherville,,,2,,100,,100,2025,Terrain vacant,MAMH — Données Québec (rôle d'évaluation foncière),https://donneesouvertes.affmunqc.net/role/RL58033_2026.xml,,,,
"944, Étienne-brûlé",,Boucherville,,,560.2,1987,266100,470100,736200,2025,Logement,MAMH — Données Québec (rôle d'évaluation foncière),https://donneesouvertes.affmunqc.net/role/RL58033_2026.xml,,,,
"1053, Lionel-daunais, app. 1075",,Boucherville,,,132080.3,2001,12128700,9049500,21178200,2025,Institutionnel,MAMH — Données Québec (rôle d'évaluation foncière),https://donneesouvertes.affmunqc.net/role/RL58033_2026.xml,,,,
"1072, Charcot",,Boucherville,,,110.44,2010,55200,845500,900700,2025,Logement,MAMH — Données Québec (rôle d'évaluation foncière),https://donneesouvertes.affmunqc.net/role/RL58033_2026.xml,,,,
"1062, Charcot",,Boucherville,,,104.9,2009,52500,863300,915800,2025,Logement,MAMH — Données Québec (rôle d'évaluation foncière),https://donneesouvertes.affmunqc.net/role/RL58033_2026.xml,,,,
"614, Jean-deslauriers",,Boucherville,,,235.62,2004,117800,298800,416600,2025,Logement,MAMH — Données Québec (rôle d'évaluation foncière),https://donneesouvertes.affmunqc.net/role/RL58033_2026.xml,,,,
"624, Jean-deslauriers",,Boucherville,,,375.54,2002,187800,404800,592600,2025,Logement,MAMH — Données Québec (rôle d'évaluation foncière),https://donneesouvertes.affmunqc.net/role/RL58033_2026.xml,,,,
"621, Jean-deslauriers",,Boucherville,,,670.7,2003,301800,556600,858400,2025,Logement,MAMH — Données Québec (rôle d'évaluation foncière),https://donneesouvertes.affmunqc.net/role/RL58033_2026.xml,,,,
"626, Arthur-leblanc",,Boucherville,,,459,2001,218000,557900,775900,2025,Logement,MAMH — Données Québec (rôle d'évaluation foncière),https://donneesouvertes.affmunqc.net/role/RL58033_2026.xml,,,,
"628, Arthur-leblanc",,Boucherville,,,499.5,2002,237300,780400,1017700,2025,Logement,MAMH — Données Québec (rôle d'évaluation foncière),https://donneesouvertes.affmunqc.net/role/RL58033_2026.xml,,,,
"623, Jean-deslauriers",,Boucherville,,,466.5,2002,221600,601900,823500,2025,Logement,MAMH — Données Québec (rôle d'évaluation foncière),https://donneesouvertes.affmunqc.net/role/RL58033_2026.xml,,,,
"632, Arthur-leblanc",,Boucherville,,,499.5,2002,237300,706100,943400,2025,Logement,MAMH — Données Québec (rôle d'évaluation foncière),https://donneesouvertes.affmunqc.net/role/RL58033_2026.xml,,,,
"625, Jean-deslauriers",,Boucherville,,,466.5,2002,221600,612300,833900,2025,Logement,MAMH — Données Québec (rôle d'évaluation foncière),https://donneesouvertes.affmunqc.net/role/RL58033_2026.xml,,,,
"634, Arthur-leblanc",,Boucherville,,,459,2002,218000,710200,928200,2025,Logement,MAMH — Données Québec (rôle d'évaluation foncière),https://donneesouvertes.affmunqc.net/role/RL58033_2026.xml,,,,
"629, Jean-deslauriers",,Boucherville,,,466.5,2003,221600,586300,807900,2025,Logement,MAMH — Données Québec (rôle d'évaluation foncière),https://donneesouvertes.affmunqc.net/role/RL58033_2026.xml,,,,
"631, Jean-deslauriers",,Boucherville,,,466.5,2002,221600,639800,861400,2025,Logement,MAMH — Données Québec (rôle d'évaluation foncière),https://donneesouvertes.affmunqc.net/role/RL58033_2026.xml,,,,
"633, Jean-deslauriers",,Boucherville,,,466.5,2002,221600,588200,809800,2025,Logement,MAMH — Données Québec (rôle d'évaluation foncière),https://donneesouvertes.affmunqc.net/role/RL58033_2026.xml,,,,
"635, Jean-deslauriers",,Boucherville,,,466.5,2002,221600,628000,849600,2025,Logement,MAMH — Données Québec (rôle d'évaluation foncière),https://donneesouvertes.affmunqc.net/role/RL58033_2026.xml,,,,
"655, Arthur-leblanc",,Boucherville,,,459,2002,218000,582200,800200,2025,Logement,MAMH — Données Québec (rôle d'évaluation foncière),https://donneesouvertes.affmunqc.net/role/RL58033_2026.xml,,,,
"633, Arthur-leblanc",,Boucherville,,,459,2002,218000,551900,769900,2025,Logement,MAMH — Données Québec (rôle d'évaluation foncière),https://donneesouvertes.affmunqc.net/role/RL58033_2026.xml,,,,
"653, Arthur-leblanc",,Boucherville,,,459,2001,218000,648000,866000,2025,Logement,MAMH — Données Québec (rôle d'évaluation foncière),https://donneesouvertes.affmunqc.net/role/RL58033_2026.xml,,,,
"635, Arthur-leblanc",,Boucherville,,,515.7,2002,245000,554400,799400,2025,Logement,MAMH — Données Québec (rôle d'évaluation foncière),https://donneesouvertes.affmunqc.net/role/RL58033_2026.xml,,,,
"651, Arthur-leblanc",,Boucherville,,,510,2002,242300,708700,951000,2025,Logement,MAMH — Données Québec (rôle d'évaluation foncière),https://donneesouvertes.affmunqc.net/role/RL58033_2026.xml,,,,
"649, Arthur-leblanc",,Boucherville,,,612.3,2002,287900,719700,1007600,2025,Logement,MAMH — Données Québec (rôle d'évaluation foncière),https://donneesouvertes.affmunqc.net/role/RL58033_2026.xml,,,,
"636, Arthur-leblanc",,Boucherville,,,459,2002,218000,616700,834700,2025,Logement,MAMH — Données Québec (rôle d'évaluation foncière),https://donneesouvertes.affmunqc.net/role/RL58033_2026.xml,,,,
"652, Arthur-leblanc",,Boucherville,,,540,2002,256500,916900,1173400,2025,Logement,MAMH — Données Québec (rôle d'évaluation foncière),https://donneesouvertes.affmunqc.net/role/RL58033_2026.xml,,,,
"638, Arthur-leblanc",,Boucherville,,,459,2002,218000,595200,813200,2025,Logement,MAMH — Données Québec (rôle d'évaluation foncière),https://donneesouvertes.affmunqc.net/role/RL58033_2026.xml,,,,
"648, Arthur-leblanc",,Boucherville,,,513.1,2002,243700,559000,802700,2025,Logement,MAMH — Données Québec (rôle d'évaluation foncière),https://donneesouvertes.affmunqc.net/role/RL58033_2026.xml,,,,
"642, Arthur-leblanc",,Boucherville,,,687,2002,305600,783500,1089100,2025,Logement,MAMH — Données Québec (rôle d'évaluation foncière),https://donneesouvertes.affmunqc.net/role/RL58033_2026.xml,,,,
"646, Arthur-leblanc",,Boucherville,,,632.6,2002,292700,552200,844900,2025,Logement,MAMH — Données Québec (rôle d'évaluation foncière),https://donneesouvertes.affmunqc.net/role/RL58033_2026.xml,,,,
"637, Jean-deslauriers",,Boucherville,,,466.5,2002,221600,586400,808000,2025,Logement,MAMH — Données Québec (rôle d'évaluation foncière),https://donneesouvertes.affmunqc.net/role/RL58033_2026.xml,,,,
"644, Arthur-leblanc",,Boucherville,,,1045.7,2004,390600,759800,1150400,2025,Logement,MAMH — Données Québec (rôle d'évaluation foncière),https://donneesouvertes.affmunqc.net/role/RL58033_2026.xml,,,,
"664, Arthur-leblanc",,Boucherville,,,459,2002,218000,678400,896400,2025,Logement,MAMH — Données Québec (rôle d'évaluation foncière),https://donneesouvertes.affmunqc.net/role/RL58033_2026.xml,,,,
"662, Arthur-leblanc",,Boucherville,,,540,2002,256500,617400,873900,2025,Logement,MAMH — Données Québec (rôle d'évaluation foncière),https://donneesouvertes.affmunqc.net/role/RL58033_2026.xml,,,,
"1014, Emma-lajeunesse",,Boucherville,,,640,2001,294500,847800,1142300,2025,Logement,MAMH — Données Québec (rôle d'évaluation foncière),https://donneesouvertes.affmunqc.net/role/RL58033_2026.xml,,,,
"658, Arthur-leblanc",,Boucherville,,,459,2002,218000,548900,766900,2025,Logement,MAMH — Données Québec (rôle d'évaluation foncière),https://donneesouvertes.affmunqc.net/role/RL58033_2026.xml,,,,
"1016, Emma-lajeunesse",,Boucherville,,,640,2001,294500,690100,984600,2025,Logement,MAMH — Données Québec (rôle d'évaluation foncière),https://donneesouvertes.affmunqc.net/role/RL58033_2026.xml,,,,
"656, Arthur-leblanc",,Boucherville,,,459,2001,218000,586000,804000,2025,Logement,MAMH — Données Québec (rôle d'évaluation foncière),https://donneesouvertes.affmunqc.net/role/RL58033_2026.xml,,,,
"1018, Emma-lajeunesse",,Boucherville,,,576,2001,273600,663200,936800,2025,Logement,MAMH — Données Québec (rôle d'évaluation foncière),https://donneesouvertes.affmunqc.net/role/RL58033_2026.xml,,,,
"654, Arthur-leblanc",,Boucherville,,,459,2002,218000,579300,797300,2025,Logement,MAMH — Données Québec (rôle d'évaluation foncière),https://donneesouvertes.affmunqc.net/role/RL58033_2026.xml,,,,
"1022, Emma-lajeunesse",,Boucherville,,,640,2002,294500,628000,922500,2025,Logement,MAMH — Données Québec (rôle d'évaluation foncière),https://donneesouvertes.affmunqc.net/role/RL58033_2026.xml,,,,
"1024, Emma-lajeunesse",,Boucherville,,,640,2000,294500,943200,1237700,2025,Logement,MAMH — Données Québec (rôle d'évaluation foncière),https://donneesouvertes.affmunqc.net/role/RL58033_2026.xml,,,,
"1019, Emma-lajeunesse",,Boucherville,,,576,2000,273600,552400,826000,2025,Logement,MAMH — Données Québec (rôle d'évaluation foncière),https://donneesouvertes.affmunqc.net/role/RL58033_2026.xml,,,,
"1026, Emma-lajeunesse",,Boucherville,,,640,2001,294500,771900,1066400,2025,Logement,MAMH — Données Québec (rôle d'évaluation foncière),https://donneesouvertes.affmunqc.net/role/RL58033_2026.xml,,,,
"1021, Emma-lajeunesse",,Boucherville,,,640,2003,294500,792300,1086800,2025,Logement,MAMH — Données Québec (rôle d'évaluation foncière),https://donneesouvertes.affmunqc.net/role/RL58033_2026.xml,,,,
"1028, Emma-lajeunesse",,Boucherville,,,640,2001,294500,706100,1000600,2025,Logement,MAMH — Données Québec (rôle d'évaluation foncière),https://donneesouvertes.affmunqc.net/role/RL58033_2026.xml,,,,
"1012, Emma-lajeunesse",,Boucherville,,,678.3,1999,303600,861300,1164900,2025,Logement,MAMH — Données Québec (rôle d'évaluation foncière),https://donneesouvertes.affmunqc.net/role/RL58033_2026.xml,,,,
"1009, Emma-lajeunesse",,Boucherville,,,752.2,1999,321100,818500,1139600,2025,Logement,MAMH — Données Québec (rôle d'évaluation foncière),https://donneesouvertes.affmunqc.net/role/RL58033_2026.xml,,,,
"951, Achille-fortier",,Boucherville,,,423.8,1999,201300,508100,709400,2025,Logement,MAMH — Données Québec (rôle d'évaluation foncière),https://donneesouvertes.affmunqc.net/role/RL58033_2026.xml,,,,
"1011, Emma-lajeunesse",,Boucherville,,,737.7,1999,317600,747400,1065000,2025,Logement,MAMH — Données Québec (rôle d'évaluation foncière),https://donneesouvertes.affmunqc.net/role/RL58033_2026.xml,,,,
"1015, Emma-lajeunesse",,Boucherville,,,640,2000,294500,705300,999800,2025,Logement,MAMH — Données Québec (rôle d'évaluation foncière),https://donneesouvertes.affmunqc.net/role/RL58033_2026.xml,,,,
"970, Roger-doucet",,Boucherville,,,445.1,1999,211400,518700,730100,2025,Logement,MAMH — Données Québec (rôle d'évaluation foncière),https://donneesouvertes.affmunqc.net/role/RL58033_2026.xml,,,,
"974, Roger-doucet",,Boucherville,,,360,1999,171000,499300,670300,2025,Logement,MAMH — Données Québec (rôle d'évaluation foncière),https://donneesouvertes.affmunqc.net/role/RL58033_2026.xml,,,,
"1017, Emma-lajeunesse",,Boucherville,,,640,2002,294500,705600,1000100,2025,Logement,MAMH — Données Québec (rôle d'évaluation foncière),https://donneesouvertes.affmunqc.net/role/RL58033_2026.xml,,,,
"980, Roger-doucet",,Boucherville,,,360,2002,171000,579100,750100,2025,Logement,MAMH — Données Québec (rôle d'évaluation foncière),https://donneesouvertes.affmunqc.net/role/RL58033_2026.xml,,,,
"984, Roger-doucet",,Boucherville,,,360,2023,171000,792200,963200,2025,Logement,MAMH — Données Québec (rôle d'évaluation foncière),https://donneesouvertes.affmunqc.net/role/RL58033_2026.xml,,,,
"986, Roger-doucet",,Boucherville,,,450,2002,213800,726400,940200,2025,Logement,MAMH — Données Québec (rôle d'évaluation foncière),https://donneesouvertes.affmunqc.net/role/RL58033_2026.xml,,,,
"971, Roger-doucet",,Boucherville,,,248,1998,117800,321000,438800,2025,Logement,MAMH — Données Québec (rôle d'évaluation foncière),https://donneesouvertes.affmunqc.net/role/RL58033_2026.xml,,,,
"973, Roger-doucet",,Boucherville,,,248,1998,117800,349800,467600,2025,Logement,MAMH — Données Québec (rôle d'évaluation foncière),https://donneesouvertes.affmunqc.net/role/RL58033_2026.xml,,,,
"975, Roger-doucet",,Boucherville,,,248,1998,117800,286500,404300,2025,Logement,MAMH — Données Québec (rôle d'évaluation foncière),https://donneesouvertes.affmunqc.net/role/RL58033_2026.xml,,,,
"654, Mortagne",,Boucherville,,,893.3,1997,354500,635000,989500,2025,Logement,MAMH — Données Québec (rôle d'évaluation foncière),https://donneesouvertes.affmunqc.net/role/RL58033_2026.xml,,,,
"656, Mortagne",,Boucherville,,,716,1998,312500,598600,911100,2025,Logement,MAMH — Données Québec (rôle d'évaluation foncière),https://donneesouvertes.affmunqc.net/role/RL58033_2026.xml,,,,
"953, Achille-fortier",,Boucherville,,,373.8,1999,177600,515600,693200,2025,Logement,MAMH — Données Québec (rôle d'évaluation foncière),https://donneesouvertes.affmunqc.net/role/RL58033_2026.xml,,,,
"955, Achille-fortier",,Boucherville,,,363.2,1999,172500,462900,635400,2025,Logement,MAMH — Données Québec (rôle d'évaluation foncière),https://donneesouvertes.affmunqc.net/role/RL58033_2026.xml,,,,
"660, Mortagne",,Boucherville,,,531.9,1998,252700,597800,850500,2025,Logement,MAMH — Données Québec (rôle d'évaluation foncière),https://donneesouvertes.affmunqc.net/role/RL58033_2026.xml,,,,
"957, Achille-fortier",,Boucherville,,,382.3,1999,181600,496900,678500,2025,Logement,MAMH — Données Québec (rôle d'évaluation foncière),https://donneesouvertes.affmunqc.net/role/RL58033_2026.xml,,,,
"664, Mortagne",,Boucherville,,,545.1,1999,258900,602600,861500,2025,Logement,MAMH — Données Québec (rôle d'évaluation foncière),https://donneesouvertes.affmunqc.net/role/RL58033_2026.xml,,,,
"959, Achille-fortier",,Boucherville,,,404.6,2000,192200,499600,691800,2025,Logement,MAMH — Données Québec (rôle d'évaluation foncière),https://donneesouvertes.affmunqc.net/role/RL58033_2026.xml,,,,
"961, Achille-fortier",,Boucherville,,,447,2001,212300,612000,824300,2025,Logement,MAMH — Données Québec (rôle d'évaluation foncière),https://donneesouvertes.affmunqc.net/role/RL58033_2026.xml,,,,
"666, Mortagne",,Boucherville,,,646.7,2000,296100,620000,916100,2025,Logement,MAMH — Données Québec (rôle d'évaluation foncière),https://donneesouvertes.affmunqc.net/role/RL58033_2026.xml,,,,
"965, Achille-fortier",,Boucherville,,,482,2000,229000,524600,753600,2025,Logement,MAMH — Données Québec (rôle d'évaluation foncière),https://donneesouvertes.affmunqc.net/role/RL58033_2026.xml,,,,
"668, Mortagne",,Boucherville,,,904.3,1998,357100,496300,853400,2025,Logement,MAMH — Données Québec (rôle d'évaluation foncière),https://donneesouvertes.affmunqc.net/role/RL58033_2026.xml,,,,
"967, Achille-fortier",,Boucherville,,,531.9,1998,252700,529800,782500,2025,Logement,MAMH — Données Québec (rôle d'évaluation foncière),https://donneesouvertes.affmunqc.net/role/RL58033_2026.xml,,,,
"946, Étienne-brûlé",,Boucherville,,,648.5,1990,296500,558900,855400,2025,Logement,MAMH — Données Québec (rôle d'évaluation foncière),https://donneesouvertes.affmunqc.net/role/RL58033_2026.xml,,,,
"669, Mortagne",,Boucherville,,,606.1,1997,286400,414500,700900,2025,Logement,MAMH — Données Québec (rôle d'évaluation foncière),https://donneesouvertes.affmunqc.net/role/RL58033_2026.xml,,,,
"660, Vikings",,Boucherville,,,781.7,1987,328100,589400,917500,2025,Logement,MAMH — Données Québec (rôle d'évaluation foncière),https://donneesouvertes.affmunqc.net/role/RL58033_2026.xml,,,,
"675, Mortagne",,Boucherville,,,781.9,1992,328100,420900,749000,2025,Logement,MAMH — Données Québec (rôle d'évaluation foncière),https://donneesouvertes.affmunqc.net/role/RL58033_2026.xml,,,,
"677, Mortagne",,Boucherville,,,650.4,1994,296900,464200,761100,2025,Logement,MAMH — Données Québec (rôle d'évaluation foncière),https://donneesouvertes.affmunqc.net/role/RL58033_2026.xml,,,,
"670, Mortagne",,Boucherville,,,827.8,1999,339000,565400,904400,2025,Logement,MAMH — Données Québec (rôle d'évaluation foncière),https://donneesouvertes.affmunqc.net/role/RL58033_2026.xml,,,,
"1082, Charcot",,Boucherville,,,101.16,2014,50600,1017900,1068500,2025,Logement,MAMH — Données Québec (rôle d'évaluation foncière),https://donneesouvertes.affmunqc.net/role/RL58033_2026.xml,,,,
"1055, Charcot",,Boucherville,,,262.68,2006,131300,364000,495300,2025,Logement,MAMH — Données Québec (rôle d'évaluation foncière),https://donneesouvertes.affmunqc.net/role/RL58033_2026.xml,,,,
"634, Jean-deslauriers",,Boucherville,,,403.53,2002,201800,375300,577100,2025,Logement,MAMH — Données Québec (rôle d'évaluation foncière),https://donneesouvertes.affmunqc.net/role/RL58033_2026.xml,,,,
"641, Jean-deslauriers",,Boucherville,,,466.5,2002,221600,661600,883200,2025,Logement,MAMH — Données Québec (rôle d'évaluation foncière),https://donneesouvertes.affmunqc.net/role/RL58033_2026.xml,,,,
"1032, Emma-lajeunesse",,Boucherville,,,576,2000,273600,658100,931700,2025,Logement,MAMH — Données Québec (rôle d'évaluation foncière),https://donneesouvertes.affmunqc.net/role/RL58033_2026.xml,,,,
"643, Jean-deslauriers",,Boucherville,,,466.5,2003,221600,713900,935500,2025,Logement,MAMH — Données Québec (rôle d'évaluation foncière),https://donneesouvertes.affmunqc.net/role/RL58033_2026.xml,,,,
"1034, Emma-lajeunesse",,Boucherville,,,640,2001,294500,500800,795300,2025,Logement,MAMH — Données Québec (rôle d'évaluation foncière),https://donneesouvertes.affmunqc.net/role/RL58033_2026.xml,,,,
"645, Jean-deslauriers",,Boucherville,,,466.5,2002,221600,597100,818700,2025,Logement,MAMH — Données Québec (rôle d'évaluation foncière),https://donneesouvertes.affmunqc.net/role/RL58033_2026.xml,,,,
"1036, Emma-lajeunesse",,Boucherville,,,576,2001,273600,555500,829100,2025,Logement,MAMH — Données Québec (rôle d'évaluation foncière),https://donneesouvertes.affmunqc.net/role/RL58033_2026.xml,,,,
"1038, Emma-lajeunesse",,Boucherville,,,639.3,2001,294300,840300,1134600,2025,Logement,MAMH — Données Québec (rôle d'évaluation foncière),https://donneesouvertes.affmunqc.net/role/RL58033_2026.xml,,,,
"1037, Emma-lajeunesse",,Boucherville,,,640,2003,294500,647000,941500,2025,Logement,MAMH — Données Québec (rôle d'évaluation foncière),https://donneesouvertes.affmunqc.net/role/RL58033_2026.xml,,,,
"1039, Emma-lajeunesse",,Boucherville,,,681.6,2002,304300,766700,1071000,2025,Logement,MAMH — Données Québec (rôle d'évaluation foncière),https://donneesouvertes.affmunqc.net/role/RL58033_2026.xml,,,,
"1025, Emma-lajeunesse",,Boucherville,,,640,2000,294500,642600,937100,2025,Logement,MAMH — Données Québec (rôle d'évaluation foncière),https://donneesouvertes.affmunqc.net/role/RL58033_2026.xml,,,,
"1027, Emma-lajeunesse",,Boucherville,,,640,2002,294500,614200,908700,2025,Logement,MAMH — Données Québec (rôle d'évaluation foncière),https://donneesouvertes.affmunqc.net/role/RL58033_2026.xml,,,,
"994, Roger-doucet",,Boucherville,,,480,2001,228000,549700,777700,2025,Logement,MAMH — Données Québec (rôle d'évaluation foncière),https://donneesouvertes.affmunqc.net/role/RL58033_2026.xml,,,,
"1029, Emma-lajeunesse",,Boucherville,,,576,2000,273600,643700,917300,2025,Logement,MAMH — Données Québec (rôle d'évaluation foncière),https://donneesouvertes.affmunqc.net/role/RL58033_2026.xml,,,,
"996, Roger-doucet",,Boucherville,,,450,2001,213800,506600,720400,2025,Logement,MAMH — Données Québec (rôle d'évaluation foncière),https://donneesouvertes.affmunqc.net/role/RL58033_2026.xml,,,,
"998, Roger-doucet",,Boucherville,,,450,2001,213800,610200,824000,2025,Logement,MAMH — Données Québec (rôle d'évaluation foncière),https://donneesouvertes.affmunqc.net/role/RL58033_2026.xml,,,,
"1031, Emma-lajeunesse",,Boucherville,,,640,2002,294500,757800,1052300,2025,Logement,MAMH — Données Québec (rôle d'évaluation foncière),https://donneesouvertes.affmunqc.net/role/RL58033_2026.xml,,,,
"1000, Roger-doucet",,Boucherville,,,450,2000,213800,556900,770700,2025,Logement,MAMH — Données Québec (rôle d'évaluation foncière),https://donneesouvertes.affmunqc.net/role/RL58033_2026.xml,,,,
"1035, Emma-lajeunesse",,Boucherville,,,640,2002,294500,665100,959600,2025,Logement,MAMH — Données Québec (rôle d'évaluation foncière),https://donneesouvertes.affmunqc.net/role/RL58033_2026.xml,,,,
"1004, Roger-doucet",,Boucherville,,,450,2000,213800,518100,731900,2025,Logement,MAMH — Données Québec (rôle d'évaluation foncière),https://donneesouvertes.affmunqc.net/role/RL58033_2026.xml,,,,
"1006, Roger-doucet",,Boucherville,,,450,2000,213800,488700,702500,2025,Logement,MAMH — Données Québec (rôle d'évaluation foncière),https://donneesouvertes.affmunqc.net/role/RL58033_2026.xml,,,,
"1008, Roger-doucet",,Boucherville,,,510,2001,242300,660300,902600,2025,Logement,MAMH — Données Québec (rôle d'évaluation foncière),https://donneesouvertes.affmunqc.net/role/RL58033_2026.xml,,,,
"1013, Roger-doucet",,Boucherville,,,240.1,2000,114000,284500,398500,2025,Logement,MAMH — Données Québec (rôle d'évaluation foncière),https://donneesouvertes.affmunqc.net/role/RL58033_2026.xml,,,,
"1015, Roger-doucet",,Boucherville,,,240.1,2000,114000,284700,398700,2025,Logement,MAMH — Données Québec (rôle d'évaluation foncière),https://donneesouvertes.affmunqc.net/role/RL58033_2026.xml,,,,
"1017, Roger-doucet",,Boucherville,,,240.1,2000,114000,364100,478100,2025,Logement,MAMH — Données Québec (rôle d'évaluation foncière),https://donneesouvertes.affmunqc.net/role/RL58033_2026.xml,,,,
"1010, Roger-doucet",,Boucherville,,,540,2001,256500,621400,877900,2025,Logement,MAMH — Données Québec (rôle d'évaluation foncière),https://donneesouvertes.affmunqc.net/role/RL58033_2026.xml,,,,
"988, Roger-doucet",,Boucherville,,,360,2000,171000,470900,641900,2025,Logement,MAMH — Données Québec (rôle d'évaluation foncière),https://donneesouvertes.affmunqc.net/role/RL58033_2026.xml,,,,
"977, Roger-doucet",,Boucherville,,,218.4,1998,103700,306700,410400,2025,Logement,MAMH — Données Québec (rôle d'évaluation foncière),https://donneesouvertes.affmunqc.net/role/RL58033_2026.xml,,,,
"979, Roger-doucet",,Boucherville,,,218.4,1998,103700,349800,453500,2025,Logement,MAMH — Données Québec (rôle d'évaluation foncière),https://donneesouvertes.affmunqc.net/role/RL58033_2026.xml,,,,
"981, Roger-doucet",,Boucherville,,,218.4,1998,103700,300900,404600,2025,Logement,MAMH — Données Québec (rôle d'évaluation foncière),https://donneesouvertes.affmunqc.net/role/RL58033_2026.xml,,,,
"990, Roger-doucet",,Boucherville,,,510,1999,242300,661800,904100,2025,Logement,MAMH — Données Québec (rôle d'évaluation foncière),https://donneesouvertes.affmunqc.net/role/RL58033_2026.xml,,,,
"983, Roger-doucet",,Boucherville,,,216.2,1998,102700,278900,381600,2025,Logement,MAMH — Données Québec (rôle d'évaluation foncière),https://donneesouvertes.affmunqc.net/role/RL58033_2026.xml,,,,
"985, Roger-doucet",,Boucherville,,,216.2,1999,102700,312500,415200,2025,Logement,MAMH — Données Québec (rôle d'évaluation foncière),https://donneesouvertes.affmunqc.net/role/RL58033_2026.xml,,,,
"987, Roger-doucet",,Boucherville,,,216.2,1998,102700,315300,418000,2025,Logement,MAMH — Données Québec (rôle d'évaluation foncière),https://donneesouvertes.affmunqc.net/role/RL58033_2026.xml,,,,
"976, Achille-fortier",,Boucherville,,,216.2,1998,102700,270300,373000,2025,Logement,MAMH — Données Québec (rôle d'évaluation foncière),https://donneesouvertes.affmunqc.net/role/RL58033_2026.xml,,,,
"978, Achille-fortier",,Boucherville,,,216.2,1998,102700,392100,494800,2025,Logement,MAMH — Données Québec (rôle d'évaluation foncière),https://donneesouvertes.affmunqc.net/role/RL58033_2026.xml,,,,
"980, Achille-fortier",,Boucherville,,,216.2,1998,102700,345400,448100,2025,Logement,MAMH — Données Québec (rôle d'évaluation foncière),https://donneesouvertes.affmunqc.net/role/RL58033_2026.xml,,,,
"989, Roger-doucet",,Boucherville,,,218.4,1999,103700,262000,365700,2025,Logement,MAMH — Données Québec (rôle d'évaluation foncière),https://donneesouvertes.affmunqc.net/role/RL58033_2026.xml,,,,
"991, Roger-doucet",,Boucherville,,,218.4,1999,103700,354500,458200,2025,Logement,MAMH — Données Québec (rôle d'évaluation foncière),https://donneesouvertes.affmunqc.net/role/RL58033_2026.xml,,,,
"993, Roger-doucet",,Boucherville,,,218.4,1998,103700,344800,448500,2025,Logement,MAMH — Données Québec (rôle d'évaluation foncière),https://donneesouvertes.affmunqc.net/role/RL58033_2026.xml,,,,
"982, Achille-fortier",,Boucherville,,,218.4,1998,103700,255100,358800,2025,Logement,MAMH — Données Québec (rôle d'évaluation foncière),https://donneesouvertes.affmunqc.net/role/RL58033_2026.xml,,,,
"984, Achille-fortier",,Boucherville,,,218.4,1998,103700,357400,461100,2025,Logement,MAMH — Données Québec (rôle d'évaluation foncière),https://donneesouvertes.affmunqc.net/role/RL58033_2026.xml,,,,
"986, Achille-fortier",,Boucherville,,,218.4,1999,103700,293300,397000,2025,Logement,MAMH — Données Québec (rôle d'évaluation foncière),https://donneesouvertes.affmunqc.net/role/RL58033_2026.xml,,,,
"997, Roger-doucet",,Boucherville,,,218.4,2000,103700,264200,367900,2025,Logement,MAMH — Données Québec (rôle d'évaluation foncière),https://donneesouvertes.affmunqc.net/role/RL58033_2026.xml,,,,
"999, Roger-doucet",,Boucherville,,,218.4,1999,103700,299600,403300,2025,Logement,MAMH — Données Québec (rôle d'évaluation foncière),https://donneesouvertes.affmunqc.net/role/RL58033_2026.xml,,,,
"1001, Roger-doucet",,Boucherville,,,218.4,1999,103700,334500,438200,2025,Logement,MAMH — Données Québec (rôle d'évaluation foncière),https://donneesouvertes.affmunqc.net/role/RL58033_2026.xml,,,,
"988, Achille-fortier",,Boucherville,,,218.4,2000,103700,249700,353400,2025,Logement,MAMH — Données Québec (rôle d'évaluation foncière),https://donneesouvertes.affmunqc.net/role/RL58033_2026.xml,,,,
"990, Achille-fortier",,Boucherville,,,218.4,1999,103700,361300,465000,2025,Logement,MAMH — Données Québec (rôle d'évaluation foncière),https://donneesouvertes.affmunqc.net/role/RL58033_2026.xml,,,,
"992, Achille-fortier",,Boucherville,,,218.4,1999,103700,368700,472400,2025,Logement,MAMH — Données Québec (rôle d'évaluation foncière),https://donneesouvertes.affmunqc.net/role/RL58033_2026.xml,,,,
"1005, Roger-doucet",,Boucherville,,,218.4,2000,103700,294000,397700,2025,Logement,MAMH — Données Québec (rôle d'évaluation foncière),https://donneesouvertes.affmunqc.net/role/RL58033_2026.xml,,,,
"1007, Roger-doucet",,Boucherville,,,218.4,2000,103700,294000,397700,2025,Logement,MAMH — Données Québec (rôle d'évaluation foncière),https://donneesouvertes.affmunqc.net/role/RL58033_2026.xml,,,,
"1009, Roger-doucet",,Boucherville,,,218.4,2000,103700,292500,396200,2025,Logement,MAMH — Données Québec (rôle d'évaluation foncière),https://donneesouvertes.affmunqc.net/role/RL58033_2026.xml,,,,
"996, Achille-fortier",,Boucherville,,,218.4,2000,103700,294900,398600,2025,Logement,MAMH — Données Québec (rôle d'évaluation foncière),https://donneesouvertes.affmunqc.net/role/RL58033_2026.xml,,,,
"998, Achille-fortier",,Boucherville,,,218.4,1999,103700,356700,460400,2025,Logement,MAMH — Données Québec (rôle d'évaluation foncière),https://donneesouvertes.affmunqc.net/role/RL58033_2026.xml,,,,
"1000, Achille-fortier",,Boucherville,,,218.4,1999,103700,342200,445900,2025,Logement,MAMH — Données Québec (rôle d'évaluation foncière),https://donneesouvertes.affmunqc.net/role/RL58033_2026.xml,,,,
"991, Achille-fortier",,Boucherville,,,388,1999,184300,568400,752700,2025,Logement,MAMH — Données Québec (rôle d'évaluation foncière),https://donneesouvertes.affmunqc.net/role/RL58033_2026.xml,,,,
"1004, Achille-fortier",,Boucherville,,,218.4,2000,103700,287000,390700,2025,Logement,MAMH — Données Québec (rôle d'évaluation foncière),https://donneesouvertes.affmunqc.net/role/RL58033_2026.xml,,,,
"1006, Achille-fortier",,Boucherville,,,218.4,2000,103700,360200,463900,2025,Logement,MAMH — Données Québec (rôle d'évaluation foncière),https://donneesouvertes.affmunqc.net/role/RL58033_2026.xml,,,,
"1008, Achille-fortier",,Boucherville,,,218.4,2000,103700,354400,458100,2025,Logement,MAMH — Données Québec (rôle d'évaluation foncière),https://donneesouvertes.affmunqc.net/role/RL58033_2026.xml,,,,
"970, Achille-fortier",,Boucherville,,,240.1,1998,114000,418400,532400,2025,Logement,MAMH — Données Québec (rôle d'évaluation foncière),https://donneesouvertes.affmunqc.net/role/RL58033_2026.xml,,,,
"972, Achille-fortier",,Boucherville,,,240.1,1998,114000,381000,495000,2025,Logement,MAMH — Données Québec (rôle d'évaluation foncière),https://donneesouvertes.affmunqc.net/role/RL58033_2026.xml,,,,
"974, Achille-fortier",,Boucherville,,,240.1,1998,114000,279900,393900,2025,Logement,MAMH — Données Québec (rôle d'évaluation foncière),https://donneesouvertes.affmunqc.net/role/RL58033_2026.xml,,,,
"969, Achille-fortier",,Boucherville,,,834.2,1997,340500,640100,980600,2025,Logement,MAMH — Données Québec (rôle d'évaluation foncière),https://donneesouvertes.affmunqc.net/role/RL58033_2026.xml,,,,
"971, Achille-fortier",,Boucherville,,,597.5,1998,283800,410500,694300,2025,Logement,MAMH — Données Québec (rôle d'évaluation foncière),https://donneesouvertes.affmunqc.net/role/RL58033_2026.xml,,,,
"973, Achille-fortier",,Boucherville,,,401.6,1998,190800,518000,708800,2025,Logement,MAMH — Données Québec (rôle d'évaluation foncière),https://donneesouvertes.affmunqc.net/role/RL58033_2026.xml,,,,
"990, Auguste-descarries",,Boucherville,,,847.9,1997,343800,601200,945000,2025,Logement,MAMH — Données Québec (rôle d'évaluation foncière),https://donneesouvertes.affmunqc.net/role/RL58033_2026.xml,,,,
"975, Achille-fortier",,Boucherville,,,450,2000,213800,454100,667900,2025,Logement,MAMH — Données Québec (rôle d'évaluation foncière),https://donneesouvertes.affmunqc.net/role/RL58033_2026.xml,,,,
"996, Auguste-descarries",,Boucherville,,,600,,142500,,142500,2025,Immeuble commercial,MAMH — Données Québec (rôle d'évaluation foncière),https://donneesouvertes.affmunqc.net/role/RL58033_2026.xml,,,,
"992, Auguste-descarries",,Boucherville,,,613.7,1997,288200,772000,1060200,2025,Logement,MAMH — Données Québec (rôle d'évaluation foncière),https://donneesouvertes.affmunqc.net/role/RL58033_2026.xml,,,,
"979, Achille-fortier",,Boucherville,,,360,2000,171000,542500,713500,2025,Logement,MAMH — Données Québec (rôle d'évaluation foncière),https://donneesouvertes.affmunqc.net/role/RL58033_2026.xml,,,,
"981, Achille-fortier",,Boucherville,,,360,2000,171000,536600,707600,2025,Logement,MAMH — Données Québec (rôle d'évaluation foncière),https://donneesouvertes.affmunqc.net/role/RL58033_2026.xml,,,,
"1000, Auguste-descarries",,Boucherville,,,450,2000,213800,433300,647100,2025,Logement,MAMH — Données Québec (rôle d'évaluation foncière),https://donneesouvertes.affmunqc.net/role/RL58033_2026.xml,,,,
"985, Achille-fortier",,Boucherville,,,422,2001,200500,534400,734900,2025,Logement,MAMH — Données Québec (rôle d'évaluation foncière),https://donneesouvertes.affmunqc.net/role/RL58033_2026.xml,,,,
"1002, Auguste-descarries",,Boucherville,,,450,1997,213800,596000,809800,2025,Logement,MAMH — Données Québec (rôle d'évaluation foncière),https://donneesouvertes.affmunqc.net/role/RL58033_2026.xml,,,,
"985, Auguste-descarries",,Boucherville,,,514.3,1997,244300,433000,677300,2025,Logement,MAMH — Données Québec (rôle d'évaluation foncière),https://donneesouvertes.affmunqc.net/role/RL58033_2026.xml,,,,
"676, Mortagne",,Boucherville,,,799.1,2001,332200,885100,1217300,2025,Logement,MAMH — Données Québec (rôle d'évaluation foncière),https://donneesouvertes.affmunqc.net/role/RL58033_2026.xml,,,,
"678, Mortagne",,Boucherville,,,947.4,1996,367300,542000,909300,2025,Logement,MAMH — Données Québec (rôle d'évaluation foncière),https://donneesouvertes.affmunqc.net/role/RL58033_2026.xml,,,,
"682, Mortagne",,Boucherville,,,620.3,1997,289800,554700,844500,2025,Logement,MAMH — Données Québec (rôle d'évaluation foncière),https://donneesouvertes.affmunqc.net/role/RL58033_2026.xml,,,,
"988, Auguste-descarries",,Boucherville,,,768.5,1997,324900,571300,896200,2025,Logement,MAMH — Données Québec (rôle d'évaluation foncière),https://donneesouvertes.affmunqc.net/role/RL58033_2026.xml,,,,
"684, Mortagne",,Boucherville,,,430.7,1997,204600,603400,808000,2025,Logement,MAMH — Données Québec (rôle d'évaluation foncière),https://donneesouvertes.affmunqc.net/role/RL58033_2026.xml,,,,
"686, Mortagne",,Boucherville,,,427.5,1998,203100,588300,791400,2025,Logement,MAMH — Données Québec (rôle d'évaluation foncière),https://donneesouvertes.affmunqc.net/role/RL58033_2026.xml,,,,
"986, Auguste-descarries",,Boucherville,,,549.8,1998,261200,546700,807900,2025,Logement,MAMH — Données Québec (rôle d'évaluation foncière),https://donneesouvertes.affmunqc.net/role/RL58033_2026.xml,,,,
"688, Mortagne",,Boucherville,,,424.2,1998,201500,577200,778700,2025,Logement,MAMH — Données Québec (rôle d'évaluation foncière),https://donneesouvertes.affmunqc.net/role/RL58033_2026.xml,,,,
"984, Auguste-descarries",,Boucherville,,,435,1997,206600,552900,759500,2025,Logement,MAMH — Données Québec (rôle d'évaluation foncière),https://donneesouvertes.affmunqc.net/role/RL58033_2026.xml,,,,
"690, Mortagne",,Boucherville,,,563.4,2001,267600,581300,848900,2025,Logement,MAMH — Données Québec (rôle d'évaluation foncière),https://donneesouvertes.affmunqc.net/role/RL58033_2026.xml,,,,
"980, Auguste-descarries",,Boucherville,,,348,1998,165300,574000,739300,2025,Logement,MAMH — Données Québec (rôle d'évaluation foncière),https://donneesouvertes.affmunqc.net/role/RL58033_2026.xml,,,,
"1065, Charcot",,Boucherville,,,294.85,2008,147400,367600,515000,2025,Logement,MAMH — Données Québec (rôle d'évaluation foncière),https://donneesouvertes.affmunqc.net/role/RL58033_2026.xml,,,,
"635, Paul-doyon",,Boucherville,,,435.45,2007,217700,476200,693900,2025,Logement,MAMH — Données Québec (rôle d'évaluation foncière),https://donneesouvertes.affmunqc.net/role/RL58033_2026.xml,,,,
"654, Jean-deslauriers",,Boucherville,,,413.9,2001,207000,392400,599400,2025,Logement,MAMH — Données Québec (rôle d'évaluation foncière),https://donneesouvertes.affmunqc.net/role/RL58033_2026.xml,,,,
"1014, Roger-doucet",,Boucherville,,,652.3,2001,297400,499300,796700,2025,Logement,MAMH — Données Québec (rôle d'évaluation foncière),https://donneesouvertes.affmunqc.net/role/RL58033_2026.xml,,,,
"1027, Achille-fortier",,Boucherville,,,532.3,2000,252800,570400,823200,2025,Logement,MAMH — Données Québec (rôle d'évaluation foncière),https://donneesouvertes.affmunqc.net/role/RL58033_2026.xml,,,,
"1025, Achille-fortier",,Boucherville,,,460.8,2000,218900,554800,773700,2025,Logement,MAMH — Données Québec (rôle d'évaluation foncière),https://donneesouvertes.affmunqc.net/role/RL58033_2026.xml,,,,
"657, Jean-deslauriers",,Boucherville,,,609.7,2001,287300,699700,987000,2025,Logement,MAMH — Données Québec (rôle d'évaluation foncière),https://donneesouvertes.affmunqc.net/role/RL58033_2026.xml,,,,
"1021, Achille-fortier",,Boucherville,,,460.8,2001,218900,584100,803000,2025,Logement,MAMH — Données Québec (rôle d'évaluation foncière),https://donneesouvertes.affmunqc.net/role/RL58033_2026.xml,,,,
"659, Jean-deslauriers",,Boucherville,,,541.8,2001,257400,502100,759500,2025,Logement,MAMH — Données Québec (rôle d'évaluation foncière),https://donneesouvertes.affmunqc.net/role/RL58033_2026.xml,,,,
"1019, Achille-fortier",,Boucherville,,,663.5,2000,300100,680200,980300,2025,Logement,MAMH — Données Québec (rôle d'évaluation foncière),https://donneesouvertes.affmunqc.net/role/RL58033_2026.xml,,,,
"661, Jean-deslauriers",,Boucherville,,,541.8,2001,257400,699100,956500,2025,Logement,MAMH — Données Québec (rôle d'évaluation foncière),https://donneesouvertes.affmunqc.net/role/RL58033_2026.xml,,,,
"663, Jean-deslauriers",,Boucherville,,,552,2001,262200,968200,1230400,2025,Logement,MAMH — Données Québec (rôle d'évaluation foncière),https://donneesouvertes.affmunqc.net/role/RL58033_2026.xml,,,,
"667, Jean-deslauriers",,Boucherville,,,730.1,2001,315800,676300,992100,2025,Logement,MAMH — Données Québec (rôle d'évaluation foncière),https://donneesouvertes.affmunqc.net/role/RL58033_2026.xml,,,,
"995, Achille-fortier",,Boucherville,,,360,1999,171000,553100,724100,2025,Logement,MAMH — Données Québec (rôle d'évaluation foncière),https://donneesouvertes.affmunqc.net/role/RL58033_2026.xml,,,,
"1012, Achille-fortier",,Boucherville,,,248,2000,117800,289500,407300,2025,Logement,MAMH — Données Québec (rôle d'évaluation foncière),https://donneesouvertes.affmunqc.net/role/RL58033_2026.xml,,,,
"1014, Achille-fortier",,Boucherville,,,248,2000,117800,389900,507700,2025,Logement,MAMH — Données Québec (rôle d'évaluation foncière),https://donneesouvertes.affmunqc.net/role/RL58033_2026.xml,,,,
"1016, Achille-fortier",,Boucherville,,,248,2000,117800,398000,515800,2025,Logement,MAMH — Données Québec (rôle d'évaluation foncière),https://donneesouvertes.affmunqc.net/role/RL58033_2026.xml,,,,
"999, Achille-fortier",,Boucherville,,,460.8,2001,218900,599800,818700,2025,Logement,MAMH — Données Québec (rôle d'évaluation foncière),https://donneesouvertes.affmunqc.net/role/RL58033_2026.xml,,,,
"1003, Achille-fortier",,Boucherville,,,460.8,2001,218900,579000,797900,2025,Logement,MAMH — Données Québec (rôle d'évaluation foncière),https://donneesouvertes.affmunqc.net/role/RL58033_2026.xml,,,,
"1007, Achille-fortier",,Boucherville,,,460.8,2001,218900,556600,775500,2025,Logement,MAMH — Données Québec (rôle d'évaluation foncière),https://donneesouvertes.affmunqc.net/role/RL58033_2026.xml,,,,
"1016, Auguste-descarries",,Boucherville,,,450,1998,213800,593300,807100,2025,Logement,MAMH — Données Québec (rôle d'évaluation foncière),https://donneesouvertes.affmunqc.net/role/RL58033_2026.xml,,,,
"1011, Achille-fortier",,Boucherville,,,460.8,2001,218900,539400,758300,2025,Logement,MAMH — Données Québec (rôle d'évaluation foncière),https://donneesouvertes.affmunqc.net/role/RL58033_2026.xml,,,,
"1018, Auguste-descarries",,Boucherville,,,450,1998,213800,545000,758800,2025,Logement,MAMH — Données Québec (rôle d'évaluation foncière),https://donneesouvertes.affmunqc.net/role/RL58033_2026.xml,,,,
"1015, Achille-fortier",,Boucherville,,,643.3,2000,295300,646500,941800,2025,Logement,MAMH — Données Québec (rôle d'évaluation foncière),https://donneesouvertes.affmunqc.net/role/RL58033_2026.xml,,,,
"1020, Auguste-descarries",,Boucherville,,,450,1999,213800,521400,735200,2025,Logement,MAMH — Données Québec (rôle d'évaluation foncière),https://donneesouvertes.affmunqc.net/role/RL58033_2026.xml,,,,
"1017, Achille-fortier",,Boucherville,,,1000.9,2000,380000,652200,1032200,2025,Logement,MAMH — Données Québec (rôle d'évaluation foncière),https://donneesouvertes.affmunqc.net/role/RL58033_2026.xml,,,,
"1024, Auguste-descarries",,Boucherville,,,540,2000,256500,535000,791500,2025,Logement,MAMH — Données Québec (rôle d'évaluation foncière),https://donneesouvertes.affmunqc.net/role/RL58033_2026.xml,,,,
"1026, Auguste-descarries",,Boucherville,,,664.4,1997,300300,887000,1187300,2025,Logement,MAMH — Données Québec (rôle d'évaluation foncière),https://donneesouvertes.affmunqc.net/role/RL58033_2026.xml,,,,
"1019, Auguste-descarries",,Boucherville,,,510,2000,242300,444900,687200,2025,Logement,MAMH — Données Québec (rôle d'évaluation foncière),https://donneesouvertes.affmunqc.net/role/RL58033_2026.xml,,,,
"1028, Auguste-descarries",,Boucherville,,,735.6,1997,317100,532500,849600,2025,Logement,MAMH — Données Québec (rôle d'évaluation foncière),https://donneesouvertes.affmunqc.net/role/RL58033_2026.xml,,,,
"1006, Auguste-descarries",,Boucherville,,,540,1997,256500,556200,812700,2025,Logement,MAMH — Données Québec (rôle d'évaluation foncière),https://donneesouvertes.affmunqc.net/role/RL58033_2026.xml,,,,
"983, Auguste-descarries",,Boucherville,,,348,1997,165300,460200,625500,2025,Logement,MAMH — Données Québec (rôle d'évaluation foncière),https://donneesouvertes.affmunqc.net/role/RL58033_2026.xml,,,,
"1008, Auguste-descarries",,Boucherville,,,540,1997,256500,588800,845300,2025,Logement,MAMH — Données Québec (rôle d'évaluation foncière),https://donneesouvertes.affmunqc.net/role/RL58033_2026.xml,,,,
"1001, Auguste-descarries",,Boucherville,,,381.9,1997,181400,471800,653200,2025,Logement,MAMH — Données Québec (rôle d'évaluation foncière),https://donneesouvertes.affmunqc.net/role/RL58033_2026.xml,,,,
"1010, Auguste-descarries",,Boucherville,,,540,1997,256500,495900,752400,2025,Logement,MAMH — Données Québec (rôle d'évaluation foncière),https://donneesouvertes.affmunqc.net/role/RL58033_2026.xml,,,,
"1003, Auguste-descarries",,Boucherville,,,360,1998,171000,490200,661200,2025,Logement,MAMH — Données Québec (rôle d'évaluation foncière),https://donneesouvertes.affmunqc.net/role/RL58033_2026.xml,,,,
"1005, Auguste-descarries",,Boucherville,,,450,2002,213800,581000,794800,2025,Logement,MAMH — Données Québec (rôle d'évaluation foncière),https://donneesouvertes.affmunqc.net/role/RL58033_2026.xml,,,,
"1002, Léon-ringuet",,Boucherville,,,381.9,1997,181400,494000,675400,2025,Logement,MAMH — Données Québec (rôle d'évaluation foncière),https://donneesouvertes.affmunqc.net/role/RL58033_2026.xml,,,,
"1009, Auguste-descarries",,Boucherville,,,450,2001,213800,616600,830400,2025,Logement,MAMH — Données Québec (rôle d'évaluation foncière),https://donneesouvertes.affmunqc.net/role/RL58033_2026.xml,,,,
"1004, Léon-ringuet",,Boucherville,,,360,1997,171000,474400,645400,2025,Logement,MAMH — Données Québec (rôle d'évaluation foncière),https://donneesouvertes.affmunqc.net/role/RL58033_2026.xml,,,,
"1011, Auguste-descarries",,Boucherville,,,540,1999,256500,527400,783900,2025,Logement,MAMH — Données Québec (rôle d'évaluation foncière),https://donneesouvertes.affmunqc.net/role/RL58033_2026.xml,,,,
"1006, Léon-ringuet",,Boucherville,,,450,1997,213800,535100,748900,2025,Logement,MAMH — Données Québec (rôle d'évaluation foncière),https://donneesouvertes.affmunqc.net/role/RL58033_2026.xml,,,,
"1008, Léon-ringuet",,Boucherville,,,450,1997,213800,551900,765700,2025,Logement,MAMH — Données Québec (rôle d'évaluation foncière),https://donneesouvertes.affmunqc.net/role/RL58033_2026.xml,,,,
"1015, Auguste-descarries",,Boucherville,,,540,1998,256500,696400,952900,2025,Logement,MAMH — Données Québec (rôle d'évaluation foncière),https://donneesouvertes.affmunqc.net/role/RL58033_2026.xml,,,,
"1010, Léon-ringuet",,Boucherville,,,540,1999,256500,528800,785300,2025,Logement,MAMH — Données Québec (rôle d'évaluation foncière),https://donneesouvertes.affmunqc.net/role/RL58033_2026.xml,,,,
"1017, Auguste-descarries",,Boucherville,,,480,1998,228000,544000,772000,2025,Logement,MAMH — Données Québec (rôle d'évaluation foncière),https://donneesouvertes.affmunqc.net/role/RL58033_2026.xml,,,,
"1014, Léon-ringuet",,Boucherville,,,540,1999,256500,433600,690100,2025,Logement,MAMH — Données Québec (rôle d'évaluation foncière),https://donneesouvertes.affmunqc.net/role/RL58033_2026.xml,,,,
"978, Auguste-descarries",,Boucherville,,,348,1998,165300,541400,706700,2025,Logement,MAMH — Données Québec (rôle d'évaluation foncière),https://donneesouvertes.affmunqc.net/role/RL58033_2026.xml,,,,
"692, Mortagne",,Boucherville,,,716.4,1998,312600,532300,844900,2025,Logement,MAMH — Données Québec (rôle d'évaluation foncière),https://donneesouvertes.affmunqc.net/role/RL58033_2026.xml,,,,
"976, Auguste-descarries",,Boucherville,,,461.9,1997,219400,579000,798400,2025,Logement,MAMH — Données Québec (rôle d'évaluation foncière),https://donneesouvertes.affmunqc.net/role/RL58033_2026.xml,,,,
"981, Auguste-descarries",,Boucherville,,,348,1997,165300,519500,684800,2025,Logement,MAMH — Données Québec (rôle d'évaluation foncière),https://donneesouvertes.affmunqc.net/role/RL58033_2026.xml,,,,
"972, Auguste-descarries",,Boucherville,,,435,2000,206600,647300,853900,2025,Logement,MAMH — Données Québec (rôle d'évaluation foncière),https://donneesouvertes.affmunqc.net/role/RL58033_2026.xml,,,,
"979, Auguste-descarries",,Boucherville,,,514.3,1998,244300,508800,753100,2025,Logement,MAMH — Données Québec (rôle d'évaluation foncière),https://donneesouvertes.affmunqc.net/role/RL58033_2026.xml,,,,
"970, Auguste-descarries",,Boucherville,,,529.6,1997,251600,534800,786400,2025,Logement,MAMH — Données Québec (rôle d'évaluation foncière),https://donneesouvertes.affmunqc.net/role/RL58033_2026.xml,,,,
"975, Auguste-descarries",,Boucherville,,,516.4,1997,245300,555500,800800,2025,Logement,MAMH — Données Québec (rôle d'évaluation foncière),https://donneesouvertes.affmunqc.net/role/RL58033_2026.xml,,,,
"971, Auguste-descarries",,Boucherville,,,501.4,1997,238200,519100,757300,2025,Logement,MAMH — Données Québec (rôle d'évaluation foncière),https://donneesouvertes.affmunqc.net/role/RL58033_2026.xml,,,,
"1001, Léon-ringuet",,Boucherville,,,485.6,1997,230700,512800,743500,2025,Logement,MAMH — Données Québec (rôle d'évaluation foncière),https://donneesouvertes.affmunqc.net/role/RL58033_2026.xml,,,,
"1010, Arthur-dumouchel",,Boucherville,,,934.5,1997,364300,1071800,1436100,2025,Logement,MAMH — Données Québec (rôle d'évaluation foncière),https://donneesouvertes.affmunqc.net/role/RL58033_2026.xml,,,,
"1005, Léon-ringuet",,Boucherville,,,481.7,1996,228800,633300,862100,2025,Logement,MAMH — Données Québec (rôle d'évaluation foncière),https://donneesouvertes.affmunqc.net/role/RL58033_2026.xml,,,,
"1007, Léon-ringuet",,Boucherville,,,477.9,1997,227000,463600,690600,2025,Logement,MAMH — Données Québec (rôle d'évaluation foncière),https://donneesouvertes.affmunqc.net/role/RL58033_2026.xml,,,,
"1014, Arthur-dumouchel",,Boucherville,,,757.8,1999,322400,884200,1206600,2025,Logement,MAMH — Données Québec (rôle d'évaluation foncière),https://donneesouvertes.affmunqc.net/role/RL58033_2026.xml,,,,
"1095, Charcot",,Boucherville,,,259.26,2010,129600,427000,556600,2025,Logement,MAMH — Données Québec (rôle d'évaluation foncière),https://donneesouvertes.affmunqc.net/role/RL58033_2026.xml,,,,
"640, Paul-doyon",,Boucherville,,,439.57,2008,219800,541100,760900,2025,Logement,MAMH — Données Québec (rôle d'évaluation foncière),https://donneesouvertes.affmunqc.net/role/RL58033_2026.xml,,,,
"655, Paul-doyon",,Boucherville,,,374.5,2003,187300,397600,584900,2025,Logement,MAMH — Données Québec (rôle d'évaluation foncière),https://donneesouvertes.affmunqc.net/role/RL58033_2026.xml,,,,
"669, Jean-deslauriers",,Boucherville,,,709.1,2001,310900,840300,1151200,2025,Logement,MAMH — Données Québec (rôle d'évaluation foncière),https://donneesouvertes.affmunqc.net/role/RL58033_2026.xml,,,,
"671, Jean-deslauriers",,Boucherville,,,517.5,2001,245800,749200,995000,2025,Logement,MAMH — Données Québec (rôle d'évaluation foncière),https://donneesouvertes.affmunqc.net/role/RL58033_2026.xml,,,,
"675, Jean-deslauriers",,Boucherville,,,517.5,2001,245800,589000,834800,2025,Logement,MAMH — Données Québec (rôle d'évaluation foncière),https://donneesouvertes.affmunqc.net/role/RL58033_2026.xml,,,,
"674, Jean-deslauriers",,Boucherville,,,501.5,2002,250800,345400,596200,2025,Logement,MAMH — Données Québec (rôle d'évaluation foncière),https://donneesouvertes.affmunqc.net/role/RL58033_2026.xml,,,,
"673, Dominique-ducharme",,Boucherville,,,683.3,2001,304700,601000,905700,2025,Logement,MAMH — Données Québec (rôle d'évaluation foncière),https://donneesouvertes.affmunqc.net/role/RL58033_2026.xml,,,,
"1025, Auguste-descarries",,Boucherville,,,515.8,2001,245000,602700,847700,2025,Logement,MAMH — Données Québec (rôle d'évaluation foncière),https://donneesouvertes.affmunqc.net/role/RL58033_2026.xml,,,,
"1030, Auguste-descarries",,Boucherville,,,531,1998,252200,548400,800600,2025,Logement,MAMH — Données Québec (rôle d'évaluation foncière),https://donneesouvertes.affmunqc.net/role/RL58033_2026.xml,,,,
"1027, Auguste-descarries",,Boucherville,,,646.3,1998,296000,617000,913000,2025,Logement,MAMH — Données Québec (rôle d'évaluation foncière),https://donneesouvertes.affmunqc.net/role/RL58033_2026.xml,,,,
"1034, Auguste-descarries",,Boucherville,,,517.5,1998,245800,427800,673600,2025,Logement,MAMH — Données Québec (rôle d'évaluation foncière),https://donneesouvertes.affmunqc.net/role/RL58033_2026.xml,,,,
"1031, Auguste-descarries",,Boucherville,,,517.5,2000,245800,546100,791900,2025,Logement,MAMH — Données Québec (rôle d'évaluation foncière),https://donneesouvertes.affmunqc.net/role/RL58033_2026.xml,,,,
"1036, Auguste-descarries",,Boucherville,,,517.5,1998,245800,480800,726600,2025,Logement,MAMH — Données Québec (rôle d'évaluation foncière),https://donneesouvertes.affmunqc.net/role/RL58033_2026.xml,,,,
"1035, Auguste-descarries",,Boucherville,,,517.5,2000,245800,494800,740600,2025,Logement,MAMH — Données Québec (rôle d'évaluation foncière),https://donneesouvertes.affmunqc.net/role/RL58033_2026.xml,,,,
"675, Dominique-ducharme",,Boucherville,,,618.9,2001,289500,642600,932100,2025,Logement,MAMH — Données Québec (rôle d'évaluation foncière),https://donneesouvertes.affmunqc.net/role/RL58033_2026.xml,,,,
"677, Dominique-ducharme",,Boucherville,,,683.3,2000,304700,699200,1003900,2025,Logement,MAMH — Données Québec (rôle d'évaluation foncière),https://donneesouvertes.affmunqc.net/role/RL58033_2026.xml,,,,
"681, Dominique-ducharme",,Boucherville,,,528.8,2000,251200,569200,820400,2025,Logement,MAMH — Données Québec (rôle d'évaluation foncière),https://donneesouvertes.affmunqc.net/role/RL58033_2026.xml,,,,
"683, Dominique-ducharme",,Boucherville,,,464,2000,220400,510000,730400,2025,Logement,MAMH — Données Québec (rôle d'évaluation foncière),https://donneesouvertes.affmunqc.net/role/RL58033_2026.xml,,,,
"685, Dominique-ducharme",,Boucherville,,,464,2001,220400,675600,896000,2025,Logement,MAMH — Données Québec (rôle d'évaluation foncière),https://donneesouvertes.affmunqc.net/role/RL58033_2026.xml,,,,
"1016, Léon-ringuet",,Boucherville,,,480,1997,228000,665600,893600,2025,Logement,MAMH — Données Québec (rôle d'évaluation foncière),https://donneesouvertes.affmunqc.net/role/RL58033_2026.xml,,,,
"1009, Léon-ringuet",,Boucherville,,,474,1999,225200,463100,688300,2025,Logement,MAMH — Données Québec (rôle d'évaluation foncière),https://donneesouvertes.affmunqc.net/role/RL58033_2026.xml,,,,
"1011, Léon-ringuet",,Boucherville,,,470.2,1999,223300,530800,754100,2025,Logement,MAMH — Données Québec (rôle d'évaluation foncière),https://donneesouvertes.affmunqc.net/role/RL58033_2026.xml,,,,
"1018, Léon-ringuet",,Boucherville,,,631.7,1997,292500,589900,882400,2025,Logement,MAMH — Données Québec (rôle d'évaluation foncière),https://donneesouvertes.affmunqc.net/role/RL58033_2026.xml,,,,
"1015, Léon-ringuet",,Boucherville,,,466.3,1998,221500,606200,827700,2025,Logement,MAMH — Données Québec (rôle d'évaluation foncière),https://donneesouvertes.affmunqc.net/role/RL58033_2026.xml,,,,
"1020, Léon-ringuet",,Boucherville,,,647.6,1997,296300,501400,797700,2025,Logement,MAMH — Données Québec (rôle d'évaluation foncière),https://donneesouvertes.affmunqc.net/role/RL58033_2026.xml,,,,
"1017, Léon-ringuet",,Boucherville,,,639.3,1998,294300,509300,803600,2025,Logement,MAMH — Données Québec (rôle d'évaluation foncière),https://donneesouvertes.affmunqc.net/role/RL58033_2026.xml,,,,
"1024, Léon-ringuet",,Boucherville,,,517.5,1998,245800,627900,873700,2025,Logement,MAMH — Données Québec (rôle d'évaluation foncière),https://donneesouvertes.affmunqc.net/role/RL58033_2026.xml,,,,
"1021, Léon-ringuet",,Boucherville,,,611.1,1998,287600,735500,1023100,2025,Logement,MAMH — Données Québec (rôle d'évaluation foncière),https://donneesouvertes.affmunqc.net/role/RL58033_2026.xml,,,,
"1024, Arthur-dumouchel",,Boucherville,,,701.1,1998,309000,824200,1133200,2025,Logement,MAMH — Données Québec (rôle d'évaluation foncière),https://donneesouvertes.affmunqc.net/role/RL58033_2026.xml,,,,
"687, Dominique-ducharme",,Boucherville,,,528.8,1998,251200,467600,718800,2025,Logement,MAMH — Données Québec (rôle d'évaluation foncière),https://donneesouvertes.affmunqc.net/role/RL58033_2026.xml,,,,
"691, Dominique-ducharme",,Boucherville,,,646,1999,295900,693700,989600,2025,Logement,MAMH — Données Québec (rôle d'évaluation foncière),https://donneesouvertes.affmunqc.net/role/RL58033_2026.xml,,,,
"693, Dominique-ducharme",,Boucherville,,,531.4,1999,252400,540000,792400,2025,Logement,MAMH — Données Québec (rôle d'évaluation foncière),https://donneesouvertes.affmunqc.net/role/RL58033_2026.xml,,,,
"1026, Arthur-dumouchel",,Boucherville,,,653.8,1999,297800,902600,1200400,2025,Logement,MAMH — Données Québec (rôle d'évaluation foncière),https://donneesouvertes.affmunqc.net/role/RL58033_2026.xml,,,,
"1016, Arthur-dumouchel",,Boucherville,,,767.1,1998,324600,859900,1184500,2025,Logement,MAMH — Données Québec (rôle d'évaluation foncière),https://donneesouvertes.affmunqc.net/role/RL58033_2026.xml,,,,
"1018, Arthur-dumouchel",,Boucherville,,,770,1999,325300,858800,1184100,2025,Logement,MAMH — Données Québec (rôle d'évaluation foncière),https://donneesouvertes.affmunqc.net/role/RL58033_2026.xml,,,,
"1020, Arthur-dumouchel",,Boucherville,,,787.4,1999,329400,886000,1215400,2025,Logement,MAMH — Données Québec (rôle d'évaluation foncière),https://donneesouvertes.affmunqc.net/role/RL58033_2026.xml,,,,
"794, Jean-deslauriers",,Boucherville,,,437.48,2012,218700,611100,829800,2025,Logement,MAMH — Données Québec (rôle d'évaluation foncière),https://donneesouvertes.affmunqc.net/role/RL58033_2026.xml,,,,
"675, Paul-doyon",,Boucherville,,,415.4,2003,207700,364600,572300,2025,Logement,MAMH — Données Québec (rôle d'évaluation foncière),https://donneesouvertes.affmunqc.net/role/RL58033_2026.xml,,,,
"694, Jean-deslauriers",,Boucherville,,,380.35,2003,190200,387600,577800,2025,Logement,MAMH — Données Québec (rôle d'évaluation foncière),https://donneesouvertes.affmunqc.net/role/RL58033_2026.xml,,,,
"670, Dominique-ducharme",,Boucherville,,,528.8,2001,251200,633400,884600,2025,Logement,MAMH — Données Québec (rôle d'évaluation foncière),https://donneesouvertes.affmunqc.net/role/RL58033_2026.xml,,,,
"672, Dominique-ducharme",,Boucherville,,,464,2001,220400,602100,822500,2025,Logement,MAMH — Données Québec (rôle d'évaluation foncière),https://donneesouvertes.affmunqc.net/role/RL58033_2026.xml,,,,
"681, Jean-deslauriers",,Boucherville,,,672.7,2004,302200,838600,1140800,2025,Logement,MAMH — Données Québec (rôle d'évaluation foncière),https://donneesouvertes.affmunqc.net/role/RL58033_2026.xml,,,,
"683, Jean-deslauriers",,Boucherville,,,875.2,2004,350200,661800,1012000,2025,Logement,MAMH — Données Québec (rôle d'évaluation foncière),https://donneesouvertes.affmunqc.net/role/RL58033_2026.xml,,,,
"685, Jean-deslauriers",,Boucherville,,,1123.4,,225000,,225000,2025,Immeuble commercial,MAMH — Données Québec (rôle d'évaluation foncière),https://donneesouvertes.affmunqc.net/role/RL58033_2026.xml,,,,
"687, Jean-deslauriers",,Boucherville,,,831.2,2005,339800,875000,1214800,2025,Logement,MAMH — Données Québec (rôle d'évaluation foncière),https://donneesouvertes.affmunqc.net/role/RL58033_2026.xml,,,,
"674, Dominique-ducharme",,Boucherville,,,464,2001,220400,522700,743100,2025,Logement,MAMH — Données Québec (rôle d'évaluation foncière),https://donneesouvertes.affmunqc.net/role/RL58033_2026.xml,,,,
"676, Dominique-ducharme",,Boucherville,,,528.8,2000,251200,712700,963900,2025,Logement,MAMH — Données Québec (rôle d'évaluation foncière),https://donneesouvertes.affmunqc.net/role/RL58033_2026.xml,,,,
"680, Dominique-ducharme",,Boucherville,,,528.8,2000,251200,649100,900300,2025,Logement,MAMH — Données Québec (rôle d'évaluation foncière),https://donneesouvertes.affmunqc.net/role/RL58033_2026.xml,,,,
"682, Dominique-ducharme",,Boucherville,,,464,2000,220400,523000,743400,2025,Logement,MAMH — Données Québec (rôle d'évaluation foncière),https://donneesouvertes.affmunqc.net/role/RL58033_2026.xml,,,,
"684, Dominique-ducharme",,Boucherville,,,464,2000,220400,474800,695200,2025,Logement,MAMH — Données Québec (rôle d'évaluation foncière),https://donneesouvertes.affmunqc.net/role/RL58033_2026.xml,,,,
"1040, Auguste-descarries",,Boucherville,,,586.5,2004,278600,680100,958700,2025,Logement,MAMH — Données Québec (rôle d'évaluation foncière),https://donneesouvertes.affmunqc.net/role/RL58033_2026.xml,,,,
"1041, Auguste-descarries",,Boucherville,,,655.6,2004,298200,804100,1102300,2025,Logement,MAMH — Données Québec (rôle d'évaluation foncière),https://donneesouvertes.affmunqc.net/role/RL58033_2026.xml,,,,
"1042, Auguste-descarries",,Boucherville,,,586.5,2003,278600,737200,1015800,2025,Logement,MAMH — Données Québec (rôle d'évaluation foncière),https://donneesouvertes.affmunqc.net/role/RL58033_2026.xml,,,,
"1043, Auguste-descarries",,Boucherville,,,655.6,2005,298200,842600,1140800,2025,Logement,MAMH — Données Québec (rôle d'évaluation foncière),https://donneesouvertes.affmunqc.net/role/RL58033_2026.xml,,,,
"1046, Auguste-descarries",,Boucherville,,,972.3,2005,373200,1151900,1525100,2025,Logement,MAMH — Données Québec (rôle d'évaluation foncière),https://donneesouvertes.affmunqc.net/role/RL58033_2026.xml,,,,
"1047, Auguste-descarries",,Boucherville,,,655.6,2004,298200,900400,1198600,2025,Logement,MAMH — Données Québec (rôle d'évaluation foncière),https://donneesouvertes.affmunqc.net/role/RL58033_2026.xml,,,,
"1049, Auguste-descarries",,Boucherville,,,689.3,2003,306200,741700,1047900,2025,Logement,MAMH — Données Québec (rôle d'évaluation foncière),https://donneesouvertes.affmunqc.net/role/RL58033_2026.xml,,,,
"1036, Léon-ringuet",,Boucherville,,,675.5,2002,302900,1037000,1339900,2025,Logement,MAMH — Données Québec (rôle d'évaluation foncière),https://donneesouvertes.affmunqc.net/role/RL58033_2026.xml,,,,
"686, Dominique-ducharme",,Boucherville,,,528.8,2000,251200,863200,1114400,2025,Logement,MAMH — Données Québec (rôle d'évaluation foncière),https://donneesouvertes.affmunqc.net/role/RL58033_2026.xml,,,,
"690, Dominique-ducharme",,Boucherville,,,646,2000,295900,882300,1178200,2025,Logement,MAMH — Données Québec (rôle d'évaluation foncière),https://donneesouvertes.affmunqc.net/role/RL58033_2026.xml,,,,
"692, Dominique-ducharme",,Boucherville,,,530.9,1999,252200,505000,757200,2025,Logement,MAMH — Données Québec (rôle d'évaluation foncière),https://donneesouvertes.affmunqc.net/role/RL58033_2026.xml,,,,
"1034, Arthur-dumouchel",,Boucherville,,,810.9,2000,335000,780400,1115400,2025,Logement,MAMH — Données Québec (rôle d'évaluation foncière),https://donneesouvertes.affmunqc.net/role/RL58033_2026.xml,,,,
"1030, Léon-ringuet",,Boucherville,,,675.5,2002,302900,932200,1235100,2025,Logement,MAMH — Données Québec (rôle d'évaluation foncière),https://donneesouvertes.affmunqc.net/role/RL58033_2026.xml,,,,
"1031, Léon-ringuet",,Boucherville,,,711.6,2004,311400,776500,1087900,2025,Logement,MAMH — Données Québec (rôle d'évaluation foncière),https://donneesouvertes.affmunqc.net/role/RL58033_2026.xml,,,,
"1036, Arthur-dumouchel",,Boucherville,,,859.7,2003,346500,1035300,1381800,2025,Logement,MAMH — Données Québec (rôle d'évaluation foncière),https://donneesouvertes.affmunqc.net/role/RL58033_2026.xml,,,,
"1032, Léon-ringuet",,Boucherville,,,675.5,2004,302900,989100,1292000,2025,Logement,MAMH — Données Québec (rôle d'évaluation foncière),https://donneesouvertes.affmunqc.net/role/RL58033_2026.xml,,,,
"1033, Léon-ringuet",,Boucherville,,,618,2004,289300,799200,1088500,2025,Logement,MAMH — Données Québec (rôle d'évaluation foncière),https://donneesouvertes.affmunqc.net/role/RL58033_2026.xml,,,,
"1035, Léon-ringuet",,Boucherville,,,772.6,2002,325900,882400,1208300,2025,Logement,MAMH — Données Québec (rôle d'évaluation foncière),https://donneesouvertes.affmunqc.net/role/RL58033_2026.xml,,,,
"1034, Léon-ringuet",,Boucherville,,,675.5,2004,302900,1084000,1386900,2025,Logement,MAMH — Données Québec (rôle d'évaluation foncière),https://donneesouvertes.affmunqc.net/role/RL58033_2026.xml,,,,
"1037, Léon-ringuet",,Boucherville,,,727.3,2003,315200,829000,1144200,2025,Logement,MAMH — Données Québec (rôle d'évaluation foncière),https://donneesouvertes.affmunqc.net/role/RL58033_2026.xml,,,,
"1038, Arthur-dumouchel",,Boucherville,,,744.3,2002,319200,973900,1293100,2025,Logement,MAMH — Données Québec (rôle d'évaluation foncière),https://donneesouvertes.affmunqc.net/role/RL58033_2026.xml,,,,
"1040, Arthur-dumouchel",,Boucherville,,,808.7,2004,334500,1027300,1361800,2025,Logement,MAMH — Données Québec (rôle d'évaluation foncière),https://donneesouvertes.affmunqc.net/role/RL58033_2026.xml,,,,
"781, Jean-deslauriers",,Boucherville,,,607.3,2006,286700,867400,1154100,2025,Logement,MAMH — Données Québec (rôle d'évaluation foncière),https://donneesouvertes.affmunqc.net/role/RL58033_2026.xml,,,,
"1100, Boisé",,Boucherville,,,570,2006,270800,915000,1185800,2025,Logement,MAMH — Données Québec (rôle d'évaluation foncière),https://donneesouvertes.affmunqc.net/role/RL58033_2026.xml,,,,
"660, Paul-doyon",,Boucherville,,,382.62,2004,191300,436900,628200,2025,Logement,MAMH — Données Québec (rôle d'évaluation foncière),https://donneesouvertes.affmunqc.net/role/RL58033_2026.xml,,,,
"680, Paul-doyon",,Boucherville,,,377.55,2004,188800,476200,665000,2025,Logement,MAMH — Données Québec (rôle d'évaluation foncière),https://donneesouvertes.affmunqc.net/role/RL58033_2026.xml,,,,
"704, Jean-deslauriers",,Boucherville,,,568.4,2003,284200,369500,653700,2025,Logement,MAMH — Données Québec (rôle d'évaluation foncière),https://donneesouvertes.affmunqc.net/role/RL58033_2026.xml,,,,
"703, Jean-deslauriers",,Boucherville,,,540,2003,256500,841000,1097500,2025,Logement,MAMH — Données Québec (rôle d'évaluation foncière),https://donneesouvertes.affmunqc.net/role/RL58033_2026.xml,,,,
"705, Jean-deslauriers",,Boucherville,,,510,2004,242300,628700,871000,2025,Logement,MAMH — Données Québec (rôle d'évaluation foncière),https://donneesouvertes.affmunqc.net/role/RL58033_2026.xml,,,,
"701, Paul-doyon",,Boucherville,,,558.4,2005,265200,856500,1121700,2025,Logement,MAMH — Données Québec (rôle d'évaluation foncière),https://donneesouvertes.affmunqc.net/role/RL58033_2026.xml,,,,
"691, Jean-deslauriers",,Boucherville,,,480,2004,228000,603700,831700,2025,Logement,MAMH — Données Québec (rôle d'évaluation foncière),https://donneesouvertes.affmunqc.net/role/RL58033_2026.xml,,,,
"693, Jean-deslauriers",,Boucherville,,,480,2004,228000,750800,978800,2025,Logement,MAMH — Données Québec (rôle d'évaluation foncière),https://donneesouvertes.affmunqc.net/role/RL58033_2026.xml,,,,
"1052, Auguste-descarries",,Boucherville,,,495,2003,235100,669900,905000,2025,Logement,MAMH — Données Québec (rôle d'évaluation foncière),https://donneesouvertes.affmunqc.net/role/RL58033_2026.xml,,,,
"695, Jean-deslauriers",,Boucherville,,,510,2003,242300,746100,988400,2025,Logement,MAMH — Données Québec (rôle d'évaluation foncière),https://donneesouvertes.affmunqc.net/role/RL58033_2026.xml,,,,
"1054, Auguste-descarries",,Boucherville,,,495,2003,235100,731200,966300,2025,Logement,MAMH — Données Québec (rôle d'évaluation foncière),https://donneesouvertes.affmunqc.net/role/RL58033_2026.xml,,,,
"697, Jean-deslauriers",,Boucherville,,,510,2004,242300,612900,855200,2025,Logement,MAMH — Données Québec (rôle d'évaluation foncière),https://donneesouvertes.affmunqc.net/role/RL58033_2026.xml,,,,
"1060, Auguste-descarries",,Boucherville,,,495,2003,235100,553300,788400,2025,Logement,MAMH — Données Québec (rôle d'évaluation foncière),https://donneesouvertes.affmunqc.net/role/RL58033_2026.xml,,,,
"701, Jean-deslauriers",,Boucherville,,,510,2004,242300,578600,820900,2025,Logement,MAMH — Données Québec (rôle d'évaluation foncière),https://donneesouvertes.affmunqc.net/role/RL58033_2026.xml,,,,
"1062, Auguste-descarries",,Boucherville,,,495,2003,235100,649000,884100,2025,Logement,MAMH — Données Québec (rôle d'évaluation foncière),https://donneesouvertes.affmunqc.net/role/RL58033_2026.xml,,,,
"1064, Auguste-descarries",,Boucherville,,,495,2004,235100,573400,808500,2025,Logement,MAMH — Données Québec (rôle d'évaluation foncière),https://donneesouvertes.affmunqc.net/role/RL58033_2026.xml,,,,
"710, Pierre-hétu",,Boucherville,,,555.4,2004,263800,934500,1198300,2025,Logement,MAMH — Données Québec (rôle d'évaluation foncière),https://donneesouvertes.affmunqc.net/role/RL58033_2026.xml,,,,
"1068, Auguste-descarries",,Boucherville,,,737.6,2003,317600,886400,1204000,2025,Logement,MAMH — Données Québec (rôle d'évaluation foncière),https://donneesouvertes.affmunqc.net/role/RL58033_2026.xml,,,,
"1075, Auguste-descarries",,Boucherville,,,555.4,2003,263800,766100,1029900,2025,Logement,MAMH — Données Québec (rôle d'évaluation foncière),https://donneesouvertes.affmunqc.net/role/RL58033_2026.xml,,,,
"1070, Auguste-descarries",,Boucherville,,,1081.6,2004,399100,937300,1336400,2025,Logement,MAMH — Données Québec (rôle d'évaluation foncière),https://donneesouvertes.affmunqc.net/role/RL58033_2026.xml,,,,
"1050, Auguste-descarries",,Boucherville,,,556.8,2003,264500,576300,840800,2025,Logement,MAMH — Données Québec (rôle d'évaluation foncière),https://donneesouvertes.affmunqc.net/role/RL58033_2026.xml,,,,
"1040, Léon-ringuet",,Boucherville,,,710,2003,311100,1068100,1379200,2025,Logement,MAMH — Données Québec (rôle d'évaluation foncière),https://donneesouvertes.affmunqc.net/role/RL58033_2026.xml,,,,
"1051, Auguste-descarries",,Boucherville,,,1004.1,2004,380800,1115800,1496600,2025,Logement,MAMH — Données Québec (rôle d'évaluation foncière),https://donneesouvertes.affmunqc.net/role/RL58033_2026.xml,,,,
"1042, Léon-ringuet",,Boucherville,,,935.4,2004,364500,924900,1289400,2025,Logement,MAMH — Données Québec (rôle d'évaluation foncière),https://donneesouvertes.affmunqc.net/role/RL58033_2026.xml,,,,
"711, Pierre-hétu",,Boucherville,,,736.7,2003,317400,693700,1011100,2025,Logement,MAMH — Données Québec (rôle d'évaluation foncière),https://donneesouvertes.affmunqc.net/role/RL58033_2026.xml,,,,
"713, Pierre-hétu",,Boucherville,,,640.2,2004,294500,767300,1061800,2025,Logement,MAMH — Données Québec (rôle d'évaluation foncière),https://donneesouvertes.affmunqc.net/role/RL58033_2026.xml,,,,
"717, Pierre-hétu",,Boucherville,,,640.2,2004,294500,732500,1027000,2025,Logement,MAMH — Données Québec (rôle d'évaluation foncière),https://donneesouvertes.affmunqc.net/role/RL58033_2026.xml,,,,
"712, Pierre-hétu",,Boucherville,,,456.1,2003,216600,695700,912300,2025,Logement,MAMH — Données Québec (rôle d'évaluation foncière),https://donneesouvertes.affmunqc.net/role/RL58033_2026.xml,,,,
"719, Pierre-hétu",,Boucherville,,,640.2,2004,294500,674000,968500,2025,Logement,MAMH — Données Québec (rôle d'évaluation foncière),https://donneesouvertes.affmunqc.net/role/RL58033_2026.xml,,,,
"716, Pierre-hétu",,Boucherville,,,477,2003,226600,624500,851100,2025,Logement,MAMH — Données Québec (rôle d'évaluation foncière),https://donneesouvertes.affmunqc.net/role/RL58033_2026.xml,,,,
"1041, Léon-ringuet",,Boucherville,,,922.7,2004,361500,716700,1078200,2025,Logement,MAMH — Données Québec (rôle d'évaluation foncière),https://donneesouvertes.affmunqc.net/role/RL58033_2026.xml,,,,
"1043, Léon-ringuet",,Boucherville,,,862,2003,347100,940800,1287900,2025,Logement,MAMH — Données Québec (rôle d'évaluation foncière),https://donneesouvertes.affmunqc.net/role/RL58033_2026.xml,,,,
"1045, Léon-ringuet",,Boucherville,,,520.8,2004,247400,781500,1028900,2025,Logement,MAMH — Données Québec (rôle d'évaluation foncière),https://donneesouvertes.affmunqc.net/role/RL58033_2026.xml,,,,
"1047, Léon-ringuet",,Boucherville,,,802.2,2004,332900,711100,1044000,2025,Logement,MAMH — Données Québec (rôle d'évaluation foncière),https://donneesouvertes.affmunqc.net/role/RL58033_2026.xml,,,,
"1044, Léon-ringuet",,Boucherville,,,784,2003,328600,735700,1064300,2025,Logement,MAMH — Données Québec (rôle d'évaluation foncière),https://donneesouvertes.affmunqc.net/role/RL58033_2026.xml,,,,
"1061, Léon-ringuet",,Boucherville,,,627.8,2002,291600,892500,1184100,2025,Logement,MAMH — Données Québec (rôle d'évaluation foncière),https://donneesouvertes.affmunqc.net/role/RL58033_2026.xml,,,,
"1046, Léon-ringuet",,Boucherville,,,594,2003,282200,806300,1088500,2025,Logement,MAMH — Données Québec (rôle d'évaluation foncière),https://donneesouvertes.affmunqc.net/role/RL58033_2026.xml,,,,
"1059, Léon-ringuet",,Boucherville,,,684.7,2003,305100,992200,1297300,2025,Logement,MAMH — Données Québec (rôle d'évaluation foncière),https://donneesouvertes.affmunqc.net/role/RL58033_2026.xml,,,,
"1050, Léon-ringuet",,Boucherville,,,594,2003,282200,685800,968000,2025,Logement,MAMH — Données Québec (rôle d'évaluation foncière),https://donneesouvertes.affmunqc.net/role/RL58033_2026.xml,,,,
"1053, Auguste-descarries",,Boucherville,,,3563.4,,569000,,569000,2025,Immeuble commercial,MAMH — Données Québec (rôle d'évaluation foncière),https://donneesouvertes.affmunqc.net/role/RL58033_2026.xml,,,,
"1044, Arthur-dumouchel",,Boucherville,,,1798.3,2003,463100,1695400,2158500,2025,Logement,MAMH — Données Québec (rôle d'évaluation foncière),https://donneesouvertes.affmunqc.net/role/RL58033_2026.xml,,,,
"1063, Léon-ringuet",,Boucherville,,,837.6,2002,341300,1026400,1367700,2025,Logement,MAMH — Données Québec (rôle d'évaluation foncière),https://donneesouvertes.affmunqc.net/role/RL58033_2026.xml,,,,
"1070, Léon-ringuet",,Boucherville,,,1112.7,2002,406500,1003300,1409800,2025,Logement,MAMH — Données Québec (rôle d'évaluation foncière),https://donneesouvertes.affmunqc.net/role/RL58033_2026.xml,,,,
"1064, Léon-ringuet",,Boucherville,,,1005,2002,381000,1023000,1404000,2025,Logement,MAMH — Données Québec (rôle d'évaluation foncière),https://donneesouvertes.affmunqc.net/role/RL58033_2026.xml,,,,
"1060, Léon-ringuet",,Boucherville,,,1340,2003,435600,1533600,1969200,2025,Logement,MAMH — Données Québec (rôle d'évaluation foncière),https://donneesouvertes.affmunqc.net/role/RL58033_2026.xml,,,,
"638, Baffin",,Boucherville,,,650.3,1976,296900,421800,718700,2025,Logement,MAMH — Données Québec (rôle d'évaluation foncière),https://donneesouvertes.affmunqc.net/role/RL58033_2026.xml,,,,
"894, Vancouver",,Boucherville,,,608.8,1976,287100,306700,593800,2025,Logement,MAMH — Données Québec (rôle d'évaluation foncière),https://donneesouvertes.affmunqc.net/role/RL58033_2026.xml,,,,
"896, Vancouver",,Boucherville,,,661.2,1976,299500,287500,587000,2025,Logement,MAMH — Données Québec (rôle d'évaluation foncière),https://donneesouvertes.affmunqc.net/role/RL58033_2026.xml,,,,
"892, Vancouver",,Boucherville,,,623.4,1975,290500,312500,603000,2025,Logement,MAMH — Données Québec (rôle d'évaluation foncière),https://donneesouvertes.affmunqc.net/role/RL58033_2026.xml,,,,
"898, Vancouver",,Boucherville,,,573.8,1976,272600,437900,710500,2025,Logement,MAMH — Données Québec (rôle d'évaluation foncière),https://donneesouvertes.affmunqc.net/role/RL58033_2026.xml,,,,
"900, Vancouver",,Boucherville,,,585.3,1976,278000,391700,669700,2025,Logement,MAMH — Données Québec (rôle d'évaluation foncière),https://donneesouvertes.affmunqc.net/role/RL58033_2026.xml,,,,
"895, Vancouver",,Boucherville,,,601.4,1976,285300,424900,710200,2025,Logement,MAMH — Données Québec (rôle d'évaluation foncière),https://donneesouvertes.affmunqc.net/role/RL58033_2026.xml,,,,
"897, Vancouver",,Boucherville,,,667.6,1976,301000,390700,691700,2025,Logement,MAMH — Données Québec (rôle d'évaluation foncière),https://donneesouvertes.affmunqc.net/role/RL58033_2026.xml,,,,
"640, Baffin",,Boucherville,,,555.3,1976,263800,261700,525500,2025,Logement,MAMH — Données Québec (rôle d'évaluation foncière),https://donneesouvertes.affmunqc.net/role/RL58033_2026.xml,,,,
"642, Baffin",,Boucherville,,,605.3,1976,286300,357600,643900,2025,Logement,MAMH — Données Québec (rôle d'évaluation foncière),https://donneesouvertes.affmunqc.net/role/RL58033_2026.xml,,,,
"880, Mackenzie",,Boucherville,,,642.3,1976,295000,416500,711500,2025,Logement,MAMH — Données Québec (rôle d'évaluation foncière),https://donneesouvertes.affmunqc.net/role/RL58033_2026.xml,,,,
"644, Baffin",,Boucherville,,,552.6,1976,262500,254500,517000,2025,Logement,MAMH — Données Québec (rôle d'évaluation foncière),https://donneesouvertes.affmunqc.net/role/RL58033_2026.xml,,,,
"884, Mackenzie",,Boucherville,,,640,1976,294500,372400,666900,2025,Logement,MAMH — Données Québec (rôle d'évaluation foncière),https://donneesouvertes.affmunqc.net/role/RL58033_2026.xml,,,,
"890, Vancouver",,Boucherville,,,812.6,1975,335400,319700,655100,2025,Logement,MAMH — Données Québec (rôle d'évaluation foncière),https://donneesouvertes.affmunqc.net/role/RL58033_2026.xml,,,,
"888, Mackenzie",,Boucherville,,,573.4,1976,272400,358100,630500,2025,Logement,MAMH — Données Québec (rôle d'évaluation foncière),https://donneesouvertes.affmunqc.net/role/RL58033_2026.xml,,,,
"883, Mackenzie",,Boucherville,,,603.9,1976,285900,308200,594100,2025,Logement,MAMH — Données Québec (rôle d'évaluation foncière),https://donneesouvertes.affmunqc.net/role/RL58033_2026.xml,,,,
"890, Mackenzie",,Boucherville,,,652.6,1975,297500,396500,694000,2025,Logement,MAMH — Données Québec (rôle d'évaluation foncière),https://donneesouvertes.affmunqc.net/role/RL58033_2026.xml,,,,
"889, Mackenzie",,Boucherville,,,631.7,1976,292500,422900,715400,2025,Logement,MAMH — Données Québec (rôle d'évaluation foncière),https://donneesouvertes.affmunqc.net/role/RL58033_2026.xml,,,,
"875, Mackenzie",,Boucherville,,,1005.5,1975,381100,478300,859400,2025,Logement,MAMH — Données Québec (rôle d'évaluation foncière),https://donneesouvertes.affmunqc.net/role/RL58033_2026.xml,,,,
"877, Mackenzie",,Boucherville,,,650.3,1976,296900,439300,736200,2025,Logement,MAMH — Données Québec (rôle d'évaluation foncière),https://donneesouvertes.affmunqc.net/role/RL58033_2026.xml,,,,
"879, Mackenzie",,Boucherville,,,603.9,1976,285900,267300,553200,2025,Logement,MAMH — Données Québec (rôle d'évaluation foncière),https://donneesouvertes.affmunqc.net/role/RL58033_2026.xml,,,,
"881, Mackenzie",,Boucherville,,,650.3,1976,296900,374700,671600,2025,Logement,MAMH — Données Québec (rôle d'évaluation foncière),https://donneesouvertes.affmunqc.net/role/RL58033_2026.xml,,,,
"651, Jacques-cartier",,Boucherville,,,745.9,1974,319600,377900,697500,2025,Logement,MAMH — Données Québec (rôle d'évaluation foncière),https://donneesouvertes.affmunqc.net/role/RL58033_2026.xml,,,,
"653, Jacques-cartier",,Boucherville,,,746,1975,319600,283900,603500,2025,Logement,MAMH — Données Québec (rôle d'évaluation foncière),https://donneesouvertes.affmunqc.net/role/RL58033_2026.xml,,,,
"656, Jacques-cartier",,Boucherville,,,1543,2000,308600,1141700,1450300,2025,Industrie,MAMH — Données Québec (rôle d'évaluation foncière),https://donneesouvertes.affmunqc.net/role/RL58033_2026.xml,,,,
"654, De Magellan",,Boucherville,,,664.3,1975,300200,355400,655600,2025,Logement,MAMH — Données Québec (rôle d'évaluation foncière),https://donneesouvertes.affmunqc.net/role/RL58033_2026.xml,,,,
"659, De Magellan",,Boucherville,,,650.3,1974,296900,277200,574100,2025,Logement,MAMH — Données Québec (rôle d'évaluation foncière),https://donneesouvertes.affmunqc.net/role/RL58033_2026.xml,,,,
"656, De Magellan",,Boucherville,,,715.4,1974,312400,400900,713300,2025,Logement,MAMH — Données Québec (rôle d'évaluation foncière),https://donneesouvertes.affmunqc.net/role/RL58033_2026.xml,,,,
"661, De Magellan",,Boucherville,,,650.3,1975,296900,280900,577800,2025,Logement,MAMH — Données Québec (rôle d'évaluation foncière),https://donneesouvertes.affmunqc.net/role/RL58033_2026.xml,,,,
"660, De Magellan",,Boucherville,,,664.3,1974,300200,187800,488000,2025,Logement,MAMH — Données Québec (rôle d'évaluation foncière),https://donneesouvertes.affmunqc.net/role/RL58033_2026.xml,,,,
"663, De Magellan",,Boucherville,,,650.3,1974,296900,306600,603500,2025,Logement,MAMH — Données Québec (rôle d'évaluation foncière),https://donneesouvertes.affmunqc.net/role/RL58033_2026.xml,,,,
"655, Jacques-cartier",,Boucherville,,,746,1975,319600,325500,645100,2025,Logement,MAMH — Données Québec (rôle d'évaluation foncière),https://donneesouvertes.affmunqc.net/role/RL58033_2026.xml,,,,
"662, De Magellan",,Boucherville,,,715.4,1975,312400,259200,571600,2025,Logement,MAMH — Données Québec (rôle d'évaluation foncière),https://donneesouvertes.affmunqc.net/role/RL58033_2026.xml,,,,
"657, Jacques-cartier",,Boucherville,,,746,1974,319600,339600,659200,2025,Logement,MAMH — Données Québec (rôle d'évaluation foncière),https://donneesouvertes.affmunqc.net/role/RL58033_2026.xml,,,,
"666, De Magellan",,Boucherville,,,664.3,1975,300200,294600,594800,2025,Logement,MAMH — Données Québec (rôle d'évaluation foncière),https://donneesouvertes.affmunqc.net/role/RL58033_2026.xml,,,,
"670, De Magellan",,Boucherville,,,715.4,1974,312400,302000,614400,2025,Logement,MAMH — Données Québec (rôle d'évaluation foncière),https://donneesouvertes.affmunqc.net/role/RL58033_2026.xml,,,,
"661, Jacques-cartier",,Boucherville,,,746,1975,319600,270300,589900,2025,Logement,MAMH — Données Québec (rôle d'évaluation foncière),https://donneesouvertes.affmunqc.net/role/RL58033_2026.xml,,,,
"662, Hudson",,Boucherville,,,713.7,1974,311900,390700,702600,2025,Logement,MAMH — Données Québec (rôle d'évaluation foncière),https://donneesouvertes.affmunqc.net/role/RL58033_2026.xml,,,,
"827, Des Groseilliers",,Boucherville,,,654.2,1975,297800,205000,502800,2025,Logement,MAMH — Données Québec (rôle d'évaluation foncière),https://donneesouvertes.affmunqc.net/role/RL58033_2026.xml,,,,
"830, Des Groseilliers",,Boucherville,,,650.3,1975,296900,319500,616400,2025,Logement,MAMH — Données Québec (rôle d'évaluation foncière),https://donneesouvertes.affmunqc.net/role/RL58033_2026.xml,,,,
"829, Des Groseilliers",,Boucherville,,,674.4,1974,302600,279000,581600,2025,Logement,MAMH — Données Québec (rôle d'évaluation foncière),https://donneesouvertes.affmunqc.net/role/RL58033_2026.xml,,,,
"832, Des Groseilliers",,Boucherville,,,650.3,1974,296900,319700,616600,2025,Logement,MAMH — Données Québec (rôle d'évaluation foncière),https://donneesouvertes.affmunqc.net/role/RL58033_2026.xml,,,,
"831, Des Groseilliers",,Boucherville,,,1011.4,1975,382500,278900,661400,2025,Logement,MAMH — Données Québec (rôle d'évaluation foncière),https://donneesouvertes.affmunqc.net/role/RL58033_2026.xml,,,,
"834, Des Groseilliers",,Boucherville,,,793.4,1974,330800,399700,730500,2025,Logement,MAMH — Données Québec (rôle d'évaluation foncière),https://donneesouvertes.affmunqc.net/role/RL58033_2026.xml,,,,
"833, Des Groseilliers",,Boucherville,,,1103.3,1974,404300,329300,733600,2025,Logement,MAMH — Données Québec (rôle d'évaluation foncière),https://donneesouvertes.affmunqc.net/role/RL58033_2026.xml,,,,
"665, De Magellan",,Boucherville,,,704.8,1975,309800,352600,662400,2025,Logement,MAMH — Données Québec (rôle d'évaluation foncière),https://donneesouvertes.affmunqc.net/role/RL58033_2026.xml,,,,
"835, Des Groseilliers",,Boucherville,,,597.8,1975,284000,290400,574400,2025,Logement,MAMH — Données Québec (rôle d'évaluation foncière),https://donneesouvertes.affmunqc.net/role/RL58033_2026.xml,,,,
"837, Des Groseilliers",,Boucherville,,,574,1975,272700,295000,567700,2025,Logement,MAMH — Données Québec (rôle d'évaluation foncière),https://donneesouvertes.affmunqc.net/role/RL58033_2026.xml,,,,
"832, Radisson",,Boucherville,,,650.3,1975,296900,268000,564900,2025,Logement,MAMH — Données Québec (rôle d'évaluation foncière),https://donneesouvertes.affmunqc.net/role/RL58033_2026.xml,,,,
"674, Marco-polo",,Boucherville,,,766.8,1974,324500,373300,697800,2025,Logement,MAMH — Données Québec (rôle d'évaluation foncière),https://donneesouvertes.affmunqc.net/role/RL58033_2026.xml,,,,
"665, Hudson",,Boucherville,,,557.4,1974,264800,268500,533300,2025,Logement,MAMH — Données Québec (rôle d'évaluation foncière),https://donneesouvertes.affmunqc.net/role/RL58033_2026.xml,,,,
"664, Hudson",,Boucherville,,,733.2,1974,316600,386600,703200,2025,Logement,MAMH — Données Québec (rôle d'évaluation foncière),https://donneesouvertes.affmunqc.net/role/RL58033_2026.xml,,,,
"669, Hudson",,Boucherville,,,721.1,1974,313700,236500,550200,2025,Logement,MAMH — Données Québec (rôle d'évaluation foncière),https://donneesouvertes.affmunqc.net/role/RL58033_2026.xml,,,,
"668, Hudson",,Boucherville,,,770.3,1975,325400,276700,602100,2025,Logement,MAMH — Données Québec (rôle d'évaluation foncière),https://donneesouvertes.affmunqc.net/role/RL58033_2026.xml,,,,
"822, Radisson",,Boucherville,,,724.5,1975,314500,312100,626600,2025,Logement,MAMH — Données Québec (rôle d'évaluation foncière),https://donneesouvertes.affmunqc.net/role/RL58033_2026.xml,,,,
"826, Radisson",,Boucherville,,,603.9,1974,285900,312500,598400,2025,Logement,MAMH — Données Québec (rôle d'évaluation foncière),https://donneesouvertes.affmunqc.net/role/RL58033_2026.xml,,,,
"821, Radisson",,Boucherville,,,594.6,1975,282400,310600,593000,2025,Logement,MAMH — Données Québec (rôle d'évaluation foncière),https://donneesouvertes.affmunqc.net/role/RL58033_2026.xml,,,,
"828, Radisson",,Boucherville,,,603.9,1975,285900,281900,567800,2025,Logement,MAMH — Données Québec (rôle d'évaluation foncière),https://donneesouvertes.affmunqc.net/role/RL58033_2026.xml,,,,
"823, Radisson",,Boucherville,,,650.3,1975,296900,322500,619400,2025,Logement,MAMH — Données Québec (rôle d'évaluation foncière),https://donneesouvertes.affmunqc.net/role/RL58033_2026.xml,,,,
"825, Radisson",,Boucherville,,,594.6,1975,282400,200100,482500,2025,Logement,MAMH — Données Québec (rôle d'évaluation foncière),https://donneesouvertes.affmunqc.net/role/RL58033_2026.xml,,,,
"676, Samuel-de Champlain",,Boucherville,,,477.4,1983,226800,183200,410000,2025,Logement,MAMH — Données Québec (rôle d'évaluation foncière),https://donneesouvertes.affmunqc.net/role/RL58033_2026.xml,,,,
"677, Marco-polo",,Boucherville,,,729.3,1974,315600,309600,625200,2025,Logement,MAMH — Données Québec (rôle d'évaluation foncière),https://donneesouvertes.affmunqc.net/role/RL58033_2026.xml,,,,
"678, Samuel-de Champlain",,Boucherville,,,460.4,1983,218700,315700,534400,2025,Logement,MAMH — Données Québec (rôle d'évaluation foncière),https://donneesouvertes.affmunqc.net/role/RL58033_2026.xml,,,,
"679, Marco-polo",,Boucherville,,,728.1,1979,315400,370900,686300,2025,Logement,MAMH — Données Québec (rôle d'évaluation foncière),https://donneesouvertes.affmunqc.net/role/RL58033_2026.xml,,,,
"815, Radisson",,Boucherville,,,734.6,1974,316900,343300,660200,2025,Logement,MAMH — Données Québec (rôle d'évaluation foncière),https://donneesouvertes.affmunqc.net/role/RL58033_2026.xml,,,,
"817, Radisson",,Boucherville,,,605.4,1975,286300,388500,674800,2025,Logement,MAMH — Données Québec (rôle d'évaluation foncière),https://donneesouvertes.affmunqc.net/role/RL58033_2026.xml,,,,
"681, Marco-polo",,Boucherville,,,763.7,1979,323800,374300,698100,2025,Logement,MAMH — Données Québec (rôle d'évaluation foncière),https://donneesouvertes.affmunqc.net/role/RL58033_2026.xml,,,,
"686, Marco-polo",,Boucherville,,,745.4,1978,319500,315000,634500,2025,Logement,MAMH — Données Québec (rôle d'évaluation foncière),https://donneesouvertes.affmunqc.net/role/RL58033_2026.xml,,,,
"688, Marco-polo",,Boucherville,,,589.6,1979,280100,332200,612300,2025,Logement,MAMH — Données Québec (rôle d'évaluation foncière),https://donneesouvertes.affmunqc.net/role/RL58033_2026.xml,,,,
"683, Marco-polo",,Boucherville,,,1003.1,1979,380500,504300,884800,2025,Logement,MAMH — Données Québec (rôle d'évaluation foncière),https://donneesouvertes.affmunqc.net/role/RL58033_2026.xml,,,,
"690, Marco-polo",,Boucherville,,,631.7,1979,292500,239900,532400,2025,Logement,MAMH — Données Québec (rôle d'évaluation foncière),https://donneesouvertes.affmunqc.net/role/RL58033_2026.xml,,,,
"815, Louis-fornel",,Boucherville,,,880.5,1994,351500,831400,1182900,2025,Logement,MAMH — Données Québec (rôle d'évaluation foncière),https://donneesouvertes.affmunqc.net/role/RL58033_2026.xml,,,,
"691, Samuel-de Champlain",,Boucherville,,,662.8,1984,299900,553900,853800,2025,Logement,MAMH — Données Québec (rôle d'évaluation foncière),https://donneesouvertes.affmunqc.net/role/RL58033_2026.xml,,,,
"682, Samuel-de Champlain",,Boucherville,,,408.5,1983,194000,329700,523700,2025,Logement,MAMH — Données Québec (rôle d'évaluation foncière),https://donneesouvertes.affmunqc.net/role/RL58033_2026.xml,,,,
"695, Samuel-de Champlain",,Boucherville,,,560,1984,266000,359000,625000,2025,Logement,MAMH — Données Québec (rôle d'évaluation foncière),https://donneesouvertes.affmunqc.net/role/RL58033_2026.xml,,,,
"684, Samuel-de Champlain",,Boucherville,,,423,1983,200900,341200,542100,2025,Logement,MAMH — Données Québec (rôle d'évaluation foncière),https://donneesouvertes.affmunqc.net/role/RL58033_2026.xml,,,,
"688, Samuel-de Champlain",,Boucherville,,,486.2,1983,230900,155600,386500,2025,Logement,MAMH — Données Québec (rôle d'évaluation foncière),https://donneesouvertes.affmunqc.net/role/RL58033_2026.xml,,,,
"701, Samuel-de Champlain",,Boucherville,,,592.5,1985,281400,363600,645000,2025,Logement,MAMH — Données Québec (rôle d'évaluation foncière),https://donneesouvertes.affmunqc.net/role/RL58033_2026.xml,,,,
"690, Samuel-de Champlain",,Boucherville,,,529.3,1983,251400,317800,569200,2025,Logement,MAMH — Données Québec (rôle d'évaluation foncière),https://donneesouvertes.affmunqc.net/role/RL58033_2026.xml,,,,
"705, Samuel-de Champlain",,Boucherville,,,580.1,1985,275500,315700,591200,2025,Logement,MAMH — Données Québec (rôle d'évaluation foncière),https://donneesouvertes.affmunqc.net/role/RL58033_2026.xml,,,,
"694, Samuel-de Champlain",,Boucherville,,,447,1983,212300,427500,639800,2025,Logement,MAMH — Données Québec (rôle d'évaluation foncière),https://donneesouvertes.affmunqc.net/role/RL58033_2026.xml,,,,
"696, Samuel-de Champlain",,Boucherville,,,356.9,1983,169500,321800,491300,2025,Logement,MAMH — Données Québec (rôle d'évaluation foncière),https://donneesouvertes.affmunqc.net/role/RL58033_2026.xml,,,,
"698, Samuel-de Champlain",,Boucherville,,,400.4,1983,190200,307200,497400,2025,Logement,MAMH — Données Québec (rôle d'évaluation foncière),https://donneesouvertes.affmunqc.net/role/RL58033_2026.xml,,,,
"710, Gabriel-sagard",,Boucherville,,,600.4,1983,285100,318500,603600,2025,Logement,MAMH — Données Québec (rôle d'évaluation foncière),https://donneesouvertes.affmunqc.net/role/RL58033_2026.xml,,,,
"772, De Montbrun",,Boucherville,,,608.09,1997,263100,211000,474100,2025,Logement,MAMH — Données Québec (rôle d'évaluation foncière),https://donneesouvertes.affmunqc.net/role/RL58033_2026.xml,,,,
"774, De Montbrun",,Boucherville,,,423.82,1998,201300,300400,501700,2025,Logement,MAMH — Données Québec (rôle d'évaluation foncière),https://donneesouvertes.affmunqc.net/role/RL58033_2026.xml,,,,
"776, De Montbrun",,Boucherville,,,352.83,1999,167600,272900,440500,2025,Logement,MAMH — Données Québec (rôle d'évaluation foncière),https://donneesouvertes.affmunqc.net/role/RL58033_2026.xml,,,,
"778, De Montbrun",,Boucherville,,,423.82,1998,201300,313900,515200,2025,Logement,MAMH — Données Québec (rôle d'évaluation foncière),https://donneesouvertes.affmunqc.net/role/RL58033_2026.xml,,,,
"711, Samuel-de Champlain",,Boucherville,,,565.6,1985,268700,385500,654200,2025,Logement,MAMH — Données Québec (rôle d'évaluation foncière),https://donneesouvertes.affmunqc.net/role/RL58033_2026.xml,,,,
"893, Vancouver",,Boucherville,,,702.7,1976,309300,422300,731600,2025,Logement,MAMH — Données Québec (rôle d'évaluation foncière),https://donneesouvertes.affmunqc.net/role/RL58033_2026.xml,,,,
"899, Vancouver",,Boucherville,,,651.9,1976,297300,258500,555800,2025,Logement,MAMH — Données Québec (rôle d'évaluation foncière),https://donneesouvertes.affmunqc.net/role/RL58033_2026.xml,,,,
"896, Mackenzie",,Boucherville,,,790.4,1976,330100,486600,816700,2025,Logement,MAMH — Données Québec (rôle d'évaluation foncière),https://donneesouvertes.affmunqc.net/role/RL58033_2026.xml,,,,
"905, Vancouver",,Boucherville,,,1033.9,1988,387800,703900,1091700,2025,Logement,MAMH — Données Québec (rôle d'évaluation foncière),https://donneesouvertes.affmunqc.net/role/RL58033_2026.xml,,,,
"900, Mackenzie",,Boucherville,,,561.5,1987,266700,533000,799700,2025,Logement,MAMH — Données Québec (rôle d'évaluation foncière),https://donneesouvertes.affmunqc.net/role/RL58033_2026.xml,,,,
"904, Mackenzie",,Boucherville,,,560.5,1988,266200,508400,774600,2025,Logement,MAMH — Données Québec (rôle d'évaluation foncière),https://donneesouvertes.affmunqc.net/role/RL58033_2026.xml,,,,
"700, De Roberval",,Boucherville,,,858.8,1987,346300,547700,894000,2025,Logement,MAMH — Données Québec (rôle d'évaluation foncière),https://donneesouvertes.affmunqc.net/role/RL58033_2026.xml,,,,
"908, Mackenzie",,Boucherville,,,720.3,1988,313500,532600,846100,2025,Logement,MAMH — Données Québec (rôle d'évaluation foncière),https://donneesouvertes.affmunqc.net/role/RL58033_2026.xml,,,,
"905, Mackenzie",,Boucherville,,,666.4,1997,300700,681900,982600,2025,Logement,MAMH — Données Québec (rôle d'évaluation foncière),https://donneesouvertes.affmunqc.net/role/RL58033_2026.xml,,,,
"891, Mackenzie",,Boucherville,,,557.4,1976,264800,338100,602900,2025,Logement,MAMH — Données Québec (rôle d'évaluation foncière),https://donneesouvertes.affmunqc.net/role/RL58033_2026.xml,,,,
"893, Mackenzie",,Boucherville,,,650.3,1976,296900,361000,657900,2025,Logement,MAMH — Données Québec (rôle d'évaluation foncière),https://donneesouvertes.affmunqc.net/role/RL58033_2026.xml,,,,
"895, Mackenzie",,Boucherville,,,603.9,1976,285900,664100,950000,2025,Logement,MAMH — Données Québec (rôle d'évaluation foncière),https://donneesouvertes.affmunqc.net/role/RL58033_2026.xml,,,,
"897, Mackenzie",,Boucherville,,,564.9,1976,268300,346800,615100,2025,Logement,MAMH — Données Québec (rôle d'évaluation foncière),https://donneesouvertes.affmunqc.net/role/RL58033_2026.xml,,,,
"696, De Roberval",,Boucherville,,,638.8,1987,294200,685000,979200,2025,Logement,MAMH — Données Québec (rôle d'évaluation foncière),https://donneesouvertes.affmunqc.net/role/RL58033_2026.xml,,,,
"652, Jacques-cartier",,Boucherville,,,29705.9,,4911100,,4911100,2025,Institutionnel,MAMH — Données Québec (rôle d'évaluation foncière),https://donneesouvertes.affmunqc.net/role/RL58033_2026.xml,,,,
"850, Étienne-brûlé",,Boucherville,,,12846.4,1983,2334100,5885400,8219500,2025,Industrie,MAMH — Données Québec (rôle d'évaluation foncière),https://donneesouvertes.affmunqc.net/role/RL58033_2026.xml,,,,
"672, De Magellan",,Boucherville,,,664.1,1975,300200,335900,636100,2025,Logement,MAMH — Données Québec (rôle d'évaluation foncière),https://donneesouvertes.affmunqc.net/role/RL58033_2026.xml,,,,
"663, Jacques-cartier",,Boucherville,,,746,1974,319600,210100,529700,2025,Logement,MAMH — Données Québec (rôle d'évaluation foncière),https://donneesouvertes.affmunqc.net/role/RL58033_2026.xml,,,,
"674, De Magellan",,Boucherville,,,667.9,1974,301100,260800,561900,2025,Logement,MAMH — Données Québec (rôle d'évaluation foncière),https://donneesouvertes.affmunqc.net/role/RL58033_2026.xml,,,,
"665, Jacques-cartier",,Boucherville,,,706.4,1974,310200,280300,590500,2025,Logement,MAMH — Données Québec (rôle d'évaluation foncière),https://donneesouvertes.affmunqc.net/role/RL58033_2026.xml,,,,
"678, De Magellan",,Boucherville,,,630.5,1974,292200,213000,505200,2025,Logement,MAMH — Données Québec (rôle d'évaluation foncière),https://donneesouvertes.affmunqc.net/role/RL58033_2026.xml,,,,
"669, Jacques-cartier",,Boucherville,,,718,1975,313000,225600,538600,2025,Logement,MAMH — Données Québec (rôle d'évaluation foncière),https://donneesouvertes.affmunqc.net/role/RL58033_2026.xml,,,,
"671, Jacques-cartier",,Boucherville,,,696.8,1975,307900,233100,541000,2025,Logement,MAMH — Données Québec (rôle d'évaluation foncière),https://donneesouvertes.affmunqc.net/role/RL58033_2026.xml,,,,
"673, Jacques-cartier",,Boucherville,,,741.8,1974,318600,382500,701100,2025,Logement,MAMH — Données Québec (rôle d'évaluation foncière),https://donneesouvertes.affmunqc.net/role/RL58033_2026.xml,,,,
"849, Étienne-brûlé",,Boucherville,,,789.1,1975,329800,334400,664200,2025,Logement,MAMH — Données Québec (rôle d'évaluation foncière),https://donneesouvertes.affmunqc.net/role/RL58033_2026.xml,,,,
"834, Radisson",,Boucherville,,,603.9,1975,285900,297000,582900,2025,Logement,MAMH — Données Québec (rôle d'évaluation foncière),https://donneesouvertes.affmunqc.net/role/RL58033_2026.xml,,,,
"839, Des Groseilliers",,Boucherville,,,755,1975,321700,319200,640900,2025,Logement,MAMH — Données Québec (rôle d'évaluation foncière),https://donneesouvertes.affmunqc.net/role/RL58033_2026.xml,,,,
"836, Radisson",,Boucherville,,,603.9,1975,285900,265200,551100,2025,Logement,MAMH — Données Québec (rôle d'évaluation foncière),https://donneesouvertes.affmunqc.net/role/RL58033_2026.xml,,,,
"838, Radisson",,Boucherville,,,732.8,1974,316500,358200,674700,2025,Logement,MAMH — Données Québec (rôle d'évaluation foncière),https://donneesouvertes.affmunqc.net/role/RL58033_2026.xml,,,,
"835, Radisson",,Boucherville,,,594.6,1975,282400,364000,646400,2025,Logement,MAMH — Données Québec (rôle d'évaluation foncière),https://donneesouvertes.affmunqc.net/role/RL58033_2026.xml,,,,
"837, Radisson",,Boucherville,,,650.3,1975,296900,322500,619400,2025,Logement,MAMH — Données Québec (rôle d'évaluation foncière),https://donneesouvertes.affmunqc.net/role/RL58033_2026.xml,,,,
"680, De Magellan",,Boucherville,,,652.6,1975,297500,266400,563900,2025,Logement,MAMH — Données Québec (rôle d'évaluation foncière),https://donneesouvertes.affmunqc.net/role/RL58033_2026.xml,,,,
"839, Radisson",,Boucherville,,,594.6,1975,282400,337200,619600,2025,Logement,MAMH — Données Québec (rôle d'évaluation foncière),https://donneesouvertes.affmunqc.net/role/RL58033_2026.xml,,,,
"704, Marco-polo",,Boucherville,,,594.6,1980,282400,389300,671700,2025,Logement,MAMH — Données Québec (rôle d'évaluation foncière),https://donneesouvertes.affmunqc.net/role/RL58033_2026.xml,,,,
"841, Radisson",,Boucherville,,,650.3,1974,296900,219700,516600,2025,Logement,MAMH — Données Québec (rôle d'évaluation foncière),https://donneesouvertes.affmunqc.net/role/RL58033_2026.xml,,,,
"829, Radisson",,Boucherville,,,650.3,1975,296900,301100,598000,2025,Logement,MAMH — Données Québec (rôle d'évaluation foncière),https://donneesouvertes.affmunqc.net/role/RL58033_2026.xml,,,,
"692, Marco-polo",,Boucherville,,,594.6,1978,282400,277600,560000,2025,Logement,MAMH — Données Québec (rôle d'évaluation foncière),https://donneesouvertes.affmunqc.net/role/RL58033_2026.xml,,,,
"831, Radisson",,Boucherville,,,594.6,1975,282400,280500,562900,2025,Logement,MAMH — Données Québec (rôle d'évaluation foncière),https://donneesouvertes.affmunqc.net/role/RL58033_2026.xml,,,,
"694, Marco-polo",,Boucherville,,,631.7,1978,292500,229800,522300,2025,Logement,MAMH — Données Québec (rôle d'évaluation foncière),https://donneesouvertes.affmunqc.net/role/RL58033_2026.xml,,,,
"833, Radisson",,Boucherville,,,650.3,1975,296900,218300,515200,2025,Logement,MAMH — Données Québec (rôle d'évaluation foncière),https://donneesouvertes.affmunqc.net/role/RL58033_2026.xml,,,,
"696, Marco-polo",,Boucherville,,,594.6,1979,282400,281200,563600,2025,Logement,MAMH — Données Québec (rôle d'évaluation foncière),https://donneesouvertes.affmunqc.net/role/RL58033_2026.xml,,,,
"698, Marco-polo",,Boucherville,,,631.7,1979,292500,333500,626000,2025,Logement,MAMH — Données Québec (rôle d'évaluation foncière),https://donneesouvertes.affmunqc.net/role/RL58033_2026.xml,,,,
"700, Marco-polo",,Boucherville,,,594.6,1979,282400,362000,644400,2025,Logement,MAMH — Données Québec (rôle d'évaluation foncière),https://donneesouvertes.affmunqc.net/role/RL58033_2026.xml,,,,
"695, Marco-polo",,Boucherville,,,606.8,1978,286600,321900,608500,2025,Logement,MAMH — Données Québec (rôle d'évaluation foncière),https://donneesouvertes.affmunqc.net/role/RL58033_2026.xml,,,,
"702, Marco-polo",,Boucherville,,,631.7,1978,292500,314000,606500,2025,Logement,MAMH — Données Québec (rôle d'évaluation foncière),https://donneesouvertes.affmunqc.net/role/RL58033_2026.xml,,,,
"697, Marco-polo",,Boucherville,,,606.8,1978,286600,384600,671200,2025,Logement,MAMH — Données Québec (rôle d'évaluation foncière),https://donneesouvertes.affmunqc.net/role/RL58033_2026.xml,,,,
"699, Marco-polo",,Boucherville,,,606.8,1978,286600,250300,536900,2025,Logement,MAMH — Données Québec (rôle d'évaluation foncière),https://donneesouvertes.affmunqc.net/role/RL58033_2026.xml,,,,
"685, Marco-polo",,Boucherville,,,608.1,1979,286900,325900,612800,2025,Logement,MAMH — Données Québec (rôle d'évaluation foncière),https://donneesouvertes.affmunqc.net/role/RL58033_2026.xml,,,,
"714, Gabriel-sagard",,Boucherville,,,349.3,1984,165900,377600,543500,2025,Logement,MAMH — Données Québec (rôle d'évaluation foncière),https://donneesouvertes.affmunqc.net/role/RL58033_2026.xml,,,,
"687, Marco-polo",,Boucherville,,,568.6,1980,270100,386800,656900,2025,Logement,MAMH — Données Québec (rôle d'évaluation foncière),https://donneesouvertes.affmunqc.net/role/RL58033_2026.xml,,,,
"716, Gabriel-sagard",,Boucherville,,,571.4,1984,271400,284800,556200,2025,Logement,MAMH — Données Québec (rôle d'évaluation foncière),https://donneesouvertes.affmunqc.net/role/RL58033_2026.xml,,,,
"689, Marco-polo",,Boucherville,,,664.5,1980,300300,343200,643500,2025,Logement,MAMH — Données Québec (rôle d'évaluation foncière),https://donneesouvertes.affmunqc.net/role/RL58033_2026.xml,,,,
"720, Gabriel-sagard",,Boucherville,,,680.1,1983,304000,389500,693500,2025,Logement,MAMH — Données Québec (rôle d'évaluation foncière),https://donneesouvertes.affmunqc.net/role/RL58033_2026.xml,,,,
"811, Vasco-de Gama",,Boucherville,,,603.9,1980,285900,350500,636400,2025,Logement,MAMH — Données Québec (rôle d'évaluation foncière),https://donneesouvertes.affmunqc.net/role/RL58033_2026.xml,,,,
"722, Gabriel-sagard",,Boucherville,,,369.3,1983,175400,282600,458000,2025,Logement,MAMH — Données Québec (rôle d'évaluation foncière),https://donneesouvertes.affmunqc.net/role/RL58033_2026.xml,,,,
"816, Vasco-de Gama",,Boucherville,,,738.9,1979,317900,275900,593800,2025,Logement,MAMH — Données Québec (rôle d'évaluation foncière),https://donneesouvertes.affmunqc.net/role/RL58033_2026.xml,,,,
"813, Vasco-de Gama",,Boucherville,,,663.1,1980,300000,315600,615600,2025,Logement,MAMH — Données Québec (rôle d'évaluation foncière),https://donneesouvertes.affmunqc.net/role/RL58033_2026.xml,,,,
"724, Gabriel-sagard",,Boucherville,,,449.3,1983,213400,415200,628600,2025,Logement,MAMH — Données Québec (rôle d'évaluation foncière),https://donneesouvertes.affmunqc.net/role/RL58033_2026.xml,,,,
"820, Vasco-de Gama",,Boucherville,,,735.2,1979,317000,364400,681400,2025,Logement,MAMH — Données Québec (rôle d'évaluation foncière),https://donneesouvertes.affmunqc.net/role/RL58033_2026.xml,,,,
"815, Vasco-de Gama",,Boucherville,,,880.2,1979,351400,358900,710300,2025,Logement,MAMH — Données Québec (rôle d'évaluation foncière),https://donneesouvertes.affmunqc.net/role/RL58033_2026.xml,,,,
"822, Vasco-de Gama",,Boucherville,,,603.9,1980,285900,352400,638300,2025,Logement,MAMH — Données Québec (rôle d'évaluation foncière),https://donneesouvertes.affmunqc.net/role/RL58033_2026.xml,,,,
"712, Gabriel-sagard",,Boucherville,,,365.1,1983,173400,357700,531100,2025,Logement,MAMH — Données Québec (rôle d'évaluation foncière),https://donneesouvertes.affmunqc.net/role/RL58033_2026.xml,,,,
"700, Samuel-de Champlain",,Boucherville,,,418.4,1983,198700,360200,558900,2025,Logement,MAMH — Données Québec (rôle d'évaluation foncière),https://donneesouvertes.affmunqc.net/role/RL58033_2026.xml,,,,
"704, Samuel-de Champlain",,Boucherville,,,514.9,1983,244600,363700,608300,2025,Logement,MAMH — Données Québec (rôle d'évaluation foncière),https://donneesouvertes.affmunqc.net/role/RL58033_2026.xml,,,,
"736, Samuel-de Champlain",,Boucherville,,,448.1,1983,212800,366000,578800,2025,Logement,MAMH — Données Québec (rôle d'évaluation foncière),https://donneesouvertes.affmunqc.net/role/RL58033_2026.xml,,,,
"738, Samuel-de Champlain",,Boucherville,,,393.2,1983,186800,365300,552100,2025,Logement,MAMH — Données Québec (rôle d'évaluation foncière),https://donneesouvertes.affmunqc.net/role/RL58033_2026.xml,,,,
"730, Gabriel-sagard",,Boucherville,,,488.2,1983,231900,312600,544500,2025,Logement,MAMH — Données Québec (rôle d'évaluation foncière),https://donneesouvertes.affmunqc.net/role/RL58033_2026.xml,,,,
"726, Gabriel-sagard",,Boucherville,,,888.9,1984,353500,287800,641300,2025,Logement,MAMH — Données Québec (rôle d'évaluation foncière),https://donneesouvertes.affmunqc.net/role/RL58033_2026.xml,,,,
"740, Samuel-de Champlain",,Boucherville,,,426.7,1983,202700,304100,506800,2025,Logement,MAMH — Données Québec (rôle d'évaluation foncière),https://donneesouvertes.affmunqc.net/role/RL58033_2026.xml,,,,
"735, Samuel-de Champlain",,Boucherville,,,560.7,1984,266300,268600,534900,2025,Logement,MAMH — Données Québec (rôle d'évaluation foncière),https://donneesouvertes.affmunqc.net/role/RL58033_2026.xml,,,,
"744, Samuel-de Champlain",,Boucherville,,,375.5,1983,178400,244300,422700,2025,Logement,MAMH — Données Québec (rôle d'évaluation foncière),https://donneesouvertes.affmunqc.net/role/RL58033_2026.xml,,,,
"715, Samuel-de Champlain",,Boucherville,,,565.6,1984,268700,378200,646900,2025,Logement,MAMH — Données Québec (rôle d'évaluation foncière),https://donneesouvertes.affmunqc.net/role/RL58033_2026.xml,,,,
"780, De Montbrun",,Boucherville,,,454.9,1998,216100,318900,535000,2025,Logement,MAMH — Données Québec (rôle d'évaluation foncière),https://donneesouvertes.affmunqc.net/role/RL58033_2026.xml,,,,
"782, De Montbrun",,Boucherville,,,498.6,2001,236800,310100,546900,2025,Logement,MAMH — Données Québec (rôle d'évaluation foncière),https://donneesouvertes.affmunqc.net/role/RL58033_2026.xml,,,,
"784, De Montbrun",,Boucherville,,,470.8,2002,223600,309500,533100,2025,Logement,MAMH — Données Québec (rôle d'évaluation foncière),https://donneesouvertes.affmunqc.net/role/RL58033_2026.xml,,,,
"786, De Montbrun",,Boucherville,,,367.3,2002,174500,343700,518200,2025,Logement,MAMH — Données Québec (rôle d'évaluation foncière),https://donneesouvertes.affmunqc.net/role/RL58033_2026.xml,,,,
"788, De Montbrun",,Boucherville,,,456.3,2002,216700,342200,558900,2025,Logement,MAMH — Données Québec (rôle d'évaluation foncière),https://donneesouvertes.affmunqc.net/role/RL58033_2026.xml,,,,
"790, De Montbrun",,Boucherville,,,340.7,2003,161800,291100,452900,2025,Logement,MAMH — Données Québec (rôle d'évaluation foncière),https://donneesouvertes.affmunqc.net/role/RL58033_2026.xml,,,,
"719, Samuel-de Champlain",,Boucherville,,,569.8,1984,270700,394000,664700,2025,Logement,MAMH — Données Québec (rôle d'évaluation foncière),https://donneesouvertes.affmunqc.net/role/RL58033_2026.xml,,,,
"725, Samuel-de Champlain",,Boucherville,,,578.3,1984,274700,398200,672900,2025,Logement,MAMH — Données Québec (rôle d'évaluation foncière),https://donneesouvertes.affmunqc.net/role/RL58033_2026.xml,,,,
"731, Samuel-de Champlain",,Boucherville,,,574.1,1984,272700,405800,678500,2025,Logement,MAMH — Données Québec (rôle d'évaluation foncière),https://donneesouvertes.affmunqc.net/role/RL58033_2026.xml,,,,
"907, Mackenzie",,Boucherville,,,818.4,1987,336800,657800,994600,2025,Logement,MAMH — Données Québec (rôle d'évaluation foncière),https://donneesouvertes.affmunqc.net/role/RL58033_2026.xml,,,,
"691, De Roberval",,Boucherville,,,664.3,1987,300200,548500,848700,2025,Logement,MAMH — Données Québec (rôle d'évaluation foncière),https://donneesouvertes.affmunqc.net/role/RL58033_2026.xml,,,,
"911, Mackenzie",,Boucherville,,,927.4,1988,362600,899900,1262500,2025,Logement,MAMH — Données Québec (rôle d'évaluation foncière),https://donneesouvertes.affmunqc.net/role/RL58033_2026.xml,,,,
"687, De Roberval",,Boucherville,,,602,1987,285500,566900,852400,2025,Logement,MAMH — Données Québec (rôle d'évaluation foncière),https://donneesouvertes.affmunqc.net/role/RL58033_2026.xml,,,,
"685, De Roberval",,Boucherville,,,616,1987,288800,543600,832400,2025,Logement,MAMH — Données Québec (rôle d'évaluation foncière),https://donneesouvertes.affmunqc.net/role/RL58033_2026.xml,,,,
"681, De Roberval",,Boucherville,,,602,1988,285500,625900,911400,2025,Logement,MAMH — Données Québec (rôle d'évaluation foncière),https://donneesouvertes.affmunqc.net/role/RL58033_2026.xml,,,,
"684, De Roberval",,Boucherville,,,596,1988,283100,569500,852600,2025,Logement,MAMH — Données Québec (rôle d'évaluation foncière),https://donneesouvertes.affmunqc.net/role/RL58033_2026.xml,,,,
"675, De Roberval",,Boucherville,,,711.5,1988,311400,674400,985800,2025,Logement,MAMH — Données Québec (rôle d'évaluation foncière),https://donneesouvertes.affmunqc.net/role/RL58033_2026.xml,,,,
"682, De Roberval",,Boucherville,,,566.2,1988,268900,584100,853000,2025,Logement,MAMH — Données Québec (rôle d'évaluation foncière),https://donneesouvertes.affmunqc.net/role/RL58033_2026.xml,,,,
"680, De Roberval",,Boucherville,,,566.2,1987,268900,565300,834200,2025,Logement,MAMH — Données Québec (rôle d'évaluation foncière),https://donneesouvertes.affmunqc.net/role/RL58033_2026.xml,,,,
"676, De Roberval",,Boucherville,,,566.2,1987,268900,470300,739200,2025,Logement,MAMH — Données Québec (rôle d'évaluation foncière),https://donneesouvertes.affmunqc.net/role/RL58033_2026.xml,,,,
"922, Étienne-brûlé",,Boucherville,,,603.9,1981,285900,577500,863400,2025,Logement,MAMH — Données Québec (rôle d'évaluation foncière),https://donneesouvertes.affmunqc.net/role/RL58033_2026.xml,,,,
"694, De Roberval",,Boucherville,,,1077.3,1987,398100,855800,1253900,2025,Logement,MAMH — Données Québec (rôle d'évaluation foncière),https://donneesouvertes.affmunqc.net/role/RL58033_2026.xml,,,,
"906, Étienne-brûlé",,Boucherville,,,800.6,1980,332500,527800,860300,2025,Logement,MAMH — Données Québec (rôle d'évaluation foncière),https://donneesouvertes.affmunqc.net/role/RL58033_2026.xml,,,,
"690, De Roberval",,Boucherville,,,892.7,1989,354400,726500,1080900,2025,Logement,MAMH — Données Québec (rôle d'évaluation foncière),https://donneesouvertes.affmunqc.net/role/RL58033_2026.xml,,,,
"910, Étienne-brûlé",,Boucherville,,,802.3,1980,332900,462500,795400,2025,Logement,MAMH — Données Québec (rôle d'évaluation foncière),https://donneesouvertes.affmunqc.net/role/RL58033_2026.xml,,,,
"688, De Roberval",,Boucherville,,,613.3,1987,288200,607500,895700,2025,Logement,MAMH — Données Québec (rôle d'évaluation foncière),https://donneesouvertes.affmunqc.net/role/RL58033_2026.xml,,,,
"912, Étienne-brûlé",,Boucherville,,,603.9,1980,285900,409900,695800,2025,Logement,MAMH — Données Québec (rôle d'évaluation foncière),https://donneesouvertes.affmunqc.net/role/RL58033_2026.xml,,,,
"914, Étienne-brûlé",,Boucherville,,,603.9,1980,285900,448100,734000,2025,Logement,MAMH — Données Québec (rôle d'évaluation foncière),https://donneesouvertes.affmunqc.net/role/RL58033_2026.xml,,,,
"916, Étienne-brûlé",,Boucherville,,,603.9,1981,285900,471600,757500,2025,Logement,MAMH — Données Québec (rôle d'évaluation foncière),https://donneesouvertes.affmunqc.net/role/RL58033_2026.xml,,,,
"911, Étienne-brûlé",,Boucherville,,,704.8,1980,309800,366200,676000,2025,Logement,MAMH — Données Québec (rôle d'évaluation foncière),https://donneesouvertes.affmunqc.net/role/RL58033_2026.xml,,,,
"920, Étienne-brûlé",,Boucherville,,,603.9,1981,285900,396300,682200,2025,Logement,MAMH — Données Québec (rôle d'évaluation foncière),https://donneesouvertes.affmunqc.net/role/RL58033_2026.xml,,,,
"913, Étienne-brûlé",,Boucherville,,,659.3,1981,299100,455700,754800,2025,Logement,MAMH — Données Québec (rôle d'évaluation foncière),https://donneesouvertes.affmunqc.net/role/RL58033_2026.xml,,,,
"904, Étienne-brûlé",,Boucherville,,,617,1981,289000,445000,734000,2025,Logement,MAMH — Données Québec (rôle d'évaluation foncière),https://donneesouvertes.affmunqc.net/role/RL58033_2026.xml,,,,
"902, Étienne-brûlé",,Boucherville,,,603.9,1983,285900,397600,683500,2025,Logement,MAMH — Données Québec (rôle d'évaluation foncière),https://donneesouvertes.affmunqc.net/role/RL58033_2026.xml,,,,
"900, Étienne-brûlé",,Boucherville,,,603.9,1980,285900,624100,910000,2025,Logement,MAMH — Données Québec (rôle d'évaluation foncière),https://donneesouvertes.affmunqc.net/role/RL58033_2026.xml,,,,
"896, Étienne-brûlé",,Boucherville,,,603.9,1981,285900,499800,785700,2025,Logement,MAMH — Données Québec (rôle d'évaluation foncière),https://donneesouvertes.affmunqc.net/role/RL58033_2026.xml,,,,
"892, Étienne-brûlé",,Boucherville,,,594.3,1981,282300,573500,855800,2025,Logement,MAMH — Données Québec (rôle d'évaluation foncière),https://donneesouvertes.affmunqc.net/role/RL58033_2026.xml,,,,
"905, Étienne-brûlé",,Boucherville,,,672.6,1982,302200,365000,667200,2025,Logement,MAMH — Données Québec (rôle d'évaluation foncière),https://donneesouvertes.affmunqc.net/role/RL58033_2026.xml,,,,
"901, Étienne-brûlé",,Boucherville,,,716.7,1980,312700,383300,696000,2025,Logement,MAMH — Données Québec (rôle d'évaluation foncière),https://donneesouvertes.affmunqc.net/role/RL58033_2026.xml,,,,
"897, Étienne-brûlé",,Boucherville,,,669.9,1981,301600,537500,839100,2025,Logement,MAMH — Données Québec (rôle d'évaluation foncière),https://donneesouvertes.affmunqc.net/role/RL58033_2026.xml,,,,
"893, Étienne-brûlé",,Boucherville,,,635.4,1979,293400,366900,660300,2025,Logement,MAMH — Données Québec (rôle d'évaluation foncière),https://donneesouvertes.affmunqc.net/role/RL58033_2026.xml,,,,
"888, Étienne-brûlé",,Boucherville,,,643.3,1981,295300,479800,775100,2025,Logement,MAMH — Données Québec (rôle d'évaluation foncière),https://donneesouvertes.affmunqc.net/role/RL58033_2026.xml,,,,
"882, Duluth",,Boucherville,,,735.2,1981,317000,531600,848600,2025,Logement,MAMH — Données Québec (rôle d'évaluation foncière),https://donneesouvertes.affmunqc.net/role/RL58033_2026.xml,,,,
"887, Étienne-brûlé",,Boucherville,,,675.7,1982,302900,525100,828000,2025,Logement,MAMH — Données Québec (rôle d'évaluation foncière),https://donneesouvertes.affmunqc.net/role/RL58033_2026.xml,,,,
"891, Étienne-brûlé",,Boucherville,,,644.3,1981,295500,509300,804800,2025,Logement,MAMH — Données Québec (rôle d'évaluation foncière),https://donneesouvertes.affmunqc.net/role/RL58033_2026.xml,,,,
"886, Duluth",,Boucherville,,,823.2,1983,337900,778100,1116000,2025,Logement,MAMH — Données Québec (rôle d'évaluation foncière),https://donneesouvertes.affmunqc.net/role/RL58033_2026.xml,,,,
"674, Jacques-cartier",,Boucherville,,,664.3,1975,300200,224500,524700,2025,Logement,MAMH — Données Québec (rôle d'évaluation foncière),https://donneesouvertes.affmunqc.net/role/RL58033_2026.xml,,,,
"853, Étienne-brûlé",,Boucherville,,,1046.6,1975,390800,377800,768600,2025,Logement,MAMH — Données Québec (rôle d'évaluation foncière),https://donneesouvertes.affmunqc.net/role/RL58033_2026.xml,,,,
"676, Jacques-cartier",,Boucherville,,,740.6,1975,318300,222500,540800,2025,Logement,MAMH — Données Québec (rôle d'évaluation foncière),https://donneesouvertes.affmunqc.net/role/RL58033_2026.xml,,,,
"678, Jacques-cartier",,Boucherville,,,624.3,1976,290800,375700,666500,2025,Logement,MAMH — Données Québec (rôle d'évaluation foncière),https://donneesouvertes.affmunqc.net/role/RL58033_2026.xml,,,,
"682, Jacques-cartier",,Boucherville,,,637.2,1975,293800,159400,453200,2025,Logement,MAMH — Données Québec (rôle d'évaluation foncière),https://donneesouvertes.affmunqc.net/role/RL58033_2026.xml,,,,
"686, Jacques-cartier",,Boucherville,,,614.1,1979,288300,213000,501300,2025,Logement,MAMH — Données Québec (rôle d'évaluation foncière),https://donneesouvertes.affmunqc.net/role/RL58033_2026.xml,,,,
"891, Duluth",,Boucherville,,,682.8,1980,319900,385200,705100,2025,Logement,MAMH — Données Québec (rôle d'évaluation foncière),https://donneesouvertes.affmunqc.net/role/RL58033_2026.xml,,,,
"893, Duluth",,Boucherville,,,745.1,1981,335400,620700,956100,2025,Logement,MAMH — Données Québec (rôle d'évaluation foncière),https://donneesouvertes.affmunqc.net/role/RL58033_2026.xml,,,,
"843, Radisson",,Boucherville,,,594.6,1975,282400,185200,467600,2025,Logement,MAMH — Données Québec (rôle d'évaluation foncière),https://donneesouvertes.affmunqc.net/role/RL58033_2026.xml,,,,
"706, Marco-polo",,Boucherville,,,1019.7,1979,384500,468200,852700,2025,Logement,MAMH — Données Québec (rôle d'évaluation foncière),https://donneesouvertes.affmunqc.net/role/RL58033_2026.xml,,,,
"847, Radisson",,Boucherville,,,812.6,1974,335400,289200,624600,2025,Logement,MAMH — Données Québec (rôle d'évaluation foncière),https://donneesouvertes.affmunqc.net/role/RL58033_2026.xml,,,,
"708, Marco-polo",,Boucherville,,,1180,1980,422500,502000,924500,2025,Logement,MAMH — Données Québec (rôle d'évaluation foncière),https://donneesouvertes.affmunqc.net/role/RL58033_2026.xml,,,,
"685, Jacques-cartier",,Boucherville,,,683.3,1978,304700,338200,642900,2025,Logement,MAMH — Données Québec (rôle d'évaluation foncière),https://donneesouvertes.affmunqc.net/role/RL58033_2026.xml,,,,
"710, Marco-polo",,Boucherville,,,720,1978,313400,354900,668300,2025,Logement,MAMH — Données Québec (rôle d'évaluation foncière),https://donneesouvertes.affmunqc.net/role/RL58033_2026.xml,,,,
"689, Jacques-cartier",,Boucherville,,,692.1,1979,306800,224100,530900,2025,Logement,MAMH — Données Québec (rôle d'évaluation foncière),https://donneesouvertes.affmunqc.net/role/RL58033_2026.xml,,,,
"691, Jacques-cartier",,Boucherville,,,692.1,1979,306800,241000,547800,2025,Logement,MAMH — Données Québec (rôle d'évaluation foncière),https://donneesouvertes.affmunqc.net/role/RL58033_2026.xml,,,,
"695, Jacques-cartier",,Boucherville,,,692.1,1978,306800,293500,600300,2025,Logement,MAMH — Données Québec (rôle d'évaluation foncière),https://donneesouvertes.affmunqc.net/role/RL58033_2026.xml,,,,
"690, Jacques-cartier",,Boucherville,,,711.9,1979,311500,433100,744600,2025,Logement,MAMH — Données Québec (rôle d'évaluation foncière),https://donneesouvertes.affmunqc.net/role/RL58033_2026.xml,,,,
"826, Vasco-de Gama",,Boucherville,,,603.9,1978,285900,291400,577300,2025,Logement,MAMH — Données Québec (rôle d'évaluation foncière),https://donneesouvertes.affmunqc.net/role/RL58033_2026.xml,,,,
"701, Marco-polo",,Boucherville,,,606.8,1978,286600,300900,587500,2025,Logement,MAMH — Données Québec (rôle d'évaluation foncière),https://donneesouvertes.affmunqc.net/role/RL58033_2026.xml,,,,
"830, Vasco-de Gama",,Boucherville,,,603.9,1979,285900,445300,731200,2025,Logement,MAMH — Données Québec (rôle d'évaluation foncière),https://donneesouvertes.affmunqc.net/role/RL58033_2026.xml,,,,
"705, Marco-polo",,Boucherville,,,730.6,1978,316000,299100,615100,2025,Logement,MAMH — Données Québec (rôle d'évaluation foncière),https://donneesouvertes.affmunqc.net/role/RL58033_2026.xml,,,,
"834, Vasco-de Gama",,Boucherville,,,603.9,1979,285900,454700,740600,2025,Logement,MAMH — Données Québec (rôle d'évaluation foncière),https://donneesouvertes.affmunqc.net/role/RL58033_2026.xml,,,,
"709, Marco-polo",,Boucherville,,,711.9,1978,311500,303900,615400,2025,Logement,MAMH — Données Québec (rôle d'évaluation foncière),https://donneesouvertes.affmunqc.net/role/RL58033_2026.xml,,,,
"712, Marco-polo",,Boucherville,,,650.3,1979,296900,582100,879000,2025,Logement,MAMH — Données Québec (rôle d'évaluation foncière),https://donneesouvertes.affmunqc.net/role/RL58033_2026.xml,,,,
"837, Vasco-de Gama",,Boucherville,,,766.2,1980,324400,296700,621100,2025,Logement,MAMH — Données Québec (rôle d'évaluation foncière),https://donneesouvertes.affmunqc.net/role/RL58033_2026.xml,,,,
"714, Marco-polo",,Boucherville,,,646.6,1979,296000,249700,545700,2025,Logement,MAMH — Données Québec (rôle d'évaluation foncière),https://donneesouvertes.affmunqc.net/role/RL58033_2026.xml,,,,
"817, Vasco-de Gama",,Boucherville,,,800.6,1979,332500,253400,585900,2025,Logement,MAMH — Données Québec (rôle d'évaluation foncière),https://donneesouvertes.affmunqc.net/role/RL58033_2026.xml,,,,
"758, Découvreurs",,Boucherville,,,478.8,1983,227400,377700,605100,2025,Logement,MAMH — Données Québec (rôle d'évaluation foncière),https://donneesouvertes.affmunqc.net/role/RL58033_2026.xml,,,,
"819, Vasco-de Gama",,Boucherville,,,631.7,1979,292500,300600,593100,2025,Logement,MAMH — Données Québec (rôle d'évaluation foncière),https://donneesouvertes.affmunqc.net/role/RL58033_2026.xml,,,,
"760, Découvreurs",,Boucherville,,,401.6,2022,190800,595400,786200,2025,Logement,MAMH — Données Québec (rôle d'évaluation foncière),https://donneesouvertes.affmunqc.net/role/RL58033_2026.xml,,,,
"823, Vasco-de Gama",,Boucherville,,,631.7,1979,292500,496400,788900,2025,Logement,MAMH — Données Québec (rôle d'évaluation foncière),https://donneesouvertes.affmunqc.net/role/RL58033_2026.xml,,,,
"764, Découvreurs",,Boucherville,,,590.8,1983,280600,515000,795600,2025,Logement,MAMH — Données Québec (rôle d'évaluation foncière),https://donneesouvertes.affmunqc.net/role/RL58033_2026.xml,,,,
"827, Vasco-de Gama",,Boucherville,,,631.7,1979,292500,306900,599400,2025,Logement,MAMH — Données Québec (rôle d'évaluation foncière),https://donneesouvertes.affmunqc.net/role/RL58033_2026.xml,,,,
"766, Découvreurs",,Boucherville,,,653.4,1983,297700,298100,595800,2025,Logement,MAMH — Données Québec (rôle d'évaluation foncière),https://donneesouvertes.affmunqc.net/role/RL58033_2026.xml,,,,
"833, Vasco-de Gama",,Boucherville,,,666,1980,300600,506700,807300,2025,Logement,MAMH — Données Québec (rôle d'évaluation foncière),https://donneesouvertes.affmunqc.net/role/RL58033_2026.xml,,,,
"768, Découvreurs",,Boucherville,,,451,1983,214200,342500,556700,2025,Logement,MAMH — Données Québec (rôle d'évaluation foncière),https://donneesouvertes.affmunqc.net/role/RL58033_2026.xml,,,,
"727, Marco-polo",,Boucherville,,,1025.8,1987,385900,598500,984400,2025,Logement,MAMH — Données Québec (rôle d'évaluation foncière),https://donneesouvertes.affmunqc.net/role/RL58033_2026.xml,,,,
"729, Marco-polo",,Boucherville,,,928.7,1987,362900,503400,866300,2025,Logement,MAMH — Données Québec (rôle d'évaluation foncière),https://donneesouvertes.affmunqc.net/role/RL58033_2026.xml,,,,
"770, Découvreurs",,Boucherville,,,413.9,1983,196600,354500,551100,2025,Logement,MAMH — Données Québec (rôle d'évaluation foncière),https://donneesouvertes.affmunqc.net/role/RL58033_2026.xml,,,,
"725, Marco-polo",,Boucherville,,,691.2,1986,306600,417900,724500,2025,Logement,MAMH — Données Québec (rôle d'évaluation foncière),https://donneesouvertes.affmunqc.net/role/RL58033_2026.xml,,,,
"746, Samuel-de Champlain",,Boucherville,,,445,1983,211400,347800,559200,2025,Logement,MAMH — Données Québec (rôle d'évaluation foncière),https://donneesouvertes.affmunqc.net/role/RL58033_2026.xml,,,,
"756, Découvreurs",,Boucherville,,,565.8,1983,268800,317100,585900,2025,Logement,MAMH — Données Québec (rôle d'évaluation foncière),https://donneesouvertes.affmunqc.net/role/RL58033_2026.xml,,,,
"750, Samuel-de Champlain",,Boucherville,,,607,1983,286700,382800,669500,2025,Logement,MAMH — Données Québec (rôle d'évaluation foncière),https://donneesouvertes.affmunqc.net/role/RL58033_2026.xml,,,,
"776, Samuel-de Champlain",,Boucherville,,,641.2,1983,294800,321500,616300,2025,Logement,MAMH — Données Québec (rôle d'évaluation foncière),https://donneesouvertes.affmunqc.net/role/RL58033_2026.xml,,,,
"778, Samuel-de Champlain",,Boucherville,,,432.2,1983,205300,379000,584300,2025,Logement,MAMH — Données Québec (rôle d'évaluation foncière),https://donneesouvertes.affmunqc.net/role/RL58033_2026.xml,,,,
"781, Découvreurs",,Boucherville,,,319.6,1993,151800,303900,455700,2025,Logement,MAMH — Données Québec (rôle d'évaluation foncière),https://donneesouvertes.affmunqc.net/role/RL58033_2026.xml,,,,
"783, Découvreurs",,Boucherville,,,319.6,1993,151800,314600,466400,2025,Logement,MAMH — Données Québec (rôle d'évaluation foncière),https://donneesouvertes.affmunqc.net/role/RL58033_2026.xml,,,,
"785, Découvreurs",,Boucherville,,,319.6,1993,151800,313300,465100,2025,Logement,MAMH — Données Québec (rôle d'évaluation foncière),https://donneesouvertes.affmunqc.net/role/RL58033_2026.xml,,,,
"787, Découvreurs",,Boucherville,,,319.6,1993,151800,343200,495000,2025,Logement,MAMH — Données Québec (rôle d'évaluation foncière),https://donneesouvertes.affmunqc.net/role/RL58033_2026.xml,,,,
"800, De Montbrun",,Boucherville,,,319.6,1995,151800,300200,452000,2025,Logement,MAMH — Données Québec (rôle d'évaluation foncière),https://donneesouvertes.affmunqc.net/role/RL58033_2026.xml,,,,
"802, De Montbrun",,Boucherville,,,319.6,1994,151800,316100,467900,2025,Logement,MAMH — Données Québec (rôle d'évaluation foncière),https://donneesouvertes.affmunqc.net/role/RL58033_2026.xml,,,,
"804, De Montbrun",,Boucherville,,,319.6,1994,151800,315000,466800,2025,Logement,MAMH — Données Québec (rôle d'évaluation foncière),https://donneesouvertes.affmunqc.net/role/RL58033_2026.xml,,,,
"806, De Montbrun",,Boucherville,,,319.6,1995,151800,299700,451500,2025,Logement,MAMH — Données Québec (rôle d'évaluation foncière),https://donneesouvertes.affmunqc.net/role/RL58033_2026.xml,,,,
"810, De Montbrun",,Boucherville,,,319.6,1994,151800,311300,463100,2025,Logement,MAMH — Données Québec (rôle d'évaluation foncière),https://donneesouvertes.affmunqc.net/role/RL58033_2026.xml,,,,
"812, De Montbrun",,Boucherville,,,319.6,1994,151800,320300,472100,2025,Logement,MAMH — Données Québec (rôle d'évaluation foncière),https://donneesouvertes.affmunqc.net/role/RL58033_2026.xml,,,,
"814, De Montbrun",,Boucherville,,,319.6,1994,151800,309400,461200,2025,Logement,MAMH — Données Québec (rôle d'évaluation foncière),https://donneesouvertes.affmunqc.net/role/RL58033_2026.xml,,,,
"816, De Montbrun",,Boucherville,,,319.6,1994,151800,264400,416200,2025,Logement,MAMH — Données Québec (rôle d'évaluation foncière),https://donneesouvertes.affmunqc.net/role/RL58033_2026.xml,,,,
"820, De Montbrun",,Boucherville,,,319.6,1993,151800,301800,453600,2025,Logement,MAMH — Données Québec (rôle d'évaluation foncière),https://donneesouvertes.affmunqc.net/role/RL58033_2026.xml,,,,
"822, De Montbrun",,Boucherville,,,319.6,1993,151800,292900,444700,2025,Logement,MAMH — Données Québec (rôle d'évaluation foncière),https://donneesouvertes.affmunqc.net/role/RL58033_2026.xml,,,,
"824, De Montbrun",,Boucherville,,,319.6,1993,151800,310100,461900,2025,Logement,MAMH — Données Québec (rôle d'évaluation foncière),https://donneesouvertes.affmunqc.net/role/RL58033_2026.xml,,,,
"826, De Montbrun",,Boucherville,,,319.6,1993,151800,346800,498600,2025,Logement,MAMH — Données Québec (rôle d'évaluation foncière),https://donneesouvertes.affmunqc.net/role/RL58033_2026.xml,,,,
"674, De Roberval",,Boucherville,,,566.2,1987,268900,485800,754700,2025,Logement,MAMH — Données Québec (rôle d'évaluation foncière),https://donneesouvertes.affmunqc.net/role/RL58033_2026.xml,,,,
"924, Étienne-brûlé",,Boucherville,,,603.9,1981,285900,646500,932400,2025,Logement,MAMH — Données Québec (rôle d'évaluation foncière),https://donneesouvertes.affmunqc.net/role/RL58033_2026.xml,,,,
"670, De Roberval",,Boucherville,,,566.2,1988,268900,616300,885200,2025,Logement,MAMH — Données Québec (rôle d'évaluation foncière),https://donneesouvertes.affmunqc.net/role/RL58033_2026.xml,,,,
"926, Étienne-brûlé",,Boucherville,,,603.9,1981,285900,355900,641800,2025,Logement,MAMH — Données Québec (rôle d'évaluation foncière),https://donneesouvertes.affmunqc.net/role/RL58033_2026.xml,,,,
"668, De Roberval",,Boucherville,,,566.2,1987,268900,579200,848100,2025,Logement,MAMH — Données Québec (rôle d'évaluation foncière),https://donneesouvertes.affmunqc.net/role/RL58033_2026.xml,,,,
"928, Étienne-brûlé",,Boucherville,,,631.6,1982,292500,419800,712300,2025,Logement,MAMH — Données Québec (rôle d'évaluation foncière),https://donneesouvertes.affmunqc.net/role/RL58033_2026.xml,,,,
"930, Étienne-brûlé",,Boucherville,,,576.1,1981,273600,509500,783100,2025,Logement,MAMH — Données Québec (rôle d'évaluation foncière),https://donneesouvertes.affmunqc.net/role/RL58033_2026.xml,,,,
"925, Étienne-brûlé",,Boucherville,,,809.6,1981,334700,392100,726800,2025,Logement,MAMH — Données Québec (rôle d'évaluation foncière),https://donneesouvertes.affmunqc.net/role/RL58033_2026.xml,,,,
"934, Étienne-brûlé",,Boucherville,,,926.1,1982,362300,785900,1148200,2025,Logement,MAMH — Données Québec (rôle d'évaluation foncière),https://donneesouvertes.affmunqc.net/role/RL58033_2026.xml,,,,
"961, Duluth",,Boucherville,,,735.2,1982,317000,515300,832300,2025,Logement,MAMH — Données Québec (rôle d'évaluation foncière),https://donneesouvertes.affmunqc.net/role/RL58033_2026.xml,,,,
"912, Cook",,Boucherville,,,559.5,1982,265800,419800,685600,2025,Logement,MAMH — Données Québec (rôle d'évaluation foncière),https://donneesouvertes.affmunqc.net/role/RL58033_2026.xml,,,,
"915, Étienne-brûlé",,Boucherville,,,715.3,1981,312300,549000,861300,2025,Logement,MAMH — Données Québec (rôle d'évaluation foncière),https://donneesouvertes.affmunqc.net/role/RL58033_2026.xml,,,,
"916, Cook",,Boucherville,,,626.5,1982,291300,460000,751300,2025,Logement,MAMH — Données Québec (rôle d'évaluation foncière),https://donneesouvertes.affmunqc.net/role/RL58033_2026.xml,,,,
"919, Étienne-brûlé",,Boucherville,,,613.3,1981,288200,383000,671200,2025,Logement,MAMH — Données Québec (rôle d'évaluation foncière),https://donneesouvertes.affmunqc.net/role/RL58033_2026.xml,,,,
"918, Cook",,Boucherville,,,664.3,1983,300200,584100,884300,2025,Logement,MAMH — Données Québec (rôle d'évaluation foncière),https://donneesouvertes.affmunqc.net/role/RL58033_2026.xml,,,,
"921, Étienne-brûlé",,Boucherville,,,664.3,2015,300200,868300,1168500,2025,Logement,MAMH — Données Québec (rôle d'évaluation foncière),https://donneesouvertes.affmunqc.net/role/RL58033_2026.xml,,,,
"920, Cook",,Boucherville,,,664.3,1983,300200,565200,865400,2025,Logement,MAMH — Données Québec (rôle d'évaluation foncière),https://donneesouvertes.affmunqc.net/role/RL58033_2026.xml,,,,
"923, Étienne-brûlé",,Boucherville,,,664.3,1981,300200,423800,724000,2025,Logement,MAMH — Données Québec (rôle d'évaluation foncière),https://donneesouvertes.affmunqc.net/role/RL58033_2026.xml,,,,
"922, Cook",,Boucherville,,,664.3,1983,300200,856000,1156200,2025,Logement,MAMH — Données Québec (rôle d'évaluation foncière),https://donneesouvertes.affmunqc.net/role/RL58033_2026.xml,,,,
"924, Cook",,Boucherville,,,664.3,1982,300200,562800,863000,2025,Logement,MAMH — Données Québec (rôle d'évaluation foncière),https://donneesouvertes.affmunqc.net/role/RL58033_2026.xml,,,,
"921, Cook",,Boucherville,,,724.6,1983,314500,424300,738800,2025,Logement,MAMH — Données Québec (rôle d'évaluation foncière),https://donneesouvertes.affmunqc.net/role/RL58033_2026.xml,,,,
"926, Cook",,Boucherville,,,809.6,1983,334700,433700,768400,2025,Logement,MAMH — Données Québec (rôle d'évaluation foncière),https://donneesouvertes.affmunqc.net/role/RL58033_2026.xml,,,,
"923, Cook",,Boucherville,,,724.6,1983,314500,563500,878000,2025,Logement,MAMH — Données Québec (rôle d'évaluation foncière),https://donneesouvertes.affmunqc.net/role/RL58033_2026.xml,,,,
"911, Cook",,Boucherville,,,872.5,1982,349600,603700,953300,2025,Logement,MAMH — Données Québec (rôle d'évaluation foncière),https://donneesouvertes.affmunqc.net/role/RL58033_2026.xml,,,,
"906, De La Pérouse",,Boucherville,,,807.8,1987,334200,657500,991700,2025,Logement,MAMH — Données Québec (rôle d'évaluation foncière),https://donneesouvertes.affmunqc.net/role/RL58033_2026.xml,,,,
"913, Cook",,Boucherville,,,849.7,1983,344200,874900,1219100,2025,Logement,MAMH — Données Québec (rôle d'évaluation foncière),https://donneesouvertes.affmunqc.net/role/RL58033_2026.xml,,,,
"910, De La Pérouse",,Boucherville,,,760.3,1984,323000,524500,847500,2025,Logement,MAMH — Données Québec (rôle d'évaluation foncière),https://donneesouvertes.affmunqc.net/role/RL58033_2026.xml,,,,
"915, Cook",,Boucherville,,,744.7,1984,319300,665900,985200,2025,Logement,MAMH — Données Québec (rôle d'évaluation foncière),https://donneesouvertes.affmunqc.net/role/RL58033_2026.xml,,,,
"912, De La Pérouse",,Boucherville,,,686.9,1985,305600,570000,875600,2025,Logement,MAMH — Données Québec (rôle d'évaluation foncière),https://donneesouvertes.affmunqc.net/role/RL58033_2026.xml,,,,
"919, Cook",,Boucherville,,,724.6,1983,314500,389500,704000,2025,Logement,MAMH — Données Québec (rôle d'évaluation foncière),https://donneesouvertes.affmunqc.net/role/RL58033_2026.xml,,,,
"916, De La Pérouse",,Boucherville,,,707.7,1986,310500,595500,906000,2025,Logement,MAMH — Données Québec (rôle d'évaluation foncière),https://donneesouvertes.affmunqc.net/role/RL58033_2026.xml,,,,
"918, De La Pérouse",,Boucherville,,,748.3,1985,320100,570400,890500,2025,Logement,MAMH — Données Québec (rôle d'évaluation foncière),https://donneesouvertes.affmunqc.net/role/RL58033_2026.xml,,,,
"888, Duluth",,Boucherville,,,730.6,1983,316000,457200,773200,2025,Logement,MAMH — Données Québec (rôle d'évaluation foncière),https://donneesouvertes.affmunqc.net/role/RL58033_2026.xml,,,,
"904, De La Pérouse",,Boucherville,,,865.2,1985,347900,842100,1190000,2025,Logement,MAMH — Données Québec (rôle d'évaluation foncière),https://donneesouvertes.affmunqc.net/role/RL58033_2026.xml,,,,
"892, Duluth",,Boucherville,,,842.9,1981,342600,503300,845900,2025,Logement,MAMH — Données Québec (rôle d'évaluation foncière),https://donneesouvertes.affmunqc.net/role/RL58033_2026.xml,,,,
"902, De La Pérouse",,Boucherville,,,873.8,1997,349900,921800,1271700,2025,Logement,MAMH — Données Québec (rôle d'évaluation foncière),https://donneesouvertes.affmunqc.net/role/RL58033_2026.xml,,,,
"900, De La Pérouse",,Boucherville,,,662.1,1984,299700,473900,773600,2025,Logement,MAMH — Données Québec (rôle d'évaluation foncière),https://donneesouvertes.affmunqc.net/role/RL58033_2026.xml,,,,
"898, De La Pérouse",,Boucherville,,,708.2,1984,310600,586300,896900,2025,Logement,MAMH — Données Québec (rôle d'évaluation foncière),https://donneesouvertes.affmunqc.net/role/RL58033_2026.xml,,,,
"909, De La Pérouse",,Boucherville,,,976.4,1989,374200,681800,1056000,2025,Logement,MAMH — Données Québec (rôle d'évaluation foncière),https://donneesouvertes.affmunqc.net/role/RL58033_2026.xml,,,,
"903, De La Pérouse",,Boucherville,,,603.8,1986,285900,524600,810500,2025,Logement,MAMH — Données Québec (rôle d'évaluation foncière),https://donneesouvertes.affmunqc.net/role/RL58033_2026.xml,,,,
"901, De La Pérouse",,Boucherville,,,735.2,1984,317000,617000,934000,2025,Logement,MAMH — Données Québec (rôle d'évaluation foncière),https://donneesouvertes.affmunqc.net/role/RL58033_2026.xml,,,,
"911, De La Pérouse",,Boucherville,,,872.5,1987,349600,706200,1055800,2025,Logement,MAMH — Données Québec (rôle d'évaluation foncière),https://donneesouvertes.affmunqc.net/role/RL58033_2026.xml,,,,
"895, Duluth",,Boucherville,,,738.9,1985,333800,579000,912800,2025,Logement,MAMH — Données Québec (rôle d'évaluation foncière),https://donneesouvertes.affmunqc.net/role/RL58033_2026.xml,,,,
"899, Duluth",,Boucherville,,,669.9,1985,316600,548800,865400,2025,Logement,MAMH — Données Québec (rôle d'évaluation foncière),https://donneesouvertes.affmunqc.net/role/RL58033_2026.xml,,,,
"894, Amundsen",,Boucherville,,,732.1,1988,332100,749500,1081600,2025,Logement,MAMH — Données Québec (rôle d'évaluation foncière),https://donneesouvertes.affmunqc.net/role/RL58033_2026.xml,,,,
"901, Duluth",,Boucherville,,,603.9,1985,300200,595300,895500,2025,Logement,MAMH — Données Québec (rôle d'évaluation foncière),https://donneesouvertes.affmunqc.net/role/RL58033_2026.xml,,,,
"896, Amundsen",,Boucherville,,,768.9,1988,341300,669200,1010500,2025,Logement,MAMH — Données Québec (rôle d'évaluation foncière),https://donneesouvertes.affmunqc.net/role/RL58033_2026.xml,,,,
"903, Duluth",,Boucherville,,,603.9,1986,300200,592300,892500,2025,Logement,MAMH — Données Québec (rôle d'évaluation foncière),https://donneesouvertes.affmunqc.net/role/RL58033_2026.xml,,,,
"900, Amundsen",,Boucherville,,,665,1991,315400,648800,964200,2025,Logement,MAMH — Données Québec (rôle d'évaluation foncière),https://donneesouvertes.affmunqc.net/role/RL58033_2026.xml,,,,
"905, Duluth",,Boucherville,,,603.9,1986,300200,580500,880700,2025,Logement,MAMH — Données Québec (rôle d'évaluation foncière),https://donneesouvertes.affmunqc.net/role/RL58033_2026.xml,,,,
"902, Amundsen",,Boucherville,,,665,1988,315400,537400,852800,2025,Logement,MAMH — Données Québec (rôle d'évaluation foncière),https://donneesouvertes.affmunqc.net/role/RL58033_2026.xml,,,,
"694, Jacques-cartier",,Boucherville,,,792,1978,330500,418400,748900,2025,Logement,MAMH — Données Québec (rôle d'évaluation foncière),https://donneesouvertes.affmunqc.net/role/RL58033_2026.xml,,,,
"699, Jacques-cartier",,Boucherville,,,694.9,1981,307500,380100,687600,2025,Logement,MAMH — Données Québec (rôle d'évaluation foncière),https://donneesouvertes.affmunqc.net/role/RL58033_2026.xml,,,,
"890, Amundsen",,Boucherville,,,743.6,1990,335000,798800,1133800,2025,Logement,MAMH — Données Québec (rôle d'évaluation foncière),https://donneesouvertes.affmunqc.net/role/RL58033_2026.xml,,,,
"700, Jacques-cartier",,Boucherville,,,853.2,1979,345000,254200,599200,2025,Logement,MAMH — Données Québec (rôle d'évaluation foncière),https://donneesouvertes.affmunqc.net/role/RL58033_2026.xml,,,,
"891, Amundsen",,Boucherville,,,673.2,1988,302300,621100,923400,2025,Logement,MAMH — Données Québec (rôle d'évaluation foncière),https://donneesouvertes.affmunqc.net/role/RL58033_2026.xml,,,,
"704, Jacques-cartier",,Boucherville,,,600.1,1988,285000,365300,650300,2025,Logement,MAMH — Données Québec (rôle d'évaluation foncière),https://donneesouvertes.affmunqc.net/role/RL58033_2026.xml,,,,
"708, Jacques-cartier",,Boucherville,,,702.8,1986,309400,487100,796500,2025,Logement,MAMH — Données Québec (rôle d'évaluation foncière),https://donneesouvertes.affmunqc.net/role/RL58033_2026.xml,,,,
"895, Amundsen",,Boucherville,,,547.4,1990,260000,599100,859100,2025,Logement,MAMH — Données Québec (rôle d'évaluation foncière),https://donneesouvertes.affmunqc.net/role/RL58033_2026.xml,,,,
"894, De La Richardière",,Boucherville,,,701.6,1987,309100,447200,756300,2025,Logement,MAMH — Données Québec (rôle d'évaluation foncière),https://donneesouvertes.affmunqc.net/role/RL58033_2026.xml,,,,
"897, Amundsen",,Boucherville,,,570,1990,270800,840100,1110900,2025,Logement,MAMH — Données Québec (rôle d'évaluation foncière),https://donneesouvertes.affmunqc.net/role/RL58033_2026.xml,,,,
"716, Marco-polo",,Boucherville,,,607.6,1979,286800,397500,684300,2025,Logement,MAMH — Données Québec (rôle d'évaluation foncière),https://donneesouvertes.affmunqc.net/role/RL58033_2026.xml,,,,
"721, Marco-polo",,Boucherville,,,765.6,1986,324200,521200,845400,2025,Logement,MAMH — Données Québec (rôle d'évaluation foncière),https://donneesouvertes.affmunqc.net/role/RL58033_2026.xml,,,,
"718, Marco-polo",,Boucherville,,,603.9,1980,285900,399100,685000,2025,Logement,MAMH — Données Québec (rôle d'évaluation foncière),https://donneesouvertes.affmunqc.net/role/RL58033_2026.xml,,,,
"705, Jacques-cartier",,Boucherville,,,569.6,1987,270600,353300,623900,2025,Logement,MAMH — Données Québec (rôle d'évaluation foncière),https://donneesouvertes.affmunqc.net/role/RL58033_2026.xml,,,,
"722, Marco-polo",,Boucherville,,,636,1986,293500,533900,827400,2025,Logement,MAMH — Données Québec (rôle d'évaluation foncière),https://donneesouvertes.affmunqc.net/role/RL58033_2026.xml,,,,
"709, Jacques-cartier",,Boucherville,,,636.9,1987,293700,388400,682100,2025,Logement,MAMH — Données Québec (rôle d'évaluation foncière),https://donneesouvertes.affmunqc.net/role/RL58033_2026.xml,,,,
"711, Jacques-cartier",,Boucherville,,,364.6,,173200,,173200,2025,Immeuble commercial,MAMH — Données Québec (rôle d'évaluation foncière),https://donneesouvertes.affmunqc.net/role/RL58033_2026.xml,,,,
"728, Marco-polo",,Boucherville,,,576,1987,273600,634000,907600,2025,Logement,MAMH — Données Québec (rôle d'évaluation foncière),https://donneesouvertes.affmunqc.net/role/RL58033_2026.xml,,,,
"715, Jacques-cartier",,Boucherville,,,652.3,1987,297400,465800,763200,2025,Logement,MAMH — Données Québec (rôle d'évaluation foncière),https://donneesouvertes.affmunqc.net/role/RL58033_2026.xml,,,,
"730, Marco-polo",,Boucherville,,,576,1987,273600,416900,690500,2025,Logement,MAMH — Données Québec (rôle d'évaluation foncière),https://donneesouvertes.affmunqc.net/role/RL58033_2026.xml,,,,
"719, Jacques-cartier",,Boucherville,,,590.8,1986,280600,350700,631300,2025,Logement,MAMH — Données Québec (rôle d'évaluation foncière),https://donneesouvertes.affmunqc.net/role/RL58033_2026.xml,,,,
"721, Jacques-cartier",,Boucherville,,,590.8,1987,280600,514900,795500,2025,Logement,MAMH — Données Québec (rôle d'évaluation foncière),https://donneesouvertes.affmunqc.net/role/RL58033_2026.xml,,,,
"725, Jacques-cartier",,Boucherville,,,590.8,1987,280600,386400,667000,2025,Logement,MAMH — Données Québec (rôle d'évaluation foncière),https://donneesouvertes.affmunqc.net/role/RL58033_2026.xml,,,,
"731, Marco-polo",,Boucherville,,,936.6,1998,364800,829000,1193800,2025,Logement,MAMH — Données Québec (rôle d'évaluation foncière),https://donneesouvertes.affmunqc.net/role/RL58033_2026.xml,,,,
"735, Marco-polo",,Boucherville,,,764.7,1987,324000,506900,830900,2025,Logement,MAMH — Données Québec (rôle d'évaluation foncière),https://donneesouvertes.affmunqc.net/role/RL58033_2026.xml,,,,
"737, Marco-polo",,Boucherville,,,627.3,1986,291500,389900,681400,2025,Logement,MAMH — Données Québec (rôle d'évaluation foncière),https://donneesouvertes.affmunqc.net/role/RL58033_2026.xml,,,,
"788, Samuel-de Champlain",,Boucherville,,,659.8,1987,299200,449900,749100,2025,Logement,MAMH — Données Québec (rôle d'évaluation foncière),https://donneesouvertes.affmunqc.net/role/RL58033_2026.xml,,,,
"741, Marco-polo",,Boucherville,,,655.2,1987,298100,507300,805400,2025,Logement,MAMH — Données Québec (rôle d'évaluation foncière),https://donneesouvertes.affmunqc.net/role/RL58033_2026.xml,,,,
"790, Samuel-de Champlain",,Boucherville,,,717.5,1987,312800,420600,733400,2025,Logement,MAMH — Données Québec (rôle d'évaluation foncière),https://donneesouvertes.affmunqc.net/role/RL58033_2026.xml,,,,
"736, Marco-polo",,Boucherville,,,576,1987,273600,482900,756500,2025,Logement,MAMH — Données Québec (rôle d'évaluation foncière),https://donneesouvertes.affmunqc.net/role/RL58033_2026.xml,,,,
"792, Samuel-de Champlain",,Boucherville,,,762.1,1987,323400,572600,896000,2025,Logement,MAMH — Données Québec (rôle d'évaluation foncière),https://donneesouvertes.affmunqc.net/role/RL58033_2026.xml,,,,
"740, Marco-polo",,Boucherville,,,576,1987,273600,510500,784100,2025,Logement,MAMH — Données Québec (rôle d'évaluation foncière),https://donneesouvertes.affmunqc.net/role/RL58033_2026.xml,,,,
"780, Samuel-de Champlain",,Boucherville,,,158.3,,75200,,75200,2025,Logement,MAMH — Données Québec (rôle d'évaluation foncière),https://donneesouvertes.affmunqc.net/role/RL58033_2026.xml,,,,
"784, Samuel-de Champlain",,Boucherville,,,670.7,1987,301800,402700,704500,2025,Logement,MAMH — Données Québec (rôle d'évaluation foncière),https://donneesouvertes.affmunqc.net/role/RL58033_2026.xml,,,,
"786, Samuel-de Champlain",,Boucherville,,,687.2,1987,305700,339100,644800,2025,Logement,MAMH — Données Québec (rôle d'évaluation foncière),https://donneesouvertes.affmunqc.net/role/RL58033_2026.xml,,,,
"747, Samuel-de Champlain",,Boucherville,,,382.9,1991,181900,295800,477700,2025,Logement,MAMH — Données Québec (rôle d'évaluation foncière),https://donneesouvertes.affmunqc.net/role/RL58033_2026.xml,,,,
"749, Samuel-de Champlain",,Boucherville,,,377.4,1991,179300,303300,482600,2025,Logement,MAMH — Données Québec (rôle d'évaluation foncière),https://donneesouvertes.affmunqc.net/role/RL58033_2026.xml,,,,
"751, Samuel-de Champlain",,Boucherville,,,377.4,1991,179300,318800,498100,2025,Logement,MAMH — Données Québec (rôle d'évaluation foncière),https://donneesouvertes.affmunqc.net/role/RL58033_2026.xml,,,,
"753, Samuel-de Champlain",,Boucherville,,,382.9,1991,181900,311900,493800,2025,Logement,MAMH — Données Québec (rôle d'évaluation foncière),https://donneesouvertes.affmunqc.net/role/RL58033_2026.xml,,,,
"755, Samuel-de Champlain",,Boucherville,,,382.9,1991,181900,292500,474400,2025,Logement,MAMH — Données Québec (rôle d'évaluation foncière),https://donneesouvertes.affmunqc.net/role/RL58033_2026.xml,,,,
"757, Samuel-de Champlain",,Boucherville,,,377.4,1991,179300,306000,485300,2025,Logement,MAMH — Données Québec (rôle d'évaluation foncière),https://donneesouvertes.affmunqc.net/role/RL58033_2026.xml,,,,
"759, Samuel-de Champlain",,Boucherville,,,377.4,1991,179300,284700,464000,2025,Logement,MAMH — Données Québec (rôle d'évaluation foncière),https://donneesouvertes.affmunqc.net/role/RL58033_2026.xml,,,,
"761, Samuel-de Champlain",,Boucherville,,,382.9,1991,181900,278400,460300,2025,Logement,MAMH — Données Québec (rôle d'évaluation foncière),https://donneesouvertes.affmunqc.net/role/RL58033_2026.xml,,,,
"763, Samuel-de Champlain",,Boucherville,,,382.9,1991,181900,293000,474900,2025,Logement,MAMH — Données Québec (rôle d'évaluation foncière),https://donneesouvertes.affmunqc.net/role/RL58033_2026.xml,,,,
"765, Samuel-de Champlain",,Boucherville,,,377.4,1990,179300,308000,487300,2025,Logement,MAMH — Données Québec (rôle d'évaluation foncière),https://donneesouvertes.affmunqc.net/role/RL58033_2026.xml,,,,
"767, Samuel-de Champlain",,Boucherville,,,382.9,1991,181900,297400,479300,2025,Logement,MAMH — Données Québec (rôle d'évaluation foncière),https://donneesouvertes.affmunqc.net/role/RL58033_2026.xml,,,,
"769, Samuel-de Champlain",,Boucherville,,,382.9,1991,181900,294000,475900,2025,Logement,MAMH — Données Québec (rôle d'évaluation foncière),https://donneesouvertes.affmunqc.net/role/RL58033_2026.xml,,,,
"771, Samuel-de Champlain",,Boucherville,,,377.4,1990,179300,322900,502200,2025,Logement,MAMH — Données Québec (rôle d'évaluation foncière),https://donneesouvertes.affmunqc.net/role/RL58033_2026.xml,,,,
"773, Samuel-de Champlain",,Boucherville,,,382.9,1990,181900,302300,484200,2025,Logement,MAMH — Données Québec (rôle d'évaluation foncière),https://donneesouvertes.affmunqc.net/role/RL58033_2026.xml,,,,
"775, Samuel-de Champlain",,Boucherville,,,382.9,1990,181900,293600,475500,2025,Logement,MAMH — Données Québec (rôle d'évaluation foncière),https://donneesouvertes.affmunqc.net/role/RL58033_2026.xml,,,,
"777, Samuel-de Champlain",,Boucherville,,,377.4,1990,179300,284000,463300,2025,Logement,MAMH — Données Québec (rôle d'évaluation foncière),https://donneesouvertes.affmunqc.net/role/RL58033_2026.xml,,,,
"779, Samuel-de Champlain",,Boucherville,,,377.4,1990,179300,305800,485100,2025,Logement,MAMH — Données Québec (rôle d'évaluation foncière),https://donneesouvertes.affmunqc.net/role/RL58033_2026.xml,,,,
"780, Découvreurs",,Boucherville,,,413.4,1992,196400,322500,518900,2025,Logement,MAMH — Données Québec (rôle d'évaluation foncière),https://donneesouvertes.affmunqc.net/role/RL58033_2026.xml,,,,
"781, Samuel-de Champlain",,Boucherville,,,382.9,1990,181900,281100,463000,2025,Logement,MAMH — Données Québec (rôle d'évaluation foncière),https://donneesouvertes.affmunqc.net/role/RL58033_2026.xml,,,,
"782, Découvreurs",,Boucherville,,,399.2,1992,189600,327300,516900,2025,Logement,MAMH — Données Québec (rôle d'évaluation foncière),https://donneesouvertes.affmunqc.net/role/RL58033_2026.xml,,,,
"783, Samuel-de Champlain",,Boucherville,,,382.9,1990,181900,297800,479700,2025,Logement,MAMH — Données Québec (rôle d'évaluation foncière),https://donneesouvertes.affmunqc.net/role/RL58033_2026.xml,,,,
"784, Découvreurs",,Boucherville,,,399.2,1993,189600,333200,522800,2025,Logement,MAMH — Données Québec (rôle d'évaluation foncière),https://donneesouvertes.affmunqc.net/role/RL58033_2026.xml,,,,
"785, Samuel-de Champlain",,Boucherville,,,376.6,1990,178900,276500,455400,2025,Logement,MAMH — Données Québec (rôle d'évaluation foncière),https://donneesouvertes.affmunqc.net/role/RL58033_2026.xml,,,,
"786, Découvreurs",,Boucherville,,,413.4,1992,196400,318600,515000,2025,Logement,MAMH — Données Québec (rôle d'évaluation foncière),https://donneesouvertes.affmunqc.net/role/RL58033_2026.xml,,,,
"787, Samuel-de Champlain",,Boucherville,,,382.9,1990,181900,318800,500700,2025,Logement,MAMH — Données Québec (rôle d'évaluation foncière),https://donneesouvertes.affmunqc.net/role/RL58033_2026.xml,,,,
"790, Découvreurs",,Boucherville,,,413.4,1994,196400,312200,508600,2025,Logement,MAMH — Données Québec (rôle d'évaluation foncière),https://donneesouvertes.affmunqc.net/role/RL58033_2026.xml,,,,
"792, Découvreurs",,Boucherville,,,399.2,1994,189600,301200,490800,2025,Logement,MAMH — Données Québec (rôle d'évaluation foncière),https://donneesouvertes.affmunqc.net/role/RL58033_2026.xml,,,,
"794, Découvreurs",,Boucherville,,,399.2,1995,189600,280100,469700,2025,Logement,MAMH — Données Québec (rôle d'évaluation foncière),https://donneesouvertes.affmunqc.net/role/RL58033_2026.xml,,,,
"796, Découvreurs",,Boucherville,,,413.4,1994,196400,332500,528900,2025,Logement,MAMH — Données Québec (rôle d'évaluation foncière),https://donneesouvertes.affmunqc.net/role/RL58033_2026.xml,,,,
"832, De Montbrun",,Boucherville,,,382.9,1992,181900,260700,442600,2025,Logement,MAMH — Données Québec (rôle d'évaluation foncière),https://donneesouvertes.affmunqc.net/role/RL58033_2026.xml,,,,
"834, De Montbrun",,Boucherville,,,382.9,1992,181900,288500,470400,2025,Logement,MAMH — Données Québec (rôle d'évaluation foncière),https://donneesouvertes.affmunqc.net/role/RL58033_2026.xml,,,,
"836, De Montbrun",,Boucherville,,,382.9,1992,181900,321800,503700,2025,Logement,MAMH — Données Québec (rôle d'évaluation foncière),https://donneesouvertes.affmunqc.net/role/RL58033_2026.xml,,,,
"838, De Montbrun",,Boucherville,,,377.4,1992,179300,314400,493700,2025,Logement,MAMH — Données Québec (rôle d'évaluation foncière),https://donneesouvertes.affmunqc.net/role/RL58033_2026.xml,,,,
"840, De Montbrun",,Boucherville,,,382.9,1991,181900,347300,529200,2025,Logement,MAMH — Données Québec (rôle d'évaluation foncière),https://donneesouvertes.affmunqc.net/role/RL58033_2026.xml,,,,
"957, Duluth",,Boucherville,,,603.9,1982,285900,439000,724900,2025,Logement,MAMH — Données Québec (rôle d'évaluation foncière),https://donneesouvertes.affmunqc.net/role/RL58033_2026.xml,,,,
"661, Vikings",,Boucherville,,,860.7,1987,346800,719200,1066000,2025,Logement,MAMH — Données Québec (rôle d'évaluation foncière),https://donneesouvertes.affmunqc.net/role/RL58033_2026.xml,,,,
"955, Duluth",,Boucherville,,,603.9,1983,285900,491200,777100,2025,Logement,MAMH — Données Québec (rôle d'évaluation foncière),https://donneesouvertes.affmunqc.net/role/RL58033_2026.xml,,,,
"665, Vikings",,Boucherville,,,715.5,1987,312400,852300,1164700,2025,Logement,MAMH — Données Québec (rôle d'évaluation foncière),https://donneesouvertes.affmunqc.net/role/RL58033_2026.xml,,,,
"953, Duluth",,Boucherville,,,603.9,1983,285900,551500,837400,2025,Logement,MAMH — Données Québec (rôle d'évaluation foncière),https://donneesouvertes.affmunqc.net/role/RL58033_2026.xml,,,,
"667, Vikings",,Boucherville,,,715.5,1988,312400,778900,1091300,2025,Logement,MAMH — Données Québec (rôle d'évaluation foncière),https://donneesouvertes.affmunqc.net/role/RL58033_2026.xml,,,,
"664, Vikings",,Boucherville,,,650.4,1987,296900,586300,883200,2025,Logement,MAMH — Données Québec (rôle d'évaluation foncière),https://donneesouvertes.affmunqc.net/role/RL58033_2026.xml,,,,
"671, Vikings",,Boucherville,,,715.9,1988,312500,599500,912000,2025,Logement,MAMH — Données Québec (rôle d'évaluation foncière),https://donneesouvertes.affmunqc.net/role/RL58033_2026.xml,,,,
"668, Vikings",,Boucherville,,,650.4,1987,296900,568500,865400,2025,Logement,MAMH — Données Québec (rôle d'évaluation foncière),https://donneesouvertes.affmunqc.net/role/RL58033_2026.xml,,,,
"675, Vikings",,Boucherville,,,723.3,1988,314200,758600,1072800,2025,Logement,MAMH — Données Québec (rôle d'évaluation foncière),https://donneesouvertes.affmunqc.net/role/RL58033_2026.xml,,,,
"670, Vikings",,Boucherville,,,650.4,1987,296900,581200,878100,2025,Logement,MAMH — Données Québec (rôle d'évaluation foncière),https://donneesouvertes.affmunqc.net/role/RL58033_2026.xml,,,,
"679, Mortagne",,Boucherville,,,650.4,1997,296900,452700,749600,2025,Logement,MAMH — Données Québec (rôle d'évaluation foncière),https://donneesouvertes.affmunqc.net/role/RL58033_2026.xml,,,,
"925, Cook",,Boucherville,,,724.6,1984,314500,474300,788800,2025,Logement,MAMH — Données Québec (rôle d'évaluation foncière),https://donneesouvertes.affmunqc.net/role/RL58033_2026.xml,,,,
"927, Cook",,Boucherville,,,880.4,1984,351500,598600,950100,2025,Logement,MAMH — Données Québec (rôle d'évaluation foncière),https://donneesouvertes.affmunqc.net/role/RL58033_2026.xml,,,,
"924, De La Pérouse",,Boucherville,,,735.8,1984,317200,599400,916600,2025,Logement,MAMH — Données Québec (rôle d'évaluation foncière),https://donneesouvertes.affmunqc.net/role/RL58033_2026.xml,,,,
"951, Duluth",,Boucherville,,,603.9,1984,285900,576900,862800,2025,Logement,MAMH — Données Québec (rôle d'évaluation foncière),https://donneesouvertes.affmunqc.net/role/RL58033_2026.xml,,,,
"928, De La Pérouse",,Boucherville,,,965.4,1985,371600,545900,917500,2025,Logement,MAMH — Données Québec (rôle d'évaluation foncière),https://donneesouvertes.affmunqc.net/role/RL58033_2026.xml,,,,
"947, Duluth",,Boucherville,,,618.7,1983,289400,495600,785000,2025,Logement,MAMH — Données Québec (rôle d'évaluation foncière),https://donneesouvertes.affmunqc.net/role/RL58033_2026.xml,,,,
"945, Duluth",,Boucherville,,,615.9,1984,288800,367400,656200,2025,Logement,MAMH — Données Québec (rôle d'évaluation foncière),https://donneesouvertes.affmunqc.net/role/RL58033_2026.xml,,,,
"677, Vikings",,Boucherville,,,736.2,1987,317300,778800,1096100,2025,Logement,MAMH — Données Québec (rôle d'évaluation foncière),https://donneesouvertes.affmunqc.net/role/RL58033_2026.xml,,,,
"943, Duluth",,Boucherville,,,615.9,1984,288800,449800,738600,2025,Logement,MAMH — Données Québec (rôle d'évaluation foncière),https://donneesouvertes.affmunqc.net/role/RL58033_2026.xml,,,,
"920, De La Pérouse",,Boucherville,,,735.8,1986,317200,578900,896100,2025,Logement,MAMH — Données Québec (rôle d'évaluation foncière),https://donneesouvertes.affmunqc.net/role/RL58033_2026.xml,,,,
"915, De La Pérouse",,Boucherville,,,893.8,1985,354600,797300,1151900,2025,Logement,MAMH — Données Québec (rôle d'évaluation foncière),https://donneesouvertes.affmunqc.net/role/RL58033_2026.xml,,,,
"922, De La Pérouse",,Boucherville,,,735.8,1985,317200,650900,968100,2025,Logement,MAMH — Données Québec (rôle d'évaluation foncière),https://donneesouvertes.affmunqc.net/role/RL58033_2026.xml,,,,
"917, De La Pérouse",,Boucherville,,,810.6,1984,334900,577500,912400,2025,Logement,MAMH — Données Québec (rôle d'évaluation foncière),https://donneesouvertes.affmunqc.net/role/RL58033_2026.xml,,,,
"919, De La Pérouse",,Boucherville,,,947.8,1986,367400,578900,946300,2025,Logement,MAMH — Données Québec (rôle d'évaluation foncière),https://donneesouvertes.affmunqc.net/role/RL58033_2026.xml,,,,
"925, De La Pérouse",,Boucherville,,,906,1985,357500,900900,1258400,2025,Logement,MAMH — Données Québec (rôle d'évaluation foncière),https://donneesouvertes.affmunqc.net/role/RL58033_2026.xml,,,,
"920, Duluth",,Boucherville,,,726.4,1986,315000,532400,847400,2025,Logement,MAMH — Données Québec (rôle d'évaluation foncière),https://donneesouvertes.affmunqc.net/role/RL58033_2026.xml,,,,
"929, De La Pérouse",,Boucherville,,,1191,1985,425100,796800,1221900,2025,Logement,MAMH — Données Québec (rôle d'évaluation foncière),https://donneesouvertes.affmunqc.net/role/RL58033_2026.xml,,,,
"922, Duluth",,Boucherville,,,715.8,1986,312400,444200,756600,2025,Logement,MAMH — Données Québec (rôle d'évaluation foncière),https://donneesouvertes.affmunqc.net/role/RL58033_2026.xml,,,,
"926, Duluth",,Boucherville,,,1001.7,1986,380200,599100,979300,2025,Logement,MAMH — Données Québec (rôle d'évaluation foncière),https://donneesouvertes.affmunqc.net/role/RL58033_2026.xml,,,,
"910, Duluth",,Boucherville,,,748.6,1986,320200,619000,939200,2025,Logement,MAMH — Données Québec (rôle d'évaluation foncière),https://donneesouvertes.affmunqc.net/role/RL58033_2026.xml,,,,
"907, Duluth",,Boucherville,,,603.9,1986,300200,547800,848000,2025,Logement,MAMH — Données Québec (rôle d'évaluation foncière),https://donneesouvertes.affmunqc.net/role/RL58033_2026.xml,,,,
"914, Duluth",,Boucherville,,,763.8,1987,323800,547400,871200,2025,Logement,MAMH — Données Québec (rôle d'évaluation foncière),https://donneesouvertes.affmunqc.net/role/RL58033_2026.xml,,,,
"909, Duluth",,Boucherville,,,655.2,1987,313000,568700,881700,2025,Logement,MAMH — Données Québec (rôle d'évaluation foncière),https://donneesouvertes.affmunqc.net/role/RL58033_2026.xml,,,,
"916, Duluth",,Boucherville,,,753.4,1986,321400,617300,938700,2025,Logement,MAMH — Données Québec (rôle d'évaluation foncière),https://donneesouvertes.affmunqc.net/role/RL58033_2026.xml,,,,
"911, Duluth",,Boucherville,,,714.8,1987,327800,691900,1019700,2025,Logement,MAMH — Données Québec (rôle d'évaluation foncière),https://donneesouvertes.affmunqc.net/role/RL58033_2026.xml,,,,
"918, Duluth",,Boucherville,,,740.6,1986,318300,934200,1252500,2025,Logement,MAMH — Données Québec (rôle d'évaluation foncière),https://donneesouvertes.affmunqc.net/role/RL58033_2026.xml,,,,
"913, Duluth",,Boucherville,,,766.5,1987,340700,741800,1082500,2025,Logement,MAMH — Données Québec (rôle d'évaluation foncière),https://donneesouvertes.affmunqc.net/role/RL58033_2026.xml,,,,
"915, Duluth",,Boucherville,,,724.6,1988,330300,681800,1012100,2025,Logement,MAMH — Données Québec (rôle d'évaluation foncière),https://donneesouvertes.affmunqc.net/role/RL58033_2026.xml,,,,
"917, Duluth",,Boucherville,,,724.6,1988,330300,734200,1064500,2025,Logement,MAMH — Données Québec (rôle d'évaluation foncière),https://donneesouvertes.affmunqc.net/role/RL58033_2026.xml,,,,
"904, Amundsen",,Boucherville,,,700,1990,324100,577500,901600,2025,Logement,MAMH — Données Québec (rôle d'évaluation foncière),https://donneesouvertes.affmunqc.net/role/RL58033_2026.xml,,,,
"908, Amundsen",,Boucherville,,,700,1988,324100,1031400,1355500,2025,Logement,MAMH — Données Québec (rôle d'évaluation foncière),https://donneesouvertes.affmunqc.net/role/RL58033_2026.xml,,,,
"910, Amundsen",,Boucherville,,,717.5,1996,328500,756200,1084700,2025,Logement,MAMH — Données Québec (rôle d'évaluation foncière),https://donneesouvertes.affmunqc.net/role/RL58033_2026.xml,,,,
"907, Amundsen",,Boucherville,,,540,1988,256500,432600,689100,2025,Logement,MAMH — Données Québec (rôle d'évaluation foncière),https://donneesouvertes.affmunqc.net/role/RL58033_2026.xml,,,,
"912, Amundsen",,Boucherville,,,210,,99800,,99800,2025,Immeuble commercial,MAMH — Données Québec (rôle d'évaluation foncière),https://donneesouvertes.affmunqc.net/role/RL58033_2026.xml,,,,
"909, Amundsen",,Boucherville,,,540,1988,256500,611000,867500,2025,Logement,MAMH — Données Québec (rôle d'évaluation foncière),https://donneesouvertes.affmunqc.net/role/RL58033_2026.xml,,,,
"914, Amundsen",,Boucherville,,,1032.5,1990,406900,1001300,1408200,2025,Logement,MAMH — Données Québec (rôle d'évaluation foncière),https://donneesouvertes.affmunqc.net/role/RL58033_2026.xml,,,,
"912, De La Richardière",,Boucherville,,,360,,85500,,85500,2025,Immeuble commercial,MAMH — Données Québec (rôle d'évaluation foncière),https://donneesouvertes.affmunqc.net/role/RL58033_2026.xml,,,,
"915, Amundsen",,Boucherville,,,540,1988,256500,483700,740200,2025,Logement,MAMH — Données Québec (rôle d'évaluation foncière),https://donneesouvertes.affmunqc.net/role/RL58033_2026.xml,,,,
"896, De La Richardière",,Boucherville,,,571.1,1987,271300,514400,785700,2025,Logement,MAMH — Données Québec (rôle d'évaluation foncière),https://donneesouvertes.affmunqc.net/role/RL58033_2026.xml,,,,
"899, Amundsen",,Boucherville,,,540,1995,256500,568700,825200,2025,Logement,MAMH — Données Québec (rôle d'évaluation foncière),https://donneesouvertes.affmunqc.net/role/RL58033_2026.xml,,,,
"900, De La Richardière",,Boucherville,,,540,1987,256500,493500,750000,2025,Logement,MAMH — Données Québec (rôle d'évaluation foncière),https://donneesouvertes.affmunqc.net/role/RL58033_2026.xml,,,,
"901, Amundsen",,Boucherville,,,540,1988,256500,601400,857900,2025,Logement,MAMH — Données Québec (rôle d'évaluation foncière),https://donneesouvertes.affmunqc.net/role/RL58033_2026.xml,,,,
"902, De La Richardière",,Boucherville,,,540,1987,256500,467900,724400,2025,Logement,MAMH — Données Québec (rôle d'évaluation foncière),https://donneesouvertes.affmunqc.net/role/RL58033_2026.xml,,,,
"905, Amundsen",,Boucherville,,,540,1989,256500,558400,814900,2025,Logement,MAMH — Données Québec (rôle d'évaluation foncière),https://donneesouvertes.affmunqc.net/role/RL58033_2026.xml,,,,
"901, De La Richardière",,Boucherville,,,623.1,1988,290500,571500,862000,2025,Logement,MAMH — Données Québec (rôle d'évaluation foncière),https://donneesouvertes.affmunqc.net/role/RL58033_2026.xml,,,,
"904, De La Richardière",,Boucherville,,,540,1987,256500,541800,798300,2025,Logement,MAMH — Données Québec (rôle d'évaluation foncière),https://donneesouvertes.affmunqc.net/role/RL58033_2026.xml,,,,
"908, De La Richardière",,Boucherville,,,540,1987,256500,399200,655700,2025,Logement,MAMH — Données Québec (rôle d'évaluation foncière),https://donneesouvertes.affmunqc.net/role/RL58033_2026.xml,,,,
"905, De La Richardière",,Boucherville,,,651.7,1987,297300,530800,828100,2025,Logement,MAMH — Données Québec (rôle d'évaluation foncière),https://donneesouvertes.affmunqc.net/role/RL58033_2026.xml,,,,
"910, De La Richardière",,Boucherville,,,540,1987,256500,396500,653000,2025,Logement,MAMH — Données Québec (rôle d'évaluation foncière),https://donneesouvertes.affmunqc.net/role/RL58033_2026.xml,,,,
"720, Catherine-des Granches",,Boucherville,,,484.4,1988,230100,523200,753300,2025,Logement,MAMH — Données Québec (rôle d'évaluation foncière),https://donneesouvertes.affmunqc.net/role/RL58033_2026.xml,,,,
"909, De La Richardière",,Boucherville,,,540,1987,256500,396200,652700,2025,Logement,MAMH — Données Québec (rôle d'évaluation foncière),https://donneesouvertes.affmunqc.net/role/RL58033_2026.xml,,,,
"720, Jacques-cartier",,Boucherville,,,736.3,1987,317300,442800,760100,2025,Logement,MAMH — Données Québec (rôle d'évaluation foncière),https://donneesouvertes.affmunqc.net/role/RL58033_2026.xml,,,,
"729, Jacques-cartier",,Boucherville,,,590.8,1988,280600,590900,871500,2025,Logement,MAMH — Données Québec (rôle d'évaluation foncière),https://donneesouvertes.affmunqc.net/role/RL58033_2026.xml,,,,
"895, De La Richardière",,Boucherville,,,697.7,1987,308200,475700,783900,2025,Logement,MAMH — Données Québec (rôle d'évaluation foncière),https://donneesouvertes.affmunqc.net/role/RL58033_2026.xml,,,,
"722, Jacques-cartier",,Boucherville,,,565.5,1986,268600,542700,811300,2025,Logement,MAMH — Données Québec (rôle d'évaluation foncière),https://donneesouvertes.affmunqc.net/role/RL58033_2026.xml,,,,
"726, Jacques-cartier",,Boucherville,,,565.5,1986,268600,428000,696600,2025,Logement,MAMH — Données Québec (rôle d'évaluation foncière),https://donneesouvertes.affmunqc.net/role/RL58033_2026.xml,,,,
"721, Catherine-des Granches",,Boucherville,,,526.5,1988,250100,439500,689600,2025,Logement,MAMH — Données Québec (rôle d'évaluation foncière),https://donneesouvertes.affmunqc.net/role/RL58033_2026.xml,,,,
"730, Jacques-cartier",,Boucherville,,,565.5,1986,268600,488100,756700,2025,Logement,MAMH — Données Québec (rôle d'évaluation foncière),https://donneesouvertes.affmunqc.net/role/RL58033_2026.xml,,,,
"725, Catherine-des Granches",,Boucherville,,,493,1987,234200,502900,737100,2025,Logement,MAMH — Données Québec (rôle d'évaluation foncière),https://donneesouvertes.affmunqc.net/role/RL58033_2026.xml,,,,
"734, Jacques-cartier",,Boucherville,,,566.3,1986,269000,429900,698900,2025,Logement,MAMH — Données Québec (rôle d'évaluation foncière),https://donneesouvertes.affmunqc.net/role/RL58033_2026.xml,,,,
"727, Catherine-des Granches",,Boucherville,,,493,1988,234200,474000,708200,2025,Logement,MAMH — Données Québec (rôle d'évaluation foncière),https://donneesouvertes.affmunqc.net/role/RL58033_2026.xml,,,,
"729, Catherine-des Granches",,Boucherville,,,493,1987,234200,384200,618400,2025,Logement,MAMH — Données Québec (rôle d'évaluation foncière),https://donneesouvertes.affmunqc.net/role/RL58033_2026.xml,,,,
"811, Samuel-de Champlain",,Boucherville,,,888.5,1987,353400,474400,827800,2025,Logement,MAMH — Données Québec (rôle d'évaluation foncière),https://donneesouvertes.affmunqc.net/role/RL58033_2026.xml,,,,
"744, Marco-polo",,Boucherville,,,636,1987,293500,404400,697900,2025,Logement,MAMH — Données Québec (rôle d'évaluation foncière),https://donneesouvertes.affmunqc.net/role/RL58033_2026.xml,,,,
"800, Samuel-de Champlain",,Boucherville,,,575.6,1986,273400,407000,680400,2025,Logement,MAMH — Données Québec (rôle d'évaluation foncière),https://donneesouvertes.affmunqc.net/role/RL58033_2026.xml,,,,
"804, Samuel-de Champlain",,Boucherville,,,636.5,1988,293700,610600,904300,2025,Logement,MAMH — Données Québec (rôle d'évaluation foncière),https://donneesouvertes.affmunqc.net/role/RL58033_2026.xml,,,,
"795, Samuel-de Champlain",,Boucherville,,,836.94,1987,341200,358500,699700,2025,Logement,MAMH — Données Québec (rôle d'évaluation foncière),https://donneesouvertes.affmunqc.net/role/RL58033_2026.xml,,,,
"797, Samuel-de Champlain",,Boucherville,,,836.9,1986,341100,389400,730500,2025,Logement,MAMH — Données Québec (rôle d'évaluation foncière),https://donneesouvertes.affmunqc.net/role/RL58033_2026.xml,,,,
"799, Samuel-de Champlain",,Boucherville,,,836.9,1987,341100,618400,959500,2025,Logement,MAMH — Données Québec (rôle d'évaluation foncière),https://donneesouvertes.affmunqc.net/role/RL58033_2026.xml,,,,
"801, Samuel-de Champlain",,Boucherville,,,836.9,1987,341100,358100,699200,2025,Logement,MAMH — Données Québec (rôle d'évaluation foncière),https://donneesouvertes.affmunqc.net/role/RL58033_2026.xml,,,,
"805, Samuel-de Champlain",,Boucherville,,,748.6,1987,320200,401700,721900,2025,Logement,MAMH — Données Québec (rôle d'évaluation foncière),https://donneesouvertes.affmunqc.net/role/RL58033_2026.xml,,,,
"789, Samuel-de Champlain",,Boucherville,,,1002.1,1986,334700,522400,857100,2025,Logement,MAMH — Données Québec (rôle d'évaluation foncière),https://donneesouvertes.affmunqc.net/role/RL58033_2026.xml,,,,
"791, Samuel-de Champlain",,Boucherville,,,836.9,1987,341100,326100,667200,2025,Logement,MAMH — Données Québec (rôle d'évaluation foncière),https://donneesouvertes.affmunqc.net/role/RL58033_2026.xml,,,,
"854, Joseph-le Caron",,Boucherville,,,1298,1989,303900,656600,960500,2025,Logement,MAMH — Données Québec (rôle d'évaluation foncière),https://donneesouvertes.affmunqc.net/role/RL58033_2026.xml,,,,
"850, Joseph-le Caron",,Boucherville,,,929.7,1990,273000,623200,896200,2025,Logement,MAMH — Données Québec (rôle d'évaluation foncière),https://donneesouvertes.affmunqc.net/role/RL58033_2026.xml,,,,
"858, Joseph-le Caron",,Boucherville,,,694.9,1988,249500,433200,682700,2025,Logement,MAMH — Données Québec (rôle d'évaluation foncière),https://donneesouvertes.affmunqc.net/role/RL58033_2026.xml,,,,
"860, Joseph-le Caron",,Boucherville,,,729.1,1989,252900,431900,684800,2025,Logement,MAMH — Données Québec (rôle d'évaluation foncière),https://donneesouvertes.affmunqc.net/role/RL58033_2026.xml,,,,
"674, Vikings",,Boucherville,,,650.4,1987,296900,649700,946600,2025,Logement,MAMH — Données Québec (rôle d'évaluation foncière),https://donneesouvertes.affmunqc.net/role/RL58033_2026.xml,,,,
"683, Mortagne",,Boucherville,,,650.4,1995,296900,408200,705100,2025,Logement,MAMH — Données Québec (rôle d'évaluation foncière),https://donneesouvertes.affmunqc.net/role/RL58033_2026.xml,,,,
"678, Vikings",,Boucherville,,,647.9,1987,296400,814400,1110800,2025,Logement,MAMH — Données Québec (rôle d'évaluation foncière),https://donneesouvertes.affmunqc.net/role/RL58033_2026.xml,,,,
"685, Mortagne",,Boucherville,,,650.4,1993,296900,442900,739800,2025,Logement,MAMH — Données Québec (rôle d'évaluation foncière),https://donneesouvertes.affmunqc.net/role/RL58033_2026.xml,,,,
"680, Vikings",,Boucherville,,,852.7,1995,344900,690100,1035000,2025,Logement,MAMH — Données Québec (rôle d'évaluation foncière),https://donneesouvertes.affmunqc.net/role/RL58033_2026.xml,,,,
"689, Mortagne",,Boucherville,,,619.6,1993,289600,387900,677500,2025,Logement,MAMH — Données Québec (rôle d'évaluation foncière),https://donneesouvertes.affmunqc.net/role/RL58033_2026.xml,,,,
"691, Mortagne",,Boucherville,,,981,1994,375300,641200,1016500,2025,Logement,MAMH — Données Québec (rôle d'évaluation foncière),https://donneesouvertes.affmunqc.net/role/RL58033_2026.xml,,,,
"694, Mortagne",,Boucherville,,,823,1996,337900,675600,1013500,2025,Logement,MAMH — Données Québec (rôle d'évaluation foncière),https://donneesouvertes.affmunqc.net/role/RL58033_2026.xml,,,,
"941, Duluth",,Boucherville,,,616,1985,288800,534600,823400,2025,Logement,MAMH — Données Québec (rôle d'évaluation foncière),https://donneesouvertes.affmunqc.net/role/RL58033_2026.xml,,,,
"681, Vikings",,Boucherville,,,803.5,1987,333200,970400,1303600,2025,Logement,MAMH — Données Québec (rôle d'évaluation foncière),https://donneesouvertes.affmunqc.net/role/RL58033_2026.xml,,,,
"939, Duluth",,Boucherville,,,654.3,1985,297900,543800,841700,2025,Logement,MAMH — Données Québec (rôle d'évaluation foncière),https://donneesouvertes.affmunqc.net/role/RL58033_2026.xml,,,,
"685, Vikings",,Boucherville,,,1813.3,1987,464000,1156900,1620900,2025,Logement,MAMH — Données Québec (rôle d'évaluation foncière),https://donneesouvertes.affmunqc.net/role/RL58033_2026.xml,,,,
"687, Vikings",,Boucherville,,,1253.3,1987,451900,991500,1443400,2025,Logement,MAMH — Données Québec (rôle d'évaluation foncière),https://donneesouvertes.affmunqc.net/role/RL58033_2026.xml,,,,
"933, Duluth",,Boucherville,,,643.4,1986,310100,433600,743700,2025,Logement,MAMH — Données Québec (rôle d'évaluation foncière),https://donneesouvertes.affmunqc.net/role/RL58033_2026.xml,,,,
"931, Duluth",,Boucherville,,,612.2,1986,302300,500200,802500,2025,Logement,MAMH — Données Québec (rôle d'évaluation foncière),https://donneesouvertes.affmunqc.net/role/RL58033_2026.xml,,,,
"925, Duluth",,Boucherville,,,1300.6,1987,454900,966000,1420900,2025,Logement,MAMH — Données Québec (rôle d'évaluation foncière),https://donneesouvertes.affmunqc.net/role/RL58033_2026.xml,,,,
"929, Duluth",,Boucherville,,,1008.4,1986,400900,855400,1256300,2025,Logement,MAMH — Données Québec (rôle d'évaluation foncière),https://donneesouvertes.affmunqc.net/role/RL58033_2026.xml,,,,
"919, Duluth",,Boucherville,,,724.6,1987,330300,770000,1100300,2025,Logement,MAMH — Données Québec (rôle d'évaluation foncière),https://donneesouvertes.affmunqc.net/role/RL58033_2026.xml,,,,
"921, Duluth",,Boucherville,,,870.6,1987,366600,943200,1309800,2025,Logement,MAMH — Données Québec (rôle d'évaluation foncière),https://donneesouvertes.affmunqc.net/role/RL58033_2026.xml,,,,
"928, Amundsen",,Boucherville,,,757.4,1988,338400,660600,999000,2025,Logement,MAMH — Données Québec (rôle d'évaluation foncière),https://donneesouvertes.affmunqc.net/role/RL58033_2026.xml,,,,
"751, Mortagne",,Boucherville,,,48069.8,,4310500,,4310500,2025,Institutionnel,MAMH — Données Québec (rôle d'évaluation foncière),https://donneesouvertes.affmunqc.net/role/RL58033_2026.xml,,,,
"930, Amundsen",,Boucherville,,,1174.3,1988,442200,839200,1281400,2025,Logement,MAMH — Données Québec (rôle d'évaluation foncière),https://donneesouvertes.affmunqc.net/role/RL58033_2026.xml,,,,
"920, Amundsen",,Boucherville,,,997.5,1988,398200,1063400,1461600,2025,Logement,MAMH — Données Québec (rôle d'évaluation foncière),https://donneesouvertes.affmunqc.net/role/RL58033_2026.xml,,,,
"917, Amundsen",,Boucherville,,,540,1991,256500,497900,754400,2025,Logement,MAMH — Données Québec (rôle d'évaluation foncière),https://donneesouvertes.affmunqc.net/role/RL58033_2026.xml,,,,
"919, Amundsen",,Boucherville,,,540,1988,256500,712300,968800,2025,Logement,MAMH — Données Québec (rôle d'évaluation foncière),https://donneesouvertes.affmunqc.net/role/RL58033_2026.xml,,,,
"922, Amundsen",,Boucherville,,,717.5,1988,328500,757100,1085600,2025,Logement,MAMH — Données Québec (rôle d'évaluation foncière),https://donneesouvertes.affmunqc.net/role/RL58033_2026.xml,,,,
"920, De La Richardière",,Boucherville,,,540,1987,256500,423800,680300,2025,Logement,MAMH — Données Québec (rôle d'évaluation foncière),https://donneesouvertes.affmunqc.net/role/RL58033_2026.xml,,,,
"921, Amundsen",,Boucherville,,,540,1992,256500,610800,867300,2025,Logement,MAMH — Données Québec (rôle d'évaluation foncière),https://donneesouvertes.affmunqc.net/role/RL58033_2026.xml,,,,
"926, Amundsen",,Boucherville,,,738,1988,333600,606700,940300,2025,Logement,MAMH — Données Québec (rôle d'évaluation foncière),https://donneesouvertes.affmunqc.net/role/RL58033_2026.xml,,,,
"922, De La Richardière",,Boucherville,,,540,1987,256500,472200,728700,2025,Logement,MAMH — Données Québec (rôle d'évaluation foncière),https://donneesouvertes.affmunqc.net/role/RL58033_2026.xml,,,,
"925, Amundsen",,Boucherville,,,540,1992,256500,570600,827100,2025,Logement,MAMH — Données Québec (rôle d'évaluation foncière),https://donneesouvertes.affmunqc.net/role/RL58033_2026.xml,,,,
"924, De La Richardière",,Boucherville,,,540,1988,256500,464000,720500,2025,Logement,MAMH — Données Québec (rôle d'évaluation foncière),https://donneesouvertes.affmunqc.net/role/RL58033_2026.xml,,,,
"927, Amundsen",,Boucherville,,,706,1988,310100,593200,903300,2025,Logement,MAMH — Données Québec (rôle d'évaluation foncière),https://donneesouvertes.affmunqc.net/role/RL58033_2026.xml,,,,
"926, De La Richardière",,Boucherville,,,540,1988,256500,467300,723800,2025,Logement,MAMH — Données Québec (rôle d'évaluation foncière),https://donneesouvertes.affmunqc.net/role/RL58033_2026.xml,,,,
"929, Amundsen",,Boucherville,,,680.4,1988,304100,647200,951300,2025,Logement,MAMH — Données Québec (rôle d'évaluation foncière),https://donneesouvertes.affmunqc.net/role/RL58033_2026.xml,,,,
"914, De La Richardière",,Boucherville,,,540,1987,256500,449700,706200,2025,Logement,MAMH — Données Québec (rôle d'évaluation foncière),https://donneesouvertes.affmunqc.net/role/RL58033_2026.xml,,,,
"911, De La Richardière",,Boucherville,,,656.2,1989,298300,629300,927600,2025,Logement,MAMH — Données Québec (rôle d'évaluation foncière),https://donneesouvertes.affmunqc.net/role/RL58033_2026.xml,,,,
"758, Catherine-des Granches",,Boucherville,,,570.8,1987,271100,505100,776200,2025,Logement,MAMH — Données Québec (rôle d'évaluation foncière),https://donneesouvertes.affmunqc.net/role/RL58033_2026.xml,,,,
"916, De La Richardière",,Boucherville,,,540,1987,256500,574400,830900,2025,Logement,MAMH — Données Québec (rôle d'évaluation foncière),https://donneesouvertes.affmunqc.net/role/RL58033_2026.xml,,,,
"756, Catherine-des Granches",,Boucherville,,,493,1987,234200,505600,739800,2025,Logement,MAMH — Données Québec (rôle d'évaluation foncière),https://donneesouvertes.affmunqc.net/role/RL58033_2026.xml,,,,
"915, De La Richardière",,Boucherville,,,643.7,1987,295400,437700,733100,2025,Logement,MAMH — Données Québec (rôle d'évaluation foncière),https://donneesouvertes.affmunqc.net/role/RL58033_2026.xml,,,,
"919, De La Richardière",,Boucherville,,,540,1988,256500,452700,709200,2025,Logement,MAMH — Données Québec (rôle d'évaluation foncière),https://donneesouvertes.affmunqc.net/role/RL58033_2026.xml,,,,
"757, Catherine-des Granches",,Boucherville,,,495.7,1988,235500,378300,613800,2025,Logement,MAMH — Données Québec (rôle d'évaluation foncière),https://donneesouvertes.affmunqc.net/role/RL58033_2026.xml,,,,
"755, Catherine-des Granches",,Boucherville,,,497.6,1988,236400,390200,626600,2025,Logement,MAMH — Données Québec (rôle d'évaluation foncière),https://donneesouvertes.affmunqc.net/role/RL58033_2026.xml,,,,
"921, De La Richardière",,Boucherville,,,658.7,1987,298900,527900,826800,2025,Logement,MAMH — Données Québec (rôle d'évaluation foncière),https://donneesouvertes.affmunqc.net/role/RL58033_2026.xml,,,,
"775, Jacques-rousseau",,Boucherville,,,554.9,1989,222000,469100,691100,2025,Logement,MAMH — Données Québec (rôle d'évaluation foncière),https://donneesouvertes.affmunqc.net/role/RL58033_2026.xml,,,,
"751, Catherine-des Granches",,Boucherville,,,636.8,1987,293700,615700,909400,2025,Logement,MAMH — Données Québec (rôle d'évaluation foncière),https://donneesouvertes.affmunqc.net/role/RL58033_2026.xml,,,,
"731, Catherine-des Granches",,Boucherville,,,554.1,1987,263200,446900,710100,2025,Logement,MAMH — Données Québec (rôle d'évaluation foncière),https://donneesouvertes.affmunqc.net/role/RL58033_2026.xml,,,,
"726, Catherine-des Granches",,Boucherville,,,464,1987,220400,514000,734400,2025,Logement,MAMH — Données Québec (rôle d'évaluation foncière),https://donneesouvertes.affmunqc.net/role/RL58033_2026.xml,,,,
"728, Catherine-des Granches",,Boucherville,,,464,1988,220400,440600,661000,2025,Logement,MAMH — Données Québec (rôle d'évaluation foncière),https://donneesouvertes.affmunqc.net/role/RL58033_2026.xml,,,,
"735, Catherine-des Granches",,Boucherville,,,873.2,1988,349700,613200,962900,2025,Logement,MAMH — Données Québec (rôle d'évaluation foncière),https://donneesouvertes.affmunqc.net/role/RL58033_2026.xml,,,,
"730, Catherine-des Granches",,Boucherville,,,514.3,1987,244300,479700,724000,2025,Logement,MAMH — Données Québec (rôle d'évaluation foncière),https://donneesouvertes.affmunqc.net/role/RL58033_2026.xml,,,,
"737, Catherine-des Granches",,Boucherville,,,1412.3,1988,264000,542200,806200,2025,Logement,MAMH — Données Québec (rôle d'évaluation foncière),https://donneesouvertes.affmunqc.net/role/RL58033_2026.xml,,,,
"750, Catherine-des Granches",,Boucherville,,,514.3,1988,244300,488600,732900,2025,Logement,MAMH — Données Québec (rôle d'évaluation foncière),https://donneesouvertes.affmunqc.net/role/RL58033_2026.xml,,,,
"739, Catherine-des Granches",,Boucherville,,,816.1,1987,211800,489900,701700,2025,Logement,MAMH — Données Québec (rôle d'évaluation foncière),https://donneesouvertes.affmunqc.net/role/RL58033_2026.xml,,,,
"741, Catherine-des Granches",,Boucherville,,,703.3,1988,207400,435900,643300,2025,Logement,MAMH — Données Québec (rôle d'évaluation foncière),https://donneesouvertes.affmunqc.net/role/RL58033_2026.xml,,,,
"745, Catherine-des Granches",,Boucherville,,,701.8,1987,207100,477500,684600,2025,Logement,MAMH — Données Québec (rôle d'évaluation foncière),https://donneesouvertes.affmunqc.net/role/RL58033_2026.xml,,,,
"747, Catherine-des Granches",,Boucherville,,,947.7,1988,224100,420300,644400,2025,Logement,MAMH — Données Québec (rôle d'évaluation foncière),https://donneesouvertes.affmunqc.net/role/RL58033_2026.xml,,,,
"809, Samuel-de Champlain",,Boucherville,,,1199.7,1987,427100,422500,849600,2025,Logement,MAMH — Données Québec (rôle d'évaluation foncière),https://donneesouvertes.affmunqc.net/role/RL58033_2026.xml,,,,
"864, Joseph-le Caron",,Boucherville,,,759.4,1989,255900,453400,709300,2025,Logement,MAMH — Données Québec (rôle d'évaluation foncière),https://donneesouvertes.affmunqc.net/role/RL58033_2026.xml,,,,
"866, Joseph-le Caron",,Boucherville,,,792.6,1989,259300,511800,771100,2025,Logement,MAMH — Données Québec (rôle d'évaluation foncière),https://donneesouvertes.affmunqc.net/role/RL58033_2026.xml,,,,
"870, Joseph-le Caron",,Boucherville,,,1139.4,1990,293900,497400,791300,2025,Logement,MAMH — Données Québec (rôle d'évaluation foncière),https://donneesouvertes.affmunqc.net/role/RL58033_2026.xml,,,,
"874, Joseph-le Caron",,Boucherville,,,947.5,1990,274800,424500,699300,2025,Logement,MAMH — Données Québec (rôle d'évaluation foncière),https://donneesouvertes.affmunqc.net/role/RL58033_2026.xml,,,,
"884, Guillaume-couture",,Boucherville,,,1201.4,1992,300100,425200,725300,2025,Logement,MAMH — Données Québec (rôle d'évaluation foncière),https://donneesouvertes.affmunqc.net/role/RL58033_2026.xml,,,,
"880, Guillaume-couture",,Boucherville,,,978,1989,277800,620400,898200,2025,Logement,MAMH — Données Québec (rôle d'évaluation foncière),https://donneesouvertes.affmunqc.net/role/RL58033_2026.xml,,,,
"888, Guillaume-couture",,Boucherville,,,850.5,1989,185500,532700,718200,2025,Logement,MAMH — Données Québec (rôle d'évaluation foncière),https://donneesouvertes.affmunqc.net/role/RL58033_2026.xml,,,,
"890, Guillaume-couture",,Boucherville,,,813.2,1989,188200,609900,798100,2025,Logement,MAMH — Données Québec (rôle d'évaluation foncière),https://donneesouvertes.affmunqc.net/role/RL58033_2026.xml,,,,
"1000, Arthur-dumouchel",,Boucherville,,,673.3,2000,302400,704900,1007300,2025,Logement,MAMH — Données Québec (rôle d'évaluation foncière),https://donneesouvertes.affmunqc.net/role/RL58033_2026.xml,,,,
"1002, Arthur-dumouchel",,Boucherville,,,651,1998,297100,841800,1138900,2025,Logement,MAMH — Données Québec (rôle d'évaluation foncière),https://donneesouvertes.affmunqc.net/role/RL58033_2026.xml,,,,
"1006, Arthur-dumouchel",,Boucherville,,,649,1998,296600,817000,1113600,2025,Logement,MAMH — Données Québec (rôle d'évaluation foncière),https://donneesouvertes.affmunqc.net/role/RL58033_2026.xml,,,,
"1008, Arthur-dumouchel",,Boucherville,,,733.9,1998,316700,510600,827300,2025,Logement,MAMH — Données Québec (rôle d'évaluation foncière),https://donneesouvertes.affmunqc.net/role/RL58033_2026.xml,,,,
"701, Mortagne",,Boucherville,,,1361.6,1830,393200,114700,507900,2025,Logement,MAMH — Données Québec (rôle d'évaluation foncière),https://donneesouvertes.affmunqc.net/role/RL58033_2026.xml,,,,
"934, Amundsen",,Boucherville,,,1754.3,1989,460500,814900,1275400,2025,Logement,MAMH — Données Québec (rôle d'évaluation foncière),https://donneesouvertes.affmunqc.net/role/RL58033_2026.xml,,,,
"936, Amundsen",,Boucherville,,,1310.6,1989,455500,546100,1001600,2025,Logement,MAMH — Données Québec (rôle d'évaluation foncière),https://donneesouvertes.affmunqc.net/role/RL58033_2026.xml,,,,
"938, Amundsen",,Boucherville,,,779.9,1992,344000,544000,888000,2025,Logement,MAMH — Données Québec (rôle d'évaluation foncière),https://donneesouvertes.affmunqc.net/role/RL58033_2026.xml,,,,
"940, Amundsen",,Boucherville,,,728.8,1990,331300,709500,1040800,2025,Logement,MAMH — Données Québec (rôle d'évaluation foncière),https://donneesouvertes.affmunqc.net/role/RL58033_2026.xml,,,,
"930, De La Richardière",,Boucherville,,,540,1989,256500,451900,708400,2025,Logement,MAMH — Données Québec (rôle d'évaluation foncière),https://donneesouvertes.affmunqc.net/role/RL58033_2026.xml,,,,
"931, Amundsen",,Boucherville,,,771.9,1988,325700,527700,853400,2025,Logement,MAMH — Données Québec (rôle d'évaluation foncière),https://donneesouvertes.affmunqc.net/role/RL58033_2026.xml,,,,
"932, De La Richardière",,Boucherville,,,543.9,1989,258400,593100,851500,2025,Logement,MAMH — Données Québec (rôle d'évaluation foncière),https://donneesouvertes.affmunqc.net/role/RL58033_2026.xml,,,,
"934, De La Richardière",,Boucherville,,,666.6,1990,300800,656000,956800,2025,Logement,MAMH — Données Québec (rôle d'évaluation foncière),https://donneesouvertes.affmunqc.net/role/RL58033_2026.xml,,,,
"931, De La Richardière",,Boucherville,,,887.3,1988,268700,366700,635400,2025,Logement,MAMH — Données Québec (rôle d'évaluation foncière),https://donneesouvertes.affmunqc.net/role/RL58033_2026.xml,,,,
"935, De La Richardière",,Boucherville,,,654.2,1991,245400,544200,789600,2025,Logement,MAMH — Données Québec (rôle d'évaluation foncière),https://donneesouvertes.affmunqc.net/role/RL58033_2026.xml,,,,
"944, Amundsen",,Boucherville,,,849.2,1989,361300,991000,1352300,2025,Logement,MAMH — Données Québec (rôle d'évaluation foncière),https://donneesouvertes.affmunqc.net/role/RL58033_2026.xml,,,,
"941, De La Richardière",,Boucherville,,,217.1,,103100,,103100,2025,Immeuble commercial,MAMH — Données Québec (rôle d'évaluation foncière),https://donneesouvertes.affmunqc.net/role/RL58033_2026.xml,,,,
"937, De La Richardière",,Boucherville,,,1028.3,1994,282800,702400,985200,2025,Logement,MAMH — Données Québec (rôle d'évaluation foncière),https://donneesouvertes.affmunqc.net/role/RL58033_2026.xml,,,,
"939, De La Richardière",,Boucherville,,,1460.4,1999,310400,684400,994800,2025,Logement,MAMH — Données Québec (rôle d'évaluation foncière),https://donneesouvertes.affmunqc.net/role/RL58033_2026.xml,,,,
"777, Jacques-rousseau",,Boucherville,,,450.1,1989,180000,476300,656300,2025,Logement,MAMH — Données Québec (rôle d'évaluation foncière),https://donneesouvertes.affmunqc.net/role/RL58033_2026.xml,,,,
"770, Jacques-rousseau",,Boucherville,,,620,1989,242000,518400,760400,2025,Logement,MAMH — Données Québec (rôle d'évaluation foncière),https://donneesouvertes.affmunqc.net/role/RL58033_2026.xml,,,,
"781, Jacques-rousseau",,Boucherville,,,488.1,1989,195200,400500,595700,2025,Logement,MAMH — Données Québec (rôle d'évaluation foncière),https://donneesouvertes.affmunqc.net/role/RL58033_2026.xml,,,,
"929, De La Richardière",,Boucherville,,,540,1989,216000,553900,769900,2025,Logement,MAMH — Données Québec (rôle d'évaluation foncière),https://donneesouvertes.affmunqc.net/role/RL58033_2026.xml,,,,
"776, Jacques-rousseau",,Boucherville,,,653,2001,245300,597600,842900,2025,Logement,MAMH — Données Québec (rôle d'évaluation foncière),https://donneesouvertes.affmunqc.net/role/RL58033_2026.xml,,,,
"785, Jacques-rousseau",,Boucherville,,,958.2,1990,137900,543000,680900,2025,Logement,MAMH — Données Québec (rôle d'évaluation foncière),https://donneesouvertes.affmunqc.net/role/RL58033_2026.xml,,,,
"894, Guillaume-couture",,Boucherville,,,813.8,1989,188200,489800,678000,2025,Logement,MAMH — Données Québec (rôle d'évaluation foncière),https://donneesouvertes.affmunqc.net/role/RL58033_2026.xml,,,,
"749, Catherine-des Granches",,Boucherville,,,1323,1988,304200,492900,797100,2025,Logement,MAMH — Données Québec (rôle d'évaluation foncière),https://donneesouvertes.affmunqc.net/role/RL58033_2026.xml,,,,
"898, Guillaume-couture",,Boucherville,,,814.4,1989,188200,645400,833600,2025,Logement,MAMH — Données Québec (rôle d'évaluation foncière),https://donneesouvertes.affmunqc.net/role/RL58033_2026.xml,,,,
"900, Guillaume-couture",,Boucherville,,,924.8,1989,196200,447400,643600,2025,Logement,MAMH — Données Québec (rôle d'évaluation foncière),https://donneesouvertes.affmunqc.net/role/RL58033_2026.xml,,,,
"904, Guillaume-couture",,Boucherville,,,1783.6,1988,226300,527000,753300,2025,Logement,MAMH — Données Québec (rôle d'évaluation foncière),https://donneesouvertes.affmunqc.net/role/RL58033_2026.xml,,,,
"791, Jacques-rousseau",,Boucherville,,,938.9,1989,136900,445500,582400,2025,Logement,MAMH — Données Québec (rôle d'évaluation foncière),https://donneesouvertes.affmunqc.net/role/RL58033_2026.xml,,,,
"908, Guillaume-couture",,Boucherville,,,786.5,1988,258700,509400,768100,2025,Logement,MAMH — Données Québec (rôle d'évaluation foncière),https://donneesouvertes.affmunqc.net/role/RL58033_2026.xml,,,,
"795, Jacques-rousseau",,Boucherville,,,510,1989,204000,470000,674000,2025,Logement,MAMH — Données Québec (rôle d'évaluation foncière),https://donneesouvertes.affmunqc.net/role/RL58033_2026.xml,,,,
"797, Jacques-rousseau",,Boucherville,,,628.4,1989,242800,463800,706600,2025,Logement,MAMH — Données Québec (rôle d'évaluation foncière),https://donneesouvertes.affmunqc.net/role/RL58033_2026.xml,,,,
"821, Lustucru",,Boucherville,,,389329.4,,1742900,95400,1838300,2025,Agricole,MAMH — Données Québec (rôle d'évaluation foncière),https://donneesouvertes.affmunqc.net/role/RL58033_2026.xml,,,,
"1015, Arthur-dumouchel",,Boucherville,,,61166.2,,9041200,,9041200,2025,Institutionnel,MAMH — Données Québec (rôle d'évaluation foncière),https://donneesouvertes.affmunqc.net/role/RL58033_2026.xml,,,,
"1001, Paul-letondal",,Boucherville,,,925.1,2008,381300,969000,1350300,2025,Logement,MAMH — Données Québec (rôle d'évaluation foncière),https://donneesouvertes.affmunqc.net/role/RL58033_2026.xml,,,,
"730, Mortagne",,Boucherville,,,633.3,2005,308300,614000,922300,2025,Logement,MAMH — Données Québec (rôle d'évaluation foncière),https://donneesouvertes.affmunqc.net/role/RL58033_2026.xml,,,,
"1005, Paul-letondal",,Boucherville,,,946.3,2005,386600,809400,1196000,2025,Logement,MAMH — Données Québec (rôle d'évaluation foncière),https://donneesouvertes.affmunqc.net/role/RL58033_2026.xml,,,,
"732, Mortagne",,Boucherville,,,615.7,2005,303900,745600,1049500,2025,Logement,MAMH — Données Québec (rôle d'évaluation foncière),https://donneesouvertes.affmunqc.net/role/RL58033_2026.xml,,,,
"1009, Paul-letondal",,Boucherville,,,958,2005,389500,920200,1309700,2025,Logement,MAMH — Données Québec (rôle d'évaluation foncière),https://donneesouvertes.affmunqc.net/role/RL58033_2026.xml,,,,
"731, Wilfrid-pelletier",,Boucherville,,,612.7,2005,303200,517900,821100,2025,Logement,MAMH — Données Québec (rôle d'évaluation foncière),https://donneesouvertes.affmunqc.net/role/RL58033_2026.xml,,,,
"733, Wilfrid-pelletier",,Boucherville,,,576,2005,288000,615800,903800,2025,Logement,MAMH — Données Québec (rôle d'évaluation foncière),https://donneesouvertes.affmunqc.net/role/RL58033_2026.xml,,,,
"735, Wilfrid-pelletier",,Boucherville,,,522.3,2005,261200,881000,1142200,2025,Logement,MAMH — Données Québec (rôle d'évaluation foncière),https://donneesouvertes.affmunqc.net/role/RL58033_2026.xml,,,,
"736, Mortagne",,Boucherville,,,574.4,2006,287200,727100,1014300,2025,Logement,MAMH — Données Québec (rôle d'évaluation foncière),https://donneesouvertes.affmunqc.net/role/RL58033_2026.xml,,,,
"740, Mortagne",,Boucherville,,,560.5,2005,280300,488800,769100,2025,Logement,MAMH — Données Québec (rôle d'évaluation foncière),https://donneesouvertes.affmunqc.net/role/RL58033_2026.xml,,,,
"742, Mortagne",,Boucherville,,,570,2005,285000,601000,886000,2025,Logement,MAMH — Données Québec (rôle d'évaluation foncière),https://donneesouvertes.affmunqc.net/role/RL58033_2026.xml,,,,
"746, Mortagne",,Boucherville,,,540,2007,270000,662100,932100,2025,Logement,MAMH — Données Québec (rôle d'évaluation foncière),https://donneesouvertes.affmunqc.net/role/RL58033_2026.xml,,,,
"737, Wilfrid-pelletier",,Boucherville,,,492.4,2004,246200,494200,740400,2025,Logement,MAMH — Données Québec (rôle d'évaluation foncière),https://donneesouvertes.affmunqc.net/role/RL58033_2026.xml,,,,
"750, Mortagne",,Boucherville,,,540,2005,270000,559800,829800,2025,Logement,MAMH — Données Québec (rôle d'évaluation foncière),https://donneesouvertes.affmunqc.net/role/RL58033_2026.xml,,,,
"739, Wilfrid-pelletier",,Boucherville,,,459,2005,229500,542100,771600,2025,Logement,MAMH — Données Québec (rôle d'évaluation foncière),https://donneesouvertes.affmunqc.net/role/RL58033_2026.xml,,,,
"940, De Montbrun",,Boucherville,,,18842.2,1967,3293500,63300,3356800,2025,Immeuble commercial,MAMH — Données Québec (rôle d'évaluation foncière),https://donneesouvertes.affmunqc.net/role/RL58033_2026.xml,,,,
"1017, Paul-letondal",,Boucherville,,,828,2008,357000,937400,1294400,2025,Logement,MAMH — Données Québec (rôle d'évaluation foncière),https://donneesouvertes.affmunqc.net/role/RL58033_2026.xml,,,,
"803, Wilfrid-pelletier",,Boucherville,,,707.9,2010,327000,831600,1158600,2025,Logement,MAMH — Données Québec (rôle d'évaluation foncière),https://donneesouvertes.affmunqc.net/role/RL58033_2026.xml,,,,
"801, Wilfrid-pelletier",,Boucherville,,,538.3,2008,269200,712100,981300,2025,Logement,MAMH — Données Québec (rôle d'évaluation foncière),https://donneesouvertes.affmunqc.net/role/RL58033_2026.xml,,,,
"1011, Paul-letondal",,Boucherville,,,1074.4,2005,418600,931000,1349600,2025,Logement,MAMH — Données Québec (rôle d'évaluation foncière),https://donneesouvertes.affmunqc.net/role/RL58033_2026.xml,,,,
"730, Wilfrid-pelletier",,Boucherville,,,575.9,2006,288000,680900,968900,2025,Logement,MAMH — Données Québec (rôle d'évaluation foncière),https://donneesouvertes.affmunqc.net/role/RL58033_2026.xml,,,,
"734, Wilfrid-pelletier",,Boucherville,,,545.2,2005,272600,653800,926400,2025,Logement,MAMH — Données Québec (rôle d'évaluation foncière),https://donneesouvertes.affmunqc.net/role/RL58033_2026.xml,,,,
"736, Wilfrid-pelletier",,Boucherville,,,532.6,2005,266300,655100,921400,2025,Logement,MAMH — Données Québec (rôle d'évaluation foncière),https://donneesouvertes.affmunqc.net/role/RL58033_2026.xml,,,,
"1015, Paul-letondal",,Boucherville,,,935.4,2008,383900,1043600,1427500,2025,Logement,MAMH — Données Québec (rôle d'évaluation foncière),https://donneesouvertes.affmunqc.net/role/RL58033_2026.xml,,,,
"738, Wilfrid-pelletier",,Boucherville,,,540,2005,270000,659800,929800,2025,Logement,MAMH — Données Québec (rôle d'évaluation foncière),https://donneesouvertes.affmunqc.net/role/RL58033_2026.xml,,,,
"798, Wilfrid-pelletier",,Boucherville,,,655.3,2009,313800,701300,1015100,2025,Logement,MAMH — Données Québec (rôle d'évaluation foncière),https://donneesouvertes.affmunqc.net/role/RL58033_2026.xml,,,,
"800, Wilfrid-pelletier",,Boucherville,,,601,2008,300300,745000,1045300,2025,Logement,MAMH — Données Québec (rôle d'évaluation foncière),https://donneesouvertes.affmunqc.net/role/RL58033_2026.xml,,,,
"796, Wilfrid-pelletier",,Boucherville,,,569.7,2009,284900,630600,915500,2025,Logement,MAMH — Données Québec (rôle d'évaluation foncière),https://donneesouvertes.affmunqc.net/role/RL58033_2026.xml,,,,
"802, Wilfrid-pelletier",,Boucherville,,,459,2008,229500,556900,786400,2025,Logement,MAMH — Données Québec (rôle d'évaluation foncière),https://donneesouvertes.affmunqc.net/role/RL58033_2026.xml,,,,
"794, Wilfrid-pelletier",,Boucherville,,,814.9,2008,353700,711500,1065200,2025,Logement,MAMH — Données Québec (rôle d'évaluation foncière),https://donneesouvertes.affmunqc.net/role/RL58033_2026.xml,,,,
"804, Wilfrid-pelletier",,Boucherville,,,510,2008,255000,653400,908400,2025,Logement,MAMH — Données Québec (rôle d'évaluation foncière),https://donneesouvertes.affmunqc.net/role/RL58033_2026.xml,,,,
"792, Wilfrid-pelletier",,Boucherville,,,1007.7,2016,401900,1214400,1616300,2025,Logement,MAMH — Données Québec (rôle d'évaluation foncière),https://donneesouvertes.affmunqc.net/role/RL58033_2026.xml,,,,
"754, Mortagne",,Boucherville,,,540,2008,270000,976800,1246800,2025,Logement,MAMH — Données Québec (rôle d'évaluation foncière),https://donneesouvertes.affmunqc.net/role/RL58033_2026.xml,,,,
"741, Wilfrid-pelletier",,Boucherville,,,459,2005,229500,702800,932300,2025,Logement,MAMH — Données Québec (rôle d'évaluation foncière),https://donneesouvertes.affmunqc.net/role/RL58033_2026.xml,,,,
"758, Mortagne",,Boucherville,,,570,2006,285000,859100,1144100,2025,Logement,MAMH — Données Québec (rôle d'évaluation foncière),https://donneesouvertes.affmunqc.net/role/RL58033_2026.xml,,,,
"743, Wilfrid-pelletier",,Boucherville,,,510,2005,255000,585600,840600,2025,Logement,MAMH — Données Québec (rôle d'évaluation foncière),https://donneesouvertes.affmunqc.net/role/RL58033_2026.xml,,,,
"745, Wilfrid-pelletier",,Boucherville,,,510,2005,255000,557200,812200,2025,Logement,MAMH — Données Québec (rôle d'évaluation foncière),https://donneesouvertes.affmunqc.net/role/RL58033_2026.xml,,,,
"749, Wilfrid-pelletier",,Boucherville,,,540,2005,270000,499700,769700,2025,Logement,MAMH — Données Québec (rôle d'évaluation foncière),https://donneesouvertes.affmunqc.net/role/RL58033_2026.xml,,,,
"740, Wilfrid-pelletier",,Boucherville,,,540,2005,270000,700400,970400,2025,Logement,MAMH — Données Québec (rôle d'évaluation foncière),https://donneesouvertes.affmunqc.net/role/RL58033_2026.xml,,,,
"751, Wilfrid-pelletier",,Boucherville,,,566.3,2006,283200,689100,972300,2025,Logement,MAMH — Données Québec (rôle d'évaluation foncière),https://donneesouvertes.affmunqc.net/role/RL58033_2026.xml,,,,
"744, Wilfrid-pelletier",,Boucherville,,,540,2005,270000,527600,797600,2025,Logement,MAMH — Données Québec (rôle d'évaluation foncière),https://donneesouvertes.affmunqc.net/role/RL58033_2026.xml,,,,
"746, Wilfrid-pelletier",,Boucherville,,,540,2004,270000,615500,885500,2025,Logement,MAMH — Données Québec (rôle d'évaluation foncière),https://donneesouvertes.affmunqc.net/role/RL58033_2026.xml,,,,
"750, Wilfrid-pelletier",,Boucherville,,,601.2,2006,300300,705000,1005300,2025,Logement,MAMH — Données Québec (rôle d'évaluation foncière),https://donneesouvertes.affmunqc.net/role/RL58033_2026.xml,,,,
"762, Wilfrid-pelletier",,Boucherville,,,564.1,2012,282100,813500,1095600,2025,Logement,MAMH — Données Québec (rôle d'évaluation foncière),https://donneesouvertes.affmunqc.net/role/RL58033_2026.xml,,,,
"760, Mortagne",,Boucherville,,,570,2005,285000,594900,879900,2025,Logement,MAMH — Données Québec (rôle d'évaluation foncière),https://donneesouvertes.affmunqc.net/role/RL58033_2026.xml,,,,
"762, Mortagne",,Boucherville,,,567.2,2005,283600,587800,871400,2025,Logement,MAMH — Données Québec (rôle d'évaluation foncière),https://donneesouvertes.affmunqc.net/role/RL58033_2026.xml,,,,
"768, Mortagne",,Boucherville,,,694,2009,323500,1019000,1342500,2025,Logement,MAMH — Données Québec (rôle d'évaluation foncière),https://donneesouvertes.affmunqc.net/role/RL58033_2026.xml,,,,
"770, Mortagne",,Boucherville,,,838.7,,223000,,223000,2025,Institutionnel,MAMH — Données Québec (rôle d'évaluation foncière),https://donneesouvertes.affmunqc.net/role/RL58033_2026.xml,,,,
"753, Wilfrid-pelletier",,Boucherville,,,919.4,2009,379900,841100,1221000,2025,Logement,MAMH — Données Québec (rôle d'évaluation foncière),https://donneesouvertes.affmunqc.net/role/RL58033_2026.xml,,,,
"755, Wilfrid-pelletier",,Boucherville,,,1380.3,2008,459100,862800,1321900,2025,Logement,MAMH — Données Québec (rôle d'évaluation foncière),https://donneesouvertes.affmunqc.net/role/RL58033_2026.xml,,,,
"799, Wilfrid-pelletier",,Boucherville,,,534.1,2009,267100,724100,991200,2025,Logement,MAMH — Données Québec (rôle d'évaluation foncière),https://donneesouvertes.affmunqc.net/role/RL58033_2026.xml,,,,
"797, Wilfrid-pelletier",,Boucherville,,,530,2009,265000,787800,1052800,2025,Logement,MAMH — Données Québec (rôle d'évaluation foncière),https://donneesouvertes.affmunqc.net/role/RL58033_2026.xml,,,,
"790, Wilfrid-pelletier",,Boucherville,,,571.6,2009,285800,702100,987900,2025,Logement,MAMH — Données Québec (rôle d'évaluation foncière),https://donneesouvertes.affmunqc.net/role/RL58033_2026.xml,,,,
"788, Wilfrid-pelletier",,Boucherville,,,459,2009,229500,773200,1002700,2025,Logement,MAMH — Données Québec (rôle d'évaluation foncière),https://donneesouvertes.affmunqc.net/role/RL58033_2026.xml,,,,
"786, Wilfrid-pelletier",,Boucherville,,,510,2009,255000,729600,984600,2025,Logement,MAMH — Données Québec (rôle d'évaluation foncière),https://donneesouvertes.affmunqc.net/role/RL58033_2026.xml,,,,
"768, Wilfrid-pelletier",,Boucherville,,,509.7,2009,254900,811100,1066000,2025,Logement,MAMH — Données Québec (rôle d'évaluation foncière),https://donneesouvertes.affmunqc.net/role/RL58033_2026.xml,,,,
"795, Wilfrid-pelletier",,Boucherville,,,525.8,2009,262900,662400,925300,2025,Logement,MAMH — Données Québec (rôle d'évaluation foncière),https://donneesouvertes.affmunqc.net/role/RL58033_2026.xml,,,,
"770, Wilfrid-pelletier",,Boucherville,,,459,2008,229500,603400,832900,2025,Logement,MAMH — Données Québec (rôle d'évaluation foncière),https://donneesouvertes.affmunqc.net/role/RL58033_2026.xml,,,,
"791, Wilfrid-pelletier",,Boucherville,,,521.7,2008,260900,603700,864600,2025,Logement,MAMH — Données Québec (rôle d'évaluation foncière),https://donneesouvertes.affmunqc.net/role/RL58033_2026.xml,,,,
"772, Wilfrid-pelletier",,Boucherville,,,510,2008,255000,489100,744100,2025,Logement,MAMH — Données Québec (rôle d'évaluation foncière),https://donneesouvertes.affmunqc.net/role/RL58033_2026.xml,,,,
"789, Wilfrid-pelletier",,Boucherville,,,517.5,2008,258800,610900,869700,2025,Logement,MAMH — Données Québec (rôle d'évaluation foncière),https://donneesouvertes.affmunqc.net/role/RL58033_2026.xml,,,,
"787, Wilfrid-pelletier",,Boucherville,,,513.4,2009,256700,682300,939000,2025,Logement,MAMH — Données Québec (rôle d'évaluation foncière),https://donneesouvertes.affmunqc.net/role/RL58033_2026.xml,,,,
"785, Wilfrid-pelletier",,Boucherville,,,509.3,2012,254700,861900,1116600,2025,Logement,MAMH — Données Québec (rôle d'évaluation foncière),https://donneesouvertes.affmunqc.net/role/RL58033_2026.xml,,,,
"783, Wilfrid-pelletier",,Boucherville,,,766.2,2013,341600,856400,1198000,2025,Logement,MAMH — Données Québec (rôle d'évaluation foncière),https://donneesouvertes.affmunqc.net/role/RL58033_2026.xml,,,,
"779, Wilfrid-pelletier",,Boucherville,,,933.4,2010,359600,620100,979700,2025,Logement,MAMH — Données Québec (rôle d'évaluation foncière),https://donneesouvertes.affmunqc.net/role/RL58033_2026.xml,,,,
"764, Wilfrid-pelletier",,Boucherville,,,531.8,2012,265900,992600,1258500,2025,Logement,MAMH — Données Québec (rôle d'évaluation foncière),https://donneesouvertes.affmunqc.net/role/RL58033_2026.xml,,,,
"757, Wilfrid-pelletier",,Boucherville,,,768.7,2005,327400,532100,859500,2025,Logement,MAMH — Données Québec (rôle d'évaluation foncière),https://donneesouvertes.affmunqc.net/role/RL58033_2026.xml,,,,
"766, Wilfrid-pelletier",,Boucherville,,,533,2008,266500,767400,1033900,2025,Logement,MAMH — Données Québec (rôle d'évaluation foncière),https://donneesouvertes.affmunqc.net/role/RL58033_2026.xml,,,,
"761, Wilfrid-pelletier",,Boucherville,,,612,2004,285500,566400,851900,2025,Logement,MAMH — Données Québec (rôle d'évaluation foncière),https://donneesouvertes.affmunqc.net/role/RL58033_2026.xml,,,,
"763, Wilfrid-pelletier",,Boucherville,,,612,2012,285500,701800,987300,2025,Logement,MAMH — Données Québec (rôle d'évaluation foncière),https://donneesouvertes.affmunqc.net/role/RL58033_2026.xml,,,,
"765, Wilfrid-pelletier",,Boucherville,,,612,2013,285500,845500,1131000,2025,Logement,MAMH — Données Québec (rôle d'évaluation foncière),https://donneesouvertes.affmunqc.net/role/RL58033_2026.xml,,,,
"767, Wilfrid-pelletier",,Boucherville,,,612,2008,285500,598800,884300,2025,Logement,MAMH — Données Québec (rôle d'évaluation foncière),https://donneesouvertes.affmunqc.net/role/RL58033_2026.xml,,,,
"769, Wilfrid-pelletier",,Boucherville,,,612,2009,285500,655600,941100,2025,Logement,MAMH — Données Québec (rôle d'évaluation foncière),https://donneesouvertes.affmunqc.net/role/RL58033_2026.xml,,,,
"771, Wilfrid-pelletier",,Boucherville,,,612,2010,282800,753000,1035800,2025,Logement,MAMH — Données Québec (rôle d'évaluation foncière),https://donneesouvertes.affmunqc.net/role/RL58033_2026.xml,,,,
"775, Wilfrid-pelletier",,Boucherville,,,612,2008,285500,726500,1012000,2025,Logement,MAMH — Données Québec (rôle d'évaluation foncière),https://donneesouvertes.affmunqc.net/role/RL58033_2026.xml,,,,
"763, De Montbrun",,Boucherville,,,108488.9,,404000,,404000,2025,Agricole,MAMH — Données Québec (rôle d'évaluation foncière),https://donneesouvertes.affmunqc.net/role/RL58033_2026.xml,,,,
"850, Général-vanier",,Boucherville,,,191913.4,,953400,181000,1134400,2025,Agricole,MAMH — Données Québec (rôle d'évaluation foncière),https://donneesouvertes.affmunqc.net/role/RL58033_2026.xml,,,,
"880, Général-vanier",,Boucherville,,,188037.7,,754400,,754400,2025,Agricole,MAMH — Données Québec (rôle d'évaluation foncière),https://donneesouvertes.affmunqc.net/role/RL58033_2026.xml,,,,
"805, De Montbrun",,Boucherville,,,5763.1,,25600,,25600,2025,Agricole,MAMH — Données Québec (rôle d'évaluation foncière),https://donneesouvertes.affmunqc.net/role/RL58033_2026.xml,,,,
"940, Général-vanier",,Boucherville,,,255979.2,,1028600,,1028600,2025,Agricole,MAMH — Données Québec (rôle d'évaluation foncière),https://donneesouvertes.affmunqc.net/role/RL58033_2026.xml,,,,
"1077, Général-vanier",,Boucherville,,,9048.7,,38800,,38800,2025,Agricole,MAMH — Données Québec (rôle d'évaluation foncière),https://donneesouvertes.affmunqc.net/role/RL58033_2026.xml,,,,
"1100, Général-vanier",,Boucherville,,,8152.6,1970,249000,259100,508100,2025,Logement,MAMH — Données Québec (rôle d'évaluation foncière),https://donneesouvertes.affmunqc.net/role/RL58033_2026.xml,,,,
"1150, 132",,Boucherville,,,0.2,,100,,100,2025,Agricole,MAMH — Données Québec (rôle d'évaluation foncière),https://donneesouvertes.affmunqc.net/role/RL58033_2026.xml,,,,
"990, Général-vanier",,Boucherville,,,237646,1945,1239000,459800,1698800,2025,Agricole,MAMH — Données Québec (rôle d'évaluation foncière),https://donneesouvertes.affmunqc.net/role/RL58033_2026.xml,,,,
"1050, Général-vanier",,Boucherville,,,373024.2,1830,1816000,160900,1976900,2025,Agricole,MAMH — Données Québec (rôle d'évaluation foncière),https://donneesouvertes.affmunqc.net/role/RL58033_2026.xml,,,,
"1142, Général-vanier",,Boucherville,,,146787.6,1983,711500,509800,1221300,2025,Agricole,MAMH — Données Québec (rôle d'évaluation foncière),https://donneesouvertes.affmunqc.net/role/RL58033_2026.xml,,,,
"1201, Général-vanier",,Boucherville,,,318640.6,,1292800,39000,1331800,2025,Agricole,MAMH — Données Québec (rôle d'évaluation foncière),https://donneesouvertes.affmunqc.net/role/RL58033_2026.xml,,,,
"1150, Général-vanier",,Boucherville,,,4507.6,,20700,,20700,2025,Agricole,MAMH — Données Québec (rôle d'évaluation foncière),https://donneesouvertes.affmunqc.net/role/RL58033_2026.xml,,,,
"1291, Général-vanier",,Boucherville,,,5000,,239500,,239500,2025,Terrain vacant,MAMH — Données Québec (rôle d'évaluation foncière),https://donneesouvertes.affmunqc.net/role/RL58033_2026.xml,,,,
"1379, Général-vanier",,Boucherville,,,476,,2200,,2200,2025,Agricole,MAMH — Données Québec (rôle d'évaluation foncière),https://donneesouvertes.affmunqc.net/role/RL58033_2026.xml,,,,
"1381, Général-vanier",,Boucherville,,,234933,,847400,93400,940800,2025,Agricole,MAMH — Données Québec (rôle d'évaluation foncière),https://donneesouvertes.affmunqc.net/role/RL58033_2026.xml,,,,
"1350, Général-vanier",,Boucherville,,,3418.7,1941,212600,230300,442900,2025,Logement,MAMH — Données Québec (rôle d'évaluation foncière),https://donneesouvertes.affmunqc.net/role/RL58033_2026.xml,,,,
"1380, Général-vanier",,Boucherville,,,1652.9,1914,182600,305900,488500,2025,Logement,MAMH — Données Québec (rôle d'évaluation foncière),https://donneesouvertes.affmunqc.net/role/RL58033_2026.xml,,,,
"1399, Général-vanier",,Boucherville,,,36344.1,2006,383700,706000,1089700,2025,Agricole,MAMH — Données Québec (rôle d'évaluation foncière),https://donneesouvertes.affmunqc.net/role/RL58033_2026.xml,,,,
"1250, Marie-victorin",,Boucherville,,,748048.1,,3268700,,3268700,2025,Agricole,MAMH — Données Québec (rôle d'évaluation foncière),https://donneesouvertes.affmunqc.net/role/RL58033_2026.xml,,,,
"1441, Général-vanier",,Boucherville,,,200335.8,,882800,,882800,2025,Agricole,MAMH — Données Québec (rôle d'évaluation foncière),https://donneesouvertes.affmunqc.net/role/RL58033_2026.xml,,,,
"1336, Marie-victorin",,Boucherville,,,7295.2,,13900,,13900,2025,Terrain vacant,MAMH — Données Québec (rôle d'évaluation foncière),https://donneesouvertes.affmunqc.net/role/RL58033_2026.xml,,,,
"70, Du Tremblay",,Boucherville,,,127191.4,,241700,,241700,2025,Terrain vacant,MAMH — Données Québec (rôle d'évaluation foncière),https://donneesouvertes.affmunqc.net/role/RL58033_2026.xml,,,,
"135, J.-a.-bombardier",,Boucherville,,,19997.1,2003,2895800,7672000,10567800,2025,Industrie,MAMH — Données Québec (rôle d'évaluation foncière),https://donneesouvertes.affmunqc.net/role/RL58033_2026.xml,,,,
"145, J.-a.-bombardier",,Boucherville,,,7432.7,2006,1114900,1851000,2965900,2025,Industrie,MAMH — Données Québec (rôle d'évaluation foncière),https://donneesouvertes.affmunqc.net/role/RL58033_2026.xml,,,,
"149, J.-a.-bombardier",,Boucherville,,,11135,2011,1670300,4359000,6029300,2025,Immeuble à bureaux,MAMH — Données Québec (rôle d'évaluation foncière),https://donneesouvertes.affmunqc.net/role/RL58033_2026.xml,,,,
"220, Du Tremblay",,Boucherville,,,215767.1,,13416700,56817000,70233700,2025,Industrie,MAMH — Données Québec (rôle d'évaluation foncière),https://donneesouvertes.affmunqc.net/role/RL58033_2026.xml,,,,
"155, J.-a.-bombardier",,Boucherville,,,26066.6,2010,3320700,8653900,11974600,2025,Industrie,MAMH — Données Québec (rôle d'évaluation foncière),https://donneesouvertes.affmunqc.net/role/RL58033_2026.xml,,,,
"165, J.-a.-bombardier",,Boucherville,,,9543.9,2005,1431600,6389600,7821200,2025,Industrie,MAMH — Données Québec (rôle d'évaluation foncière),https://donneesouvertes.affmunqc.net/role/RL58033_2026.xml,,,,
"220, J.-a.-bombardier",,Boucherville,,,12419.1,2004,1862900,1818500,3681400,2025,Immeuble commercial,MAMH — Données Québec (rôle d'évaluation foncière),https://donneesouvertes.affmunqc.net/role/RL58033_2026.xml,,,,
"225, Alençon",,Boucherville,,,746435.2,,1418200,,1418200,2025,Terrain vacant,MAMH — Données Québec (rôle d'évaluation foncière),https://donneesouvertes.affmunqc.net/role/RL58033_2026.xml,,,,
"1600, Louis-blériot",,Boucherville,,,9433.3,2015,1415000,1931500,3346500,2025,Immeuble à bureaux,MAMH — Données Québec (rôle d'évaluation foncière),https://donneesouvertes.affmunqc.net/role/RL58033_2026.xml,,,,
"230, J.-a.-bombardier",,Boucherville,,,10050,2009,1507500,3474900,4982400,2025,,MAMH — Données Québec (rôle d'évaluation foncière),https://donneesouvertes.affmunqc.net/role/RL58033_2026.xml,,,,
"1620, Louis-blériot",,Boucherville,,,11055.2,2016,1658300,4594400,6252700,2025,Industrie,MAMH — Données Québec (rôle d'évaluation foncière),https://donneesouvertes.affmunqc.net/role/RL58033_2026.xml,,,,
"1610, Louis-blériot",,Boucherville,,,11902.5,2016,1785400,4465700,6251100,2025,Industrie,MAMH — Données Québec (rôle d'évaluation foncière),https://donneesouvertes.affmunqc.net/role/RL58033_2026.xml,,,,
"251, Alençon",,Boucherville,,,6229,1984,934400,613600,1548000,2025,Immeuble commercial,MAMH — Données Québec (rôle d'évaluation foncière),https://donneesouvertes.affmunqc.net/role/RL58033_2026.xml,,,,
"1630, Louis-blériot",,Boucherville,,,5509,,826400,,826400,2025,Immeuble commercial,MAMH — Données Québec (rôle d'évaluation foncière),https://donneesouvertes.affmunqc.net/role/RL58033_2026.xml,,,,
"300, Alençon",,Boucherville,,,5000,1803,203600,19500,223100,2025,Logement,MAMH — Données Québec (rôle d'évaluation foncière),https://donneesouvertes.affmunqc.net/role/RL58033_2026.xml,,,,
"259, Alençon",,Boucherville,,,4362,1981,654300,1248600,1902900,2025,,MAMH — Données Québec (rôle d'évaluation foncière),https://donneesouvertes.affmunqc.net/role/RL58033_2026.xml,,,,
"235, J.-a.-bombardier",,Boucherville,,,101146.7,2007,7266400,19279200,26545600,2025,Industrie,MAMH — Données Québec (rôle d'évaluation foncière),https://donneesouvertes.affmunqc.net/role/RL58033_2026.xml,,,,
"265, Du Tremblay",,Boucherville,,,20011.6,,2896800,7114900,10011700,2025,Industrie,MAMH — Données Québec (rôle d'évaluation foncière),https://donneesouvertes.affmunqc.net/role/RL58033_2026.xml,,,,
"1490, Nobel",,Boucherville,,,22935.2,2000,3101500,8491700,11593200,2025,Industrie,MAMH — Données Québec (rôle d'évaluation foncière),https://donneesouvertes.affmunqc.net/role/RL58033_2026.xml,,,,
"331, Du Tremblay",,Boucherville,,,20443.7,2001,2927100,4993200,7920300,2025,Industrie,MAMH — Données Québec (rôle d'évaluation foncière),https://donneesouvertes.affmunqc.net/role/RL58033_2026.xml,,,,
"1500, Nobel",,Boucherville,,,15250.3,1989,2287500,6986100,9273600,2025,Industrie,MAMH — Données Québec (rôle d'évaluation foncière),https://donneesouvertes.affmunqc.net/role/RL58033_2026.xml,,,,
"1471, Ampère",,Boucherville,,,5667.1,1986,1500000,302400,1802400,2025,Industrie,MAMH — Données Québec (rôle d'évaluation foncière),https://donneesouvertes.affmunqc.net/role/RL58033_2026.xml,,,,
"270, Du Tremblay",,Boucherville,,,51957.5,,5003700,7659300,12663000,2025,,MAMH — Données Québec (rôle d'évaluation foncière),https://donneesouvertes.affmunqc.net/role/RL58033_2026.xml,,,,
"333, Du Tremblay",,Boucherville,,,16656.9,1987,2498500,7325900,9824400,2025,Industrie,MAMH — Données Québec (rôle d'évaluation foncière),https://donneesouvertes.affmunqc.net/role/RL58033_2026.xml,,,,
"1550, Nobel",,Boucherville,,,7874.7,1995,1904100,3783000,5687100,2025,Immeuble à bureaux,MAMH — Données Québec (rôle d'évaluation foncière),https://donneesouvertes.affmunqc.net/role/RL58033_2026.xml,,,,
"1501, Ampère",,Boucherville,,,37560.7,1977,6441700,15734000,22175700,2025,Industrie,MAMH — Données Québec (rôle d'évaluation foncière),https://donneesouvertes.affmunqc.net/role/RL58033_2026.xml,,,,
"1510, Ampère",,Boucherville,,,1696.5,,326600,,326600,2025,Terrain vacant,MAMH — Données Québec (rôle d'évaluation foncière),https://donneesouvertes.affmunqc.net/role/RL58033_2026.xml,,,,
"1511, Ampère",,Boucherville,,,17696.9,1991,3848900,3372900,7221800,2025,Immeuble à bureaux,MAMH — Données Québec (rôle d'évaluation foncière),https://donneesouvertes.affmunqc.net/role/RL58033_2026.xml,,,,
"1541, Ampère",,Boucherville,,,5637.5,1988,1395300,3671700,5067000,2025,Immeuble à bureaux,MAMH — Données Québec (rôle d'évaluation foncière),https://donneesouvertes.affmunqc.net/role/RL58033_2026.xml,,,,
"210, J.-a.-bombardier",,Boucherville,,,38990.5,,3232400,,3232400,2025,Immeuble commercial,MAMH — Données Québec (rôle d'évaluation foncière),https://donneesouvertes.affmunqc.net/role/RL58033_2026.xml,,,,
"290, Du Tremblay",,Boucherville,,,35406.1,1975,3008600,3045800,6054400,2025,Immeuble à bureaux,MAMH — Données Québec (rôle d'évaluation foncière),https://donneesouvertes.affmunqc.net/role/RL58033_2026.xml,,,,
"1540, Ampère",,Boucherville,,,10843.9,1992,2768900,3522600,6291500,2025,Immeuble à bureaux,MAMH — Données Québec (rôle d'évaluation foncière),https://donneesouvertes.affmunqc.net/role/RL58033_2026.xml,,,,
"2, Mortagne",,Boucherville,,,145763.2,,11092600,,11092600,2025,Immeuble commercial,MAMH — Données Québec (rôle d'évaluation foncière),https://donneesouvertes.affmunqc.net/role/RL58033_2026.xml,,,,
"1530, Ampère",,Boucherville,,,8556.6,2008,2265700,5951500,8217200,2025,Immeuble à bureaux,MAMH — Données Québec (rôle d'évaluation foncière),https://donneesouvertes.affmunqc.net/role/RL58033_2026.xml,,,,
"1550, Ampère, app. 1590",,Boucherville,,,20900.2,,4981300,22109000,27090300,2025,Industrie,MAMH — Données Québec (rôle d'évaluation foncière),https://donneesouvertes.affmunqc.net/role/RL58033_2026.xml,,,,
"250, J.-a.-bombardier",,Boucherville,,,42469.8,,100,,100,2025,Immeuble commercial,MAMH — Données Québec (rôle d'évaluation foncière),https://donneesouvertes.affmunqc.net/role/RL58033_2026.xml,,,,
"300, Du Tremblay",,Boucherville,,,103641.3,,6215000,4282100,10497100,2025,Immeuble commercial,MAMH — Données Québec (rôle d'évaluation foncière),https://donneesouvertes.affmunqc.net/role/RL58033_2026.xml,,,,
"1501, De Montarville",,Boucherville,,,36600,,7994500,,7994500,2025,Immeuble commercial,MAMH — Données Québec (rôle d'évaluation foncière),https://donneesouvertes.affmunqc.net/role/RL58033_2026.xml,,,,
"1500, De Montarville",,Boucherville,,,115749.6,2003,7938200,17382100,25320300,2025,Industrie,MAMH — Données Québec (rôle d'évaluation foncière),https://donneesouvertes.affmunqc.net/role/RL58033_2026.xml,,,,
"394, Gascogne",,Boucherville,,,599.2,2004,261000,786000,1047000,2025,Logement,MAMH — Données Québec (rôle d'évaluation foncière),https://donneesouvertes.affmunqc.net/role/RL58033_2026.xml,,,,
"407, Gascogne",,Boucherville,,,555.8,2005,264000,534700,798700,2025,Logement,MAMH — Données Québec (rôle d'évaluation foncière),https://donneesouvertes.affmunqc.net/role/RL58033_2026.xml,,,,
"406, Gascogne",,Boucherville,,,696.5,2005,284100,707600,991700,2025,Logement,MAMH — Données Québec (rôle d'évaluation foncière),https://donneesouvertes.affmunqc.net/role/RL58033_2026.xml,,,,
"415, Gascogne",,Boucherville,,,504.8,2004,251200,411900,663100,2025,Logement,MAMH — Données Québec (rôle d'évaluation foncière),https://donneesouvertes.affmunqc.net/role/RL58033_2026.xml,,,,
"423, Gascogne",,Boucherville,,,504.6,2004,251200,439900,691100,2025,Logement,MAMH — Données Québec (rôle d'évaluation foncière),https://donneesouvertes.affmunqc.net/role/RL58033_2026.xml,,,,
"414, Gascogne",,Boucherville,,,685,2005,281300,562600,843900,2025,Logement,MAMH — Données Québec (rôle d'évaluation foncière),https://donneesouvertes.affmunqc.net/role/RL58033_2026.xml,,,,
"429, Gascogne",,Boucherville,,,479.3,2008,239700,570200,809900,2025,Logement,MAMH — Données Québec (rôle d'évaluation foncière),https://donneesouvertes.affmunqc.net/role/RL58033_2026.xml,,,,
"422, Gascogne",,Boucherville,,,634.6,2008,269400,693300,962700,2025,Logement,MAMH — Données Québec (rôle d'évaluation foncière),https://donneesouvertes.affmunqc.net/role/RL58033_2026.xml,,,,
"437, Gascogne",,Boucherville,,,462,2008,231000,420900,651900,2025,Logement,MAMH — Données Québec (rôle d'évaluation foncière),https://donneesouvertes.affmunqc.net/role/RL58033_2026.xml,,,,
"428, Gascogne",,Boucherville,,,706,2008,286300,646500,932800,2025,Logement,MAMH — Données Québec (rôle d'évaluation foncière),https://donneesouvertes.affmunqc.net/role/RL58033_2026.xml,,,,
"444, Provence",,Boucherville,,,588.1,2000,272000,398700,670700,2025,Logement,MAMH — Données Québec (rôle d'évaluation foncière),https://donneesouvertes.affmunqc.net/role/RL58033_2026.xml,,,,
"450, Provence",,Boucherville,,,541.3,2002,260300,543800,804100,2025,Logement,MAMH — Données Québec (rôle d'évaluation foncière),https://donneesouvertes.affmunqc.net/role/RL58033_2026.xml,,,,
"452, Provence",,Boucherville,,,755.3,2000,313800,524400,838200,2025,Logement,MAMH — Données Québec (rôle d'évaluation foncière),https://donneesouvertes.affmunqc.net/role/RL58033_2026.xml,,,,
"454, Provence",,Boucherville,,,1188,2000,388900,539800,928700,2025,Logement,MAMH — Données Québec (rôle d'évaluation foncière),https://donneesouvertes.affmunqc.net/role/RL58033_2026.xml,,,,
"437, Provence",,Boucherville,,,673.1,2000,293300,448000,741300,2025,Logement,MAMH — Données Québec (rôle d'évaluation foncière),https://donneesouvertes.affmunqc.net/role/RL58033_2026.xml,,,,
"461, Provence",,Boucherville,,,642.8,2000,285700,437000,722700,2025,Logement,MAMH — Données Québec (rôle d'évaluation foncière),https://donneesouvertes.affmunqc.net/role/RL58033_2026.xml,,,,
"456, Provence",,Boucherville,,,573.2,2000,268300,559000,827300,2025,Logement,MAMH — Données Québec (rôle d'évaluation foncière),https://donneesouvertes.affmunqc.net/role/RL58033_2026.xml,,,,
"463, Provence",,Boucherville,,,487.7,2000,243900,429100,673000,2025,Logement,MAMH — Données Québec (rôle d'évaluation foncière),https://donneesouvertes.affmunqc.net/role/RL58033_2026.xml,,,,
"460, Provence",,Boucherville,,,545,2000,261300,358300,619600,2025,Logement,MAMH — Données Québec (rôle d'évaluation foncière),https://donneesouvertes.affmunqc.net/role/RL58033_2026.xml,,,,
"465, Provence",,Boucherville,,,490.4,2001,245200,445500,690700,2025,Logement,MAMH — Données Québec (rôle d'évaluation foncière),https://donneesouvertes.affmunqc.net/role/RL58033_2026.xml,,,,
"462, Provence",,Boucherville,,,517.4,2001,254400,517900,772300,2025,Logement,MAMH — Données Québec (rôle d'évaluation foncière),https://donneesouvertes.affmunqc.net/role/RL58033_2026.xml,,,,
"442, Provence",,Boucherville,,,789.8,1999,322500,493900,816400,2025,Logement,MAMH — Données Québec (rôle d'évaluation foncière),https://donneesouvertes.affmunqc.net/role/RL58033_2026.xml,,,,
"340, Languedoc",,Boucherville,,,532.1,1999,258000,451400,709400,2025,Logement,MAMH — Données Québec (rôle d'évaluation foncière),https://donneesouvertes.affmunqc.net/role/RL58033_2026.xml,,,,
"440, Provence",,Boucherville,,,676,2000,294000,646300,940300,2025,Logement,MAMH — Données Québec (rôle d'évaluation foncière),https://donneesouvertes.affmunqc.net/role/RL58033_2026.xml,,,,
"338, Languedoc",,Boucherville,,,526.8,2002,256700,538900,795600,2025,Logement,MAMH — Données Québec (rôle d'évaluation foncière),https://donneesouvertes.affmunqc.net/role/RL58033_2026.xml,,,,
"436, Provence",,Boucherville,,,470.9,1999,235500,513700,749200,2025,Logement,MAMH — Données Québec (rôle d'évaluation foncière),https://donneesouvertes.affmunqc.net/role/RL58033_2026.xml,,,,
"336, Languedoc",,Boucherville,,,515.7,2002,253900,516200,770100,2025,Logement,MAMH — Données Québec (rôle d'évaluation foncière),https://donneesouvertes.affmunqc.net/role/RL58033_2026.xml,,,,
"434, Provence",,Boucherville,,,472.8,2000,236400,503200,739600,2025,Logement,MAMH — Données Québec (rôle d'évaluation foncière),https://donneesouvertes.affmunqc.net/role/RL58033_2026.xml,,,,
"332, Languedoc",,Boucherville,,,503.3,2001,250800,512600,763400,2025,Logement,MAMH — Données Québec (rôle d'évaluation foncière),https://donneesouvertes.affmunqc.net/role/RL58033_2026.xml,,,,
"432, Provence",,Boucherville,,,481.4,1999,240700,404900,645600,2025,Logement,MAMH — Données Québec (rôle d'évaluation foncière),https://donneesouvertes.affmunqc.net/role/RL58033_2026.xml,,,,
"435, Provence",,Boucherville,,,473.2,2000,236600,580400,817000,2025,Logement,MAMH — Données Québec (rôle d'évaluation foncière),https://donneesouvertes.affmunqc.net/role/RL58033_2026.xml,,,,
"430, Provence",,Boucherville,,,475.8,1999,237900,444700,682600,2025,Logement,MAMH — Données Québec (rôle d'évaluation foncière),https://donneesouvertes.affmunqc.net/role/RL58033_2026.xml,,,,
"433, Provence",,Boucherville,,,471.4,2000,235700,468400,704100,2025,Logement,MAMH — Données Québec (rôle d'évaluation foncière),https://donneesouvertes.affmunqc.net/role/RL58033_2026.xml,,,,
"426, Provence",,Boucherville,,,475.8,1999,237900,439900,677800,2025,Logement,MAMH — Données Québec (rôle d'évaluation foncière),https://donneesouvertes.affmunqc.net/role/RL58033_2026.xml,,,,
"431, Provence",,Boucherville,,,459.1,2000,229600,534400,764000,2025,Logement,MAMH — Données Québec (rôle d'évaluation foncière),https://donneesouvertes.affmunqc.net/role/RL58033_2026.xml,,,,
"424, Provence",,Boucherville,,,481.9,1999,241000,481900,722900,2025,Logement,MAMH — Données Québec (rôle d'évaluation foncière),https://donneesouvertes.affmunqc.net/role/RL58033_2026.xml,,,,
"337, Languedoc",,Boucherville,,,470.7,2000,235400,440500,675900,2025,Logement,MAMH — Données Québec (rôle d'évaluation foncière),https://donneesouvertes.affmunqc.net/role/RL58033_2026.xml,,,,
"335, Languedoc",,Boucherville,,,465,2001,232500,487800,720300,2025,Logement,MAMH — Données Québec (rôle d'évaluation foncière),https://donneesouvertes.affmunqc.net/role/RL58033_2026.xml,,,,
"331, Languedoc",,Boucherville,,,465,2001,232500,624800,857300,2025,Logement,MAMH — Données Québec (rôle d'évaluation foncière),https://donneesouvertes.affmunqc.net/role/RL58033_2026.xml,,,,
"329, Languedoc",,Boucherville,,,465,2000,232500,515500,748000,2025,Logement,MAMH — Données Québec (rôle d'évaluation foncière),https://donneesouvertes.affmunqc.net/role/RL58033_2026.xml,,,,
"1336, Picardie",,Boucherville,,,519.4,1999,254900,440100,695000,2025,Logement,MAMH — Données Québec (rôle d'évaluation foncière),https://donneesouvertes.affmunqc.net/role/RL58033_2026.xml,,,,
"330, Languedoc",,Boucherville,,,503.3,2001,250800,559400,810200,2025,Logement,MAMH — Données Québec (rôle d'évaluation foncière),https://donneesouvertes.affmunqc.net/role/RL58033_2026.xml,,,,
"1340, Picardie",,Boucherville,,,603.4,1999,275900,398800,674700,2025,Logement,MAMH — Données Québec (rôle d'évaluation foncière),https://donneesouvertes.affmunqc.net/role/RL58033_2026.xml,,,,
"328, Languedoc",,Boucherville,,,503.2,2001,250800,817400,1068200,2025,Logement,MAMH — Données Québec (rôle d'évaluation foncière),https://donneesouvertes.affmunqc.net/role/RL58033_2026.xml,,,,
"1344, Picardie",,Boucherville,,,637.3,1996,284300,423200,707500,2025,Logement,MAMH — Données Québec (rôle d'évaluation foncière),https://donneesouvertes.affmunqc.net/role/RL58033_2026.xml,,,,
"472, Vosges",,Boucherville,,,592.3,2000,273100,474700,747800,2025,Logement,MAMH — Données Québec (rôle d'évaluation foncière),https://donneesouvertes.affmunqc.net/role/RL58033_2026.xml,,,,
"474, Vosges",,Boucherville,,,510,1999,252500,497000,749500,2025,Logement,MAMH — Données Québec (rôle d'évaluation foncière),https://donneesouvertes.affmunqc.net/role/RL58033_2026.xml,,,,
"1321, Bourgogne",,Boucherville,,,594.4,1997,273600,428700,702300,2025,Logement,MAMH — Données Québec (rôle d'évaluation foncière),https://donneesouvertes.affmunqc.net/role/RL58033_2026.xml,,,,
"476, Vosges",,Boucherville,,,510,2001,252500,413300,665800,2025,Logement,MAMH — Données Québec (rôle d'évaluation foncière),https://donneesouvertes.affmunqc.net/role/RL58033_2026.xml,,,,
"1323, Bourgogne",,Boucherville,,,468,1997,234000,408300,642300,2025,Logement,MAMH — Données Québec (rôle d'évaluation foncière),https://donneesouvertes.affmunqc.net/role/RL58033_2026.xml,,,,
"1325, Bourgogne",,Boucherville,,,468,1997,234000,422100,656100,2025,Logement,MAMH — Données Québec (rôle d'évaluation foncière),https://donneesouvertes.affmunqc.net/role/RL58033_2026.xml,,,,
"1331, Picardie",,Boucherville,,,490.1,1999,245100,458500,703600,2025,Logement,MAMH — Données Québec (rôle d'évaluation foncière),https://donneesouvertes.affmunqc.net/role/RL58033_2026.xml,,,,
"1327, Bourgogne",,Boucherville,,,597.3,1997,274300,458200,732500,2025,Logement,MAMH — Données Québec (rôle d'évaluation foncière),https://donneesouvertes.affmunqc.net/role/RL58033_2026.xml,,,,
"1333, Picardie",,Boucherville,,,437.4,1999,218700,343800,562500,2025,Logement,MAMH — Données Québec (rôle d'évaluation foncière),https://donneesouvertes.affmunqc.net/role/RL58033_2026.xml,,,,
"1335, Picardie",,Boucherville,,,437.4,1998,218700,427500,646200,2025,Logement,MAMH — Données Québec (rôle d'évaluation foncière),https://donneesouvertes.affmunqc.net/role/RL58033_2026.xml,,,,
"1336, Bourgogne",,Boucherville,,,541.3,1997,260300,349200,609500,2025,Logement,MAMH — Données Québec (rôle d'évaluation foncière),https://donneesouvertes.affmunqc.net/role/RL58033_2026.xml,,,,
"1323, Picardie",,Boucherville,,,496.3,2001,248200,411400,659600,2025,Logement,MAMH — Données Québec (rôle d'évaluation foncière),https://donneesouvertes.affmunqc.net/role/RL58033_2026.xml,,,,
"475, Vosges",,Boucherville,,,457.5,2001,228800,510500,739300,2025,Logement,MAMH — Données Québec (rôle d'évaluation foncière),https://donneesouvertes.affmunqc.net/role/RL58033_2026.xml,,,,
"477, Vosges",,Boucherville,,,457.5,2002,228800,450500,679300,2025,Logement,MAMH — Données Québec (rôle d'évaluation foncière),https://donneesouvertes.affmunqc.net/role/RL58033_2026.xml,,,,
"481, Vosges",,Boucherville,,,457.5,2001,228800,546600,775400,2025,Logement,MAMH — Données Québec (rôle d'évaluation foncière),https://donneesouvertes.affmunqc.net/role/RL58033_2026.xml,,,,
"483, Vosges",,Boucherville,,,457.5,2000,228800,522300,751100,2025,Logement,MAMH — Données Québec (rôle d'évaluation foncière),https://donneesouvertes.affmunqc.net/role/RL58033_2026.xml,,,,
"480, Vosges",,Boucherville,,,510,2000,252500,444500,697000,2025,Logement,MAMH — Données Québec (rôle d'évaluation foncière),https://donneesouvertes.affmunqc.net/role/RL58033_2026.xml,,,,
"482, Vosges",,Boucherville,,,495,2003,247500,563500,811000,2025,Logement,MAMH — Données Québec (rôle d'évaluation foncière),https://donneesouvertes.affmunqc.net/role/RL58033_2026.xml,,,,
"495, Vosges",,Boucherville,,,1115.6,,223100,,223100,2025,Institutionnel,MAMH — Données Québec (rôle d'évaluation foncière),https://donneesouvertes.affmunqc.net/role/RL58033_2026.xml,,,,
"484, Vosges",,Boucherville,,,555,2000,263800,561900,825700,2025,Logement,MAMH — Données Québec (rôle d'évaluation foncière),https://donneesouvertes.affmunqc.net/role/RL58033_2026.xml,,,,
"443, Gascogne",,Boucherville,,,466.6,2008,233300,673400,906700,2025,Logement,MAMH — Données Québec (rôle d'évaluation foncière),https://donneesouvertes.affmunqc.net/role/RL58033_2026.xml,,,,
"436, Gascogne",,Boucherville,,,752.1,2008,297200,487500,784700,2025,Logement,MAMH — Données Québec (rôle d'évaluation foncière),https://donneesouvertes.affmunqc.net/role/RL58033_2026.xml,,,,
"442, Gascogne",,Boucherville,,,687.6,2009,282000,892700,1174700,2025,Logement,MAMH — Données Québec (rôle d'évaluation foncière),https://donneesouvertes.affmunqc.net/role/RL58033_2026.xml,,,,
"450, Gascogne",,Boucherville,,,627.3,2009,267700,785100,1052800,2025,Logement,MAMH — Données Québec (rôle d'évaluation foncière),https://donneesouvertes.affmunqc.net/role/RL58033_2026.xml,,,,
"456, Gascogne",,Boucherville,,,579.3,2008,256300,915000,1171300,2025,Logement,MAMH — Données Québec (rôle d'évaluation foncière),https://donneesouvertes.affmunqc.net/role/RL58033_2026.xml,,,,
"462, Gascogne",,Boucherville,,,706.9,2008,286500,808100,1094600,2025,Logement,MAMH — Données Québec (rôle d'évaluation foncière),https://donneesouvertes.affmunqc.net/role/RL58033_2026.xml,,,,
"396, Reims",,Boucherville,,,512.1,2009,216300,439700,656000,2025,Logement,MAMH — Données Québec (rôle d'évaluation foncière),https://donneesouvertes.affmunqc.net/role/RL58033_2026.xml,,,,
"398, Reims",,Boucherville,,,674.7,2009,251000,423000,674000,2025,Logement,MAMH — Données Québec (rôle d'évaluation foncière),https://donneesouvertes.affmunqc.net/role/RL58033_2026.xml,,,,
"468, Gascogne",,Boucherville,,,633.7,2009,283400,918400,1201800,2025,Logement,MAMH — Données Québec (rôle d'évaluation foncière),https://donneesouvertes.affmunqc.net/role/RL58033_2026.xml,,,,
"400, Reims",,Boucherville,,,1055.1,2009,324400,396000,720400,2025,Logement,MAMH — Données Québec (rôle d'évaluation foncière),https://donneesouvertes.affmunqc.net/role/RL58033_2026.xml,,,,
"469, Provence",,Boucherville,,,484.6,2001,242300,464500,706800,2025,Logement,MAMH — Données Québec (rôle d'évaluation foncière),https://donneesouvertes.affmunqc.net/role/RL58033_2026.xml,,,,
"464, Provence",,Boucherville,,,517.9,2001,254500,408800,663300,2025,Logement,MAMH — Données Québec (rôle d'évaluation foncière),https://donneesouvertes.affmunqc.net/role/RL58033_2026.xml,,,,
"451, Gascogne",,Boucherville,,,463.8,2008,231900,620800,852700,2025,Logement,MAMH — Données Québec (rôle d'évaluation foncière),https://donneesouvertes.affmunqc.net/role/RL58033_2026.xml,,,,
"466, Provence",,Boucherville,,,517.9,2003,254500,441200,695700,2025,Logement,MAMH — Données Québec (rôle d'évaluation foncière),https://donneesouvertes.affmunqc.net/role/RL58033_2026.xml,,,,
"457, Gascogne",,Boucherville,,,463.3,2008,231700,634100,865800,2025,Logement,MAMH — Données Québec (rôle d'évaluation foncière),https://donneesouvertes.affmunqc.net/role/RL58033_2026.xml,,,,
"463, Gascogne",,Boucherville,,,465.8,2008,232900,667000,899900,2025,Logement,MAMH — Données Québec (rôle d'évaluation foncière),https://donneesouvertes.affmunqc.net/role/RL58033_2026.xml,,,,
"468, Provence",,Boucherville,,,518.8,2001,254700,344200,598900,2025,Logement,MAMH — Données Québec (rôle d'évaluation foncière),https://donneesouvertes.affmunqc.net/role/RL58033_2026.xml,,,,
"467, Gascogne",,Boucherville,,,460.9,2009,230500,634300,864800,2025,Logement,MAMH — Données Québec (rôle d'évaluation foncière),https://donneesouvertes.affmunqc.net/role/RL58033_2026.xml,,,,
"472, Provence",,Boucherville,,,457.5,1994,228800,326200,555000,2025,Logement,MAMH — Données Québec (rôle d'évaluation foncière),https://donneesouvertes.affmunqc.net/role/RL58033_2026.xml,,,,
"474, Provence",,Boucherville,,,457.5,1993,228800,376800,605600,2025,Logement,MAMH — Données Québec (rôle d'évaluation foncière),https://donneesouvertes.affmunqc.net/role/RL58033_2026.xml,,,,
"471, Gascogne",,Boucherville,,,516,2001,254000,594800,848800,2025,Logement,MAMH — Données Québec (rôle d'évaluation foncière),https://donneesouvertes.affmunqc.net/role/RL58033_2026.xml,,,,
"476, Provence",,Boucherville,,,457.5,1993,228800,452600,681400,2025,Logement,MAMH — Données Québec (rôle d'évaluation foncière),https://donneesouvertes.affmunqc.net/role/RL58033_2026.xml,,,,
"473, Gascogne",,Boucherville,,,549,1992,262300,837900,1100200,2025,Logement,MAMH — Données Québec (rôle d'évaluation foncière),https://donneesouvertes.affmunqc.net/role/RL58033_2026.xml,,,,
"475, Gascogne",,Boucherville,,,549,1990,262300,432200,694500,2025,Logement,MAMH — Données Québec (rôle d'évaluation foncière),https://donneesouvertes.affmunqc.net/role/RL58033_2026.xml,,,,
"427, Provence",,Boucherville,,,457.5,1998,228800,345000,573800,2025,Logement,MAMH — Données Québec (rôle d'évaluation foncière),https://donneesouvertes.affmunqc.net/role/RL58033_2026.xml,,,,
"471, Provence",,Boucherville,,,440.4,1995,220200,449600,669800,2025,Logement,MAMH — Données Québec (rôle d'évaluation foncière),https://donneesouvertes.affmunqc.net/role/RL58033_2026.xml,,,,
"425, Provence",,Boucherville,,,457.5,1999,228800,434800,663600,2025,Logement,MAMH — Données Québec (rôle d'évaluation foncière),https://donneesouvertes.affmunqc.net/role/RL58033_2026.xml,,,,
"473, Provence",,Boucherville,,,457.5,1994,228800,380500,609300,2025,Logement,MAMH — Données Québec (rôle d'évaluation foncière),https://donneesouvertes.affmunqc.net/role/RL58033_2026.xml,,,,
"423, Provence",,Boucherville,,,457.5,1999,228800,367800,596600,2025,Logement,MAMH — Données Québec (rôle d'évaluation foncière),https://donneesouvertes.affmunqc.net/role/RL58033_2026.xml,,,,
"475, Provence",,Boucherville,,,457.5,1993,228800,445600,674400,2025,Logement,MAMH — Données Québec (rôle d'évaluation foncière),https://donneesouvertes.affmunqc.net/role/RL58033_2026.xml,,,,
"1354, Picardie",,Boucherville,,,637.3,1996,284300,520800,805100,2025,Logement,MAMH — Données Québec (rôle d'évaluation foncière),https://donneesouvertes.affmunqc.net/role/RL58033_2026.xml,,,,
"477, Provence",,Boucherville,,,457.5,1994,228800,475500,704300,2025,Logement,MAMH — Données Québec (rôle d'évaluation foncière),https://donneesouvertes.affmunqc.net/role/RL58033_2026.xml,,,,
"1358, Picardie",,Boucherville,,,540,1997,260000,447000,707000,2025,Logement,MAMH — Données Québec (rôle d'évaluation foncière),https://donneesouvertes.affmunqc.net/role/RL58033_2026.xml,,,,
"1360, Picardie",,Boucherville,,,637.3,1992,284300,489600,773900,2025,Logement,MAMH — Données Québec (rôle d'évaluation foncière),https://donneesouvertes.affmunqc.net/role/RL58033_2026.xml,,,,
"478, Provence",,Boucherville,,,457.5,1993,228800,407700,636500,2025,Logement,MAMH — Données Québec (rôle d'évaluation foncière),https://donneesouvertes.affmunqc.net/role/RL58033_2026.xml,,,,
"1359, Picardie",,Boucherville,,,457.5,1994,228800,412200,641000,2025,Logement,MAMH — Données Québec (rôle d'évaluation foncière),https://donneesouvertes.affmunqc.net/role/RL58033_2026.xml,,,,
"480, Provence",,Boucherville,,,663.3,1994,290800,466800,757600,2025,Logement,MAMH — Données Québec (rôle d'évaluation foncière),https://donneesouvertes.affmunqc.net/role/RL58033_2026.xml,,,,
"1348, Picardie",,Boucherville,,,540,1997,260000,477700,737700,2025,Logement,MAMH — Données Québec (rôle d'évaluation foncière),https://donneesouvertes.affmunqc.net/role/RL58033_2026.xml,,,,
"1341, Picardie",,Boucherville,,,457.5,1998,228800,343600,572400,2025,Logement,MAMH — Données Québec (rôle d'évaluation foncière),https://donneesouvertes.affmunqc.net/role/RL58033_2026.xml,,,,
"1343, Picardie",,Boucherville,,,457.5,1994,228800,284400,513200,2025,Logement,MAMH — Données Québec (rôle d'évaluation foncière),https://donneesouvertes.affmunqc.net/role/RL58033_2026.xml,,,,
"1350, Picardie",,Boucherville,,,637.3,1997,284300,378500,662800,2025,Logement,MAMH — Données Québec (rôle d'évaluation foncière),https://donneesouvertes.affmunqc.net/role/RL58033_2026.xml,,,,
"1345, Picardie",,Boucherville,,,457.5,1994,228800,366700,595500,2025,Logement,MAMH — Données Québec (rôle d'évaluation foncière),https://donneesouvertes.affmunqc.net/role/RL58033_2026.xml,,,,
"1347, Picardie",,Boucherville,,,457.5,1994,228800,320500,549300,2025,Logement,MAMH — Données Québec (rôle d'évaluation foncière),https://donneesouvertes.affmunqc.net/role/RL58033_2026.xml,,,,
"1344, Bourgogne",,Boucherville,,,488,1990,244000,389300,633300,2025,Logement,MAMH — Données Québec (rôle d'évaluation foncière),https://donneesouvertes.affmunqc.net/role/RL58033_2026.xml,,,,
"1349, Picardie",,Boucherville,,,457.5,1997,228800,366300,595100,2025,Logement,MAMH — Données Québec (rôle d'évaluation foncière),https://donneesouvertes.affmunqc.net/role/RL58033_2026.xml,,,,
"1346, Bourgogne",,Boucherville,,,488,1991,244000,389800,633800,2025,Logement,MAMH — Données Québec (rôle d'évaluation foncière),https://donneesouvertes.affmunqc.net/role/RL58033_2026.xml,,,,
"1351, Picardie",,Boucherville,,,457.5,1996,228800,416400,645200,2025,Logement,MAMH — Données Québec (rôle d'évaluation foncière),https://donneesouvertes.affmunqc.net/role/RL58033_2026.xml,,,,
"1348, Bourgogne",,Boucherville,,,488,1995,244000,422500,666500,2025,Logement,MAMH — Données Québec (rôle d'évaluation foncière),https://donneesouvertes.affmunqc.net/role/RL58033_2026.xml,,,,
"1353, Picardie",,Boucherville,,,457.5,1996,228800,348300,577100,2025,Logement,MAMH — Données Québec (rôle d'évaluation foncière),https://donneesouvertes.affmunqc.net/role/RL58033_2026.xml,,,,
"1350, Bourgogne",,Boucherville,,,488,1991,244000,394600,638600,2025,Logement,MAMH — Données Québec (rôle d'évaluation foncière),https://donneesouvertes.affmunqc.net/role/RL58033_2026.xml,,,,
"1355, Picardie",,Boucherville,,,457.5,1995,228800,344900,573700,2025,Logement,MAMH — Données Québec (rôle d'évaluation foncière),https://donneesouvertes.affmunqc.net/role/RL58033_2026.xml,,,,
"1357, Picardie",,Boucherville,,,457.5,1996,228800,452300,681100,2025,Logement,MAMH — Données Québec (rôle d'évaluation foncière),https://donneesouvertes.affmunqc.net/role/RL58033_2026.xml,,,,
"1352, Bourgogne",,Boucherville,,,488,1991,244000,362300,606300,2025,Logement,MAMH — Données Québec (rôle d'évaluation foncière),https://donneesouvertes.affmunqc.net/role/RL58033_2026.xml,,,,
"1354, Bourgogne",,Boucherville,,,488,1990,244000,389100,633100,2025,Logement,MAMH — Données Québec (rôle d'évaluation foncière),https://donneesouvertes.affmunqc.net/role/RL58033_2026.xml,,,,
"1331, Bourgogne",,Boucherville,,,953.2,1997,363300,380700,744000,2025,Logement,MAMH — Données Québec (rôle d'évaluation foncière),https://donneesouvertes.affmunqc.net/role/RL58033_2026.xml,,,,
"1338, Bourgogne",,Boucherville,,,488,1993,244000,427500,671500,2025,Logement,MAMH — Données Québec (rôle d'évaluation foncière),https://donneesouvertes.affmunqc.net/role/RL58033_2026.xml,,,,
"1340, Bourgogne",,Boucherville,,,488,1990,244000,500000,744000,2025,Logement,MAMH — Données Québec (rôle d'évaluation foncière),https://donneesouvertes.affmunqc.net/role/RL58033_2026.xml,,,,
"1333, Bourgogne",,Boucherville,,,690.5,1997,267900,474700,742600,2025,Logement,MAMH — Données Québec (rôle d'évaluation foncière),https://donneesouvertes.affmunqc.net/role/RL58033_2026.xml,,,,
"1342, Bourgogne",,Boucherville,,,488,1990,244000,495700,739700,2025,Logement,MAMH — Données Québec (rôle d'évaluation foncière),https://donneesouvertes.affmunqc.net/role/RL58033_2026.xml,,,,
"1335, Bourgogne",,Boucherville,,,481.8,1997,216800,442200,659000,2025,Logement,MAMH — Données Québec (rôle d'évaluation foncière),https://donneesouvertes.affmunqc.net/role/RL58033_2026.xml,,,,
"1339, Bourgogne",,Boucherville,,,480,1990,216000,453000,669000,2025,Logement,MAMH — Données Québec (rôle d'évaluation foncière),https://donneesouvertes.affmunqc.net/role/RL58033_2026.xml,,,,
"1341, Bourgogne",,Boucherville,,,480,1992,216000,446100,662100,2025,Logement,MAMH — Données Québec (rôle d'évaluation foncière),https://donneesouvertes.affmunqc.net/role/RL58033_2026.xml,,,,
"1343, Bourgogne",,Boucherville,,,480,1993,216000,425400,641400,2025,Logement,MAMH — Données Québec (rôle d'évaluation foncière),https://donneesouvertes.affmunqc.net/role/RL58033_2026.xml,,,,
"1345, Bourgogne",,Boucherville,,,480,1990,216000,330500,546500,2025,Logement,MAMH — Données Québec (rôle d'évaluation foncière),https://donneesouvertes.affmunqc.net/role/RL58033_2026.xml,,,,
"1347, Bourgogne",,Boucherville,,,480,1992,216000,452900,668900,2025,Logement,MAMH — Données Québec (rôle d'évaluation foncière),https://donneesouvertes.affmunqc.net/role/RL58033_2026.xml,,,,
"1380, De Montarville",,Boucherville,,,351,2001,166700,262800,429500,2025,Logement,MAMH — Données Québec (rôle d'évaluation foncière),https://donneesouvertes.affmunqc.net/role/RL58033_2026.xml,,,,
"1349, Bourgogne",,Boucherville,,,480,1992,216000,421500,637500,2025,Logement,MAMH — Données Québec (rôle d'évaluation foncière),https://donneesouvertes.affmunqc.net/role/RL58033_2026.xml,,,,
"490, Vosges",,Boucherville,,,1123.1,,224600,,224600,2025,Institutionnel,MAMH — Données Québec (rôle d'évaluation foncière),https://donneesouvertes.affmunqc.net/role/RL58033_2026.xml,,,,
"405, Reims",,Boucherville,,,472.2,2008,224300,461100,685400,2025,Logement,MAMH — Données Québec (rôle d'évaluation foncière),https://donneesouvertes.affmunqc.net/role/RL58033_2026.xml,,,,
"407, Reims",,Boucherville,,,384,2008,182400,376400,558800,2025,Logement,MAMH — Données Québec (rôle d'évaluation foncière),https://donneesouvertes.affmunqc.net/role/RL58033_2026.xml,,,,
"402, Reims",,Boucherville,,,963.2,2009,312600,632800,945400,2025,Logement,MAMH — Données Québec (rôle d'évaluation foncière),https://donneesouvertes.affmunqc.net/role/RL58033_2026.xml,,,,
"409, Reims",,Boucherville,,,448,1991,212800,285300,498100,2025,Logement,MAMH — Données Québec (rôle d'évaluation foncière),https://donneesouvertes.affmunqc.net/role/RL58033_2026.xml,,,,
"404, Reims",,Boucherville,,,605.8,2009,236300,403700,640000,2025,Logement,MAMH — Données Québec (rôle d'évaluation foncière),https://donneesouvertes.affmunqc.net/role/RL58033_2026.xml,,,,
"411, Reims",,Boucherville,,,352,1991,167200,337100,504300,2025,Logement,MAMH — Données Québec (rôle d'évaluation foncière),https://donneesouvertes.affmunqc.net/role/RL58033_2026.xml,,,,
"406, Reims",,Boucherville,,,492.8,2009,210700,452400,663100,2025,Logement,MAMH — Données Québec (rôle d'évaluation foncière),https://donneesouvertes.affmunqc.net/role/RL58033_2026.xml,,,,
"408, Reims",,Boucherville,,,524.2,1993,218900,342300,561200,2025,Logement,MAMH — Données Québec (rôle d'évaluation foncière),https://donneesouvertes.affmunqc.net/role/RL58033_2026.xml,,,,
"410, Reims",,Boucherville,,,393,1993,168000,321500,489500,2025,Logement,MAMH — Données Québec (rôle d'évaluation foncière),https://donneesouvertes.affmunqc.net/role/RL58033_2026.xml,,,,
"412, Reims",,Boucherville,,,392.4,1995,167800,316400,484200,2025,Logement,MAMH — Données Québec (rôle d'évaluation foncière),https://donneesouvertes.affmunqc.net/role/RL58033_2026.xml,,,,
"414, Reims",,Boucherville,,,391.9,1995,167500,339800,507300,2025,Logement,MAMH — Données Québec (rôle d'évaluation foncière),https://donneesouvertes.affmunqc.net/role/RL58033_2026.xml,,,,
"416, Reims",,Boucherville,,,391.3,1994,167300,320000,487300,2025,Logement,MAMH — Données Québec (rôle d'évaluation foncière),https://donneesouvertes.affmunqc.net/role/RL58033_2026.xml,,,,
"418, Reims",,Boucherville,,,390.8,1994,167100,334500,501600,2025,Logement,MAMH — Données Québec (rôle d'évaluation foncière),https://donneesouvertes.affmunqc.net/role/RL58033_2026.xml,,,,
"470, Gascogne",,Boucherville,,,480,1996,240000,477700,717700,2025,Logement,MAMH — Données Québec (rôle d'évaluation foncière),https://donneesouvertes.affmunqc.net/role/RL58033_2026.xml,,,,
"477, Gascogne",,Boucherville,,,549,1991,262300,324900,587200,2025,Logement,MAMH — Données Québec (rôle d'évaluation foncière),https://donneesouvertes.affmunqc.net/role/RL58033_2026.xml,,,,
"472, Gascogne",,Boucherville,,,576,1992,269000,641900,910900,2025,Logement,MAMH — Données Québec (rôle d'évaluation foncière),https://donneesouvertes.affmunqc.net/role/RL58033_2026.xml,,,,
"479, Gascogne",,Boucherville,,,663.3,1992,290800,517900,808700,2025,Logement,MAMH — Données Québec (rôle d'évaluation foncière),https://donneesouvertes.affmunqc.net/role/RL58033_2026.xml,,,,
"474, Gascogne",,Boucherville,,,576,1993,269000,396000,665000,2025,Logement,MAMH — Données Québec (rôle d'évaluation foncière),https://donneesouvertes.affmunqc.net/role/RL58033_2026.xml,,,,
"476, Gascogne",,Boucherville,,,576,1991,269000,308300,577300,2025,Logement,MAMH — Données Québec (rôle d'évaluation foncière),https://donneesouvertes.affmunqc.net/role/RL58033_2026.xml,,,,
"413, Reims",,Boucherville,,,352,1991,167200,313400,480600,2025,Logement,MAMH — Données Québec (rôle d'évaluation foncière),https://donneesouvertes.affmunqc.net/role/RL58033_2026.xml,,,,
"415, Reims",,Boucherville,,,352,1991,167200,303100,470300,2025,Logement,MAMH — Données Québec (rôle d'évaluation foncière),https://donneesouvertes.affmunqc.net/role/RL58033_2026.xml,,,,
"478, Gascogne",,Boucherville,,,576,1995,269000,478500,747500,2025,Logement,MAMH — Données Québec (rôle d'évaluation foncière),https://donneesouvertes.affmunqc.net/role/RL58033_2026.xml,,,,
"417, Reims",,Boucherville,,,352,1991,167200,309300,476500,2025,Logement,MAMH — Données Québec (rôle d'évaluation foncière),https://donneesouvertes.affmunqc.net/role/RL58033_2026.xml,,,,
"480, Gascogne",,Boucherville,,,480,1992,240000,456600,696600,2025,Logement,MAMH — Données Québec (rôle d'évaluation foncière),https://donneesouvertes.affmunqc.net/role/RL58033_2026.xml,,,,
"419, Reims",,Boucherville,,,352,1991,167200,394300,561500,2025,Logement,MAMH — Données Québec (rôle d'évaluation foncière),https://donneesouvertes.affmunqc.net/role/RL58033_2026.xml,,,,
"421, Reims",,Boucherville,,,352,1991,167200,296500,463700,2025,Logement,MAMH — Données Québec (rôle d'évaluation foncière),https://donneesouvertes.affmunqc.net/role/RL58033_2026.xml,,,,
"482, Gascogne",,Boucherville,,,480,1991,240000,503200,743200,2025,Logement,MAMH — Données Québec (rôle d'évaluation foncière),https://donneesouvertes.affmunqc.net/role/RL58033_2026.xml,,,,
"423, Reims",,Boucherville,,,352,1991,167200,296700,463900,2025,Logement,MAMH — Données Québec (rôle d'évaluation foncière),https://donneesouvertes.affmunqc.net/role/RL58033_2026.xml,,,,
"484, Gascogne",,Boucherville,,,480,1991,240000,274900,514900,2025,Logement,MAMH — Données Québec (rôle d'évaluation foncière),https://donneesouvertes.affmunqc.net/role/RL58033_2026.xml,,,,
"425, Reims",,Boucherville,,,352,1991,167200,375200,542400,2025,Logement,MAMH — Données Québec (rôle d'évaluation foncière),https://donneesouvertes.affmunqc.net/role/RL58033_2026.xml,,,,
"1361, Picardie",,Boucherville,,,617.6,1991,279400,510000,789400,2025,Logement,MAMH — Données Québec (rôle d'évaluation foncière),https://donneesouvertes.affmunqc.net/role/RL58033_2026.xml,,,,
"1360, Bourgogne",,Boucherville,,,617.6,1993,279400,436100,715500,2025,Logement,MAMH — Données Québec (rôle d'évaluation foncière),https://donneesouvertes.affmunqc.net/role/RL58033_2026.xml,,,,
"1375, Bourgogne",,Boucherville,,,602.3,1991,275600,285900,561500,2025,Logement,MAMH — Données Québec (rôle d'évaluation foncière),https://donneesouvertes.affmunqc.net/role/RL58033_2026.xml,,,,
"1371, Bourgogne",,Boucherville,,,457.5,1991,228800,269300,498100,2025,Logement,MAMH — Données Québec (rôle d'évaluation foncière),https://donneesouvertes.affmunqc.net/role/RL58033_2026.xml,,,,
"483, Gascogne",,Boucherville,,,602.3,1993,275600,401900,677500,2025,Logement,MAMH — Données Québec (rôle d'évaluation foncière),https://donneesouvertes.affmunqc.net/role/RL58033_2026.xml,,,,
"1369, Bourgogne",,Boucherville,,,457.5,1991,228800,418800,647600,2025,Logement,MAMH — Données Québec (rôle d'évaluation foncière),https://donneesouvertes.affmunqc.net/role/RL58033_2026.xml,,,,
"485, Gascogne",,Boucherville,,,488,1991,244000,426100,670100,2025,Logement,MAMH — Données Québec (rôle d'évaluation foncière),https://donneesouvertes.affmunqc.net/role/RL58033_2026.xml,,,,
"1367, Bourgogne",,Boucherville,,,585.8,1991,271500,427100,698600,2025,Logement,MAMH — Données Québec (rôle d'évaluation foncière),https://donneesouvertes.affmunqc.net/role/RL58033_2026.xml,,,,
"487, Gascogne",,Boucherville,,,488,1992,244000,401500,645500,2025,Logement,MAMH — Données Québec (rôle d'évaluation foncière),https://donneesouvertes.affmunqc.net/role/RL58033_2026.xml,,,,
"1365, Bourgogne",,Boucherville,,,1010,1993,338200,433200,771400,2025,Logement,MAMH — Données Québec (rôle d'évaluation foncière),https://donneesouvertes.affmunqc.net/role/RL58033_2026.xml,,,,
"489, Gascogne",,Boucherville,,,488,1990,244000,450500,694500,2025,Logement,MAMH — Données Québec (rôle d'évaluation foncière),https://donneesouvertes.affmunqc.net/role/RL58033_2026.xml,,,,
"491, Gascogne",,Boucherville,,,488,1990,244000,449300,693300,2025,Logement,MAMH — Données Québec (rôle d'évaluation foncière),https://donneesouvertes.affmunqc.net/role/RL58033_2026.xml,,,,
"1356, Bourgogne",,Boucherville,,,503.3,1990,250800,413800,664600,2025,Logement,MAMH — Données Québec (rôle d'évaluation foncière),https://donneesouvertes.affmunqc.net/role/RL58033_2026.xml,,,,
"1351, Bourgogne",,Boucherville,,,480,1991,216000,498300,714300,2025,Logement,MAMH — Données Québec (rôle d'évaluation foncière),https://donneesouvertes.affmunqc.net/role/RL58033_2026.xml,,,,
"1358, Bourgogne",,Boucherville,,,503.3,1990,250800,358900,609700,2025,Logement,MAMH — Données Québec (rôle d'évaluation foncière),https://donneesouvertes.affmunqc.net/role/RL58033_2026.xml,,,,
"1353, Bourgogne",,Boucherville,,,480,1992,216000,427600,643600,2025,Logement,MAMH — Données Québec (rôle d'évaluation foncière),https://donneesouvertes.affmunqc.net/role/RL58033_2026.xml,,,,
"1355, Bourgogne",,Boucherville,,,480,1993,216000,349100,565100,2025,Logement,MAMH — Données Québec (rôle d'évaluation foncière),https://donneesouvertes.affmunqc.net/role/RL58033_2026.xml,,,,
"1357, Bourgogne",,Boucherville,,,495,1991,222800,339700,562500,2025,Logement,MAMH — Données Québec (rôle d'évaluation foncière),https://donneesouvertes.affmunqc.net/role/RL58033_2026.xml,,,,
"1359, Bourgogne",,Boucherville,,,495,1991,222800,353100,575900,2025,Logement,MAMH — Données Québec (rôle d'évaluation foncière),https://donneesouvertes.affmunqc.net/role/RL58033_2026.xml,,,,
"1361, Bourgogne",,Boucherville,,,534.5,1991,232800,424200,657000,2025,Logement,MAMH — Données Québec (rôle d'évaluation foncière),https://donneesouvertes.affmunqc.net/role/RL58033_2026.xml,,,,
"1363, Bourgogne",,Boucherville,,,739.2,1991,278800,464300,743100,2025,Logement,MAMH — Données Québec (rôle d'évaluation foncière),https://donneesouvertes.affmunqc.net/role/RL58033_2026.xml,,,,
"1390, De Montarville",,Boucherville,,,257.3,1998,122200,203800,326000,2025,Logement,MAMH — Données Québec (rôle d'évaluation foncière),https://donneesouvertes.affmunqc.net/role/RL58033_2026.xml,,,,
"550, Normandie",,Boucherville,,,431835.1,,8675700,,8675700,2025,Terrain vacant,MAMH — Données Québec (rôle d'évaluation foncière),https://donneesouvertes.affmunqc.net/role/RL58033_2026.xml,,,,
"420, Reims",,Boucherville,,,390.2,1993,166800,308800,475600,2025,Logement,MAMH — Données Québec (rôle d'évaluation foncière),https://donneesouvertes.affmunqc.net/role/RL58033_2026.xml,,,,
"1551, Ampère",,Boucherville,,,12541.2,2009,2828100,5949800,8777900,2025,Immeuble à bureaux,MAMH — Données Québec (rôle d'évaluation foncière),https://donneesouvertes.affmunqc.net/role/RL58033_2026.xml,,,,
"486, Gascogne",,Boucherville,,,480,1991,240000,324900,564900,2025,Logement,MAMH — Données Québec (rôle d'évaluation foncière),https://donneesouvertes.affmunqc.net/role/RL58033_2026.xml,,,,
"427, Reims",,Boucherville,,,352,1991,167200,316200,483400,2025,Logement,MAMH — Données Québec (rôle d'évaluation foncière),https://donneesouvertes.affmunqc.net/role/RL58033_2026.xml,,,,
"429, Reims",,Boucherville,,,352,1991,167200,334100,501300,2025,Logement,MAMH — Données Québec (rôle d'évaluation foncière),https://donneesouvertes.affmunqc.net/role/RL58033_2026.xml,,,,
"422, Reims",,Boucherville,,,389.7,1993,166600,292800,459400,2025,Logement,MAMH — Données Québec (rôle d'évaluation foncière),https://donneesouvertes.affmunqc.net/role/RL58033_2026.xml,,,,
"431, Reims",,Boucherville,,,352,1991,167200,350600,517800,2025,Logement,MAMH — Données Québec (rôle d'évaluation foncière),https://donneesouvertes.affmunqc.net/role/RL58033_2026.xml,,,,
"424, Reims",,Boucherville,,,389.1,1996,166300,350900,517200,2025,Logement,MAMH — Données Québec (rôle d'évaluation foncière),https://donneesouvertes.affmunqc.net/role/RL58033_2026.xml,,,,
"433, Reims",,Boucherville,,,352,1991,167200,333800,501000,2025,Logement,MAMH — Données Québec (rôle d'évaluation foncière),https://donneesouvertes.affmunqc.net/role/RL58033_2026.xml,,,,
"426, Reims",,Boucherville,,,388.6,1996,166100,364600,530700,2025,Logement,MAMH — Données Québec (rôle d'évaluation foncière),https://donneesouvertes.affmunqc.net/role/RL58033_2026.xml,,,,
"435, Reims",,Boucherville,,,440.3,1991,209100,295500,504600,2025,Logement,MAMH — Données Québec (rôle d'évaluation foncière),https://donneesouvertes.affmunqc.net/role/RL58033_2026.xml,,,,
"428, Reims",,Boucherville,,,388,1993,165900,309800,475700,2025,Logement,MAMH — Données Québec (rôle d'évaluation foncière),https://donneesouvertes.affmunqc.net/role/RL58033_2026.xml,,,,
"430, Reims",,Boucherville,,,387.5,1994,165700,275600,441300,2025,Logement,MAMH — Données Québec (rôle d'évaluation foncière),https://donneesouvertes.affmunqc.net/role/RL58033_2026.xml,,,,
"432, Reims",,Boucherville,,,386.9,1992,165400,283900,449300,2025,Logement,MAMH — Données Québec (rôle d'évaluation foncière),https://donneesouvertes.affmunqc.net/role/RL58033_2026.xml,,,,
"434, Reims",,Boucherville,,,386.4,1992,165200,323700,488900,2025,Logement,MAMH — Données Québec (rôle d'évaluation foncière),https://donneesouvertes.affmunqc.net/role/RL58033_2026.xml,,,,
"436, Reims",,Boucherville,,,394,1993,168400,292000,460400,2025,Logement,MAMH — Données Québec (rôle d'évaluation foncière),https://donneesouvertes.affmunqc.net/role/RL58033_2026.xml,,,,
"438, Reims",,Boucherville,,,457.4,1993,195500,302500,498000,2025,Logement,MAMH — Données Québec (rôle d'évaluation foncière),https://donneesouvertes.affmunqc.net/role/RL58033_2026.xml,,,,
"493, Gascogne",,Boucherville,,,488,1990,244000,484100,728100,2025,Logement,MAMH — Données Québec (rôle d'évaluation foncière),https://donneesouvertes.affmunqc.net/role/RL58033_2026.xml,,,,
"488, Gascogne",,Boucherville,,,632.3,1993,283100,577900,861000,2025,Logement,MAMH — Données Québec (rôle d'évaluation foncière),https://donneesouvertes.affmunqc.net/role/RL58033_2026.xml,,,,
"495, Gascogne",,Boucherville,,,488,1990,244000,490900,734900,2025,Logement,MAMH — Données Québec (rôle d'évaluation foncière),https://donneesouvertes.affmunqc.net/role/RL58033_2026.xml,,,,
"497, Gascogne",,Boucherville,,,488,1990,244000,404100,648100,2025,Logement,MAMH — Données Québec (rôle d'évaluation foncière),https://donneesouvertes.affmunqc.net/role/RL58033_2026.xml,,,,
"492, Gascogne",,Boucherville,,,605.3,1994,276300,476700,753000,2025,Logement,MAMH — Données Québec (rôle d'évaluation foncière),https://donneesouvertes.affmunqc.net/role/RL58033_2026.xml,,,,
"494, Gascogne",,Boucherville,,,549,1991,262300,429600,691900,2025,Logement,MAMH — Données Québec (rôle d'évaluation foncière),https://donneesouvertes.affmunqc.net/role/RL58033_2026.xml,,,,
"496, Gascogne",,Boucherville,,,549,1990,262300,414900,677200,2025,Logement,MAMH — Données Québec (rôle d'évaluation foncière),https://donneesouvertes.affmunqc.net/role/RL58033_2026.xml,,,,
"498, Gascogne",,Boucherville,,,604.9,1994,276200,384100,660300,2025,Logement,MAMH — Données Québec (rôle d'évaluation foncière),https://donneesouvertes.affmunqc.net/role/RL58033_2026.xml,,,,
"450, Reims",,Boucherville,,,434.9,1992,206600,269000,475600,2025,Logement,MAMH — Données Québec (rôle d'évaluation foncière),https://donneesouvertes.affmunqc.net/role/RL58033_2026.xml,,,,
"452, Reims",,Boucherville,,,342.3,1992,162600,259300,421900,2025,Logement,MAMH — Données Québec (rôle d'évaluation foncière),https://donneesouvertes.affmunqc.net/role/RL58033_2026.xml,,,,
"454, Reims",,Boucherville,,,342.3,1992,162600,267700,430300,2025,Logement,MAMH — Données Québec (rôle d'évaluation foncière),https://donneesouvertes.affmunqc.net/role/RL58033_2026.xml,,,,
"456, Reims",,Boucherville,,,434.9,1992,206600,317300,523900,2025,Logement,MAMH — Données Québec (rôle d'évaluation foncière),https://donneesouvertes.affmunqc.net/role/RL58033_2026.xml,,,,
"460, Reims",,Boucherville,,,434.9,1992,206600,305000,511600,2025,Logement,MAMH — Données Québec (rôle d'évaluation foncière),https://donneesouvertes.affmunqc.net/role/RL58033_2026.xml,,,,
"462, Reims",,Boucherville,,,342.3,1993,162600,274200,436800,2025,Logement,MAMH — Données Québec (rôle d'évaluation foncière),https://donneesouvertes.affmunqc.net/role/RL58033_2026.xml,,,,
"464, Reims",,Boucherville,,,342.3,1992,162600,277200,439800,2025,Logement,MAMH — Données Québec (rôle d'évaluation foncière),https://donneesouvertes.affmunqc.net/role/RL58033_2026.xml,,,,
"466, Reims",,Boucherville,,,434.9,1992,206600,254200,460800,2025,Logement,MAMH — Données Québec (rôle d'évaluation foncière),https://donneesouvertes.affmunqc.net/role/RL58033_2026.xml,,,,
"470, Reims",,Boucherville,,,434.9,1993,206600,305400,512000,2025,Logement,MAMH — Données Québec (rôle d'évaluation foncière),https://donneesouvertes.affmunqc.net/role/RL58033_2026.xml,,,,
"472, Reims",,Boucherville,,,342.3,1993,162600,277300,439900,2025,Logement,MAMH — Données Québec (rôle d'évaluation foncière),https://donneesouvertes.affmunqc.net/role/RL58033_2026.xml,,,,
"474, Reims",,Boucherville,,,342.3,1993,162600,292900,455500,2025,Logement,MAMH — Données Québec (rôle d'évaluation foncière),https://donneesouvertes.affmunqc.net/role/RL58033_2026.xml,,,,
"476, Reims",,Boucherville,,,434.9,1993,206600,267000,473600,2025,Logement,MAMH — Données Québec (rôle d'évaluation foncière),https://donneesouvertes.affmunqc.net/role/RL58033_2026.xml,,,,
"480, Reims",,Boucherville,,,434.9,1992,206600,348100,554700,2025,Logement,MAMH — Données Québec (rôle d'évaluation foncière),https://donneesouvertes.affmunqc.net/role/RL58033_2026.xml,,,,
"482, Reims",,Boucherville,,,342.3,1992,162600,286500,449100,2025,Logement,MAMH — Données Québec (rôle d'évaluation foncière),https://donneesouvertes.affmunqc.net/role/RL58033_2026.xml,,,,
"484, Reims",,Boucherville,,,342.3,1992,162600,318500,481100,2025,Logement,MAMH — Données Québec (rôle d'évaluation foncière),https://donneesouvertes.affmunqc.net/role/RL58033_2026.xml,,,,
"486, Reims",,Boucherville,,,434.9,1992,206600,295700,502300,2025,Logement,MAMH — Données Québec (rôle d'évaluation foncière),https://donneesouvertes.affmunqc.net/role/RL58033_2026.xml,,,,
"499, Gascogne",,Boucherville,,,606.6,1993,276700,473500,750200,2025,Logement,MAMH — Données Québec (rôle d'évaluation foncière),https://donneesouvertes.affmunqc.net/role/RL58033_2026.xml,,,,
"1561, Ampère",,Boucherville,,,10457.8,2013,2683900,5973500,8657400,2025,Immeuble à bureaux,MAMH — Données Québec (rôle d'évaluation foncière),https://donneesouvertes.affmunqc.net/role/RL58033_2026.xml,,,,
"570, Bois-francs",,Boucherville,,,89511.9,,3574400,,3574400,2025,Terrain vacant,MAMH — Données Québec (rôle d'évaluation foncière),https://donneesouvertes.affmunqc.net/role/RL58033_2026.xml,,,,
"551, Touraine",,Boucherville,,,51132.5,,1543600,,1543600,2025,Terrain vacant,MAMH — Données Québec (rôle d'évaluation foncière),https://donneesouvertes.affmunqc.net/role/RL58033_2026.xml,,,,
"575, Touraine",,Boucherville,,,44288.7,,9358400,15805100,25163500,2025,Immeuble à bureaux,MAMH — Données Québec (rôle d'évaluation foncière),https://donneesouvertes.affmunqc.net/role/RL58033_2026.xml,,,,
"611, Bois-francs",,Boucherville,,,5062.9,1983,995300,166200,1161500,2025,Logement,MAMH — Données Québec (rôle d'évaluation foncière),https://donneesouvertes.affmunqc.net/role/RL58033_2026.xml,,,,
"637, Bois-francs",,Boucherville,,,2064.4,2004,629200,580700,1209900,2025,Logement,MAMH — Données Québec (rôle d'évaluation foncière),https://donneesouvertes.affmunqc.net/role/RL58033_2026.xml,,,,
"1114, Boisé",,Boucherville,,,570,2006,270800,971400,1242200,2025,Logement,MAMH — Données Québec (rôle d'évaluation foncière),https://donneesouvertes.affmunqc.net/role/RL58033_2026.xml,,,,
"1116, Boisé",,Boucherville,,,739.4,2005,318000,819600,1137600,2025,Logement,MAMH — Données Québec (rôle d'évaluation foncière),https://donneesouvertes.affmunqc.net/role/RL58033_2026.xml,,,,
"645, Bois-francs",,Boucherville,,,1964.9,2005,612500,623600,1236100,2025,Logement,MAMH — Données Québec (rôle d'évaluation foncière),https://donneesouvertes.affmunqc.net/role/RL58033_2026.xml,,,,
"649, Bois-francs",,Boucherville,,,2851.4,2006,760600,1425700,2186300,2025,Logement,MAMH — Données Québec (rôle d'évaluation foncière),https://donneesouvertes.affmunqc.net/role/RL58033_2026.xml,,,,
"645, Normandie",,Boucherville,,,3918,,909500,1184300,2093800,2025,Logement,MAMH — Données Québec (rôle d'évaluation foncière),https://donneesouvertes.affmunqc.net/role/RL58033_2026.xml,,,,
"636, Bois-francs",,Boucherville,,,2094.8,2002,634200,583600,1217800,2025,Logement,MAMH — Données Québec (rôle d'évaluation foncière),https://donneesouvertes.affmunqc.net/role/RL58033_2026.xml,,,,
"644, Bois-francs",,Boucherville,,,2028.1,2017,623100,1446800,2069900,2025,Logement,MAMH — Données Québec (rôle d'évaluation foncière),https://donneesouvertes.affmunqc.net/role/RL58033_2026.xml,,,,
"650, Bois-francs",,Boucherville,,,3354.5,1900,844600,90300,934900,2025,Logement,MAMH — Données Québec (rôle d'évaluation foncière),https://donneesouvertes.affmunqc.net/role/RL58033_2026.xml,,,,
"647, Normandie",,Boucherville,,,4360,2002,942600,802000,1744600,2025,Logement,MAMH — Données Québec (rôle d'évaluation foncière),https://donneesouvertes.affmunqc.net/role/RL58033_2026.xml,,,,
"651, Bois-francs",,Boucherville,,,2002.7,,618900,,618900,2025,Terrain vacant,MAMH — Données Québec (rôle d'évaluation foncière),https://donneesouvertes.affmunqc.net/role/RL58033_2026.xml,,,,
"656, Bois-francs",,Boucherville,,,3420.2,2013,855600,1845900,2701500,2025,Logement,MAMH — Données Québec (rôle d'évaluation foncière),https://donneesouvertes.affmunqc.net/role/RL58033_2026.xml,,,,
"1230, Boisé",,Boucherville,,,3448.8,2005,860400,1125300,1985700,2025,Logement,MAMH — Données Québec (rôle d'évaluation foncière),https://donneesouvertes.affmunqc.net/role/RL58033_2026.xml,,,,
"1232, Boisé",,Boucherville,,,3414.1,2004,854600,777300,1631900,2025,Logement,MAMH — Données Québec (rôle d'évaluation foncière),https://donneesouvertes.affmunqc.net/role/RL58033_2026.xml,,,,
"646, Normandie",,Boucherville,,,3466,2003,863200,590300,1453500,2025,Logement,MAMH — Données Québec (rôle d'évaluation foncière),https://donneesouvertes.affmunqc.net/role/RL58033_2026.xml,,,,
"648, Normandie",,Boucherville,,,3825.8,2003,902500,646900,1549400,2025,Logement,MAMH — Données Québec (rôle d'évaluation foncière),https://donneesouvertes.affmunqc.net/role/RL58033_2026.xml,,,,
"651, Normandie",,Boucherville,,,9464.8,2004,1675500,2161500,3837000,2025,Logement,MAMH — Données Québec (rôle d'évaluation foncière),https://donneesouvertes.affmunqc.net/role/RL58033_2026.xml,,,,
"1121, Boisé",,Boucherville,,,2033.2,2011,623900,1050100,1674000,2025,Logement,MAMH — Données Québec (rôle d'évaluation foncière),https://donneesouvertes.affmunqc.net/role/RL58033_2026.xml,,,,
"662, Bois-francs",,Boucherville,,,2754.2,2014,744400,957300,1701700,2025,Logement,MAMH — Données Québec (rôle d'évaluation foncière),https://donneesouvertes.affmunqc.net/role/RL58033_2026.xml,,,,
"668, Bois-francs",,Boucherville,,,3314.4,2004,837900,822300,1660200,2025,Logement,MAMH — Données Québec (rôle d'évaluation foncière),https://donneesouvertes.affmunqc.net/role/RL58033_2026.xml,,,,
"1240, Boisé",,Boucherville,,,2864.9,2003,762800,594300,1357100,2025,Logement,MAMH — Données Québec (rôle d'évaluation foncière),https://donneesouvertes.affmunqc.net/role/RL58033_2026.xml,,,,
"1242, Boisé",,Boucherville,,,2781.2,2004,748900,801300,1550200,2025,Logement,MAMH — Données Québec (rôle d'évaluation foncière),https://donneesouvertes.affmunqc.net/role/RL58033_2026.xml,,,,
"1244, Boisé",,Boucherville,,,2773.5,2003,747600,1022400,1770000,2025,Logement,MAMH — Données Québec (rôle d'évaluation foncière),https://donneesouvertes.affmunqc.net/role/RL58033_2026.xml,,,,
"1234, Boisé",,Boucherville,,,3290.1,2005,833800,874700,1708500,2025,Logement,MAMH — Données Québec (rôle d'évaluation foncière),https://donneesouvertes.affmunqc.net/role/RL58033_2026.xml,,,,
"1236, Boisé",,Boucherville,,,3063.3,2003,796000,606300,1402300,2025,Logement,MAMH — Données Québec (rôle d'évaluation foncière),https://donneesouvertes.affmunqc.net/role/RL58033_2026.xml,,,,
"1235, Boisé",,Boucherville,,,3510.3,,870600,,870600,2025,Terrain vacant,MAMH — Données Québec (rôle d'évaluation foncière),https://donneesouvertes.affmunqc.net/role/RL58033_2026.xml,,,,
"652, Normandie",,Boucherville,,,4340.3,2003,941100,406500,1347600,2025,Logement,MAMH — Données Québec (rôle d'évaluation foncière),https://donneesouvertes.affmunqc.net/role/RL58033_2026.xml,,,,
"1233, Boisé",,Boucherville,,,3322.3,,839200,,839200,2025,Terrain vacant,MAMH — Données Québec (rôle d'évaluation foncière),https://donneesouvertes.affmunqc.net/role/RL58033_2026.xml,,,,
"654, Normandie",,Boucherville,,,3356.1,2003,844900,435800,1280700,2025,Logement,MAMH — Données Québec (rôle d'évaluation foncière),https://donneesouvertes.affmunqc.net/role/RL58033_2026.xml,,,,
"656, Normandie",,Boucherville,,,3770.8,2003,898400,768800,1667200,2025,Logement,MAMH — Données Québec (rôle d'évaluation foncière),https://donneesouvertes.affmunqc.net/role/RL58033_2026.xml,,,,
"655, Normandie",,Boucherville,,,3224.2,2004,822800,720100,1542900,2025,Logement,MAMH — Données Québec (rôle d'évaluation foncière),https://donneesouvertes.affmunqc.net/role/RL58033_2026.xml,,,,
"657, Normandie",,Boucherville,,,3253.4,2003,827700,680400,1508100,2025,Logement,MAMH — Données Québec (rôle d'évaluation foncière),https://donneesouvertes.affmunqc.net/role/RL58033_2026.xml,,,,
"659, Normandie",,Boucherville,,,3999,2003,915500,1046600,1962100,2025,Logement,MAMH — Données Québec (rôle d'évaluation foncière),https://donneesouvertes.affmunqc.net/role/RL58033_2026.xml,,,,
"580, Normandie",,Boucherville,,,215543,,5295900,,5295900,2025,Terrain vacant,MAMH — Données Québec (rôle d'évaluation foncière),https://donneesouvertes.affmunqc.net/role/RL58033_2026.xml,,,,
"1246, Boisé",,Boucherville,,,2772.2,2003,747400,801600,1549000,2025,Logement,MAMH — Données Québec (rôle d'évaluation foncière),https://donneesouvertes.affmunqc.net/role/RL58033_2026.xml,,,,
"1250, Boisé",,Boucherville,,,2770.9,2004,747100,1448500,2195600,2025,Logement,MAMH — Données Québec (rôle d'évaluation foncière),https://donneesouvertes.affmunqc.net/role/RL58033_2026.xml,,,,
"1252, Boisé",,Boucherville,,,2769.6,2008,784300,1238400,2022700,2025,Logement,MAMH — Données Québec (rôle d'évaluation foncière),https://donneesouvertes.affmunqc.net/role/RL58033_2026.xml,,,,
"1254, Boisé",,Boucherville,,,2768.3,2009,746700,1968400,2715100,2025,Logement,MAMH — Données Québec (rôle d'évaluation foncière),https://donneesouvertes.affmunqc.net/role/RL58033_2026.xml,,,,
"1243, Boisé",,Boucherville,,,3375,2003,848000,627700,1475700,2025,Logement,MAMH — Données Québec (rôle d'évaluation foncière),https://donneesouvertes.affmunqc.net/role/RL58033_2026.xml,,,,
"1237, Boisé",,Boucherville,,,3203,2009,819300,1449500,2268800,2025,Logement,MAMH — Données Québec (rôle d'évaluation foncière),https://donneesouvertes.affmunqc.net/role/RL58033_2026.xml,,,,
"1239, Boisé",,Boucherville,,,3370.4,2004,847300,632300,1479600,2025,Logement,MAMH — Données Québec (rôle d'évaluation foncière),https://donneesouvertes.affmunqc.net/role/RL58033_2026.xml,,,,
"658, Châtaigniers",,Boucherville,,,3481.1,2004,865700,1286200,2151900,2025,Logement,MAMH — Données Québec (rôle d'évaluation foncière),https://donneesouvertes.affmunqc.net/role/RL58033_2026.xml,,,,
"659, Châtaigniers",,Boucherville,,,4224.4,2004,932400,910500,1842900,2025,Logement,MAMH — Données Québec (rôle d'évaluation foncière),https://donneesouvertes.affmunqc.net/role/RL58033_2026.xml,,,,
"661, Châtaigniers",,Boucherville,,,4524.6,2007,954900,1069700,2024600,2025,Logement,MAMH — Données Québec (rôle d'évaluation foncière),https://donneesouvertes.affmunqc.net/role/RL58033_2026.xml,,,,
"658, Normandie",,Boucherville,,,3615.1,2006,886700,885400,1772100,2025,Logement,MAMH — Données Québec (rôle d'évaluation foncière),https://donneesouvertes.affmunqc.net/role/RL58033_2026.xml,,,,
"662, Normandie",,Boucherville,,,3925,2003,910000,634300,1544300,2025,Logement,MAMH — Données Québec (rôle d'évaluation foncière),https://donneesouvertes.affmunqc.net/role/RL58033_2026.xml,,,,
"663, Châtaigniers",,Boucherville,,,4049.1,2006,919300,1292300,2211600,2025,Logement,MAMH — Données Québec (rôle d'évaluation foncière),https://donneesouvertes.affmunqc.net/role/RL58033_2026.xml,,,,
"664, Normandie",,Boucherville,,,2703.3,2017,735900,1702300,2438200,2025,Logement,MAMH — Données Québec (rôle d'évaluation foncière),https://donneesouvertes.affmunqc.net/role/RL58033_2026.xml,,,,
"666, Normandie",,Boucherville,,,2813.2,2003,754200,767200,1521400,2025,Logement,MAMH — Données Québec (rôle d'évaluation foncière),https://donneesouvertes.affmunqc.net/role/RL58033_2026.xml,,,,
"590, Normandie",,Boucherville,,,237265.7,,4750900,,4750900,2025,Terrain vacant,MAMH — Données Québec (rôle d'évaluation foncière),https://donneesouvertes.affmunqc.net/role/RL58033_2026.xml,,,,
"1260, Boisé",,Boucherville,,,2767,2004,746500,591600,1338100,2025,Logement,MAMH — Données Québec (rôle d'évaluation foncière),https://donneesouvertes.affmunqc.net/role/RL58033_2026.xml,,,,
"1264, Boisé",,Boucherville,,,2595,2007,717800,1034600,1752400,2025,Logement,MAMH — Données Québec (rôle d'évaluation foncière),https://donneesouvertes.affmunqc.net/role/RL58033_2026.xml,,,,
"1268, Boisé",,Boucherville,,,2593.8,2005,717600,1237100,1954700,2025,Logement,MAMH — Données Québec (rôle d'évaluation foncière),https://donneesouvertes.affmunqc.net/role/RL58033_2026.xml,,,,
"1270, Boisé",,Boucherville,,,2592.7,2005,753300,923000,1676300,2025,Logement,MAMH — Données Québec (rôle d'évaluation foncière),https://donneesouvertes.affmunqc.net/role/RL58033_2026.xml,,,,
"1274, Boisé",,Boucherville,,,2591.5,2006,717200,1190000,1907200,2025,Logement,MAMH — Données Québec (rôle d'évaluation foncière),https://donneesouvertes.affmunqc.net/role/RL58033_2026.xml,,,,
"1253, Boisé",,Boucherville,,,2960.5,2006,778800,1283900,2062700,2025,Logement,MAMH — Données Québec (rôle d'évaluation foncière),https://donneesouvertes.affmunqc.net/role/RL58033_2026.xml,,,,
"1255, Boisé",,Boucherville,,,2850,2003,760400,519700,1280100,2025,Logement,MAMH — Données Québec (rôle d'évaluation foncière),https://donneesouvertes.affmunqc.net/role/RL58033_2026.xml,,,,
"1261, Boisé",,Boucherville,,,1922,2005,605400,603300,1208700,2025,Logement,MAMH — Données Québec (rôle d'évaluation foncière),https://donneesouvertes.affmunqc.net/role/RL58033_2026.xml,,,,
"1245, Boisé",,Boucherville,,,3355.2,2004,844700,751600,1596300,2025,Logement,MAMH — Données Québec (rôle d'évaluation foncière),https://donneesouvertes.affmunqc.net/role/RL58033_2026.xml,,,,
"760, Châtaigniers",,Boucherville,,,3493,2004,867700,1420500,2288200,2025,Logement,MAMH — Données Québec (rôle d'évaluation foncière),https://donneesouvertes.affmunqc.net/role/RL58033_2026.xml,,,,
"660, Châtaigniers",,Boucherville,,,3509.1,,870400,,870400,2025,Terrain vacant,MAMH — Données Québec (rôle d'évaluation foncière),https://donneesouvertes.affmunqc.net/role/RL58033_2026.xml,,,,
"758, Châtaigniers",,Boucherville,,,3474.2,2006,864600,1192100,2056700,2025,Logement,MAMH — Données Québec (rôle d'évaluation foncière),https://donneesouvertes.affmunqc.net/role/RL58033_2026.xml,,,,
"756, Châtaigniers",,Boucherville,,,3500,2003,868900,883300,1752200,2025,Logement,MAMH — Données Québec (rôle d'évaluation foncière),https://donneesouvertes.affmunqc.net/role/RL58033_2026.xml,,,,
"662, Châtaigniers",,Boucherville,,,3289.9,2003,833800,873100,1706900,2025,Logement,MAMH — Données Québec (rôle d'évaluation foncière),https://donneesouvertes.affmunqc.net/role/RL58033_2026.xml,,,,
"664, Châtaigniers",,Boucherville,,,3684.4,2004,891900,1151900,2043800,2025,Logement,MAMH — Données Québec (rôle d'évaluation foncière),https://donneesouvertes.affmunqc.net/role/RL58033_2026.xml,,,,
"668, Châtaigniers",,Boucherville,,,5138.4,2003,1001000,675400,1676400,2025,Logement,MAMH — Données Québec (rôle d'évaluation foncière),https://donneesouvertes.affmunqc.net/role/RL58033_2026.xml,,,,
"665, Châtaigniers",,Boucherville,,,2778.6,2004,748400,747200,1495600,2025,Logement,MAMH — Données Québec (rôle d'évaluation foncière),https://donneesouvertes.affmunqc.net/role/RL58033_2026.xml,,,,
"667, Châtaigniers",,Boucherville,,,2730.6,2008,740400,832500,1572900,2025,Logement,MAMH — Données Québec (rôle d'évaluation foncière),https://donneesouvertes.affmunqc.net/role/RL58033_2026.xml,,,,
"668, Normandie",,Boucherville,,,5492.7,2003,1027600,1046400,2074000,2025,Logement,MAMH — Données Québec (rôle d'évaluation foncière),https://donneesouvertes.affmunqc.net/role/RL58033_2026.xml,,,,
"669, Châtaigniers",,Boucherville,,,5448.1,2004,1024200,1515900,2540100,2025,Logement,MAMH — Données Québec (rôle d'évaluation foncière),https://donneesouvertes.affmunqc.net/role/RL58033_2026.xml,,,,
"1276, Boisé",,Boucherville,,,2590.4,2008,717000,1016900,1733900,2025,Logement,MAMH — Données Québec (rôle d'évaluation foncière),https://donneesouvertes.affmunqc.net/role/RL58033_2026.xml,,,,
"1278, Boisé",,Boucherville,,,3724.9,2007,895000,1081600,1976600,2025,Logement,MAMH — Données Québec (rôle d'évaluation foncière),https://donneesouvertes.affmunqc.net/role/RL58033_2026.xml,,,,
"1280, Boisé",,Boucherville,,,3460.6,,862300,,862300,2025,Terrain vacant,MAMH — Données Québec (rôle d'évaluation foncière),https://donneesouvertes.affmunqc.net/role/RL58033_2026.xml,,,,
"1271, Boisé",,Boucherville,,,1922,2005,605400,684900,1290300,2025,Logement,MAMH — Données Québec (rôle d'évaluation foncière),https://donneesouvertes.affmunqc.net/role/RL58033_2026.xml,,,,
"1275, Boisé",,Boucherville,,,1922,2006,605400,501200,1106600,2025,Logement,MAMH — Données Québec (rôle d'évaluation foncière),https://donneesouvertes.affmunqc.net/role/RL58033_2026.xml,,,,
"1277, Boisé",,Boucherville,,,1922,2007,605400,813200,1418600,2025,Logement,MAMH — Données Québec (rôle d'évaluation foncière),https://donneesouvertes.affmunqc.net/role/RL58033_2026.xml,,,,
"1265, Boisé",,Boucherville,,,1922,2022,605400,1407400,2012800,2025,Logement,MAMH — Données Québec (rôle d'évaluation foncière),https://donneesouvertes.affmunqc.net/role/RL58033_2026.xml,,,,
"671, Cornouillers",,Boucherville,,,4006.5,2006,916100,1143800,2059900,2025,Logement,MAMH — Données Québec (rôle d'évaluation foncière),https://donneesouvertes.affmunqc.net/role/RL58033_2026.xml,,,,
"667, Cornouillers",,Boucherville,,,3142.4,2007,809200,1389800,2199000,2025,Logement,MAMH — Données Québec (rôle d'évaluation foncière),https://donneesouvertes.affmunqc.net/role/RL58033_2026.xml,,,,
"765, Châtaigniers",,Boucherville,,,2898.9,2004,768500,1091000,1859500,2025,Logement,MAMH — Données Québec (rôle d'évaluation foncière),https://donneesouvertes.affmunqc.net/role/RL58033_2026.xml,,,,
"763, Châtaigniers",,Boucherville,,,2561.9,2004,712200,817100,1529300,2025,Logement,MAMH — Données Québec (rôle d'évaluation foncière),https://donneesouvertes.affmunqc.net/role/RL58033_2026.xml,,,,
"759, Châtaigniers",,Boucherville,,,2502.2,2004,702300,879200,1581500,2025,Logement,MAMH — Données Québec (rôle d'évaluation foncière),https://donneesouvertes.affmunqc.net/role/RL58033_2026.xml,,,,
"757, Châtaigniers",,Boucherville,,,2476.9,2005,698000,812400,1510400,2025,Logement,MAMH — Données Québec (rôle d'évaluation foncière),https://donneesouvertes.affmunqc.net/role/RL58033_2026.xml,,,,
"675, Cornouillers",,Boucherville,,,2335.3,2006,674400,921800,1596200,2025,Logement,MAMH — Données Québec (rôle d'évaluation foncière),https://donneesouvertes.affmunqc.net/role/RL58033_2026.xml,,,,
"754, Châtaigniers",,Boucherville,,,3564.2,2004,879600,969800,1849400,2025,Logement,MAMH — Données Québec (rôle d'évaluation foncière),https://donneesouvertes.affmunqc.net/role/RL58033_2026.xml,,,,
"750, Châtaigniers",,Boucherville,,,3597.1,2007,885100,1436900,2322000,2025,Logement,MAMH — Données Québec (rôle d'évaluation foncière),https://donneesouvertes.affmunqc.net/role/RL58033_2026.xml,,,,
"748, Châtaigniers",,Boucherville,,,3574.2,2005,881300,1355300,2236600,2025,Logement,MAMH — Données Québec (rôle d'évaluation foncière),https://donneesouvertes.affmunqc.net/role/RL58033_2026.xml,,,,
"670, Châtaigniers",,Boucherville,,,5456,2004,1024800,1395900,2420700,2025,Logement,MAMH — Données Québec (rôle d'évaluation foncière),https://donneesouvertes.affmunqc.net/role/RL58033_2026.xml,,,,
"672, Châtaigniers",,Boucherville,,,4076.2,2010,921300,2555000,3476300,2025,Logement,MAMH — Données Québec (rôle d'évaluation foncière),https://donneesouvertes.affmunqc.net/role/RL58033_2026.xml,,,,
"671, Châtaigniers",,Boucherville,,,5403.5,2005,1020900,1577300,2598200,2025,Logement,MAMH — Données Québec (rôle d'évaluation foncière),https://donneesouvertes.affmunqc.net/role/RL58033_2026.xml,,,,
"673, Châtaigniers",,Boucherville,,,4740.1,2004,971100,1734400,2705500,2025,Logement,MAMH — Données Québec (rôle d'évaluation foncière),https://donneesouvertes.affmunqc.net/role/RL58033_2026.xml,,,,
"1300, Boisé",,Boucherville,,,5318,2011,1623800,2705500,4329300,2025,Logement,MAMH — Données Québec (rôle d'évaluation foncière),https://donneesouvertes.affmunqc.net/role/RL58033_2026.xml,,,,
"1284, Boisé",,Boucherville,,,2980.9,2012,782200,1265700,2047900,2025,Logement,MAMH — Données Québec (rôle d'évaluation foncière),https://donneesouvertes.affmunqc.net/role/RL58033_2026.xml,,,,
"1288, Boisé",,Boucherville,,,2338.5,2009,841000,1039900,1880900,2025,Logement,MAMH — Données Québec (rôle d'évaluation foncière),https://donneesouvertes.affmunqc.net/role/RL58033_2026.xml,,,,
"1290, Boisé",,Boucherville,,,2329.9,2010,838900,963800,1802700,2025,Logement,MAMH — Données Québec (rôle d'évaluation foncière),https://donneesouvertes.affmunqc.net/role/RL58033_2026.xml,,,,
"1292, Boisé",,Boucherville,,,2321.3,2017,836900,2796700,3633600,2025,Logement,MAMH — Données Québec (rôle d'évaluation foncière),https://donneesouvertes.affmunqc.net/role/RL58033_2026.xml,,,,
"1281, Boisé",,Boucherville,,,2582.6,2005,715700,1214600,1930300,2025,Logement,MAMH — Données Québec (rôle d'évaluation foncière),https://donneesouvertes.affmunqc.net/role/RL58033_2026.xml,,,,
"1285, Boisé",,Boucherville,,,2232.2,2006,657200,1440700,2097900,2025,Logement,MAMH — Données Québec (rôle d'évaluation foncière),https://donneesouvertes.affmunqc.net/role/RL58033_2026.xml,,,,
"650, Bosquet",,Boucherville,,,1942.1,2008,608700,1388800,1997500,2025,Logement,MAMH — Données Québec (rôle d'évaluation foncière),https://donneesouvertes.affmunqc.net/role/RL58033_2026.xml,,,,
"1287, Boisé",,Boucherville,,,1777.4,2021,707400,1344700,2052100,2025,Logement,MAMH — Données Québec (rôle d'évaluation foncière),https://donneesouvertes.affmunqc.net/role/RL58033_2026.xml,,,,
"1279, Boisé",,Boucherville,,,2767.6,2007,746600,1324900,2071500,2025,Logement,MAMH — Données Québec (rôle d'évaluation foncière),https://donneesouvertes.affmunqc.net/role/RL58033_2026.xml,,,,
"663, Cornouillers",,Boucherville,,,2232.2,2009,657200,999500,1656700,2025,Logement,MAMH — Données Québec (rôle d'évaluation foncière),https://donneesouvertes.affmunqc.net/role/RL58033_2026.xml,,,,
"661, Cornouillers",,Boucherville,,,3082.3,2006,799100,892600,1691700,2025,Logement,MAMH — Données Québec (rôle d'évaluation foncière),https://donneesouvertes.affmunqc.net/role/RL58033_2026.xml,,,,
"665, Cornouillers",,Boucherville,,,2232.2,2008,657200,1148700,1805900,2025,Logement,MAMH — Données Québec (rôle d'évaluation foncière),https://donneesouvertes.affmunqc.net/role/RL58033_2026.xml,,,,
"670, Cornouillers",,Boucherville,,,2237.2,2006,658000,804000,1462000,2025,Logement,MAMH — Données Québec (rôle d'évaluation foncière),https://donneesouvertes.affmunqc.net/role/RL58033_2026.xml,,,,
"674, Cornouillers",,Boucherville,,,2497.5,2005,701500,732000,1433500,2025,Logement,MAMH — Données Québec (rôle d'évaluation foncière),https://donneesouvertes.affmunqc.net/role/RL58033_2026.xml,,,,
"659, Bosquet",,Boucherville,,,2828.3,2006,756700,1049600,1806300,2025,Logement,MAMH — Données Québec (rôle d'évaluation foncière),https://donneesouvertes.affmunqc.net/role/RL58033_2026.xml,,,,
"677, Cornouillers",,Boucherville,,,1800,2006,585000,1156600,1741600,2025,Logement,MAMH — Données Québec (rôle d'évaluation foncière),https://donneesouvertes.affmunqc.net/role/RL58033_2026.xml,,,,
"679, Cornouillers",,Boucherville,,,1800,2005,585000,675200,1260200,2025,Logement,MAMH — Données Québec (rôle d'évaluation foncière),https://donneesouvertes.affmunqc.net/role/RL58033_2026.xml,,,,
"681, Cornouillers",,Boucherville,,,1800,2024,585000,1406500,1991500,2025,Logement,MAMH — Données Québec (rôle d'évaluation foncière),https://donneesouvertes.affmunqc.net/role/RL58033_2026.xml,,,,
"755, Châtaigniers",,Boucherville,,,2486.2,2005,699600,1287800,1987400,2025,Logement,MAMH — Données Québec (rôle d'évaluation foncière),https://donneesouvertes.affmunqc.net/role/RL58033_2026.xml,,,,
"753, Châtaigniers",,Boucherville,,,2529.5,2004,706800,1184700,1891500,2025,Logement,MAMH — Données Québec (rôle d'évaluation foncière),https://donneesouvertes.affmunqc.net/role/RL58033_2026.xml,,,,
"749, Châtaigniers",,Boucherville,,,2588,2005,716600,911200,1627800,2025,Logement,MAMH — Données Québec (rôle d'évaluation foncière),https://donneesouvertes.affmunqc.net/role/RL58033_2026.xml,,,,
"747, Châtaigniers",,Boucherville,,,2806.9,2006,753200,1097700,1850900,2025,Logement,MAMH — Données Québec (rôle d'évaluation foncière),https://donneesouvertes.affmunqc.net/role/RL58033_2026.xml,,,,
"683, Cornouillers",,Boucherville,,,1800,2005,585000,1026700,1611700,2025,Logement,MAMH — Données Québec (rôle d'évaluation foncière),https://donneesouvertes.affmunqc.net/role/RL58033_2026.xml,,,,
"685, Cornouillers",,Boucherville,,,1822.9,2005,588800,865500,1454300,2025,Logement,MAMH — Données Québec (rôle d'évaluation foncière),https://donneesouvertes.affmunqc.net/role/RL58033_2026.xml,,,,
"746, Châtaigniers",,Boucherville,,,3549.1,2003,877100,961400,1838500,2025,Logement,MAMH — Données Québec (rôle d'évaluation foncière),https://donneesouvertes.affmunqc.net/role/RL58033_2026.xml,,,,
"745, Châtaigniers",,Boucherville,,,3781,2005,899200,2113400,3012600,2025,Logement,MAMH — Données Québec (rôle d'évaluation foncière),https://donneesouvertes.affmunqc.net/role/RL58033_2026.xml,,,,
"676, Châtaigniers",,Boucherville,,,4059.6,2004,920100,1274300,2194400,2025,Logement,MAMH — Données Québec (rôle d'évaluation foncière),https://donneesouvertes.affmunqc.net/role/RL58033_2026.xml,,,,
"744, Châtaigniers",,Boucherville,,,4050.1,2007,919400,1876300,2795700,2025,Logement,MAMH — Données Québec (rôle d'évaluation foncière),https://donneesouvertes.affmunqc.net/role/RL58033_2026.xml,,,,
"740, Châtaigniers",,Boucherville,,,4036.6,2013,918300,2950400,3868700,2025,Logement,MAMH — Données Québec (rôle d'évaluation foncière),https://donneesouvertes.affmunqc.net/role/RL58033_2026.xml,,,,
"738, Châtaigniers",,Boucherville,,,4008,2006,916200,2150100,3066300,2025,Logement,MAMH — Données Québec (rôle d'évaluation foncière),https://donneesouvertes.affmunqc.net/role/RL58033_2026.xml,,,,
"680, Châtaigniers",,Boucherville,,,4117.6,2004,924400,1184900,2109300,2025,Logement,MAMH — Données Québec (rôle d'évaluation foncière),https://donneesouvertes.affmunqc.net/role/RL58033_2026.xml,,,,
"682, Châtaigniers",,Boucherville,,,4691.9,,967500,,967500,2025,Terrain vacant,MAMH — Données Québec (rôle d'évaluation foncière),https://donneesouvertes.affmunqc.net/role/RL58033_2026.xml,,,,
"1304, Boisé",,Boucherville,,,2984.9,2012,925200,2481600,3406800,2025,Logement,MAMH — Données Québec (rôle d'évaluation foncière),https://donneesouvertes.affmunqc.net/role/RL58033_2026.xml,,,,
"1306, Boisé",,Boucherville,,,3300.3,2012,1059000,2765000,3824000,2025,Logement,MAMH — Données Québec (rôle d'évaluation foncière),https://donneesouvertes.affmunqc.net/role/RL58033_2026.xml,,,,
"1297, Boisé",,Boucherville,,,1488.6,2014,638700,1209000,1847700,2025,Logement,MAMH — Données Québec (rôle d'évaluation foncière),https://donneesouvertes.affmunqc.net/role/RL58033_2026.xml,,,,
"650, Futaie",,Boucherville,,,1703.3,2011,689800,1932000,2621800,2025,Logement,MAMH — Données Québec (rôle d'évaluation foncière),https://donneesouvertes.affmunqc.net/role/RL58033_2026.xml,,,,
"652, Futaie",,Boucherville,,,1360.4,2009,608200,1420100,2028300,2025,Logement,MAMH — Données Québec (rôle d'évaluation foncière),https://donneesouvertes.affmunqc.net/role/RL58033_2026.xml,,,,
"1291, Boisé",,Boucherville,,,1496,2010,640400,1312000,1952400,2025,Logement,MAMH — Données Québec (rôle d'évaluation foncière),https://donneesouvertes.affmunqc.net/role/RL58033_2026.xml,,,,
"1295, Boisé",,Boucherville,,,1496,2013,640400,980400,1620800,2025,Logement,MAMH — Données Québec (rôle d'évaluation foncière),https://donneesouvertes.affmunqc.net/role/RL58033_2026.xml,,,,
"681, Églantiers",,Boucherville,,,875.1,2009,303100,749700,1052800,2025,Logement,MAMH — Données Québec (rôle d'évaluation foncière),https://donneesouvertes.affmunqc.net/role/RL58033_2026.xml,,,,
"677, Églantiers",,Boucherville,,,759,2009,275400,685100,960500,2025,Logement,MAMH — Données Québec (rôle d'évaluation foncière),https://donneesouvertes.affmunqc.net/role/RL58033_2026.xml,,,,
"683, Églantiers",,Boucherville,,,565.7,2009,229400,594300,823700,2025,Logement,MAMH — Données Québec (rôle d'évaluation foncière),https://donneesouvertes.affmunqc.net/role/RL58033_2026.xml,,,,
"653, Futaie",,Boucherville,,,1221.4,2012,575100,1511500,2086600,2025,Logement,MAMH — Données Québec (rôle d'évaluation foncière),https://donneesouvertes.affmunqc.net/role/RL58033_2026.xml,,,,
"655, Futaie",,Boucherville,,,1278.2,2009,588600,908200,1496800,2025,Logement,MAMH — Données Québec (rôle d'évaluation foncière),https://donneesouvertes.affmunqc.net/role/RL58033_2026.xml,,,,
"657, Futaie",,Boucherville,,,1276,2010,588100,893800,1481900,2025,Logement,MAMH — Données Québec (rôle d'évaluation foncière),https://donneesouvertes.affmunqc.net/role/RL58033_2026.xml,,,,
"656, Futaie",,Boucherville,,,1284.8,2010,590200,780200,1370400,2025,Logement,MAMH — Données Québec (rôle d'évaluation foncière),https://donneesouvertes.affmunqc.net/role/RL58033_2026.xml,,,,
"658, Futaie",,Boucherville,,,1284.8,2009,590200,818000,1408200,2025,Logement,MAMH — Données Québec (rôle d'évaluation foncière),https://donneesouvertes.affmunqc.net/role/RL58033_2026.xml,,,,
"654, Bosquet",,Boucherville,,,1876.8,2007,597800,858300,1456100,2025,Logement,MAMH — Données Québec (rôle d'évaluation foncière),https://donneesouvertes.affmunqc.net/role/RL58033_2026.xml,,,,
"658, Bosquet",,Boucherville,,,1830,2007,590000,1199700,1789700,2025,Logement,MAMH — Données Québec (rôle d'évaluation foncière),https://donneesouvertes.affmunqc.net/role/RL58033_2026.xml,,,,
"660, Bosquet",,Boucherville,,,1830,2010,590000,965100,1555100,2025,Logement,MAMH — Données Québec (rôle d'évaluation foncière),https://donneesouvertes.affmunqc.net/role/RL58033_2026.xml,,,,
"662, Bosquet",,Boucherville,,,1830,2008,590000,1195000,1785000,2025,Logement,MAMH — Données Québec (rôle d'évaluation foncière),https://donneesouvertes.affmunqc.net/role/RL58033_2026.xml,,,,
"661, Futaie",,Boucherville,,,1276,2013,588100,1819800,2407900,2025,Logement,MAMH — Données Québec (rôle d'évaluation foncière),https://donneesouvertes.affmunqc.net/role/RL58033_2026.xml,,,,
"663, Bosquet",,Boucherville,,,1947.1,2005,609600,969300,1578900,2025,Logement,MAMH — Données Québec (rôle d'évaluation foncière),https://donneesouvertes.affmunqc.net/role/RL58033_2026.xml,,,,
"665, Bosquet",,Boucherville,,,1937.5,2008,608000,1095700,1703700,2025,Logement,MAMH — Données Québec (rôle d'évaluation foncière),https://donneesouvertes.affmunqc.net/role/RL58033_2026.xml,,,,
"667, Bosquet",,Boucherville,,,1937.5,2006,608000,796900,1404900,2025,Logement,MAMH — Données Québec (rôle d'évaluation foncière),https://donneesouvertes.affmunqc.net/role/RL58033_2026.xml,,,,
"668, Bosquet",,Boucherville,,,1830,2005,590000,663700,1253700,2025,Logement,MAMH — Données Québec (rôle d'évaluation foncière),https://donneesouvertes.affmunqc.net/role/RL58033_2026.xml,,,,
"678, Cornouillers",,Boucherville,,,1918.8,2005,604800,981100,1585900,2025,Logement,MAMH — Données Québec (rôle d'évaluation foncière),https://donneesouvertes.affmunqc.net/role/RL58033_2026.xml,,,,
"680, Cornouillers",,Boucherville,,,1918.8,2006,604800,874500,1479300,2025,Logement,MAMH — Données Québec (rôle d'évaluation foncière),https://donneesouvertes.affmunqc.net/role/RL58033_2026.xml,,,,
"684, Cornouillers",,Boucherville,,,1907.8,2005,603000,976200,1579200,2025,Logement,MAMH — Données Québec (rôle d'évaluation foncière),https://donneesouvertes.affmunqc.net/role/RL58033_2026.xml,,,,
"686, Cornouillers",,Boucherville,,,1833.4,2010,590600,1249900,1840500,2025,Logement,MAMH — Données Québec (rôle d'évaluation foncière),https://donneesouvertes.affmunqc.net/role/RL58033_2026.xml,,,,
"671, Bosquet",,Boucherville,,,1937.5,2005,608000,709600,1317600,2025,Logement,MAMH — Données Québec (rôle d'évaluation foncière),https://donneesouvertes.affmunqc.net/role/RL58033_2026.xml,,,,
"687, Cornouillers",,Boucherville,,,1893.7,2006,600600,837700,1438300,2025,Logement,MAMH — Données Québec (rôle d'évaluation foncière),https://donneesouvertes.affmunqc.net/role/RL58033_2026.xml,,,,
"689, Cornouillers",,Boucherville,,,1832.4,2006,590400,1242100,1832500,2025,Logement,MAMH — Données Québec (rôle d'évaluation foncière),https://donneesouvertes.affmunqc.net/role/RL58033_2026.xml,,,,
"691, Cornouillers",,Boucherville,,,1800,2006,585000,1427400,2012400,2025,Logement,MAMH — Données Québec (rôle d'évaluation foncière),https://donneesouvertes.affmunqc.net/role/RL58033_2026.xml,,,,
"690, Cornouillers",,Boucherville,,,1838.9,2006,591500,913100,1504600,2025,Logement,MAMH — Données Québec (rôle d'évaluation foncière),https://donneesouvertes.affmunqc.net/role/RL58033_2026.xml,,,,
"743, Châtaigniers",,Boucherville,,,4000,2006,915600,1480300,2395900,2025,Logement,MAMH — Données Québec (rôle d'évaluation foncière),https://donneesouvertes.affmunqc.net/role/RL58033_2026.xml,,,,
"739, Châtaigniers",,Boucherville,,,4006.3,2005,916100,1146600,2062700,2025,Logement,MAMH — Données Québec (rôle d'évaluation foncière),https://donneesouvertes.affmunqc.net/role/RL58033_2026.xml,,,,
"695, Cornouillers",,Boucherville,,,1800,2006,585000,1272700,1857700,2025,Logement,MAMH — Données Québec (rôle d'évaluation foncière),https://donneesouvertes.affmunqc.net/role/RL58033_2026.xml,,,,
"736, Châtaigniers",,Boucherville,,,4586.6,2006,959600,1491600,2451200,2025,Logement,MAMH — Données Québec (rôle d'évaluation foncière),https://donneesouvertes.affmunqc.net/role/RL58033_2026.xml,,,,
"684, Châtaigniers",,Boucherville,,,4765.5,2005,973000,1362000,2335000,2025,Logement,MAMH — Données Québec (rôle d'évaluation foncière),https://donneesouvertes.affmunqc.net/role/RL58033_2026.xml,,,,
"734, Châtaigniers",,Boucherville,,,5229.8,2005,1007800,1417500,2425300,2025,Logement,MAMH — Données Québec (rôle d'évaluation foncière),https://donneesouvertes.affmunqc.net/role/RL58033_2026.xml,,,,
"1299, Boisé",,Boucherville,,,1834.3,2015,721000,1282300,2003300,2025,Logement,MAMH — Données Québec (rôle d'évaluation foncière),https://donneesouvertes.affmunqc.net/role/RL58033_2026.xml,,,,
"665, Églantiers",,Boucherville,,,429.8,2009,197100,668300,865400,2025,Logement,MAMH — Données Québec (rôle d'évaluation foncière),https://donneesouvertes.affmunqc.net/role/RL58033_2026.xml,,,,
"663, Églantiers",,Boucherville,,,429.8,2009,197100,614800,811900,2025,Logement,MAMH — Données Québec (rôle d'évaluation foncière),https://donneesouvertes.affmunqc.net/role/RL58033_2026.xml,,,,
"661, Églantiers",,Boucherville,,,505.8,2008,215200,719600,934800,2025,Logement,MAMH — Données Québec (rôle d'évaluation foncière),https://donneesouvertes.affmunqc.net/role/RL58033_2026.xml,,,,
"675, Églantiers",,Boucherville,,,487.1,2009,210700,588900,799600,2025,Logement,MAMH — Données Québec (rôle d'évaluation foncière),https://donneesouvertes.affmunqc.net/role/RL58033_2026.xml,,,,
"685, Églantiers",,Boucherville,,,429.9,2010,197100,627200,824300,2025,Logement,MAMH — Données Québec (rôle d'évaluation foncière),https://donneesouvertes.affmunqc.net/role/RL58033_2026.xml,,,,
"673, Églantiers",,Boucherville,,,429.8,2009,197100,573600,770700,2025,Logement,MAMH — Données Québec (rôle d'évaluation foncière),https://donneesouvertes.affmunqc.net/role/RL58033_2026.xml,,,,
"671, Églantiers",,Boucherville,,,429.8,2009,197100,590600,787700,2025,Logement,MAMH — Données Québec (rôle d'évaluation foncière),https://donneesouvertes.affmunqc.net/role/RL58033_2026.xml,,,,
"667, Églantiers",,Boucherville,,,429.8,2009,197100,582100,779200,2025,Logement,MAMH — Données Québec (rôle d'évaluation foncière),https://donneesouvertes.affmunqc.net/role/RL58033_2026.xml,,,,
"672, Églantiers",,Boucherville,,,654.4,2009,250500,802900,1053400,2025,Logement,MAMH — Données Québec (rôle d'évaluation foncière),https://donneesouvertes.affmunqc.net/role/RL58033_2026.xml,,,,
"670, Églantiers",,Boucherville,,,429.8,2009,197100,656100,853200,2025,Logement,MAMH — Données Québec (rôle d'évaluation foncière),https://donneesouvertes.affmunqc.net/role/RL58033_2026.xml,,,,
"676, Églantiers",,Boucherville,,,526.2,2009,220000,629100,849100,2025,Logement,MAMH — Données Québec (rôle d'évaluation foncière),https://donneesouvertes.affmunqc.net/role/RL58033_2026.xml,,,,
"668, Églantiers",,Boucherville,,,429.8,2009,197100,636900,834000,2025,Logement,MAMH — Données Québec (rôle d'évaluation foncière),https://donneesouvertes.affmunqc.net/role/RL58033_2026.xml,,,,
"664, Églantiers",,Boucherville,,,429.8,2009,197100,615500,812600,2025,Logement,MAMH — Données Québec (rôle d'évaluation foncière),https://donneesouvertes.affmunqc.net/role/RL58033_2026.xml,,,,
"678, Églantiers",,Boucherville,,,616.3,2010,241500,596900,838400,2025,Logement,MAMH — Données Québec (rôle d'évaluation foncière),https://donneesouvertes.affmunqc.net/role/RL58033_2026.xml,,,,
"662, Églantiers",,Boucherville,,,429.8,2009,197100,614200,811300,2025,Logement,MAMH — Données Québec (rôle d'évaluation foncière),https://donneesouvertes.affmunqc.net/role/RL58033_2026.xml,,,,
"680, Églantiers",,Boucherville,,,1020.3,2011,337600,930400,1268000,2025,Logement,MAMH — Données Québec (rôle d'évaluation foncière),https://donneesouvertes.affmunqc.net/role/RL58033_2026.xml,,,,
"660, Églantiers",,Boucherville,,,606.6,2009,239200,670300,909500,2025,Logement,MAMH — Données Québec (rôle d'évaluation foncière),https://donneesouvertes.affmunqc.net/role/RL58033_2026.xml,,,,
"660, Futaie",,Boucherville,,,1284.8,2010,590200,796800,1387000,2025,Logement,MAMH — Données Québec (rôle d'évaluation foncière),https://donneesouvertes.affmunqc.net/role/RL58033_2026.xml,,,,
"687, Églantiers",,Boucherville,,,429.8,2009,197100,622300,819400,2025,Logement,MAMH — Données Québec (rôle d'évaluation foncière),https://donneesouvertes.affmunqc.net/role/RL58033_2026.xml,,,,
"691, Églantiers",,Boucherville,,,429.8,2009,197100,681800,878900,2025,Logement,MAMH — Données Québec (rôle d'évaluation foncière),https://donneesouvertes.affmunqc.net/role/RL58033_2026.xml,,,,
"664, Futaie",,Boucherville,,,1284.8,2010,590200,780600,1370800,2025,Logement,MAMH — Données Québec (rôle d'évaluation foncière),https://donneesouvertes.affmunqc.net/role/RL58033_2026.xml,,,,
"693, Églantiers",,Boucherville,,,429.8,2009,197100,562200,759300,2025,Logement,MAMH — Données Québec (rôle d'évaluation foncière),https://donneesouvertes.affmunqc.net/role/RL58033_2026.xml,,,,
"695, Églantiers",,Boucherville,,,429.8,2010,197100,684900,882000,2025,Logement,MAMH — Données Québec (rôle d'évaluation foncière),https://donneesouvertes.affmunqc.net/role/RL58033_2026.xml,,,,
"668, Futaie",,Boucherville,,,1284.8,2012,590200,1044400,1634600,2025,Logement,MAMH — Données Québec (rôle d'évaluation foncière),https://donneesouvertes.affmunqc.net/role/RL58033_2026.xml,,,,
"697, Églantiers",,Boucherville,,,429.8,2009,197100,649600,846700,2025,Logement,MAMH — Données Québec (rôle d'évaluation foncière),https://donneesouvertes.affmunqc.net/role/RL58033_2026.xml,,,,
"701, Églantiers",,Boucherville,,,648.7,2009,249200,690100,939300,2025,Logement,MAMH — Données Québec (rôle d'évaluation foncière),https://donneesouvertes.affmunqc.net/role/RL58033_2026.xml,,,,
"703, Églantiers",,Boucherville,,,995.7,2010,331800,736700,1068500,2025,Logement,MAMH — Données Québec (rôle d'évaluation foncière),https://donneesouvertes.affmunqc.net/role/RL58033_2026.xml,,,,
"663, Futaie",,Boucherville,,,1276,2009,588100,703200,1291300,2025,Logement,MAMH — Données Québec (rôle d'évaluation foncière),https://donneesouvertes.affmunqc.net/role/RL58033_2026.xml,,,,
"665, Futaie",,Boucherville,,,1276,2010,588100,1043900,1632000,2025,Logement,MAMH — Données Québec (rôle d'évaluation foncière),https://donneesouvertes.affmunqc.net/role/RL58033_2026.xml,,,,
"669, Futaie",,Boucherville,,,1276,2009,588100,943300,1531400,2025,Logement,MAMH — Données Québec (rôle d'évaluation foncière),https://donneesouvertes.affmunqc.net/role/RL58033_2026.xml,,,,
"671, Futaie",,Boucherville,,,1332.4,2009,601500,882200,1483700,2025,Logement,MAMH — Données Québec (rôle d'évaluation foncière),https://donneesouvertes.affmunqc.net/role/RL58033_2026.xml,,,,
"670, Futaie",,Boucherville,,,1284.8,2008,590200,791300,1381500,2025,Logement,MAMH — Données Québec (rôle d'évaluation foncière),https://donneesouvertes.affmunqc.net/role/RL58033_2026.xml,,,,
"672, Futaie",,Boucherville,,,1272.4,2010,587200,708200,1295400,2025,Logement,MAMH — Données Québec (rôle d'évaluation foncière),https://donneesouvertes.affmunqc.net/role/RL58033_2026.xml,,,,
"670, Bosquet",,Boucherville,,,1830,2007,590000,819100,1409100,2025,Logement,MAMH — Données Québec (rôle d'évaluation foncière),https://donneesouvertes.affmunqc.net/role/RL58033_2026.xml,,,,
"674, Bosquet",,Boucherville,,,1830,2009,590000,1302800,1892800,2025,Logement,MAMH — Données Québec (rôle d'évaluation foncière),https://donneesouvertes.affmunqc.net/role/RL58033_2026.xml,,,,
"676, Bosquet",,Boucherville,,,2040.8,2006,625200,1063400,1688600,2025,Logement,MAMH — Données Québec (rôle d'évaluation foncière),https://donneesouvertes.affmunqc.net/role/RL58033_2026.xml,,,,
"678, Bosquet",,Boucherville,,,2150.8,2007,643600,1255700,1899300,2025,Logement,MAMH — Données Québec (rôle d'évaluation foncière),https://donneesouvertes.affmunqc.net/role/RL58033_2026.xml,,,,
"673, Futaie",,Boucherville,,,1459.4,2010,631700,1289400,1921100,2025,Logement,MAMH — Données Québec (rôle d'évaluation foncière),https://donneesouvertes.affmunqc.net/role/RL58033_2026.xml,,,,
"675, Bosquet",,Boucherville,,,2019.3,2006,621600,897800,1519400,2025,Logement,MAMH — Données Québec (rôle d'évaluation foncière),https://donneesouvertes.affmunqc.net/role/RL58033_2026.xml,,,,
"677, Bosquet",,Boucherville,,,2031.9,2005,623700,1342500,1966200,2025,Logement,MAMH — Données Québec (rôle d'évaluation foncière),https://donneesouvertes.affmunqc.net/role/RL58033_2026.xml,,,,
"679, Bosquet",,Boucherville,,,1937.5,2007,608000,936500,1544500,2025,Logement,MAMH — Données Québec (rôle d'évaluation foncière),https://donneesouvertes.affmunqc.net/role/RL58033_2026.xml,,,,
"692, Cornouillers",,Boucherville,,,1918.9,2005,604900,962600,1567500,2025,Logement,MAMH — Données Québec (rôle d'évaluation foncière),https://donneesouvertes.affmunqc.net/role/RL58033_2026.xml,,,,
"694, Cornouillers",,Boucherville,,,1918.7,2007,604800,866200,1471000,2025,Logement,MAMH — Données Québec (rôle d'évaluation foncière),https://donneesouvertes.affmunqc.net/role/RL58033_2026.xml,,,,
"696, Cornouillers",,Boucherville,,,1918.8,2007,604800,1118700,1723500,2025,Logement,MAMH — Données Québec (rôle d'évaluation foncière),https://donneesouvertes.affmunqc.net/role/RL58033_2026.xml,,,,
"681, Bosquet",,Boucherville,,,1937.5,2005,608000,1041800,1649800,2025,Logement,MAMH — Données Québec (rôle d'évaluation foncière),https://donneesouvertes.affmunqc.net/role/RL58033_2026.xml,,,,
"698, Cornouillers",,Boucherville,,,1880,2010,598400,1006300,1604700,2025,Logement,MAMH — Données Québec (rôle d'évaluation foncière),https://donneesouvertes.affmunqc.net/role/RL58033_2026.xml,,,,
"697, Cornouillers",,Boucherville,,,1800,2006,585000,847400,1432400,2025,Logement,MAMH — Données Québec (rôle d'évaluation foncière),https://donneesouvertes.affmunqc.net/role/RL58033_2026.xml,,,,
"699, Cornouillers",,Boucherville,,,1800.5,2007,585100,1036200,1621300,2025,Logement,MAMH — Données Québec (rôle d'évaluation foncière),https://donneesouvertes.affmunqc.net/role/RL58033_2026.xml,,,,
"701, Cornouillers",,Boucherville,,,1802.9,2006,585500,1113700,1699200,2025,Logement,MAMH — Données Québec (rôle d'évaluation foncière),https://donneesouvertes.affmunqc.net/role/RL58033_2026.xml,,,,
"737, Châtaigniers",,Boucherville,,,4429.1,2006,947800,1025000,1972800,2025,Logement,MAMH — Données Québec (rôle d'évaluation foncière),https://donneesouvertes.affmunqc.net/role/RL58033_2026.xml,,,,
"735, Châtaigniers",,Boucherville,,,3352.9,2006,844300,1611400,2455700,2025,Logement,MAMH — Données Québec (rôle d'évaluation foncière),https://donneesouvertes.affmunqc.net/role/RL58033_2026.xml,,,,
"733, Châtaigniers",,Boucherville,,,3447.8,2006,860200,532000,1392200,2025,Logement,MAMH — Données Québec (rôle d'évaluation foncière),https://donneesouvertes.affmunqc.net/role/RL58033_2026.xml,,,,
"730, Châtaigniers",,Boucherville,,,6179.7,2005,1079100,1437300,2516400,2025,Logement,MAMH — Données Québec (rôle d'évaluation foncière),https://donneesouvertes.affmunqc.net/role/RL58033_2026.xml,,,,
"728, Châtaigniers",,Boucherville,,,5099,2005,998000,1400300,2398300,2025,Logement,MAMH — Données Québec (rôle d'évaluation foncière),https://donneesouvertes.affmunqc.net/role/RL58033_2026.xml,,,,
"1102, Boisé",,Boucherville,,,570,2005,270800,914000,1184800,2025,Logement,MAMH — Données Québec (rôle d'évaluation foncière),https://donneesouvertes.affmunqc.net/role/RL58033_2026.xml,,,,
"1106, Boisé",,Boucherville,,,570,2005,270800,895300,1166100,2025,Logement,MAMH — Données Québec (rôle d'évaluation foncière),https://donneesouvertes.affmunqc.net/role/RL58033_2026.xml,,,,
"1108, Boisé",,Boucherville,,,570,2005,270800,745500,1016300,2025,Logement,MAMH — Données Québec (rôle d'évaluation foncière),https://donneesouvertes.affmunqc.net/role/RL58033_2026.xml,,,,
"1101, Boisé",,Boucherville,,,600,2005,285000,609700,894700,2025,Logement,MAMH — Données Québec (rôle d'évaluation foncière),https://donneesouvertes.affmunqc.net/role/RL58033_2026.xml,,,,
"1110, Boisé",,Boucherville,,,570,2005,270800,1017100,1287900,2025,Logement,MAMH — Données Québec (rôle d'évaluation foncière),https://donneesouvertes.affmunqc.net/role/RL58033_2026.xml,,,,
"1105, Boisé",,Boucherville,,,600,2005,285000,905000,1190000,2025,Logement,MAMH — Données Québec (rôle d'évaluation foncière),https://donneesouvertes.affmunqc.net/role/RL58033_2026.xml,,,,
"1107, Boisé",,Boucherville,,,677.7,2005,303400,835500,1138900,2025,Logement,MAMH — Données Québec (rôle d'évaluation foncière),https://donneesouvertes.affmunqc.net/role/RL58033_2026.xml,,,,
"1111, Boisé",,Boucherville,,,845.3,2010,343100,1156500,1499600,2025,Logement,MAMH — Données Québec (rôle d'évaluation foncière),https://donneesouvertes.affmunqc.net/role/RL58033_2026.xml,,,,
"779, Jean-deslauriers",,Boucherville,,,627.3,2006,291500,1130700,1422200,2025,Logement,MAMH — Données Québec (rôle d'évaluation foncière),https://donneesouvertes.affmunqc.net/role/RL58033_2026.xml,,,,
"777, Jean-deslauriers",,Boucherville,,,540,2006,256500,866800,1123300,2025,Logement,MAMH — Données Québec (rôle d'évaluation foncière),https://donneesouvertes.affmunqc.net/role/RL58033_2026.xml,,,,
"775, Jean-deslauriers",,Boucherville,,,540,2006,256500,667700,924200,2025,Logement,MAMH — Données Québec (rôle d'évaluation foncière),https://donneesouvertes.affmunqc.net/role/RL58033_2026.xml,,,,
"771, Jean-deslauriers",,Boucherville,,,540,2006,256500,807400,1063900,2025,Logement,MAMH — Données Québec (rôle d'évaluation foncière),https://donneesouvertes.affmunqc.net/role/RL58033_2026.xml,,,,
"767, Jean-deslauriers",,Boucherville,,,540,2005,256500,693900,950400,2025,Logement,MAMH — Données Québec (rôle d'évaluation foncière),https://donneesouvertes.affmunqc.net/role/RL58033_2026.xml,,,,
"765, Jean-deslauriers",,Boucherville,,,540,2006,256500,693600,950100,2025,Logement,MAMH — Données Québec (rôle d'évaluation foncière),https://donneesouvertes.affmunqc.net/role/RL58033_2026.xml,,,,
"763, Jean-deslauriers",,Boucherville,,,540,2006,256500,815600,1072100,2025,Logement,MAMH — Données Québec (rôle d'évaluation foncière),https://donneesouvertes.affmunqc.net/role/RL58033_2026.xml,,,,
"764, Jean-deslauriers",,Boucherville,,,392.91,2006,196500,489700,686200,2025,Logement,MAMH — Données Québec (rôle d'évaluation foncière),https://donneesouvertes.affmunqc.net/role/RL58033_2026.xml,,,,
"744, Jean-deslauriers",,Boucherville,,,430.45,2005,215200,388700,603900,2025,Logement,MAMH — Données Québec (rôle d'évaluation foncière),https://donneesouvertes.affmunqc.net/role/RL58033_2026.xml,,,,
"715, Jean-deslauriers",,Boucherville,,,525,2005,249400,782600,1032000,2025,Logement,MAMH — Données Québec (rôle d'évaluation foncière),https://donneesouvertes.affmunqc.net/role/RL58033_2026.xml,,,,
"717, Jean-deslauriers",,Boucherville,,,459,2005,218000,772200,990200,2025,Logement,MAMH — Données Québec (rôle d'évaluation foncière),https://donneesouvertes.affmunqc.net/role/RL58033_2026.xml,,,,
"719, Jean-deslauriers",,Boucherville,,,459,2005,218000,714600,932600,2025,Logement,MAMH — Données Québec (rôle d'évaluation foncière),https://donneesouvertes.affmunqc.net/role/RL58033_2026.xml,,,,
"721, Jean-deslauriers",,Boucherville,,,553.2,2004,262800,752100,1014900,2025,Logement,MAMH — Données Québec (rôle d'évaluation foncière),https://donneesouvertes.affmunqc.net/role/RL58033_2026.xml,,,,
"1108, Ernest-lavigne",,Boucherville,,,459,2006,218000,865200,1083200,2025,Logement,MAMH — Données Québec (rôle d'évaluation foncière),https://donneesouvertes.affmunqc.net/role/RL58033_2026.xml,,,,
"703, Paul-doyon",,Boucherville,,,540,2005,256500,619100,875600,2025,Logement,MAMH — Données Québec (rôle d'évaluation foncière),https://donneesouvertes.affmunqc.net/role/RL58033_2026.xml,,,,
"705, Paul-doyon",,Boucherville,,,582.3,2004,276600,911700,1188300,2025,Logement,MAMH — Données Québec (rôle d'évaluation foncière),https://donneesouvertes.affmunqc.net/role/RL58033_2026.xml,,,,
"700, Paul-doyon",,Boucherville,,,622.3,2004,290300,907300,1197600,2025,Logement,MAMH — Données Québec (rôle d'évaluation foncière),https://donneesouvertes.affmunqc.net/role/RL58033_2026.xml,,,,
"709, Paul-doyon",,Boucherville,,,540,2004,256500,955400,1211900,2025,Logement,MAMH — Données Québec (rôle d'évaluation foncière),https://donneesouvertes.affmunqc.net/role/RL58033_2026.xml,,,,
"704, Paul-doyon",,Boucherville,,,540,2004,256500,665500,922000,2025,Logement,MAMH — Données Québec (rôle d'évaluation foncière),https://donneesouvertes.affmunqc.net/role/RL58033_2026.xml,,,,
"711, Jean-deslauriers",,Boucherville,,,525,2006,249400,593200,842600,2025,Logement,MAMH — Données Québec (rôle d'évaluation foncière),https://donneesouvertes.affmunqc.net/role/RL58033_2026.xml,,,,
"706, Paul-doyon",,Boucherville,,,622.3,2005,290300,942900,1233200,2025,Logement,MAMH — Données Québec (rôle d'évaluation foncière),https://donneesouvertes.affmunqc.net/role/RL58033_2026.xml,,,,
"1100, Ernest-lavigne",,Boucherville,,,525,2006,249400,742000,991400,2025,Logement,MAMH — Données Québec (rôle d'évaluation foncière),https://donneesouvertes.affmunqc.net/role/RL58033_2026.xml,,,,
"1102, Ernest-lavigne",,Boucherville,,,525,2006,249400,639500,888900,2025,Logement,MAMH — Données Québec (rôle d'évaluation foncière),https://donneesouvertes.affmunqc.net/role/RL58033_2026.xml,,,,
"712, Paul-doyon",,Boucherville,,,607.3,2004,286700,626700,913400,2025,Logement,MAMH — Données Québec (rôle d'évaluation foncière),https://donneesouvertes.affmunqc.net/role/RL58033_2026.xml,,,,
"1104, Ernest-lavigne",,Boucherville,,,459,2006,218000,716300,934300,2025,Logement,MAMH — Données Québec (rôle d'évaluation foncière),https://donneesouvertes.affmunqc.net/role/RL58033_2026.xml,,,,
"716, Paul-doyon",,Boucherville,,,540,2004,256500,639600,896100,2025,Logement,MAMH — Données Québec (rôle d'évaluation foncière),https://donneesouvertes.affmunqc.net/role/RL58033_2026.xml,,,,
"1077, Auguste-descarries",,Boucherville,,,456.1,2003,216600,575300,791900,2025,Logement,MAMH — Données Québec (rôle d'évaluation foncière),https://donneesouvertes.affmunqc.net/role/RL58033_2026.xml,,,,
"1081, Auguste-descarries",,Boucherville,,,477,2004,226600,577400,804000,2025,Logement,MAMH — Données Québec (rôle d'évaluation foncière),https://donneesouvertes.affmunqc.net/role/RL58033_2026.xml,,,,
"1074, Auguste-descarries",,Boucherville,,,610.8,2003,287600,553300,840900,2025,Logement,MAMH — Données Québec (rôle d'évaluation foncière),https://donneesouvertes.affmunqc.net/role/RL58033_2026.xml,,,,
"1076, Auguste-descarries",,Boucherville,,,540,2003,256500,835100,1091600,2025,Logement,MAMH — Données Québec (rôle d'évaluation foncière),https://donneesouvertes.affmunqc.net/role/RL58033_2026.xml,,,,
"711, Paul-doyon",,Boucherville,,,540,2004,256500,768500,1025000,2025,Logement,MAMH — Données Québec (rôle d'évaluation foncière),https://donneesouvertes.affmunqc.net/role/RL58033_2026.xml,,,,
"1078, Auguste-descarries",,Boucherville,,,540,2003,256500,740900,997400,2025,Logement,MAMH — Données Québec (rôle d'évaluation foncière),https://donneesouvertes.affmunqc.net/role/RL58033_2026.xml,,,,
"715, Paul-doyon",,Boucherville,,,540,2005,256500,771500,1028000,2025,Logement,MAMH — Données Québec (rôle d'évaluation foncière),https://donneesouvertes.affmunqc.net/role/RL58033_2026.xml,,,,
"1082, Auguste-descarries",,Boucherville,,,465,2003,220900,590500,811400,2025,Logement,MAMH — Données Québec (rôle d'évaluation foncière),https://donneesouvertes.affmunqc.net/role/RL58033_2026.xml,,,,
"1084, Auguste-descarries",,Boucherville,,,465,2003,220900,720600,941500,2025,Logement,MAMH — Données Québec (rôle d'évaluation foncière),https://donneesouvertes.affmunqc.net/role/RL58033_2026.xml,,,,
"717, Paul-doyon",,Boucherville,,,600,2005,285000,825500,1110500,2025,Logement,MAMH — Données Québec (rôle d'évaluation foncière),https://donneesouvertes.affmunqc.net/role/RL58033_2026.xml,,,,
"1086, Auguste-descarries",,Boucherville,,,480,2003,228000,820400,1048400,2025,Logement,MAMH — Données Québec (rôle d'évaluation foncière),https://donneesouvertes.affmunqc.net/role/RL58033_2026.xml,,,,
"719, Paul-doyon",,Boucherville,,,600,2006,285000,899700,1184700,2025,Logement,MAMH — Données Québec (rôle d'évaluation foncière),https://donneesouvertes.affmunqc.net/role/RL58033_2026.xml,,,,
"1090, Auguste-descarries",,Boucherville,,,510,2003,242300,609700,852000,2025,Logement,MAMH — Données Québec (rôle d'évaluation foncière),https://donneesouvertes.affmunqc.net/role/RL58033_2026.xml,,,,
"723, Paul-doyon",,Boucherville,,,540,2004,256500,790100,1046600,2025,Logement,MAMH — Données Québec (rôle d'évaluation foncière),https://donneesouvertes.affmunqc.net/role/RL58033_2026.xml,,,,
"723, Pierre-hétu",,Boucherville,,,640.2,2003,294500,563500,858000,2025,Logement,MAMH — Données Québec (rôle d'évaluation foncière),https://donneesouvertes.affmunqc.net/role/RL58033_2026.xml,,,,
"718, Pierre-hétu",,Boucherville,,,506.8,2003,240700,609100,849800,2025,Logement,MAMH — Données Québec (rôle d'évaluation foncière),https://donneesouvertes.affmunqc.net/role/RL58033_2026.xml,,,,
"725, Pierre-hétu",,Boucherville,,,640.2,2003,294500,826100,1120600,2025,Logement,MAMH — Données Québec (rôle d'évaluation foncière),https://donneesouvertes.affmunqc.net/role/RL58033_2026.xml,,,,
"720, Pierre-hétu",,Boucherville,,,506.8,2004,240700,741800,982500,2025,Logement,MAMH — Données Québec (rôle d'évaluation foncière),https://donneesouvertes.affmunqc.net/role/RL58033_2026.xml,,,,
"1083, Auguste-descarries",,Boucherville,,,506.8,2004,240700,660400,901100,2025,Logement,MAMH — Données Québec (rôle d'évaluation foncière),https://donneesouvertes.affmunqc.net/role/RL58033_2026.xml,,,,
"724, Pierre-hétu",,Boucherville,,,477,2003,226600,644500,871100,2025,Logement,MAMH — Données Québec (rôle d'évaluation foncière),https://donneesouvertes.affmunqc.net/role/RL58033_2026.xml,,,,
"1085, Auguste-descarries",,Boucherville,,,506.8,2004,240700,601700,842400,2025,Logement,MAMH — Données Québec (rôle d'évaluation foncière),https://donneesouvertes.affmunqc.net/role/RL58033_2026.xml,,,,
"726, Pierre-hétu",,Boucherville,,,456.1,2004,216600,652200,868800,2025,Logement,MAMH — Données Québec (rôle d'évaluation foncière),https://donneesouvertes.affmunqc.net/role/RL58033_2026.xml,,,,
"1089, Auguste-descarries",,Boucherville,,,477,2004,226600,719000,945600,2025,Logement,MAMH — Données Québec (rôle d'évaluation foncière),https://donneesouvertes.affmunqc.net/role/RL58033_2026.xml,,,,
"728, Pierre-hétu",,Boucherville,,,459.1,2003,218100,604800,822900,2025,Logement,MAMH — Données Québec (rôle d'évaluation foncière),https://donneesouvertes.affmunqc.net/role/RL58033_2026.xml,,,,
"1091, Auguste-descarries",,Boucherville,,,456.1,2003,216600,578500,795100,2025,Logement,MAMH — Données Québec (rôle d'évaluation foncière),https://donneesouvertes.affmunqc.net/role/RL58033_2026.xml,,,,
"732, Pierre-hétu",,Boucherville,,,555.4,2003,263800,739100,1002900,2025,Logement,MAMH — Données Québec (rôle d'évaluation foncière),https://donneesouvertes.affmunqc.net/role/RL58033_2026.xml,,,,
"1093, Auguste-descarries",,Boucherville,,,459.1,2003,218100,640200,858300,2025,Logement,MAMH — Données Québec (rôle d'évaluation foncière),https://donneesouvertes.affmunqc.net/role/RL58033_2026.xml,,,,
"1097, Auguste-descarries",,Boucherville,,,555.4,2004,263800,767000,1030800,2025,Logement,MAMH — Données Québec (rôle d'évaluation foncière),https://donneesouvertes.affmunqc.net/role/RL58033_2026.xml,,,,
"1052, Léon-ringuet",,Boucherville,,,660,2003,299200,1008500,1307700,2025,Logement,MAMH — Données Québec (rôle d'évaluation foncière),https://donneesouvertes.affmunqc.net/role/RL58033_2026.xml,,,,
"1056, Léon-ringuet",,Boucherville,,,1086,2003,400200,1245600,1645800,2025,Logement,MAMH — Données Québec (rôle d'évaluation foncière),https://donneesouvertes.affmunqc.net/role/RL58033_2026.xml,,,,
"1054, Léon-ringuet",,Boucherville,,,1436,2007,441400,1346300,1787700,2025,Logement,MAMH — Données Québec (rôle d'évaluation foncière),https://donneesouvertes.affmunqc.net/role/RL58033_2026.xml,,,,
"727, Pierre-hétu",,Boucherville,,,726,2004,314900,683500,998400,2025,Logement,MAMH — Données Québec (rôle d'évaluation foncière),https://donneesouvertes.affmunqc.net/role/RL58033_2026.xml,,,,
"733, Pierre-hétu",,Boucherville,,,1486.4,2009,444400,952600,1397000,2025,Logement,MAMH — Données Québec (rôle d'évaluation foncière),https://donneesouvertes.affmunqc.net/role/RL58033_2026.xml,,,,
"735, Pierre-hétu",,Boucherville,,,991.7,2005,377800,1215300,1593100,2025,Logement,MAMH — Données Québec (rôle d'évaluation foncière),https://donneesouvertes.affmunqc.net/role/RL58033_2026.xml,,,,
"1115, Boisé",,Boucherville,,,724.2,,314400,,314400,2025,Terrain vacant,MAMH — Données Québec (rôle d'évaluation foncière),https://donneesouvertes.affmunqc.net/role/RL58033_2026.xml,,,,
"653, Bois-francs",,Boucherville,,,2567.2,,713100,,713100,2025,Terrain vacant,MAMH — Données Québec (rôle d'évaluation foncière),https://donneesouvertes.affmunqc.net/role/RL58033_2026.xml,,,,
"657, Bois-francs",,Boucherville,,,2652.9,2003,727400,1438600,2166000,2025,Logement,MAMH — Données Québec (rôle d'évaluation foncière),https://donneesouvertes.affmunqc.net/role/RL58033_2026.xml,,,,
"663, Bois-francs",,Boucherville,,,2633.5,2004,724200,528200,1252400,2025,Logement,MAMH — Données Québec (rôle d'évaluation foncière),https://donneesouvertes.affmunqc.net/role/RL58033_2026.xml,,,,
"761, Jean-deslauriers",,Boucherville,,,540,2005,256500,916100,1172600,2025,Logement,MAMH — Données Québec (rôle d'évaluation foncière),https://donneesouvertes.affmunqc.net/role/RL58033_2026.xml,,,,
"759, Jean-deslauriers",,Boucherville,,,627.7,2006,291600,941700,1233300,2025,Logement,MAMH — Données Québec (rôle d'évaluation foncière),https://donneesouvertes.affmunqc.net/role/RL58033_2026.xml,,,,
"753, Jean-deslauriers",,Boucherville,,,526.3,2005,250000,542500,792500,2025,Logement,MAMH — Données Québec (rôle d'évaluation foncière),https://donneesouvertes.affmunqc.net/role/RL58033_2026.xml,,,,
"751, Jean-deslauriers",,Boucherville,,,459,2006,218000,722700,940700,2025,Logement,MAMH — Données Québec (rôle d'évaluation foncière),https://donneesouvertes.affmunqc.net/role/RL58033_2026.xml,,,,
"670, Charles-goulet",,Boucherville,,,660,2006,299200,742600,1041800,2025,Logement,MAMH — Données Québec (rôle d'évaluation foncière),https://donneesouvertes.affmunqc.net/role/RL58033_2026.xml,,,,
"671, Charles-goulet",,Boucherville,,,630,2007,292100,771100,1063200,2025,Logement,MAMH — Données Québec (rôle d'évaluation foncière),https://donneesouvertes.affmunqc.net/role/RL58033_2026.xml,,,,
"672, Charles-goulet",,Boucherville,,,600,2006,285000,742400,1027400,2025,Logement,MAMH — Données Québec (rôle d'évaluation foncière),https://donneesouvertes.affmunqc.net/role/RL58033_2026.xml,,,,
"673, Charles-goulet",,Boucherville,,,630,2007,292100,709600,1001700,2025,Logement,MAMH — Données Québec (rôle d'évaluation foncière),https://donneesouvertes.affmunqc.net/role/RL58033_2026.xml,,,,
"674, Charles-goulet",,Boucherville,,,600,2006,285000,835400,1120400,2025,Logement,MAMH — Données Québec (rôle d'évaluation foncière),https://donneesouvertes.affmunqc.net/role/RL58033_2026.xml,,,,
"675, Charles-goulet",,Boucherville,,,589.1,2007,279800,896600,1176400,2025,Logement,MAMH — Données Québec (rôle d'évaluation foncière),https://donneesouvertes.affmunqc.net/role/RL58033_2026.xml,,,,
"747, Jean-deslauriers",,Boucherville,,,459,2006,218000,750300,968300,2025,Logement,MAMH — Données Québec (rôle d'évaluation foncière),https://donneesouvertes.affmunqc.net/role/RL58033_2026.xml,,,,
"745, Jean-deslauriers",,Boucherville,,,459,2005,218000,658500,876500,2025,Logement,MAMH — Données Québec (rôle d'évaluation foncière),https://donneesouvertes.affmunqc.net/role/RL58033_2026.xml,,,,
"743, Jean-deslauriers",,Boucherville,,,519,2005,246500,718500,965000,2025,Logement,MAMH — Données Québec (rôle d'évaluation foncière),https://donneesouvertes.affmunqc.net/role/RL58033_2026.xml,,,,
"737, Jean-deslauriers",,Boucherville,,,519,2005,246500,643400,889900,2025,Logement,MAMH — Données Québec (rôle d'évaluation foncière),https://donneesouvertes.affmunqc.net/role/RL58033_2026.xml,,,,
"735, Jean-deslauriers",,Boucherville,,,467.4,2005,222000,747600,969600,2025,Logement,MAMH — Données Québec (rôle d'évaluation foncière),https://donneesouvertes.affmunqc.net/role/RL58033_2026.xml,,,,
"1135, Béatrice-la Palme",,Boucherville,,,1278.2,2008,431900,1055600,1487500,2025,Logement,MAMH — Données Québec (rôle d'évaluation foncière),https://donneesouvertes.affmunqc.net/role/RL58033_2026.xml,,,,
"1131, Béatrice-la Palme",,Boucherville,,,829,2007,339300,1178900,1518200,2025,Logement,MAMH — Données Québec (rôle d'évaluation foncière),https://donneesouvertes.affmunqc.net/role/RL58033_2026.xml,,,,
"1129, Béatrice-la Palme",,Boucherville,,,1147,2008,414600,1012900,1427500,2025,Logement,MAMH — Données Québec (rôle d'évaluation foncière),https://donneesouvertes.affmunqc.net/role/RL58033_2026.xml,,,,
"1137, Béatrice-la Palme",,Boucherville,,,900,2007,356100,1053500,1409600,2025,Logement,MAMH — Données Québec (rôle d'évaluation foncière),https://donneesouvertes.affmunqc.net/role/RL58033_2026.xml,,,,
"1127, Béatrice-la Palme",,Boucherville,,,618.8,2007,289500,714500,1004000,2025,Logement,MAMH — Données Québec (rôle d'évaluation foncière),https://donneesouvertes.affmunqc.net/role/RL58033_2026.xml,,,,
"1110, Ernest-lavigne",,Boucherville,,,553.2,2006,262800,633100,895900,2025,Logement,MAMH — Données Québec (rôle d'évaluation foncière),https://donneesouvertes.affmunqc.net/role/RL58033_2026.xml,,,,
"727, Jean-deslauriers",,Boucherville,,,633.2,2006,292900,733400,1026300,2025,Logement,MAMH — Données Québec (rôle d'évaluation foncière),https://donneesouvertes.affmunqc.net/role/RL58033_2026.xml,,,,
"1114, Ernest-lavigne",,Boucherville,,,570,2006,270800,680400,951200,2025,Logement,MAMH — Données Québec (rôle d'évaluation foncière),https://donneesouvertes.affmunqc.net/role/RL58033_2026.xml,,,,
"733, Jean-deslauriers",,Boucherville,,,760.7,2005,323100,731100,1054200,2025,Logement,MAMH — Données Québec (rôle d'évaluation foncière),https://donneesouvertes.affmunqc.net/role/RL58033_2026.xml,,,,
"1116, Ernest-lavigne",,Boucherville,,,599.3,2008,284700,886800,1171500,2025,Logement,MAMH — Données Québec (rôle d'évaluation foncière),https://donneesouvertes.affmunqc.net/role/RL58033_2026.xml,,,,
"1118, Ernest-lavigne",,Boucherville,,,614.9,2007,288500,795500,1084000,2025,Logement,MAMH — Données Québec (rôle d'évaluation foncière),https://donneesouvertes.affmunqc.net/role/RL58033_2026.xml,,,,
"1115, Ernest-lavigne",,Boucherville,,,540,2007,256500,743300,999800,2025,Logement,MAMH — Données Québec (rôle d'évaluation foncière),https://donneesouvertes.affmunqc.net/role/RL58033_2026.xml,,,,
"1119, Ernest-lavigne",,Boucherville,,,661.7,2007,299600,791600,1091200,2025,Logement,MAMH — Données Québec (rôle d'évaluation foncière),https://donneesouvertes.affmunqc.net/role/RL58033_2026.xml,,,,
"1120, Ernest-lavigne",,Boucherville,,,525,2006,249400,835300,1084700,2025,Logement,MAMH — Données Québec (rôle d'évaluation foncière),https://donneesouvertes.affmunqc.net/role/RL58033_2026.xml,,,,
"766, Charles-goulet",,Boucherville,,,679,2006,303700,813000,1116700,2025,Logement,MAMH — Données Québec (rôle d'évaluation foncière),https://donneesouvertes.affmunqc.net/role/RL58033_2026.xml,,,,
"764, Charles-goulet",,Boucherville,,,512.5,2006,243400,603400,846800,2025,Logement,MAMH — Données Québec (rôle d'évaluation foncière),https://donneesouvertes.affmunqc.net/role/RL58033_2026.xml,,,,
"762, Charles-goulet",,Boucherville,,,512.5,2005,243400,627400,870800,2025,Logement,MAMH — Données Québec (rôle d'évaluation foncière),https://donneesouvertes.affmunqc.net/role/RL58033_2026.xml,,,,
"765, Charles-goulet",,Boucherville,,,702.9,2007,309400,739400,1048800,2025,Logement,MAMH — Données Québec (rôle d'évaluation foncière),https://donneesouvertes.affmunqc.net/role/RL58033_2026.xml,,,,
"758, Charles-goulet",,Boucherville,,,512.5,2006,243400,688700,932100,2025,Logement,MAMH — Données Québec (rôle d'évaluation foncière),https://donneesouvertes.affmunqc.net/role/RL58033_2026.xml,,,,
"763, Charles-goulet",,Boucherville,,,579.1,2007,275100,680900,956000,2025,Logement,MAMH — Données Québec (rôle d'évaluation foncière),https://donneesouvertes.affmunqc.net/role/RL58033_2026.xml,,,,
"756, Charles-goulet",,Boucherville,,,512.5,2006,243400,669300,912700,2025,Logement,MAMH — Données Québec (rôle d'évaluation foncière),https://donneesouvertes.affmunqc.net/role/RL58033_2026.xml,,,,
"759, Charles-goulet",,Boucherville,,,543.6,2006,258200,715100,973300,2025,Logement,MAMH — Données Québec (rôle d'évaluation foncière),https://donneesouvertes.affmunqc.net/role/RL58033_2026.xml,,,,
"757, Charles-goulet",,Boucherville,,,568.2,2006,269900,648700,918600,2025,Logement,MAMH — Données Québec (rôle d'évaluation foncière),https://donneesouvertes.affmunqc.net/role/RL58033_2026.xml,,,,
"755, Charles-goulet",,Boucherville,,,579.1,2006,275100,734500,1009600,2025,Logement,MAMH — Données Québec (rôle d'évaluation foncière),https://donneesouvertes.affmunqc.net/role/RL58033_2026.xml,,,,
"753, Charles-goulet",,Boucherville,,,543.5,2006,258200,652700,910900,2025,Logement,MAMH — Données Québec (rôle d'évaluation foncière),https://donneesouvertes.affmunqc.net/role/RL58033_2026.xml,,,,
"1127, Ernest-lavigne",,Boucherville,,,878.3,2007,351000,962500,1313500,2025,Logement,MAMH — Données Québec (rôle d'évaluation foncière),https://donneesouvertes.affmunqc.net/role/RL58033_2026.xml,,,,
"718, Paul-doyon",,Boucherville,,,600,2004,285000,891200,1176200,2025,Logement,MAMH — Données Québec (rôle d'évaluation foncière),https://donneesouvertes.affmunqc.net/role/RL58033_2026.xml,,,,
"725, Paul-doyon",,Boucherville,,,540,2004,256500,664300,920800,2025,Logement,MAMH — Données Québec (rôle d'évaluation foncière),https://donneesouvertes.affmunqc.net/role/RL58033_2026.xml,,,,
"720, Paul-doyon",,Boucherville,,,600,2004,285000,665800,950800,2025,Logement,MAMH — Données Québec (rôle d'évaluation foncière),https://donneesouvertes.affmunqc.net/role/RL58033_2026.xml,,,,
"727, Paul-doyon",,Boucherville,,,540,2004,256500,750700,1007200,2025,Logement,MAMH — Données Québec (rôle d'évaluation foncière),https://donneesouvertes.affmunqc.net/role/RL58033_2026.xml,,,,
"724, Paul-doyon",,Boucherville,,,600,2005,285000,934700,1219700,2025,Logement,MAMH — Données Québec (rôle d'évaluation foncière),https://donneesouvertes.affmunqc.net/role/RL58033_2026.xml,,,,
"726, Paul-doyon",,Boucherville,,,600,2005,285000,1008100,1293100,2025,Logement,MAMH — Données Québec (rôle d'évaluation foncière),https://donneesouvertes.affmunqc.net/role/RL58033_2026.xml,,,,
"754, Charles-goulet",,Boucherville,,,512.6,2006,243500,666000,909500,2025,Logement,MAMH — Données Québec (rôle d'évaluation foncière),https://donneesouvertes.affmunqc.net/role/RL58033_2026.xml,,,,
"728, Paul-doyon",,Boucherville,,,600,2004,285000,973900,1258900,2025,Logement,MAMH — Données Québec (rôle d'évaluation foncière),https://donneesouvertes.affmunqc.net/role/RL58033_2026.xml,,,,
"752, Charles-goulet",,Boucherville,,,512.6,2006,243500,744400,987900,2025,Logement,MAMH — Données Québec (rôle d'évaluation foncière),https://donneesouvertes.affmunqc.net/role/RL58033_2026.xml,,,,
"734, Paul-doyon",,Boucherville,,,540,2004,256500,629800,886300,2025,Logement,MAMH — Données Québec (rôle d'évaluation foncière),https://donneesouvertes.affmunqc.net/role/RL58033_2026.xml,,,,
"750, Charles-goulet",,Boucherville,,,512.6,2006,243500,744200,987700,2025,Logement,MAMH — Données Québec (rôle d'évaluation foncière),https://donneesouvertes.affmunqc.net/role/RL58033_2026.xml,,,,
"748, Charles-goulet",,Boucherville,,,562.8,2006,267300,856000,1123300,2025,Logement,MAMH — Données Québec (rôle d'évaluation foncière),https://donneesouvertes.affmunqc.net/role/RL58033_2026.xml,,,,
"736, Paul-doyon",,Boucherville,,,540,2003,256500,713500,970000,2025,Logement,MAMH — Données Québec (rôle d'évaluation foncière),https://donneesouvertes.affmunqc.net/role/RL58033_2026.xml,,,,
"1094, Auguste-descarries",,Boucherville,,,540,2003,256500,881600,1138100,2025,Logement,MAMH — Données Québec (rôle d'évaluation foncière),https://donneesouvertes.affmunqc.net/role/RL58033_2026.xml,,,,
"737, Pierre-hétu",,Boucherville,,,1353,2004,436400,948800,1385200,2025,Logement,MAMH — Données Québec (rôle d'évaluation foncière),https://donneesouvertes.affmunqc.net/role/RL58033_2026.xml,,,,
"1096, Auguste-descarries",,Boucherville,,,607.3,2003,286700,665700,952400,2025,Logement,MAMH — Données Québec (rôle d'évaluation foncière),https://donneesouvertes.affmunqc.net/role/RL58033_2026.xml,,,,
"743, Pierre-hétu",,Boucherville,,,660,2003,299200,732400,1031600,2025,Logement,MAMH — Données Québec (rôle d'évaluation foncière),https://donneesouvertes.affmunqc.net/role/RL58033_2026.xml,,,,
"731, Paul-doyon",,Boucherville,,,607.3,2005,286700,856900,1143600,2025,Logement,MAMH — Données Québec (rôle d'évaluation foncière),https://donneesouvertes.affmunqc.net/role/RL58033_2026.xml,,,,
"745, Pierre-hétu",,Boucherville,,,660,2004,299200,618000,917200,2025,Logement,MAMH — Données Québec (rôle d'évaluation foncière),https://donneesouvertes.affmunqc.net/role/RL58033_2026.xml,,,,
"749, Pierre-hétu",,Boucherville,,,660,2004,299200,553200,852400,2025,Logement,MAMH — Données Québec (rôle d'évaluation foncière),https://donneesouvertes.affmunqc.net/role/RL58033_2026.xml,,,,
"751, Pierre-hétu",,Boucherville,,,734.7,2004,316900,841800,1158700,2025,Logement,MAMH — Données Québec (rôle d'évaluation foncière),https://donneesouvertes.affmunqc.net/role/RL58033_2026.xml,,,,
"672, Bois-francs",,Boucherville,,,3316.1,2003,838200,553300,1391500,2025,Logement,MAMH — Données Québec (rôle d'évaluation foncière),https://donneesouvertes.affmunqc.net/role/RL58033_2026.xml,,,,
"676, Bois-francs",,Boucherville,,,3976.3,2003,913800,799100,1712900,2025,Logement,MAMH — Données Québec (rôle d'évaluation foncière),https://donneesouvertes.affmunqc.net/role/RL58033_2026.xml,,,,
"669, Bois-francs",,Boucherville,,,3250.5,2004,827200,632300,1459500,2025,Logement,MAMH — Données Québec (rôle d'évaluation foncière),https://donneesouvertes.affmunqc.net/role/RL58033_2026.xml,,,,
"675, Bois-francs",,Boucherville,,,3546.4,2003,876600,1203400,2080000,2025,Logement,MAMH — Données Québec (rôle d'évaluation foncière),https://donneesouvertes.affmunqc.net/role/RL58033_2026.xml,,,,
"683, Bois-francs",,Boucherville,,,3587,2003,883400,587500,1470900,2025,Logement,MAMH — Données Québec (rôle d'évaluation foncière),https://donneesouvertes.affmunqc.net/role/RL58033_2026.xml,,,,
"691, Bois-francs",,Boucherville,,,3621,2002,887200,644700,1531900,2025,Logement,MAMH — Données Québec (rôle d'évaluation foncière),https://donneesouvertes.affmunqc.net/role/RL58033_2026.xml,,,,
"678, Charles-goulet",,Boucherville,,,600,2006,285000,1004000,1289000,2025,Logement,MAMH — Données Québec (rôle d'évaluation foncière),https://donneesouvertes.affmunqc.net/role/RL58033_2026.xml,,,,
"679, Charles-goulet",,Boucherville,,,700.1,2007,308700,1007100,1315800,2025,Logement,MAMH — Données Québec (rôle d'évaluation foncière),https://donneesouvertes.affmunqc.net/role/RL58033_2026.xml,,,,
"683, Charles-goulet",,Boucherville,,,662.8,2007,299900,645200,945100,2025,Logement,MAMH — Données Québec (rôle d'évaluation foncière),https://donneesouvertes.affmunqc.net/role/RL58033_2026.xml,,,,
"682, Charles-goulet",,Boucherville,,,847.8,2007,343700,1176500,1520200,2025,Logement,MAMH — Données Québec (rôle d'évaluation foncière),https://donneesouvertes.affmunqc.net/role/RL58033_2026.xml,,,,
"684, Charles-goulet",,Boucherville,,,761.6,2008,323300,998500,1321800,2025,Logement,MAMH — Données Québec (rôle d'évaluation foncière),https://donneesouvertes.affmunqc.net/role/RL58033_2026.xml,,,,
"686, Charles-goulet",,Boucherville,,,686,2008,305400,758800,1064200,2025,Logement,MAMH — Données Québec (rôle d'évaluation foncière),https://donneesouvertes.affmunqc.net/role/RL58033_2026.xml,,,,
"688, Charles-goulet",,Boucherville,,,672,2006,302100,961600,1263700,2025,Logement,MAMH — Données Québec (rôle d'évaluation foncière),https://donneesouvertes.affmunqc.net/role/RL58033_2026.xml,,,,
"690, Charles-goulet",,Boucherville,,,700,2008,308700,955600,1264300,2025,Logement,MAMH — Données Québec (rôle d'évaluation foncière),https://donneesouvertes.affmunqc.net/role/RL58033_2026.xml,,,,
"1139, Béatrice-la Palme",,Boucherville,,,777.5,2008,327100,1041900,1369000,2025,Logement,MAMH — Données Québec (rôle d'évaluation foncière),https://donneesouvertes.affmunqc.net/role/RL58033_2026.xml,,,,
"1125, Béatrice-la Palme",,Boucherville,,,495,2007,235100,749900,985000,2025,Logement,MAMH — Données Québec (rôle d'évaluation foncière),https://donneesouvertes.affmunqc.net/role/RL58033_2026.xml,,,,
"1141, Béatrice-la Palme",,Boucherville,,,624.2,2006,290700,924400,1215100,2025,Logement,MAMH — Données Québec (rôle d'évaluation foncière),https://donneesouvertes.affmunqc.net/role/RL58033_2026.xml,,,,
"1123, Béatrice-la Palme",,Boucherville,,,495,2007,235100,672500,907600,2025,Logement,MAMH — Données Québec (rôle d'évaluation foncière),https://donneesouvertes.affmunqc.net/role/RL58033_2026.xml,,,,
"687, Charles-goulet",,Boucherville,,,540,2006,256500,945700,1202200,2025,Logement,MAMH — Données Québec (rôle d'évaluation foncière),https://donneesouvertes.affmunqc.net/role/RL58033_2026.xml,,,,
"1143, Béatrice-la Palme",,Boucherville,,,830.6,2007,339700,968900,1308600,2025,Logement,MAMH — Données Québec (rôle d'évaluation foncière),https://donneesouvertes.affmunqc.net/role/RL58033_2026.xml,,,,
"1119, Béatrice-la Palme",,Boucherville,,,495,2007,235100,990600,1225700,2025,Logement,MAMH — Données Québec (rôle d'évaluation foncière),https://donneesouvertes.affmunqc.net/role/RL58033_2026.xml,,,,
"689, Charles-goulet",,Boucherville,,,540,2006,256500,755500,1012000,2025,Logement,MAMH — Données Québec (rôle d'évaluation foncière),https://donneesouvertes.affmunqc.net/role/RL58033_2026.xml,,,,
"691, Charles-goulet",,Boucherville,,,540,2007,256500,1088100,1344600,2025,Logement,MAMH — Données Québec (rôle d'évaluation foncière),https://donneesouvertes.affmunqc.net/role/RL58033_2026.xml,,,,
"1117, Béatrice-la Palme",,Boucherville,,,540,2007,256500,779900,1036400,2025,Logement,MAMH — Données Québec (rôle d'évaluation foncière),https://donneesouvertes.affmunqc.net/role/RL58033_2026.xml,,,,
"695, Charles-goulet",,Boucherville,,,612.6,2007,288000,754700,1042700,2025,Logement,MAMH — Données Québec (rôle d'évaluation foncière),https://donneesouvertes.affmunqc.net/role/RL58033_2026.xml,,,,
"1115, Béatrice-la Palme",,Boucherville,,,802.8,2008,333100,834600,1167700,2025,Logement,MAMH — Données Québec (rôle d'évaluation foncière),https://donneesouvertes.affmunqc.net/role/RL58033_2026.xml,,,,
"1124, Ernest-lavigne",,Boucherville,,,525,2006,249400,871100,1120500,2025,Logement,MAMH — Données Québec (rôle d'évaluation foncière),https://donneesouvertes.affmunqc.net/role/RL58033_2026.xml,,,,
"1125, Ernest-lavigne",,Boucherville,,,577.3,2007,274200,615000,889200,2025,Logement,MAMH — Données Québec (rôle d'évaluation foncière),https://donneesouvertes.affmunqc.net/role/RL58033_2026.xml,,,,
"1128, Ernest-lavigne",,Boucherville,,,525,2006,249400,605700,855100,2025,Logement,MAMH — Données Québec (rôle d'évaluation foncière),https://donneesouvertes.affmunqc.net/role/RL58033_2026.xml,,,,
"1132, Ernest-lavigne",,Boucherville,,,510,2006,242300,645500,887800,2025,Logement,MAMH — Données Québec (rôle d'évaluation foncière),https://donneesouvertes.affmunqc.net/role/RL58033_2026.xml,,,,
"1134, Ernest-lavigne",,Boucherville,,,510,2007,242300,695000,937300,2025,Logement,MAMH — Données Québec (rôle d'évaluation foncière),https://donneesouvertes.affmunqc.net/role/RL58033_2026.xml,,,,
"1139, Ernest-lavigne",,Boucherville,,,599.3,2007,284700,738400,1023100,2025,Logement,MAMH — Données Québec (rôle d'évaluation foncière),https://donneesouvertes.affmunqc.net/role/RL58033_2026.xml,,,,
"1138, Ernest-lavigne",,Boucherville,,,540,2006,256500,733200,989700,2025,Logement,MAMH — Données Québec (rôle d'évaluation foncière),https://donneesouvertes.affmunqc.net/role/RL58033_2026.xml,,,,
"1137, Ernest-lavigne",,Boucherville,,,1019.3,2008,384400,646300,1030700,2025,Logement,MAMH — Données Québec (rôle d'évaluation foncière),https://donneesouvertes.affmunqc.net/role/RL58033_2026.xml,,,,
"1141, Ernest-lavigne",,Boucherville,,,548.1,2007,260300,657000,917300,2025,Logement,MAMH — Données Québec (rôle d'évaluation foncière),https://donneesouvertes.affmunqc.net/role/RL58033_2026.xml,,,,
"1140, Ernest-lavigne",,Boucherville,,,540,2006,256500,978500,1235000,2025,Logement,MAMH — Données Québec (rôle d'évaluation foncière),https://donneesouvertes.affmunqc.net/role/RL58033_2026.xml,,,,
"1143, Ernest-lavigne",,Boucherville,,,579.6,2007,275300,704800,980100,2025,Logement,MAMH — Données Québec (rôle d'évaluation foncière),https://donneesouvertes.affmunqc.net/role/RL58033_2026.xml,,,,
"751, Charles-goulet",,Boucherville,,,543.5,2007,258200,864200,1122400,2025,Logement,MAMH — Données Québec (rôle d'évaluation foncière),https://donneesouvertes.affmunqc.net/role/RL58033_2026.xml,,,,
"1129, Ernest-lavigne",,Boucherville,,,803.2,2007,333200,924700,1257900,2025,Logement,MAMH — Données Québec (rôle d'évaluation foncière),https://donneesouvertes.affmunqc.net/role/RL58033_2026.xml,,,,
"749, Charles-goulet",,Boucherville,,,578.9,2006,275000,861900,1136900,2025,Logement,MAMH — Données Québec (rôle d'évaluation foncière),https://donneesouvertes.affmunqc.net/role/RL58033_2026.xml,,,,
"1133, Ernest-lavigne",,Boucherville,,,1313.4,2007,434000,833400,1267400,2025,Logement,MAMH — Données Québec (rôle d'évaluation foncière),https://donneesouvertes.affmunqc.net/role/RL58033_2026.xml,,,,
"735, Charles-goulet",,Boucherville,,,600,2006,285000,590400,875400,2025,Logement,MAMH — Données Québec (rôle d'évaluation foncière),https://donneesouvertes.affmunqc.net/role/RL58033_2026.xml,,,,
"1135, Ernest-lavigne",,Boucherville,,,913.2,2007,359200,943400,1302600,2025,Logement,MAMH — Données Québec (rôle d'évaluation foncière),https://donneesouvertes.affmunqc.net/role/RL58033_2026.xml,,,,
"733, Charles-goulet",,Boucherville,,,510,2007,242300,433200,675500,2025,Logement,MAMH — Données Québec (rôle d'évaluation foncière),https://donneesouvertes.affmunqc.net/role/RL58033_2026.xml,,,,
"731, Charles-goulet",,Boucherville,,,510,2006,242300,528500,770800,2025,Logement,MAMH — Données Québec (rôle d'évaluation foncière),https://donneesouvertes.affmunqc.net/role/RL58033_2026.xml,,,,
"727, Charles-goulet",,Boucherville,,,541.3,2006,257100,553400,810500,2025,Logement,MAMH — Données Québec (rôle d'évaluation foncière),https://donneesouvertes.affmunqc.net/role/RL58033_2026.xml,,,,
"736, Charles-goulet",,Boucherville,,,770,2009,325300,857800,1183100,2025,Logement,MAMH — Données Québec (rôle d'évaluation foncière),https://donneesouvertes.affmunqc.net/role/RL58033_2026.xml,,,,
"746, Charles-goulet",,Boucherville,,,963.6,2007,371200,688900,1060100,2025,Logement,MAMH — Données Québec (rôle d'évaluation foncière),https://donneesouvertes.affmunqc.net/role/RL58033_2026.xml,,,,
"740, Paul-doyon",,Boucherville,,,698.4,2004,308300,1048700,1357000,2025,Logement,MAMH — Données Québec (rôle d'évaluation foncière),https://donneesouvertes.affmunqc.net/role/RL58033_2026.xml,,,,
"745, Charles-goulet",,Boucherville,,,702.5,2007,309300,878100,1187400,2025,Logement,MAMH — Données Québec (rôle d'évaluation foncière),https://donneesouvertes.affmunqc.net/role/RL58033_2026.xml,,,,
"742, Charles-goulet",,Boucherville,,,1217.4,2008,428200,727800,1156000,2025,Logement,MAMH — Données Québec (rôle d'évaluation foncière),https://donneesouvertes.affmunqc.net/role/RL58033_2026.xml,,,,
"740, Charles-goulet",,Boucherville,,,662.7,2006,299900,710800,1010700,2025,Logement,MAMH — Données Québec (rôle d'évaluation foncière),https://donneesouvertes.affmunqc.net/role/RL58033_2026.xml,,,,
"738, Charles-goulet",,Boucherville,,,655.9,2007,298200,917600,1215800,2025,Logement,MAMH — Données Québec (rôle d'évaluation foncière),https://donneesouvertes.affmunqc.net/role/RL58033_2026.xml,,,,
"1092, Jean-vallerand",,Boucherville,,,524,2024,248900,1028900,1277800,2025,Logement,MAMH — Données Québec (rôle d'évaluation foncière),https://donneesouvertes.affmunqc.net/role/RL58033_2026.xml,,,,
"1098, Jean-vallerand",,Boucherville,,,530.9,2023,252200,1190200,1442400,2025,Logement,MAMH — Données Québec (rôle d'évaluation foncière),https://donneesouvertes.affmunqc.net/role/RL58033_2026.xml,,,,
"1100, Jean-vallerand",,Boucherville,,,531,2024,252200,988000,1240200,2025,Logement,MAMH — Données Québec (rôle d'évaluation foncière),https://donneesouvertes.affmunqc.net/role/RL58033_2026.xml,,,,
"742, Paul-doyon",,Boucherville,,,485.8,2022,230800,1239700,1470500,2025,Logement,MAMH — Données Québec (rôle d'évaluation foncière),https://donneesouvertes.affmunqc.net/role/RL58033_2026.xml,,,,
"744, Paul-doyon",,Boucherville,,,572.7,2022,272000,1170000,1442000,2025,Logement,MAMH — Données Québec (rôle d'évaluation foncière),https://donneesouvertes.affmunqc.net/role/RL58033_2026.xml,,,,
"1090, Jean-vallerand",,Boucherville,,,524,2023,248900,991000,1239900,2025,Logement,MAMH — Données Québec (rôle d'évaluation foncière),https://donneesouvertes.affmunqc.net/role/RL58033_2026.xml,,,,
"746, Paul-doyon",,Boucherville,,,622.3,2017,290300,1209600,1499900,2025,Logement,MAMH — Données Québec (rôle d'évaluation foncière),https://donneesouvertes.affmunqc.net/role/RL58033_2026.xml,,,,
"748, Paul-doyon",,Boucherville,,,567,2018,269300,1203700,1473000,2025,Logement,MAMH — Données Québec (rôle d'évaluation foncière),https://donneesouvertes.affmunqc.net/role/RL58033_2026.xml,,,,
"741, Louis-quilico",,Boucherville,,,503.6,2024,239200,965100,1204300,2025,Logement,MAMH — Données Québec (rôle d'évaluation foncière),https://donneesouvertes.affmunqc.net/role/RL58033_2026.xml,,,,
"680, Bois-francs",,Boucherville,,,2745.1,2003,742800,746300,1489100,2025,Logement,MAMH — Données Québec (rôle d'évaluation foncière),https://donneesouvertes.affmunqc.net/role/RL58033_2026.xml,,,,
"684, Bois-francs",,Boucherville,,,2687.2,2009,733200,1109800,1843000,2025,Logement,MAMH — Données Québec (rôle d'évaluation foncière),https://donneesouvertes.affmunqc.net/role/RL58033_2026.xml,,,,
"661, Normandie",,Boucherville,,,3439.7,2019,858800,2335100,3193900,2025,Logement,MAMH — Données Québec (rôle d'évaluation foncière),https://donneesouvertes.affmunqc.net/role/RL58033_2026.xml,,,,
"692, Bois-francs",,Boucherville,,,3142.3,2006,809200,1776100,2585300,2025,Logement,MAMH — Données Québec (rôle d'évaluation foncière),https://donneesouvertes.affmunqc.net/role/RL58033_2026.xml,,,,
"698, Bois-francs",,Boucherville,,,3708.9,,893800,1447000,2340800,2025,Logement,MAMH — Données Québec (rôle d'évaluation foncière),https://donneesouvertes.affmunqc.net/role/RL58033_2026.xml,,,,
"699, Bois-francs",,Boucherville,,,3621.7,2005,887200,1361900,2249100,2025,Logement,MAMH — Données Québec (rôle d'évaluation foncière),https://donneesouvertes.affmunqc.net/role/RL58033_2026.xml,,,,
"707, Bois-francs",,Boucherville,,,3637,2004,888400,1114700,2003100,2025,Logement,MAMH — Données Québec (rôle d'évaluation foncière),https://donneesouvertes.affmunqc.net/role/RL58033_2026.xml,,,,
"715, Bois-francs",,Boucherville,,,2501.6,2021,702200,1795800,2498000,2025,Logement,MAMH — Données Québec (rôle d'évaluation foncière),https://donneesouvertes.affmunqc.net/role/RL58033_2026.xml,,,,
"692, Charles-goulet",,Boucherville,,,700,2006,308700,1002000,1310700,2025,Logement,MAMH — Données Québec (rôle d'évaluation foncière),https://donneesouvertes.affmunqc.net/role/RL58033_2026.xml,,,,
"699, Charles-goulet",,Boucherville,,,709.7,2006,311000,687200,998200,2025,Logement,MAMH — Données Québec (rôle d'évaluation foncière),https://donneesouvertes.affmunqc.net/role/RL58033_2026.xml,,,,
"696, Charles-goulet",,Boucherville,,,686,2006,305400,1004700,1310100,2025,Logement,MAMH — Données Québec (rôle d'évaluation foncière),https://donneesouvertes.affmunqc.net/role/RL58033_2026.xml,,,,
"701, Charles-goulet",,Boucherville,,,838.1,2010,341400,1152600,1494000,2025,Logement,MAMH — Données Québec (rôle d'évaluation foncière),https://donneesouvertes.affmunqc.net/role/RL58033_2026.xml,,,,
"698, Charles-goulet",,Boucherville,,,700,2006,308700,986400,1295100,2025,Logement,MAMH — Données Québec (rôle d'évaluation foncière),https://donneesouvertes.affmunqc.net/role/RL58033_2026.xml,,,,
"700, Charles-goulet",,Boucherville,,,700,2007,308700,814300,1123000,2025,Logement,MAMH — Données Québec (rôle d'évaluation foncière),https://donneesouvertes.affmunqc.net/role/RL58033_2026.xml,,,,
"702, Charles-goulet",,Boucherville,,,672,2006,302100,1005100,1307200,2025,Logement,MAMH — Données Québec (rôle d'évaluation foncière),https://donneesouvertes.affmunqc.net/role/RL58033_2026.xml,,,,
"704, Charles-goulet",,Boucherville,,,848.3,2008,343800,1034000,1377800,2025,Logement,MAMH — Données Québec (rôle d'évaluation foncière),https://donneesouvertes.affmunqc.net/role/RL58033_2026.xml,,,,
"708, Charles-goulet",,Boucherville,,,698.6,2006,308400,893400,1201800,2025,Logement,MAMH — Données Québec (rôle d'évaluation foncière),https://donneesouvertes.affmunqc.net/role/RL58033_2026.xml,,,,
"1144, Ernest-lavigne",,Boucherville,,,525,2006,249400,680600,930000,2025,Logement,MAMH — Données Québec (rôle d'évaluation foncière),https://donneesouvertes.affmunqc.net/role/RL58033_2026.xml,,,,
"1145, Ernest-lavigne",,Boucherville,,,540.8,2006,256900,680200,937100,2025,Logement,MAMH — Données Québec (rôle d'évaluation foncière),https://donneesouvertes.affmunqc.net/role/RL58033_2026.xml,,,,
"723, Charles-goulet",,Boucherville,,,556,2006,264100,604200,868300,2025,Logement,MAMH — Données Québec (rôle d'évaluation foncière),https://donneesouvertes.affmunqc.net/role/RL58033_2026.xml,,,,
"1146, Ernest-lavigne",,Boucherville,,,549.9,2006,261200,698700,959900,2025,Logement,MAMH — Données Québec (rôle d'évaluation foncière),https://donneesouvertes.affmunqc.net/role/RL58033_2026.xml,,,,
"719, Charles-goulet",,Boucherville,,,762.3,2008,323500,683400,1006900,2025,Logement,MAMH — Données Québec (rôle d'évaluation foncière),https://donneesouvertes.affmunqc.net/role/RL58033_2026.xml,,,,
"715, Charles-goulet",,Boucherville,,,760.3,2006,323000,596600,919600,2025,Logement,MAMH — Données Québec (rôle d'évaluation foncière),https://donneesouvertes.affmunqc.net/role/RL58033_2026.xml,,,,
"1148, Ernest-lavigne",,Boucherville,,,667.4,2007,301000,950700,1251700,2025,Logement,MAMH — Données Québec (rôle d'évaluation foncière),https://donneesouvertes.affmunqc.net/role/RL58033_2026.xml,,,,
"710, Charles-goulet",,Boucherville,,,660,2006,299200,932200,1231400,2025,Logement,MAMH — Données Québec (rôle d'évaluation foncière),https://donneesouvertes.affmunqc.net/role/RL58033_2026.xml,,,,
"716, Charles-goulet",,Boucherville,,,690,2007,306300,765300,1071600,2025,Logement,MAMH — Données Québec (rôle d'évaluation foncière),https://donneesouvertes.affmunqc.net/role/RL58033_2026.xml,,,,
"718, Charles-goulet",,Boucherville,,,865.9,2006,348000,739000,1087000,2025,Logement,MAMH — Données Québec (rôle d'évaluation foncière),https://donneesouvertes.affmunqc.net/role/RL58033_2026.xml,,,,
"725, Charles-goulet",,Boucherville,,,550.7,2006,261600,632500,894100,2025,Logement,MAMH — Données Québec (rôle d'évaluation foncière),https://donneesouvertes.affmunqc.net/role/RL58033_2026.xml,,,,
"734, Charles-goulet",,Boucherville,,,710.5,2008,311200,848500,1159700,2025,Logement,MAMH — Données Québec (rôle d'évaluation foncière),https://donneesouvertes.affmunqc.net/role/RL58033_2026.xml,,,,
"730, Charles-goulet",,Boucherville,,,710.5,2006,311200,476300,787500,2025,Logement,MAMH — Données Québec (rôle d'évaluation foncière),https://donneesouvertes.affmunqc.net/role/RL58033_2026.xml,,,,
"728, Charles-goulet",,Boucherville,,,710.5,2008,311200,545900,857100,2025,Logement,MAMH — Données Québec (rôle d'évaluation foncière),https://donneesouvertes.affmunqc.net/role/RL58033_2026.xml,,,,
"724, Charles-goulet",,Boucherville,,,710.5,2008,311200,698700,1009900,2025,Logement,MAMH — Données Québec (rôle d'évaluation foncière),https://donneesouvertes.affmunqc.net/role/RL58033_2026.xml,,,,
"722, Charles-goulet",,Boucherville,,,710.5,2006,311200,618700,929900,2025,Logement,MAMH — Données Québec (rôle d'évaluation foncière),https://donneesouvertes.affmunqc.net/role/RL58033_2026.xml,,,,
"1118, Jean-vallerand",,Boucherville,,,531.4,,252400,,252400,2025,Terrain vacant,MAMH — Données Québec (rôle d'évaluation foncière),https://donneesouvertes.affmunqc.net/role/RL58033_2026.xml,,,,
"1122, Jean-vallerand",,Boucherville,,,531.4,,252400,,252400,2025,Terrain vacant,MAMH — Données Québec (rôle d'évaluation foncière),https://donneesouvertes.affmunqc.net/role/RL58033_2026.xml,,,,
"720, Charles-goulet",,Boucherville,,,807,2006,334100,445600,779700,2025,Logement,MAMH — Données Québec (rôle d'évaluation foncière),https://donneesouvertes.affmunqc.net/role/RL58033_2026.xml,,,,
"1124, Jean-vallerand",,Boucherville,,,674.4,,302600,,302600,2025,Terrain vacant,MAMH — Données Québec (rôle d'évaluation foncière),https://donneesouvertes.affmunqc.net/role/RL58033_2026.xml,,,,
"1102, Jean-vallerand",,Boucherville,,,531.1,2024,252300,1023600,1275900,2025,Logement,MAMH — Données Québec (rôle d'évaluation foncière),https://donneesouvertes.affmunqc.net/role/RL58033_2026.xml,,,,
"1104, Jean-vallerand",,Boucherville,,,531.2,,252300,,252300,2025,Terrain vacant,MAMH — Données Québec (rôle d'évaluation foncière),https://donneesouvertes.affmunqc.net/role/RL58033_2026.xml,,,,
"1106, Jean-vallerand",,Boucherville,,,531.3,,252400,,252400,2025,Terrain vacant,MAMH — Données Québec (rôle d'évaluation foncière),https://donneesouvertes.affmunqc.net/role/RL58033_2026.xml,,,,
"1110, Jean-vallerand",,Boucherville,,,531.4,,252400,,252400,2025,Terrain vacant,MAMH — Données Québec (rôle d'évaluation foncière),https://donneesouvertes.affmunqc.net/role/RL58033_2026.xml,,,,
"1101, Jean-vallerand",,Boucherville,,,508.2,,241400,,241400,2025,Terrain vacant,MAMH — Données Québec (rôle d'évaluation foncière),https://donneesouvertes.affmunqc.net/role/RL58033_2026.xml,,,,
"1112, Jean-vallerand",,Boucherville,,,531.4,,252400,,252400,2025,Terrain vacant,MAMH — Données Québec (rôle d'évaluation foncière),https://donneesouvertes.affmunqc.net/role/RL58033_2026.xml,,,,
"1105, Jean-vallerand",,Boucherville,,,508.2,2023,241400,1043600,1285000,2025,Logement,MAMH — Données Québec (rôle d'évaluation foncière),https://donneesouvertes.affmunqc.net/role/RL58033_2026.xml,,,,
"1116, Jean-vallerand",,Boucherville,,,531.4,,252400,,252400,2025,Terrain vacant,MAMH — Données Québec (rôle d'évaluation foncière),https://donneesouvertes.affmunqc.net/role/RL58033_2026.xml,,,,
"1107, Jean-vallerand",,Boucherville,,,508.2,2023,241400,1173300,1414700,2025,Logement,MAMH — Données Québec (rôle d'évaluation foncière),https://donneesouvertes.affmunqc.net/role/RL58033_2026.xml,,,,
"1109, Jean-vallerand",,Boucherville,,,508.2,2023,241400,1176600,1418000,2025,Logement,MAMH — Données Québec (rôle d'évaluation foncière),https://donneesouvertes.affmunqc.net/role/RL58033_2026.xml,,,,
"1115, Jean-vallerand",,Boucherville,,,508.2,2023,241400,1127000,1368400,2025,Logement,MAMH — Données Québec (rôle d'évaluation foncière),https://donneesouvertes.affmunqc.net/role/RL58033_2026.xml,,,,
"760, Louis-quilico",,Boucherville,,,508.2,,241400,,241400,2025,Terrain vacant,MAMH — Données Québec (rôle d'évaluation foncière),https://donneesouvertes.affmunqc.net/role/RL58033_2026.xml,,,,
"1117, Jean-vallerand",,Boucherville,,,508.2,2023,241400,1079900,1321300,2025,Logement,MAMH — Données Québec (rôle d'évaluation foncière),https://donneesouvertes.affmunqc.net/role/RL58033_2026.xml,,,,
"762, Louis-quilico",,Boucherville,,,508.2,,241400,,241400,2025,Terrain vacant,MAMH — Données Québec (rôle d'évaluation foncière),https://donneesouvertes.affmunqc.net/role/RL58033_2026.xml,,,,
"750, Paul-doyon",,Boucherville,,,567,2022,269300,1318900,1588200,2025,Logement,MAMH — Données Québec (rôle d'évaluation foncière),https://donneesouvertes.affmunqc.net/role/RL58033_2026.xml,,,,
"743, Louis-quilico",,Boucherville,,,472.5,,224400,,224400,2025,Terrain vacant,MAMH — Données Québec (rôle d'évaluation foncière),https://donneesouvertes.affmunqc.net/role/RL58033_2026.xml,,,,
"754, Paul-doyon",,Boucherville,,,599.5,2018,284800,1160200,1445000,2025,Logement,MAMH — Données Québec (rôle d'évaluation foncière),https://donneesouvertes.affmunqc.net/role/RL58033_2026.xml,,,,
"745, Louis-quilico",,Boucherville,,,472.5,2024,224400,1184800,1409200,2025,Logement,MAMH — Données Québec (rôle d'évaluation foncière),https://donneesouvertes.affmunqc.net/role/RL58033_2026.xml,,,,
"1099, Jean-vallerand",,Boucherville,,,622.5,2023,290300,1195200,1485500,2025,Logement,MAMH — Données Québec (rôle d'évaluation foncière),https://donneesouvertes.affmunqc.net/role/RL58033_2026.xml,,,,
"749, Louis-quilico",,Boucherville,,,489.7,2024,232600,1134300,1366900,2025,Logement,MAMH — Données Québec (rôle d'évaluation foncière),https://donneesouvertes.affmunqc.net/role/RL58033_2026.xml,,,,
"751, Louis-quilico",,Boucherville,,,756.2,,322000,,322000,2025,Terrain vacant,MAMH — Données Québec (rôle d'évaluation foncière),https://donneesouvertes.affmunqc.net/role/RL58033_2026.xml,,,,
"750, Louis-quilico",,Boucherville,,,622.5,2024,290300,1227100,1517400,2025,Logement,MAMH — Données Québec (rôle d'évaluation foncière),https://donneesouvertes.affmunqc.net/role/RL58033_2026.xml,,,,
"753, Louis-quilico",,Boucherville,,,758.3,2024,322500,1196900,1519400,2025,Logement,MAMH — Données Québec (rôle d'évaluation foncière),https://donneesouvertes.affmunqc.net/role/RL58033_2026.xml,,,,
"754, Louis-quilico",,Boucherville,,,508.2,,241400,,241400,2025,Terrain vacant,MAMH — Données Québec (rôle d'évaluation foncière),https://donneesouvertes.affmunqc.net/role/RL58033_2026.xml,,,,
"756, Louis-quilico",,Boucherville,,,508.2,,241400,,241400,2025,Terrain vacant,MAMH — Données Québec (rôle d'évaluation foncière),https://donneesouvertes.affmunqc.net/role/RL58033_2026.xml,,,,
"755, Louis-quilico",,Boucherville,,,611.2,,287700,,287700,2025,Terrain vacant,MAMH — Données Québec (rôle d'évaluation foncière),https://donneesouvertes.affmunqc.net/role/RL58033_2026.xml,,,,
"757, Louis-quilico",,Boucherville,,,493.5,,234400,,234400,2025,Terrain vacant,MAMH — Données Québec (rôle d'évaluation foncière),https://donneesouvertes.affmunqc.net/role/RL58033_2026.xml,,,,
"761, Paul-doyon",,Boucherville,,,540,2022,256500,1160300,1416800,2025,Logement,MAMH — Données Québec (rôle d'évaluation foncière),https://donneesouvertes.affmunqc.net/role/RL58033_2026.xml,,,,
"756, Paul-doyon",,Boucherville,,,593.7,2017,282000,968000,1250000,2025,Logement,MAMH — Données Québec (rôle d'évaluation foncière),https://donneesouvertes.affmunqc.net/role/RL58033_2026.xml,,,,
"765, Paul-doyon",,Boucherville,,,712.3,2016,311600,1255800,1567400,2025,Logement,MAMH — Données Québec (rôle d'évaluation foncière),https://donneesouvertes.affmunqc.net/role/RL58033_2026.xml,,,,
"758, Paul-doyon",,Boucherville,,,598.6,2011,284300,1123400,1407700,2025,Logement,MAMH — Données Québec (rôle d'évaluation foncière),https://donneesouvertes.affmunqc.net/role/RL58033_2026.xml,,,,
"760, Paul-doyon",,Boucherville,,,631.9,2011,292600,730600,1023200,2025,Logement,MAMH — Données Québec (rôle d'évaluation foncière),https://donneesouvertes.affmunqc.net/role/RL58033_2026.xml,,,,
"1100, Pierre-mercure",,Boucherville,,,588.8,2018,279700,1039300,1319000,2025,Logement,MAMH — Données Québec (rôle d'évaluation foncière),https://donneesouvertes.affmunqc.net/role/RL58033_2026.xml,,,,
"764, Paul-doyon",,Boucherville,,,711.1,2011,311300,883900,1195200,2025,Logement,MAMH — Données Québec (rôle d'évaluation foncière),https://donneesouvertes.affmunqc.net/role/RL58033_2026.xml,,,,
"1102, Pierre-mercure",,Boucherville,,,577.1,2016,274100,1055600,1329700,2025,Logement,MAMH — Données Québec (rôle d'évaluation foncière),https://donneesouvertes.affmunqc.net/role/RL58033_2026.xml,,,,
"766, Paul-doyon",,Boucherville,,,648,2016,296400,1163200,1459600,2025,Logement,MAMH — Données Québec (rôle d'évaluation foncière),https://donneesouvertes.affmunqc.net/role/RL58033_2026.xml,,,,
"767, Paul-doyon",,Boucherville,,,648,2018,296400,1155600,1452000,2025,Logement,MAMH — Données Québec (rôle d'évaluation foncière),https://donneesouvertes.affmunqc.net/role/RL58033_2026.xml,,,,
"769, Paul-doyon",,Boucherville,,,655.8,2017,298200,1142900,1441100,2025,Logement,MAMH — Données Québec (rôle d'évaluation foncière),https://donneesouvertes.affmunqc.net/role/RL58033_2026.xml,,,,
"771, Paul-doyon",,Boucherville,,,585,2014,277900,937800,1215700,2025,Logement,MAMH — Données Québec (rôle d'évaluation foncière),https://donneesouvertes.affmunqc.net/role/RL58033_2026.xml,,,,
"775, Paul-doyon",,Boucherville,,,603,2019,285700,1285900,1571600,2025,Logement,MAMH — Données Québec (rôle d'évaluation foncière),https://donneesouvertes.affmunqc.net/role/RL58033_2026.xml,,,,
"777, Paul-doyon",,Boucherville,,,653.3,2018,297600,1136700,1434300,2025,Logement,MAMH — Données Québec (rôle d'évaluation foncière),https://donneesouvertes.affmunqc.net/role/RL58033_2026.xml,,,,
"663, Normandie",,Boucherville,,,2588.8,2020,716700,1372000,2088700,2025,Logement,MAMH — Données Québec (rôle d'évaluation foncière),https://donneesouvertes.affmunqc.net/role/RL58033_2026.xml,,,,
"665, Normandie",,Boucherville,,,4274,2004,936200,620500,1556700,2025,Logement,MAMH — Données Québec (rôle d'évaluation foncière),https://donneesouvertes.affmunqc.net/role/RL58033_2026.xml,,,,
"700, Bois-francs",,Boucherville,,,2564.5,1960,712700,110000,822700,2025,Logement,MAMH — Données Québec (rôle d'évaluation foncière),https://donneesouvertes.affmunqc.net/role/RL58033_2026.xml,,,,
"667, Normandie",,Boucherville,,,5173.5,2003,1003600,529100,1532700,2025,Logement,MAMH — Données Québec (rôle d'évaluation foncière),https://donneesouvertes.affmunqc.net/role/RL58033_2026.xml,,,,
"708, Bois-francs",,Boucherville,,,3264.7,2003,829600,516400,1346000,2025,Logement,MAMH — Données Québec (rôle d'évaluation foncière),https://donneesouvertes.affmunqc.net/role/RL58033_2026.xml,,,,
"716, Bois-francs",,Boucherville,,,3353.7,2003,844500,682800,1527300,2025,Logement,MAMH — Données Québec (rôle d'évaluation foncière),https://donneesouvertes.affmunqc.net/role/RL58033_2026.xml,,,,
"723, Bois-francs",,Boucherville,,,6029.3,2006,1067800,221600,1289400,2025,Logement,MAMH — Données Québec (rôle d'évaluation foncière),https://donneesouvertes.affmunqc.net/role/RL58033_2026.xml,,,,
"727, Bois-francs",,Boucherville,,,11437.5,,100,,100,2025,Immeuble commercial,MAMH — Données Québec (rôle d'évaluation foncière),https://donneesouvertes.affmunqc.net/role/RL58033_2026.xml,,,,
"725, Bois-francs",,Boucherville,,,887.5,,66600,,66600,2025,Terrain vacant,MAMH — Données Québec (rôle d'évaluation foncière),https://donneesouvertes.affmunqc.net/role/RL58033_2026.xml,,,,
"729, Bois-francs",,Boucherville,,,3624.8,2003,887500,607800,1495300,2025,Logement,MAMH — Données Québec (rôle d'évaluation foncière),https://donneesouvertes.affmunqc.net/role/RL58033_2026.xml,,,,
"1126, Jean-vallerand",,Boucherville,,,814,,335700,,335700,2025,Terrain vacant,MAMH — Données Québec (rôle d'évaluation foncière),https://donneesouvertes.affmunqc.net/role/RL58033_2026.xml,,,,
"1128, Jean-vallerand",,Boucherville,,,619.8,,289700,,289700,2025,Terrain vacant,MAMH — Données Québec (rôle d'évaluation foncière),https://donneesouvertes.affmunqc.net/role/RL58033_2026.xml,,,,
"1130, Jean-vallerand",,Boucherville,,,582.8,,276800,,276800,2025,Terrain vacant,MAMH — Données Québec (rôle d'évaluation foncière),https://donneesouvertes.affmunqc.net/role/RL58033_2026.xml,,,,
"1134, Jean-vallerand",,Boucherville,,,582.8,,276800,,276800,2025,Terrain vacant,MAMH — Données Québec (rôle d'évaluation foncière),https://donneesouvertes.affmunqc.net/role/RL58033_2026.xml,,,,
"1138, Jean-vallerand",,Boucherville,,,582.8,,276800,,276800,2025,Terrain vacant,MAMH — Données Québec (rôle d'évaluation foncière),https://donneesouvertes.affmunqc.net/role/RL58033_2026.xml,,,,
"1140, Jean-vallerand",,Boucherville,,,582.8,,276800,,276800,2025,Terrain vacant,MAMH — Données Québec (rôle d'évaluation foncière),https://donneesouvertes.affmunqc.net/role/RL58033_2026.xml,,,,
"1121, Jean-vallerand",,Boucherville,,,508.2,,241400,,241400,2025,Terrain vacant,MAMH — Données Québec (rôle d'évaluation foncière),https://donneesouvertes.affmunqc.net/role/RL58033_2026.xml,,,,
"764, Louis-quilico",,Boucherville,,,508.2,,241400,,241400,2025,Terrain vacant,MAMH — Données Québec (rôle d'évaluation foncière),https://donneesouvertes.affmunqc.net/role/RL58033_2026.xml,,,,
"1125, Jean-vallerand",,Boucherville,,,629.3,,291900,,291900,2025,Terrain vacant,MAMH — Données Québec (rôle d'évaluation foncière),https://donneesouvertes.affmunqc.net/role/RL58033_2026.xml,,,,
"768, Louis-quilico",,Boucherville,,,508.2,,241400,,241400,2025,Terrain vacant,MAMH — Données Québec (rôle d'évaluation foncière),https://donneesouvertes.affmunqc.net/role/RL58033_2026.xml,,,,
"770, Louis-quilico",,Boucherville,,,684.7,,305100,,305100,2025,Terrain vacant,MAMH — Données Québec (rôle d'évaluation foncière),https://donneesouvertes.affmunqc.net/role/RL58033_2026.xml,,,,
"1129, Jean-vallerand",,Boucherville,,,611.5,,287700,,287700,2025,Terrain vacant,MAMH — Données Québec (rôle d'évaluation foncière),https://donneesouvertes.affmunqc.net/role/RL58033_2026.xml,,,,
"772, Louis-quilico",,Boucherville,,,698.2,,308300,,308300,2025,Terrain vacant,MAMH — Données Québec (rôle d'évaluation foncière),https://donneesouvertes.affmunqc.net/role/RL58033_2026.xml,,,,
"1131, Jean-vallerand",,Boucherville,,,508.2,,241400,,241400,2025,Terrain vacant,MAMH — Données Québec (rôle d'évaluation foncière),https://donneesouvertes.affmunqc.net/role/RL58033_2026.xml,,,,
"769, Louis-quilico",,Boucherville,,,508.2,2023,241400,1285000,1526400,2025,Logement,MAMH — Données Québec (rôle d'évaluation foncière),https://donneesouvertes.affmunqc.net/role/RL58033_2026.xml,,,,
"1133, Jean-vallerand",,Boucherville,,,508.2,,241400,,241400,2025,Terrain vacant,MAMH — Données Québec (rôle d'évaluation foncière),https://donneesouvertes.affmunqc.net/role/RL58033_2026.xml,,,,
"771, Louis-quilico",,Boucherville,,,614.8,,288500,,288500,2025,Terrain vacant,MAMH — Données Québec (rôle d'évaluation foncière),https://donneesouvertes.affmunqc.net/role/RL58033_2026.xml,,,,
"776, Louis-quilico",,Boucherville,,,508.2,,241400,,241400,2025,Terrain vacant,MAMH — Données Québec (rôle d'évaluation foncière),https://donneesouvertes.affmunqc.net/role/RL58033_2026.xml,,,,
"1137, Jean-vallerand",,Boucherville,,,508.2,,241400,,241400,2025,Terrain vacant,MAMH — Données Québec (rôle d'évaluation foncière),https://donneesouvertes.affmunqc.net/role/RL58033_2026.xml,,,,
"778, Louis-quilico",,Boucherville,,,508.2,,241400,,241400,2025,Terrain vacant,MAMH — Données Québec (rôle d'évaluation foncière),https://donneesouvertes.affmunqc.net/role/RL58033_2026.xml,,,,
"1130, Pierre-mercure",,Boucherville,,,657.3,2014,298600,1151900,1450500,2025,Logement,MAMH — Données Québec (rôle d'évaluation foncière),https://donneesouvertes.affmunqc.net/role/RL58033_2026.xml,,,,
"1128, Pierre-mercure",,Boucherville,,,866.4,2015,348100,1236200,1584300,2025,Logement,MAMH — Données Québec (rôle d'évaluation foncière),https://donneesouvertes.affmunqc.net/role/RL58033_2026.xml,,,,
"1139, Jean-vallerand",,Boucherville,,,622.6,,290400,,290400,2025,Terrain vacant,MAMH — Données Québec (rôle d'évaluation foncière),https://donneesouvertes.affmunqc.net/role/RL58033_2026.xml,,,,
"780, Louis-quilico",,Boucherville,,,622.6,,290400,,290400,2025,Terrain vacant,MAMH — Données Québec (rôle d'évaluation foncière),https://donneesouvertes.affmunqc.net/role/RL58033_2026.xml,,,,
"1108, Pierre-mercure",,Boucherville,,,533,2012,253200,1041700,1294900,2025,Logement,MAMH — Données Québec (rôle d'évaluation foncière),https://donneesouvertes.affmunqc.net/role/RL58033_2026.xml,,,,
"759, Louis-quilico",,Boucherville,,,507.3,,241000,,241000,2025,Terrain vacant,MAMH — Données Québec (rôle d'évaluation foncière),https://donneesouvertes.affmunqc.net/role/RL58033_2026.xml,,,,
"1110, Pierre-mercure",,Boucherville,,,489.9,2011,232700,759900,992600,2025,Logement,MAMH — Données Québec (rôle d'évaluation foncière),https://donneesouvertes.affmunqc.net/role/RL58033_2026.xml,,,,
"761, Louis-quilico",,Boucherville,,,508.2,,241400,,241400,2025,Terrain vacant,MAMH — Données Québec (rôle d'évaluation foncière),https://donneesouvertes.affmunqc.net/role/RL58033_2026.xml,,,,
"1112, Pierre-mercure",,Boucherville,,,552.2,2011,262300,788300,1050600,2025,Logement,MAMH — Données Québec (rôle d'évaluation foncière),https://donneesouvertes.affmunqc.net/role/RL58033_2026.xml,,,,
"765, Louis-quilico",,Boucherville,,,508.2,2023,241400,1370200,1611600,2025,Logement,MAMH — Données Québec (rôle d'évaluation foncière),https://donneesouvertes.affmunqc.net/role/RL58033_2026.xml,,,,
"1116, Pierre-mercure",,Boucherville,,,504.9,2013,239800,919100,1158900,2025,Logement,MAMH — Données Québec (rôle d'évaluation foncière),https://donneesouvertes.affmunqc.net/role/RL58033_2026.xml,,,,
"767, Louis-quilico",,Boucherville,,,508.2,2023,241400,1150700,1392100,2025,Logement,MAMH — Données Québec (rôle d'évaluation foncière),https://donneesouvertes.affmunqc.net/role/RL58033_2026.xml,,,,
"1118, Pierre-mercure",,Boucherville,,,504.9,2016,239800,931000,1170800,2025,Logement,MAMH — Données Québec (rôle d'évaluation foncière),https://donneesouvertes.affmunqc.net/role/RL58033_2026.xml,,,,
"1120, Pierre-mercure",,Boucherville,,,504.9,2014,239800,1006400,1246200,2025,Logement,MAMH — Données Québec (rôle d'évaluation foncière),https://donneesouvertes.affmunqc.net/role/RL58033_2026.xml,,,,
"1122, Pierre-mercure",,Boucherville,,,504.9,2012,239800,770300,1010100,2025,Logement,MAMH — Données Québec (rôle d'évaluation foncière),https://donneesouvertes.affmunqc.net/role/RL58033_2026.xml,,,,
"1115, Pierre-mercure",,Boucherville,,,549.9,2014,261200,814600,1075800,2025,Logement,MAMH — Données Québec (rôle d'évaluation foncière),https://donneesouvertes.affmunqc.net/role/RL58033_2026.xml,,,,
"1126, Pierre-mercure",,Boucherville,,,504.9,2015,239800,864300,1104100,2025,Logement,MAMH — Données Québec (rôle d'évaluation foncière),https://donneesouvertes.affmunqc.net/role/RL58033_2026.xml,,,,
"1117, Pierre-mercure",,Boucherville,,,498.7,2016,236900,1004300,1241200,2025,Logement,MAMH — Données Québec (rôle d'évaluation foncière),https://donneesouvertes.affmunqc.net/role/RL58033_2026.xml,,,,
"1119, Pierre-mercure",,Boucherville,,,519.8,2015,246900,870400,1117300,2025,Logement,MAMH — Données Québec (rôle d'évaluation foncière),https://donneesouvertes.affmunqc.net/role/RL58033_2026.xml,,,,
"768, Paul-doyon",,Boucherville,,,680.1,2017,304000,1109900,1413900,2025,Logement,MAMH — Données Québec (rôle d'évaluation foncière),https://donneesouvertes.affmunqc.net/role/RL58033_2026.xml,,,,
"1208, Jean-vallerand",,Boucherville,,,568.3,2011,269900,981700,1251600,2025,Logement,MAMH — Données Québec (rôle d'évaluation foncière),https://donneesouvertes.affmunqc.net/role/RL58033_2026.xml,,,,
"1206, Jean-vallerand",,Boucherville,,,534.4,2011,253800,1063000,1316800,2025,Logement,MAMH — Données Québec (rôle d'évaluation foncière),https://donneesouvertes.affmunqc.net/role/RL58033_2026.xml,,,,
"1204, Jean-vallerand",,Boucherville,,,521,2011,247500,1038900,1286400,2025,Logement,MAMH — Données Québec (rôle d'évaluation foncière),https://donneesouvertes.affmunqc.net/role/RL58033_2026.xml,,,,
"1202, Jean-vallerand",,Boucherville,,,501,2015,238000,1152400,1390400,2025,Logement,MAMH — Données Québec (rôle d'évaluation foncière),https://donneesouvertes.affmunqc.net/role/RL58033_2026.xml,,,,
"1205, Jean-vallerand",,Boucherville,,,517.3,2016,245700,934500,1180200,2025,Logement,MAMH — Données Québec (rôle d'évaluation foncière),https://donneesouvertes.affmunqc.net/role/RL58033_2026.xml,,,,
"1200, Jean-vallerand",,Boucherville,,,532.3,2016,252800,1093800,1346600,2025,Logement,MAMH — Données Québec (rôle d'évaluation foncière),https://donneesouvertes.affmunqc.net/role/RL58033_2026.xml,,,,
"1203, Jean-vallerand",,Boucherville,,,463.1,2015,220000,905700,1125700,2025,Logement,MAMH — Données Québec (rôle d'évaluation foncière),https://donneesouvertes.affmunqc.net/role/RL58033_2026.xml,,,,
"1199, Jean-vallerand",,Boucherville,,,501,2017,238000,1088600,1326600,2025,Logement,MAMH — Données Québec (rôle d'évaluation foncière),https://donneesouvertes.affmunqc.net/role/RL58033_2026.xml,,,,
"1111, Pierre-mercure",,Boucherville,,,692.1,2021,306800,1120400,1427200,2025,Logement,MAMH — Données Québec (rôle d'évaluation foncière),https://donneesouvertes.affmunqc.net/role/RL58033_2026.xml,,,,
"1197, Jean-vallerand",,Boucherville,,,501,2013,238000,976000,1214000,2025,Logement,MAMH — Données Québec (rôle d'évaluation foncière),https://donneesouvertes.affmunqc.net/role/RL58033_2026.xml,,,,
"1195, Jean-vallerand",,Boucherville,,,517.3,2013,245700,853500,1099200,2025,Logement,MAMH — Données Québec (rôle d'évaluation foncière),https://donneesouvertes.affmunqc.net/role/RL58033_2026.xml,,,,
"1191, Jean-vallerand",,Boucherville,,,650,2017,296900,962500,1259400,2025,Logement,MAMH — Données Québec (rôle d'évaluation foncière),https://donneesouvertes.affmunqc.net/role/RL58033_2026.xml,,,,
"1187, Jean-vallerand",,Boucherville,,,621.9,2012,290200,868600,1158800,2025,Logement,MAMH — Données Québec (rôle d'évaluation foncière),https://donneesouvertes.affmunqc.net/role/RL58033_2026.xml,,,,
"779, Paul-doyon",,Boucherville,,,1025.6,2021,385900,1366400,1752300,2025,Logement,MAMH — Données Québec (rôle d'évaluation foncière),https://donneesouvertes.affmunqc.net/role/RL58033_2026.xml,,,,
"770, Paul-doyon",,Boucherville,,,603,2020,285700,1070400,1356100,2025,Logement,MAMH — Données Québec (rôle d'évaluation foncière),https://donneesouvertes.affmunqc.net/role/RL58033_2026.xml,,,,
"774, Paul-doyon",,Boucherville,,,603,2011,285700,835500,1121200,2025,Logement,MAMH — Données Québec (rôle d'évaluation foncière),https://donneesouvertes.affmunqc.net/role/RL58033_2026.xml,,,,
"776, Paul-doyon",,Boucherville,,,653.2,2011,297600,817900,1115500,2025,Logement,MAMH — Données Québec (rôle d'évaluation foncière),https://donneesouvertes.affmunqc.net/role/RL58033_2026.xml,,,,
"780, Paul-doyon",,Boucherville,,,984.3,2012,353100,1071300,1424400,2025,Logement,MAMH — Données Québec (rôle d'évaluation foncière),https://donneesouvertes.affmunqc.net/role/RL58033_2026.xml,,,,
"1198, Jean-vallerand",,Boucherville,,,968,2011,372200,1075200,1447400,2025,Logement,MAMH — Données Québec (rôle d'évaluation foncière),https://donneesouvertes.affmunqc.net/role/RL58033_2026.xml,,,,
"1196, Jean-vallerand",,Boucherville,,,1391.6,2022,441100,1382700,1823800,2025,Logement,MAMH — Données Québec (rôle d'évaluation foncière),https://donneesouvertes.affmunqc.net/role/RL58033_2026.xml,,,,
"670, Normandie",,Boucherville,,,5452.6,2003,1024500,1115800,2140300,2025,Logement,MAMH — Données Québec (rôle d'évaluation foncière),https://donneesouvertes.affmunqc.net/role/RL58033_2026.xml,,,,
"672, Normandie",,Boucherville,,,5462.9,2003,1025300,673300,1698600,2025,Logement,MAMH — Données Québec (rôle d'évaluation foncière),https://donneesouvertes.affmunqc.net/role/RL58033_2026.xml,,,,
"671, Normandie",,Boucherville,,,4923.8,2004,984900,1235300,2220200,2025,Logement,MAMH — Données Québec (rôle d'évaluation foncière),https://donneesouvertes.affmunqc.net/role/RL58033_2026.xml,,,,
"673, Normandie",,Boucherville,,,2668.4,2015,730000,1693500,2423500,2025,Logement,MAMH — Données Québec (rôle d'évaluation foncière),https://donneesouvertes.affmunqc.net/role/RL58033_2026.xml,,,,
"675, Normandie",,Boucherville,,,2727.8,2019,739900,1584800,2324700,2025,Logement,MAMH — Données Québec (rôle d'évaluation foncière),https://donneesouvertes.affmunqc.net/role/RL58033_2026.xml,,,,
"724, Bois-francs",,Boucherville,,,4441.6,2005,948700,870000,1818700,2025,Logement,MAMH — Données Québec (rôle d'évaluation foncière),https://donneesouvertes.affmunqc.net/role/RL58033_2026.xml,,,,
"676, Normandie",,Boucherville,,,9549.7,,1331800,,1331800,2025,Immeuble commercial,MAMH — Données Québec (rôle d'évaluation foncière),https://donneesouvertes.affmunqc.net/role/RL58033_2026.xml,,,,
"730, Bois-francs",,Boucherville,,,4047.3,2003,919100,593800,1512900,2025,Logement,MAMH — Données Québec (rôle d'évaluation foncière),https://donneesouvertes.affmunqc.net/role/RL58033_2026.xml,,,,
"736, Bois-francs",,Boucherville,,,3767.7,2004,898200,880500,1778700,2025,Logement,MAMH — Données Québec (rôle d'évaluation foncière),https://donneesouvertes.affmunqc.net/role/RL58033_2026.xml,,,,
"735, Bois-francs",,Boucherville,,,4890.6,,982400,,982400,2025,Terrain vacant,MAMH — Données Québec (rôle d'évaluation foncière),https://donneesouvertes.affmunqc.net/role/RL58033_2026.xml,,,,
"741, Bois-francs",,Boucherville,,,899.6,1780,423900,174200,598100,2025,Logement,MAMH — Données Québec (rôle d'évaluation foncière),https://donneesouvertes.affmunqc.net/role/RL58033_2026.xml,,,,
"747, Bois-francs",,Boucherville,,,3072.5,2007,797500,736300,1533800,2025,Logement,MAMH — Données Québec (rôle d'évaluation foncière),https://donneesouvertes.affmunqc.net/role/RL58033_2026.xml,,,,
"743, Bois-francs",,Boucherville,,,43.7,,14200,,14200,2025,Terrain vacant,MAMH — Données Québec (rôle d'évaluation foncière),https://donneesouvertes.affmunqc.net/role/RL58033_2026.xml,,,,
"753, Bois-francs",,Boucherville,,,2627.5,2005,723200,860200,1583400,2025,Logement,MAMH — Données Québec (rôle d'évaluation foncière),https://donneesouvertes.affmunqc.net/role/RL58033_2026.xml,,,,
"1142, Jean-vallerand",,Boucherville,,,525,,31500,,31500,2025,Immeuble commercial,MAMH — Données Québec (rôle d'évaluation foncière),https://donneesouvertes.affmunqc.net/role/RL58033_2026.xml,,,,
"1144, Jean-vallerand",,Boucherville,,,752.5,2012,321100,1267900,1589000,2025,Logement,MAMH — Données Québec (rôle d'évaluation foncière),https://donneesouvertes.affmunqc.net/role/RL58033_2026.xml,,,,
"1141, Jean-vallerand",,Boucherville,,,685.3,2017,305200,1235300,1540500,2025,Logement,MAMH — Données Québec (rôle d'évaluation foncière),https://donneesouvertes.affmunqc.net/role/RL58033_2026.xml,,,,
"1146, Jean-vallerand",,Boucherville,,,913.9,2012,359400,1486000,1845400,2025,Logement,MAMH — Données Québec (rôle d'évaluation foncière),https://donneesouvertes.affmunqc.net/role/RL58033_2026.xml,,,,
"1145, Jean-vallerand",,Boucherville,,,643,,295200,,295200,2025,Terrain vacant,MAMH — Données Québec (rôle d'évaluation foncière),https://donneesouvertes.affmunqc.net/role/RL58033_2026.xml,,,,
"1148, Jean-vallerand",,Boucherville,,,874,2017,349900,1203000,1552900,2025,Logement,MAMH — Données Québec (rôle d'évaluation foncière),https://donneesouvertes.affmunqc.net/role/RL58033_2026.xml,,,,
"1150, Jean-vallerand",,Boucherville,,,645.3,2016,295700,1116900,1412600,2025,Logement,MAMH — Données Québec (rôle d'évaluation foncière),https://donneesouvertes.affmunqc.net/role/RL58033_2026.xml,,,,
"1143, Pierre-mercure",,Boucherville,,,598.5,2017,284300,1187000,1471300,2025,Logement,MAMH — Données Québec (rôle d'évaluation foncière),https://donneesouvertes.affmunqc.net/role/RL58033_2026.xml,,,,
"1139, Pierre-mercure",,Boucherville,,,517.7,2018,245900,1042100,1288000,2025,Logement,MAMH — Données Québec (rôle d'évaluation foncière),https://donneesouvertes.affmunqc.net/role/RL58033_2026.xml,,,,
"1137, Pierre-mercure",,Boucherville,,,517.7,2016,245900,922700,1168600,2025,Logement,MAMH — Données Québec (rôle d'évaluation foncière),https://donneesouvertes.affmunqc.net/role/RL58033_2026.xml,,,,
"1135, Pierre-mercure",,Boucherville,,,474.3,2014,225300,886200,1111500,2025,Logement,MAMH — Données Québec (rôle d'évaluation foncière),https://donneesouvertes.affmunqc.net/role/RL58033_2026.xml,,,,
"1131, Pierre-mercure",,Boucherville,,,540.9,2016,256900,919200,1176100,2025,Logement,MAMH — Données Québec (rôle d'évaluation foncière),https://donneesouvertes.affmunqc.net/role/RL58033_2026.xml,,,,
"1147, Jean-vallerand",,Boucherville,,,544.5,2015,258600,952900,1211500,2025,Logement,MAMH — Données Québec (rôle d'évaluation foncière),https://donneesouvertes.affmunqc.net/role/RL58033_2026.xml,,,,
"1151, Jean-vallerand",,Boucherville,,,474.3,2016,225300,901100,1126400,2025,Logement,MAMH — Données Québec (rôle d'évaluation foncière),https://donneesouvertes.affmunqc.net/role/RL58033_2026.xml,,,,
"1155, Jean-vallerand",,Boucherville,,,474.3,2013,225300,983500,1208800,2025,Logement,MAMH — Données Québec (rôle d'évaluation foncière),https://donneesouvertes.affmunqc.net/role/RL58033_2026.xml,,,,
"1159, Jean-vallerand",,Boucherville,,,474.3,2017,225300,911100,1136400,2025,Logement,MAMH — Données Québec (rôle d'évaluation foncière),https://donneesouvertes.affmunqc.net/role/RL58033_2026.xml,,,,
"1161, Jean-vallerand",,Boucherville,,,517.7,2021,245900,1178700,1424600,2025,Logement,MAMH — Données Québec (rôle d'évaluation foncière),https://donneesouvertes.affmunqc.net/role/RL58033_2026.xml,,,,
"1163, Jean-vallerand",,Boucherville,,,518.8,2017,246400,1226300,1472700,2025,Logement,MAMH — Données Québec (rôle d'évaluation foncière),https://donneesouvertes.affmunqc.net/role/RL58033_2026.xml,,,,
"1123, Pierre-mercure",,Boucherville,,,517.5,2017,245800,990100,1235900,2025,Logement,MAMH — Données Québec (rôle d'évaluation foncière),https://donneesouvertes.affmunqc.net/role/RL58033_2026.xml,,,,
"1181, Jean-vallerand",,Boucherville,,,492.9,2020,234100,1144900,1379000,2025,Logement,MAMH — Données Québec (rôle d'évaluation foncière),https://donneesouvertes.affmunqc.net/role/RL58033_2026.xml,,,,
"1125, Pierre-mercure",,Boucherville,,,517.5,2014,245800,987900,1233700,2025,Logement,MAMH — Données Québec (rôle d'évaluation foncière),https://donneesouvertes.affmunqc.net/role/RL58033_2026.xml,,,,
"1177, Jean-vallerand",,Boucherville,,,474.3,2017,225300,904800,1130100,2025,Logement,MAMH — Données Québec (rôle d'évaluation foncière),https://donneesouvertes.affmunqc.net/role/RL58033_2026.xml,,,,
"1127, Pierre-mercure",,Boucherville,,,535.1,2018,254200,1004500,1258700,2025,Logement,MAMH — Données Québec (rôle d'évaluation foncière),https://donneesouvertes.affmunqc.net/role/RL58033_2026.xml,,,,
"1175, Jean-vallerand",,Boucherville,,,474.3,2011,225300,728000,953300,2025,Logement,MAMH — Données Québec (rôle d'évaluation foncière),https://donneesouvertes.affmunqc.net/role/RL58033_2026.xml,,,,
"1129, Pierre-mercure",,Boucherville,,,639.3,2017,294300,913800,1208100,2025,Logement,MAMH — Données Québec (rôle d'évaluation foncière),https://donneesouvertes.affmunqc.net/role/RL58033_2026.xml,,,,
"1171, Jean-vallerand",,Boucherville,,,474.3,2012,225300,726400,951700,2025,Logement,MAMH — Données Québec (rôle d'évaluation foncière),https://donneesouvertes.affmunqc.net/role/RL58033_2026.xml,,,,
"1169, Jean-vallerand",,Boucherville,,,517.7,2012,245900,812000,1057900,2025,Logement,MAMH — Données Québec (rôle d'évaluation foncière),https://donneesouvertes.affmunqc.net/role/RL58033_2026.xml,,,,
"1180, Jean-vallerand",,Boucherville,,,489.5,2015,232500,934200,1166700,2025,Logement,MAMH — Données Québec (rôle d'évaluation foncière),https://donneesouvertes.affmunqc.net/role/RL58033_2026.xml,,,,
"1167, Jean-vallerand",,Boucherville,,,627.8,2015,291600,1001600,1293200,2025,Logement,MAMH — Données Québec (rôle d'évaluation foncière),https://donneesouvertes.affmunqc.net/role/RL58033_2026.xml,,,,
"1165, Jean-vallerand",,Boucherville,,,659.8,2012,299200,835000,1134200,2025,Logement,MAMH — Données Québec (rôle d'évaluation foncière),https://donneesouvertes.affmunqc.net/role/RL58033_2026.xml,,,,
"1178, Jean-vallerand",,Boucherville,,,497.8,2016,236500,919300,1155800,2025,Logement,MAMH — Données Québec (rôle d'évaluation foncière),https://donneesouvertes.affmunqc.net/role/RL58033_2026.xml,,,,
"1176, Jean-vallerand",,Boucherville,,,490.2,2012,232800,865400,1098200,2025,Logement,MAMH — Données Québec (rôle d'évaluation foncière),https://donneesouvertes.affmunqc.net/role/RL58033_2026.xml,,,,
"1174, Jean-vallerand",,Boucherville,,,482.7,2017,217800,938500,1156300,2025,Logement,MAMH — Données Québec (rôle d'évaluation foncière),https://donneesouvertes.affmunqc.net/role/RL58033_2026.xml,,,,
"1185, Jean-vallerand",,Boucherville,,,514.8,2021,244500,1054800,1299300,2025,Logement,MAMH — Données Québec (rôle d'évaluation foncière),https://donneesouvertes.affmunqc.net/role/RL58033_2026.xml,,,,
"1194, Jean-vallerand",,Boucherville,,,710.6,2021,292400,1213300,1505700,2025,Logement,MAMH — Données Québec (rôle d'évaluation foncière),https://donneesouvertes.affmunqc.net/role/RL58033_2026.xml,,,,
"1192, Jean-vallerand",,Boucherville,,,710.8,2016,293500,1069100,1362600,2025,Logement,MAMH — Données Québec (rôle d'évaluation foncière),https://donneesouvertes.affmunqc.net/role/RL58033_2026.xml,,,,
"1190, Jean-vallerand",,Boucherville,,,755.2,2017,298700,975100,1273800,2025,Logement,MAMH — Données Québec (rôle d'évaluation foncière),https://donneesouvertes.affmunqc.net/role/RL58033_2026.xml,,,,
"1184, Jean-vallerand",,Boucherville,,,659.5,2013,299100,926800,1225900,2025,Logement,MAMH — Données Québec (rôle d'évaluation foncière),https://donneesouvertes.affmunqc.net/role/RL58033_2026.xml,,,,
"1188, Jean-vallerand",,Boucherville,,,850.8,2016,325100,915900,1241000,2025,Logement,MAMH — Données Québec (rôle d'évaluation foncière),https://donneesouvertes.affmunqc.net/role/RL58033_2026.xml,,,,
"1182, Jean-vallerand",,Boucherville,,,459,2016,218000,957100,1175100,2025,Logement,MAMH — Données Québec (rôle d'évaluation foncière),https://donneesouvertes.affmunqc.net/role/RL58033_2026.xml,,,,
"1080, De Montbrun",,Boucherville,,,626.2,2019,247500,680600,928100,2025,Logement,MAMH — Données Québec (rôle d'évaluation foncière),https://donneesouvertes.affmunqc.net/role/RL58033_2026.xml,,,,
"1086, De Montbrun",,Boucherville,,,542.1,2019,218900,670200,889100,2025,Logement,MAMH — Données Québec (rôle d'évaluation foncière),https://donneesouvertes.affmunqc.net/role/RL58033_2026.xml,,,,
"1090, De Montbrun",,Boucherville,,,845.2,1864,247900,141800,389700,2025,Logement,MAMH — Données Québec (rôle d'évaluation foncière),https://donneesouvertes.affmunqc.net/role/RL58033_2026.xml,,,,
"675, Châtaigniers",,Boucherville,,,2893,,767500,,767500,2025,Terrain vacant,MAMH — Données Québec (rôle d'évaluation foncière),https://donneesouvertes.affmunqc.net/role/RL58033_2026.xml,,,,
"674, Normandie",,Boucherville,,,5137.1,2004,1000900,1012100,2013000,2025,Logement,MAMH — Données Québec (rôle d'évaluation foncière),https://donneesouvertes.affmunqc.net/role/RL58033_2026.xml,,,,
"680, Normandie",,Boucherville,,,3769.8,2004,898300,502200,1400500,2025,Logement,MAMH — Données Québec (rôle d'évaluation foncière),https://donneesouvertes.affmunqc.net/role/RL58033_2026.xml,,,,
"677, Normandie",,Boucherville,,,4039.6,2003,918600,542200,1460800,2025,Logement,MAMH — Données Québec (rôle d'évaluation foncière),https://donneesouvertes.affmunqc.net/role/RL58033_2026.xml,,,,
"681, Normandie",,Boucherville,,,3811.4,2004,901500,867500,1769000,2025,Logement,MAMH — Données Québec (rôle d'évaluation foncière),https://donneesouvertes.affmunqc.net/role/RL58033_2026.xml,,,,
"683, Normandie",,Boucherville,,,3746.8,2003,896600,583700,1480300,2025,Logement,MAMH — Données Québec (rôle d'évaluation foncière),https://donneesouvertes.affmunqc.net/role/RL58033_2026.xml,,,,
"742, Bois-francs",,Boucherville,,,3723.7,2003,894900,1307300,2202200,2025,Logement,MAMH — Données Québec (rôle d'évaluation foncière),https://donneesouvertes.affmunqc.net/role/RL58033_2026.xml,,,,
"748, Bois-francs",,Boucherville,,,3678,2003,891500,570900,1462400,2025,Logement,MAMH — Données Québec (rôle d'évaluation foncière),https://donneesouvertes.affmunqc.net/role/RL58033_2026.xml,,,,
"685, Normandie",,Boucherville,,,3667,2005,890600,632200,1522800,2025,Logement,MAMH — Données Québec (rôle d'évaluation foncière),https://donneesouvertes.affmunqc.net/role/RL58033_2026.xml,,,,
"754, Bois-francs",,Boucherville,,,3773,2003,898600,501000,1399600,2025,Logement,MAMH — Données Québec (rôle d'évaluation foncière),https://donneesouvertes.affmunqc.net/role/RL58033_2026.xml,,,,
"780, Bois-francs",,Boucherville,,,4172.2,2008,928500,1414300,2342800,2025,Logement,MAMH — Données Québec (rôle d'évaluation foncière),https://donneesouvertes.affmunqc.net/role/RL58033_2026.xml,,,,
"1152, Jean-vallerand",,Boucherville,,,787.2,2014,329400,1152000,1481400,2025,Logement,MAMH — Données Québec (rôle d'évaluation foncière),https://donneesouvertes.affmunqc.net/role/RL58033_2026.xml,,,,
"761, Bois-francs",,Boucherville,,,2595.2,2004,717800,467900,1185700,2025,Logement,MAMH — Données Québec (rôle d'évaluation foncière),https://donneesouvertes.affmunqc.net/role/RL58033_2026.xml,,,,
"767, Bois-francs",,Boucherville,,,2604.1,2002,719300,579700,1299000,2025,Logement,MAMH — Données Québec (rôle d'évaluation foncière),https://donneesouvertes.affmunqc.net/role/RL58033_2026.xml,,,,
"773, Bois-francs",,Boucherville,,,4387.1,2005,944600,677500,1622100,2025,Logement,MAMH — Données Québec (rôle d'évaluation foncière),https://donneesouvertes.affmunqc.net/role/RL58033_2026.xml,,,,
"1154, Jean-vallerand",,Boucherville,,,876.1,2015,350400,1227500,1577900,2025,Logement,MAMH — Données Québec (rôle d'évaluation foncière),https://donneesouvertes.affmunqc.net/role/RL58033_2026.xml,,,,
"1156, Jean-vallerand",,Boucherville,,,550.8,2018,255100,1139300,1394400,2025,Logement,MAMH — Données Québec (rôle d'évaluation foncière),https://donneesouvertes.affmunqc.net/role/RL58033_2026.xml,,,,
"1158, Jean-vallerand",,Boucherville,,,550.8,2016,248500,908500,1157000,2025,Logement,MAMH — Données Québec (rôle d'évaluation foncière),https://donneesouvertes.affmunqc.net/role/RL58033_2026.xml,,,,
"1160, Jean-vallerand",,Boucherville,,,550.8,2017,248500,1178600,1427100,2025,Logement,MAMH — Données Québec (rôle d'évaluation foncière),https://donneesouvertes.affmunqc.net/role/RL58033_2026.xml,,,,
"1162, Jean-vallerand",,Boucherville,,,550.8,2016,248500,889100,1137600,2025,Logement,MAMH — Données Québec (rôle d'évaluation foncière),https://donneesouvertes.affmunqc.net/role/RL58033_2026.xml,,,,
"1164, Jean-vallerand",,Boucherville,,,527.9,2015,238200,938800,1177000,2025,Logement,MAMH — Données Québec (rôle d'évaluation foncière),https://donneesouvertes.affmunqc.net/role/RL58033_2026.xml,,,,
"1130, De Montbrun",,Boucherville,,,6296.5,2010,1260700,4186100,5446800,2025,Industrie,MAMH — Données Québec (rôle d'évaluation foncière),https://donneesouvertes.affmunqc.net/role/RL58033_2026.xml,,,,
"1172, Jean-vallerand",,Boucherville,,,530,2016,239200,943100,1182300,2025,Logement,MAMH — Données Québec (rôle d'évaluation foncière),https://donneesouvertes.affmunqc.net/role/RL58033_2026.xml,,,,
"1100, De Montbrun",,Boucherville,,,905.8,1959,303900,149000,452900,2025,Industrie,MAMH — Données Québec (rôle d'évaluation foncière),https://donneesouvertes.affmunqc.net/role/RL58033_2026.xml,,,,
"1166, Jean-vallerand",,Boucherville,,,527.9,2016,238200,860600,1098800,2025,Logement,MAMH — Données Québec (rôle d'évaluation foncière),https://donneesouvertes.affmunqc.net/role/RL58033_2026.xml,,,,
"1170, Jean-vallerand",,Boucherville,,,784.2,2016,312200,990400,1302600,2025,Logement,MAMH — Données Québec (rôle d'évaluation foncière),https://donneesouvertes.affmunqc.net/role/RL58033_2026.xml,,,,
"1168, Jean-vallerand",,Boucherville,,,602,2019,271200,1256800,1528000,2025,Logement,MAMH — Données Québec (rôle d'évaluation foncière),https://donneesouvertes.affmunqc.net/role/RL58033_2026.xml,,,,
"1110, De Montbrun",,Boucherville,,,607.4,,243700,,243700,2025,Terrain vacant,MAMH — Données Québec (rôle d'évaluation foncière),https://donneesouvertes.affmunqc.net/role/RL58033_2026.xml,,,,
"1114, De Montbrun",,Boucherville,,,745.8,2013,271600,703000,974600,2025,Logement,MAMH — Données Québec (rôle d'évaluation foncière),https://donneesouvertes.affmunqc.net/role/RL58033_2026.xml,,,,
"1120, De Montbrun",,Boucherville,,,1523.2,1864,322700,143900,466600,2025,Logement,MAMH — Données Québec (rôle d'évaluation foncière),https://donneesouvertes.affmunqc.net/role/RL58033_2026.xml,,,,
"1089, De Montbrun",,Boucherville,,,2512.2,1940,197200,241300,438500,2025,Logement,MAMH — Données Québec (rôle d'évaluation foncière),https://donneesouvertes.affmunqc.net/role/RL58033_2026.xml,,,,
"861, Anjou",,Boucherville,,,1139.6,1874,136800,325600,462400,2025,Logement,MAMH — Données Québec (rôle d'évaluation foncière),https://donneesouvertes.affmunqc.net/role/RL58033_2026.xml,,,,
"871, Anjou",,Boucherville,,,2651.5,2006,199600,737300,936900,2025,Logement,MAMH — Données Québec (rôle d'évaluation foncière),https://donneesouvertes.affmunqc.net/role/RL58033_2026.xml,,,,
"677, Châtaigniers",,Boucherville,,,2912.9,,770900,,770900,2025,Terrain vacant,MAMH — Données Québec (rôle d'évaluation foncière),https://donneesouvertes.affmunqc.net/role/RL58033_2026.xml,,,,
"683, Châtaigniers",,Boucherville,,,4058.3,2007,920000,2076000,2996000,2025,Logement,MAMH — Données Québec (rôle d'évaluation foncière),https://donneesouvertes.affmunqc.net/role/RL58033_2026.xml,,,,
"685, Châtaigniers",,Boucherville,,,3824.4,2004,902400,738600,1641000,2025,Logement,MAMH — Données Québec (rôle d'évaluation foncière),https://donneesouvertes.affmunqc.net/role/RL58033_2026.xml,,,,
"682, Normandie",,Boucherville,,,3501.1,2003,869100,820700,1689800,2025,Logement,MAMH — Données Québec (rôle d'évaluation foncière),https://donneesouvertes.affmunqc.net/role/RL58033_2026.xml,,,,
"684, Normandie",,Boucherville,,,3517.5,2006,871800,504000,1375800,2025,Logement,MAMH — Données Québec (rôle d'évaluation foncière),https://donneesouvertes.affmunqc.net/role/RL58033_2026.xml,,,,
"686, Normandie",,Boucherville,,,3502.7,2002,869400,445500,1314900,2025,Logement,MAMH — Données Québec (rôle d'évaluation foncière),https://donneesouvertes.affmunqc.net/role/RL58033_2026.xml,,,,
"690, Normandie",,Boucherville,,,3523.2,2003,872800,894200,1767000,2025,Logement,MAMH — Données Québec (rôle d'évaluation foncière),https://donneesouvertes.affmunqc.net/role/RL58033_2026.xml,,,,
"687, Normandie",,Boucherville,,,3783.3,2003,899300,773100,1672400,2025,Logement,MAMH — Données Québec (rôle d'évaluation foncière),https://donneesouvertes.affmunqc.net/role/RL58033_2026.xml,,,,
"802, Bois-francs",,Boucherville,,,4199.5,2003,930600,951700,1882300,2025,Logement,MAMH — Données Québec (rôle d'évaluation foncière),https://donneesouvertes.affmunqc.net/role/RL58033_2026.xml,,,,
"790, Bois-francs",,Boucherville,,,3900.5,2002,908100,584200,1492300,2025,Logement,MAMH — Données Québec (rôle d'évaluation foncière),https://donneesouvertes.affmunqc.net/role/RL58033_2026.xml,,,,
"796, Bois-francs",,Boucherville,,,3985.4,2002,914500,730700,1645200,2025,Logement,MAMH — Données Québec (rôle d'évaluation foncière),https://donneesouvertes.affmunqc.net/role/RL58033_2026.xml,,,,
"785, Bois-francs",,Boucherville,,,6502.9,2005,1048200,527900,1576100,2025,Logement,MAMH — Données Québec (rôle d'évaluation foncière),https://donneesouvertes.affmunqc.net/role/RL58033_2026.xml,,,,
"779, Bois-francs",,Boucherville,,,8295.4,2003,1237800,1082000,2319800,2025,Logement,MAMH — Données Québec (rôle d'évaluation foncière),https://donneesouvertes.affmunqc.net/role/RL58033_2026.xml,,,,
"686, Châtaigniers",,Boucherville,,,5149.9,2004,1001800,685200,1687000,2025,Logement,MAMH — Données Québec (rôle d'évaluation foncière),https://donneesouvertes.affmunqc.net/role/RL58033_2026.xml,,,,
"687, Châtaigniers",,Boucherville,,,3779.8,2004,899100,1167200,2066300,2025,Logement,MAMH — Données Québec (rôle d'évaluation foncière),https://donneesouvertes.affmunqc.net/role/RL58033_2026.xml,,,,
"689, Châtaigniers",,Boucherville,,,3611,2004,886400,1225300,2111700,2025,Logement,MAMH — Données Québec (rôle d'évaluation foncière),https://donneesouvertes.affmunqc.net/role/RL58033_2026.xml,,,,
"693, Châtaigniers",,Boucherville,,,3483,2007,866100,1803400,2669500,2025,Logement,MAMH — Données Québec (rôle d'évaluation foncière),https://donneesouvertes.affmunqc.net/role/RL58033_2026.xml,,,,
"692, Normandie",,Boucherville,,,4050,2004,919400,901500,1820900,2025,Logement,MAMH — Données Québec (rôle d'évaluation foncière),https://donneesouvertes.affmunqc.net/role/RL58033_2026.xml,,,,
"695, Châtaigniers",,Boucherville,,,4056.7,2017,919900,2754100,3674000,2025,Logement,MAMH — Données Québec (rôle d'évaluation foncière),https://donneesouvertes.affmunqc.net/role/RL58033_2026.xml,,,,
"694, Normandie",,Boucherville,,,3600,2003,885600,935900,1821500,2025,Logement,MAMH — Données Québec (rôle d'évaluation foncière),https://donneesouvertes.affmunqc.net/role/RL58033_2026.xml,,,,
"696, Normandie",,Boucherville,,,3600,2003,885600,836100,1721700,2025,Logement,MAMH — Données Québec (rôle d'évaluation foncière),https://donneesouvertes.affmunqc.net/role/RL58033_2026.xml,,,,
"797, Bois-francs",,Boucherville,,,4005.8,2002,870200,981700,1851900,2025,Logement,MAMH — Données Québec (rôle d'évaluation foncière),https://donneesouvertes.affmunqc.net/role/RL58033_2026.xml,,,,
"803, Bois-francs",,Boucherville,,,4795.7,2003,877800,1118600,1996400,2025,Logement,MAMH — Données Québec (rôle d'évaluation foncière),https://donneesouvertes.affmunqc.net/role/RL58033_2026.xml,,,,
"791, Bois-francs",,Boucherville,,,4003.8,2003,870100,408000,1278100,2025,Logement,MAMH — Données Québec (rôle d'évaluation foncière),https://donneesouvertes.affmunqc.net/role/RL58033_2026.xml,,,,
"880, Anjou",,Boucherville,,,2162.6,1972,191300,391200,582500,2025,Logement,MAMH — Données Québec (rôle d'évaluation foncière),https://donneesouvertes.affmunqc.net/role/RL58033_2026.xml,,,,
"890, Anjou",,Boucherville,,,964.3,1992,115700,540600,656300,2025,Logement,MAMH — Données Québec (rôle d'évaluation foncière),https://donneesouvertes.affmunqc.net/role/RL58033_2026.xml,,,,
"690, Châtaigniers",,Boucherville,,,4569.3,2005,958300,1780600,2738900,2025,Logement,MAMH — Données Québec (rôle d'évaluation foncière),https://donneesouvertes.affmunqc.net/role/RL58033_2026.xml,,,,
"692, Châtaigniers",,Boucherville,,,5616.7,2008,1036900,2623800,3660700,2025,Logement,MAMH — Données Québec (rôle d'évaluation foncière),https://donneesouvertes.affmunqc.net/role/RL58033_2026.xml,,,,
"702, Châtaigniers",,Boucherville,,,4161.8,2004,927700,1352900,2280600,2025,Logement,MAMH — Données Québec (rôle d'évaluation foncière),https://donneesouvertes.affmunqc.net/role/RL58033_2026.xml,,,,
"704, Châtaigniers",,Boucherville,,,3853.3,2007,904600,639000,1543600,2025,Logement,MAMH — Données Québec (rôle d'évaluation foncière),https://donneesouvertes.affmunqc.net/role/RL58033_2026.xml,,,,
"697, Châtaigniers",,Boucherville,,,6639.8,2013,1113600,2563700,3677300,2025,Logement,MAMH — Données Québec (rôle d'évaluation foncière),https://donneesouvertes.affmunqc.net/role/RL58033_2026.xml,,,,
"700, Normandie",,Boucherville,,,3600,2002,885600,785000,1670600,2025,Logement,MAMH — Données Québec (rôle d'évaluation foncière),https://donneesouvertes.affmunqc.net/role/RL58033_2026.xml,,,,
"702, Normandie",,Boucherville,,,4121.2,2003,878500,1369200,2247700,2025,Logement,MAMH — Données Québec (rôle d'évaluation foncière),https://donneesouvertes.affmunqc.net/role/RL58033_2026.xml,,,,
"699, Châtaigniers",,Boucherville,,,9761.2,2004,1347700,2225400,3573100,2025,Logement,MAMH — Données Québec (rôle d'évaluation foncière),https://donneesouvertes.affmunqc.net/role/RL58033_2026.xml,,,,
"950, Anjou",,Boucherville,,,1951,,93800,,93800,2025,Terrain vacant,MAMH — Données Québec (rôle d'évaluation foncière),https://donneesouvertes.affmunqc.net/role/RL58033_2026.xml,,,,
"781, Wilfrid-pelletier",,Boucherville,,,1337.2,2013,465400,1117500,1582900,2025,Logement,MAMH — Données Québec (rôle d'évaluation foncière),https://donneesouvertes.affmunqc.net/role/RL58033_2026.xml,,,,
"931, Lustucru",,Boucherville,,,3424.8,1914,212700,471200,683900,2025,Logement,MAMH — Données Québec (rôle d'évaluation foncière),https://donneesouvertes.affmunqc.net/role/RL58033_2026.xml,,,,
"751, Paul-doyon",,Boucherville,,,142425.7,,7121300,,7121300,2025,Institutionnel,MAMH — Données Québec (rôle d'évaluation foncière),https://donneesouvertes.affmunqc.net/role/RL58033_2026.xml,,,,
"1081, De Montbrun",,Boucherville,,,50678.3,,326300,100,326400,2025,Terrain vacant,MAMH — Données Québec (rôle d'évaluation foncière),https://donneesouvertes.affmunqc.net/role/RL58033_2026.xml,,,,
"881, Anjou",,Boucherville,,,63184.5,2013,421100,1271000,1692100,2025,Logement,MAMH — Données Québec (rôle d'évaluation foncière),https://donneesouvertes.affmunqc.net/role/RL58033_2026.xml,,,,
"1100, Anjou",,Boucherville,,,111044.9,,406500,,406500,2025,Agricole,MAMH — Données Québec (rôle d'évaluation foncière),https://donneesouvertes.affmunqc.net/role/RL58033_2026.xml,,,,
"1110, Lustucru",,Boucherville,,,1100232.5,,4434100,,4434100,2025,Agricole,MAMH — Données Québec (rôle d'évaluation foncière),https://donneesouvertes.affmunqc.net/role/RL58033_2026.xml,,,,
"1001, Lustucru",,Boucherville,,,3417.6,1700,212600,452500,665100,2025,Logement,MAMH — Données Québec (rôle d'évaluation foncière),https://donneesouvertes.affmunqc.net/role/RL58033_2026.xml,,,,
"1029, Lustucru",,Boucherville,,,2675.5,,40100,23700,63800,2025,Logement,MAMH — Données Québec (rôle d'évaluation foncière),https://donneesouvertes.affmunqc.net/role/RL58033_2026.xml,,,,
"1031, Lustucru",,Boucherville,,,3617.7,1764,216000,401600,617600,2025,Logement,MAMH — Données Québec (rôle d'évaluation foncière),https://donneesouvertes.affmunqc.net/role/RL58033_2026.xml,,,,
"1041, Lustucru",,Boucherville,,,4037.3,1982,200800,575200,776000,2025,Logement,MAMH — Données Québec (rôle d'évaluation foncière),https://donneesouvertes.affmunqc.net/role/RL58033_2026.xml,,,,
"1080, Lustucru",,Boucherville,,,3733.8,1970,218000,433000,651000,2025,Logement,MAMH — Données Québec (rôle d'évaluation foncière),https://donneesouvertes.affmunqc.net/role/RL58033_2026.xml,,,,
"1141, Lustucru",,Boucherville,,,1616.4,1920,182000,286500,468500,2025,Logement,MAMH — Données Québec (rôle d'évaluation foncière),https://donneesouvertes.affmunqc.net/role/RL58033_2026.xml,,,,
"1201, Lustucru",,Boucherville,,,4000,1714,222500,470500,693000,2025,Logement,MAMH — Données Québec (rôle d'évaluation foncière),https://donneesouvertes.affmunqc.net/role/RL58033_2026.xml,,,,
"1360, Général-vanier",,Boucherville,,,885386.3,,3713200,26500,3739700,2025,Agricole,MAMH — Données Québec (rôle d'évaluation foncière),https://donneesouvertes.affmunqc.net/role/RL58033_2026.xml,,,,
"1450, Général-vanier",,Boucherville,,,3419.1,1959,202000,449700,651700,2025,Logement,MAMH — Données Québec (rôle d'évaluation foncière),https://donneesouvertes.affmunqc.net/role/RL58033_2026.xml,,,,
"1390, Général-vanier",,Boucherville,,,767894.8,,3343700,10500,3354200,2025,Agricole,MAMH — Données Québec (rôle d'évaluation foncière),https://donneesouvertes.affmunqc.net/role/RL58033_2026.xml,,,,
"1300, Marie-victorin",,Boucherville,,,3614.6,1999,,3379100,3379100,2025,Immeuble commercial,MAMH — Données Québec (rôle d'évaluation foncière),https://donneesouvertes.affmunqc.net/role/RL58033_2026.xml,,,,
"1500, Anjou",,Boucherville,,,314300,,1344500,,1344500,2025,Agricole,MAMH — Données Québec (rôle d'évaluation foncière),https://donneesouvertes.affmunqc.net/role/RL58033_2026.xml,,,,
"218, Bretagne",,Boucherville,,,11509.8,1981,689800,520300,1210100,2025,Immeuble commercial,MAMH — Données Québec (rôle d'évaluation foncière),https://donneesouvertes.affmunqc.net/role/RL58033_2026.xml,,,,
"230, Bretagne",,Boucherville,,,279539.1,,1320800,459200,1780000,2025,Agricole,MAMH — Données Québec (rôle d'évaluation foncière),https://donneesouvertes.affmunqc.net/role/RL58033_2026.xml,,,,
"221, Bretagne",,Boucherville,,,29932.2,1963,314300,779000,1093300,2025,Immeuble à bureaux,MAMH — Données Québec (rôle d'évaluation foncière),https://donneesouvertes.affmunqc.net/role/RL58033_2026.xml,,,,
"219, Bretagne",,Boucherville,,,2971.6,1967,205000,380700,585700,2025,Logement,MAMH — Données Québec (rôle d'évaluation foncière),https://donneesouvertes.affmunqc.net/role/RL58033_2026.xml,,,,
"291, Bretagne",,Boucherville,,,6497.6,1864,244000,459600,703600,2025,Logement,MAMH — Données Québec (rôle d'évaluation foncière),https://donneesouvertes.affmunqc.net/role/RL58033_2026.xml,,,,
"301, Bretagne",,Boucherville,,,1918.5,,74800,,74800,2025,Terrain vacant,MAMH — Données Québec (rôle d'évaluation foncière),https://donneesouvertes.affmunqc.net/role/RL58033_2026.xml,,,,
"331, Bretagne",,Boucherville,,,13547.2,,58700,,58700,2025,Agricole,MAMH — Données Québec (rôle d'évaluation foncière),https://donneesouvertes.affmunqc.net/role/RL58033_2026.xml,,,,
"361, Bretagne",,Boucherville,,,723626.7,,3050400,,3050400,2025,Agricole,MAMH — Données Québec (rôle d'évaluation foncière),https://donneesouvertes.affmunqc.net/role/RL58033_2026.xml,,,,
"255, J.-a.-bombardier",,Boucherville,,,38290.5,,4176300,,4176300,2025,Terrain vacant,MAMH — Données Québec (rôle d'évaluation foncière),https://donneesouvertes.affmunqc.net/role/RL58033_2026.xml,,,,
"300, J.-a.-bombardier",,Boucherville,,,11619.3,,1742900,2060700,3803600,2025,,MAMH — Données Québec (rôle d'évaluation foncière),https://donneesouvertes.affmunqc.net/role/RL58033_2026.xml,,,,
"1570, De Montarville",,Boucherville,,,13361.3,,1316400,2243300,3559700,2025,Immeuble commercial,MAMH — Données Québec (rôle d'évaluation foncière),https://donneesouvertes.affmunqc.net/role/RL58033_2026.xml,,,,
"1550, De Montarville",,Boucherville,,,8926.6,2018,2347100,6776900,9124000,2025,Immeuble à bureaux,MAMH — Données Québec (rôle d'évaluation foncière),https://donneesouvertes.affmunqc.net/role/RL58033_2026.xml,,,,
"1560, De Montarville",,Boucherville,,,2458,2012,676000,780900,1456900,2025,Immeuble à bureaux,MAMH — Données Québec (rôle d'évaluation foncière),https://donneesouvertes.affmunqc.net/role/RL58033_2026.xml,,,,
"1580, De Montarville",,Boucherville,,,10655.9,2008,1328300,3621800,4950100,2025,Industrie,MAMH — Données Québec (rôle d'évaluation foncière),https://donneesouvertes.affmunqc.net/role/RL58033_2026.xml,,,,
"1555, De Montarville",,Boucherville,,,7051.1,2004,1934500,2499500,4434000,2025,Immeuble à bureaux,MAMH — Données Québec (rôle d'évaluation foncière),https://donneesouvertes.affmunqc.net/role/RL58033_2026.xml,,,,
"1620, De Montarville",,Boucherville,,,133093.2,2002,8736000,42481600,51217600,2025,Industrie,MAMH — Données Québec (rôle d'évaluation foncière),https://donneesouvertes.affmunqc.net/role/RL58033_2026.xml,,,,
"1561, De Montarville",,Boucherville,,,1789.9,,246100,,246100,2025,Terrain vacant,MAMH — Données Québec (rôle d'évaluation foncière),https://donneesouvertes.affmunqc.net/role/RL58033_2026.xml,,,,
"1560, Eiffel",,Boucherville,,,6206.6,2007,1706800,1827800,3534600,2025,Industrie,MAMH — Données Québec (rôle d'évaluation foncière),https://donneesouvertes.affmunqc.net/role/RL58033_2026.xml,,,,
"584, Touraine",,Boucherville,,,40466.1,,8674100,22813800,31487900,2025,Immeuble à bureaux,MAMH — Données Québec (rôle d'évaluation foncière),https://donneesouvertes.affmunqc.net/role/RL58033_2026.xml,,,,
"1603, De Montarville",,Boucherville,,,37093.7,1976,4092600,7144200,11236800,2025,,MAMH — Données Québec (rôle d'évaluation foncière),https://donneesouvertes.affmunqc.net/role/RL58033_2026.xml,,,,
"1601, De Montarville",,Boucherville,,,39229.5,1974,2459800,2546200,5006000,2025,Institutionnel,MAMH — Données Québec (rôle d'évaluation foncière),https://donneesouvertes.affmunqc.net/role/RL58033_2026.xml,,,,
"1675, De Montarville",,Boucherville,,,27880.2,1990,3447600,7903800,11351400,2025,Immeuble à bureaux,MAMH — Données Québec (rôle d'évaluation foncière),https://donneesouvertes.affmunqc.net/role/RL58033_2026.xml,,,,
"1580, Eiffel",,Boucherville,,,59324.6,,5011400,13631500,18642900,2025,Industrie,MAMH — Données Québec (rôle d'évaluation foncière),https://donneesouvertes.affmunqc.net/role/RL58033_2026.xml,,,,
"1600, Eiffel",,Boucherville,,,25868.1,1975,3005900,5658700,8664600,2025,Immeuble à bureaux,MAMH — Données Québec (rôle d'évaluation foncière),https://donneesouvertes.affmunqc.net/role/RL58033_2026.xml,,,,
"550, Louis-pasteur",,Boucherville,,,63287.7,1996,5524900,46056600,51581500,2025,Industrie,MAMH — Données Québec (rôle d'évaluation foncière),https://donneesouvertes.affmunqc.net/role/RL58033_2026.xml,,,,
"1610, Eiffel",,Boucherville,,,24995.5,1989,3245700,7421200,10666900,2025,,MAMH — Données Québec (rôle d'évaluation foncière),https://donneesouvertes.affmunqc.net/role/RL58033_2026.xml,,,,
"590, Touraine",,Boucherville,,,11090,,100,,100,2025,Immeuble commercial,MAMH — Données Québec (rôle d'évaluation foncière),https://donneesouvertes.affmunqc.net/role/RL58033_2026.xml,,,,
"600, Louis-pasteur",,Boucherville,,,38685.5,1991,4204000,3901200,8105200,2025,Industrie,MAMH — Données Québec (rôle d'évaluation foncière),https://donneesouvertes.affmunqc.net/role/RL58033_2026.xml,,,,
"1616, Eiffel",,Boucherville,,,59570.5,1989,5353900,12756200,18110100,2025,Immeuble à bureaux,MAMH — Données Québec (rôle d'évaluation foncière),https://donneesouvertes.affmunqc.net/role/RL58033_2026.xml,,,,
"1630, Eiffel",,Boucherville,,,16754.8,2006,2513200,5763300,8276500,2025,Industrie,MAMH — Données Québec (rôle d'évaluation foncière),https://donneesouvertes.affmunqc.net/role/RL58033_2026.xml,,,,
"585, Touraine",,Boucherville,,,21233.6,,5054600,3295200,8349800,2025,Immeuble à bureaux,MAMH — Données Québec (rôle d'évaluation foncière),https://donneesouvertes.affmunqc.net/role/RL58033_2026.xml,,,,
"1350, Lavoisier",,Boucherville,,,17266.6,,912400,,912400,2025,Terrain vacant,MAMH — Données Québec (rôle d'évaluation foncière),https://donneesouvertes.affmunqc.net/role/RL58033_2026.xml,,,,
"615, Touraine",,Boucherville,,,3880.5,2010,1067100,2603800,3670900,2025,Immeuble à bureaux,MAMH — Données Québec (rôle d'évaluation foncière),https://donneesouvertes.affmunqc.net/role/RL58033_2026.xml,,,,
"635, Touraine",,Boucherville,,,59440.5,2005,12070600,9072900,21143500,2025,Immeuble à bureaux,MAMH — Données Québec (rôle d'évaluation foncière),https://donneesouvertes.affmunqc.net/role/RL58033_2026.xml,,,,
"635, Sureaux",,Boucherville,,,370.8,2014,176100,618700,794800,2025,Logement,MAMH — Données Québec (rôle d'évaluation foncière),https://donneesouvertes.affmunqc.net/role/RL58033_2026.xml,,,,
"582, Touraine",,Boucherville,,,133279.4,,29704700,63364700,93069400,2025,Immeuble à bureaux,MAMH — Données Québec (rôle d'évaluation foncière),https://donneesouvertes.affmunqc.net/role/RL58033_2026.xml,,,,
"646, Sureaux",,Boucherville,,,193.43,2014,91900,330300,422200,2025,Logement,MAMH — Données Québec (rôle d'évaluation foncière),https://donneesouvertes.affmunqc.net/role/RL58033_2026.xml,,,,
"648, Sureaux",,Boucherville,,,193.43,2014,91900,361100,453000,2025,Logement,MAMH — Données Québec (rôle d'évaluation foncière),https://donneesouvertes.affmunqc.net/role/RL58033_2026.xml,,,,
"640, Sureaux",,Boucherville,,,196.28,2011,93200,315200,408400,2025,Logement,MAMH — Données Québec (rôle d'évaluation foncière),https://donneesouvertes.affmunqc.net/role/RL58033_2026.xml,,,,
"644, Sureaux",,Boucherville,,,196.2,2011,93200,313500,406700,2025,Logement,MAMH — Données Québec (rôle d'évaluation foncière),https://donneesouvertes.affmunqc.net/role/RL58033_2026.xml,,,,
"634, Sureaux",,Boucherville,,,196.2,2011,93200,316500,409700,2025,Logement,MAMH — Données Québec (rôle d'évaluation foncière),https://donneesouvertes.affmunqc.net/role/RL58033_2026.xml,,,,
"638, Sureaux",,Boucherville,,,196.2,2011,93200,313700,406900,2025,Logement,MAMH — Données Québec (rôle d'évaluation foncière),https://donneesouvertes.affmunqc.net/role/RL58033_2026.xml,,,,
"630, Sureaux",,Boucherville,,,196.2,2011,93200,320300,413500,2025,Logement,MAMH — Données Québec (rôle d'évaluation foncière),https://donneesouvertes.affmunqc.net/role/RL58033_2026.xml,,,,
"632, Sureaux",,Boucherville,,,196.2,2011,93200,318900,412100,2025,Logement,MAMH — Données Québec (rôle d'évaluation foncière),https://donneesouvertes.affmunqc.net/role/RL58033_2026.xml,,,,
"586, Touraine",,Boucherville,,,101327.7,2003,18140300,33033100,51173400,2025,Immeuble à bureaux,MAMH — Données Québec (rôle d'évaluation foncière),https://donneesouvertes.affmunqc.net/role/RL58033_2026.xml,,,,
"681, Touraine",,Boucherville,,,6484.8,,216100,,216100,2025,Terrain vacant,MAMH — Données Québec (rôle d'évaluation foncière),https://donneesouvertes.affmunqc.net/role/RL58033_2026.xml,,,,
"696, Sureaux",,Boucherville,,,202.58,2016,96200,343400,439600,2025,Logement,MAMH — Données Québec (rôle d'évaluation foncière),https://donneesouvertes.affmunqc.net/role/RL58033_2026.xml,,,,
"698, Sureaux",,Boucherville,,,204.28,2009,97000,316900,413900,2025,Logement,MAMH — Données Québec (rôle d'évaluation foncière),https://donneesouvertes.affmunqc.net/role/RL58033_2026.xml,,,,
"692, Sureaux",,Boucherville,,,204.28,2009,97000,314800,411800,2025,Logement,MAMH — Données Québec (rôle d'évaluation foncière),https://donneesouvertes.affmunqc.net/role/RL58033_2026.xml,,,,
"694, Sureaux",,Boucherville,,,204.28,2008,97000,344800,441800,2025,Logement,MAMH — Données Québec (rôle d'évaluation foncière),https://donneesouvertes.affmunqc.net/role/RL58033_2026.xml,,,,
"684, Sureaux",,Boucherville,,,196.23,2009,93200,306600,399800,2025,Logement,MAMH — Données Québec (rôle d'évaluation foncière),https://donneesouvertes.affmunqc.net/role/RL58033_2026.xml,,,,
"686, Sureaux",,Boucherville,,,196.23,2009,93200,320700,413900,2025,Logement,MAMH — Données Québec (rôle d'évaluation foncière),https://donneesouvertes.affmunqc.net/role/RL58033_2026.xml,,,,
"680, Sureaux",,Boucherville,,,204.28,2009,97000,313100,410100,2025,Logement,MAMH — Données Québec (rôle d'évaluation foncière),https://donneesouvertes.affmunqc.net/role/RL58033_2026.xml,,,,
"682, Sureaux",,Boucherville,,,204.28,2009,97000,297800,394800,2025,Logement,MAMH — Données Québec (rôle d'évaluation foncière),https://donneesouvertes.affmunqc.net/role/RL58033_2026.xml,,,,
"674, Sureaux",,Boucherville,,,196.23,2010,93200,313300,406500,2025,Logement,MAMH — Données Québec (rôle d'évaluation foncière),https://donneesouvertes.affmunqc.net/role/RL58033_2026.xml,,,,
"676, Sureaux",,Boucherville,,,196.23,2010,93200,306600,399800,2025,Logement,MAMH — Données Québec (rôle d'évaluation foncière),https://donneesouvertes.affmunqc.net/role/RL58033_2026.xml,,,,
"670, Sureaux",,Boucherville,,,196.23,2010,93200,320400,413600,2025,Logement,MAMH — Données Québec (rôle d'évaluation foncière),https://donneesouvertes.affmunqc.net/role/RL58033_2026.xml,,,,
"672, Sureaux",,Boucherville,,,196.23,2010,93200,336500,429700,2025,Logement,MAMH — Données Québec (rôle d'évaluation foncière),https://donneesouvertes.affmunqc.net/role/RL58033_2026.xml,,,,
"688, Sureaux",,Boucherville,,,255.78,2009,121500,331900,453400,2025,Logement,MAMH — Données Québec (rôle d'évaluation foncière),https://donneesouvertes.affmunqc.net/role/RL58033_2026.xml,,,,
"690, Sureaux",,Boucherville,,,255.78,2009,121500,338900,460400,2025,Logement,MAMH — Données Québec (rôle d'évaluation foncière),https://donneesouvertes.affmunqc.net/role/RL58033_2026.xml,,,,
"702, Sureaux",,Boucherville,,,262.9,2009,124900,334900,459800,2025,Logement,MAMH — Données Québec (rôle d'évaluation foncière),https://donneesouvertes.affmunqc.net/role/RL58033_2026.xml,,,,
"700, Sureaux",,Boucherville,,,279.33,2009,132700,363100,495800,2025,Logement,MAMH — Données Québec (rôle d'évaluation foncière),https://donneesouvertes.affmunqc.net/role/RL58033_2026.xml,,,,
"742, Sureaux",,Boucherville,,,279.33,2010,132700,382700,515400,2025,Logement,MAMH — Données Québec (rôle d'évaluation foncière),https://donneesouvertes.affmunqc.net/role/RL58033_2026.xml,,,,
"746, Sureaux",,Boucherville,,,262.9,2009,124900,367200,492100,2025,Logement,MAMH — Données Québec (rôle d'évaluation foncière),https://donneesouvertes.affmunqc.net/role/RL58033_2026.xml,,,,
"752, Sureaux",,Boucherville,,,279.33,2010,132700,381500,514200,2025,Logement,MAMH — Données Québec (rôle d'évaluation foncière),https://donneesouvertes.affmunqc.net/role/RL58033_2026.xml,,,,
"758, Sureaux",,Boucherville,,,262.9,2009,124900,338600,463500,2025,Logement,MAMH — Données Québec (rôle d'évaluation foncière),https://donneesouvertes.affmunqc.net/role/RL58033_2026.xml,,,,
"762, Sureaux",,Boucherville,,,262.9,2009,124900,352800,477700,2025,Logement,MAMH — Données Québec (rôle d'évaluation foncière),https://donneesouvertes.affmunqc.net/role/RL58033_2026.xml,,,,
"770, Sureaux",,Boucherville,,,279.33,2010,132700,368800,501500,2025,Logement,MAMH — Données Québec (rôle d'évaluation foncière),https://donneesouvertes.affmunqc.net/role/RL58033_2026.xml,,,,
"794, Sureaux",,Boucherville,,,255.78,2010,121500,341500,463000,2025,Logement,MAMH — Données Québec (rôle d'évaluation foncière),https://donneesouvertes.affmunqc.net/role/RL58033_2026.xml,,,,
"798, Sureaux",,Boucherville,,,255.78,2010,121500,341900,463400,2025,Logement,MAMH — Données Québec (rôle d'évaluation foncière),https://donneesouvertes.affmunqc.net/role/RL58033_2026.xml,,,,
"790, Sureaux",,Boucherville,,,255.78,2010,121500,354100,475600,2025,Logement,MAMH — Données Québec (rôle d'évaluation foncière),https://donneesouvertes.affmunqc.net/role/RL58033_2026.xml,,,,
"792, Sureaux",,Boucherville,,,255.78,2010,121500,367000,488500,2025,Logement,MAMH — Données Québec (rôle d'évaluation foncière),https://donneesouvertes.affmunqc.net/role/RL58033_2026.xml,,,,
"784, Sureaux",,Boucherville,,,255.78,2009,121500,329100,450600,2025,Logement,MAMH — Données Québec (rôle d'évaluation foncière),https://donneesouvertes.affmunqc.net/role/RL58033_2026.xml,,,,
"788, Sureaux",,Boucherville,,,255.78,2009,121500,339300,460800,2025,Logement,MAMH — Données Québec (rôle d'évaluation foncière),https://donneesouvertes.affmunqc.net/role/RL58033_2026.xml,,,,
"780, Sureaux",,Boucherville,,,255.78,2009,121500,327200,448700,2025,Logement,MAMH — Données Québec (rôle d'évaluation foncière),https://donneesouvertes.affmunqc.net/role/RL58033_2026.xml,,,,
"782, Sureaux",,Boucherville,,,255.78,2008,121500,361400,482900,2025,Logement,MAMH — Données Québec (rôle d'évaluation foncière),https://donneesouvertes.affmunqc.net/role/RL58033_2026.xml,,,,
"768, Sureaux",,Boucherville,,,262.9,2011,124900,343400,468300,2025,Logement,MAMH — Données Québec (rôle d'évaluation foncière),https://donneesouvertes.affmunqc.net/role/RL58033_2026.xml,,,,
"760, Sureaux",,Boucherville,,,279.33,2011,132700,396200,528900,2025,Logement,MAMH — Données Québec (rôle d'évaluation foncière),https://donneesouvertes.affmunqc.net/role/RL58033_2026.xml,,,,
"754, Sureaux",,Boucherville,,,262.9,2010,124900,350900,475800,2025,Logement,MAMH — Données Québec (rôle d'évaluation foncière),https://donneesouvertes.affmunqc.net/role/RL58033_2026.xml,,,,
"750, Sureaux",,Boucherville,,,279.33,2010,132700,384300,517000,2025,Logement,MAMH — Données Québec (rôle d'évaluation foncière),https://donneesouvertes.affmunqc.net/role/RL58033_2026.xml,,,,
"744, Sureaux",,Boucherville,,,262.9,2010,124900,333400,458300,2025,Logement,MAMH — Données Québec (rôle d'évaluation foncière),https://donneesouvertes.affmunqc.net/role/RL58033_2026.xml,,,,
"740, Sureaux",,Boucherville,,,279.33,2010,132700,368800,501500,2025,Logement,MAMH — Données Québec (rôle d'évaluation foncière),https://donneesouvertes.affmunqc.net/role/RL58033_2026.xml,,,,
"772, Sureaux",,Boucherville,,,279.33,2011,132700,391200,523900,2025,Logement,MAMH — Données Québec (rôle d'évaluation foncière),https://donneesouvertes.affmunqc.net/role/RL58033_2026.xml,,,,
"664, Sureaux",,Boucherville,,,196.2,2010,93200,321000,414200,2025,Logement,MAMH — Données Québec (rôle d'évaluation foncière),https://donneesouvertes.affmunqc.net/role/RL58033_2026.xml,,,,
"668, Sureaux",,Boucherville,,,196.2,2010,93200,314400,407600,2025,Logement,MAMH — Données Québec (rôle d'évaluation foncière),https://donneesouvertes.affmunqc.net/role/RL58033_2026.xml,,,,
"660, Sureaux",,Boucherville,,,196.2,2010,93200,307600,400800,2025,Logement,MAMH — Données Québec (rôle d'évaluation foncière),https://donneesouvertes.affmunqc.net/role/RL58033_2026.xml,,,,
"662, Sureaux",,Boucherville,,,196.2,2010,93200,313100,406300,2025,Logement,MAMH — Données Québec (rôle d'évaluation foncière),https://donneesouvertes.affmunqc.net/role/RL58033_2026.xml,,,,
"652, Sureaux",,Boucherville,,,196.2,2011,93200,313300,406500,2025,Logement,MAMH — Données Québec (rôle d'évaluation foncière),https://donneesouvertes.affmunqc.net/role/RL58033_2026.xml,,,,
"654, Sureaux",,Boucherville,,,196.2,2011,93200,331200,424400,2025,Logement,MAMH — Données Québec (rôle d'évaluation foncière),https://donneesouvertes.affmunqc.net/role/RL58033_2026.xml,,,,
"656, Sureaux",,Boucherville,,,196.2,2011,93200,314900,408100,2025,Logement,MAMH — Données Québec (rôle d'évaluation foncière),https://donneesouvertes.affmunqc.net/role/RL58033_2026.xml,,,,
"658, Sureaux",,Boucherville,,,196.2,2011,93200,325700,418900,2025,Logement,MAMH — Données Québec (rôle d'évaluation foncière),https://donneesouvertes.affmunqc.net/role/RL58033_2026.xml,,,,
"826, Sureaux",,Boucherville,,,255.78,2011,121500,349200,470700,2025,Logement,MAMH — Données Québec (rôle d'évaluation foncière),https://donneesouvertes.affmunqc.net/role/RL58033_2026.xml,,,,
"828, Sureaux",,Boucherville,,,255.78,2011,121500,348500,470000,2025,Logement,MAMH — Données Québec (rôle d'évaluation foncière),https://donneesouvertes.affmunqc.net/role/RL58033_2026.xml,,,,
"830, Sureaux",,Boucherville,,,255.78,2011,121500,341700,463200,2025,Logement,MAMH — Données Québec (rôle d'évaluation foncière),https://donneesouvertes.affmunqc.net/role/RL58033_2026.xml,,,,
"832, Sureaux",,Boucherville,,,255.78,2011,121500,361200,482700,2025,Logement,MAMH — Données Québec (rôle d'évaluation foncière),https://donneesouvertes.affmunqc.net/role/RL58033_2026.xml,,,,
"650, Touraine",,Boucherville,,,154706.7,,668100,,668100,2025,Agricole,MAMH — Données Québec (rôle d'évaluation foncière),https://donneesouvertes.affmunqc.net/role/RL58033_2026.xml,,,,
"712, Touraine",,Boucherville,,,583594.9,,2684600,,2684600,2025,Agricole,MAMH — Données Québec (rôle d'évaluation foncière),https://donneesouvertes.affmunqc.net/role/RL58033_2026.xml,,,,
"762, Futaie",,Boucherville,,,442.2,2010,200000,915200,1115200,2025,Logement,MAMH — Données Québec (rôle d'évaluation foncière),https://donneesouvertes.affmunqc.net/role/RL58033_2026.xml,,,,
"682, Églantiers",,Boucherville,,,630.4,2011,244800,927000,1171800,2025,Logement,MAMH — Données Québec (rôle d'évaluation foncière),https://donneesouvertes.affmunqc.net/role/RL58033_2026.xml,,,,
"760, Futaie",,Boucherville,,,435.9,2010,198500,779100,977600,2025,Logement,MAMH — Données Québec (rôle d'évaluation foncière),https://donneesouvertes.affmunqc.net/role/RL58033_2026.xml,,,,
"686, Églantiers",,Boucherville,,,484.1,2010,210000,766200,976200,2025,Logement,MAMH — Données Québec (rôle d'évaluation foncière),https://donneesouvertes.affmunqc.net/role/RL58033_2026.xml,,,,
"758, Futaie",,Boucherville,,,435.9,2010,198500,845900,1044400,2025,Logement,MAMH — Données Québec (rôle d'évaluation foncière),https://donneesouvertes.affmunqc.net/role/RL58033_2026.xml,,,,
"756, Futaie",,Boucherville,,,435.9,2010,198500,823700,1022200,2025,Logement,MAMH — Données Québec (rôle d'évaluation foncière),https://donneesouvertes.affmunqc.net/role/RL58033_2026.xml,,,,
"688, Églantiers",,Boucherville,,,707.9,2010,263300,740400,1003700,2025,Logement,MAMH — Données Québec (rôle d'évaluation foncière),https://donneesouvertes.affmunqc.net/role/RL58033_2026.xml,,,,
"754, Futaie",,Boucherville,,,435.9,2010,198500,606600,805100,2025,Logement,MAMH — Données Québec (rôle d'évaluation foncière),https://donneesouvertes.affmunqc.net/role/RL58033_2026.xml,,,,
"752, Futaie",,Boucherville,,,435.9,2010,198500,616900,815400,2025,Logement,MAMH — Données Québec (rôle d'évaluation foncière),https://donneesouvertes.affmunqc.net/role/RL58033_2026.xml,,,,
"748, Futaie",,Boucherville,,,435.9,2011,198500,655400,853900,2025,Logement,MAMH — Données Québec (rôle d'évaluation foncière),https://donneesouvertes.affmunqc.net/role/RL58033_2026.xml,,,,
"746, Futaie",,Boucherville,,,435.9,2011,198500,647200,845700,2025,Logement,MAMH — Données Québec (rôle d'évaluation foncière),https://donneesouvertes.affmunqc.net/role/RL58033_2026.xml,,,,
"705, Églantiers",,Boucherville,,,610.5,2009,240100,578400,818500,2025,Logement,MAMH — Données Québec (rôle d'évaluation foncière),https://donneesouvertes.affmunqc.net/role/RL58033_2026.xml,,,,
"707, Églantiers",,Boucherville,,,482.8,2009,209700,594900,804600,2025,Logement,MAMH — Données Québec (rôle d'évaluation foncière),https://donneesouvertes.affmunqc.net/role/RL58033_2026.xml,,,,
"738, Noisetiers",,Boucherville,,,617.7,2010,241800,593200,835000,2025,Logement,MAMH — Données Québec (rôle d'évaluation foncière),https://donneesouvertes.affmunqc.net/role/RL58033_2026.xml,,,,
"692, Églantiers",,Boucherville,,,636.4,2009,246300,570900,817200,2025,Logement,MAMH — Données Québec (rôle d'évaluation foncière),https://donneesouvertes.affmunqc.net/role/RL58033_2026.xml,,,,
"740, Noisetiers",,Boucherville,,,477.1,2010,208400,574900,783300,2025,Logement,MAMH — Données Québec (rôle d'évaluation foncière),https://donneesouvertes.affmunqc.net/role/RL58033_2026.xml,,,,
"690, Églantiers",,Boucherville,,,1051.5,2010,345100,698700,1043800,2025,Logement,MAMH — Données Québec (rôle d'évaluation foncière),https://donneesouvertes.affmunqc.net/role/RL58033_2026.xml,,,,
"725, Noisetiers",,Boucherville,,,473.6,2011,207500,656600,864100,2025,Logement,MAMH — Données Québec (rôle d'évaluation foncière),https://donneesouvertes.affmunqc.net/role/RL58033_2026.xml,,,,
"723, Noisetiers",,Boucherville,,,860.5,2010,299600,647800,947400,2025,Logement,MAMH — Données Québec (rôle d'évaluation foncière),https://donneesouvertes.affmunqc.net/role/RL58033_2026.xml,,,,
"721, Noisetiers",,Boucherville,,,891.9,2011,307100,711500,1018600,2025,Logement,MAMH — Données Québec (rôle d'évaluation foncière),https://donneesouvertes.affmunqc.net/role/RL58033_2026.xml,,,,
"744, Futaie",,Boucherville,,,435.9,2011,198500,900100,1098600,2025,Logement,MAMH — Données Québec (rôle d'évaluation foncière),https://donneesouvertes.affmunqc.net/role/RL58033_2026.xml,,,,
"674, Futaie",,Boucherville,,,1164.8,2010,553300,841600,1394900,2025,Logement,MAMH — Données Québec (rôle d'évaluation foncière),https://donneesouvertes.affmunqc.net/role/RL58033_2026.xml,,,,
"734, Noisetiers",,Boucherville,,,997.4,2010,332200,678400,1010600,2025,Logement,MAMH — Données Québec (rôle d'évaluation foncière),https://donneesouvertes.affmunqc.net/role/RL58033_2026.xml,,,,
"732, Noisetiers",,Boucherville,,,664.3,2010,252900,852000,1104900,2025,Logement,MAMH — Données Québec (rôle d'évaluation foncière),https://donneesouvertes.affmunqc.net/role/RL58033_2026.xml,,,,
"676, Futaie",,Boucherville,,,1149.4,2009,546000,802200,1348200,2025,Logement,MAMH — Données Québec (rôle d'évaluation foncière),https://donneesouvertes.affmunqc.net/role/RL58033_2026.xml,,,,
"730, Noisetiers",,Boucherville,,,532.3,2010,221500,600200,821700,2025,Logement,MAMH — Données Québec (rôle d'évaluation foncière),https://donneesouvertes.affmunqc.net/role/RL58033_2026.xml,,,,
"728, Noisetiers",,Boucherville,,,523.4,2011,219400,651200,870600,2025,Logement,MAMH — Données Québec (rôle d'évaluation foncière),https://donneesouvertes.affmunqc.net/role/RL58033_2026.xml,,,,
"680, Futaie",,Boucherville,,,1167.9,2010,554800,872000,1426800,2025,Logement,MAMH — Données Québec (rôle d'évaluation foncière),https://donneesouvertes.affmunqc.net/role/RL58033_2026.xml,,,,
"726, Noisetiers",,Boucherville,,,503.5,2010,214600,657400,872000,2025,Logement,MAMH — Données Québec (rôle d'évaluation foncière),https://donneesouvertes.affmunqc.net/role/RL58033_2026.xml,,,,
"724, Noisetiers",,Boucherville,,,430.1,2010,197200,581000,778200,2025,Logement,MAMH — Données Québec (rôle d'évaluation foncière),https://donneesouvertes.affmunqc.net/role/RL58033_2026.xml,,,,
"684, Futaie",,Boucherville,,,1284.7,2012,590200,1424300,2014500,2025,Logement,MAMH — Données Québec (rôle d'évaluation foncière),https://donneesouvertes.affmunqc.net/role/RL58033_2026.xml,,,,
"722, Noisetiers",,Boucherville,,,429.8,2010,197100,577000,774100,2025,Logement,MAMH — Données Québec (rôle d'évaluation foncière),https://donneesouvertes.affmunqc.net/role/RL58033_2026.xml,,,,
"677, Futaie",,Boucherville,,,1663.2,2011,680200,1168700,1848900,2025,Logement,MAMH — Données Québec (rôle d'évaluation foncière),https://donneesouvertes.affmunqc.net/role/RL58033_2026.xml,,,,
"680, Bosquet",,Boucherville,,,1980,2011,676600,1253400,1930000,2025,Logement,MAMH — Données Québec (rôle d'évaluation foncière),https://donneesouvertes.affmunqc.net/role/RL58033_2026.xml,,,,
"684, Bosquet",,Boucherville,,,1980,2011,676600,1217900,1894500,2025,Logement,MAMH — Données Québec (rôle d'évaluation foncière),https://donneesouvertes.affmunqc.net/role/RL58033_2026.xml,,,,
"686, Bosquet",,Boucherville,,,1860,2005,654500,711500,1366000,2025,Logement,MAMH — Données Québec (rôle d'évaluation foncière),https://donneesouvertes.affmunqc.net/role/RL58033_2026.xml,,,,
"688, Bosquet",,Boucherville,,,1860,2005,654500,732800,1387300,2025,Logement,MAMH — Données Québec (rôle d'évaluation foncière),https://donneesouvertes.affmunqc.net/role/RL58033_2026.xml,,,,
"685, Bosquet",,Boucherville,,,1937.5,2007,608000,747600,1355600,2025,Logement,MAMH — Données Québec (rôle d'évaluation foncière),https://donneesouvertes.affmunqc.net/role/RL58033_2026.xml,,,,
"687, Bosquet",,Boucherville,,,1937.5,2006,608000,853100,1461100,2025,Logement,MAMH — Données Québec (rôle d'évaluation foncière),https://donneesouvertes.affmunqc.net/role/RL58033_2026.xml,,,,
"691, Bosquet",,Boucherville,,,1851.8,2005,593700,864900,1458600,2025,Logement,MAMH — Données Québec (rôle d'évaluation foncière),https://donneesouvertes.affmunqc.net/role/RL58033_2026.xml,,,,
"695, Bosquet",,Boucherville,,,1854.2,2005,594100,764700,1358800,2025,Logement,MAMH — Données Québec (rôle d'évaluation foncière),https://donneesouvertes.affmunqc.net/role/RL58033_2026.xml,,,,
"703, Cornouillers",,Boucherville,,,2340,2007,675200,1582000,2257200,2025,Logement,MAMH — Données Québec (rôle d'évaluation foncière),https://donneesouvertes.affmunqc.net/role/RL58033_2026.xml,,,,
"700, Cornouillers",,Boucherville,,,1986.1,2005,616100,745200,1361300,2025,Logement,MAMH — Données Québec (rôle d'évaluation foncière),https://donneesouvertes.affmunqc.net/role/RL58033_2026.xml,,,,
"702, Cornouillers",,Boucherville,,,3544.3,2005,876300,803200,1679500,2025,Logement,MAMH — Données Québec (rôle d'évaluation foncière),https://donneesouvertes.affmunqc.net/role/RL58033_2026.xml,,,,
"697, Bosquet",,Boucherville,,,1891.7,2006,600300,750000,1350300,2025,Logement,MAMH — Données Québec (rôle d'évaluation foncière),https://donneesouvertes.affmunqc.net/role/RL58033_2026.xml,,,,
"729, Châtaigniers",,Boucherville,,,3302.8,2007,836000,1110000,1946000,2025,Logement,MAMH — Données Québec (rôle d'évaluation foncière),https://donneesouvertes.affmunqc.net/role/RL58033_2026.xml,,,,
"705, Cornouillers",,Boucherville,,,2542.2,2007,708900,1935200,2644100,2025,Logement,MAMH — Données Québec (rôle d'évaluation foncière),https://donneesouvertes.affmunqc.net/role/RL58033_2026.xml,,,,
"709, Cornouillers",,Boucherville,,,3882.6,2017,906800,1973400,2880200,2025,Logement,MAMH — Données Québec (rôle d'évaluation foncière),https://donneesouvertes.affmunqc.net/role/RL58033_2026.xml,,,,
"727, Châtaigniers",,Boucherville,,,3384.4,2004,849600,1401900,2251500,2025,Logement,MAMH — Données Québec (rôle d'évaluation foncière),https://donneesouvertes.affmunqc.net/role/RL58033_2026.xml,,,,
"742, Futaie",,Boucherville,,,435.9,2011,198500,894700,1093200,2025,Logement,MAMH — Données Québec (rôle d'évaluation foncière),https://donneesouvertes.affmunqc.net/role/RL58033_2026.xml,,,,
"719, Noisetiers",,Boucherville,,,495.9,2010,212800,591600,804400,2025,Logement,MAMH — Données Québec (rôle d'évaluation foncière),https://donneesouvertes.affmunqc.net/role/RL58033_2026.xml,,,,
"740, Futaie",,Boucherville,,,435.9,2011,198500,842700,1041200,2025,Logement,MAMH — Données Québec (rôle d'évaluation foncière),https://donneesouvertes.affmunqc.net/role/RL58033_2026.xml,,,,
"717, Noisetiers",,Boucherville,,,529.1,2010,220700,637100,857800,2025,Logement,MAMH — Données Québec (rôle d'évaluation foncière),https://donneesouvertes.affmunqc.net/role/RL58033_2026.xml,,,,
"738, Futaie",,Boucherville,,,435.9,2011,198500,897300,1095800,2025,Logement,MAMH — Données Québec (rôle d'évaluation foncière),https://donneesouvertes.affmunqc.net/role/RL58033_2026.xml,,,,
"715, Noisetiers",,Boucherville,,,681.8,2011,257100,668500,925600,2025,Logement,MAMH — Données Québec (rôle d'évaluation foncière),https://donneesouvertes.affmunqc.net/role/RL58033_2026.xml,,,,
"736, Futaie",,Boucherville,,,435.9,2011,198500,869600,1068100,2025,Logement,MAMH — Données Québec (rôle d'évaluation foncière),https://donneesouvertes.affmunqc.net/role/RL58033_2026.xml,,,,
"734, Futaie",,Boucherville,,,499.6,2012,213700,870800,1084500,2025,Logement,MAMH — Données Québec (rôle d'évaluation foncière),https://donneesouvertes.affmunqc.net/role/RL58033_2026.xml,,,,
"732, Futaie",,Boucherville,,,429.8,2012,197100,655400,852500,2025,Logement,MAMH — Données Québec (rôle d'évaluation foncière),https://donneesouvertes.affmunqc.net/role/RL58033_2026.xml,,,,
"730, Futaie",,Boucherville,,,429.8,2010,197100,638400,835500,2025,Logement,MAMH — Données Québec (rôle d'évaluation foncière),https://donneesouvertes.affmunqc.net/role/RL58033_2026.xml,,,,
"726, Futaie",,Boucherville,,,429.8,2011,197100,692000,889100,2025,Logement,MAMH — Données Québec (rôle d'évaluation foncière),https://donneesouvertes.affmunqc.net/role/RL58033_2026.xml,,,,
"723, Futaie",,Boucherville,,,1493.6,2010,703900,1041400,1745300,2025,Logement,MAMH — Données Québec (rôle d'évaluation foncière),https://donneesouvertes.affmunqc.net/role/RL58033_2026.xml,,,,
"720, Noisetiers",,Boucherville,,,429.8,2011,197100,645500,842600,2025,Logement,MAMH — Données Québec (rôle d'évaluation foncière),https://donneesouvertes.affmunqc.net/role/RL58033_2026.xml,,,,
"716, Noisetiers",,Boucherville,,,429.8,2010,197100,652900,850000,2025,Logement,MAMH — Données Québec (rôle d'évaluation foncière),https://donneesouvertes.affmunqc.net/role/RL58033_2026.xml,,,,
"709, Noisetiers",,Boucherville,,,728.1,2011,268100,701900,970000,2025,Logement,MAMH — Données Québec (rôle d'évaluation foncière),https://donneesouvertes.affmunqc.net/role/RL58033_2026.xml,,,,
"714, Noisetiers",,Boucherville,,,429.8,2010,197100,622900,820000,2025,Logement,MAMH — Données Québec (rôle d'évaluation foncière),https://donneesouvertes.affmunqc.net/role/RL58033_2026.xml,,,,
"711, Noisetiers",,Boucherville,,,686.8,2010,258300,695200,953500,2025,Logement,MAMH — Données Québec (rôle d'évaluation foncière),https://donneesouvertes.affmunqc.net/role/RL58033_2026.xml,,,,
"712, Noisetiers",,Boucherville,,,430.8,2011,197300,666700,864000,2025,Logement,MAMH — Données Québec (rôle d'évaluation foncière),https://donneesouvertes.affmunqc.net/role/RL58033_2026.xml,,,,
"707, Noisetiers",,Boucherville,,,706.7,2010,263000,577300,840300,2025,Logement,MAMH — Données Québec (rôle d'évaluation foncière),https://donneesouvertes.affmunqc.net/role/RL58033_2026.xml,,,,
"710, Noisetiers",,Boucherville,,,682.8,2010,257300,639000,896300,2025,Logement,MAMH — Données Québec (rôle d'évaluation foncière),https://donneesouvertes.affmunqc.net/role/RL58033_2026.xml,,,,
"705, Noisetiers",,Boucherville,,,780.4,2010,280500,706100,986600,2025,Logement,MAMH — Données Québec (rôle d'évaluation foncière),https://donneesouvertes.affmunqc.net/role/RL58033_2026.xml,,,,
"724, Futaie",,Boucherville,,,429.8,2011,197100,688100,885200,2025,Logement,MAMH — Données Québec (rôle d'évaluation foncière),https://donneesouvertes.affmunqc.net/role/RL58033_2026.xml,,,,
"708, Noisetiers",,Boucherville,,,572.3,2010,231000,662600,893600,2025,Logement,MAMH — Données Québec (rôle d'évaluation foncière),https://donneesouvertes.affmunqc.net/role/RL58033_2026.xml,,,,
"722, Futaie",,Boucherville,,,425.2,2012,196000,901300,1097300,2025,Logement,MAMH — Données Québec (rôle d'évaluation foncière),https://donneesouvertes.affmunqc.net/role/RL58033_2026.xml,,,,
"720, Futaie",,Boucherville,,,527.1,2011,220300,827700,1048000,2025,Logement,MAMH — Données Québec (rôle d'évaluation foncière),https://donneesouvertes.affmunqc.net/role/RL58033_2026.xml,,,,
"704, Noisetiers",,Boucherville,,,451.3,2010,202200,577500,779700,2025,Logement,MAMH — Données Québec (rôle d'évaluation foncière),https://donneesouvertes.affmunqc.net/role/RL58033_2026.xml,,,,
"681, Futaie",,Boucherville,,,1350,2011,666300,1256900,1923200,2025,Logement,MAMH — Données Québec (rôle d'évaluation foncière),https://donneesouvertes.affmunqc.net/role/RL58033_2026.xml,,,,
"686, Futaie",,Boucherville,,,1284.8,2012,590200,903000,1493200,2025,Logement,MAMH — Données Québec (rôle d'évaluation foncière),https://donneesouvertes.affmunqc.net/role/RL58033_2026.xml,,,,
"685, Futaie",,Boucherville,,,1350,2010,666300,1100400,1766700,2025,Logement,MAMH — Données Québec (rôle d'évaluation foncière),https://donneesouvertes.affmunqc.net/role/RL58033_2026.xml,,,,
"688, Futaie",,Boucherville,,,1284.8,2016,590200,1551400,2141600,2025,Logement,MAMH — Données Québec (rôle d'évaluation foncière),https://donneesouvertes.affmunqc.net/role/RL58033_2026.xml,,,,
"687, Futaie",,Boucherville,,,1350,2011,666300,1076700,1743000,2025,Logement,MAMH — Données Québec (rôle d'évaluation foncière),https://donneesouvertes.affmunqc.net/role/RL58033_2026.xml,,,,
"690, Futaie",,Boucherville,,,1284.8,2013,590200,1040100,1630300,2025,Logement,MAMH — Données Québec (rôle d'évaluation foncière),https://donneesouvertes.affmunqc.net/role/RL58033_2026.xml,,,,
"694, Futaie",,Boucherville,,,1284.8,2013,590200,1197900,1788100,2025,Logement,MAMH — Données Québec (rôle d'évaluation foncière),https://donneesouvertes.affmunqc.net/role/RL58033_2026.xml,,,,
"690, Bosquet",,Boucherville,,,2127.6,2006,703700,854900,1558600,2025,Logement,MAMH — Données Québec (rôle d'évaluation foncière),https://donneesouvertes.affmunqc.net/role/RL58033_2026.xml,,,,
"691, Futaie",,Boucherville,,,1350,2014,666300,1657100,2323400,2025,Logement,MAMH — Données Québec (rôle d'évaluation foncière),https://donneesouvertes.affmunqc.net/role/RL58033_2026.xml,,,,
"694, Bosquet",,Boucherville,,,2127.9,2007,703700,1462200,2165900,2025,Logement,MAMH — Données Québec (rôle d'évaluation foncière),https://donneesouvertes.affmunqc.net/role/RL58033_2026.xml,,,,
"698, Bosquet",,Boucherville,,,2596.2,2006,789800,1265200,2055000,2025,Logement,MAMH — Données Québec (rôle d'évaluation foncière),https://donneesouvertes.affmunqc.net/role/RL58033_2026.xml,,,,
"699, Bosquet",,Boucherville,,,2626.7,2009,723100,1852600,2575700,2025,Logement,MAMH — Données Québec (rôle d'évaluation foncière),https://donneesouvertes.affmunqc.net/role/RL58033_2026.xml,,,,
"711, Cornouillers",,Boucherville,,,4857.6,2011,979900,2585100,3565000,2025,Logement,MAMH — Données Québec (rôle d'évaluation foncière),https://donneesouvertes.affmunqc.net/role/RL58033_2026.xml,,,,
"715, Cornouillers",,Boucherville,,,4054.3,2006,919700,1168200,2087900,2025,Logement,MAMH — Données Québec (rôle d'évaluation foncière),https://donneesouvertes.affmunqc.net/role/RL58033_2026.xml,,,,
"707, Bosquet",,Boucherville,,,4691.2,2010,967400,1629900,2597300,2025,Logement,MAMH — Données Québec (rôle d'évaluation foncière),https://donneesouvertes.affmunqc.net/role/RL58033_2026.xml,,,,
"725, Châtaigniers",,Boucherville,,,3537.8,2005,875200,836100,1711300,2025,Logement,MAMH — Données Québec (rôle d'évaluation foncière),https://donneesouvertes.affmunqc.net/role/RL58033_2026.xml,,,,
"723, Châtaigniers",,Boucherville,,,3754,2004,897200,945300,1842500,2025,Logement,MAMH — Données Québec (rôle d'évaluation foncière),https://donneesouvertes.affmunqc.net/role/RL58033_2026.xml,,,,
"719, Châtaigniers",,Boucherville,,,6048.2,2005,1069200,1330700,2399900,2025,Logement,MAMH — Données Québec (rôle d'évaluation foncière),https://donneesouvertes.affmunqc.net/role/RL58033_2026.xml,,,,
"735, Futaie",,Boucherville,,,134747.3,,4931500,,4931500,2025,Institutionnel,MAMH — Données Québec (rôle d'évaluation foncière),https://donneesouvertes.affmunqc.net/role/RL58033_2026.xml,,,,
"719, Futaie",,Boucherville,,,1403.6,2015,680300,1494500,2174800,2025,Logement,MAMH — Données Québec (rôle d'évaluation foncière),https://donneesouvertes.affmunqc.net/role/RL58033_2026.xml,,,,
"717, Futaie",,Boucherville,,,1403.6,2016,680300,1623600,2303900,2025,Logement,MAMH — Données Québec (rôle d'évaluation foncière),https://donneesouvertes.affmunqc.net/role/RL58033_2026.xml,,,,
"702, Noisetiers",,Boucherville,,,452.3,2010,202400,607100,809500,2025,Logement,MAMH — Données Québec (rôle d'évaluation foncière),https://donneesouvertes.affmunqc.net/role/RL58033_2026.xml,,,,
"714, Futaie",,Boucherville,,,1971.9,2012,753700,1067900,1821600,2025,Logement,MAMH — Données Québec (rôle d'évaluation foncière),https://donneesouvertes.affmunqc.net/role/RL58033_2026.xml,,,,
"700, Noisetiers",,Boucherville,,,525.6,2010,219900,681200,901100,2025,Logement,MAMH — Données Québec (rôle d'évaluation foncière),https://donneesouvertes.affmunqc.net/role/RL58033_2026.xml,,,,
"715, Futaie",,Boucherville,,,1403.6,2016,680300,2157300,2837600,2025,Logement,MAMH — Données Québec (rôle d'évaluation foncière),https://donneesouvertes.affmunqc.net/role/RL58033_2026.xml,,,,
"711, Futaie",,Boucherville,,,1403.6,2016,680300,1656600,2336900,2025,Logement,MAMH — Données Québec (rôle d'évaluation foncière),https://donneesouvertes.affmunqc.net/role/RL58033_2026.xml,,,,
"709, Futaie",,Boucherville,,,1539.8,2019,716000,1771100,2487100,2025,Logement,MAMH — Données Québec (rôle d'évaluation foncière),https://donneesouvertes.affmunqc.net/role/RL58033_2026.xml,,,,
"696, Futaie",,Boucherville,,,1284.8,2010,590200,1982500,2572700,2025,Logement,MAMH — Données Québec (rôle d'évaluation foncière),https://donneesouvertes.affmunqc.net/role/RL58033_2026.xml,,,,
"710, Futaie",,Boucherville,,,1487.6,2011,638400,687300,1325700,2025,Logement,MAMH — Données Québec (rôle d'évaluation foncière),https://donneesouvertes.affmunqc.net/role/RL58033_2026.xml,,,,
"698, Futaie",,Boucherville,,,1284.8,2012,590200,1346500,1936700,2025,Logement,MAMH — Données Québec (rôle d'évaluation foncière),https://donneesouvertes.affmunqc.net/role/RL58033_2026.xml,,,,
"708, Futaie",,Boucherville,,,1175,2023,558100,1548700,2106800,2025,Logement,MAMH — Données Québec (rôle d'évaluation foncière),https://donneesouvertes.affmunqc.net/role/RL58033_2026.xml,,,,
"700, Futaie",,Boucherville,,,1774.6,2014,706800,1383800,2090600,2025,Logement,MAMH — Données Québec (rôle d'évaluation foncière),https://donneesouvertes.affmunqc.net/role/RL58033_2026.xml,,,,
"706, Futaie",,Boucherville,,,1623.5,2015,670800,1634100,2304900,2025,Logement,MAMH — Données Québec (rôle d'évaluation foncière),https://donneesouvertes.affmunqc.net/role/RL58033_2026.xml,,,,
"693, Futaie",,Boucherville,,,1350,2011,666300,908500,1574800,2025,Logement,MAMH — Données Québec (rôle d'évaluation foncière),https://donneesouvertes.affmunqc.net/role/RL58033_2026.xml,,,,
"695, Futaie",,Boucherville,,,1350,2018,666300,1666300,2332600,2025,Logement,MAMH — Données Québec (rôle d'évaluation foncière),https://donneesouvertes.affmunqc.net/role/RL58033_2026.xml,,,,
"699, Futaie",,Boucherville,,,1787.8,2010,780900,1158700,1939600,2025,Logement,MAMH — Données Québec (rôle d'évaluation foncière),https://donneesouvertes.affmunqc.net/role/RL58033_2026.xml,,,,
"700, Bosquet",,Boucherville,,,55657.8,,2493200,,2493200,2025,Institutionnel,MAMH — Données Québec (rôle d'évaluation foncière),https://donneesouvertes.affmunqc.net/role/RL58033_2026.xml,,,,
"702, Bosquet",,Boucherville,,,2029.4,2006,685600,1031000,1716600,2025,Logement,MAMH — Données Québec (rôle d'évaluation foncière),https://donneesouvertes.affmunqc.net/role/RL58033_2026.xml,,,,
"706, Bosquet",,Boucherville,,,1839.6,2015,650800,1780000,2430800,2025,Logement,MAMH — Données Québec (rôle d'évaluation foncière),https://donneesouvertes.affmunqc.net/role/RL58033_2026.xml,,,,
"708, Bosquet",,Boucherville,,,1804.7,2006,644400,1338300,1982700,2025,Logement,MAMH — Données Québec (rôle d'évaluation foncière),https://donneesouvertes.affmunqc.net/role/RL58033_2026.xml,,,,
"710, Bosquet",,Boucherville,,,1807.3,2005,586200,756100,1342300,2025,Logement,MAMH — Données Québec (rôle d'évaluation foncière),https://donneesouvertes.affmunqc.net/role/RL58033_2026.xml,,,,
"709, Bosquet",,Boucherville,,,2904.7,2005,769500,860800,1630300,2025,Logement,MAMH — Données Québec (rôle d'évaluation foncière),https://donneesouvertes.affmunqc.net/role/RL58033_2026.xml,,,,
"711, Bosquet",,Boucherville,,,2657.1,2008,728100,1417600,2145700,2025,Logement,MAMH — Données Québec (rôle d'évaluation foncière),https://donneesouvertes.affmunqc.net/role/RL58033_2026.xml,,,,
"715, Bosquet",,Boucherville,,,2482.2,2016,698900,1846000,2544900,2025,Logement,MAMH — Données Québec (rôle d'évaluation foncière),https://donneesouvertes.affmunqc.net/role/RL58033_2026.xml,,,,
"719, Bosquet",,Boucherville,,,2450.5,2007,693600,1204500,1898100,2025,Logement,MAMH — Données Québec (rôle d'évaluation foncière),https://donneesouvertes.affmunqc.net/role/RL58033_2026.xml,,,,
"705, Futaie",,Boucherville,,,1320,2011,658400,1116700,1775100,2025,Logement,MAMH — Données Québec (rôle d'évaluation foncière),https://donneesouvertes.affmunqc.net/role/RL58033_2026.xml,,,,
"701, Futaie",,Boucherville,,,2138.8,2011,872800,1923400,2796200,2025,Logement,MAMH — Données Québec (rôle d'évaluation foncière),https://donneesouvertes.affmunqc.net/role/RL58033_2026.xml,,,,
"703, Futaie",,Boucherville,,,1528.2,,712900,,712900,2025,Terrain vacant,MAMH — Données Québec (rôle d'évaluation foncière),https://donneesouvertes.affmunqc.net/role/RL58033_2026.xml,,,,
"1290, Acacias",,Boucherville,,,1934.9,2005,668300,1174000,1842300,2025,Logement,MAMH — Données Québec (rôle d'évaluation foncière),https://donneesouvertes.affmunqc.net/role/RL58033_2026.xml,,,,
"1294, Acacias",,Boucherville,,,1898.6,2006,661600,689100,1350700,2025,Logement,MAMH — Données Québec (rôle d'évaluation foncière),https://donneesouvertes.affmunqc.net/role/RL58033_2026.xml,,,,
"714, Bosquet",,Boucherville,,,2688.9,2005,733400,1224200,1957600,2025,Logement,MAMH — Données Québec (rôle d'évaluation foncière),https://donneesouvertes.affmunqc.net/role/RL58033_2026.xml,,,,
"1286, Acacias",,Boucherville,,,1860,2006,654500,1258400,1912900,2025,Logement,MAMH — Données Québec (rôle d'évaluation foncière),https://donneesouvertes.affmunqc.net/role/RL58033_2026.xml,,,,
"1288, Acacias",,Boucherville,,,1865.4,2008,655500,1578800,2234300,2025,Logement,MAMH — Données Québec (rôle d'évaluation foncière),https://donneesouvertes.affmunqc.net/role/RL58033_2026.xml,,,,
"1287, Acacias",,Boucherville,,,2277.5,2006,664700,666000,1330700,2025,Logement,MAMH — Données Québec (rôle d'évaluation foncière),https://donneesouvertes.affmunqc.net/role/RL58033_2026.xml,,,,
"720, Bosquet",,Boucherville,,,3177.5,2007,815000,1110000,1925000,2025,Logement,MAMH — Données Québec (rôle d'évaluation foncière),https://donneesouvertes.affmunqc.net/role/RL58033_2026.xml,,,,
"1285, Acacias",,Boucherville,,,2218.6,2006,654900,650700,1305600,2025,Logement,MAMH — Données Québec (rôle d'évaluation foncière),https://donneesouvertes.affmunqc.net/role/RL58033_2026.xml,,,,
"1304, Acacias",,Boucherville,,,2045.9,2006,688700,1519000,2207700,2025,Logement,MAMH — Données Québec (rôle d'évaluation foncière),https://donneesouvertes.affmunqc.net/role/RL58033_2026.xml,,,,
"1308, Acacias",,Boucherville,,,1920.6,2017,665700,1217600,1883300,2025,Logement,MAMH — Données Québec (rôle d'évaluation foncière),https://donneesouvertes.affmunqc.net/role/RL58033_2026.xml,,,,
"1310, Acacias",,Boucherville,,,2096.9,2013,698000,1406800,2104800,2025,Logement,MAMH — Données Québec (rôle d'évaluation foncière),https://donneesouvertes.affmunqc.net/role/RL58033_2026.xml,,,,
"1298, Acacias",,Boucherville,,,1860,,654500,,654500,2025,Terrain vacant,MAMH — Données Québec (rôle d'évaluation foncière),https://donneesouvertes.affmunqc.net/role/RL58033_2026.xml,,,,
"1300, Acacias",,Boucherville,,,1860,2007,654500,1050600,1705100,2025,Logement,MAMH — Données Québec (rôle d'évaluation foncière),https://donneesouvertes.affmunqc.net/role/RL58033_2026.xml,,,,
"1297, Acacias",,Boucherville,,,2312.8,2008,670600,1274800,1945400,2025,Logement,MAMH — Données Québec (rôle d'évaluation foncière),https://donneesouvertes.affmunqc.net/role/RL58033_2026.xml,,,,
"1301, Acacias",,Boucherville,,,2268.3,2005,663200,839300,1502500,2025,Logement,MAMH — Données Québec (rôle d'évaluation foncière),https://donneesouvertes.affmunqc.net/role/RL58033_2026.xml,,,,
"1289, Acacias",,Boucherville,,,2336.3,2005,674600,584800,1259400,2025,Logement,MAMH — Données Québec (rôle d'évaluation foncière),https://donneesouvertes.affmunqc.net/role/RL58033_2026.xml,,,,
"1291, Acacias",,Boucherville,,,2375.1,2007,681000,1068800,1749800,2025,Logement,MAMH — Données Québec (rôle d'évaluation foncière),https://donneesouvertes.affmunqc.net/role/RL58033_2026.xml,,,,
"1295, Acacias",,Boucherville,,,2356.9,2005,678000,494200,1172200,2025,Logement,MAMH — Données Québec (rôle d'évaluation foncière),https://donneesouvertes.affmunqc.net/role/RL58033_2026.xml,,,,
"1285, De Montbrun",,Boucherville,,,2670,,199900,,199900,2025,Terrain vacant,MAMH — Données Québec (rôle d'évaluation foncière),https://donneesouvertes.affmunqc.net/role/RL58033_2026.xml,,,,
"1293, De Montbrun",,Boucherville,,,6837.7,,245000,,245000,2025,Terrain vacant,MAMH — Données Québec (rôle d'évaluation foncière),https://donneesouvertes.affmunqc.net/role/RL58033_2026.xml,,,,
"708, Sureaux",,Boucherville,,,273.7,2015,130000,364600,494600,2025,Logement,MAMH — Données Québec (rôle d'évaluation foncière),https://donneesouvertes.affmunqc.net/role/RL58033_2026.xml,,,,
"706, Sureaux",,Boucherville,,,269.53,2015,128000,363100,491100,2025,Logement,MAMH — Données Québec (rôle d'évaluation foncière),https://donneesouvertes.affmunqc.net/role/RL58033_2026.xml,,,,
"704, Sureaux",,Boucherville,,,269.51,2014,128000,362100,490100,2025,Logement,MAMH — Données Québec (rôle d'évaluation foncière),https://donneesouvertes.affmunqc.net/role/RL58033_2026.xml,,,,
"736, Sureaux",,Boucherville,,,196.29,2014,93200,301000,394200,2025,Logement,MAMH — Données Québec (rôle d'évaluation foncière),https://donneesouvertes.affmunqc.net/role/RL58033_2026.xml,,,,
"734, Sureaux",,Boucherville,,,195.4,2014,92800,309300,402100,2025,Logement,MAMH — Données Québec (rôle d'évaluation foncière),https://donneesouvertes.affmunqc.net/role/RL58033_2026.xml,,,,
"732, Sureaux",,Boucherville,,,196.42,2014,93300,321700,415000,2025,Logement,MAMH — Données Québec (rôle d'évaluation foncière),https://donneesouvertes.affmunqc.net/role/RL58033_2026.xml,,,,
"730, Sureaux",,Boucherville,,,195.93,2014,93100,321900,415000,2025,Logement,MAMH — Données Québec (rôle d'évaluation foncière),https://donneesouvertes.affmunqc.net/role/RL58033_2026.xml,,,,
"728, Sureaux",,Boucherville,,,269.64,2014,128100,365600,493700,2025,Logement,MAMH — Données Québec (rôle d'évaluation foncière),https://donneesouvertes.affmunqc.net/role/RL58033_2026.xml,,,,
"726, Sureaux",,Boucherville,,,200.82,2013,95400,305500,400900,2025,Logement,MAMH — Données Québec (rôle d'évaluation foncière),https://donneesouvertes.affmunqc.net/role/RL58033_2026.xml,,,,
"814, Sureaux",,Boucherville,,,192.73,2013,91500,330400,421900,2025,Logement,MAMH — Données Québec (rôle d'évaluation foncière),https://donneesouvertes.affmunqc.net/role/RL58033_2026.xml,,,,
"816, Sureaux",,Boucherville,,,193.45,2013,91900,324800,416700,2025,Logement,MAMH — Données Québec (rôle d'évaluation foncière),https://donneesouvertes.affmunqc.net/role/RL58033_2026.xml,,,,
"820, Sureaux",,Boucherville,,,193.1,2014,91700,342600,434300,2025,Logement,MAMH — Données Québec (rôle d'évaluation foncière),https://donneesouvertes.affmunqc.net/role/RL58033_2026.xml,,,,
"822, Sureaux",,Boucherville,,,193.1,2014,91700,329000,420700,2025,Logement,MAMH — Données Québec (rôle d'évaluation foncière),https://donneesouvertes.affmunqc.net/role/RL58033_2026.xml,,,,
"800, Sureaux",,Boucherville,,,250.52,2016,119000,377400,496400,2025,Logement,MAMH — Données Québec (rôle d'évaluation foncière),https://donneesouvertes.affmunqc.net/role/RL58033_2026.xml,,,,
"802, Sureaux",,Boucherville,,,247.78,2015,117700,368400,486100,2025,Logement,MAMH — Données Québec (rôle d'évaluation foncière),https://donneesouvertes.affmunqc.net/role/RL58033_2026.xml,,,,
"722, Sureaux",,Boucherville,,,196.88,2013,93500,311700,405200,2025,Logement,MAMH — Données Québec (rôle d'évaluation foncière),https://donneesouvertes.affmunqc.net/role/RL58033_2026.xml,,,,
"810, Sureaux",,Boucherville,,,250.55,2014,119000,365500,484500,2025,Logement,MAMH — Données Québec (rôle d'évaluation foncière),https://donneesouvertes.affmunqc.net/role/RL58033_2026.xml,,,,
"812, Sureaux",,Boucherville,,,250.54,2014,119000,399600,518600,2025,Logement,MAMH — Données Québec (rôle d'évaluation foncière),https://donneesouvertes.affmunqc.net/role/RL58033_2026.xml,,,,
"718, Sureaux",,Boucherville,,,197.69,2015,93900,309600,403500,2025,Logement,MAMH — Données Québec (rôle d'évaluation foncière),https://donneesouvertes.affmunqc.net/role/RL58033_2026.xml,,,,
"714, Sureaux",,Boucherville,,,198.29,2015,94200,321700,415900,2025,Logement,MAMH — Données Québec (rôle d'évaluation foncière),https://donneesouvertes.affmunqc.net/role/RL58033_2026.xml,,,,
"712, Sureaux",,Boucherville,,,194.93,2015,92600,310200,402800,2025,Logement,MAMH — Données Québec (rôle d'évaluation foncière),https://donneesouvertes.affmunqc.net/role/RL58033_2026.xml,,,,
"710, Sureaux",,Boucherville,,,196.79,2014,93500,314700,408200,2025,Logement,MAMH — Données Québec (rôle d'évaluation foncière),https://donneesouvertes.affmunqc.net/role/RL58033_2026.xml,,,,
"720, Sureaux",,Boucherville,,,196.61,2015,93400,308900,402300,2025,Logement,MAMH — Données Québec (rôle d'évaluation foncière),https://donneesouvertes.affmunqc.net/role/RL58033_2026.xml,,,,
"804, Sureaux",,Boucherville,,,249.58,2015,118600,373700,492300,2025,Logement,MAMH — Données Québec (rôle d'évaluation foncière),https://donneesouvertes.affmunqc.net/role/RL58033_2026.xml,,,,
"806, Sureaux",,Boucherville,,,249.45,2015,118500,397100,515600,2025,Logement,MAMH — Données Québec (rôle d'évaluation foncière),https://donneesouvertes.affmunqc.net/role/RL58033_2026.xml,,,,
"1314, Acacias",,Boucherville,,,3686,,892100,,892100,2025,Terrain vacant,MAMH — Données Québec (rôle d'évaluation foncière),https://donneesouvertes.affmunqc.net/role/RL58033_2026.xml,,,,
"1312, Acacias",,Boucherville,,,3464.6,2015,949300,1318900,2268200,2025,Logement,MAMH — Données Québec (rôle d'évaluation foncière),https://donneesouvertes.affmunqc.net/role/RL58033_2026.xml,,,,
"1309, Acacias",,Boucherville,,,2206.9,2017,600400,2221700,2822100,2025,Logement,MAMH — Données Québec (rôle d'évaluation foncière),https://donneesouvertes.affmunqc.net/role/RL58033_2026.xml,,,,
"1311, Acacias",,Boucherville,,,2526,2016,599500,1875500,2475000,2025,Logement,MAMH — Données Québec (rôle d'évaluation foncière),https://donneesouvertes.affmunqc.net/role/RL58033_2026.xml,,,,
"1305, Acacias",,Boucherville,,,2223.7,2005,655800,1169200,1825000,2025,Logement,MAMH — Données Québec (rôle d'évaluation foncière),https://donneesouvertes.affmunqc.net/role/RL58033_2026.xml,,,,
"1307, Acacias",,Boucherville,,,2223.3,,622000,,622000,2025,Terrain vacant,MAMH — Données Québec (rôle d'évaluation foncière),https://donneesouvertes.affmunqc.net/role/RL58033_2026.xml,,,,
"1315, Acacias",,Boucherville,,,3803.3,2021,900800,2344200,3245000,2025,Logement,MAMH — Données Québec (rôle d'évaluation foncière),https://donneesouvertes.affmunqc.net/role/RL58033_2026.xml,,,,
"1321, De Montbrun",,Boucherville,,,3514.4,2024,214200,1640600,1854800,2025,Logement,MAMH — Données Québec (rôle d'évaluation foncière),https://donneesouvertes.affmunqc.net/role/RL58033_2026.xml,,,,
"1305, De Montbrun",,Boucherville,,,27486.7,1989,496800,450900,947700,2025,Logement,MAMH — Données Québec (rôle d'évaluation foncière),https://donneesouvertes.affmunqc.net/role/RL58033_2026.xml,,,,
"731, Touraine",,Boucherville,,,1366.5,1978,164000,291500,455500,2025,Logement,MAMH — Données Québec (rôle d'évaluation foncière),https://donneesouvertes.affmunqc.net/role/RL58033_2026.xml,,,,
"741, Touraine",,Boucherville,,,5030.2,1965,239600,270900,510500,2025,Logement,MAMH — Données Québec (rôle d'évaluation foncière),https://donneesouvertes.affmunqc.net/role/RL58033_2026.xml,,,,
"771, Touraine",,Boucherville,,,15020.6,,634600,,634600,2025,Terrain vacant,MAMH — Données Québec (rôle d'évaluation foncière),https://donneesouvertes.affmunqc.net/role/RL58033_2026.xml,,,,
"1361, De Montbrun",,Boucherville,,,554.6,,66600,,66600,2025,Terrain vacant,MAMH — Données Québec (rôle d'évaluation foncière),https://donneesouvertes.affmunqc.net/role/RL58033_2026.xml,,,,
"1371, De Montbrun",,Boucherville,,,1713,1959,183600,196800,380400,2025,Logement,MAMH — Données Québec (rôle d'évaluation foncière),https://donneesouvertes.affmunqc.net/role/RL58033_2026.xml,,,,
"1375, De Montbrun",,Boucherville,,,1111.2,,133300,16400,149700,2025,Logement,MAMH — Données Québec (rôle d'évaluation foncière),https://donneesouvertes.affmunqc.net/role/RL58033_2026.xml,,,,
"1341, De Montbrun",,Boucherville,,,7036.4,1961,245600,238700,484300,2025,Logement,MAMH — Données Québec (rôle d'évaluation foncière),https://donneesouvertes.affmunqc.net/role/RL58033_2026.xml,,,,
"1351, De Montbrun",,Boucherville,,,554.6,1959,66600,205800,272400,2025,Logement,MAMH — Données Québec (rôle d'évaluation foncière),https://donneesouvertes.affmunqc.net/role/RL58033_2026.xml,,,,
"791, Touraine",,Boucherville,,,9160.8,1965,427500,383000,810500,2025,Logement,MAMH — Données Québec (rôle d'évaluation foncière),https://donneesouvertes.affmunqc.net/role/RL58033_2026.xml,,,,
"799, Touraine",,Boucherville,,,1074,1880,128900,263800,392700,2025,Logement,MAMH — Données Québec (rôle d'évaluation foncière),https://donneesouvertes.affmunqc.net/role/RL58033_2026.xml,,,,
"1387, De Montbrun",,Boucherville,,,1106,1989,132700,449400,582100,2025,Logement,MAMH — Données Québec (rôle d'évaluation foncière),https://donneesouvertes.affmunqc.net/role/RL58033_2026.xml,,,,
"1391, De Montbrun",,Boucherville,,,1239.2,2017,148700,460200,608900,2025,Logement,MAMH — Données Québec (rôle d'évaluation foncière),https://donneesouvertes.affmunqc.net/role/RL58033_2026.xml,,,,
"1401, De Montbrun",,Boucherville,,,565.3,1955,67800,161700,229500,2025,Logement,MAMH — Données Québec (rôle d'évaluation foncière),https://donneesouvertes.affmunqc.net/role/RL58033_2026.xml,,,,
"1405, De Montbrun",,Boucherville,,,563.1,1955,67600,194200,261800,2025,Logement,MAMH — Données Québec (rôle d'évaluation foncière),https://donneesouvertes.affmunqc.net/role/RL58033_2026.xml,,,,
"1411, De Montbrun",,Boucherville,,,1168.2,1955,140200,393900,534100,2025,Logement,MAMH — Données Québec (rôle d'évaluation foncière),https://donneesouvertes.affmunqc.net/role/RL58033_2026.xml,,,,
"1379, De Montbrun",,Boucherville,,,1665.6,,182800,,182800,2025,Terrain vacant,MAMH — Données Québec (rôle d'évaluation foncière),https://donneesouvertes.affmunqc.net/role/RL58033_2026.xml,,,,
"1345, De Montbrun",,Boucherville,,,20440.9,,689100,,689100,2025,Terrain vacant,MAMH — Données Québec (rôle d'évaluation foncière),https://donneesouvertes.affmunqc.net/role/RL58033_2026.xml,,,,
"800, Touraine",,Boucherville,,,3315.6,1907,210900,117300,328200,2025,Logement,MAMH — Données Québec (rôle d'évaluation foncière),https://donneesouvertes.affmunqc.net/role/RL58033_2026.xml,,,,
"805, Touraine",,Boucherville,,,6383.4,,243700,,243700,2025,Terrain vacant,MAMH — Données Québec (rôle d'évaluation foncière),https://donneesouvertes.affmunqc.net/role/RL58033_2026.xml,,,,
"726, Châtaigniers",,Boucherville,,,5863.9,2004,1055400,1189500,2244900,2025,Logement,MAMH — Données Québec (rôle d'évaluation foncière),https://donneesouvertes.affmunqc.net/role/RL58033_2026.xml,,,,
"710, Châtaigniers",,Boucherville,,,3810,2004,901400,892300,1793700,2025,Logement,MAMH — Données Québec (rôle d'évaluation foncière),https://donneesouvertes.affmunqc.net/role/RL58033_2026.xml,,,,
"712, Châtaigniers",,Boucherville,,,4073.1,2006,921100,1630100,2551200,2025,Logement,MAMH — Données Québec (rôle d'évaluation foncière),https://donneesouvertes.affmunqc.net/role/RL58033_2026.xml,,,,
"708, Châtaigniers",,Boucherville,,,3831.6,2007,903000,2017700,2920700,2025,Logement,MAMH — Données Québec (rôle d'évaluation foncière),https://donneesouvertes.affmunqc.net/role/RL58033_2026.xml,,,,
"707, Châtaigniers",,Boucherville,,,1016.7,,165200,,165200,2025,Immeuble commercial,MAMH — Données Québec (rôle d'évaluation foncière),https://donneesouvertes.affmunqc.net/role/RL58033_2026.xml,,,,
"703, Châtaigniers",,Boucherville,,,5329,2004,1015300,1309500,2324800,2025,Logement,MAMH — Données Québec (rôle d'évaluation foncière),https://donneesouvertes.affmunqc.net/role/RL58033_2026.xml,,,,
"705, Châtaigniers",,Boucherville,,,4263.2,2004,935300,942100,1877400,2025,Logement,MAMH — Données Québec (rôle d'évaluation foncière),https://donneesouvertes.affmunqc.net/role/RL58033_2026.xml,,,,
"709, Châtaigniers",,Boucherville,,,4277.2,2005,936400,1342600,2279000,2025,Logement,MAMH — Données Québec (rôle d'évaluation foncière),https://donneesouvertes.affmunqc.net/role/RL58033_2026.xml,,,,
"713, Châtaigniers",,Boucherville,,,4288.5,2010,937200,787700,1724900,2025,Logement,MAMH — Données Québec (rôle d'évaluation foncière),https://donneesouvertes.affmunqc.net/role/RL58033_2026.xml,,,,
"715, Châtaigniers",,Boucherville,,,4892.6,2005,982500,649700,1632200,2025,Logement,MAMH — Données Québec (rôle d'évaluation foncière),https://donneesouvertes.affmunqc.net/role/RL58033_2026.xml,,,,
"717, Châtaigniers",,Boucherville,,,9430,,1322900,,1322900,2025,Terrain vacant,MAMH — Données Québec (rôle d'évaluation foncière),https://donneesouvertes.affmunqc.net/role/RL58033_2026.xml,,,,
"1235, De Montbrun",,Boucherville,,,4367.4,,205900,,205900,2025,Immeuble commercial,MAMH — Données Québec (rôle d'évaluation foncière),https://donneesouvertes.affmunqc.net/role/RL58033_2026.xml,,,,
"952, Anjou",,Boucherville,,,331506,,253100,,253100,2025,Terrain vacant,MAMH — Données Québec (rôle d'évaluation foncière),https://donneesouvertes.affmunqc.net/role/RL58033_2026.xml,,,,
"721, Bosquet",,Boucherville,,,3421.9,2008,855900,1245500,2101400,2025,Logement,MAMH — Données Québec (rôle d'évaluation foncière),https://donneesouvertes.affmunqc.net/role/RL58033_2026.xml,,,,
"1275, De Montbrun",,Boucherville,,,9411.2,2003,252700,969100,1221800,2025,Logement,MAMH — Données Québec (rôle d'évaluation foncière),https://donneesouvertes.affmunqc.net/role/RL58033_2026.xml,,,,
"1000, Anjou",,Boucherville,,,6837.8,1884,245000,225900,470900,2025,Logement,MAMH — Données Québec (rôle d'évaluation foncière),https://donneesouvertes.affmunqc.net/role/RL58033_2026.xml,,,,
"1150, Anjou",,Boucherville,,,58193.3,2011,399100,1148800,1547900,2025,Logement,MAMH — Données Québec (rôle d'évaluation foncière),https://donneesouvertes.affmunqc.net/role/RL58033_2026.xml,,,,
"1200, Lustucru",,Boucherville,,,1040361,,4599200,1561800,6161000,2025,Agricole,MAMH — Données Québec (rôle d'évaluation foncière),https://donneesouvertes.affmunqc.net/role/RL58033_2026.xml,,,,
"1251, Lustucru",,Boucherville,,,15990.6,,30400,,30400,2025,Terrain vacant,MAMH — Données Québec (rôle d'évaluation foncière),https://donneesouvertes.affmunqc.net/role/RL58033_2026.xml,,,,
"1499, Lustucru",,Boucherville,,,3542.7,,16300,,16300,2025,Agricole,MAMH — Données Québec (rôle d'évaluation foncière),https://donneesouvertes.affmunqc.net/role/RL58033_2026.xml,,,,
"241, Bretagne",,Boucherville,,,339116.1,1985,1666500,471900,2138400,2025,Agricole,MAMH — Données Québec (rôle d'évaluation foncière),https://donneesouvertes.affmunqc.net/role/RL58033_2026.xml,,,,
"296, Bretagne",,Boucherville,,,423786.6,,1815500,80000,1895500,2025,Agricole,MAMH — Données Québec (rôle d'évaluation foncière),https://donneesouvertes.affmunqc.net/role/RL58033_2026.xml,,,,
"350, Bretagne",,Boucherville,,,5000,1945,215600,262500,478100,2025,Logement,MAMH — Données Québec (rôle d'évaluation foncière),https://donneesouvertes.affmunqc.net/role/RL58033_2026.xml,,,,
"461, Bretagne",,Boucherville,,,5544.2,1930,241100,288100,529200,2025,Logement,MAMH — Données Québec (rôle d'évaluation foncière),https://donneesouvertes.affmunqc.net/role/RL58033_2026.xml,,,,
"465, Bretagne",,Boucherville,,,6641.6,1979,437500,362200,799700,2025,Immeuble commercial,MAMH — Données Québec (rôle d'évaluation foncière),https://donneesouvertes.affmunqc.net/role/RL58033_2026.xml,,,,
"440, Bretagne",,Boucherville,,,5000,1960,239500,13800,253300,2025,Logement,MAMH — Données Québec (rôle d'évaluation foncière),https://donneesouvertes.affmunqc.net/role/RL58033_2026.xml,,,,
"558, Lorraine",,Boucherville,,,114360.3,,477000,,477000,2025,Agricole,MAMH — Données Québec (rôle d'évaluation foncière),https://donneesouvertes.affmunqc.net/role/RL58033_2026.xml,,,,
"540, Lorraine",,Boucherville,,,1653904.83,1956,6995200,8700,7003900,2025,Agricole,MAMH — Données Québec (rôle d'évaluation foncière),https://donneesouvertes.affmunqc.net/role/RL58033_2026.xml,,,,
"624, Lorraine",,Boucherville,,,606408,1983,2540900,6100,2547000,2025,Agricole,MAMH — Données Québec (rôle d'évaluation foncière),https://donneesouvertes.affmunqc.net/role/RL58033_2026.xml,,,,
"671, Acier",,Boucherville,,,366830,,1552200,,1552200,2025,Agricole,MAMH — Données Québec (rôle d'évaluation foncière),https://donneesouvertes.affmunqc.net/role/RL58033_2026.xml,,,,
"613, Lorraine",,Boucherville,,,8381,,1257200,,1257200,2025,Terrain vacant,MAMH — Données Québec (rôle d'évaluation foncière),https://donneesouvertes.affmunqc.net/role/RL58033_2026.xml,,,,
"610, Lorraine",,Boucherville,,,807.4,1900,96900,187800,284700,2025,Logement,MAMH — Données Québec (rôle d'évaluation foncière),https://donneesouvertes.affmunqc.net/role/RL58033_2026.xml,,,,
"606, Lorraine",,Boucherville,,,1299.9,1968,156000,335500,491500,2025,Logement,MAMH — Données Québec (rôle d'évaluation foncière),https://donneesouvertes.affmunqc.net/role/RL58033_2026.xml,,,,
"620, Lorraine",,Boucherville,,,934.4,1967,112100,304200,416300,2025,Logement,MAMH — Données Québec (rôle d'évaluation foncière),https://donneesouvertes.affmunqc.net/role/RL58033_2026.xml,,,,
"1661, Jean-lesage",,Boucherville,,,8960,1991,134400,342700,477100,2025,Immeuble commercial,MAMH — Données Québec (rôle d'évaluation foncière),https://donneesouvertes.affmunqc.net/role/RL58033_2026.xml,,,,
"1660, Eiffel",,Boucherville,,,64842.7,1991,5596400,24554000,30150400,2025,Industrie,MAMH — Données Québec (rôle d'évaluation foncière),https://donneesouvertes.affmunqc.net/role/RL58033_2026.xml,,,,
"1670, Eiffel",,Boucherville,,,44806.9,1999,4632500,10417000,15049500,2025,Immeuble à bureaux,MAMH — Données Québec (rôle d'évaluation foncière),https://donneesouvertes.affmunqc.net/role/RL58033_2026.xml,,,,
"1690, Eiffel",,Boucherville,,,46727.1,2004,4763100,10419700,15182800,2025,,MAMH — Données Québec (rôle d'évaluation foncière),https://donneesouvertes.affmunqc.net/role/RL58033_2026.xml,,,,
"1717, Armand-frappier",,Boucherville,,,332,1996,49800,255600,305400,2025,Immeuble commercial,MAMH — Données Québec (rôle d'évaluation foncière),https://donneesouvertes.affmunqc.net/role/RL58033_2026.xml,,,,
"1720, Eiffel",,Boucherville,,,20529.5,,2933100,,2933100,2025,Terrain vacant,MAMH — Données Québec (rôle d'évaluation foncière),https://donneesouvertes.affmunqc.net/role/RL58033_2026.xml,,,,
"1718, Eiffel",,Boucherville,,,976.5,,146500,,146500,2025,Terrain vacant,MAMH — Données Québec (rôle d'évaluation foncière),https://donneesouvertes.affmunqc.net/role/RL58033_2026.xml,,,,
"1730, Eiffel",,Boucherville,,,22149.5,2009,3046500,11187200,14233700,2025,Industrie,MAMH — Données Québec (rôle d'évaluation foncière),https://donneesouvertes.affmunqc.net/role/RL58033_2026.xml,,,,
"690, Lorraine",,Boucherville,,,1213.5,1966,145600,203400,349000,2025,Logement,MAMH — Données Québec (rôle d'évaluation foncière),https://donneesouvertes.affmunqc.net/role/RL58033_2026.xml,,,,
"710, Lorraine",,Boucherville,,,3872.4,1960,220300,416600,636900,2025,Logement,MAMH — Données Québec (rôle d'évaluation foncière),https://donneesouvertes.affmunqc.net/role/RL58033_2026.xml,,,,
"760, Lorraine",,Boucherville,,,402297.6,,1716000,,1716000,2025,Agricole,MAMH — Données Québec (rôle d'évaluation foncière),https://donneesouvertes.affmunqc.net/role/RL58033_2026.xml,,,,
"1491, De Montbrun",,Boucherville,,,7030.7,,24600,,24600,2025,Terrain vacant,MAMH — Données Québec (rôle d'évaluation foncière),https://donneesouvertes.affmunqc.net/role/RL58033_2026.xml,,,,
"1501, De Montbrun",,Boucherville,,,3030.7,2007,206000,561700,767700,2025,Logement,MAMH — Données Québec (rôle d'évaluation foncière),https://donneesouvertes.affmunqc.net/role/RL58033_2026.xml,,,,
"1521, De Montbrun",,Boucherville,,,8145.3,1984,248900,690800,939700,2025,Logement,MAMH — Données Québec (rôle d'évaluation foncière),https://donneesouvertes.affmunqc.net/role/RL58033_2026.xml,,,,
"1541, De Montbrun",,Boucherville,,,3656.5,1980,216700,356500,573200,2025,Logement,MAMH — Données Québec (rôle d'évaluation foncière),https://donneesouvertes.affmunqc.net/role/RL58033_2026.xml,,,,
"1551, De Montbrun",,Boucherville,,,6430.2,1955,243800,189700,433500,2025,Logement,MAMH — Données Québec (rôle d'évaluation foncière),https://donneesouvertes.affmunqc.net/role/RL58033_2026.xml,,,,
"790, Lorraine",,Boucherville,,,2289.2,1970,192200,303100,495300,2025,Agricole,MAMH — Données Québec (rôle d'évaluation foncière),https://donneesouvertes.affmunqc.net/role/RL58033_2026.xml,,,,
"1561, De Montbrun",,Boucherville,,,3248.6,1955,209700,529400,739100,2025,Logement,MAMH — Données Québec (rôle d'évaluation foncière),https://donneesouvertes.affmunqc.net/role/RL58033_2026.xml,,,,
"855, Lorraine",,Boucherville,,,3852.6,1982,220000,389200,609200,2025,Logement,MAMH — Données Québec (rôle d'évaluation foncière),https://donneesouvertes.affmunqc.net/role/RL58033_2026.xml,,,,
"870, Lorraine",,Boucherville,,,4551.6,1979,231900,582600,814500,2025,Logement,MAMH — Données Québec (rôle d'évaluation foncière),https://donneesouvertes.affmunqc.net/role/RL58033_2026.xml,,,,
"780, Lorraine",,Boucherville,,,176208.9,,775800,86000,861800,2025,Agricole,MAMH — Données Québec (rôle d'évaluation foncière),https://donneesouvertes.affmunqc.net/role/RL58033_2026.xml,,,,
"911, Lorraine",,Boucherville,,,3189.2,1914,208700,120400,329100,2025,Logement,MAMH — Données Québec (rôle d'évaluation foncière),https://donneesouvertes.affmunqc.net/role/RL58033_2026.xml,,,,
"880, Lorraine",,Boucherville,,,256276.5,,1038300,,1038300,2025,Agricole,MAMH — Données Québec (rôle d'évaluation foncière),https://donneesouvertes.affmunqc.net/role/RL58033_2026.xml,,,,
"870, Touraine",,Boucherville,,,1117.9,1972,134100,213900,348000,2025,Logement,MAMH — Données Québec (rôle d'évaluation foncière),https://donneesouvertes.affmunqc.net/role/RL58033_2026.xml,,,,
"850, Touraine",,Boucherville,,,60455.1,,477400,1266300,1743700,2025,Agricole,MAMH — Données Québec (rôle d'évaluation foncière),https://donneesouvertes.affmunqc.net/role/RL58033_2026.xml,,,,
"921, Touraine",,Boucherville,,,1292.7,1959,155100,231600,386700,2025,Logement,MAMH — Données Québec (rôle d'évaluation foncière),https://donneesouvertes.affmunqc.net/role/RL58033_2026.xml,,,,
"871, Touraine",,Boucherville,,,231675.1,,440200,,440200,2025,Terrain vacant,MAMH — Données Québec (rôle d'évaluation foncière),https://donneesouvertes.affmunqc.net/role/RL58033_2026.xml,,,,
"950, Touraine",,Boucherville,,,2508.3,1956,8800,72300,81100,2025,Logement,MAMH — Données Québec (rôle d'évaluation foncière),https://donneesouvertes.affmunqc.net/role/RL58033_2026.xml,,,,
"1001, Lorraine",,Boucherville,,,65265.6,,265400,21100,286500,2025,Agricole,MAMH — Données Québec (rôle d'évaluation foncière),https://donneesouvertes.affmunqc.net/role/RL58033_2026.xml,,,,
"1041, Lorraine",,Boucherville,,,60827.1,,260800,,260800,2025,Agricole,MAMH — Données Québec (rôle d'évaluation foncière),https://donneesouvertes.affmunqc.net/role/RL58033_2026.xml,,,,
"1150, Lorraine",,Boucherville,,,1028523.8,1960,4319300,8700,4328000,2025,Agricole,MAMH — Données Québec (rôle d'évaluation foncière),https://donneesouvertes.affmunqc.net/role/RL58033_2026.xml,,,,
"1071, Touraine, app. 1081",,Boucherville,,,2286.1,,193400,253400,446800,2025,Logement,MAMH — Données Québec (rôle d'évaluation foncière),https://donneesouvertes.affmunqc.net/role/RL58033_2026.xml,,,,
"1090, Touraine",,Boucherville,,,3183.8,1905,208600,232200,440800,2025,Logement,MAMH — Données Québec (rôle d'évaluation foncière),https://donneesouvertes.affmunqc.net/role/RL58033_2026.xml,,,,
"1201, Touraine",,Boucherville,,,131560.8,2005,544500,544600,1089100,2025,Logement,MAMH — Données Québec (rôle d'évaluation foncière),https://donneesouvertes.affmunqc.net/role/RL58033_2026.xml,,,,
"1231, Touraine",,Boucherville,,,908.3,1974,109000,314500,423500,2025,Logement,MAMH — Données Québec (rôle d'évaluation foncière),https://donneesouvertes.affmunqc.net/role/RL58033_2026.xml,,,,
"1291, Touraine",,Boucherville,,,1918.9,1900,177800,197300,375100,2025,Logement,MAMH — Données Québec (rôle d'évaluation foncière),https://donneesouvertes.affmunqc.net/role/RL58033_2026.xml,,,,
"1210, Anjou",,Boucherville,,,236827.4,,450000,,450000,2025,Terrain vacant,MAMH — Données Québec (rôle d'évaluation foncière),https://donneesouvertes.affmunqc.net/role/RL58033_2026.xml,,,,
"1321, Touraine",,Boucherville,,,352449.7,,675000,,675000,2025,Agricole,MAMH — Données Québec (rôle d'évaluation foncière),https://donneesouvertes.affmunqc.net/role/RL58033_2026.xml,,,,
"1451, Anjou",,Boucherville,,,237983.9,1960,997400,636000,1633400,2025,Agricole,MAMH — Données Québec (rôle d'évaluation foncière),https://donneesouvertes.affmunqc.net/role/RL58033_2026.xml,,,,
"1371, Anjou",,Boucherville,,,23770.5,1986,295800,371400,667200,2025,Logement,MAMH — Données Québec (rôle d'évaluation foncière),https://donneesouvertes.affmunqc.net/role/RL58033_2026.xml,,,,
"320, Bretagne",,Boucherville,,,61880,,262100,,262100,2025,Agricole,MAMH — Données Québec (rôle d'évaluation foncière),https://donneesouvertes.affmunqc.net/role/RL58033_2026.xml,,,,
"2121, De Montarville",,Boucherville,,,27833.5,1968,308000,1970000,2278000,2025,,MAMH — Données Québec (rôle d'évaluation foncière),https://donneesouvertes.affmunqc.net/role/RL58033_2026.xml,,,,
"550, Acier",,Boucherville,,,14434.5,,27400,,27400,2025,Terrain vacant,MAMH — Données Québec (rôle d'évaluation foncière),https://donneesouvertes.affmunqc.net/role/RL58033_2026.xml,,,,
"680, Lorraine",,Boucherville,,,368375.2,,1535400,,1535400,2025,Agricole,MAMH — Données Québec (rôle d'évaluation foncière),https://donneesouvertes.affmunqc.net/role/RL58033_2026.xml,,,,
"1700, Eiffel",,Boucherville,,,440015.3,,1374300,61600,1435900,2025,Agricole,MAMH — Données Québec (rôle d'évaluation foncière),https://donneesouvertes.affmunqc.net/role/RL58033_2026.xml,,,,
"1750, Eiffel",,Boucherville,,,86102.9,1991,5588300,20951500,26539800,2025,Immeuble à bureaux,MAMH — Données Québec (rôle d'évaluation foncière),https://donneesouvertes.affmunqc.net/role/RL58033_2026.xml,,,,
"1744, Eiffel",,Boucherville,,,177082.8,,727200,,727200,2025,Agricole,MAMH — Données Québec (rôle d'évaluation foncière),https://donneesouvertes.affmunqc.net/role/RL58033_2026.xml,,,,
"800, Acier",,Boucherville,,,189375.8,,689300,,689300,2025,Agricole,MAMH — Données Québec (rôle d'évaluation foncière),https://donneesouvertes.affmunqc.net/role/RL58033_2026.xml,,,,
"910, Lorraine",,Boucherville,,,251456.8,,1072300,,1072300,2025,Agricole,MAMH — Données Québec (rôle d'évaluation foncière),https://donneesouvertes.affmunqc.net/role/RL58033_2026.xml,,,,
"950, Lorraine",,Boucherville,,,117750.9,1986,621600,1035400,1657000,2025,Agricole,MAMH — Données Québec (rôle d'évaluation foncière),https://donneesouvertes.affmunqc.net/role/RL58033_2026.xml,,,,
"1020, Lorraine",,Boucherville,,,182272.8,,761900,,761900,2025,Agricole,MAMH — Données Québec (rôle d'évaluation foncière),https://donneesouvertes.affmunqc.net/role/RL58033_2026.xml,,,,
"1080, Lorraine",,Boucherville,,,123254.9,2001,707100,414200,1121300,2025,Agricole,MAMH — Données Québec (rôle d'évaluation foncière),https://donneesouvertes.affmunqc.net/role/RL58033_2026.xml,,,,
"1202, Lorraine",,Boucherville,,,34977.2,,269200,362700,631900,2025,Institutionnel,MAMH — Données Québec (rôle d'évaluation foncière),https://donneesouvertes.affmunqc.net/role/RL58033_2026.xml,,,,
"1380, Lorraine",,Boucherville,,,693541.7,,3087200,,3087200,2025,Agricole,MAMH — Données Québec (rôle d'évaluation foncière),https://donneesouvertes.affmunqc.net/role/RL58033_2026.xml,,,,
"1283, Lorraine",,Boucherville,,,17908.3,,82400,,82400,2025,Terrain vacant,MAMH — Données Québec (rôle d'évaluation foncière),https://donneesouvertes.affmunqc.net/role/RL58033_2026.xml,,,,
"1321, Lorraine",,Boucherville,,,98189.4,1814,620100,187000,807100,2025,Agricole,MAMH — Données Québec (rôle d'évaluation foncière),https://donneesouvertes.affmunqc.net/role/RL58033_2026.xml,,,,
"1281, Lorraine",,Boucherville,,,4729.7,1970,234900,369300,604200,2025,Logement,MAMH — Données Québec (rôle d'évaluation foncière),https://donneesouvertes.affmunqc.net/role/RL58033_2026.xml,,,,
"1361, Lorraine",,Boucherville,,,933.4,1920,112000,267500,379500,2025,Logement,MAMH — Données Québec (rôle d'évaluation foncière),https://donneesouvertes.affmunqc.net/role/RL58033_2026.xml,,,,
"1385, Touraine",,Boucherville,,,40193.6,,172600,,172600,2025,Agricole,MAMH — Données Québec (rôle d'évaluation foncière),https://donneesouvertes.affmunqc.net/role/RL58033_2026.xml,,,,
"1000, Lorraine",,Boucherville,,,252323.9,,1016000,378000,1394000,2025,Agricole,MAMH — Données Québec (rôle d'évaluation foncière),https://donneesouvertes.affmunqc.net/role/RL58033_2026.xml,,,,
"1825, Jean-lesage",,Boucherville,,,8397.6,,16000,,16000,2025,Terrain vacant,MAMH — Données Québec (rôle d'évaluation foncière),https://donneesouvertes.affmunqc.net/role/RL58033_2026.xml,,,,
"1200, Lorraine",,Boucherville,,,122284.1,2013,688700,619300,1308000,2025,Agricole,MAMH — Données Québec (rôle d'évaluation foncière),https://donneesouvertes.affmunqc.net/role/RL58033_2026.xml,,,,
"1820, Eiffel",,Boucherville,,,105054.2,,199600,,199600,2025,Terrain vacant,MAMH — Données Québec (rôle d'évaluation foncière),https://donneesouvertes.affmunqc.net/role/RL58033_2026.xml,,,,
"1850, Eiffel",,Boucherville,,,30888.2,,58700,,58700,2025,Terrain vacant,MAMH — Données Québec (rôle d'évaluation foncière),https://donneesouvertes.affmunqc.net/role/RL58033_2026.xml,,,,
"1200, Acier",,Boucherville,,,131287.7,,512300,,512300,2025,Agricole,MAMH — Données Québec (rôle d'évaluation foncière),https://donneesouvertes.affmunqc.net/role/RL58033_2026.xml,,,,
"1081, Promenades",,Saint-Bruno-de-Montarville,,,119371.4,,31973900,,31973900,2025,Terrain vacant,MAMH — Données Québec (rôle d'évaluation foncière),https://donneesouvertes.affmunqc.net/role/RL58037_2026.xml,,,,
"1001, Saint-bruno",,Saint-Bruno-de-Montarville,,,6622.1,,556300,,556300,2025,Terrain vacant,MAMH — Données Québec (rôle d'évaluation foncière),https://donneesouvertes.affmunqc.net/role/RL58037_2026.xml,,,,
"1011, Saint-bruno, app. 1191",,Saint-Bruno-de-Montarville,,,43970.6,,6048900,5086700,11135600,2025,Immeuble à bureaux,MAMH — Données Québec (rôle d'évaluation foncière),https://donneesouvertes.affmunqc.net/role/RL58037_2026.xml,,,,
"901, Andrée-champagne",,Saint-Bruno-de-Montarville,,,46948.1,2001,10304900,6869700,17174600,2025,Immeuble à bureaux,MAMH — Données Québec (rôle d'évaluation foncière),https://donneesouvertes.affmunqc.net/role/RL58037_2026.xml,,,,
"1201, Saint-bruno, app. 1211",,Saint-Bruno-de-Montarville,,,9883.4,2002,2978900,4276000,7254900,2025,Immeuble à bureaux,MAMH — Données Québec (rôle d'évaluation foncière),https://donneesouvertes.affmunqc.net/role/RL58037_2026.xml,,,,
"900, Andrée-champagne",,Saint-Bruno-de-Montarville,,,32409.6,2000,7935100,4929700,12864800,2025,Immeuble à bureaux,MAMH — Données Québec (rôle d'évaluation foncière),https://donneesouvertes.affmunqc.net/role/RL58037_2026.xml,,,,
"1301, Saint-bruno, app. 1311",,Saint-Bruno-de-Montarville,,,10499.4,2004,3129800,1133200,4263000,2025,Immeuble à bureaux,MAMH — Données Québec (rôle d'évaluation foncière),https://donneesouvertes.affmunqc.net/role/RL58037_2026.xml,,,,
"1465, Saint-bruno, app. 1495",,Saint-Bruno-de-Montarville,,,91512.7,,17569000,18479000,36048000,2025,Immeuble à bureaux,MAMH — Données Québec (rôle d'évaluation foncière),https://donneesouvertes.affmunqc.net/role/RL58037_2026.xml,,,,
"1001, Promenades",,Saint-Bruno-de-Montarville,,,441.8,2020,72900,489600,562500,2025,Immeuble commercial,MAMH — Données Québec (rôle d'évaluation foncière),https://donneesouvertes.affmunqc.net/role/RL58037_2026.xml,,,,
"951, Canal",,Saint-Bruno-de-Montarville,,,394193.7,2023,23667800,142456200,166124000,2025,Immeuble à bureaux,MAMH — Données Québec (rôle d'évaluation foncière),https://donneesouvertes.affmunqc.net/role/RL58037_2026.xml,,,,
"629, De La Rabastalière O",,Saint-Bruno-de-Montarville,,,277693.7,,24184300,,24184300,2025,Immeuble commercial,MAMH — Données Québec (rôle d'évaluation foncière),https://donneesouvertes.affmunqc.net/role/RL58037_2026.xml,,,,
"1100, Vingt-cinq O",,Saint-Bruno-de-Montarville,,,24582.5,1930,2549900,8300,2558200,2025,Terrain vacant,MAMH — Données Québec (rôle d'évaluation foncière),https://donneesouvertes.affmunqc.net/role/RL58037_2026.xml,,,,
"1300, Clairevue O",,Saint-Bruno-de-Montarville,,,33604.9,2020,3019100,8478300,11497400,2025,,MAMH — Données Québec (rôle d'évaluation foncière),https://donneesouvertes.affmunqc.net/role/RL58037_2026.xml,,,,
"605, Vingt-cinq O",,Saint-Bruno-de-Montarville,,,635759.4,,2703800,,2703800,2025,Agricole,MAMH — Données Québec (rôle d'évaluation foncière),https://donneesouvertes.affmunqc.net/role/RL58037_2026.xml,,,,
"1261, Promenades",,Saint-Bruno-de-Montarville,,,27847.6,,100,,100,2025,Immeuble commercial,MAMH — Données Québec (rôle d'évaluation foncière),https://donneesouvertes.affmunqc.net/role/RL58037_2026.xml,,,,
"1000, Saint-bruno",,Saint-Bruno-de-Montarville,,,91876.2,2019,19391000,6626300,26017300,2025,Immeuble à bureaux,MAMH — Données Québec (rôle d'évaluation foncière),https://donneesouvertes.affmunqc.net/role/RL58037_2026.xml,,,,
"10, Saint-bruno",,Saint-Bruno-de-Montarville,,,27945.6,,5967800,,5967800,2025,Terrain vacant,MAMH — Données Québec (rôle d'évaluation foncière),https://donneesouvertes.affmunqc.net/role/RL58037_2026.xml,,,,
"555, Promenades",,Saint-Bruno-de-Montarville,,,20191.6,,3658700,,3658700,2025,Terrain vacant,MAMH — Données Québec (rôle d'évaluation foncière),https://donneesouvertes.affmunqc.net/role/RL58037_2026.xml,,,,
"1251, Promenades",,Saint-Bruno-de-Montarville,,,33511.4,2023,8520500,12424500,20945000,2025,Immeuble à bureaux,MAMH — Données Québec (rôle d'évaluation foncière),https://donneesouvertes.affmunqc.net/role/RL58037_2026.xml,,,,
"1221, Promenades",,Saint-Bruno-de-Montarville,,,52684.8,1996,11240000,10406900,21646900,2025,Immeuble à bureaux,MAMH — Données Québec (rôle d'évaluation foncière),https://donneesouvertes.affmunqc.net/role/RL58037_2026.xml,,,,
"800, Promenades",,Saint-Bruno-de-Montarville,,,36363.4,1978,8579600,3431600,12011200,2025,Immeuble à bureaux,MAMH — Données Québec (rôle d'évaluation foncière),https://donneesouvertes.affmunqc.net/role/RL58037_2026.xml,,,,
"1, Promenades",,Saint-Bruno-de-Montarville,,,284273.7,,48989000,349937500,398926500,2025,Immeuble à bureaux,MAMH — Données Québec (rôle d'évaluation foncière),https://donneesouvertes.affmunqc.net/role/RL58037_2026.xml,,,,
"1231, Promenades, app. 1241",,Saint-Bruno-de-Montarville,,,25469.1,,6797300,9276100,16073400,2025,Immeuble à bureaux,MAMH — Données Québec (rôle d'évaluation foncière),https://donneesouvertes.affmunqc.net/role/RL58037_2026.xml,,,,
"1191, Promenades, app. 1201",,Saint-Bruno-de-Montarville,,,18875.4,,5181900,7416300,12598200,2025,Immeuble à bureaux,MAMH — Données Québec (rôle d'évaluation foncière),https://donneesouvertes.affmunqc.net/role/RL58037_2026.xml,,,,
"755, Promenades",,Saint-Bruno-de-Montarville,,,22874,2017,3928000,1865300,5793300,2025,Immeuble à bureaux,MAMH — Données Québec (rôle d'évaluation foncière),https://donneesouvertes.affmunqc.net/role/RL58037_2026.xml,,,,
"855, Promenades",,Saint-Bruno-de-Montarville,,,3590.6,,758500,,758500,2025,Terrain vacant,MAMH — Données Québec (rôle d'évaluation foncière),https://donneesouvertes.affmunqc.net/role/RL58037_2026.xml,,,,
"961, Canal",,Saint-Bruno-de-Montarville,,,39943.4,1950,1521400,100,1521500,2025,Logement,MAMH — Données Québec (rôle d'évaluation foncière),https://donneesouvertes.affmunqc.net/role/RL58037_2026.xml,,,,
"1415, René-descartes",,Saint-Bruno-de-Montarville,,,13245.2,,1589400,,1589400,2025,Terrain vacant,MAMH — Données Québec (rôle d'évaluation foncière),https://donneesouvertes.affmunqc.net/role/RL58037_2026.xml,,,,
"1355, René-descartes",,Saint-Bruno-de-Montarville,,,9290,2022,1114800,4857800,5972600,2025,Industrie,MAMH — Données Québec (rôle d'évaluation foncière),https://donneesouvertes.affmunqc.net/role/RL58037_2026.xml,,,,
"971, Canal",,Saint-Bruno-de-Montarville,,,7099.7,1955,809400,100,809500,2025,Logement,MAMH — Données Québec (rôle d'évaluation foncière),https://donneesouvertes.affmunqc.net/role/RL58037_2026.xml,,,,
"1395, René-descartes",,Saint-Bruno-de-Montarville,,,12122.9,2017,1454700,4485000,5939700,2025,Industrie,MAMH — Données Québec (rôle d'évaluation foncière),https://donneesouvertes.affmunqc.net/role/RL58037_2026.xml,,,,
"655, Promenades",,Saint-Bruno-de-Montarville,,,16401.5,1991,4575800,4888700,9464500,2025,Immeuble à bureaux,MAMH — Données Québec (rôle d'évaluation foncière),https://donneesouvertes.affmunqc.net/role/RL58037_2026.xml,,,,
"657, Promenades",,Saint-Bruno-de-Montarville,,,262.1,,17000,,17000,2025,Terrain vacant,MAMH — Données Québec (rôle d'évaluation foncière),https://donneesouvertes.affmunqc.net/role/RL58037_2026.xml,,,,
"981, Canal",,Saint-Bruno-de-Montarville,,,31706.9,,1904100,,1904100,2025,Terrain vacant,MAMH — Données Québec (rôle d'évaluation foncière),https://donneesouvertes.affmunqc.net/role/RL58037_2026.xml,,,,
"1420, René-descartes",,Saint-Bruno-de-Montarville,,,18012.7,2023,2161500,14317200,16478700,2025,,MAMH — Données Québec (rôle d'évaluation foncière),https://donneesouvertes.affmunqc.net/role/RL58037_2026.xml,,,,
"1400, René-descartes",,Saint-Bruno-de-Montarville,,,15694.2,2016,1883300,6816700,8700000,2025,Immeuble commercial,MAMH — Données Québec (rôle d'évaluation foncière),https://donneesouvertes.affmunqc.net/role/RL58037_2026.xml,,,,
"1340, René-descartes",,Saint-Bruno-de-Montarville,,,22858.4,2020,2460200,8755600,11215800,2025,,MAMH — Données Québec (rôle d'évaluation foncière),https://donneesouvertes.affmunqc.net/role/RL58037_2026.xml,,,,
"1380, René-descartes",,Saint-Bruno-de-Montarville,,,20887.4,,2357700,,2357700,2025,Terrain vacant,MAMH — Données Québec (rôle d'évaluation foncière),https://donneesouvertes.affmunqc.net/role/RL58037_2026.xml,,,,
"950, Graham-bell",,Saint-Bruno-de-Montarville,,,507.5,,60900,,60900,2025,Terrain vacant,MAMH — Données Québec (rôle d'évaluation foncière),https://donneesouvertes.affmunqc.net/role/RL58037_2026.xml,,,,
"1200, Lenoir",,Saint-Bruno-de-Montarville,,,36099.3,2011,1574400,1976300,3550700,2025,Immeuble commercial,MAMH — Données Québec (rôle d'évaluation foncière),https://donneesouvertes.affmunqc.net/role/RL58037_2026.xml,,,,
"1201, Lenoir",,Saint-Bruno-de-Montarville,,,3322.7,1966,49800,339600,389400,2025,Immeuble commercial,MAMH — Données Québec (rôle d'évaluation foncière),https://donneesouvertes.affmunqc.net/role/RL58037_2026.xml,,,,
"1395, Marie-victorin",,Saint-Bruno-de-Montarville,,,60682,,3819200,3808000,7627200,2025,Industrie,MAMH — Données Québec (rôle d'évaluation foncière),https://donneesouvertes.affmunqc.net/role/RL58037_2026.xml,,,,
"1365, Marie-victorin, app. 1375",,Saint-Bruno-de-Montarville,,,28224.6,,3330000,11012700,14342700,2025,Industrie,MAMH — Données Québec (rôle d'évaluation foncière),https://donneesouvertes.affmunqc.net/role/RL58037_2026.xml,,,,
"1305, Marie-victorin, app. 1321",,Saint-Bruno-de-Montarville,,,28853.6,,3402100,10641600,14043700,2025,,MAMH — Données Québec (rôle d'évaluation foncière),https://donneesouvertes.affmunqc.net/role/RL58037_2026.xml,,,,
"1311, Marie-victorin",,Saint-Bruno-de-Montarville,,,5600,1970,672000,1033200,1705200,2025,,MAMH — Données Québec (rôle d'évaluation foncière),https://donneesouvertes.affmunqc.net/role/RL58037_2026.xml,,,,
"1335, René-descartes",,Saint-Bruno-de-Montarville,,,8995.3,2023,1079400,7025300,8104700,2025,,MAMH — Données Québec (rôle d'évaluation foncière),https://donneesouvertes.affmunqc.net/role/RL58037_2026.xml,,,,
"1221, Clairevue O",,Saint-Bruno-de-Montarville,,,48108,,208700,,208700,2025,Agricole,MAMH — Données Québec (rôle d'évaluation foncière),https://donneesouvertes.affmunqc.net/role/RL58037_2026.xml,,,,
"980, Vingt-cinq O",,Saint-Bruno-de-Montarville,,,1915.2,1940,187100,280800,467900,2025,Logement,MAMH — Données Québec (rôle d'évaluation foncière),https://donneesouvertes.affmunqc.net/role/RL58037_2026.xml,,,,
"1315, René-descartes",,Saint-Bruno-de-Montarville,,,19075.3,2008,2263500,7578200,9841700,2025,,MAMH — Données Québec (rôle d'évaluation foncière),https://donneesouvertes.affmunqc.net/role/RL58037_2026.xml,,,,
"1295, René-descartes",,Saint-Bruno-de-Montarville,,,13537.3,2019,1624500,7903600,9528100,2025,,MAMH — Données Québec (rôle d'évaluation foncière),https://donneesouvertes.affmunqc.net/role/RL58037_2026.xml,,,,
"1320, René-descartes",,Saint-Bruno-de-Montarville,,,14694.1,2012,1763300,6175600,7938900,2025,Industrie,MAMH — Données Québec (rôle d'évaluation foncière),https://donneesouvertes.affmunqc.net/role/RL58037_2026.xml,,,,
"1300, René-descartes",,Saint-Bruno-de-Montarville,,,15938.2,2009,1912600,4080400,5993000,2025,,MAMH — Données Québec (rôle d'évaluation foncière),https://donneesouvertes.affmunqc.net/role/RL58037_2026.xml,,,,
"900, Vingt-cinq O",,Saint-Bruno-de-Montarville,,,65472.7,,282500,,282500,2025,Agricole,MAMH — Données Québec (rôle d'évaluation foncière),https://donneesouvertes.affmunqc.net/role/RL58037_2026.xml,,,,
"800, Vingt-cinq O",,Saint-Bruno-de-Montarville,,,2601.2,1920,198700,144700,343400,2025,Logement,MAMH — Données Québec (rôle d'évaluation foncière),https://donneesouvertes.affmunqc.net/role/RL58037_2026.xml,,,,
"1200, Clairevue O",,Saint-Bruno-de-Montarville,,,1524,1990,182900,365900,548800,2025,Immeuble commercial,MAMH — Données Québec (rôle d'évaluation foncière),https://donneesouvertes.affmunqc.net/role/RL58037_2026.xml,,,,
"700, Vingt-cinq O",,Saint-Bruno-de-Montarville,,,2585.1,1929,178600,335300,513900,2025,Logement,MAMH — Données Québec (rôle d'évaluation foncière),https://donneesouvertes.affmunqc.net/role/RL58037_2026.xml,,,,
"1000, Clairevue O, app. 1090",,Saint-Bruno-de-Montarville,,,12762.1,2022,1531500,7679100,9210600,2025,Immeuble à bureaux,MAMH — Données Québec (rôle d'évaluation foncière),https://donneesouvertes.affmunqc.net/role/RL58037_2026.xml,,,,
"1001, Jean-talon",,Saint-Bruno-de-Montarville,,,11375.9,2022,1365100,8371500,9736600,2025,Immeuble à bureaux,MAMH — Données Québec (rôle d'évaluation foncière),https://donneesouvertes.affmunqc.net/role/RL58037_2026.xml,,,,
"780, Vingt-cinq O",,Saint-Bruno-de-Montarville,,,217506.7,,978900,,978900,2025,Agricole,MAMH — Données Québec (rôle d'évaluation foncière),https://donneesouvertes.affmunqc.net/role/RL58037_2026.xml,,,,
"1299, Marie-victorin",,Saint-Bruno-de-Montarville,,,42669.2,,4083800,11015300,15099100,2025,,MAMH — Données Québec (rôle d'évaluation foncière),https://donneesouvertes.affmunqc.net/role/RL58037_2026.xml,,,,
"1201, Marie-victorin, app. 1203",,Saint-Bruno-de-Montarville,,,48310.6,,4594100,9818400,14412500,2025,Industrie,MAMH — Données Québec (rôle d'évaluation foncière),https://donneesouvertes.affmunqc.net/role/RL58037_2026.xml,,,,
"1101, Parent",,Saint-Bruno-de-Montarville,,,36518.3,1992,3709500,13851100,17560600,2025,Industrie,MAMH — Données Québec (rôle d'évaluation foncière),https://donneesouvertes.affmunqc.net/role/RL58037_2026.xml,,,,
"585, Vingt-cinq O",,Saint-Bruno-de-Montarville,,,12284.9,,273000,14900,287900,2025,Agricole,MAMH — Données Québec (rôle d'évaluation foncière),https://donneesouvertes.affmunqc.net/role/RL58037_2026.xml,,,,
"595, Vingt-cinq O",,Saint-Bruno-de-Montarville,,,2873,1964,164700,666000,830700,2025,Logement,MAMH — Données Québec (rôle d'évaluation foncière),https://donneesouvertes.affmunqc.net/role/RL58037_2026.xml,,,,
"575, Vingt-cinq O",,Saint-Bruno-de-Montarville,,,1610.2,1920,154600,289000,443600,2025,Logement,MAMH — Données Québec (rôle d'évaluation foncière),https://donneesouvertes.affmunqc.net/role/RL58037_2026.xml,,,,
"500, Vingt-cinq O",,Saint-Bruno-de-Montarville,,,63789.1,,293400,,293400,2025,Agricole,MAMH — Données Québec (rôle d'évaluation foncière),https://donneesouvertes.affmunqc.net/role/RL58037_2026.xml,,,,
"559, Vingt-cinq O",,Saint-Bruno-de-Montarville,,,1994.8,,3800,,3800,2025,Terrain vacant,MAMH — Données Québec (rôle d'évaluation foncière),https://donneesouvertes.affmunqc.net/role/RL58037_2026.xml,,,,
"555, Vingt-cinq O",,Saint-Bruno-de-Montarville,,,3000.2,1959,205500,383300,588800,2025,Logement,MAMH — Données Québec (rôle d'évaluation foncière),https://donneesouvertes.affmunqc.net/role/RL58037_2026.xml,,,,
"551, Vingt-cinq O",,Saint-Bruno-de-Montarville,,,7982,,36700,10500,47200,2025,Agricole,MAMH — Données Québec (rôle d'évaluation foncière),https://donneesouvertes.affmunqc.net/role/RL58037_2026.xml,,,,
"400, Vingt-cinq O",,Saint-Bruno-de-Montarville,,,32058.8,,147500,,147500,2025,Agricole,MAMH — Données Québec (rôle d'évaluation foncière),https://donneesouvertes.affmunqc.net/role/RL58037_2026.xml,,,,
"545, Vingt-cinq O",,Saint-Bruno-de-Montarville,,,779,1864,93500,367100,460600,2025,Logement,MAMH — Données Québec (rôle d'évaluation foncière),https://donneesouvertes.affmunqc.net/role/RL58037_2026.xml,,,,
"415, Vingt-cinq O",,Saint-Bruno-de-Montarville,,,56378,,259300,,259300,2025,Agricole,MAMH — Données Québec (rôle d'évaluation foncière),https://donneesouvertes.affmunqc.net/role/RL58037_2026.xml,,,,
"1081, Parent",,Saint-Bruno-de-Montarville,,,19242.6,2013,2658500,17938000,20596500,2025,,MAMH — Données Québec (rôle d'évaluation foncière),https://donneesouvertes.affmunqc.net/role/RL58037_2026.xml,,,,
"1061, Parent",,Saint-Bruno-de-Montarville,,,22500,2002,2685800,7346300,10032100,2025,Industrie,MAMH — Données Québec (rôle d'évaluation foncière),https://donneesouvertes.affmunqc.net/role/RL58037_2026.xml,,,,
"1041, Parent",,Saint-Bruno-de-Montarville,,,61023.6,2000,4682600,19977100,24659700,2025,,MAMH — Données Québec (rôle d'évaluation foncière),https://donneesouvertes.affmunqc.net/role/RL58037_2026.xml,,,,
"1020, Parent",,Saint-Bruno-de-Montarville,,,24960.6,2025,2569600,23305900,25875500,2025,Industrie,MAMH — Données Québec (rôle d'évaluation foncière),https://donneesouvertes.affmunqc.net/role/RL58037_2026.xml,,,,
"960, Parent, app. 992",,Saint-Bruno-de-Montarville,,,39235.5,2023,3311800,32526400,35838200,2025,Immeuble à bureaux,MAMH — Données Québec (rôle d'évaluation foncière),https://donneesouvertes.affmunqc.net/role/RL58037_2026.xml,,,,
"900, Parent",,Saint-Bruno-de-Montarville,,,2787.1,,334500,,334500,2025,Terrain vacant,MAMH — Données Québec (rôle d'évaluation foncière),https://donneesouvertes.affmunqc.net/role/RL58037_2026.xml,,,,
"79, Montarville",,Saint-Bruno-de-Montarville,,,7232,,177500,,177500,2025,Agricole,MAMH — Données Québec (rôle d'évaluation foncière),https://donneesouvertes.affmunqc.net/role/RL58037_2026.xml,,,,
"100, Montarville",,Saint-Bruno-de-Montarville,,,420784.3,,1835400,,1835400,2025,Agricole,MAMH — Données Québec (rôle d'évaluation foncière),https://donneesouvertes.affmunqc.net/role/RL58037_2026.xml,,,,
"855, Sabourin",,Saint-Bruno-de-Montarville,,,147489.9,,597900,,597900,2025,Agricole,MAMH — Données Québec (rôle d'évaluation foncière),https://donneesouvertes.affmunqc.net/role/RL58037_2026.xml,,,,
"800, Sabourin",,Saint-Bruno-de-Montarville,,,150808.9,,667400,,667400,2025,Agricole,MAMH — Données Québec (rôle d'évaluation foncière),https://donneesouvertes.affmunqc.net/role/RL58037_2026.xml,,,,
"730, Sabourin, app. 797",,Saint-Bruno-de-Montarville,,,316823.8,,1340000,,1340000,2025,Agricole,MAMH — Données Québec (rôle d'évaluation foncière),https://donneesouvertes.affmunqc.net/role/RL58037_2026.xml,,,,
"815, Sabourin",,Saint-Bruno-de-Montarville,,,711.1,,3300,,3300,2025,Agricole,MAMH — Données Québec (rôle d'évaluation foncière),https://donneesouvertes.affmunqc.net/role/RL58037_2026.xml,,,,
"1350, Marie-victorin, app. 1354",,Saint-Bruno-de-Montarville,,,9900.1,2000,1188000,4281600,5469600,2025,Industrie,MAMH — Données Québec (rôle d'évaluation foncière),https://donneesouvertes.affmunqc.net/role/RL58037_2026.xml,,,,
"1400, Marie-victorin, app. 1418",,Saint-Bruno-de-Montarville,,,10177.8,,1221300,5628700,6850000,2025,Industrie,MAMH — Données Québec (rôle d'évaluation foncière),https://donneesouvertes.affmunqc.net/role/RL58037_2026.xml,,,,
"1376, Marie-victorin",,Saint-Bruno-de-Montarville,,,17793.5,2006,1787200,8160400,9947600,2025,Industrie,MAMH — Données Québec (rôle d'évaluation foncière),https://donneesouvertes.affmunqc.net/role/RL58037_2026.xml,,,,
"900, Sagard",,Saint-Bruno-de-Montarville,,,6259.1,2002,751100,1157000,1908100,2025,,MAMH — Données Québec (rôle d'évaluation foncière),https://donneesouvertes.affmunqc.net/role/RL58037_2026.xml,,,,
"785, Sabourin",,Saint-Bruno-de-Montarville,,,32007.6,,144400,,144400,2025,Agricole,MAMH — Données Québec (rôle d'évaluation foncière),https://donneesouvertes.affmunqc.net/role/RL58037_2026.xml,,,,
"1425, Marie-victorin",,Saint-Bruno-de-Montarville,,,44835.6,2013,3134700,886200,4020900,2025,Immeuble commercial,MAMH — Données Québec (rôle d'évaluation foncière),https://donneesouvertes.affmunqc.net/role/RL58037_2026.xml,,,,
"1450, Marie-victorin",,Saint-Bruno-de-Montarville,,,11148.4,1967,1337800,914300,2252100,2025,Industrie,MAMH — Données Québec (rôle d'évaluation foncière),https://donneesouvertes.affmunqc.net/role/RL58037_2026.xml,,,,
"800, Sagard",,Saint-Bruno-de-Montarville,,,10444.5,1999,1002700,932700,1935400,2025,,MAMH — Données Québec (rôle d'évaluation foncière),https://donneesouvertes.affmunqc.net/role/RL58037_2026.xml,,,,
"750, Sabourin",,Saint-Bruno-de-Montarville,,,429.3,,2000,,2000,2025,Agricole,MAMH — Données Québec (rôle d'évaluation foncière),https://donneesouvertes.affmunqc.net/role/RL58037_2026.xml,,,,
"741, Sabourin",,Saint-Bruno-de-Montarville,,,1294.7,1920,155400,167800,323200,2025,Logement,MAMH — Données Québec (rôle d'évaluation foncière),https://donneesouvertes.affmunqc.net/role/RL58037_2026.xml,,,,
"739, Sabourin",,Saint-Bruno-de-Montarville,,,2508.8,,145800,,145800,2025,Agricole,MAMH — Données Québec (rôle d'évaluation foncière),https://donneesouvertes.affmunqc.net/role/RL58037_2026.xml,,,,
"735, Sabourin",,Saint-Bruno-de-Montarville,,,1596.9,,167200,,167200,2025,Agricole,MAMH — Données Québec (rôle d'évaluation foncière),https://donneesouvertes.affmunqc.net/role/RL58037_2026.xml,,,,
"1475, Marie-victorin",,Saint-Bruno-de-Montarville,,,18366.4,1970,1797300,2004600,3801900,2025,,MAMH — Données Québec (rôle d'évaluation foncière),https://donneesouvertes.affmunqc.net/role/RL58037_2026.xml,,,,
"720, Sabourin",,Saint-Bruno-de-Montarville,,,2468,1958,196500,335300,531800,2025,Logement,MAMH — Données Québec (rôle d'évaluation foncière),https://donneesouvertes.affmunqc.net/role/RL58037_2026.xml,,,,
"1495, Marie-victorin",,Saint-Bruno-de-Montarville,,,,1997,,270600,270600,2025,Immeuble commercial,MAMH — Données Québec (rôle d'évaluation foncière),https://donneesouvertes.affmunqc.net/role/RL58037_2026.xml,,,,
"1505, Marie-victorin",,Saint-Bruno-de-Montarville,,,13251.2,2008,1590100,2855900,4446000,2025,Industrie,MAMH — Données Québec (rôle d'évaluation foncière),https://donneesouvertes.affmunqc.net/role/RL58037_2026.xml,,,,
"1500, Marie-victorin, app. 1530",,Saint-Bruno-de-Montarville,,,15537.7,1973,1443400,1812100,3255500,2025,Immeuble à bureaux,MAMH — Données Québec (rôle d'évaluation foncière),https://donneesouvertes.affmunqc.net/role/RL58037_2026.xml,,,,
"600, Sagard",,Saint-Bruno-de-Montarville,,,12359.2,,1483100,5868400,7351500,2025,Immeuble commercial,MAMH — Données Québec (rôle d'évaluation foncière),https://donneesouvertes.affmunqc.net/role/RL58037_2026.xml,,,,
"685, Sabourin",,Saint-Bruno-de-Montarville,,,2353.2,,194500,,194500,2025,Agricole,MAMH — Données Québec (rôle d'évaluation foncière),https://donneesouvertes.affmunqc.net/role/RL58037_2026.xml,,,,
"1515, Marie-victorin",,Saint-Bruno-de-Montarville,,,12981.6,1974,1448700,236900,1685600,2025,Immeuble commercial,MAMH — Données Québec (rôle d'évaluation foncière),https://donneesouvertes.affmunqc.net/role/RL58037_2026.xml,,,,
"1545, Marie-victorin",,Saint-Bruno-de-Montarville,,,11311.2,1996,1357300,5782900,7140200,2025,Immeuble à bureaux,MAMH — Données Québec (rôle d'évaluation foncière),https://donneesouvertes.affmunqc.net/role/RL58037_2026.xml,,,,
"1560, Marie-victorin",,Saint-Bruno-de-Montarville,,,11858.2,1972,1423000,2195400,3618400,2025,,MAMH — Données Québec (rôle d'évaluation foncière),https://donneesouvertes.affmunqc.net/role/RL58037_2026.xml,,,,
"592, Sagard",,Saint-Bruno-de-Montarville,,,2649.9,,159000,,159000,2025,Immeuble commercial,MAMH — Données Québec (rôle d'évaluation foncière),https://donneesouvertes.affmunqc.net/role/RL58037_2026.xml,,,,
"596, Sagard",,Saint-Bruno-de-Montarville,,,11326,,1359100,,1359100,2025,Immeuble commercial,MAMH — Données Québec (rôle d'évaluation foncière),https://donneesouvertes.affmunqc.net/role/RL58037_2026.xml,,,,
"590, Sagard",,Saint-Bruno-de-Montarville,,,8361.2,1985,802700,1284800,2087500,2025,,MAMH — Données Québec (rôle d'évaluation foncière),https://donneesouvertes.affmunqc.net/role/RL58037_2026.xml,,,,
"1700, Marie-victorin",,Saint-Bruno-de-Montarville,,,17132.6,1974,2055900,2421500,4477400,2025,,MAMH — Données Québec (rôle d'évaluation foncière),https://donneesouvertes.affmunqc.net/role/RL58037_2026.xml,,,,
"1750, Marie-victorin",,Saint-Bruno-de-Montarville,,,,1997,,527100,527100,2025,Immeuble commercial,MAMH — Données Québec (rôle d'évaluation foncière),https://donneesouvertes.affmunqc.net/role/RL58037_2026.xml,,,,
"1760, Marie-victorin, app. 1780",,Saint-Bruno-de-Montarville,,,12245.4,2013,1469400,3228800,4698200,2025,Immeuble à bureaux,MAMH — Données Québec (rôle d'évaluation foncière),https://donneesouvertes.affmunqc.net/role/RL58037_2026.xml,,,,
"570, Sagard",,Saint-Bruno-de-Montarville,,,13000.2,,1560000,1405500,2965500,2025,,MAMH — Données Québec (rôle d'évaluation foncière),https://donneesouvertes.affmunqc.net/role/RL58037_2026.xml,,,,
"550, Sagard",,Saint-Bruno-de-Montarville,,,19238.3,,2272000,3541000,5813000,2025,Immeuble à bureaux,MAMH — Données Québec (rôle d'évaluation foncière),https://donneesouvertes.affmunqc.net/role/RL58037_2026.xml,,,,
"555, Sabourin",,Saint-Bruno-de-Montarville,,,8371,1920,273600,170300,443900,2025,Logement,MAMH — Données Québec (rôle d'évaluation foncière),https://donneesouvertes.affmunqc.net/role/RL58037_2026.xml,,,,
"1775, Marie-victorin, app. 1795",,Saint-Bruno-de-Montarville,,,51832.4,1988,5290200,6916800,12207000,2025,Industrie,MAMH — Données Québec (rôle d'évaluation foncière),https://donneesouvertes.affmunqc.net/role/RL58037_2026.xml,,,,
