address,borough,city,latitude,longitude,lot_area_sqm,construction_year,assessment_land,assessment_building,assessment_total,assessment_year,property_category,data_source,source_url,street_photo_url,street_photo_taken_at,street_photo_author,street_photo_source
"127, Nicole",,Granby,,,,1976,,153000,153000,2025,Logement,MAMH — Données Québec (rôle d'évaluation foncière),https://donneesouvertes.affmunqc.net/role/RL47017_2026.xml,,,,
"125, Nicole",,Granby,,,,1977,,147000,147000,2025,Logement,MAMH — Données Québec (rôle d'évaluation foncière),https://donneesouvertes.affmunqc.net/role/RL47017_2026.xml,,,,
"123, Nicole",,Granby,,,,1976,,139000,139000,2025,Logement,MAMH — Données Québec (rôle d'évaluation foncière),https://donneesouvertes.affmunqc.net/role/RL47017_2026.xml,,,,
"121, Nicole",,Granby,,,,1976,,153000,153000,2025,Logement,MAMH — Données Québec (rôle d'évaluation foncière),https://donneesouvertes.affmunqc.net/role/RL47017_2026.xml,,,,
"118, Nicole",,Granby,,,,1974,,160000,160000,2025,Logement,MAMH — Données Québec (rôle d'évaluation foncière),https://donneesouvertes.affmunqc.net/role/RL47017_2026.xml,,,,
"120, Nicole",,Granby,,,,1980,,156000,156000,2025,Logement,MAMH — Données Québec (rôle d'évaluation foncière),https://donneesouvertes.affmunqc.net/role/RL47017_2026.xml,,,,
"122, Nicole",,Granby,,,,1977,,175000,175000,2025,Logement,MAMH — Données Québec (rôle d'évaluation foncière),https://donneesouvertes.affmunqc.net/role/RL47017_2026.xml,,,,
"124, Nicole",,Granby,,,,1975,,157000,157000,2025,Logement,MAMH — Données Québec (rôle d'évaluation foncière),https://donneesouvertes.affmunqc.net/role/RL47017_2026.xml,,,,
"126, Nicole",,Granby,,,,1976,,150000,150000,2025,Logement,MAMH — Données Québec (rôle d'évaluation foncière),https://donneesouvertes.affmunqc.net/role/RL47017_2026.xml,,,,
"128, Nicole",,Granby,,,,1972,,132000,132000,2025,Logement,MAMH — Données Québec (rôle d'évaluation foncière),https://donneesouvertes.affmunqc.net/role/RL47017_2026.xml,,,,
"130, Nicole",,Granby,,,,1975,,167000,167000,2025,Logement,MAMH — Données Québec (rôle d'évaluation foncière),https://donneesouvertes.affmunqc.net/role/RL47017_2026.xml,,,,
"132, Nicole",,Granby,,,,1974,,132000,132000,2025,Logement,MAMH — Données Québec (rôle d'évaluation foncière),https://donneesouvertes.affmunqc.net/role/RL47017_2026.xml,,,,
"134, Nicole",,Granby,,,,1975,,162000,162000,2025,Logement,MAMH — Données Québec (rôle d'évaluation foncière),https://donneesouvertes.affmunqc.net/role/RL47017_2026.xml,,,,
"136, Nicole",,Granby,,,,1976,,178000,178000,2025,Logement,MAMH — Données Québec (rôle d'évaluation foncière),https://donneesouvertes.affmunqc.net/role/RL47017_2026.xml,,,,
"138, Nicole",,Granby,,,,1976,,146000,146000,2025,Logement,MAMH — Données Québec (rôle d'évaluation foncière),https://donneesouvertes.affmunqc.net/role/RL47017_2026.xml,,,,
"140, Nicole",,Granby,,,,1975,,182000,182000,2025,Logement,MAMH — Données Québec (rôle d'évaluation foncière),https://donneesouvertes.affmunqc.net/role/RL47017_2026.xml,,,,
"142, Nicole",,Granby,,,,1977,,172000,172000,2025,Logement,MAMH — Données Québec (rôle d'évaluation foncière),https://donneesouvertes.affmunqc.net/role/RL47017_2026.xml,,,,
"144, Nicole",,Granby,,,,2008,,201000,201000,2025,Logement,MAMH — Données Québec (rôle d'évaluation foncière),https://donneesouvertes.affmunqc.net/role/RL47017_2026.xml,,,,
"146, Nicole",,Granby,,,,1977,,178000,178000,2025,Logement,MAMH — Données Québec (rôle d'évaluation foncière),https://donneesouvertes.affmunqc.net/role/RL47017_2026.xml,,,,
"148, Nicole",,Granby,,,,1975,,142000,142000,2025,Logement,MAMH — Données Québec (rôle d'évaluation foncière),https://donneesouvertes.affmunqc.net/role/RL47017_2026.xml,,,,
"154, Nicole",,Granby,,,,1975,,137000,137000,2025,Logement,MAMH — Données Québec (rôle d'évaluation foncière),https://donneesouvertes.affmunqc.net/role/RL47017_2026.xml,,,,
"150, Nicole",,Granby,,,,1974,,153000,153000,2025,Logement,MAMH — Données Québec (rôle d'évaluation foncière),https://donneesouvertes.affmunqc.net/role/RL47017_2026.xml,,,,
"152, Nicole",,Granby,,,,1975,,155000,155000,2025,Logement,MAMH — Données Québec (rôle d'évaluation foncière),https://donneesouvertes.affmunqc.net/role/RL47017_2026.xml,,,,
"158, Nicole",,Granby,,,,1978,,156000,156000,2025,Logement,MAMH — Données Québec (rôle d'évaluation foncière),https://donneesouvertes.affmunqc.net/role/RL47017_2026.xml,,,,
"160, Nicole",,Granby,,,,1977,,146000,146000,2025,Logement,MAMH — Données Québec (rôle d'évaluation foncière),https://donneesouvertes.affmunqc.net/role/RL47017_2026.xml,,,,
"162, Nicole",,Granby,,,,1980,,168000,168000,2025,Logement,MAMH — Données Québec (rôle d'évaluation foncière),https://donneesouvertes.affmunqc.net/role/RL47017_2026.xml,,,,
"164, Nicole",,Granby,,,,1978,,177000,177000,2025,Logement,MAMH — Données Québec (rôle d'évaluation foncière),https://donneesouvertes.affmunqc.net/role/RL47017_2026.xml,,,,
"166, Nicole",,Granby,,,,1975,,126000,126000,2025,Logement,MAMH — Données Québec (rôle d'évaluation foncière),https://donneesouvertes.affmunqc.net/role/RL47017_2026.xml,,,,
"168, Nicole",,Granby,,,,1976,,156000,156000,2025,Logement,MAMH — Données Québec (rôle d'évaluation foncière),https://donneesouvertes.affmunqc.net/role/RL47017_2026.xml,,,,
"170, Nicole",,Granby,,,,1975,,173000,173000,2025,Logement,MAMH — Données Québec (rôle d'évaluation foncière),https://donneesouvertes.affmunqc.net/role/RL47017_2026.xml,,,,
"172, Nicole",,Granby,,,,1978,,149000,149000,2025,Logement,MAMH — Données Québec (rôle d'évaluation foncière),https://donneesouvertes.affmunqc.net/role/RL47017_2026.xml,,,,
"174, Nicole",,Granby,,,,1978,,142000,142000,2025,Logement,MAMH — Données Québec (rôle d'évaluation foncière),https://donneesouvertes.affmunqc.net/role/RL47017_2026.xml,,,,
"176, Nicole",,Granby,,,,1977,,139000,139000,2025,Logement,MAMH — Données Québec (rôle d'évaluation foncière),https://donneesouvertes.affmunqc.net/role/RL47017_2026.xml,,,,
"178, Nicole",,Granby,,,,1978,,155000,155000,2025,Logement,MAMH — Données Québec (rôle d'évaluation foncière),https://donneesouvertes.affmunqc.net/role/RL47017_2026.xml,,,,
"180, Nicole",,Granby,,,,2006,,208000,208000,2025,Logement,MAMH — Données Québec (rôle d'évaluation foncière),https://donneesouvertes.affmunqc.net/role/RL47017_2026.xml,,,,
"22, Claudette",,Granby,,,,1976,,148000,148000,2025,Logement,MAMH — Données Québec (rôle d'évaluation foncière),https://donneesouvertes.affmunqc.net/role/RL47017_2026.xml,,,,
"20, Claudette",,Granby,,,,1978,,190000,190000,2025,Logement,MAMH — Données Québec (rôle d'évaluation foncière),https://donneesouvertes.affmunqc.net/role/RL47017_2026.xml,,,,
"18, Claudette",,Granby,,,,1981,,151000,151000,2025,Logement,MAMH — Données Québec (rôle d'évaluation foncière),https://donneesouvertes.affmunqc.net/role/RL47017_2026.xml,,,,
"16, Claudette",,Granby,,,,1976,,156000,156000,2025,Logement,MAMH — Données Québec (rôle d'évaluation foncière),https://donneesouvertes.affmunqc.net/role/RL47017_2026.xml,,,,
"71, Lilas",,Granby,,,,1978,,174000,174000,2025,Logement,MAMH — Données Québec (rôle d'évaluation foncière),https://donneesouvertes.affmunqc.net/role/RL47017_2026.xml,,,,
"69, Lilas",,Granby,,,,1979,,162000,162000,2025,Logement,MAMH — Données Québec (rôle d'évaluation foncière),https://donneesouvertes.affmunqc.net/role/RL47017_2026.xml,,,,
"67, Lilas",,Granby,,,,1978,,154000,154000,2025,Logement,MAMH — Données Québec (rôle d'évaluation foncière),https://donneesouvertes.affmunqc.net/role/RL47017_2026.xml,,,,
"65, Lilas",,Granby,,,,1976,,153000,153000,2025,Logement,MAMH — Données Québec (rôle d'évaluation foncière),https://donneesouvertes.affmunqc.net/role/RL47017_2026.xml,,,,
"63, Lilas",,Granby,,,,1977,,145000,145000,2025,Logement,MAMH — Données Québec (rôle d'évaluation foncière),https://donneesouvertes.affmunqc.net/role/RL47017_2026.xml,,,,
"61, Lilas",,Granby,,,,1976,,143000,143000,2025,Logement,MAMH — Données Québec (rôle d'évaluation foncière),https://donneesouvertes.affmunqc.net/role/RL47017_2026.xml,,,,
"59, Lilas",,Granby,,,,1978,,156000,156000,2025,Logement,MAMH — Données Québec (rôle d'évaluation foncière),https://donneesouvertes.affmunqc.net/role/RL47017_2026.xml,,,,
"57, Lilas",,Granby,,,,1977,,155000,155000,2025,Logement,MAMH — Données Québec (rôle d'évaluation foncière),https://donneesouvertes.affmunqc.net/role/RL47017_2026.xml,,,,
"55, Lilas",,Granby,,,,1979,,152000,152000,2025,Logement,MAMH — Données Québec (rôle d'évaluation foncière),https://donneesouvertes.affmunqc.net/role/RL47017_2026.xml,,,,
"53, Lilas",,Granby,,,,1979,,159000,159000,2025,Logement,MAMH — Données Québec (rôle d'évaluation foncière),https://donneesouvertes.affmunqc.net/role/RL47017_2026.xml,,,,
"51, Lilas",,Granby,,,,1979,,169000,169000,2025,Logement,MAMH — Données Québec (rôle d'évaluation foncière),https://donneesouvertes.affmunqc.net/role/RL47017_2026.xml,,,,
"18, Lilas",,Granby,,,,1977,,171000,171000,2025,Logement,MAMH — Données Québec (rôle d'évaluation foncière),https://donneesouvertes.affmunqc.net/role/RL47017_2026.xml,,,,
"20, Lilas",,Granby,,,,1976,,151000,151000,2025,Logement,MAMH — Données Québec (rôle d'évaluation foncière),https://donneesouvertes.affmunqc.net/role/RL47017_2026.xml,,,,
"24, Lilas",,Granby,,,,2005,,201000,201000,2025,Logement,MAMH — Données Québec (rôle d'évaluation foncière),https://donneesouvertes.affmunqc.net/role/RL47017_2026.xml,,,,
"26, Lilas",,Granby,,,,1977,,175000,175000,2025,Logement,MAMH — Données Québec (rôle d'évaluation foncière),https://donneesouvertes.affmunqc.net/role/RL47017_2026.xml,,,,
"28, Lilas",,Granby,,,,1974,,147000,147000,2025,Logement,MAMH — Données Québec (rôle d'évaluation foncière),https://donneesouvertes.affmunqc.net/role/RL47017_2026.xml,,,,
"30, Lilas",,Granby,,,,1976,,174000,174000,2025,Logement,MAMH — Données Québec (rôle d'évaluation foncière),https://donneesouvertes.affmunqc.net/role/RL47017_2026.xml,,,,
"32, Lilas",,Granby,,,,1978,,153000,153000,2025,Logement,MAMH — Données Québec (rôle d'évaluation foncière),https://donneesouvertes.affmunqc.net/role/RL47017_2026.xml,,,,
"34, Lilas",,Granby,,,,1974,,161000,161000,2025,Logement,MAMH — Données Québec (rôle d'évaluation foncière),https://donneesouvertes.affmunqc.net/role/RL47017_2026.xml,,,,
"36, Lilas",,Granby,,,,1973,,160000,160000,2025,Logement,MAMH — Données Québec (rôle d'évaluation foncière),https://donneesouvertes.affmunqc.net/role/RL47017_2026.xml,,,,
"38, Lilas",,Granby,,,,1975,,175000,175000,2025,Logement,MAMH — Données Québec (rôle d'évaluation foncière),https://donneesouvertes.affmunqc.net/role/RL47017_2026.xml,,,,
"44, Lilas",,Granby,,,,1978,,167000,167000,2025,Logement,MAMH — Données Québec (rôle d'évaluation foncière),https://donneesouvertes.affmunqc.net/role/RL47017_2026.xml,,,,
"46, Lilas",,Granby,,,,1974,,127000,127000,2025,Logement,MAMH — Données Québec (rôle d'évaluation foncière),https://donneesouvertes.affmunqc.net/role/RL47017_2026.xml,,,,
"48, Lilas",,Granby,,,,1974,,189000,189000,2025,Logement,MAMH — Données Québec (rôle d'évaluation foncière),https://donneesouvertes.affmunqc.net/role/RL47017_2026.xml,,,,
"50, Lilas",,Granby,,,,1974,,197000,197000,2025,Logement,MAMH — Données Québec (rôle d'évaluation foncière),https://donneesouvertes.affmunqc.net/role/RL47017_2026.xml,,,,
"52, Lilas",,Granby,,,,1974,,133000,133000,2025,Logement,MAMH — Données Québec (rôle d'évaluation foncière),https://donneesouvertes.affmunqc.net/role/RL47017_2026.xml,,,,
"54, Lilas",,Granby,,,,1974,,171000,171000,2025,Logement,MAMH — Données Québec (rôle d'évaluation foncière),https://donneesouvertes.affmunqc.net/role/RL47017_2026.xml,,,,
"58, Lilas",,Granby,,,,1974,,152000,152000,2025,Logement,MAMH — Données Québec (rôle d'évaluation foncière),https://donneesouvertes.affmunqc.net/role/RL47017_2026.xml,,,,
"60, Lilas",,Granby,,,,1974,,153000,153000,2025,Logement,MAMH — Données Québec (rôle d'évaluation foncière),https://donneesouvertes.affmunqc.net/role/RL47017_2026.xml,,,,
"62, Lilas",,Granby,,,,1973,,155000,155000,2025,Logement,MAMH — Données Québec (rôle d'évaluation foncière),https://donneesouvertes.affmunqc.net/role/RL47017_2026.xml,,,,
"64, Lilas",,Granby,,,,1975,,165000,165000,2025,Logement,MAMH — Données Québec (rôle d'évaluation foncière),https://donneesouvertes.affmunqc.net/role/RL47017_2026.xml,,,,
"66, Lilas",,Granby,,,,1976,,196000,196000,2025,Logement,MAMH — Données Québec (rôle d'évaluation foncière),https://donneesouvertes.affmunqc.net/role/RL47017_2026.xml,,,,
"68, Lilas",,Granby,,,,1978,,184000,184000,2025,Logement,MAMH — Données Québec (rôle d'évaluation foncière),https://donneesouvertes.affmunqc.net/role/RL47017_2026.xml,,,,
"70, Lilas",,Granby,,,,1978,,154000,154000,2025,Logement,MAMH — Données Québec (rôle d'évaluation foncière),https://donneesouvertes.affmunqc.net/role/RL47017_2026.xml,,,,
"72, Lilas",,Granby,,,,1978,,154000,154000,2025,Logement,MAMH — Données Québec (rôle d'évaluation foncière),https://donneesouvertes.affmunqc.net/role/RL47017_2026.xml,,,,
"11, Aimé",,Granby,,,,1972,,166000,166000,2025,Logement,MAMH — Données Québec (rôle d'évaluation foncière),https://donneesouvertes.affmunqc.net/role/RL47017_2026.xml,,,,
"13, Aimé",,Granby,,,,1978,,182000,182000,2025,Logement,MAMH — Données Québec (rôle d'évaluation foncière),https://donneesouvertes.affmunqc.net/role/RL47017_2026.xml,,,,
"15, Aimé",,Granby,,,,1990,,185000,185000,2025,Logement,MAMH — Données Québec (rôle d'évaluation foncière),https://donneesouvertes.affmunqc.net/role/RL47017_2026.xml,,,,
"17, Aimé",,Granby,,,,1976,,145000,145000,2025,Logement,MAMH — Données Québec (rôle d'évaluation foncière),https://donneesouvertes.affmunqc.net/role/RL47017_2026.xml,,,,
"19, Aimé",,Granby,,,,1976,,140000,140000,2025,Logement,MAMH — Données Québec (rôle d'évaluation foncière),https://donneesouvertes.affmunqc.net/role/RL47017_2026.xml,,,,
"19, Claudette",,Granby,,,,1979,,164000,164000,2025,Logement,MAMH — Données Québec (rôle d'évaluation foncière),https://donneesouvertes.affmunqc.net/role/RL47017_2026.xml,,,,
"21, Aimé",,Granby,,,,1974,,176000,176000,2025,Logement,MAMH — Données Québec (rôle d'évaluation foncière),https://donneesouvertes.affmunqc.net/role/RL47017_2026.xml,,,,
"23, Claudette",,Granby,,,,1974,,142000,142000,2025,Logement,MAMH — Données Québec (rôle d'évaluation foncière),https://donneesouvertes.affmunqc.net/role/RL47017_2026.xml,,,,
"22, Aimé",,Granby,,,,1978,,152000,152000,2025,Logement,MAMH — Données Québec (rôle d'évaluation foncière),https://donneesouvertes.affmunqc.net/role/RL47017_2026.xml,,,,
"20, Aimé",,Granby,,,,1972,,127000,127000,2025,Logement,MAMH — Données Québec (rôle d'évaluation foncière),https://donneesouvertes.affmunqc.net/role/RL47017_2026.xml,,,,
"18, Aimé",,Granby,,,,1975,,136000,136000,2025,Logement,MAMH — Données Québec (rôle d'évaluation foncière),https://donneesouvertes.affmunqc.net/role/RL47017_2026.xml,,,,
"156, Nicole",,Granby,,,,2004,,215000,215000,2025,Logement,MAMH — Données Québec (rôle d'évaluation foncière),https://donneesouvertes.affmunqc.net/role/RL47017_2026.xml,,,,
"21, Claudette",,Granby,,,,1980,,154000,154000,2025,Logement,MAMH — Données Québec (rôle d'évaluation foncière),https://donneesouvertes.affmunqc.net/role/RL47017_2026.xml,,,,
"16, Aimé",,Granby,,,,1976,,144000,144000,2025,Logement,MAMH — Données Québec (rôle d'évaluation foncière),https://donneesouvertes.affmunqc.net/role/RL47017_2026.xml,,,,
"49, Lilas",,Granby,,,,1981,,192000,192000,2025,Logement,MAMH — Données Québec (rôle d'évaluation foncière),https://donneesouvertes.affmunqc.net/role/RL47017_2026.xml,,,,
"47, Lilas",,Granby,,,,1981,,153000,153000,2025,Logement,MAMH — Données Québec (rôle d'évaluation foncière),https://donneesouvertes.affmunqc.net/role/RL47017_2026.xml,,,,
"29, Lilas",,Granby,,,,1985,,139000,139000,2025,Logement,MAMH — Données Québec (rôle d'évaluation foncière),https://donneesouvertes.affmunqc.net/role/RL47017_2026.xml,,,,
"23, Lilas",,Granby,,,,1985,,161000,161000,2025,Logement,MAMH — Données Québec (rôle d'évaluation foncière),https://donneesouvertes.affmunqc.net/role/RL47017_2026.xml,,,,
"25, Lilas",,Granby,,,,1985,,171000,171000,2025,Logement,MAMH — Données Québec (rôle d'évaluation foncière),https://donneesouvertes.affmunqc.net/role/RL47017_2026.xml,,,,
"21, Lilas",,Granby,,,,1985,,175000,175000,2025,Logement,MAMH — Données Québec (rôle d'évaluation foncière),https://donneesouvertes.affmunqc.net/role/RL47017_2026.xml,,,,
"27, Lilas",,Granby,,,,1985,,158000,158000,2025,Logement,MAMH — Données Québec (rôle d'évaluation foncière),https://donneesouvertes.affmunqc.net/role/RL47017_2026.xml,,,,
"17, Lilas",,Granby,,,,1985,,166000,166000,2025,Logement,MAMH — Données Québec (rôle d'évaluation foncière),https://donneesouvertes.affmunqc.net/role/RL47017_2026.xml,,,,
"19, Lilas",,Granby,,,,1984,,167000,167000,2025,Logement,MAMH — Données Québec (rôle d'évaluation foncière),https://donneesouvertes.affmunqc.net/role/RL47017_2026.xml,,,,
"37, Lilas",,Granby,,,,1990,,176000,176000,2025,Logement,MAMH — Données Québec (rôle d'évaluation foncière),https://donneesouvertes.affmunqc.net/role/RL47017_2026.xml,,,,
"33, Lilas",,Granby,,,,1990,,203000,203000,2025,Logement,MAMH — Données Québec (rôle d'évaluation foncière),https://donneesouvertes.affmunqc.net/role/RL47017_2026.xml,,,,
"31, Lilas",,Granby,,,,1990,,198000,198000,2025,Logement,MAMH — Données Québec (rôle d'évaluation foncière),https://donneesouvertes.affmunqc.net/role/RL47017_2026.xml,,,,
"35, Lilas",,Granby,,,,1992,,206000,206000,2025,Logement,MAMH — Données Québec (rôle d'évaluation foncière),https://donneesouvertes.affmunqc.net/role/RL47017_2026.xml,,,,
"39, Lilas",,Granby,,,,2000,,193000,193000,2025,Logement,MAMH — Données Québec (rôle d'évaluation foncière),https://donneesouvertes.affmunqc.net/role/RL47017_2026.xml,,,,
"41, Lilas",,Granby,,,,2000,,178000,178000,2025,Logement,MAMH — Données Québec (rôle d'évaluation foncière),https://donneesouvertes.affmunqc.net/role/RL47017_2026.xml,,,,
"43, Lilas",,Granby,,,,2000,,186000,186000,2025,Logement,MAMH — Données Québec (rôle d'évaluation foncière),https://donneesouvertes.affmunqc.net/role/RL47017_2026.xml,,,,
"45, Lilas",,Granby,,,,2001,,175000,175000,2025,Logement,MAMH — Données Québec (rôle d'évaluation foncière),https://donneesouvertes.affmunqc.net/role/RL47017_2026.xml,,,,
"116, Nicole",,Granby,,,,2002,,225000,225000,2025,Logement,MAMH — Données Québec (rôle d'évaluation foncière),https://donneesouvertes.affmunqc.net/role/RL47017_2026.xml,,,,
"117, Nicole",,Granby,,,,2002,,209000,209000,2025,Logement,MAMH — Données Québec (rôle d'évaluation foncière),https://donneesouvertes.affmunqc.net/role/RL47017_2026.xml,,,,
"119, Nicole",,Granby,,,,2002,,174000,174000,2025,Logement,MAMH — Données Québec (rôle d'évaluation foncière),https://donneesouvertes.affmunqc.net/role/RL47017_2026.xml,,,,
"114, Nicole",,Granby,,,,2003,,206000,206000,2025,Logement,MAMH — Données Québec (rôle d'évaluation foncière),https://donneesouvertes.affmunqc.net/role/RL47017_2026.xml,,,,
"10, Claudette",,Granby,,,,2003,,204000,204000,2025,Logement,MAMH — Données Québec (rôle d'évaluation foncière),https://donneesouvertes.affmunqc.net/role/RL47017_2026.xml,,,,
"6, Claudette",,Granby,,,,2003,,182000,182000,2025,Logement,MAMH — Données Québec (rôle d'évaluation foncière),https://donneesouvertes.affmunqc.net/role/RL47017_2026.xml,,,,
"8, Claudette",,Granby,,,,2003,,202000,202000,2025,Logement,MAMH — Données Québec (rôle d'évaluation foncière),https://donneesouvertes.affmunqc.net/role/RL47017_2026.xml,,,,
"12, Claudette",,Granby,,,,2003,,179000,179000,2025,Logement,MAMH — Données Québec (rôle d'évaluation foncière),https://donneesouvertes.affmunqc.net/role/RL47017_2026.xml,,,,
"4, Claudette",,Granby,,,,2003,,194000,194000,2025,Logement,MAMH — Données Québec (rôle d'évaluation foncière),https://donneesouvertes.affmunqc.net/role/RL47017_2026.xml,,,,
"14, Claudette",,Granby,,,,2005,,197000,197000,2025,Logement,MAMH — Données Québec (rôle d'évaluation foncière),https://donneesouvertes.affmunqc.net/role/RL47017_2026.xml,,,,
"15, Lilas",,Granby,,,,2010,,197000,197000,2025,Logement,MAMH — Données Québec (rôle d'évaluation foncière),https://donneesouvertes.affmunqc.net/role/RL47017_2026.xml,,,,
"13, Lilas",,Granby,,,,2011,,223000,223000,2025,Logement,MAMH — Données Québec (rôle d'évaluation foncière),https://donneesouvertes.affmunqc.net/role/RL47017_2026.xml,,,,
"131, Nicole",,Granby,,,,2011,,205000,205000,2025,Logement,MAMH — Données Québec (rôle d'évaluation foncière),https://donneesouvertes.affmunqc.net/role/RL47017_2026.xml,,,,
"56, Lilas",,Granby,,,,2015,,211000,211000,2025,Logement,MAMH — Données Québec (rôle d'évaluation foncière),https://donneesouvertes.affmunqc.net/role/RL47017_2026.xml,,,,
"39, Érablières",,Granby,,,1881.3,1976,101600,392400,494000,2025,Logement,MAMH — Données Québec (rôle d'évaluation foncière),https://donneesouvertes.affmunqc.net/role/RL47017_2026.xml,,,,
"42, Érablières",,Granby,,,1861.9,2013,100500,470500,571000,2025,Logement,MAMH — Données Québec (rôle d'évaluation foncière),https://donneesouvertes.affmunqc.net/role/RL47017_2026.xml,,,,
"35, Érablières",,Granby,,,1881.3,,102000,,102000,2025,Terrain vacant,MAMH — Données Québec (rôle d'évaluation foncière),https://donneesouvertes.affmunqc.net/role/RL47017_2026.xml,,,,
"41, Poitras",,Granby,,,1864,1982,100700,211300,312000,2025,Logement,MAMH — Données Québec (rôle d'évaluation foncière),https://donneesouvertes.affmunqc.net/role/RL47017_2026.xml,,,,
"37, Deslandes",,Granby,,,3506.4,1984,179500,363500,543000,2025,Logement,MAMH — Données Québec (rôle d'évaluation foncière),https://donneesouvertes.affmunqc.net/role/RL47017_2026.xml,,,,
"29, Poitras",,Granby,,,1953.7,1980,105500,305500,411000,2025,Logement,MAMH — Données Québec (rôle d'évaluation foncière),https://donneesouvertes.affmunqc.net/role/RL47017_2026.xml,,,,
"38, Poitras",,Granby,,,1882.1,1980,101600,214400,316000,2025,Logement,MAMH — Données Québec (rôle d'évaluation foncière),https://donneesouvertes.affmunqc.net/role/RL47017_2026.xml,,,,
"39, Laurence",,Granby,,,3344.5,1983,176000,228000,404000,2025,Logement,MAMH — Données Québec (rôle d'évaluation foncière),https://donneesouvertes.affmunqc.net/role/RL47017_2026.xml,,,,
"40, Deslandes",,Granby,,,1672.3,1972,90300,216700,307000,2025,Logement,MAMH — Données Québec (rôle d'évaluation foncière),https://donneesouvertes.affmunqc.net/role/RL47017_2026.xml,,,,
"33, Deslandes",,Granby,,,1752.9,1980,94700,248300,343000,2025,Logement,MAMH — Données Québec (rôle d'évaluation foncière),https://donneesouvertes.affmunqc.net/role/RL47017_2026.xml,,,,
"40, Laurence",,Granby,,,1991.8,1981,107600,261400,369000,2025,Logement,MAMH — Données Québec (rôle d'évaluation foncière),https://donneesouvertes.affmunqc.net/role/RL47017_2026.xml,,,,
"38, Laurence",,Granby,,,1991.8,1980,107600,235400,343000,2025,Logement,MAMH — Données Québec (rôle d'évaluation foncière),https://donneesouvertes.affmunqc.net/role/RL47017_2026.xml,,,,
"44, Véronique",,Granby,,,3542.3,1978,180300,275700,456000,2025,Logement,MAMH — Données Québec (rôle d'évaluation foncière),https://donneesouvertes.affmunqc.net/role/RL47017_2026.xml,,,,
"43, Véronique",,Granby,,,1991.8,1980,107600,305400,413000,2025,Logement,MAMH — Données Québec (rôle d'évaluation foncière),https://donneesouvertes.affmunqc.net/role/RL47017_2026.xml,,,,
"39, Véronique",,Granby,,,1991.8,1986,107600,367400,475000,2025,Logement,MAMH — Données Québec (rôle d'évaluation foncière),https://donneesouvertes.affmunqc.net/role/RL47017_2026.xml,,,,
"36, Véronique",,Granby,,,3174,1978,171400,226600,398000,2025,Logement,MAMH — Données Québec (rôle d'évaluation foncière),https://donneesouvertes.affmunqc.net/role/RL47017_2026.xml,,,,
"43, Geneviève",,Granby,,,2470.8,1980,133400,383600,517000,2025,Logement,MAMH — Données Québec (rôle d'évaluation foncière),https://donneesouvertes.affmunqc.net/role/RL47017_2026.xml,,,,
"35, Geneviève",,Granby,,,8499.4,,366000,,366000,2025,Institutionnel,MAMH — Données Québec (rôle d'évaluation foncière),https://donneesouvertes.affmunqc.net/role/RL47017_2026.xml,,,,
"44, Geneviève",,Granby,,,1870.4,1979,101000,286000,387000,2025,Logement,MAMH — Données Québec (rôle d'évaluation foncière),https://donneesouvertes.affmunqc.net/role/RL47017_2026.xml,,,,
"43, Daniel",,Granby,,,1870.4,1979,101000,349000,450000,2025,Logement,MAMH — Données Québec (rôle d'évaluation foncière),https://donneesouvertes.affmunqc.net/role/RL47017_2026.xml,,,,
"40, Daniel",,Granby,,,1895.3,1977,102300,246700,349000,2025,Logement,MAMH — Données Québec (rôle d'évaluation foncière),https://donneesouvertes.affmunqc.net/role/RL47017_2026.xml,,,,
"39, Daniel",,Granby,,,3157.9,1990,170500,343500,514000,2025,Logement,MAMH — Données Québec (rôle d'évaluation foncière),https://donneesouvertes.affmunqc.net/role/RL47017_2026.xml,,,,
"44, Daniel",,Granby,,,1866,1981,100800,236200,337000,2025,Logement,MAMH — Données Québec (rôle d'évaluation foncière),https://donneesouvertes.affmunqc.net/role/RL47017_2026.xml,,,,
"43, Gérard",,Granby,,,1866,1979,100800,263200,364000,2025,Logement,MAMH — Données Québec (rôle d'évaluation foncière),https://donneesouvertes.affmunqc.net/role/RL47017_2026.xml,,,,
"39, Gérard",,Granby,,,1865.6,1980,100700,424300,525000,2025,Logement,MAMH — Données Québec (rôle d'évaluation foncière),https://donneesouvertes.affmunqc.net/role/RL47017_2026.xml,,,,
"40, Gérard",,Granby,,,1867.4,1979,100800,249200,350000,2025,Logement,MAMH — Données Québec (rôle d'évaluation foncière),https://donneesouvertes.affmunqc.net/role/RL47017_2026.xml,,,,
"44, Gérard",,Granby,,,1871.8,1979,101100,230900,332000,2025,Logement,MAMH — Données Québec (rôle d'évaluation foncière),https://donneesouvertes.affmunqc.net/role/RL47017_2026.xml,,,,
"43, Montpellier",,Granby,,,1859,1981,100400,204600,305000,2025,Logement,MAMH — Données Québec (rôle d'évaluation foncière),https://donneesouvertes.affmunqc.net/role/RL47017_2026.xml,,,,
"39, Montpellier",,Granby,,,1865,1982,100700,404300,505000,2025,Logement,MAMH — Données Québec (rôle d'évaluation foncière),https://donneesouvertes.affmunqc.net/role/RL47017_2026.xml,,,,
"40, Montpellier",,Granby,,,1880,1983,101500,415500,517000,2025,Logement,MAMH — Données Québec (rôle d'évaluation foncière),https://donneesouvertes.affmunqc.net/role/RL47017_2026.xml,,,,
"30, Poitras",,Granby,,,1867.8,1977,100900,261100,362000,2025,Logement,MAMH — Données Québec (rôle d'évaluation foncière),https://donneesouvertes.affmunqc.net/role/RL47017_2026.xml,,,,
"27, Érablières",,Granby,,,3842.1,1979,186900,342100,529000,2025,Logement,MAMH — Données Québec (rôle d'évaluation foncière),https://donneesouvertes.affmunqc.net/role/RL47017_2026.xml,,,,
"26, Érablières",,Granby,,,1931,1979,104300,314700,419000,2025,Logement,MAMH — Données Québec (rôle d'évaluation foncière),https://donneesouvertes.affmunqc.net/role/RL47017_2026.xml,,,,
"34, Poitras",,Granby,,,2154.7,1978,116400,263600,380000,2025,Logement,MAMH — Données Québec (rôle d'évaluation foncière),https://donneesouvertes.affmunqc.net/role/RL47017_2026.xml,,,,
"29, Deslandes",,Granby,,,1952,1977,105400,355600,461000,2025,Logement,MAMH — Données Québec (rôle d'évaluation foncière),https://donneesouvertes.affmunqc.net/role/RL47017_2026.xml,,,,
"18, Érablières",,Granby,,,1982.4,1967,107100,239900,347000,2025,Logement,MAMH — Données Québec (rôle d'évaluation foncière),https://donneesouvertes.affmunqc.net/role/RL47017_2026.xml,,,,
"14, Érablières",,Granby,,,2168.4,1974,117100,258900,376000,2025,Logement,MAMH — Données Québec (rôle d'évaluation foncière),https://donneesouvertes.affmunqc.net/role/RL47017_2026.xml,,,,
"32, Deslandes",,Granby,,,2090.3,1988,112900,233100,346000,2025,Logement,MAMH — Données Québec (rôle d'évaluation foncière),https://donneesouvertes.affmunqc.net/role/RL47017_2026.xml,,,,
"27, Laurence",,Granby,,,2090.3,1987,112900,256100,369000,2025,Logement,MAMH — Données Québec (rôle d'évaluation foncière),https://donneesouvertes.affmunqc.net/role/RL47017_2026.xml,,,,
"861, Maurice",,Granby,,,2090.3,1987,112900,323100,436000,2025,Logement,MAMH — Données Québec (rôle d'évaluation foncière),https://donneesouvertes.affmunqc.net/role/RL47017_2026.xml,,,,
"23, Laurence",,Granby,,,2090.3,2001,112900,309100,422000,2025,Logement,MAMH — Données Québec (rôle d'évaluation foncière),https://donneesouvertes.affmunqc.net/role/RL47017_2026.xml,,,,
"916, Lesage",,Granby,,,1859.4,1990,100400,353600,454000,2025,Logement,MAMH — Données Québec (rôle d'évaluation foncière),https://donneesouvertes.affmunqc.net/role/RL47017_2026.xml,,,,
"920, Lesage",,Granby,,,1859.4,1974,100400,351600,452000,2025,Logement,MAMH — Données Québec (rôle d'évaluation foncière),https://donneesouvertes.affmunqc.net/role/RL47017_2026.xml,,,,
"24, Laurence",,Granby,,,1859.4,1976,100400,232600,333000,2025,Logement,MAMH — Données Québec (rôle d'évaluation foncière),https://donneesouvertes.affmunqc.net/role/RL47017_2026.xml,,,,
"919, Lesage",,Granby,,,1867.4,1976,100800,360200,461000,2025,Logement,MAMH — Données Québec (rôle d'évaluation foncière),https://donneesouvertes.affmunqc.net/role/RL47017_2026.xml,,,,
"924, Lesage",,Granby,,,1859.4,2018,100400,558600,659000,2025,Logement,MAMH — Données Québec (rôle d'évaluation foncière),https://donneesouvertes.affmunqc.net/role/RL47017_2026.xml,,,,
"923, Lesage",,Granby,,,1867.4,1972,100800,242200,343000,2025,Logement,MAMH — Données Québec (rôle d'évaluation foncière),https://donneesouvertes.affmunqc.net/role/RL47017_2026.xml,,,,
"31, Daniel",,Granby,,,2523.2,1984,136300,295700,432000,2025,Logement,MAMH — Données Québec (rôle d'évaluation foncière),https://donneesouvertes.affmunqc.net/role/RL47017_2026.xml,,,,
"928, Lesage",,Granby,,,1873.6,1986,101200,367800,469000,2025,Logement,MAMH — Données Québec (rôle d'évaluation foncière),https://donneesouvertes.affmunqc.net/role/RL47017_2026.xml,,,,
"932, Lesage",,Granby,,,1920.3,1986,103700,440300,544000,2025,Logement,MAMH — Données Québec (rôle d'évaluation foncière),https://donneesouvertes.affmunqc.net/role/RL47017_2026.xml,,,,
"936, Lesage",,Granby,,,1915.6,1986,103400,422600,526000,2025,Logement,MAMH — Données Québec (rôle d'évaluation foncière),https://donneesouvertes.affmunqc.net/role/RL47017_2026.xml,,,,
"23, Daniel",,Granby,,,1859.7,1974,100400,245600,346000,2025,Logement,MAMH — Données Québec (rôle d'évaluation foncière),https://donneesouvertes.affmunqc.net/role/RL47017_2026.xml,,,,
"36, Daniel",,Granby,,,2116.5,1980,114300,311700,426000,2025,Logement,MAMH — Données Québec (rôle d'évaluation foncière),https://donneesouvertes.affmunqc.net/role/RL47017_2026.xml,,,,
"32, Daniel",,Granby,,,2971,1990,160400,354600,515000,2025,Logement,MAMH — Données Québec (rôle d'évaluation foncière),https://donneesouvertes.affmunqc.net/role/RL47017_2026.xml,,,,
"35, Gérard",,Granby,,,1858.2,1980,100300,219700,320000,2025,Logement,MAMH — Données Québec (rôle d'évaluation foncière),https://donneesouvertes.affmunqc.net/role/RL47017_2026.xml,,,,
"36, Gérard",,Granby,,,1871.2,1978,101000,239000,340000,2025,Logement,MAMH — Données Québec (rôle d'évaluation foncière),https://donneesouvertes.affmunqc.net/role/RL47017_2026.xml,,,,
"29, Gérard",,Granby,,,2457.1,1990,132700,350300,483000,2025,Logement,MAMH — Données Québec (rôle d'évaluation foncière),https://donneesouvertes.affmunqc.net/role/RL47017_2026.xml,,,,
"30, Gérard",,Granby,,,2118.2,1995,114400,249600,364000,2025,Logement,MAMH — Données Québec (rôle d'évaluation foncière),https://donneesouvertes.affmunqc.net/role/RL47017_2026.xml,,,,
"35, Montpellier",,Granby,,,1868,1981,100900,270100,371000,2025,Logement,MAMH — Données Québec (rôle d'évaluation foncière),https://donneesouvertes.affmunqc.net/role/RL47017_2026.xml,,,,
"36, Montpellier",,Granby,,,1888,1981,102000,226000,328000,2025,Logement,MAMH — Données Québec (rôle d'évaluation foncière),https://donneesouvertes.affmunqc.net/role/RL47017_2026.xml,,,,
"31, Montpellier",,Granby,,,1867,1978,100800,218200,319000,2025,Logement,MAMH — Données Québec (rôle d'évaluation foncière),https://donneesouvertes.affmunqc.net/role/RL47017_2026.xml,,,,
"32, Montpellier",,Granby,,,1897,1981,102400,231600,334000,2025,Logement,MAMH — Données Québec (rôle d'évaluation foncière),https://donneesouvertes.affmunqc.net/role/RL47017_2026.xml,,,,
"16, Lilas",,Granby,,,1307.8,1974,66400,343600,410000,2025,Logement,MAMH — Données Québec (rôle d'évaluation foncière),https://donneesouvertes.affmunqc.net/role/RL47017_2026.xml,,,,
"23, Érablières",,Granby,,,2207.2,1980,119200,314800,434000,2025,Logement,MAMH — Données Québec (rôle d'évaluation foncière),https://donneesouvertes.affmunqc.net/role/RL47017_2026.xml,,,,
"19, Érablières",,Granby,,,2190.5,1992,118300,363700,482000,2025,Logement,MAMH — Données Québec (rôle d'évaluation foncière),https://donneesouvertes.affmunqc.net/role/RL47017_2026.xml,,,,
"832, Nicole",,Granby,,,3246.7,1980,173800,365200,539000,2025,Logement,MAMH — Données Québec (rôle d'évaluation foncière),https://donneesouvertes.affmunqc.net/role/RL47017_2026.xml,,,,
"840, Nicole",,Granby,,,1051.6,,73800,22200,96000,2025,Logement,MAMH — Données Québec (rôle d'évaluation foncière),https://donneesouvertes.affmunqc.net/role/RL47017_2026.xml,,,,
"15, Érablières",,Granby,,,2050.8,1979,110700,273300,384000,2025,Logement,MAMH — Données Québec (rôle d'évaluation foncière),https://donneesouvertes.affmunqc.net/role/RL47017_2026.xml,,,,
"11, Érablières",,Granby,,,1383.7,1992,89700,296300,386000,2025,Logement,MAMH — Données Québec (rôle d'évaluation foncière),https://donneesouvertes.affmunqc.net/role/RL47017_2026.xml,,,,
"7, Érablières",,Granby,,,1861.6,1977,100500,227500,328000,2025,Logement,MAMH — Données Québec (rôle d'évaluation foncière),https://donneesouvertes.affmunqc.net/role/RL47017_2026.xml,,,,
"848, Nicole",,Granby,,,2197.5,1978,118700,268300,387000,2025,Logement,MAMH — Données Québec (rôle d'évaluation foncière),https://donneesouvertes.affmunqc.net/role/RL47017_2026.xml,,,,
"15, Deslandes",,Granby,,,2046.2,1971,110500,321500,432000,2025,Logement,MAMH — Données Québec (rôle d'évaluation foncière),https://donneesouvertes.affmunqc.net/role/RL47017_2026.xml,,,,
"862, Maurice",,Granby,,,1642,1984,88700,486300,575000,2025,Logement,MAMH — Données Québec (rôle d'évaluation foncière),https://donneesouvertes.affmunqc.net/role/RL47017_2026.xml,,,,
"866, Maurice",,Granby,,,2112,1991,114000,312000,426000,2025,Logement,MAMH — Données Québec (rôle d'évaluation foncière),https://donneesouvertes.affmunqc.net/role/RL47017_2026.xml,,,,
"20, Laurence",,Granby,,,1859.4,1976,100400,282600,383000,2025,Logement,MAMH — Données Québec (rôle d'évaluation foncière),https://donneesouvertes.affmunqc.net/role/RL47017_2026.xml,,,,
"873, Maurice",,Granby,,,1867.4,1987,100800,339200,440000,2025,Logement,MAMH — Données Québec (rôle d'évaluation foncière),https://donneesouvertes.affmunqc.net/role/RL47017_2026.xml,,,,
"870, Maurice",,Granby,,,2179.2,1976,117700,218300,336000,2025,Logement,MAMH — Données Québec (rôle d'évaluation foncière),https://donneesouvertes.affmunqc.net/role/RL47017_2026.xml,,,,
"874, Maurice",,Granby,,,1899.1,1974,102600,248400,351000,2025,Logement,MAMH — Données Québec (rôle d'évaluation foncière),https://donneesouvertes.affmunqc.net/role/RL47017_2026.xml,,,,
"876, Maurice",,Granby,,,1951.1,1976,105400,225600,331000,2025,Logement,MAMH — Données Québec (rôle d'évaluation foncière),https://donneesouvertes.affmunqc.net/role/RL47017_2026.xml,,,,
"927, Lesage",,Granby,,,3710.9,1968,184000,304000,488000,2025,Logement,MAMH — Données Québec (rôle d'évaluation foncière),https://donneesouvertes.affmunqc.net/role/RL47017_2026.xml,,,,
"877, Maurice",,Granby,,,1871.2,,101000,,101000,2025,Terrain vacant,MAMH — Données Québec (rôle d'évaluation foncière),https://donneesouvertes.affmunqc.net/role/RL47017_2026.xml,,,,
"931, Lesage",,Granby,,,1859.9,,100400,32600,133000,2025,Logement,MAMH — Données Québec (rôle d'évaluation foncière),https://donneesouvertes.affmunqc.net/role/RL47017_2026.xml,,,,
"883, Maurice",,Granby,,,2526.7,1979,136400,504600,641000,2025,Logement,MAMH — Données Québec (rôle d'évaluation foncière),https://donneesouvertes.affmunqc.net/role/RL47017_2026.xml,,,,
"19, Daniel",,Granby,,,3716.1,,184200,494800,679000,2025,Logement,MAMH — Données Québec (rôle d'évaluation foncière),https://donneesouvertes.affmunqc.net/role/RL47017_2026.xml,,,,
"951, Maurice",,Granby,,,1842.1,1968,99500,292500,392000,2025,Logement,MAMH — Données Québec (rôle d'évaluation foncière),https://donneesouvertes.affmunqc.net/role/RL47017_2026.xml,,,,
"24, Daniel",,Granby,,,3000,2010,162000,317000,479000,2025,Logement,MAMH — Données Québec (rôle d'évaluation foncière),https://donneesouvertes.affmunqc.net/role/RL47017_2026.xml,,,,
"16, Daniel",,Granby,,,4283.9,2006,196600,379400,576000,2025,Logement,MAMH — Données Québec (rôle d'évaluation foncière),https://donneesouvertes.affmunqc.net/role/RL47017_2026.xml,,,,
"959, Maurice",,Granby,,,1925.8,1966,104000,175000,279000,2025,Logement,MAMH — Données Québec (rôle d'évaluation foncière),https://donneesouvertes.affmunqc.net/role/RL47017_2026.xml,,,,
"23, Gérard",,Granby,,,2457.1,1975,132700,195300,328000,2025,Logement,MAMH — Données Québec (rôle d'évaluation foncière),https://donneesouvertes.affmunqc.net/role/RL47017_2026.xml,,,,
"24, Gérard",,Granby,,,2110.2,1976,114000,209000,323000,2025,Logement,MAMH — Données Québec (rôle d'évaluation foncière),https://donneesouvertes.affmunqc.net/role/RL47017_2026.xml,,,,
"19, Gérard",,Granby,,,2457.1,1974,132700,195300,328000,2025,Logement,MAMH — Données Québec (rôle d'évaluation foncière),https://donneesouvertes.affmunqc.net/role/RL47017_2026.xml,,,,
"16, Gérard",,Granby,,,2110.2,1971,114000,240000,354000,2025,Logement,MAMH — Données Québec (rôle d'évaluation foncière),https://donneesouvertes.affmunqc.net/role/RL47017_2026.xml,,,,
"27, Montpellier",,Granby,,,1859,1980,100400,300600,401000,2025,Logement,MAMH — Données Québec (rôle d'évaluation foncière),https://donneesouvertes.affmunqc.net/role/RL47017_2026.xml,,,,
"28, Montpellier",,Granby,,,1905,1981,102900,370100,473000,2025,Logement,MAMH — Données Québec (rôle d'évaluation foncière),https://donneesouvertes.affmunqc.net/role/RL47017_2026.xml,,,,
"24, Montpellier",,Granby,,,1902,1981,102700,302300,405000,2025,Logement,MAMH — Données Québec (rôle d'évaluation foncière),https://donneesouvertes.affmunqc.net/role/RL47017_2026.xml,,,,
"32, Montebello",,Granby,,,3000,2003,162000,356000,518000,2025,Logement,MAMH — Données Québec (rôle d'évaluation foncière),https://donneesouvertes.affmunqc.net/role/RL47017_2026.xml,,,,
"76, Marieville",,Granby,,,3170.3,1989,171200,333800,505000,2025,Logement,MAMH — Données Québec (rôle d'évaluation foncière),https://donneesouvertes.affmunqc.net/role/RL47017_2026.xml,,,,
"28, Montebello",,Granby,,,3000,1989,162000,340000,502000,2025,Logement,MAMH — Données Québec (rôle d'évaluation foncière),https://donneesouvertes.affmunqc.net/role/RL47017_2026.xml,,,,
"72, Marieville",,Granby,,,3171.5,2006,171300,427700,599000,2025,Logement,MAMH — Données Québec (rôle d'évaluation foncière),https://donneesouvertes.affmunqc.net/role/RL47017_2026.xml,,,,
"68, Marieville",,Granby,,,3164.9,1993,170900,564100,735000,2025,Logement,MAMH — Données Québec (rôle d'évaluation foncière),https://donneesouvertes.affmunqc.net/role/RL47017_2026.xml,,,,
"64, Marieville",,Granby,,,3158.2,1990,170500,329500,500000,2025,Logement,MAMH — Données Québec (rôle d'évaluation foncière),https://donneesouvertes.affmunqc.net/role/RL47017_2026.xml,,,,
"60, Marieville",,Granby,,,3154.2,1989,170300,311700,482000,2025,Logement,MAMH — Données Québec (rôle d'évaluation foncière),https://donneesouvertes.affmunqc.net/role/RL47017_2026.xml,,,,
"56, Marieville",,Granby,,,3160.2,1990,170700,462300,633000,2025,Logement,MAMH — Données Québec (rôle d'évaluation foncière),https://donneesouvertes.affmunqc.net/role/RL47017_2026.xml,,,,
"52, Marieville",,Granby,,,3314.4,1992,175300,329700,505000,2025,Logement,MAMH — Données Québec (rôle d'évaluation foncière),https://donneesouvertes.affmunqc.net/role/RL47017_2026.xml,,,,
"48, Marieville",,Granby,,,3334.5,1990,175800,384200,560000,2025,Logement,MAMH — Données Québec (rôle d'évaluation foncière),https://donneesouvertes.affmunqc.net/role/RL47017_2026.xml,,,,
"44, Marieville",,Granby,,,3353.4,1990,176200,444800,621000,2025,Logement,MAMH — Données Québec (rôle d'évaluation foncière),https://donneesouvertes.affmunqc.net/role/RL47017_2026.xml,,,,
"40, Marieville",,Granby,,,3372.3,1990,176600,276400,453000,2025,Logement,MAMH — Données Québec (rôle d'évaluation foncière),https://donneesouvertes.affmunqc.net/role/RL47017_2026.xml,,,,
"36, Marieville",,Granby,,,3391.2,1991,177000,477000,654000,2025,Logement,MAMH — Données Québec (rôle d'évaluation foncière),https://donneesouvertes.affmunqc.net/role/RL47017_2026.xml,,,,
"32, Marieville",,Granby,,,5189.1,1990,216600,591400,808000,2025,Logement,MAMH — Données Québec (rôle d'évaluation foncière),https://donneesouvertes.affmunqc.net/role/RL47017_2026.xml,,,,
"201, 11e",,Granby,,,3888.3,1966,187900,200100,388000,2025,Logement,MAMH — Données Québec (rôle d'évaluation foncière),https://donneesouvertes.affmunqc.net/role/RL47017_2026.xml,,,,
"75, Marieville",,Granby,,,3191.9,1989,172400,455600,628000,2025,Logement,MAMH — Données Québec (rôle d'évaluation foncière),https://donneesouvertes.affmunqc.net/role/RL47017_2026.xml,,,,
"24, Montebello",,Granby,,,3000,1991,162000,506000,668000,2025,Logement,MAMH — Données Québec (rôle d'évaluation foncière),https://donneesouvertes.affmunqc.net/role/RL47017_2026.xml,,,,
"58, Milan",,Granby,,,3594.9,1991,181500,543500,725000,2025,Logement,MAMH — Données Québec (rôle d'évaluation foncière),https://donneesouvertes.affmunqc.net/role/RL47017_2026.xml,,,,
"21, Montebello",,Granby,,,3192.1,1991,172400,428600,601000,2025,Logement,MAMH — Données Québec (rôle d'évaluation foncière),https://donneesouvertes.affmunqc.net/role/RL47017_2026.xml,,,,
"71, Marieville",,Granby,,,3200,1989,172800,369200,542000,2025,Logement,MAMH — Données Québec (rôle d'évaluation foncière),https://donneesouvertes.affmunqc.net/role/RL47017_2026.xml,,,,
"67, Marieville",,Granby,,,3200,1989,172800,379200,552000,2025,Logement,MAMH — Données Québec (rôle d'évaluation foncière),https://donneesouvertes.affmunqc.net/role/RL47017_2026.xml,,,,
"50, Milan",,Granby,,,3200,1989,172800,367200,540000,2025,Logement,MAMH — Données Québec (rôle d'évaluation foncière),https://donneesouvertes.affmunqc.net/role/RL47017_2026.xml,,,,
"46, Milan",,Granby,,,3200,1989,172800,278200,451000,2025,Logement,MAMH — Données Québec (rôle d'évaluation foncière),https://donneesouvertes.affmunqc.net/role/RL47017_2026.xml,,,,
"59, Marieville",,Granby,,,19184.1,,806000,,806000,2025,Institutionnel,MAMH — Données Québec (rôle d'évaluation foncière),https://donneesouvertes.affmunqc.net/role/RL47017_2026.xml,,,,
"51, Marieville",,Granby,,,3410.4,1990,177400,353600,531000,2025,Logement,MAMH — Données Québec (rôle d'évaluation foncière),https://donneesouvertes.affmunqc.net/role/RL47017_2026.xml,,,,
"47, Marieville",,Granby,,,3287,1990,174700,341300,516000,2025,Logement,MAMH — Données Québec (rôle d'évaluation foncière),https://donneesouvertes.affmunqc.net/role/RL47017_2026.xml,,,,
"43, Marieville",,Granby,,,3559.2,2002,180700,320300,501000,2025,Logement,MAMH — Données Québec (rôle d'évaluation foncière),https://donneesouvertes.affmunqc.net/role/RL47017_2026.xml,,,,
"39, Marieville",,Granby,,,4102.6,2004,192700,401300,594000,2025,Logement,MAMH — Données Québec (rôle d'évaluation foncière),https://donneesouvertes.affmunqc.net/role/RL47017_2026.xml,,,,
"29, Marieville",,Granby,,,3945,1989,189200,240800,430000,2025,Logement,MAMH — Données Québec (rôle d'évaluation foncière),https://donneesouvertes.affmunqc.net/role/RL47017_2026.xml,,,,
"35, Marieville",,Granby,,,4644.6,2002,204600,377400,582000,2025,Logement,MAMH — Données Québec (rôle d'évaluation foncière),https://donneesouvertes.affmunqc.net/role/RL47017_2026.xml,,,,
"197, 11e",,Granby,,,1757,1970,104400,216600,321000,2025,Logement,MAMH — Données Québec (rôle d'évaluation foncière),https://donneesouvertes.affmunqc.net/role/RL47017_2026.xml,,,,
"28, Marieville",,Granby,,,4217.2,2002,195200,369800,565000,2025,Logement,MAMH — Données Québec (rôle d'évaluation foncière),https://donneesouvertes.affmunqc.net/role/RL47017_2026.xml,,,,
"195, 11e",,Granby,,,2018.5,,109000,,109000,2025,Terrain vacant,MAMH — Données Québec (rôle d'évaluation foncière),https://donneesouvertes.affmunqc.net/role/RL47017_2026.xml,,,,
"16, Montebello",,Granby,,,3112.1,1992,168100,387900,556000,2025,Logement,MAMH — Données Québec (rôle d'évaluation foncière),https://donneesouvertes.affmunqc.net/role/RL47017_2026.xml,,,,
"17, Montebello",,Granby,,,3320,1990,175400,322600,498000,2025,Logement,MAMH — Données Québec (rôle d'évaluation foncière),https://donneesouvertes.affmunqc.net/role/RL47017_2026.xml,,,,
"51, Milan",,Granby,,,3200.1,1988,172800,511200,684000,2025,Logement,MAMH — Données Québec (rôle d'évaluation foncière),https://donneesouvertes.affmunqc.net/role/RL47017_2026.xml,,,,
"47, Milan",,Granby,,,3200.1,1990,172800,435200,608000,2025,Logement,MAMH — Données Québec (rôle d'évaluation foncière),https://donneesouvertes.affmunqc.net/role/RL47017_2026.xml,,,,
"43, Milan",,Granby,,,3200.1,1989,172800,329200,502000,2025,Logement,MAMH — Données Québec (rôle d'évaluation foncière),https://donneesouvertes.affmunqc.net/role/RL47017_2026.xml,,,,
"39, Milan",,Granby,,,3200.1,1992,172800,387200,560000,2025,Logement,MAMH — Données Québec (rôle d'évaluation foncière),https://donneesouvertes.affmunqc.net/role/RL47017_2026.xml,,,,
"32, Milan",,Granby,,,3392.7,2003,177000,456000,633000,2025,Logement,MAMH — Données Québec (rôle d'évaluation foncière),https://donneesouvertes.affmunqc.net/role/RL47017_2026.xml,,,,
"35, Milan",,Granby,,,3200.1,2004,172800,337200,510000,2025,Logement,MAMH — Données Québec (rôle d'évaluation foncière),https://donneesouvertes.affmunqc.net/role/RL47017_2026.xml,,,,
"31, Milan",,Granby,,,4309.4,2004,197200,335800,533000,2025,Logement,MAMH — Données Québec (rôle d'évaluation foncière),https://donneesouvertes.affmunqc.net/role/RL47017_2026.xml,,,,
"28, Milan",,Granby,,,3305.6,,175000,,175000,2025,Terrain vacant,MAMH — Données Québec (rôle d'évaluation foncière),https://donneesouvertes.affmunqc.net/role/RL47017_2026.xml,,,,
"27, Milan",,Granby,,,4206.7,1997,194900,399100,594000,2025,Logement,MAMH — Données Québec (rôle d'évaluation foncière),https://donneesouvertes.affmunqc.net/role/RL47017_2026.xml,,,,
"24, Milan",,Granby,,,3429.9,,178000,,178000,2025,Terrain vacant,MAMH — Données Québec (rôle d'évaluation foncière),https://donneesouvertes.affmunqc.net/role/RL47017_2026.xml,,,,
"20, Milan",,Granby,,,3858.5,,187000,,187000,2025,Terrain vacant,MAMH — Données Québec (rôle d'évaluation foncière),https://donneesouvertes.affmunqc.net/role/RL47017_2026.xml,,,,
"16, Milan",,Granby,,,4666.6,2005,205100,517900,723000,2025,Logement,MAMH — Données Québec (rôle d'évaluation foncière),https://donneesouvertes.affmunqc.net/role/RL47017_2026.xml,,,,
"21, Marieville",,Granby,,,3932.5,1991,188900,342100,531000,2025,Logement,MAMH — Données Québec (rôle d'évaluation foncière),https://donneesouvertes.affmunqc.net/role/RL47017_2026.xml,,,,
"12, Milan",,Granby,,,3944.2,1989,189200,316800,506000,2025,Logement,MAMH — Données Québec (rôle d'évaluation foncière),https://donneesouvertes.affmunqc.net/role/RL47017_2026.xml,,,,
"24, Marieville",,Granby,,,4328.4,1990,197600,295400,493000,2025,Logement,MAMH — Données Québec (rôle d'évaluation foncière),https://donneesouvertes.affmunqc.net/role/RL47017_2026.xml,,,,
"189, 11e",,Granby,,,4249.2,1972,195900,301100,497000,2025,Logement,MAMH — Données Québec (rôle d'évaluation foncière),https://donneesouvertes.affmunqc.net/role/RL47017_2026.xml,,,,
"40, Mistassini",,Granby,,,3320.1,2003,175400,305600,481000,2025,Logement,MAMH — Données Québec (rôle d'évaluation foncière),https://donneesouvertes.affmunqc.net/role/RL47017_2026.xml,,,,
"36, Mistassini",,Granby,,,3200,2022,172800,548200,721000,2025,Logement,MAMH — Données Québec (rôle d'évaluation foncière),https://donneesouvertes.affmunqc.net/role/RL47017_2026.xml,,,,
"32, Mistassini",,Granby,,,3200,1989,172800,325200,498000,2025,Logement,MAMH — Données Québec (rôle d'évaluation foncière),https://donneesouvertes.affmunqc.net/role/RL47017_2026.xml,,,,
"28, Mistassini",,Granby,,,3200,1989,172800,357200,530000,2025,Logement,MAMH — Données Québec (rôle d'évaluation foncière),https://donneesouvertes.affmunqc.net/role/RL47017_2026.xml,,,,
"24, Mistassini",,Granby,,,3200,1989,172800,343200,516000,2025,Logement,MAMH — Données Québec (rôle d'évaluation foncière),https://donneesouvertes.affmunqc.net/role/RL47017_2026.xml,,,,
"20, Mistassini",,Granby,,,3200,1989,172800,368200,541000,2025,Logement,MAMH — Données Québec (rôle d'évaluation foncière),https://donneesouvertes.affmunqc.net/role/RL47017_2026.xml,,,,
"16, Mistassini",,Granby,,,3200,1989,172800,341200,514000,2025,Logement,MAMH — Données Québec (rôle d'évaluation foncière),https://donneesouvertes.affmunqc.net/role/RL47017_2026.xml,,,,
"12, Mistassini",,Granby,,,3200,1990,172800,378200,551000,2025,Logement,MAMH — Données Québec (rôle d'évaluation foncière),https://donneesouvertes.affmunqc.net/role/RL47017_2026.xml,,,,
"8, Mistassini",,Granby,,,3200,2007,172800,348200,521000,2025,Logement,MAMH — Données Québec (rôle d'évaluation foncière),https://donneesouvertes.affmunqc.net/role/RL47017_2026.xml,,,,
"23, Milan",,Granby,,,3464.8,1988,178600,388400,567000,2025,Logement,MAMH — Données Québec (rôle d'évaluation foncière),https://donneesouvertes.affmunqc.net/role/RL47017_2026.xml,,,,
"15, Maricourt",,Granby,,,3882.6,1988,187800,463200,651000,2025,Logement,MAMH — Données Québec (rôle d'évaluation foncière),https://donneesouvertes.affmunqc.net/role/RL47017_2026.xml,,,,
"4, Mistassini",,Granby,,,3165.2,1990,170900,417100,588000,2025,Logement,MAMH — Données Québec (rôle d'évaluation foncière),https://donneesouvertes.affmunqc.net/role/RL47017_2026.xml,,,,
"15, Milan",,Granby,,,3195.6,2014,172600,537400,710000,2025,Logement,MAMH — Données Québec (rôle d'évaluation foncière),https://donneesouvertes.affmunqc.net/role/RL47017_2026.xml,,,,
"8, Milan",,Granby,,,2682.4,1988,144900,333100,478000,2025,Logement,MAMH — Données Québec (rôle d'évaluation foncière),https://donneesouvertes.affmunqc.net/role/RL47017_2026.xml,,,,
"185, 11e",,Granby,,,2828.8,2020,76400,447600,524000,2025,Logement,MAMH — Données Québec (rôle d'évaluation foncière),https://donneesouvertes.affmunqc.net/role/RL47017_2026.xml,,,,
"12, Marieville",,Granby,,,3076.9,1990,166200,338800,505000,2025,Logement,MAMH — Données Québec (rôle d'évaluation foncière),https://donneesouvertes.affmunqc.net/role/RL47017_2026.xml,,,,
"183, 11e",,Granby,,,3195.5,1988,172600,260400,433000,2025,Logement,MAMH — Données Québec (rôle d'évaluation foncière),https://donneesouvertes.affmunqc.net/role/RL47017_2026.xml,,,,
"41, Mistassini",,Granby,,,3308.8,2012,175200,611800,787000,2025,Logement,MAMH — Données Québec (rôle d'évaluation foncière),https://donneesouvertes.affmunqc.net/role/RL47017_2026.xml,,,,
"5, Montebello",,Granby,,,4133.4,1990,193300,399700,593000,2025,Logement,MAMH — Données Québec (rôle d'évaluation foncière),https://donneesouvertes.affmunqc.net/role/RL47017_2026.xml,,,,
"37, Mistassini",,Granby,,,3200,1990,172800,449200,622000,2025,Logement,MAMH — Données Québec (rôle d'évaluation foncière),https://donneesouvertes.affmunqc.net/role/RL47017_2026.xml,,,,
"33, Mistassini",,Granby,,,3200,1990,172800,433200,606000,2025,Logement,MAMH — Données Québec (rôle d'évaluation foncière),https://donneesouvertes.affmunqc.net/role/RL47017_2026.xml,,,,
"48, Masson",,Granby,,,3407.9,,177000,,177000,2025,Terrain vacant,MAMH — Données Québec (rôle d'évaluation foncière),https://donneesouvertes.affmunqc.net/role/RL47017_2026.xml,,,,
"44, Masson",,Granby,,,3407.9,1991,177400,368600,546000,2025,Logement,MAMH — Données Québec (rôle d'évaluation foncière),https://donneesouvertes.affmunqc.net/role/RL47017_2026.xml,,,,
"29, Mistassini",,Granby,,,3200,1989,172800,334200,507000,2025,Logement,MAMH — Données Québec (rôle d'évaluation foncière),https://donneesouvertes.affmunqc.net/role/RL47017_2026.xml,,,,
"25, Mistassini",,Granby,,,3200,1989,172800,446200,619000,2025,Logement,MAMH — Données Québec (rôle d'évaluation foncière),https://donneesouvertes.affmunqc.net/role/RL47017_2026.xml,,,,
"40, Masson",,Granby,,,3407.9,1990,177400,319600,497000,2025,Logement,MAMH — Données Québec (rôle d'évaluation foncière),https://donneesouvertes.affmunqc.net/role/RL47017_2026.xml,,,,
"36, Masson",,Granby,,,3407.9,1989,177400,274600,452000,2025,Logement,MAMH — Données Québec (rôle d'évaluation foncière),https://donneesouvertes.affmunqc.net/role/RL47017_2026.xml,,,,
"21, Mistassini",,Granby,,,3200,2003,172800,346200,519000,2025,Logement,MAMH — Données Québec (rôle d'évaluation foncière),https://donneesouvertes.affmunqc.net/role/RL47017_2026.xml,,,,
"17, Mistassini",,Granby,,,3200,2004,172800,264200,437000,2025,Logement,MAMH — Données Québec (rôle d'évaluation foncière),https://donneesouvertes.affmunqc.net/role/RL47017_2026.xml,,,,
"32, Masson",,Granby,,,3407.6,1989,177400,244600,422000,2025,Logement,MAMH — Données Québec (rôle d'évaluation foncière),https://donneesouvertes.affmunqc.net/role/RL47017_2026.xml,,,,
"28, Masson",,Granby,,,3407.9,1992,177400,245600,423000,2025,Logement,MAMH — Données Québec (rôle d'évaluation foncière),https://donneesouvertes.affmunqc.net/role/RL47017_2026.xml,,,,
"13, Mistassini",,Granby,,,3200,2007,172800,303200,476000,2025,Logement,MAMH — Données Québec (rôle d'évaluation foncière),https://donneesouvertes.affmunqc.net/role/RL47017_2026.xml,,,,
"9, Mistassini",,Granby,,,3200,2005,172800,368200,541000,2025,Logement,MAMH — Données Québec (rôle d'évaluation foncière),https://donneesouvertes.affmunqc.net/role/RL47017_2026.xml,,,,
"11, Maricourt",,Granby,,,3360.9,2008,176300,412700,589000,2025,Logement,MAMH — Données Québec (rôle d'évaluation foncière),https://donneesouvertes.affmunqc.net/role/RL47017_2026.xml,,,,
"8, Maricourt",,Granby,,,3320.1,1994,175400,326600,502000,2025,Logement,MAMH — Données Québec (rôle d'évaluation foncière),https://donneesouvertes.affmunqc.net/role/RL47017_2026.xml,,,,
"7, Maricourt",,Granby,,,3288.2,1998,174700,414300,589000,2025,Logement,MAMH — Données Québec (rôle d'évaluation foncière),https://donneesouvertes.affmunqc.net/role/RL47017_2026.xml,,,,
"9, Marieville",,Granby,,,3065.1,2006,165500,534500,700000,2025,Logement,MAMH — Données Québec (rôle d'évaluation foncière),https://donneesouvertes.affmunqc.net/role/RL47017_2026.xml,,,,
"179, 11e",,Granby,,,2089.5,1978,112800,247200,360000,2025,Logement,MAMH — Données Québec (rôle d'évaluation foncière),https://donneesouvertes.affmunqc.net/role/RL47017_2026.xml,,,,
"8, Marieville",,Granby,,,3015.6,2014,162800,535200,698000,2025,Logement,MAMH — Données Québec (rôle d'évaluation foncière),https://donneesouvertes.affmunqc.net/role/RL47017_2026.xml,,,,
"57, Masson",,Granby,,,4178.9,1990,194300,658700,853000,2025,Logement,MAMH — Données Québec (rôle d'évaluation foncière),https://donneesouvertes.affmunqc.net/role/RL47017_2026.xml,,,,
"53, Masson",,Granby,,,3199.2,2022,172800,753200,926000,2025,Logement,MAMH — Données Québec (rôle d'évaluation foncière),https://donneesouvertes.affmunqc.net/role/RL47017_2026.xml,,,,
"978, Saint-hubert",,Granby,,,1978,1983,106800,261200,368000,2025,Logement,MAMH — Données Québec (rôle d'évaluation foncière),https://donneesouvertes.affmunqc.net/role/RL47017_2026.xml,,,,
"49, Masson",,Granby,,,3199.2,1988,172800,346200,519000,2025,Logement,MAMH — Données Québec (rôle d'évaluation foncière),https://donneesouvertes.affmunqc.net/role/RL47017_2026.xml,,,,
"45, Masson",,Granby,,,3199.2,2019,172800,741200,914000,2025,Logement,MAMH — Données Québec (rôle d'évaluation foncière),https://donneesouvertes.affmunqc.net/role/RL47017_2026.xml,,,,
"41, Masson",,Granby,,,3199.2,2008,172800,430200,603000,2025,Logement,MAMH — Données Québec (rôle d'évaluation foncière),https://donneesouvertes.affmunqc.net/role/RL47017_2026.xml,,,,
"37, Masson",,Granby,,,3199.2,2012,172800,544200,717000,2025,Logement,MAMH — Données Québec (rôle d'évaluation foncière),https://donneesouvertes.affmunqc.net/role/RL47017_2026.xml,,,,
"33, Masson",,Granby,,,3191,2005,172300,295700,468000,2025,Logement,MAMH — Données Québec (rôle d'évaluation foncière),https://donneesouvertes.affmunqc.net/role/RL47017_2026.xml,,,,
"29, Masson",,Granby,,,3401.6,1994,177200,314800,492000,2025,Logement,MAMH — Données Québec (rôle d'évaluation foncière),https://donneesouvertes.affmunqc.net/role/RL47017_2026.xml,,,,
"24, Masson",,Granby,,,3407.9,1993,177400,214600,392000,2025,Logement,MAMH — Données Québec (rôle d'évaluation foncière),https://donneesouvertes.affmunqc.net/role/RL47017_2026.xml,,,,
"25, Masson",,Granby,,,3294.5,2004,174900,317100,492000,2025,Logement,MAMH — Données Québec (rôle d'évaluation foncière),https://donneesouvertes.affmunqc.net/role/RL47017_2026.xml,,,,
"21, Masson",,Granby,,,3296.4,2007,174900,362100,537000,2025,Logement,MAMH — Données Québec (rôle d'évaluation foncière),https://donneesouvertes.affmunqc.net/role/RL47017_2026.xml,,,,
"20, Masson",,Granby,,,3399.8,1988,177200,408800,586000,2025,Logement,MAMH — Données Québec (rôle d'évaluation foncière),https://donneesouvertes.affmunqc.net/role/RL47017_2026.xml,,,,
"3, Maricourt",,Granby,,,3112.7,1988,168100,304900,473000,2025,Logement,MAMH — Données Québec (rôle d'évaluation foncière),https://donneesouvertes.affmunqc.net/role/RL47017_2026.xml,,,,
"17, Masson",,Granby,,,3298.3,2007,175000,357000,532000,2025,Logement,MAMH — Données Québec (rôle d'évaluation foncière),https://donneesouvertes.affmunqc.net/role/RL47017_2026.xml,,,,
"5, Marieville",,Granby,,,3925.8,1990,188800,368200,557000,2025,Logement,MAMH — Données Québec (rôle d'évaluation foncière),https://donneesouvertes.affmunqc.net/role/RL47017_2026.xml,,,,
"4, Marieville",,Granby,,,3837.3,2002,186800,303200,490000,2025,Logement,MAMH — Données Québec (rôle d'évaluation foncière),https://donneesouvertes.affmunqc.net/role/RL47017_2026.xml,,,,
"175, 11e",,Granby,,,3015.2,2003,162800,800200,963000,2025,Logement,MAMH — Données Québec (rôle d'évaluation foncière),https://donneesouvertes.affmunqc.net/role/RL47017_2026.xml,,,,
"4, Masson",,Granby,,,3054.1,2003,140200,296800,437000,2025,Logement,MAMH — Données Québec (rôle d'évaluation foncière),https://donneesouvertes.affmunqc.net/role/RL47017_2026.xml,,,,
"51, Mirabel",,Granby,,,2069,1983,111700,293300,405000,2025,Logement,MAMH — Données Québec (rôle d'évaluation foncière),https://donneesouvertes.affmunqc.net/role/RL47017_2026.xml,,,,
"990, Saint-hubert",,Granby,,,3734.7,1982,184600,511400,696000,2025,Logement,MAMH — Données Québec (rôle d'évaluation foncière),https://donneesouvertes.affmunqc.net/role/RL47017_2026.xml,,,,
"1002, Saint-hubert",,Granby,,,1867.4,1990,100800,266200,367000,2025,Logement,MAMH — Données Québec (rôle d'évaluation foncière),https://donneesouvertes.affmunqc.net/role/RL47017_2026.xml,,,,
"52, Mirabel",,Granby,,,1864,1981,100700,299300,400000,2025,Logement,MAMH — Données Québec (rôle d'évaluation foncière),https://donneesouvertes.affmunqc.net/role/RL47017_2026.xml,,,,
"51, Montmagny",,Granby,,,3724,1980,184300,300700,485000,2025,Logement,MAMH — Données Québec (rôle d'évaluation foncière),https://donneesouvertes.affmunqc.net/role/RL47017_2026.xml,,,,
"1010, Saint-hubert",,Granby,,,1867.4,1988,100800,277200,378000,2025,Logement,MAMH — Données Québec (rôle d'évaluation foncière),https://donneesouvertes.affmunqc.net/role/RL47017_2026.xml,,,,
"1018, Saint-hubert",,Granby,,,1867.4,1985,100800,272200,373000,2025,Logement,MAMH — Données Québec (rôle d'évaluation foncière),https://donneesouvertes.affmunqc.net/role/RL47017_2026.xml,,,,
"1005, Saint-hubert",,Granby,,,2061,,111000,,111000,2025,Terrain vacant,MAMH — Données Québec (rôle d'évaluation foncière),https://donneesouvertes.affmunqc.net/role/RL47017_2026.xml,,,,
"1013, Saint-hubert",,Granby,,,2077,1989,112200,353800,466000,2025,Logement,MAMH — Données Québec (rôle d'évaluation foncière),https://donneesouvertes.affmunqc.net/role/RL47017_2026.xml,,,,
"1026, Saint-hubert",,Granby,,,1877,1986,101400,310600,412000,2025,Logement,MAMH — Données Québec (rôle d'évaluation foncière),https://donneesouvertes.affmunqc.net/role/RL47017_2026.xml,,,,
"1034, Saint-hubert",,Granby,,,2726,1994,147200,473800,621000,2025,Logement,MAMH — Données Québec (rôle d'évaluation foncière),https://donneesouvertes.affmunqc.net/role/RL47017_2026.xml,,,,
"1021, Saint-hubert",,Granby,,,2067,1981,111600,276400,388000,2025,Logement,MAMH — Données Québec (rôle d'évaluation foncière),https://donneesouvertes.affmunqc.net/role/RL47017_2026.xml,,,,
"1042, Saint-hubert",,Granby,,,3000,1989,162000,294000,456000,2025,Logement,MAMH — Données Québec (rôle d'évaluation foncière),https://donneesouvertes.affmunqc.net/role/RL47017_2026.xml,,,,
"1050, Saint-hubert",,Granby,,,3000,2005,162000,432000,594000,2025,Logement,MAMH — Données Québec (rôle d'évaluation foncière),https://donneesouvertes.affmunqc.net/role/RL47017_2026.xml,,,,
"1058, Saint-hubert",,Granby,,,3000,1987,162000,564000,726000,2025,Logement,MAMH — Données Québec (rôle d'évaluation foncière),https://donneesouvertes.affmunqc.net/role/RL47017_2026.xml,,,,
"13, Masson",,Granby,,,4487.1,2003,201100,355900,557000,2025,Logement,MAMH — Données Québec (rôle d'évaluation foncière),https://donneesouvertes.affmunqc.net/role/RL47017_2026.xml,,,,
"1064, Saint-hubert",,Granby,,,3000.9,2012,162000,428000,590000,2025,Logement,MAMH — Données Québec (rôle d'évaluation foncière),https://donneesouvertes.affmunqc.net/role/RL47017_2026.xml,,,,
"139, 11e",,Granby,,,4243,1960,151100,319900,471000,2025,Logement,MAMH — Données Québec (rôle d'évaluation foncière),https://donneesouvertes.affmunqc.net/role/RL47017_2026.xml,,,,
"135, 11e",,Granby,,,2005.3,1985,80200,231800,312000,2025,Logement,MAMH — Données Québec (rôle d'évaluation foncière),https://donneesouvertes.affmunqc.net/role/RL47017_2026.xml,,,,
"47, Mirabel",,Granby,,,1867.4,1983,100800,254200,355000,2025,Logement,MAMH — Données Québec (rôle d'évaluation foncière),https://donneesouvertes.affmunqc.net/role/RL47017_2026.xml,,,,
"44, Montpellier",,Granby,,,1875,1989,101300,260700,362000,2025,Logement,MAMH — Données Québec (rôle d'évaluation foncière),https://donneesouvertes.affmunqc.net/role/RL47017_2026.xml,,,,
"43, Mirabel",,Granby,,,1867.4,1981,100800,266200,367000,2025,Logement,MAMH — Données Québec (rôle d'évaluation foncière),https://donneesouvertes.affmunqc.net/role/RL47017_2026.xml,,,,
"39, Mirabel",,Granby,,,1867.4,2013,100800,486200,587000,2025,Logement,MAMH — Données Québec (rôle d'évaluation foncière),https://donneesouvertes.affmunqc.net/role/RL47017_2026.xml,,,,
"48, Mirabel",,Granby,,,1865,1982,100700,267300,368000,2025,Logement,MAMH — Données Québec (rôle d'évaluation foncière),https://donneesouvertes.affmunqc.net/role/RL47017_2026.xml,,,,
"44, Mirabel",,Granby,,,1865,1983,100700,280300,381000,2025,Logement,MAMH — Données Québec (rôle d'évaluation foncière),https://donneesouvertes.affmunqc.net/role/RL47017_2026.xml,,,,
"43, Montmagny",,Granby,,,1863,1981,100600,232400,333000,2025,Logement,MAMH — Données Québec (rôle d'évaluation foncière),https://donneesouvertes.affmunqc.net/role/RL47017_2026.xml,,,,
"52, Montmorency",,Granby,,,3885,1983,187900,368100,556000,2025,Logement,MAMH — Données Québec (rôle d'évaluation foncière),https://donneesouvertes.affmunqc.net/role/RL47017_2026.xml,,,,
"47, Montmorency",,Granby,,,1900,1982,102600,226400,329000,2025,Logement,MAMH — Données Québec (rôle d'évaluation foncière),https://donneesouvertes.affmunqc.net/role/RL47017_2026.xml,,,,
"43, Montmorency",,Granby,,,1871,1981,101000,255000,356000,2025,Logement,MAMH — Données Québec (rôle d'évaluation foncière),https://donneesouvertes.affmunqc.net/role/RL47017_2026.xml,,,,
"1029, Saint-hubert",,Granby,,,3207.4,1990,173000,410000,583000,2025,Logement,MAMH — Données Québec (rôle d'évaluation foncière),https://donneesouvertes.affmunqc.net/role/RL47017_2026.xml,,,,
"44, Montmorency",,Granby,,,3239,1985,173700,432300,606000,2025,Logement,MAMH — Données Québec (rôle d'évaluation foncière),https://donneesouvertes.affmunqc.net/role/RL47017_2026.xml,,,,
"8, Manseau",,Granby,,,4297.3,1991,196900,442100,639000,2025,Logement,MAMH — Données Québec (rôle d'évaluation foncière),https://donneesouvertes.affmunqc.net/role/RL47017_2026.xml,,,,
"4, Manseau",,Granby,,,2023,2021,109200,550800,660000,2025,Logement,MAMH — Données Québec (rôle d'évaluation foncière),https://donneesouvertes.affmunqc.net/role/RL47017_2026.xml,,,,
"1037, Saint-hubert",,Granby,,,3000,1991,162000,281000,443000,2025,Logement,MAMH — Données Québec (rôle d'évaluation foncière),https://donneesouvertes.affmunqc.net/role/RL47017_2026.xml,,,,
"1045, Saint-hubert",,Granby,,,3000,1990,162000,276000,438000,2025,Logement,MAMH — Données Québec (rôle d'évaluation foncière),https://donneesouvertes.affmunqc.net/role/RL47017_2026.xml,,,,
"12, Manseau",,Granby,,,3218.3,1990,173200,296800,470000,2025,Logement,MAMH — Données Québec (rôle d'évaluation foncière),https://donneesouvertes.affmunqc.net/role/RL47017_2026.xml,,,,
"16, Manseau",,Granby,,,3010.6,1990,162600,286400,449000,2025,Logement,MAMH — Données Québec (rôle d'évaluation foncière),https://donneesouvertes.affmunqc.net/role/RL47017_2026.xml,,,,
"7, Matane",,Granby,,,3000,1990,162000,292000,454000,2025,Logement,MAMH — Données Québec (rôle d'évaluation foncière),https://donneesouvertes.affmunqc.net/role/RL47017_2026.xml,,,,
"11, Matane",,Granby,,,3001.2,1992,162100,345900,508000,2025,Logement,MAMH — Données Québec (rôle d'évaluation foncière),https://donneesouvertes.affmunqc.net/role/RL47017_2026.xml,,,,
"8, Matane",,Granby,,,3000,2012,162000,424000,586000,2025,Logement,MAMH — Données Québec (rôle d'évaluation foncière),https://donneesouvertes.affmunqc.net/role/RL47017_2026.xml,,,,
"1061, Saint-hubert",,Granby,,,3000,1991,162000,273000,435000,2025,Logement,MAMH — Données Québec (rôle d'évaluation foncière),https://donneesouvertes.affmunqc.net/role/RL47017_2026.xml,,,,
"1069, Saint-hubert",,Granby,,,3019.5,1991,163100,245900,409000,2025,Logement,MAMH — Données Québec (rôle d'évaluation foncière),https://donneesouvertes.affmunqc.net/role/RL47017_2026.xml,,,,
"125, 11e",,Granby,,,4313.3,2013,152800,342200,495000,2025,Logement,MAMH — Données Québec (rôle d'évaluation foncière),https://donneesouvertes.affmunqc.net/role/RL47017_2026.xml,,,,
"130, 11e",,Granby,,,2192.5,1974,87700,249300,337000,2025,Logement,MAMH — Données Québec (rôle d'évaluation foncière),https://donneesouvertes.affmunqc.net/role/RL47017_2026.xml,,,,
"129, 11e",,Granby,,,2599,1977,104000,217000,321000,2025,Logement,MAMH — Données Québec (rôle d'évaluation foncière),https://donneesouvertes.affmunqc.net/role/RL47017_2026.xml,,,,
"124, 11e",,Granby,,,1951,2018,78000,443000,521000,2025,Logement,MAMH — Données Québec (rôle d'évaluation foncière),https://donneesouvertes.affmunqc.net/role/RL47017_2026.xml,,,,
"122, 11e",,Granby,,,1300.6,1990,69700,219300,289000,2025,Logement,MAMH — Données Québec (rôle d'évaluation foncière),https://donneesouvertes.affmunqc.net/role/RL47017_2026.xml,,,,
"40, Mirabel",,Granby,,,1865,1984,100700,331300,432000,2025,Logement,MAMH — Données Québec (rôle d'évaluation foncière),https://donneesouvertes.affmunqc.net/role/RL47017_2026.xml,,,,
"35, Mirabel",,Granby,,,1867.4,1981,100800,265200,366000,2025,Logement,MAMH — Données Québec (rôle d'évaluation foncière),https://donneesouvertes.affmunqc.net/role/RL47017_2026.xml,,,,
"36, Mirabel",,Granby,,,1865,1982,100700,280300,381000,2025,Logement,MAMH — Données Québec (rôle d'évaluation foncière),https://donneesouvertes.affmunqc.net/role/RL47017_2026.xml,,,,
"31, Mirabel",,Granby,,,1867.4,1982,100800,233200,334000,2025,Logement,MAMH — Données Québec (rôle d'évaluation foncière),https://donneesouvertes.affmunqc.net/role/RL47017_2026.xml,,,,
"32, Mirabel",,Granby,,,1865,1983,100700,237300,338000,2025,Logement,MAMH — Données Québec (rôle d'évaluation foncière),https://donneesouvertes.affmunqc.net/role/RL47017_2026.xml,,,,
"39, Montmagny",,Granby,,,1863,1981,100600,330400,431000,2025,Logement,MAMH — Données Québec (rôle d'évaluation foncière),https://donneesouvertes.affmunqc.net/role/RL47017_2026.xml,,,,
"40, Montmagny",,Granby,,,2058,1982,111100,317900,429000,2025,Logement,MAMH — Données Québec (rôle d'évaluation foncière),https://donneesouvertes.affmunqc.net/role/RL47017_2026.xml,,,,
"35, Montmagny",,Granby,,,1863,1981,100600,282400,383000,2025,Logement,MAMH — Données Québec (rôle d'évaluation foncière),https://donneesouvertes.affmunqc.net/role/RL47017_2026.xml,,,,
"36, Montmagny",,Granby,,,2035,1983,109900,246100,356000,2025,Logement,MAMH — Données Québec (rôle d'évaluation foncière),https://donneesouvertes.affmunqc.net/role/RL47017_2026.xml,,,,
"31, Montmagny",,Granby,,,1863,1981,100600,247400,348000,2025,Logement,MAMH — Données Québec (rôle d'évaluation foncière),https://donneesouvertes.affmunqc.net/role/RL47017_2026.xml,,,,
"39, Montmorency",,Granby,,,2058,1982,111100,253900,365000,2025,Logement,MAMH — Données Québec (rôle d'évaluation foncière),https://donneesouvertes.affmunqc.net/role/RL47017_2026.xml,,,,
"35, Montmorency",,Granby,,,2035,1981,109900,429100,539000,2025,Logement,MAMH — Données Québec (rôle d'évaluation foncière),https://donneesouvertes.affmunqc.net/role/RL47017_2026.xml,,,,
"36, Montmorency",,Granby,,,1983,1983,107100,261900,369000,2025,Logement,MAMH — Données Québec (rôle d'évaluation foncière),https://donneesouvertes.affmunqc.net/role/RL47017_2026.xml,,,,
"11, Manseau",,Granby,,,3003.6,1990,162200,434800,597000,2025,Logement,MAMH — Données Québec (rôle d'évaluation foncière),https://donneesouvertes.affmunqc.net/role/RL47017_2026.xml,,,,
"15, Manseau",,Granby,,,3013.2,1989,162700,374300,537000,2025,Logement,MAMH — Données Québec (rôle d'évaluation foncière),https://donneesouvertes.affmunqc.net/role/RL47017_2026.xml,,,,
"19, Manseau",,Granby,,,3350,1991,176100,350900,527000,2025,Logement,MAMH — Données Québec (rôle d'évaluation foncière),https://donneesouvertes.affmunqc.net/role/RL47017_2026.xml,,,,
"12, Matane",,Granby,,,3000,2010,162000,398000,560000,2025,Logement,MAMH — Données Québec (rôle d'évaluation foncière),https://donneesouvertes.affmunqc.net/role/RL47017_2026.xml,,,,
"23, Manseau",,Granby,,,3055.2,1990,165000,300000,465000,2025,Logement,MAMH — Données Québec (rôle d'évaluation foncière),https://donneesouvertes.affmunqc.net/role/RL47017_2026.xml,,,,
"16, Matane",,Granby,,,3000.5,2009,162000,387000,549000,2025,Logement,MAMH — Données Québec (rôle d'évaluation foncière),https://donneesouvertes.affmunqc.net/role/RL47017_2026.xml,,,,
"113, 11e, app. 115",,Granby,,,8736.1,1979,263400,516600,780000,2025,Logement,MAMH — Données Québec (rôle d'évaluation foncière),https://donneesouvertes.affmunqc.net/role/RL47017_2026.xml,,,,
"121, 11e",,Granby,,,1227.2,1969,67700,195300,263000,2025,Logement,MAMH — Données Québec (rôle d'évaluation foncière),https://donneesouvertes.affmunqc.net/role/RL47017_2026.xml,,,,
"118, 11e",,Granby,,,1672.5,1971,83600,326400,410000,2025,Logement,MAMH — Données Québec (rôle d'évaluation foncière),https://donneesouvertes.affmunqc.net/role/RL47017_2026.xml,,,,
"110, 11e",,Granby,,,4891.1,1980,167300,414700,582000,2025,Logement,MAMH — Données Québec (rôle d'évaluation foncière),https://donneesouvertes.affmunqc.net/role/RL47017_2026.xml,,,,
"27, Mirabel",,Granby,,,1867.4,1982,100800,207200,308000,2025,Logement,MAMH — Données Québec (rôle d'évaluation foncière),https://donneesouvertes.affmunqc.net/role/RL47017_2026.xml,,,,
"28, Mirabel",,Granby,,,1865,1983,100700,266300,367000,2025,Logement,MAMH — Données Québec (rôle d'évaluation foncière),https://donneesouvertes.affmunqc.net/role/RL47017_2026.xml,,,,
"18, Montpellier",,Granby,,,1998,1983,107900,365100,473000,2025,Logement,MAMH — Données Québec (rôle d'évaluation foncière),https://donneesouvertes.affmunqc.net/role/RL47017_2026.xml,,,,
"5, Montmorency",,Granby,,,1865,1981,100700,396300,497000,2025,Logement,MAMH — Données Québec (rôle d'évaluation foncière),https://donneesouvertes.affmunqc.net/role/RL47017_2026.xml,,,,
"32, Montmagny",,Granby,,,2012,2013,108600,461400,570000,2025,Logement,MAMH — Données Québec (rôle d'évaluation foncière),https://donneesouvertes.affmunqc.net/role/RL47017_2026.xml,,,,
"27, Montmagny",,Granby,,,1863,1980,100600,190400,291000,2025,Logement,MAMH — Données Québec (rôle d'évaluation foncière),https://donneesouvertes.affmunqc.net/role/RL47017_2026.xml,,,,
"28, Montmagny",,Granby,,,1989,1983,107400,282600,390000,2025,Logement,MAMH — Données Québec (rôle d'évaluation foncière),https://donneesouvertes.affmunqc.net/role/RL47017_2026.xml,,,,
"9, Montmorency",,Granby,,,1861,1980,100500,252500,353000,2025,Logement,MAMH — Données Québec (rôle d'évaluation foncière),https://donneesouvertes.affmunqc.net/role/RL47017_2026.xml,,,,
"32, Montmorency",,Granby,,,1992,1990,107600,273400,381000,2025,Logement,MAMH — Données Québec (rôle d'évaluation foncière),https://donneesouvertes.affmunqc.net/role/RL47017_2026.xml,,,,
"31, Montmorency",,Granby,,,2012,1978,108600,305400,414000,2025,Logement,MAMH — Données Québec (rôle d'évaluation foncière),https://donneesouvertes.affmunqc.net/role/RL47017_2026.xml,,,,
"28, Montmorency",,Granby,,,2919.3,1987,157600,252400,410000,2025,Logement,MAMH — Données Québec (rôle d'évaluation foncière),https://donneesouvertes.affmunqc.net/role/RL47017_2026.xml,,,,
"27, Montmorency",,Granby,,,1989,1987,107400,384600,492000,2025,Logement,MAMH — Données Québec (rôle d'évaluation foncière),https://donneesouvertes.affmunqc.net/role/RL47017_2026.xml,,,,
"52, Matane",,Granby,,,3042.6,2010,164300,294700,459000,2025,Logement,MAMH — Données Québec (rôle d'évaluation foncière),https://donneesouvertes.affmunqc.net/role/RL47017_2026.xml,,,,
"48, Matane",,Granby,,,3404,2010,177300,330700,508000,2025,Logement,MAMH — Données Québec (rôle d'évaluation foncière),https://donneesouvertes.affmunqc.net/role/RL47017_2026.xml,,,,
"41, Matane",,Granby,,,3536,2021,180200,666800,847000,2025,Logement,MAMH — Données Québec (rôle d'évaluation foncière),https://donneesouvertes.affmunqc.net/role/RL47017_2026.xml,,,,
"39, Matane",,Granby,,,3536,2017,180200,488800,669000,2025,Logement,MAMH — Données Québec (rôle d'évaluation foncière),https://donneesouvertes.affmunqc.net/role/RL47017_2026.xml,,,,
"23, Matane",,Granby,,,3536,1991,180200,275800,456000,2025,Logement,MAMH — Données Québec (rôle d'évaluation foncière),https://donneesouvertes.affmunqc.net/role/RL47017_2026.xml,,,,
"37, Matane",,Granby,,,3536,2011,180200,431800,612000,2025,Logement,MAMH — Données Québec (rôle d'évaluation foncière),https://donneesouvertes.affmunqc.net/role/RL47017_2026.xml,,,,
"19, Matane",,Granby,,,3536,1990,180200,309800,490000,2025,Logement,MAMH — Données Québec (rôle d'évaluation foncière),https://donneesouvertes.affmunqc.net/role/RL47017_2026.xml,,,,
"20, Matane",,Granby,,,3004.1,2006,162200,357800,520000,2025,Logement,MAMH — Données Québec (rôle d'évaluation foncière),https://donneesouvertes.affmunqc.net/role/RL47017_2026.xml,,,,
"24, Matane",,Granby,,,3001.5,2007,162100,410900,573000,2025,Logement,MAMH — Données Québec (rôle d'évaluation foncière),https://donneesouvertes.affmunqc.net/role/RL47017_2026.xml,,,,
"109, 11e",,Granby,,,3005.8,1969,120100,401900,522000,2025,Logement,MAMH — Données Québec (rôle d'évaluation foncière),https://donneesouvertes.affmunqc.net/role/RL47017_2026.xml,,,,
"105, 11e",,Granby,,,2971.1,,118800,268200,387000,2025,Logement,MAMH — Données Québec (rôle d'évaluation foncière),https://donneesouvertes.affmunqc.net/role/RL47017_2026.xml,,,,
"93, 11e",,Granby,,,6885.7,1960,217100,155900,373000,2025,Logement,MAMH — Données Québec (rôle d'évaluation foncière),https://donneesouvertes.affmunqc.net/role/RL47017_2026.xml,,,,
"106, 11e",,Granby,,,1031.1,1979,56900,264100,321000,2025,Logement,MAMH — Données Québec (rôle d'évaluation foncière),https://donneesouvertes.affmunqc.net/role/RL47017_2026.xml,,,,
"102, 11e",,Granby,,,975.5,1976,53800,307200,361000,2025,Logement,MAMH — Données Québec (rôle d'évaluation foncière),https://donneesouvertes.affmunqc.net/role/RL47017_2026.xml,,,,
"98, 11e",,Granby,,,2601.7,1969,104100,193900,298000,2025,Logement,MAMH — Données Québec (rôle d'évaluation foncière),https://donneesouvertes.affmunqc.net/role/RL47017_2026.xml,,,,
"86, 11e",,Granby,,,1695.4,1955,84800,307200,392000,2025,Logement,MAMH — Données Québec (rôle d'évaluation foncière),https://donneesouvertes.affmunqc.net/role/RL47017_2026.xml,,,,
"52, 11e",,Granby,,,80803,,125000,,125000,2025,Terrain vacant,MAMH — Données Québec (rôle d'évaluation foncière),https://donneesouvertes.affmunqc.net/role/RL47017_2026.xml,,,,
"192, 11e",,Granby,,,19495.8,,23000,,23000,2025,Terrain vacant,MAMH — Données Québec (rôle d'évaluation foncière),https://donneesouvertes.affmunqc.net/role/RL47017_2026.xml,,,,
"180, 11e",,Granby,,,136028,,315400,437600,753000,2025,Institutionnel,MAMH — Données Québec (rôle d'évaluation foncière),https://donneesouvertes.affmunqc.net/role/RL47017_2026.xml,,,,
"134, 11e",,Granby,,,316815,,231000,,231000,2025,Terrain vacant,MAMH — Données Québec (rôle d'évaluation foncière),https://donneesouvertes.affmunqc.net/role/RL47017_2026.xml,,,,
"72, Dale",,Granby,,,382211.6,,380000,,380000,2025,Agricole,MAMH — Données Québec (rôle d'évaluation foncière),https://donneesouvertes.affmunqc.net/role/RL47017_2026.xml,,,,
"796, Mountain",,Granby,,,404200,,692600,314400,1007000,2025,Agricole,MAMH — Données Québec (rôle d'évaluation foncière),https://donneesouvertes.affmunqc.net/role/RL47017_2026.xml,,,,
"836, Mountain",,Granby,,,21500,,24000,,24000,2025,Agricole,MAMH — Données Québec (rôle d'évaluation foncière),https://donneesouvertes.affmunqc.net/role/RL47017_2026.xml,,,,
"844, Mountain",,Granby,,,1682.47,1968,53800,195200,249000,2025,Logement,MAMH — Données Québec (rôle d'évaluation foncière),https://donneesouvertes.affmunqc.net/role/RL47017_2026.xml,,,,
"843, Mountain",,Granby,,,3568.3,1972,132000,250000,382000,2025,Logement,MAMH — Données Québec (rôle d'évaluation foncière),https://donneesouvertes.affmunqc.net/role/RL47017_2026.xml,,,,
"860, Mountain",,Granby,,,45103.8,,62000,,62000,2025,Terrain vacant,MAMH — Données Québec (rôle d'évaluation foncière),https://donneesouvertes.affmunqc.net/role/RL47017_2026.xml,,,,
"855, Mountain",,Granby,,,2214.6,,98300,338700,437000,2025,Logement,MAMH — Données Québec (rôle d'évaluation foncière),https://donneesouvertes.affmunqc.net/role/RL47017_2026.xml,,,,
"847, Mountain",,Granby,,,4677.7,1975,173100,397900,571000,2025,Immeuble à bureaux,MAMH — Données Québec (rôle d'évaluation foncière),https://donneesouvertes.affmunqc.net/role/RL47017_2026.xml,,,,
"885, Mountain",,Granby,,,4344.1,1976,160700,192300,353000,2025,Immeuble à bureaux,MAMH — Données Québec (rôle d'évaluation foncière),https://donneesouvertes.affmunqc.net/role/RL47017_2026.xml,,,,
"865, Mountain",,Granby,,,60107.9,,33000,,33000,2025,Terrain vacant,MAMH — Données Québec (rôle d'évaluation foncière),https://donneesouvertes.affmunqc.net/role/RL47017_2026.xml,,,,
"58, Bergeron",,Granby,,,17902.9,1982,229200,343800,573000,2025,Logement,MAMH — Données Québec (rôle d'évaluation foncière),https://donneesouvertes.affmunqc.net/role/RL47017_2026.xml,,,,
"70, Bergeron",,Granby,,,13827.5,1969,309700,359300,669000,2025,Logement,MAMH — Données Québec (rôle d'évaluation foncière),https://donneesouvertes.affmunqc.net/role/RL47017_2026.xml,,,,
"66, Bergeron",,Granby,,,5883.2,1980,188300,293700,482000,2025,Logement,MAMH — Données Québec (rôle d'évaluation foncière),https://donneesouvertes.affmunqc.net/role/RL47017_2026.xml,,,,
"54, Bergeron",,Granby,,,10030.33,1974,160500,222500,383000,2025,Logement,MAMH — Données Québec (rôle d'évaluation foncière),https://donneesouvertes.affmunqc.net/role/RL47017_2026.xml,,,,
"788, Mountain",,Granby,,,301255.8,1960,735700,8300,744000,2025,Agricole,MAMH — Données Québec (rôle d'évaluation foncière),https://donneesouvertes.affmunqc.net/role/RL47017_2026.xml,,,,
"48, Bergeron",,Granby,,,2507.53,1977,80200,187800,268000,2025,Logement,MAMH — Données Québec (rôle d'évaluation foncière),https://donneesouvertes.affmunqc.net/role/RL47017_2026.xml,,,,
"26, Bergeron",,Granby,,,5001.1,1966,160000,222000,382000,2025,Logement,MAMH — Données Québec (rôle d'évaluation foncière),https://donneesouvertes.affmunqc.net/role/RL47017_2026.xml,,,,
"754, Mountain",,Granby,,,30507.1,1961,222100,24900,247000,2025,Logement,MAMH — Données Québec (rôle d'évaluation foncière),https://donneesouvertes.affmunqc.net/role/RL47017_2026.xml,,,,
"805, Mountain",,Granby,,,4977,,159000,,159000,2025,Terrain vacant,MAMH — Données Québec (rôle d'évaluation foncière),https://donneesouvertes.affmunqc.net/role/RL47017_2026.xml,,,,
"781, Mountain",,Granby,,,929.02,1975,35100,127900,163000,2025,Logement,MAMH — Données Québec (rôle d'évaluation foncière),https://donneesouvertes.affmunqc.net/role/RL47017_2026.xml,,,,
"780, Mountain",,Granby,,,5000,1880,160000,351000,511000,2025,Logement,MAMH — Données Québec (rôle d'évaluation foncière),https://donneesouvertes.affmunqc.net/role/RL47017_2026.xml,,,,
"736, Mountain",,Granby,,,5000,,160000,,160000,2025,Terrain vacant,MAMH — Données Québec (rôle d'évaluation foncière),https://donneesouvertes.affmunqc.net/role/RL47017_2026.xml,,,,
"702, Mountain",,Granby,,,2334.4,1955,74700,248300,323000,2025,Logement,MAMH — Données Québec (rôle d'évaluation foncière),https://donneesouvertes.affmunqc.net/role/RL47017_2026.xml,,,,
"775, Mountain",,Granby,,,204196.9,,205000,,205000,2025,Agricole,MAMH — Données Québec (rôle d'évaluation foncière),https://donneesouvertes.affmunqc.net/role/RL47017_2026.xml,,,,
"11, Bergeron",,Granby,,,4669.4,1967,149400,326600,476000,2025,Logement,MAMH — Données Québec (rôle d'évaluation foncière),https://donneesouvertes.affmunqc.net/role/RL47017_2026.xml,,,,
"19, Bergeron",,Granby,,,7784.3,,162000,,162000,2025,Terrain vacant,MAMH — Données Québec (rôle d'évaluation foncière),https://donneesouvertes.affmunqc.net/role/RL47017_2026.xml,,,,
"41, Bergeron",,Granby,,,3317,1988,106100,249900,356000,2025,Logement,MAMH — Données Québec (rôle d'évaluation foncière),https://donneesouvertes.affmunqc.net/role/RL47017_2026.xml,,,,
"35, Bergeron",,Granby,,,3170.5,1988,101500,444500,546000,2025,Logement,MAMH — Données Québec (rôle d'évaluation foncière),https://donneesouvertes.affmunqc.net/role/RL47017_2026.xml,,,,
"29, Bergeron",,Granby,,,12506.63,1965,200100,224900,425000,2025,Logement,MAMH — Données Québec (rôle d'évaluation foncière),https://donneesouvertes.affmunqc.net/role/RL47017_2026.xml,,,,
"114, Bergeron",,Granby,,,534558,1996,829400,532600,1362000,2025,Agricole,MAMH — Données Québec (rôle d'évaluation foncière),https://donneesouvertes.affmunqc.net/role/RL47017_2026.xml,,,,
"698, Mountain",,Granby,,,177684.1,1998,1062600,6765400,7828000,2025,Immeuble commercial,MAMH — Données Québec (rôle d'évaluation foncière),https://donneesouvertes.affmunqc.net/role/RL47017_2026.xml,,,,
"701, Mountain",,Granby,,,5000,1947,160000,208000,368000,2025,Logement,MAMH — Données Québec (rôle d'évaluation foncière),https://donneesouvertes.affmunqc.net/role/RL47017_2026.xml,,,,
"699, Mountain",,Granby,,,2527.1,1947,80900,185100,266000,2025,Logement,MAMH — Données Québec (rôle d'évaluation foncière),https://donneesouvertes.affmunqc.net/role/RL47017_2026.xml,,,,
"695, Mountain",,Granby,,,2886.48,1979,92400,313600,406000,2025,Logement,MAMH — Données Québec (rôle d'évaluation foncière),https://donneesouvertes.affmunqc.net/role/RL47017_2026.xml,,,,
"687, Mountain",,Granby,,,5457.9,1925,174700,370300,545000,2025,Logement,MAMH — Données Québec (rôle d'évaluation foncière),https://donneesouvertes.affmunqc.net/role/RL47017_2026.xml,,,,
"675, Mountain",,Granby,,,12233.7,1971,215300,456700,672000,2025,Logement,MAMH — Données Québec (rôle d'évaluation foncière),https://donneesouvertes.affmunqc.net/role/RL47017_2026.xml,,,,
"629, Mountain",,Granby,,,12034.1,,269600,240400,510000,2025,Logement,MAMH — Données Québec (rôle d'évaluation foncière),https://donneesouvertes.affmunqc.net/role/RL47017_2026.xml,,,,
"619, Mountain",,Granby,,,14788.03,1980,292200,359800,652000,2025,Logement,MAMH — Données Québec (rôle d'évaluation foncière),https://donneesouvertes.affmunqc.net/role/RL47017_2026.xml,,,,
"611, Mountain",,Granby,,,4683.87,1968,119600,399400,519000,2025,Logement,MAMH — Données Québec (rôle d'évaluation foncière),https://donneesouvertes.affmunqc.net/role/RL47017_2026.xml,,,,
"6, Fontaine",,Granby,,,2469.81,1974,115100,196900,312000,2025,Logement,MAMH — Données Québec (rôle d'évaluation foncière),https://donneesouvertes.affmunqc.net/role/RL47017_2026.xml,,,,
"605, Mountain",,Granby,,,4632.95,1970,118900,290100,409000,2025,Logement,MAMH — Données Québec (rôle d'évaluation foncière),https://donneesouvertes.affmunqc.net/role/RL47017_2026.xml,,,,
"599, Mountain",,Granby,,,4948.82,2005,122900,490100,613000,2025,Logement,MAMH — Données Québec (rôle d'évaluation foncière),https://donneesouvertes.affmunqc.net/role/RL47017_2026.xml,,,,
"703, Mountain",,Granby,,,509180,,1483500,72500,1556000,2025,Agricole,MAMH — Données Québec (rôle d'évaluation foncière),https://donneesouvertes.affmunqc.net/role/RL47017_2026.xml,,,,
"512, Bonneau",,Granby,,,2514.6,1974,93000,123000,216000,2025,Logement,MAMH — Données Québec (rôle d'évaluation foncière),https://donneesouvertes.affmunqc.net/role/RL47017_2026.xml,,,,
"504, Bonneau",,Granby,,,2104.57,2023,77900,589100,667000,2025,Logement,MAMH — Données Québec (rôle d'évaluation foncière),https://donneesouvertes.affmunqc.net/role/RL47017_2026.xml,,,,
"10, Fontaine",,Granby,,,1604.48,1970,86000,204000,290000,2025,Logement,MAMH — Données Québec (rôle d'évaluation foncière),https://donneesouvertes.affmunqc.net/role/RL47017_2026.xml,,,,
"500, Bonneau",,Granby,,,4307.04,1973,135000,240000,375000,2025,Logement,MAMH — Données Québec (rôle d'évaluation foncière),https://donneesouvertes.affmunqc.net/role/RL47017_2026.xml,,,,
"496, Bonneau",,Granby,,,1735.14,1971,64200,163800,228000,2025,Logement,MAMH — Données Québec (rôle d'évaluation foncière),https://donneesouvertes.affmunqc.net/role/RL47017_2026.xml,,,,
"14, Fontaine",,Granby,,,1683.39,1968,90300,202700,293000,2025,Logement,MAMH — Données Québec (rôle d'évaluation foncière),https://donneesouvertes.affmunqc.net/role/RL47017_2026.xml,,,,
"478, Mountain",,Granby,,,2742.67,1939,87800,239200,327000,2025,Logement,MAMH — Données Québec (rôle d'évaluation foncière),https://donneesouvertes.affmunqc.net/role/RL47017_2026.xml,,,,
"482, Mountain",,Granby,,,403108.33,,617800,194200,812000,2025,Agricole,MAMH — Données Québec (rôle d'évaluation foncière),https://donneesouvertes.affmunqc.net/role/RL47017_2026.xml,,,,
"532, Mountain",,Granby,,,555300,,736800,243200,980000,2025,Agricole,MAMH — Données Québec (rôle d'évaluation foncière),https://donneesouvertes.affmunqc.net/role/RL47017_2026.xml,,,,
"468, Mountain",,Granby,,,10870,,139000,,139000,2025,Terrain vacant,MAMH — Données Québec (rôle d'évaluation foncière),https://donneesouvertes.affmunqc.net/role/RL47017_2026.xml,,,,
"586, Mountain",,Granby,,,1856.01,1965,59400,275600,335000,2025,Logement,MAMH — Données Québec (rôle d'évaluation foncière),https://donneesouvertes.affmunqc.net/role/RL47017_2026.xml,,,,
"510, Mountain",,Granby,,,5949.2,2012,133300,642700,776000,2025,Logement,MAMH — Données Québec (rôle d'évaluation foncière),https://donneesouvertes.affmunqc.net/role/RL47017_2026.xml,,,,
"492, Mountain, app. 494",,Granby,,,5273.2,1972,168700,368300,537000,2025,Logement,MAMH — Données Québec (rôle d'évaluation foncière),https://donneesouvertes.affmunqc.net/role/RL47017_2026.xml,,,,
"464, Mountain",,Granby,,,3085.1,,98700,350300,449000,2025,Logement,MAMH — Données Québec (rôle d'évaluation foncière),https://donneesouvertes.affmunqc.net/role/RL47017_2026.xml,,,,
"587, Mountain",,Granby,,,3207.9,,142200,564800,707000,2025,Logement,MAMH — Données Québec (rôle d'évaluation foncière),https://donneesouvertes.affmunqc.net/role/RL47017_2026.xml,,,,
"573, Mountain",,Granby,,,3333.34,1977,120400,271600,392000,2025,Logement,MAMH — Données Québec (rôle d'évaluation foncière),https://donneesouvertes.affmunqc.net/role/RL47017_2026.xml,,,,
"569, Mountain",,Granby,,,3333.4,1974,120400,291600,412000,2025,Logement,MAMH — Données Québec (rôle d'évaluation foncière),https://donneesouvertes.affmunqc.net/role/RL47017_2026.xml,,,,
"553, Mountain",,Granby,,,2266.82,1965,83900,261100,345000,2025,Logement,MAMH — Données Québec (rôle d'évaluation foncière),https://donneesouvertes.affmunqc.net/role/RL47017_2026.xml,,,,
"557, Mountain",,Granby,,,3353.1,2002,120700,475300,596000,2025,Logement,MAMH — Données Québec (rôle d'évaluation foncière),https://donneesouvertes.affmunqc.net/role/RL47017_2026.xml,,,,
"537, Mountain",,Granby,,,1481,,80000,,80000,2025,Terrain vacant,MAMH — Données Québec (rôle d'évaluation foncière),https://donneesouvertes.affmunqc.net/role/RL47017_2026.xml,,,,
"531, Mountain",,Granby,,,2962.6,1991,109600,393400,503000,2025,Logement,MAMH — Données Québec (rôle d'évaluation foncière),https://donneesouvertes.affmunqc.net/role/RL47017_2026.xml,,,,
"527, Mountain",,Granby,,,2943.1,1977,108900,294100,403000,2025,Logement,MAMH — Données Québec (rôle d'évaluation foncière),https://donneesouvertes.affmunqc.net/role/RL47017_2026.xml,,,,
"524, Mountain",,Granby,,,1040.5,1964,33300,140700,174000,2025,Logement,MAMH — Données Québec (rôle d'évaluation foncière),https://donneesouvertes.affmunqc.net/role/RL47017_2026.xml,,,,
"520, Mountain",,Granby,,,1300.6,1961,41600,206400,248000,2025,Logement,MAMH — Données Québec (rôle d'évaluation foncière),https://donneesouvertes.affmunqc.net/role/RL47017_2026.xml,,,,
"11, Meloche",,Granby,,,3000.8,2008,135000,457000,592000,2025,Logement,MAMH — Données Québec (rôle d'évaluation foncière),https://donneesouvertes.affmunqc.net/role/RL47017_2026.xml,,,,
"8, Meloche",,Granby,,,3574.5,1998,143600,513400,657000,2025,Logement,MAMH — Données Québec (rôle d'évaluation foncière),https://donneesouvertes.affmunqc.net/role/RL47017_2026.xml,,,,
"500, Mountain",,Granby,,,5989.2,1925,191700,323300,515000,2025,Logement,MAMH — Données Québec (rôle d'évaluation foncière),https://donneesouvertes.affmunqc.net/role/RL47017_2026.xml,,,,
"501, Mountain",,Granby,,,3278.2,2002,139200,325800,465000,2025,Logement,MAMH — Données Québec (rôle d'évaluation foncière),https://donneesouvertes.affmunqc.net/role/RL47017_2026.xml,,,,
"493, Mountain",,Granby,,,3260.8,2004,138900,447100,586000,2025,Logement,MAMH — Données Québec (rôle d'évaluation foncière),https://donneesouvertes.affmunqc.net/role/RL47017_2026.xml,,,,
"465, Mountain",,Granby,,,4646.8,1955,119100,206900,326000,2025,Logement,MAMH — Données Québec (rôle d'évaluation foncière),https://donneesouvertes.affmunqc.net/role/RL47017_2026.xml,,,,
"11, Fontaine",,Granby,,,1860.15,1972,90900,340100,431000,2025,Logement,MAMH — Données Québec (rôle d'évaluation foncière),https://donneesouvertes.affmunqc.net/role/RL47017_2026.xml,,,,
"15, Fontaine",,Granby,,,2095.65,1965,77500,227500,305000,2025,Logement,MAMH — Données Québec (rôle d'évaluation foncière),https://donneesouvertes.affmunqc.net/role/RL47017_2026.xml,,,,
"581, Mountain",,Granby,,,31149.7,,215100,1900,217000,2025,Logement,MAMH — Données Québec (rôle d'évaluation foncière),https://donneesouvertes.affmunqc.net/role/RL47017_2026.xml,,,,
"545, Mountain",,Granby,,,6631.1,1947,144400,219600,364000,2025,Logement,MAMH — Données Québec (rôle d'évaluation foncière),https://donneesouvertes.affmunqc.net/role/RL47017_2026.xml,,,,
"21, Meloche",,Granby,,,3004.3,2008,135100,343900,479000,2025,Logement,MAMH — Données Québec (rôle d'évaluation foncière),https://donneesouvertes.affmunqc.net/role/RL47017_2026.xml,,,,
"500, Lambert",,Granby,,,3002,2006,135000,504000,639000,2025,Logement,MAMH — Données Québec (rôle d'évaluation foncière),https://donneesouvertes.affmunqc.net/role/RL47017_2026.xml,,,,
"29, Meloche",,Granby,,,3000,2005,135000,435000,570000,2025,Logement,MAMH — Données Québec (rôle d'évaluation foncière),https://donneesouvertes.affmunqc.net/role/RL47017_2026.xml,,,,
"492, Lambert",,Granby,,,3000,2022,135000,676000,811000,2025,Logement,MAMH — Données Québec (rôle d'évaluation foncière),https://donneesouvertes.affmunqc.net/role/RL47017_2026.xml,,,,
"485, Lambert",,Granby,,,3250,1999,138800,317200,456000,2025,Logement,MAMH — Données Québec (rôle d'évaluation foncière),https://donneesouvertes.affmunqc.net/role/RL47017_2026.xml,,,,
"469, Mountain",,Granby,,,14500,1953,144000,140000,284000,2025,Logement,MAMH — Données Québec (rôle d'évaluation foncière),https://donneesouvertes.affmunqc.net/role/RL47017_2026.xml,,,,
"477, Mountain",,Granby,,,29173.9,1981,527600,1182400,1710000,2025,Logement,MAMH — Données Québec (rôle d'évaluation foncière),https://donneesouvertes.affmunqc.net/role/RL47017_2026.xml,,,,
"400, Mountain",,Granby,,,151148.8,1987,703600,447400,1151000,2025,Logement,MAMH — Données Québec (rôle d'évaluation foncière),https://donneesouvertes.affmunqc.net/role/RL47017_2026.xml,,,,
"372, Mountain",,Granby,,,186860,1960,1097900,9100,1107000,2025,Agricole,MAMH — Données Québec (rôle d'évaluation foncière),https://donneesouvertes.affmunqc.net/role/RL47017_2026.xml,,,,
"450, Mountain",,Granby,,,420395,1950,473200,116800,590000,2025,Agricole,MAMH — Données Québec (rôle d'évaluation foncière),https://donneesouvertes.affmunqc.net/role/RL47017_2026.xml,,,,
"354, Mountain",,Granby,,,22423.5,,158800,12200,171000,2025,Logement,MAMH — Données Québec (rôle d'évaluation foncière),https://donneesouvertes.affmunqc.net/role/RL47017_2026.xml,,,,
"364, Mountain",,Granby,,,73137.7,2006,648900,706100,1355000,2025,Logement,MAMH — Données Québec (rôle d'évaluation foncière),https://donneesouvertes.affmunqc.net/role/RL47017_2026.xml,,,,
"340, Mountain",,Granby,,,52883.7,,576000,,576000,2025,Terrain vacant,MAMH — Données Québec (rôle d'évaluation foncière),https://donneesouvertes.affmunqc.net/role/RL47017_2026.xml,,,,
"336, Mountain",,Granby,,,30338.1,,330700,766300,1097000,2025,Logement,MAMH — Données Québec (rôle d'évaluation foncière),https://donneesouvertes.affmunqc.net/role/RL47017_2026.xml,,,,
"370, Mountain",,Granby,,,17421.7,2006,248800,568200,817000,2025,Logement,MAMH — Données Québec (rôle d'évaluation foncière),https://donneesouvertes.affmunqc.net/role/RL47017_2026.xml,,,,
"358, Mountain",,Granby,,,14094.6,2005,225500,764500,990000,2025,Logement,MAMH — Données Québec (rôle d'évaluation foncière),https://donneesouvertes.affmunqc.net/role/RL47017_2026.xml,,,,
"350, Mountain",,Granby,,,10296.6,2003,224800,442200,667000,2025,Logement,MAMH — Données Québec (rôle d'évaluation foncière),https://donneesouvertes.affmunqc.net/role/RL47017_2026.xml,,,,
"346, Mountain, app. 348",,Granby,,,6000,1890,160400,277600,438000,2025,Logement,MAMH — Données Québec (rôle d'évaluation foncière),https://donneesouvertes.affmunqc.net/role/RL47017_2026.xml,,,,
"392, Mountain",,Granby,,,7164.6,1950,177900,299100,477000,2025,Logement,MAMH — Données Québec (rôle d'évaluation foncière),https://donneesouvertes.affmunqc.net/role/RL47017_2026.xml,,,,
"382, Mountain",,Granby,,,4889.5,1875,143700,334300,478000,2025,Logement,MAMH — Données Québec (rôle d'évaluation foncière),https://donneesouvertes.affmunqc.net/role/RL47017_2026.xml,,,,
"430, Mountain",,Granby,,,1669.3,1896,53400,250600,304000,2025,Logement,MAMH — Données Québec (rôle d'évaluation foncière),https://donneesouvertes.affmunqc.net/role/RL47017_2026.xml,,,,
"426, Mountain",,Granby,,,3139.6,1975,100500,757500,858000,2025,Logement,MAMH — Données Québec (rôle d'évaluation foncière),https://donneesouvertes.affmunqc.net/role/RL47017_2026.xml,,,,
"410, Mountain",,Granby,,,3001,1969,111000,227000,338000,2025,Logement,MAMH — Données Québec (rôle d'évaluation foncière),https://donneesouvertes.affmunqc.net/role/RL47017_2026.xml,,,,
"409, Mountain",,Granby,,,4457.1,1906,137300,289700,427000,2025,Logement,MAMH — Données Québec (rôle d'évaluation foncière),https://donneesouvertes.affmunqc.net/role/RL47017_2026.xml,,,,
"451, Mountain",,Granby,,,7549.7,,129000,,129000,2025,Terrain vacant,MAMH — Données Québec (rôle d'évaluation foncière),https://donneesouvertes.affmunqc.net/role/RL47017_2026.xml,,,,
"463, Mountain",,Granby,,,11140,1976,237500,584500,822000,2025,Logement,MAMH — Données Québec (rôle d'évaluation foncière),https://donneesouvertes.affmunqc.net/role/RL47017_2026.xml,,,,
"439, Mountain",,Granby,,,9420.3,2017,169400,739600,909000,2025,Logement,MAMH — Données Québec (rôle d'évaluation foncière),https://donneesouvertes.affmunqc.net/role/RL47017_2026.xml,,,,
"425, Mountain",,Granby,,,12080,1966,251600,718400,970000,2025,Logement,MAMH — Données Québec (rôle d'évaluation foncière),https://donneesouvertes.affmunqc.net/role/RL47017_2026.xml,,,,
"12, Bruce",,Granby,,,2787.1,1962,103100,233900,337000,2025,Logement,MAMH — Données Québec (rôle d'évaluation foncière),https://donneesouvertes.affmunqc.net/role/RL47017_2026.xml,,,,
"9, Bruce",,Granby,,,7625.5,2015,184800,689200,874000,2025,Logement,MAMH — Données Québec (rôle d'évaluation foncière),https://donneesouvertes.affmunqc.net/role/RL47017_2026.xml,,,,
"16, Bruce",,Granby,,,3716.2,1962,126100,235900,362000,2025,Logement,MAMH — Données Québec (rôle d'évaluation foncière),https://donneesouvertes.affmunqc.net/role/RL47017_2026.xml,,,,
"28, Bruce",,Granby,,,3353.8,1972,120700,179300,300000,2025,Logement,MAMH — Données Québec (rôle d'évaluation foncière),https://donneesouvertes.affmunqc.net/role/RL47017_2026.xml,,,,
"15, Bruce",,Granby,,,125988,,1373000,,1373000,2025,Terrain vacant,MAMH — Données Québec (rôle d'évaluation foncière),https://donneesouvertes.affmunqc.net/role/RL47017_2026.xml,,,,
"500, Mont-brome",,Granby,,,211342.2,,987000,,987000,2025,Terrain vacant,MAMH — Données Québec (rôle d'évaluation foncière),https://donneesouvertes.affmunqc.net/role/RL47017_2026.xml,,,,
"161, John-dwyer",,Granby,,,969,2013,170200,578800,749000,2025,Logement,MAMH — Données Québec (rôle d'évaluation foncière),https://donneesouvertes.affmunqc.net/role/RL47017_2026.xml,,,,
"157, John-dwyer",,Granby,,,1089.2,2017,178000,547000,725000,2025,Logement,MAMH — Données Québec (rôle d'évaluation foncière),https://donneesouvertes.affmunqc.net/role/RL47017_2026.xml,,,,
"153, John-dwyer",,Granby,,,1033.6,2015,174400,512600,687000,2025,Logement,MAMH — Données Québec (rôle d'évaluation foncière),https://donneesouvertes.affmunqc.net/role/RL47017_2026.xml,,,,
"71, Richard-frost",,Granby,,,426.6,2012,91700,324300,416000,2025,Logement,MAMH — Données Québec (rôle d'évaluation foncière),https://donneesouvertes.affmunqc.net/role/RL47017_2026.xml,,,,
"69, Richard-frost",,Granby,,,426.6,2012,91700,330300,422000,2025,Logement,MAMH — Données Québec (rôle d'évaluation foncière),https://donneesouvertes.affmunqc.net/role/RL47017_2026.xml,,,,
"67, Richard-frost",,Granby,,,426.6,2012,91700,319300,411000,2025,Logement,MAMH — Données Québec (rôle d'évaluation foncière),https://donneesouvertes.affmunqc.net/role/RL47017_2026.xml,,,,
"65, Richard-frost",,Granby,,,426.6,2012,91700,343300,435000,2025,Logement,MAMH — Données Québec (rôle d'évaluation foncière),https://donneesouvertes.affmunqc.net/role/RL47017_2026.xml,,,,
"149, John-dwyer",,Granby,,,964.4,2014,169900,609100,779000,2025,Logement,MAMH — Données Québec (rôle d'évaluation foncière),https://donneesouvertes.affmunqc.net/role/RL47017_2026.xml,,,,
"145, John-dwyer",,Granby,,,781.5,2013,148500,474500,623000,2025,Logement,MAMH — Données Québec (rôle d'évaluation foncière),https://donneesouvertes.affmunqc.net/role/RL47017_2026.xml,,,,
"141, John-dwyer",,Granby,,,971.6,2018,170300,585700,756000,2025,Logement,MAMH — Données Québec (rôle d'évaluation foncière),https://donneesouvertes.affmunqc.net/role/RL47017_2026.xml,,,,
"63, Richard-frost",,Granby,,,457.2,2012,98300,346700,445000,2025,Logement,MAMH — Données Québec (rôle d'évaluation foncière),https://donneesouvertes.affmunqc.net/role/RL47017_2026.xml,,,,
"61, Richard-frost",,Granby,,,435.7,2012,93700,316300,410000,2025,Logement,MAMH — Données Québec (rôle d'évaluation foncière),https://donneesouvertes.affmunqc.net/role/RL47017_2026.xml,,,,
"60, Richard-frost",,Granby,,,451.5,2012,97100,321900,419000,2025,Logement,MAMH — Données Québec (rôle d'évaluation foncière),https://donneesouvertes.affmunqc.net/role/RL47017_2026.xml,,,,
"59, Richard-frost",,Granby,,,445.1,2012,95700,337300,433000,2025,Logement,MAMH — Données Québec (rôle d'évaluation foncière),https://donneesouvertes.affmunqc.net/role/RL47017_2026.xml,,,,
"58, Richard-frost",,Granby,,,453,2012,97400,349600,447000,2025,Logement,MAMH — Données Québec (rôle d'évaluation foncière),https://donneesouvertes.affmunqc.net/role/RL47017_2026.xml,,,,
"57, Richard-frost",,Granby,,,454.5,2012,97700,354300,452000,2025,Logement,MAMH — Données Québec (rôle d'évaluation foncière),https://donneesouvertes.affmunqc.net/role/RL47017_2026.xml,,,,
"56, Richard-frost",,Granby,,,453,2013,97400,381600,479000,2025,Logement,MAMH — Données Québec (rôle d'évaluation foncière),https://donneesouvertes.affmunqc.net/role/RL47017_2026.xml,,,,
"55, Richard-frost",,Granby,,,463.9,2012,99700,369300,469000,2025,Logement,MAMH — Données Québec (rôle d'évaluation foncière),https://donneesouvertes.affmunqc.net/role/RL47017_2026.xml,,,,
"154, Patrick-hackett",,Granby,,,509.5,2013,109500,389500,499000,2025,Logement,MAMH — Données Québec (rôle d'évaluation foncière),https://donneesouvertes.affmunqc.net/role/RL47017_2026.xml,,,,
"155, Patrick-hackett",,Granby,,,457.1,2013,98300,319700,418000,2025,Logement,MAMH — Données Québec (rôle d'évaluation foncière),https://donneesouvertes.affmunqc.net/role/RL47017_2026.xml,,,,
"152, Patrick-hackett",,Granby,,,446.4,2013,96000,343000,439000,2025,Logement,MAMH — Données Québec (rôle d'évaluation foncière),https://donneesouvertes.affmunqc.net/role/RL47017_2026.xml,,,,
"153, Patrick-hackett",,Granby,,,438.9,2013,94400,355600,450000,2025,Logement,MAMH — Données Québec (rôle d'évaluation foncière),https://donneesouvertes.affmunqc.net/role/RL47017_2026.xml,,,,
"150, Patrick-hackett",,Granby,,,446.4,2013,96000,342000,438000,2025,Logement,MAMH — Données Québec (rôle d'évaluation foncière),https://donneesouvertes.affmunqc.net/role/RL47017_2026.xml,,,,
"151, Patrick-hackett",,Granby,,,438.9,2013,94400,315600,410000,2025,Logement,MAMH — Données Québec (rôle d'évaluation foncière),https://donneesouvertes.affmunqc.net/role/RL47017_2026.xml,,,,
"148, Patrick-hackett",,Granby,,,446.4,2013,96000,329000,425000,2025,Logement,MAMH — Données Québec (rôle d'évaluation foncière),https://donneesouvertes.affmunqc.net/role/RL47017_2026.xml,,,,
"149, Patrick-hackett",,Granby,,,438.9,2014,94400,378600,473000,2025,Logement,MAMH — Données Québec (rôle d'évaluation foncière),https://donneesouvertes.affmunqc.net/role/RL47017_2026.xml,,,,
"146, Patrick-hackett",,Granby,,,446.5,2013,96000,389000,485000,2025,Logement,MAMH — Données Québec (rôle d'évaluation foncière),https://donneesouvertes.affmunqc.net/role/RL47017_2026.xml,,,,
"147, Patrick-hackett",,Granby,,,513.6,2014,110400,349600,460000,2025,Logement,MAMH — Données Québec (rôle d'évaluation foncière),https://donneesouvertes.affmunqc.net/role/RL47017_2026.xml,,,,
"144, Patrick-hackett",,Granby,,,447.7,2013,96300,348700,445000,2025,Logement,MAMH — Données Québec (rôle d'évaluation foncière),https://donneesouvertes.affmunqc.net/role/RL47017_2026.xml,,,,
"142, Patrick-hackett",,Granby,,,449.8,2013,96700,328300,425000,2025,Logement,MAMH — Données Québec (rôle d'évaluation foncière),https://donneesouvertes.affmunqc.net/role/RL47017_2026.xml,,,,
"140, Patrick-hackett",,Granby,,,451.8,2013,97100,350900,448000,2025,Logement,MAMH — Données Québec (rôle d'évaluation foncière),https://donneesouvertes.affmunqc.net/role/RL47017_2026.xml,,,,
"364, John-dwyer",,Granby,,,445,2014,95700,368300,464000,2025,Logement,MAMH — Données Québec (rôle d'évaluation foncière),https://donneesouvertes.affmunqc.net/role/RL47017_2026.xml,,,,
"363, John-dwyer",,Granby,,,586.4,2015,123400,391600,515000,2025,Logement,MAMH — Données Québec (rôle d'évaluation foncière),https://donneesouvertes.affmunqc.net/role/RL47017_2026.xml,,,,
"366, John-dwyer",,Granby,,,441,2014,94800,325200,420000,2025,Logement,MAMH — Données Québec (rôle d'évaluation foncière),https://donneesouvertes.affmunqc.net/role/RL47017_2026.xml,,,,
"365, John-dwyer",,Granby,,,568.4,2015,121100,392900,514000,2025,Logement,MAMH — Données Québec (rôle d'évaluation foncière),https://donneesouvertes.affmunqc.net/role/RL47017_2026.xml,,,,
"368, John-dwyer",,Granby,,,436.8,2015,93900,381100,475000,2025,Logement,MAMH — Données Québec (rôle d'évaluation foncière),https://donneesouvertes.affmunqc.net/role/RL47017_2026.xml,,,,
"367, John-dwyer",,Granby,,,546.5,2016,117500,390500,508000,2025,Logement,MAMH — Données Québec (rôle d'évaluation foncière),https://donneesouvertes.affmunqc.net/role/RL47017_2026.xml,,,,
"369, John-dwyer",,Granby,,,632.4,2015,129300,392700,522000,2025,Logement,MAMH — Données Québec (rôle d'évaluation foncière),https://donneesouvertes.affmunqc.net/role/RL47017_2026.xml,,,,
"370, John-dwyer",,Granby,,,753.9,2015,145000,368000,513000,2025,Logement,MAMH — Données Québec (rôle d'évaluation foncière),https://donneesouvertes.affmunqc.net/role/RL47017_2026.xml,,,,
"371, John-dwyer",,Granby,,,706,2013,138800,405200,544000,2025,Logement,MAMH — Données Québec (rôle d'évaluation foncière),https://donneesouvertes.affmunqc.net/role/RL47017_2026.xml,,,,
"373, John-dwyer",,Granby,,,579.1,2013,122400,401600,524000,2025,Logement,MAMH — Données Québec (rôle d'évaluation foncière),https://donneesouvertes.affmunqc.net/role/RL47017_2026.xml,,,,
"375, John-dwyer",,Granby,,,505.5,2013,108700,329300,438000,2025,Logement,MAMH — Données Québec (rôle d'évaluation foncière),https://donneesouvertes.affmunqc.net/role/RL47017_2026.xml,,,,
"377, John-dwyer",,Granby,,,506.8,2013,109000,353000,462000,2025,Logement,MAMH — Données Québec (rôle d'évaluation foncière),https://donneesouvertes.affmunqc.net/role/RL47017_2026.xml,,,,
"250, Mountain",,Granby,,,6504.1,,307000,,307000,2025,Terrain vacant,MAMH — Données Québec (rôle d'évaluation foncière),https://donneesouvertes.affmunqc.net/role/RL47017_2026.xml,,,,
"90, Belmont",,Granby,,,32718.9,1975,2960700,26300,2987000,2025,Industrie,MAMH — Données Québec (rôle d'évaluation foncière),https://donneesouvertes.affmunqc.net/role/RL47017_2026.xml,,,,
"54, Richard-frost",,Granby,,,453,2013,97400,365600,463000,2025,Logement,MAMH — Données Québec (rôle d'évaluation foncière),https://donneesouvertes.affmunqc.net/role/RL47017_2026.xml,,,,
"53, Richard-frost",,Granby,,,473.4,2012,101800,365200,467000,2025,Logement,MAMH — Données Québec (rôle d'évaluation foncière),https://donneesouvertes.affmunqc.net/role/RL47017_2026.xml,,,,
"52, Richard-frost",,Granby,,,453,2012,97400,350600,448000,2025,Logement,MAMH — Données Québec (rôle d'évaluation foncière),https://donneesouvertes.affmunqc.net/role/RL47017_2026.xml,,,,
"51, Richard-frost",,Granby,,,482.8,2013,103800,314200,418000,2025,Logement,MAMH — Données Québec (rôle d'évaluation foncière),https://donneesouvertes.affmunqc.net/role/RL47017_2026.xml,,,,
"50, Richard-frost",,Granby,,,453,2012,97400,360600,458000,2025,Logement,MAMH — Données Québec (rôle d'évaluation foncière),https://donneesouvertes.affmunqc.net/role/RL47017_2026.xml,,,,
"49, Richard-frost",,Granby,,,492.2,2013,105800,381200,487000,2025,Logement,MAMH — Données Québec (rôle d'évaluation foncière),https://donneesouvertes.affmunqc.net/role/RL47017_2026.xml,,,,
"48, Richard-frost",,Granby,,,453,2013,97400,336600,434000,2025,Logement,MAMH — Données Québec (rôle d'évaluation foncière),https://donneesouvertes.affmunqc.net/role/RL47017_2026.xml,,,,
"47, Richard-frost",,Granby,,,501.7,2014,107900,344100,452000,2025,Logement,MAMH — Données Québec (rôle d'évaluation foncière),https://donneesouvertes.affmunqc.net/role/RL47017_2026.xml,,,,
"46, Richard-frost",,Granby,,,453,2013,97400,380600,478000,2025,Logement,MAMH — Données Québec (rôle d'évaluation foncière),https://donneesouvertes.affmunqc.net/role/RL47017_2026.xml,,,,
"45, Richard-frost",,Granby,,,511.1,2014,109900,343100,453000,2025,Logement,MAMH — Données Québec (rôle d'évaluation foncière),https://donneesouvertes.affmunqc.net/role/RL47017_2026.xml,,,,
"44, Richard-frost",,Granby,,,453,2013,97400,363600,461000,2025,Logement,MAMH — Données Québec (rôle d'évaluation foncière),https://donneesouvertes.affmunqc.net/role/RL47017_2026.xml,,,,
"43, Richard-frost",,Granby,,,520.5,2012,111900,386100,498000,2025,Logement,MAMH — Données Québec (rôle d'évaluation foncière),https://donneesouvertes.affmunqc.net/role/RL47017_2026.xml,,,,
"42, Richard-frost",,Granby,,,453,2013,97400,345600,443000,2025,Logement,MAMH — Données Québec (rôle d'évaluation foncière),https://donneesouvertes.affmunqc.net/role/RL47017_2026.xml,,,,
"41, Richard-frost",,Granby,,,529.9,2012,113900,315100,429000,2025,Logement,MAMH — Données Québec (rôle d'évaluation foncière),https://donneesouvertes.affmunqc.net/role/RL47017_2026.xml,,,,
"138, Patrick-hackett",,Granby,,,453.9,2013,97600,332400,430000,2025,Logement,MAMH — Données Québec (rôle d'évaluation foncière),https://donneesouvertes.affmunqc.net/role/RL47017_2026.xml,,,,
"385, John-dwyer",,Granby,,,505.2,2014,108600,325400,434000,2025,Logement,MAMH — Données Québec (rôle d'évaluation foncière),https://donneesouvertes.affmunqc.net/role/RL47017_2026.xml,,,,
"383, John-dwyer",,Granby,,,452.6,2014,97300,328700,426000,2025,Logement,MAMH — Données Québec (rôle d'évaluation foncière),https://donneesouvertes.affmunqc.net/role/RL47017_2026.xml,,,,
"381, John-dwyer",,Granby,,,487.2,2015,104700,396300,501000,2025,Logement,MAMH — Données Québec (rôle d'évaluation foncière),https://donneesouvertes.affmunqc.net/role/RL47017_2026.xml,,,,
"136, Patrick-hackett",,Granby,,,455.9,2013,98000,314000,412000,2025,Logement,MAMH — Données Québec (rôle d'évaluation foncière),https://donneesouvertes.affmunqc.net/role/RL47017_2026.xml,,,,
"127, Patrick-hackett",,Granby,,,597.3,2015,124800,383200,508000,2025,Logement,MAMH — Données Québec (rôle d'évaluation foncière),https://donneesouvertes.affmunqc.net/role/RL47017_2026.xml,,,,
"134, Patrick-hackett",,Granby,,,458,2013,98500,344500,443000,2025,Logement,MAMH — Données Québec (rôle d'évaluation foncière),https://donneesouvertes.affmunqc.net/role/RL47017_2026.xml,,,,
"125, Patrick-hackett",,Granby,,,609.7,2015,126400,374600,501000,2025,Logement,MAMH — Données Québec (rôle d'évaluation foncière),https://donneesouvertes.affmunqc.net/role/RL47017_2026.xml,,,,
"132, Patrick-hackett",,Granby,,,512.2,2013,110100,342900,453000,2025,Logement,MAMH — Données Québec (rôle d'évaluation foncière),https://donneesouvertes.affmunqc.net/role/RL47017_2026.xml,,,,
"123, Patrick-hackett",,Granby,,,629.3,2015,128900,347100,476000,2025,Logement,MAMH — Données Québec (rôle d'évaluation foncière),https://donneesouvertes.affmunqc.net/role/RL47017_2026.xml,,,,
"130, Patrick-hackett",,Granby,,,562.6,2013,120300,339700,460000,2025,Logement,MAMH — Données Québec (rôle d'évaluation foncière),https://donneesouvertes.affmunqc.net/role/RL47017_2026.xml,,,,
"121, Patrick-hackett",,Granby,,,619.9,2016,127700,402300,530000,2025,Logement,MAMH — Données Québec (rôle d'évaluation foncière),https://donneesouvertes.affmunqc.net/role/RL47017_2026.xml,,,,
"128, Patrick-hackett",,Granby,,,645.7,2016,131000,430000,561000,2025,Logement,MAMH — Données Québec (rôle d'évaluation foncière),https://donneesouvertes.affmunqc.net/role/RL47017_2026.xml,,,,
"126, Patrick-hackett",,Granby,,,599.9,2016,125100,401900,527000,2025,Logement,MAMH — Données Québec (rôle d'évaluation foncière),https://donneesouvertes.affmunqc.net/role/RL47017_2026.xml,,,,
"124, Patrick-hackett",,Granby,,,541.6,2014,116400,457600,574000,2025,Logement,MAMH — Données Québec (rôle d'évaluation foncière),https://donneesouvertes.affmunqc.net/role/RL47017_2026.xml,,,,
"379, John-dwyer",,Granby,,,560.1,2014,120000,387000,507000,2025,Logement,MAMH — Données Québec (rôle d'évaluation foncière),https://donneesouvertes.affmunqc.net/role/RL47017_2026.xml,,,,
"119, Patrick-hackett",,Granby,,,604.5,2014,125700,387300,513000,2025,Logement,MAMH — Données Québec (rôle d'évaluation foncière),https://donneesouvertes.affmunqc.net/role/RL47017_2026.xml,,,,
"117, Patrick-hackett",,Granby,,,562.9,2014,120300,418700,539000,2025,Logement,MAMH — Données Québec (rôle d'évaluation foncière),https://donneesouvertes.affmunqc.net/role/RL47017_2026.xml,,,,
"115, Patrick-hackett",,Granby,,,491.3,2014,105600,320400,426000,2025,Logement,MAMH — Données Québec (rôle d'évaluation foncière),https://donneesouvertes.affmunqc.net/role/RL47017_2026.xml,,,,
"210, Mountain",,Granby,,,14181,,28000,,28000,2025,Terrain vacant,MAMH — Données Québec (rôle d'évaluation foncière),https://donneesouvertes.affmunqc.net/role/RL47017_2026.xml,,,,
"141, Henry-caldwell, app. 143",,Granby,,,855,2013,158000,412000,570000,2025,Logement,MAMH — Données Québec (rôle d'évaluation foncière),https://donneesouvertes.affmunqc.net/role/RL47017_2026.xml,,,,
"140, Henry-caldwell",,Granby,,,699,2017,137900,444100,582000,2025,Logement,MAMH — Données Québec (rôle d'évaluation foncière),https://donneesouvertes.affmunqc.net/role/RL47017_2026.xml,,,,
"144, Henry-caldwell",,Granby,,,639,2014,130200,388800,519000,2025,Logement,MAMH — Données Québec (rôle d'évaluation foncière),https://donneesouvertes.affmunqc.net/role/RL47017_2026.xml,,,,
"82, Henry-caldwell",,Granby,,,546.5,2016,117500,391500,509000,2025,Logement,MAMH — Données Québec (rôle d'évaluation foncière),https://donneesouvertes.affmunqc.net/role/RL47017_2026.xml,,,,
"80, Henry-caldwell",,Granby,,,461.1,2016,99100,358900,458000,2025,Logement,MAMH — Données Québec (rôle d'évaluation foncière),https://donneesouvertes.affmunqc.net/role/RL47017_2026.xml,,,,
"78, Henry-caldwell",,Granby,,,461.1,2015,99100,361900,461000,2025,Logement,MAMH — Données Québec (rôle d'évaluation foncière),https://donneesouvertes.affmunqc.net/role/RL47017_2026.xml,,,,
"145, Henry-caldwell, app. 147",,Granby,,,798.3,2014,150700,469300,620000,2025,Logement,MAMH — Données Québec (rôle d'évaluation foncière),https://donneesouvertes.affmunqc.net/role/RL47017_2026.xml,,,,
"149, Henry-caldwell, app. 153",,Granby,,,835.2,2019,155500,530500,686000,2025,Logement,MAMH — Données Québec (rôle d'évaluation foncière),https://donneesouvertes.affmunqc.net/role/RL47017_2026.xml,,,,
"122, Patrick-hackett",,Granby,,,631.8,2014,129200,444800,574000,2025,Logement,MAMH — Données Québec (rôle d'évaluation foncière),https://donneesouvertes.affmunqc.net/role/RL47017_2026.xml,,,,
"118, Patrick-hackett",,Granby,,,504.7,2015,108500,377500,486000,2025,Logement,MAMH — Données Québec (rôle d'évaluation foncière),https://donneesouvertes.affmunqc.net/role/RL47017_2026.xml,,,,
"116, Patrick-hackett",,Granby,,,435.5,2015,93600,333400,427000,2025,Logement,MAMH — Données Québec (rôle d'évaluation foncière),https://donneesouvertes.affmunqc.net/role/RL47017_2026.xml,,,,
"114, Patrick-hackett",,Granby,,,471.8,2015,101400,349600,451000,2025,Logement,MAMH — Données Québec (rôle d'évaluation foncière),https://donneesouvertes.affmunqc.net/role/RL47017_2026.xml,,,,
"148, Henry-caldwell",,Granby,,,639,2014,130200,367800,498000,2025,Logement,MAMH — Données Québec (rôle d'évaluation foncière),https://donneesouvertes.affmunqc.net/role/RL47017_2026.xml,,,,
"152, Henry-caldwell",,Granby,,,697.2,2016,137700,370300,508000,2025,Logement,MAMH — Données Québec (rôle d'évaluation foncière),https://donneesouvertes.affmunqc.net/role/RL47017_2026.xml,,,,
"160, Henry-caldwell",,Granby,,,983.7,2020,171100,585900,757000,2025,Logement,MAMH — Données Québec (rôle d'évaluation foncière),https://donneesouvertes.affmunqc.net/role/RL47017_2026.xml,,,,
"156, Henry-caldwell",,Granby,,,747.9,2017,144200,419800,564000,2025,Logement,MAMH — Données Québec (rôle d'évaluation foncière),https://donneesouvertes.affmunqc.net/role/RL47017_2026.xml,,,,
"76, Henry-caldwell",,Granby,,,461.1,2015,99100,388900,488000,2025,Logement,MAMH — Données Québec (rôle d'évaluation foncière),https://donneesouvertes.affmunqc.net/role/RL47017_2026.xml,,,,
"74, Henry-caldwell",,Granby,,,461.1,2015,99100,400900,500000,2025,Logement,MAMH — Données Québec (rôle d'évaluation foncière),https://donneesouvertes.affmunqc.net/role/RL47017_2026.xml,,,,
"72, Henry-caldwell",,Granby,,,461.1,2015,99100,400900,500000,2025,Logement,MAMH — Données Québec (rôle d'évaluation foncière),https://donneesouvertes.affmunqc.net/role/RL47017_2026.xml,,,,
"70, Henry-caldwell",,Granby,,,461.1,2016,99100,357900,457000,2025,Logement,MAMH — Données Québec (rôle d'évaluation foncière),https://donneesouvertes.affmunqc.net/role/RL47017_2026.xml,,,,
"62, Henry-caldwell",,Granby,,,549.8,2016,118200,363800,482000,2025,Logement,MAMH — Données Québec (rôle d'évaluation foncière),https://donneesouvertes.affmunqc.net/role/RL47017_2026.xml,,,,
"113, Patrick-hackett",,Granby,,,443.2,2014,95300,332700,428000,2025,Logement,MAMH — Données Québec (rôle d'évaluation foncière),https://donneesouvertes.affmunqc.net/role/RL47017_2026.xml,,,,
"111, Patrick-hackett",,Granby,,,445,2013,95700,356300,452000,2025,Logement,MAMH — Données Québec (rôle d'évaluation foncière),https://donneesouvertes.affmunqc.net/role/RL47017_2026.xml,,,,
"109, Patrick-hackett",,Granby,,,445.5,2013,95800,347200,443000,2025,Logement,MAMH — Données Québec (rôle d'évaluation foncière),https://donneesouvertes.affmunqc.net/role/RL47017_2026.xml,,,,
"107, Patrick-hackett",,Granby,,,464.1,2014,99800,316200,416000,2025,Logement,MAMH — Données Québec (rôle d'évaluation foncière),https://donneesouvertes.affmunqc.net/role/RL47017_2026.xml,,,,
"105, Patrick-hackett",,Granby,,,471.8,2014,101400,343600,445000,2025,Logement,MAMH — Données Québec (rôle d'évaluation foncière),https://donneesouvertes.affmunqc.net/role/RL47017_2026.xml,,,,
"103, Patrick-hackett",,Granby,,,488.6,2014,105000,336000,441000,2025,Logement,MAMH — Données Québec (rôle d'évaluation foncière),https://donneesouvertes.affmunqc.net/role/RL47017_2026.xml,,,,
"101, Patrick-hackett",,Granby,,,482,2014,103600,345400,449000,2025,Logement,MAMH — Données Québec (rôle d'évaluation foncière),https://donneesouvertes.affmunqc.net/role/RL47017_2026.xml,,,,
"112, Patrick-hackett",,Granby,,,489.1,2015,105200,329800,435000,2025,Logement,MAMH — Données Québec (rôle d'évaluation foncière),https://donneesouvertes.affmunqc.net/role/RL47017_2026.xml,,,,
"110, Patrick-hackett",,Granby,,,450.6,2014,96900,343100,440000,2025,Logement,MAMH — Données Québec (rôle d'évaluation foncière),https://donneesouvertes.affmunqc.net/role/RL47017_2026.xml,,,,
"108, Patrick-hackett",,Granby,,,450.6,2016,96900,343100,440000,2025,Logement,MAMH — Données Québec (rôle d'évaluation foncière),https://donneesouvertes.affmunqc.net/role/RL47017_2026.xml,,,,
"102, Patrick-hackett",,Granby,,,825.2,2019,154200,436800,591000,2025,Logement,MAMH — Données Québec (rôle d'évaluation foncière),https://donneesouvertes.affmunqc.net/role/RL47017_2026.xml,,,,
"93, Patrick-hackett",,Granby,,,309.41,2015,66500,252500,319000,2025,Logement,MAMH — Données Québec (rôle d'évaluation foncière),https://donneesouvertes.affmunqc.net/role/RL47017_2026.xml,,,,
"99, Patrick-hackett",,Granby,,,309.41,2015,66500,275500,342000,2025,Logement,MAMH — Données Québec (rôle d'évaluation foncière),https://donneesouvertes.affmunqc.net/role/RL47017_2026.xml,,,,
"95, Patrick-hackett",,Granby,,,309.41,2015,66500,236500,303000,2025,Logement,MAMH — Données Québec (rôle d'évaluation foncière),https://donneesouvertes.affmunqc.net/role/RL47017_2026.xml,,,,
"97, Patrick-hackett",,Granby,,,309.41,2015,66500,247500,314000,2025,Logement,MAMH — Données Québec (rôle d'évaluation foncière),https://donneesouvertes.affmunqc.net/role/RL47017_2026.xml,,,,
"91, Patrick-hackett",,Granby,,,309.17,2016,66500,247500,314000,2025,Logement,MAMH — Données Québec (rôle d'évaluation foncière),https://donneesouvertes.affmunqc.net/role/RL47017_2026.xml,,,,
"89, Patrick-hackett",,Granby,,,309.17,2016,66500,267500,334000,2025,Logement,MAMH — Données Québec (rôle d'évaluation foncière),https://donneesouvertes.affmunqc.net/role/RL47017_2026.xml,,,,
"87, Patrick-hackett",,Granby,,,309.17,2016,66500,267500,334000,2025,Logement,MAMH — Données Québec (rôle d'évaluation foncière),https://donneesouvertes.affmunqc.net/role/RL47017_2026.xml,,,,
"85, Patrick-hackett",,Granby,,,309.17,2016,66500,264500,331000,2025,Logement,MAMH — Données Québec (rôle d'évaluation foncière),https://donneesouvertes.affmunqc.net/role/RL47017_2026.xml,,,,
"282, John-manners",,Granby,,,247.53,2020,53200,270800,324000,2025,Logement,MAMH — Données Québec (rôle d'évaluation foncière),https://donneesouvertes.affmunqc.net/role/RL47017_2026.xml,,,,
"288, John-manners",,Granby,,,247.53,2020,53200,275800,329000,2025,Logement,MAMH — Données Québec (rôle d'évaluation foncière),https://donneesouvertes.affmunqc.net/role/RL47017_2026.xml,,,,
"284, John-manners",,Granby,,,247.53,2020,53200,250800,304000,2025,Logement,MAMH — Données Québec (rôle d'évaluation foncière),https://donneesouvertes.affmunqc.net/role/RL47017_2026.xml,,,,
"286, John-manners",,Granby,,,247.53,2020,53200,258800,312000,2025,Logement,MAMH — Données Québec (rôle d'évaluation foncière),https://donneesouvertes.affmunqc.net/role/RL47017_2026.xml,,,,
"338, John-manners, app. 344",,Granby,,,1121.12,2019,120600,730400,851000,2025,Logement,MAMH — Données Québec (rôle d'évaluation foncière),https://donneesouvertes.affmunqc.net/role/RL47017_2026.xml,,,,
"330, John-manners",,Granby,,,282.53,2017,39500,269500,309000,2025,Logement,MAMH — Données Québec (rôle d'évaluation foncière),https://donneesouvertes.affmunqc.net/role/RL47017_2026.xml,,,,
"336, John-manners",,Granby,,,282.53,2017,39500,269500,309000,2025,Logement,MAMH — Données Québec (rôle d'évaluation foncière),https://donneesouvertes.affmunqc.net/role/RL47017_2026.xml,,,,
"332, John-manners",,Granby,,,282.53,2017,60700,266300,327000,2025,Logement,MAMH — Données Québec (rôle d'évaluation foncière),https://donneesouvertes.affmunqc.net/role/RL47017_2026.xml,,,,
"334, John-manners",,Granby,,,282.53,2017,60700,242300,303000,2025,Logement,MAMH — Données Québec (rôle d'évaluation foncière),https://donneesouvertes.affmunqc.net/role/RL47017_2026.xml,,,,
"328, John-manners",,Granby,,,285.73,2018,61400,270600,332000,2025,Logement,MAMH — Données Québec (rôle d'évaluation foncière),https://donneesouvertes.affmunqc.net/role/RL47017_2026.xml,,,,
"322, John-manners",,Granby,,,285.73,2018,61400,256600,318000,2025,Logement,MAMH — Données Québec (rôle d'évaluation foncière),https://donneesouvertes.affmunqc.net/role/RL47017_2026.xml,,,,
"326, John-manners",,Granby,,,285.73,2018,61400,255600,317000,2025,Logement,MAMH — Données Québec (rôle d'évaluation foncière),https://donneesouvertes.affmunqc.net/role/RL47017_2026.xml,,,,
"324, John-manners",,Granby,,,285.73,2018,61400,262600,324000,2025,Logement,MAMH — Données Québec (rôle d'évaluation foncière),https://donneesouvertes.affmunqc.net/role/RL47017_2026.xml,,,,
"314, John-manners",,Granby,,,282.53,2017,60700,276300,337000,2025,Logement,MAMH — Données Québec (rôle d'évaluation foncière),https://donneesouvertes.affmunqc.net/role/RL47017_2026.xml,,,,
"320, John-manners",,Granby,,,282.53,2017,60700,279300,340000,2025,Logement,MAMH — Données Québec (rôle d'évaluation foncière),https://donneesouvertes.affmunqc.net/role/RL47017_2026.xml,,,,
"316, John-manners",,Granby,,,282.53,2017,60700,245300,306000,2025,Logement,MAMH — Données Québec (rôle d'évaluation foncière),https://donneesouvertes.affmunqc.net/role/RL47017_2026.xml,,,,
"318, John-manners",,Granby,,,282.53,2017,60700,250300,311000,2025,Logement,MAMH — Données Québec (rôle d'évaluation foncière),https://donneesouvertes.affmunqc.net/role/RL47017_2026.xml,,,,
"306, John-manners",,Granby,,,282.53,2019,60700,285300,346000,2025,Logement,MAMH — Données Québec (rôle d'évaluation foncière),https://donneesouvertes.affmunqc.net/role/RL47017_2026.xml,,,,
"312, John-manners",,Granby,,,282.53,2019,60700,276300,337000,2025,Logement,MAMH — Données Québec (rôle d'évaluation foncière),https://donneesouvertes.affmunqc.net/role/RL47017_2026.xml,,,,
"308, John-manners",,Granby,,,282.53,2019,60700,248300,309000,2025,Logement,MAMH — Données Québec (rôle d'évaluation foncière),https://donneesouvertes.affmunqc.net/role/RL47017_2026.xml,,,,
"310, John-manners",,Granby,,,282.53,2019,60700,248300,309000,2025,Logement,MAMH — Données Québec (rôle d'évaluation foncière),https://donneesouvertes.affmunqc.net/role/RL47017_2026.xml,,,,
"294, John-manners, app. 300",,Granby,,,911.9,2020,165400,720600,886000,2025,Logement,MAMH — Données Québec (rôle d'évaluation foncière),https://donneesouvertes.affmunqc.net/role/RL47017_2026.xml,,,,
"281, John-manners",,Granby,,,470.7,2020,101200,433800,535000,2025,Logement,MAMH — Données Québec (rôle d'évaluation foncière),https://donneesouvertes.affmunqc.net/role/RL47017_2026.xml,,,,
"500, Pionniers",,Granby,,,45158.4,,1459000,,1459000,2025,Terrain vacant,MAMH — Données Québec (rôle d'évaluation foncière),https://donneesouvertes.affmunqc.net/role/RL47017_2026.xml,,,,
"330, Mountain",,Granby,,,30403.1,2006,331400,761600,1093000,2025,Logement,MAMH — Données Québec (rôle d'évaluation foncière),https://donneesouvertes.affmunqc.net/role/RL47017_2026.xml,,,,
"83, Henry-caldwell",,Granby,,,546.2,2014,117400,350600,468000,2025,Logement,MAMH — Données Québec (rôle d'évaluation foncière),https://donneesouvertes.affmunqc.net/role/RL47017_2026.xml,,,,
"81, Henry-caldwell",,Granby,,,469.3,2014,100900,339100,440000,2025,Logement,MAMH — Données Québec (rôle d'évaluation foncière),https://donneesouvertes.affmunqc.net/role/RL47017_2026.xml,,,,
"79, Henry-caldwell",,Granby,,,469.3,2014,100900,342100,443000,2025,Logement,MAMH — Données Québec (rôle d'évaluation foncière),https://donneesouvertes.affmunqc.net/role/RL47017_2026.xml,,,,
"489, Francis-gilmour",,Granby,,,546.8,2016,117600,444400,562000,2025,Logement,MAMH — Données Québec (rôle d'évaluation foncière),https://donneesouvertes.affmunqc.net/role/RL47017_2026.xml,,,,
"491, Francis-gilmour",,Granby,,,436.2,2016,93800,376200,470000,2025,Logement,MAMH — Données Québec (rôle d'évaluation foncière),https://donneesouvertes.affmunqc.net/role/RL47017_2026.xml,,,,
"495, Francis-gilmour",,Granby,,,441.4,2017,94900,360100,455000,2025,Logement,MAMH — Données Québec (rôle d'évaluation foncière),https://donneesouvertes.affmunqc.net/role/RL47017_2026.xml,,,,
"497, Francis-gilmour",,Granby,,,441.4,2017,94900,359100,454000,2025,Logement,MAMH — Données Québec (rôle d'évaluation foncière),https://donneesouvertes.affmunqc.net/role/RL47017_2026.xml,,,,
"68, Henry-caldwell",,Granby,,,461.1,2016,99100,358900,458000,2025,Logement,MAMH — Données Québec (rôle d'évaluation foncière),https://donneesouvertes.affmunqc.net/role/RL47017_2026.xml,,,,
"64, Henry-caldwell",,Granby,,,517.4,2016,111200,350800,462000,2025,Logement,MAMH — Données Québec (rôle d'évaluation foncière),https://donneesouvertes.affmunqc.net/role/RL47017_2026.xml,,,,
"66, Henry-caldwell",,Granby,,,467.3,2015,100500,321500,422000,2025,Logement,MAMH — Données Québec (rôle d'évaluation foncière),https://donneesouvertes.affmunqc.net/role/RL47017_2026.xml,,,,
"77, Henry-caldwell",,Granby,,,469.3,2014,100900,354100,455000,2025,Logement,MAMH — Données Québec (rôle d'évaluation foncière),https://donneesouvertes.affmunqc.net/role/RL47017_2026.xml,,,,
"75, Henry-caldwell",,Granby,,,469.3,2014,100900,339100,440000,2025,Logement,MAMH — Données Québec (rôle d'évaluation foncière),https://donneesouvertes.affmunqc.net/role/RL47017_2026.xml,,,,
"73, Henry-caldwell",,Granby,,,469.3,2014,100900,347100,448000,2025,Logement,MAMH — Données Québec (rôle d'évaluation foncière),https://donneesouvertes.affmunqc.net/role/RL47017_2026.xml,,,,
"71, Henry-caldwell",,Granby,,,469.3,2014,100900,326100,427000,2025,Logement,MAMH — Données Québec (rôle d'évaluation foncière),https://donneesouvertes.affmunqc.net/role/RL47017_2026.xml,,,,
"69, Henry-caldwell",,Granby,,,469.3,2014,100900,329100,430000,2025,Logement,MAMH — Données Québec (rôle d'évaluation foncière),https://donneesouvertes.affmunqc.net/role/RL47017_2026.xml,,,,
"67, Henry-caldwell",,Granby,,,469.3,2015,100900,358100,459000,2025,Logement,MAMH — Données Québec (rôle d'évaluation foncière),https://donneesouvertes.affmunqc.net/role/RL47017_2026.xml,,,,
"65, Henry-caldwell",,Granby,,,469.3,2015,100900,392100,493000,2025,Logement,MAMH — Données Québec (rôle d'évaluation foncière),https://donneesouvertes.affmunqc.net/role/RL47017_2026.xml,,,,
"63, Henry-caldwell",,Granby,,,469.3,2015,100900,353100,454000,2025,Logement,MAMH — Données Québec (rôle d'évaluation foncière),https://donneesouvertes.affmunqc.net/role/RL47017_2026.xml,,,,
"61, Henry-caldwell",,Granby,,,512.5,2015,110200,324800,435000,2025,Logement,MAMH — Données Québec (rôle d'évaluation foncière),https://donneesouvertes.affmunqc.net/role/RL47017_2026.xml,,,,
"501, Francis-gilmour",,Granby,,,441.4,2017,94900,369100,464000,2025,Logement,MAMH — Données Québec (rôle d'évaluation foncière),https://donneesouvertes.affmunqc.net/role/RL47017_2026.xml,,,,
"503, Francis-gilmour",,Granby,,,441.6,2017,94900,393100,488000,2025,Logement,MAMH — Données Québec (rôle d'évaluation foncière),https://donneesouvertes.affmunqc.net/role/RL47017_2026.xml,,,,
"507, Francis-gilmour",,Granby,,,441.5,2017,94900,364100,459000,2025,Logement,MAMH — Données Québec (rôle d'évaluation foncière),https://donneesouvertes.affmunqc.net/role/RL47017_2026.xml,,,,
"509, Francis-gilmour",,Granby,,,437.7,2017,94100,395900,490000,2025,Logement,MAMH — Données Québec (rôle d'évaluation foncière),https://donneesouvertes.affmunqc.net/role/RL47017_2026.xml,,,,
"513, Francis-gilmour",,Granby,,,430.4,2016,92500,388500,481000,2025,Logement,MAMH — Données Québec (rôle d'évaluation foncière),https://donneesouvertes.affmunqc.net/role/RL47017_2026.xml,,,,
"515, Francis-gilmour",,Granby,,,419.4,2016,90200,371800,462000,2025,Logement,MAMH — Données Québec (rôle d'évaluation foncière),https://donneesouvertes.affmunqc.net/role/RL47017_2026.xml,,,,
"519, Francis-gilmour",,Granby,,,404.7,2016,87000,378000,465000,2025,Logement,MAMH — Données Québec (rôle d'évaluation foncière),https://donneesouvertes.affmunqc.net/role/RL47017_2026.xml,,,,
"521, Francis-gilmour",,Granby,,,386.3,2017,83100,362900,446000,2025,Logement,MAMH — Données Québec (rôle d'évaluation foncière),https://donneesouvertes.affmunqc.net/role/RL47017_2026.xml,,,,
"60, Henry-caldwell",,Granby,,,773.1,2016,147500,364500,512000,2025,Logement,MAMH — Données Québec (rôle d'évaluation foncière),https://donneesouvertes.affmunqc.net/role/RL47017_2026.xml,,,,
"96, Patrick-hackett",,Granby,,,696.5,2015,137600,349400,487000,2025,Logement,MAMH — Données Québec (rôle d'évaluation foncière),https://donneesouvertes.affmunqc.net/role/RL47017_2026.xml,,,,
"94, Patrick-hackett",,Granby,,,618.8,2015,127600,339400,467000,2025,Logement,MAMH — Données Québec (rôle d'évaluation foncière),https://donneesouvertes.affmunqc.net/role/RL47017_2026.xml,,,,
"92, Patrick-hackett",,Granby,,,621.8,2017,127900,354100,482000,2025,Logement,MAMH — Données Québec (rôle d'évaluation foncière),https://donneesouvertes.affmunqc.net/role/RL47017_2026.xml,,,,
"53, Henry-caldwell",,Granby,,,630.9,2016,129100,344900,474000,2025,Logement,MAMH — Données Québec (rôle d'évaluation foncière),https://donneesouvertes.affmunqc.net/role/RL47017_2026.xml,,,,
"90, Patrick-hackett",,Granby,,,614.1,2016,126900,383100,510000,2025,Logement,MAMH — Données Québec (rôle d'évaluation foncière),https://donneesouvertes.affmunqc.net/role/RL47017_2026.xml,,,,
"55, Henry-caldwell",,Granby,,,570.9,2016,121400,369600,491000,2025,Logement,MAMH — Données Québec (rôle d'évaluation foncière),https://donneesouvertes.affmunqc.net/role/RL47017_2026.xml,,,,
"57, Henry-caldwell",,Granby,,,510.9,2014,109800,350200,460000,2025,Logement,MAMH — Données Québec (rôle d'évaluation foncière),https://donneesouvertes.affmunqc.net/role/RL47017_2026.xml,,,,
"59, Henry-caldwell",,Granby,,,489.4,2014,105200,386800,492000,2025,Logement,MAMH — Données Québec (rôle d'évaluation foncière),https://donneesouvertes.affmunqc.net/role/RL47017_2026.xml,,,,
"545, Francis-gilmour",,Granby,,,833,2019,155200,527800,683000,2025,Logement,MAMH — Données Québec (rôle d'évaluation foncière),https://donneesouvertes.affmunqc.net/role/RL47017_2026.xml,,,,
"541, Francis-gilmour",,Granby,,,689.8,2019,136700,508300,645000,2025,Logement,MAMH — Données Québec (rôle d'évaluation foncière),https://donneesouvertes.affmunqc.net/role/RL47017_2026.xml,,,,
"537, Francis-gilmour",,Granby,,,643.8,2017,130800,505200,636000,2025,Logement,MAMH — Données Québec (rôle d'évaluation foncière),https://donneesouvertes.affmunqc.net/role/RL47017_2026.xml,,,,
"533, Francis-gilmour",,Granby,,,406.8,2018,87500,377500,465000,2025,Logement,MAMH — Données Québec (rôle d'évaluation foncière),https://donneesouvertes.affmunqc.net/role/RL47017_2026.xml,,,,
"531, Francis-gilmour",,Granby,,,402.5,2018,86500,389500,476000,2025,Logement,MAMH — Données Québec (rôle d'évaluation foncière),https://donneesouvertes.affmunqc.net/role/RL47017_2026.xml,,,,
"527, Francis-gilmour",,Granby,,,394.7,2017,84900,416100,501000,2025,Logement,MAMH — Données Québec (rôle d'évaluation foncière),https://donneesouvertes.affmunqc.net/role/RL47017_2026.xml,,,,
"525, Francis-gilmour",,Granby,,,383.1,2016,82400,376600,459000,2025,Logement,MAMH — Données Québec (rôle d'évaluation foncière),https://donneesouvertes.affmunqc.net/role/RL47017_2026.xml,,,,
"350, John-manners, app. 356",,Granby,,,873.7,2018,160400,703600,864000,2025,Logement,MAMH — Données Québec (rôle d'évaluation foncière),https://donneesouvertes.affmunqc.net/role/RL47017_2026.xml,,,,
"81, Patrick-hackett",,Granby,,,242.68,2017,52200,284800,337000,2025,Logement,MAMH — Données Québec (rôle d'évaluation foncière),https://donneesouvertes.affmunqc.net/role/RL47017_2026.xml,,,,
"362, John-manners",,Granby,,,242.68,2017,52200,264800,317000,2025,Logement,MAMH — Données Québec (rôle d'évaluation foncière),https://donneesouvertes.affmunqc.net/role/RL47017_2026.xml,,,,
"366, John-manners",,Granby,,,242.68,2017,52200,262800,315000,2025,Logement,MAMH — Données Québec (rôle d'évaluation foncière),https://donneesouvertes.affmunqc.net/role/RL47017_2026.xml,,,,
"364, John-manners",,Granby,,,242.68,2017,52200,238800,291000,2025,Logement,MAMH — Données Québec (rôle d'évaluation foncière),https://donneesouvertes.affmunqc.net/role/RL47017_2026.xml,,,,
"88, Patrick-hackett",,Granby,,,586.3,2019,123400,365600,489000,2025,Logement,MAMH — Données Québec (rôle d'évaluation foncière),https://donneesouvertes.affmunqc.net/role/RL47017_2026.xml,,,,
"86, Patrick-hackett",,Granby,,,766.9,2020,146700,572300,719000,2025,Logement,MAMH — Données Québec (rôle d'évaluation foncière),https://donneesouvertes.affmunqc.net/role/RL47017_2026.xml,,,,
"361, John-manners",,Granby,,,404.8,2019,87000,395000,482000,2025,Logement,MAMH — Données Québec (rôle d'évaluation foncière),https://donneesouvertes.affmunqc.net/role/RL47017_2026.xml,,,,
"365, John-manners",,Granby,,,523.9,2019,112600,403400,516000,2025,Logement,MAMH — Données Québec (rôle d'évaluation foncière),https://donneesouvertes.affmunqc.net/role/RL47017_2026.xml,,,,
"82, Patrick-hackett",,Granby,,,695.3,2022,137400,537600,675000,2025,Logement,MAMH — Données Québec (rôle d'évaluation foncière),https://donneesouvertes.affmunqc.net/role/RL47017_2026.xml,,,,
"285, John-manners",,Granby,,,373.8,2020,80400,400600,481000,2025,Logement,MAMH — Données Québec (rôle d'évaluation foncière),https://donneesouvertes.affmunqc.net/role/RL47017_2026.xml,,,,
"297, John-manners",,Granby,,,373.8,2019,80400,359600,440000,2025,Logement,MAMH — Données Québec (rôle d'évaluation foncière),https://donneesouvertes.affmunqc.net/role/RL47017_2026.xml,,,,
"301, John-manners",,Granby,,,378.8,2019,81400,390600,472000,2025,Logement,MAMH — Données Québec (rôle d'évaluation foncière),https://donneesouvertes.affmunqc.net/role/RL47017_2026.xml,,,,
"288, George-m.-abbott",,Granby,,,390.1,2021,83900,374100,458000,2025,Logement,MAMH — Données Québec (rôle d'évaluation foncière),https://donneesouvertes.affmunqc.net/role/RL47017_2026.xml,,,,
"313, John-manners",,Granby,,,389.4,2019,83700,383300,467000,2025,Logement,MAMH — Données Québec (rôle d'évaluation foncière),https://donneesouvertes.affmunqc.net/role/RL47017_2026.xml,,,,
"317, John-manners",,Granby,,,395.2,2019,85000,374000,459000,2025,Logement,MAMH — Données Québec (rôle d'évaluation foncière),https://donneesouvertes.affmunqc.net/role/RL47017_2026.xml,,,,
"294, George-m.-abbott",,Granby,,,390.1,2021,83900,400100,484000,2025,Logement,MAMH — Données Québec (rôle d'évaluation foncière),https://donneesouvertes.affmunqc.net/role/RL47017_2026.xml,,,,
"329, John-manners",,Granby,,,401.1,2019,86200,350800,437000,2025,Logement,MAMH — Données Québec (rôle d'évaluation foncière),https://donneesouvertes.affmunqc.net/role/RL47017_2026.xml,,,,
"298, George-m.-abbott",,Granby,,,390.1,2021,83900,439100,523000,2025,Logement,MAMH — Données Québec (rôle d'évaluation foncière),https://donneesouvertes.affmunqc.net/role/RL47017_2026.xml,,,,
"333, John-manners",,Granby,,,406.2,2019,87300,361700,449000,2025,Logement,MAMH — Données Québec (rôle d'évaluation foncière),https://donneesouvertes.affmunqc.net/role/RL47017_2026.xml,,,,
"304, George-m.-abbott",,Granby,,,390.1,2022,83900,431100,515000,2025,Logement,MAMH — Données Québec (rôle d'évaluation foncière),https://donneesouvertes.affmunqc.net/role/RL47017_2026.xml,,,,
"345, John-manners",,Granby,,,415.7,2019,89400,391600,481000,2025,Logement,MAMH — Données Québec (rôle d'évaluation foncière),https://donneesouvertes.affmunqc.net/role/RL47017_2026.xml,,,,
"308, George-m.-abbott",,Granby,,,390.4,2022,83900,459100,543000,2025,Logement,MAMH — Données Québec (rôle d'évaluation foncière),https://donneesouvertes.affmunqc.net/role/RL47017_2026.xml,,,,
"349, John-manners",,Granby,,,418.5,2019,90000,406000,496000,2025,Logement,MAMH — Données Québec (rôle d'évaluation foncière),https://donneesouvertes.affmunqc.net/role/RL47017_2026.xml,,,,
"314, George-m.-abbott",,Granby,,,394.1,2021,84700,380300,465000,2025,Logement,MAMH — Données Québec (rôle d'évaluation foncière),https://donneesouvertes.affmunqc.net/role/RL47017_2026.xml,,,,
"318, George-m.-abbott",,Granby,,,403.3,2021,86700,413300,500000,2025,Logement,MAMH — Données Québec (rôle d'évaluation foncière),https://donneesouvertes.affmunqc.net/role/RL47017_2026.xml,,,,
"324, George-m.-abbott",,Granby,,,455.2,2021,97900,400100,498000,2025,Logement,MAMH — Données Québec (rôle d'évaluation foncière),https://donneesouvertes.affmunqc.net/role/RL47017_2026.xml,,,,
"307, George-m.-abbott",,Granby,,,369.3,2021,79400,382600,462000,2025,Logement,MAMH — Données Québec (rôle d'évaluation foncière),https://donneesouvertes.affmunqc.net/role/RL47017_2026.xml,,,,
"328, George-m.-abbott",,Granby,,,491.5,2021,105700,404300,510000,2025,Logement,MAMH — Données Québec (rôle d'évaluation foncière),https://donneesouvertes.affmunqc.net/role/RL47017_2026.xml,,,,
"1, George-m.-abbott",,Granby,,,3604.8,,,,0,2025,Immeuble commercial,MAMH — Données Québec (rôle d'évaluation foncière),https://donneesouvertes.affmunqc.net/role/RL47017_2026.xml,,,,
"284, George-m.-abbott",,Granby,,,470.7,2021,101200,400800,502000,2025,Logement,MAMH — Données Québec (rôle d'évaluation foncière),https://donneesouvertes.affmunqc.net/role/RL47017_2026.xml,,,,
"283, George-m.-abbott",,Granby,,,470.7,2021,101200,382800,484000,2025,Logement,MAMH — Données Québec (rôle d'évaluation foncière),https://donneesouvertes.affmunqc.net/role/RL47017_2026.xml,,,,
"287, George-m.-abbott",,Granby,,,369,2021,79300,409700,489000,2025,Logement,MAMH — Données Québec (rôle d'évaluation foncière),https://donneesouvertes.affmunqc.net/role/RL47017_2026.xml,,,,
"293, George-m.-abbott",,Granby,,,369,2022,79300,413700,493000,2025,Logement,MAMH — Données Québec (rôle d'évaluation foncière),https://donneesouvertes.affmunqc.net/role/RL47017_2026.xml,,,,
"286, Marshall",,Granby,,,470.7,2020,101200,418800,520000,2025,Logement,MAMH — Données Québec (rôle d'évaluation foncière),https://donneesouvertes.affmunqc.net/role/RL47017_2026.xml,,,,
"297, George-m.-abbott",,Granby,,,369,2022,79300,413700,493000,2025,Logement,MAMH — Données Québec (rôle d'évaluation foncière),https://donneesouvertes.affmunqc.net/role/RL47017_2026.xml,,,,
"303, George-m.-abbott",,Granby,,,369,2021,79300,376700,456000,2025,Logement,MAMH — Données Québec (rôle d'évaluation foncière),https://donneesouvertes.affmunqc.net/role/RL47017_2026.xml,,,,
"290, Marshall",,Granby,,,368,2020,79100,393900,473000,2025,Logement,MAMH — Données Québec (rôle d'évaluation foncière),https://donneesouvertes.affmunqc.net/role/RL47017_2026.xml,,,,
"296, Marshall",,Granby,,,368,2019,79100,388900,468000,2025,Logement,MAMH — Données Québec (rôle d'évaluation foncière),https://donneesouvertes.affmunqc.net/role/RL47017_2026.xml,,,,
"254, James-a.-tomkins",,Granby,,,585.3,2020,123200,500800,624000,2025,Logement,MAMH — Données Québec (rôle d'évaluation foncière),https://donneesouvertes.affmunqc.net/role/RL47017_2026.xml,,,,
"260, James-a.-tomkins",,Granby,,,585.3,2021,123200,510800,634000,2025,Logement,MAMH — Données Québec (rôle d'évaluation foncière),https://donneesouvertes.affmunqc.net/role/RL47017_2026.xml,,,,
"266, James-a.-tomkins",,Granby,,,585.3,2020,123200,603800,727000,2025,Logement,MAMH — Données Québec (rôle d'évaluation foncière),https://donneesouvertes.affmunqc.net/role/RL47017_2026.xml,,,,
"272, James-a.-tomkins",,Granby,,,585.3,2019,123200,473800,597000,2025,Logement,MAMH — Données Québec (rôle d'évaluation foncière),https://donneesouvertes.affmunqc.net/role/RL47017_2026.xml,,,,
"242, James-a.-tomkins",,Granby,,,8756,,1,,1,2025,Immeuble commercial,MAMH — Données Québec (rôle d'évaluation foncière),https://donneesouvertes.affmunqc.net/role/RL47017_2026.xml,,,,
"248, James-a.-tomkins",,Granby,,,585.6,2019,123300,495700,619000,2025,Logement,MAMH — Données Québec (rôle d'évaluation foncière),https://donneesouvertes.affmunqc.net/role/RL47017_2026.xml,,,,
"253, James-a.-tomkins",,Granby,,,716.6,2019,140200,526800,667000,2025,Logement,MAMH — Données Québec (rôle d'évaluation foncière),https://donneesouvertes.affmunqc.net/role/RL47017_2026.xml,,,,
"500, John-dwyer",,Granby,,,75527.6,,2440000,,2440000,2025,Terrain vacant,MAMH — Données Québec (rôle d'évaluation foncière),https://donneesouvertes.affmunqc.net/role/RL47017_2026.xml,,,,
"488, Francis-gilmour",,Granby,,,541.6,2017,116400,426600,543000,2025,Logement,MAMH — Données Québec (rôle d'évaluation foncière),https://donneesouvertes.affmunqc.net/role/RL47017_2026.xml,,,,
"490, Francis-gilmour",,Granby,,,449.8,2017,96700,429300,526000,2025,Logement,MAMH — Données Québec (rôle d'évaluation foncière),https://donneesouvertes.affmunqc.net/role/RL47017_2026.xml,,,,
"494, Francis-gilmour",,Granby,,,449.8,2016,96700,365300,462000,2025,Logement,MAMH — Données Québec (rôle d'évaluation foncière),https://donneesouvertes.affmunqc.net/role/RL47017_2026.xml,,,,
"496, Francis-gilmour",,Granby,,,449.8,2017,96700,395300,492000,2025,Logement,MAMH — Données Québec (rôle d'évaluation foncière),https://donneesouvertes.affmunqc.net/role/RL47017_2026.xml,,,,
"288, Francis-gilmour",,Granby,,,540.9,,116300,439700,556000,2025,Logement,MAMH — Données Québec (rôle d'évaluation foncière),https://donneesouvertes.affmunqc.net/role/RL47017_2026.xml,,,,
"286, Francis-gilmour",,Granby,,,450,,96800,434200,531000,2025,Logement,MAMH — Données Québec (rôle d'évaluation foncière),https://donneesouvertes.affmunqc.net/role/RL47017_2026.xml,,,,
"282, Francis-gilmour",,Granby,,,450,2019,96800,386200,483000,2025,Logement,MAMH — Données Québec (rôle d'évaluation foncière),https://donneesouvertes.affmunqc.net/role/RL47017_2026.xml,,,,
"280, Francis-gilmour",,Granby,,,450,2019,96800,405200,502000,2025,Logement,MAMH — Données Québec (rôle d'évaluation foncière),https://donneesouvertes.affmunqc.net/role/RL47017_2026.xml,,,,
"500, Francis-gilmour",,Granby,,,449.8,2017,96700,339300,436000,2025,Logement,MAMH — Données Québec (rôle d'évaluation foncière),https://donneesouvertes.affmunqc.net/role/RL47017_2026.xml,,,,
"502, Francis-gilmour",,Granby,,,453.1,2017,97400,381600,479000,2025,Logement,MAMH — Données Québec (rôle d'évaluation foncière),https://donneesouvertes.affmunqc.net/role/RL47017_2026.xml,,,,
"506, Francis-gilmour",,Granby,,,453.7,2018,97500,390500,488000,2025,Logement,MAMH — Données Québec (rôle d'évaluation foncière),https://donneesouvertes.affmunqc.net/role/RL47017_2026.xml,,,,
"508, Francis-gilmour",,Granby,,,458.4,2017,98600,356400,455000,2025,Logement,MAMH — Données Québec (rôle d'évaluation foncière),https://donneesouvertes.affmunqc.net/role/RL47017_2026.xml,,,,
"512, Francis-gilmour",,Granby,,,467.1,2018,100400,405600,506000,2025,Logement,MAMH — Données Québec (rôle d'évaluation foncière),https://donneesouvertes.affmunqc.net/role/RL47017_2026.xml,,,,
"514, Francis-gilmour",,Granby,,,480,2018,103200,399800,503000,2025,Logement,MAMH — Données Québec (rôle d'évaluation foncière),https://donneesouvertes.affmunqc.net/role/RL47017_2026.xml,,,,
"518, Francis-gilmour",,Granby,,,497,2017,106900,396100,503000,2025,Logement,MAMH — Données Québec (rôle d'évaluation foncière),https://donneesouvertes.affmunqc.net/role/RL47017_2026.xml,,,,
"520, Francis-gilmour",,Granby,,,518.2,2016,111400,372600,484000,2025,Logement,MAMH — Données Québec (rôle d'évaluation foncière),https://donneesouvertes.affmunqc.net/role/RL47017_2026.xml,,,,
"524, Francis-gilmour",,Granby,,,543.7,2017,116900,403100,520000,2025,Logement,MAMH — Données Québec (rôle d'évaluation foncière),https://donneesouvertes.affmunqc.net/role/RL47017_2026.xml,,,,
"276, Francis-gilmour",,Granby,,,450,,96800,409200,506000,2025,Logement,MAMH — Données Québec (rôle d'évaluation foncière),https://donneesouvertes.affmunqc.net/role/RL47017_2026.xml,,,,
"274, Francis-gilmour",,Granby,,,450,,96800,416200,513000,2025,Logement,MAMH — Données Québec (rôle d'évaluation foncière),https://donneesouvertes.affmunqc.net/role/RL47017_2026.xml,,,,
"270, Francis-gilmour",,Granby,,,450,2019,96800,401200,498000,2025,Logement,MAMH — Données Québec (rôle d'évaluation foncière),https://donneesouvertes.affmunqc.net/role/RL47017_2026.xml,,,,
"268, Francis-gilmour",,Granby,,,450,,96800,448200,545000,2025,Logement,MAMH — Données Québec (rôle d'évaluation foncière),https://donneesouvertes.affmunqc.net/role/RL47017_2026.xml,,,,
"264, Francis-gilmour",,Granby,,,450,2020,96800,428200,525000,2025,Logement,MAMH — Données Québec (rôle d'évaluation foncière),https://donneesouvertes.affmunqc.net/role/RL47017_2026.xml,,,,
"262, Francis-gilmour",,Granby,,,450,2020,96800,381200,478000,2025,Logement,MAMH — Données Québec (rôle d'évaluation foncière),https://donneesouvertes.affmunqc.net/role/RL47017_2026.xml,,,,
"258, Francis-gilmour",,Granby,,,450,2020,96800,417200,514000,2025,Logement,MAMH — Données Québec (rôle d'évaluation foncière),https://donneesouvertes.affmunqc.net/role/RL47017_2026.xml,,,,
"256, Francis-gilmour",,Granby,,,450,2020,96800,446200,543000,2025,Logement,MAMH — Données Québec (rôle d'évaluation foncière),https://donneesouvertes.affmunqc.net/role/RL47017_2026.xml,,,,
"252, Francis-gilmour",,Granby,,,450,2019,96800,415200,512000,2025,Logement,MAMH — Données Québec (rôle d'évaluation foncière),https://donneesouvertes.affmunqc.net/role/RL47017_2026.xml,,,,
"548, Francis-gilmour",,Granby,,,414.4,2017,89100,364900,454000,2025,Logement,MAMH — Données Québec (rôle d'évaluation foncière),https://donneesouvertes.affmunqc.net/role/RL47017_2026.xml,,,,
"544, Francis-gilmour",,Granby,,,419.4,2016,90200,361800,452000,2025,Logement,MAMH — Données Québec (rôle d'évaluation foncière),https://donneesouvertes.affmunqc.net/role/RL47017_2026.xml,,,,
"542, Francis-gilmour",,Granby,,,428.4,2016,92100,398900,491000,2025,Logement,MAMH — Données Québec (rôle d'évaluation foncière),https://donneesouvertes.affmunqc.net/role/RL47017_2026.xml,,,,
"538, Francis-gilmour",,Granby,,,441.4,2018,94900,440100,535000,2025,Logement,MAMH — Données Québec (rôle d'évaluation foncière),https://donneesouvertes.affmunqc.net/role/RL47017_2026.xml,,,,
"536, Francis-gilmour",,Granby,,,458.6,2018,98600,417400,516000,2025,Logement,MAMH — Données Québec (rôle d'évaluation foncière),https://donneesouvertes.affmunqc.net/role/RL47017_2026.xml,,,,
"532, Francis-gilmour",,Granby,,,480,2018,103200,413800,517000,2025,Logement,MAMH — Données Québec (rôle d'évaluation foncière),https://donneesouvertes.affmunqc.net/role/RL47017_2026.xml,,,,
"530, Francis-gilmour",,Granby,,,505.8,2018,108700,435300,544000,2025,Logement,MAMH — Données Québec (rôle d'évaluation foncière),https://donneesouvertes.affmunqc.net/role/RL47017_2026.xml,,,,
"526, Francis-gilmour",,Granby,,,536.1,2017,115300,379700,495000,2025,Logement,MAMH — Données Québec (rôle d'évaluation foncière),https://donneesouvertes.affmunqc.net/role/RL47017_2026.xml,,,,
"230, Francis-gilmour",,Granby,,,6984.1,,566000,,566000,2025,Institutionnel,MAMH — Données Québec (rôle d'évaluation foncière),https://donneesouvertes.affmunqc.net/role/RL47017_2026.xml,,,,
"250, Francis-gilmour",,Granby,,,462.5,,99400,409600,509000,2025,Logement,MAMH — Données Québec (rôle d'évaluation foncière),https://donneesouvertes.affmunqc.net/role/RL47017_2026.xml,,,,
"338, George-m.-abbott",,Granby,,,506.6,2022,108900,434100,543000,2025,Logement,MAMH — Données Québec (rôle d'évaluation foncière),https://donneesouvertes.affmunqc.net/role/RL47017_2026.xml,,,,
"80, Patrick-hackett",,Granby,,,611.4,,127000,,127000,2025,Terrain vacant,MAMH — Données Québec (rôle d'évaluation foncière),https://donneesouvertes.affmunqc.net/role/RL47017_2026.xml,,,,
"554, Francis-gilmour",,Granby,,,800.6,2020,151000,516000,667000,2025,Logement,MAMH — Données Québec (rôle d'évaluation foncière),https://donneesouvertes.affmunqc.net/role/RL47017_2026.xml,,,,
"550, Francis-gilmour",,Granby,,,413.3,2017,88900,392100,481000,2025,Logement,MAMH — Données Québec (rôle d'évaluation foncière),https://donneesouvertes.affmunqc.net/role/RL47017_2026.xml,,,,
"76, Patrick-hackett",,Granby,,,641,,130000,,130000,2025,Terrain vacant,MAMH — Données Québec (rôle d'évaluation foncière),https://donneesouvertes.affmunqc.net/role/RL47017_2026.xml,,,,
"74, Patrick-hackett",,Granby,,,652,,132000,,132000,2025,Terrain vacant,MAMH — Données Québec (rôle d'évaluation foncière),https://donneesouvertes.affmunqc.net/role/RL47017_2026.xml,,,,
"72, Patrick-hackett",,Granby,,,643.7,,131000,,131000,2025,Terrain vacant,MAMH — Données Québec (rôle d'évaluation foncière),https://donneesouvertes.affmunqc.net/role/RL47017_2026.xml,,,,
"70, Patrick-hackett",,Granby,,,654,,132000,,132000,2025,Terrain vacant,MAMH — Données Québec (rôle d'évaluation foncière),https://donneesouvertes.affmunqc.net/role/RL47017_2026.xml,,,,
"206, Francis-gilmour",,Granby,,,760.5,2020,145800,536200,682000,2025,Logement,MAMH — Données Québec (rôle d'évaluation foncière),https://donneesouvertes.affmunqc.net/role/RL47017_2026.xml,,,,
"198, Francis-gilmour",,Granby,,,766.3,2020,146600,574400,721000,2025,Logement,MAMH — Données Québec (rôle d'évaluation foncière),https://donneesouvertes.affmunqc.net/role/RL47017_2026.xml,,,,
"190, Francis-gilmour",,Granby,,,772.4,2020,147400,534600,682000,2025,Logement,MAMH — Données Québec (rôle d'évaluation foncière),https://donneesouvertes.affmunqc.net/role/RL47017_2026.xml,,,,
"68, Patrick-hackett",,Granby,,,668.7,,134000,,134000,2025,Terrain vacant,MAMH — Données Québec (rôle d'évaluation foncière),https://donneesouvertes.affmunqc.net/role/RL47017_2026.xml,,,,
"334, George-m.-abbott",,Granby,,,405.5,2022,87200,430800,518000,2025,Logement,MAMH — Données Québec (rôle d'évaluation foncière),https://donneesouvertes.affmunqc.net/role/RL47017_2026.xml,,,,
"313, George-m.-abbott",,Granby,,,369.3,2021,79400,403600,483000,2025,Logement,MAMH — Données Québec (rôle d'évaluation foncière),https://donneesouvertes.affmunqc.net/role/RL47017_2026.xml,,,,
"317, George-m.-abbott",,Granby,,,369.3,2021,79400,417600,497000,2025,Logement,MAMH — Données Québec (rôle d'évaluation foncière),https://donneesouvertes.affmunqc.net/role/RL47017_2026.xml,,,,
"323, George-m.-abbott",,Granby,,,369.3,2021,79400,453600,533000,2025,Logement,MAMH — Données Québec (rôle d'évaluation foncière),https://donneesouvertes.affmunqc.net/role/RL47017_2026.xml,,,,
"327, George-m.-abbott",,Granby,,,437.2,2021,94000,417000,511000,2025,Logement,MAMH — Données Québec (rôle d'évaluation foncière),https://donneesouvertes.affmunqc.net/role/RL47017_2026.xml,,,,
"333, George-m.-abbott",,Granby,,,454.6,2022,97700,401300,499000,2025,Logement,MAMH — Données Québec (rôle d'évaluation foncière),https://donneesouvertes.affmunqc.net/role/RL47017_2026.xml,,,,
"337, George-m.-abbott",,Granby,,,397.2,2022,85400,397600,483000,2025,Logement,MAMH — Données Québec (rôle d'évaluation foncière),https://donneesouvertes.affmunqc.net/role/RL47017_2026.xml,,,,
"326, Marshall",,Granby,,,367.7,2020,79100,358900,438000,2025,Logement,MAMH — Données Québec (rôle d'évaluation foncière),https://donneesouvertes.affmunqc.net/role/RL47017_2026.xml,,,,
"343, George-m.-abbott",,Granby,,,380,2022,81700,398300,480000,2025,Logement,MAMH — Données Québec (rôle d'évaluation foncière),https://donneesouvertes.affmunqc.net/role/RL47017_2026.xml,,,,
"330, Marshall",,Granby,,,383.5,2020,82500,393500,476000,2025,Logement,MAMH — Données Québec (rôle d'évaluation foncière),https://donneesouvertes.affmunqc.net/role/RL47017_2026.xml,,,,
"347, George-m.-abbott",,Granby,,,571.8,2022,121500,404500,526000,2025,Logement,MAMH — Données Québec (rôle d'évaluation foncière),https://donneesouvertes.affmunqc.net/role/RL47017_2026.xml,,,,
"336, Marshall",,Granby,,,389.8,2020,83800,381200,465000,2025,Logement,MAMH — Données Québec (rôle d'évaluation foncière),https://donneesouvertes.affmunqc.net/role/RL47017_2026.xml,,,,
"340, Marshall",,Granby,,,390,2020,83900,405100,489000,2025,Logement,MAMH — Données Québec (rôle d'évaluation foncière),https://donneesouvertes.affmunqc.net/role/RL47017_2026.xml,,,,
"346, Marshall",,Granby,,,394.5,2020,84800,410200,495000,2025,Logement,MAMH — Données Québec (rôle d'évaluation foncière),https://donneesouvertes.affmunqc.net/role/RL47017_2026.xml,,,,
"350, Marshall",,Granby,,,398.8,2020,85700,421300,507000,2025,Logement,MAMH — Données Québec (rôle d'évaluation foncière),https://donneesouvertes.affmunqc.net/role/RL47017_2026.xml,,,,
"356, Marshall",,Granby,,,397.2,2021,85400,370600,456000,2025,Logement,MAMH — Données Québec (rôle d'évaluation foncière),https://donneesouvertes.affmunqc.net/role/RL47017_2026.xml,,,,
"360, Marshall",,Granby,,,600,2021,125100,352900,478000,2025,Logement,MAMH — Données Québec (rôle d'évaluation foncière),https://donneesouvertes.affmunqc.net/role/RL47017_2026.xml,,,,
"300, Marshall",,Granby,,,368,2019,79100,402900,482000,2025,Logement,MAMH — Données Québec (rôle d'évaluation foncière),https://donneesouvertes.affmunqc.net/role/RL47017_2026.xml,,,,
"306, Marshall",,Granby,,,368,2020,79100,409900,489000,2025,Logement,MAMH — Données Québec (rôle d'évaluation foncière),https://donneesouvertes.affmunqc.net/role/RL47017_2026.xml,,,,
"285, Marshall",,Granby,,,470.7,2021,101200,410800,512000,2025,Logement,MAMH — Données Québec (rôle d'évaluation foncière),https://donneesouvertes.affmunqc.net/role/RL47017_2026.xml,,,,
"310, Marshall",,Granby,,,368,2020,79100,406900,486000,2025,Logement,MAMH — Données Québec (rôle d'évaluation foncière),https://donneesouvertes.affmunqc.net/role/RL47017_2026.xml,,,,
"289, Marshall",,Granby,,,388.5,2021,83500,355500,439000,2025,Logement,MAMH — Données Québec (rôle d'évaluation foncière),https://donneesouvertes.affmunqc.net/role/RL47017_2026.xml,,,,
"316, Marshall",,Granby,,,368,2020,79100,377900,457000,2025,Logement,MAMH — Données Québec (rôle d'évaluation foncière),https://donneesouvertes.affmunqc.net/role/RL47017_2026.xml,,,,
"295, Marshall",,Granby,,,388.5,2020,83500,361500,445000,2025,Logement,MAMH — Données Québec (rôle d'évaluation foncière),https://donneesouvertes.affmunqc.net/role/RL47017_2026.xml,,,,
"320, Marshall",,Granby,,,368,2020,79100,370900,450000,2025,Logement,MAMH — Données Québec (rôle d'évaluation foncière),https://donneesouvertes.affmunqc.net/role/RL47017_2026.xml,,,,
"299, Marshall",,Granby,,,388.5,2020,83500,387500,471000,2025,Logement,MAMH — Données Québec (rôle d'évaluation foncière),https://donneesouvertes.affmunqc.net/role/RL47017_2026.xml,,,,
"305, Marshall",,Granby,,,388.5,2020,83500,292500,376000,2025,Logement,MAMH — Données Québec (rôle d'évaluation foncière),https://donneesouvertes.affmunqc.net/role/RL47017_2026.xml,,,,
"15, Patrick-hackett",,Granby,,,399.4,2021,85900,464100,550000,2025,Logement,MAMH — Données Québec (rôle d'évaluation foncière),https://donneesouvertes.affmunqc.net/role/RL47017_2026.xml,,,,
"309, Marshall",,Granby,,,388.5,2020,83500,346500,430000,2025,Logement,MAMH — Données Québec (rôle d'évaluation foncière),https://donneesouvertes.affmunqc.net/role/RL47017_2026.xml,,,,
"17, Patrick-hackett",,Granby,,,399.4,2021,85900,474100,560000,2025,Logement,MAMH — Données Québec (rôle d'évaluation foncière),https://donneesouvertes.affmunqc.net/role/RL47017_2026.xml,,,,
"315, Marshall",,Granby,,,388.5,2019,83500,374500,458000,2025,Logement,MAMH — Données Québec (rôle d'évaluation foncière),https://donneesouvertes.affmunqc.net/role/RL47017_2026.xml,,,,
"19, Patrick-hackett",,Granby,,,399.4,2022,85900,457100,543000,2025,Logement,MAMH — Données Québec (rôle d'évaluation foncière),https://donneesouvertes.affmunqc.net/role/RL47017_2026.xml,,,,
"319, Marshall",,Granby,,,388.5,2019,83500,393500,477000,2025,Logement,MAMH — Données Québec (rôle d'évaluation foncière),https://donneesouvertes.affmunqc.net/role/RL47017_2026.xml,,,,
"325, Marshall",,Granby,,,396.6,2019,85300,413700,499000,2025,Logement,MAMH — Données Québec (rôle d'évaluation foncière),https://donneesouvertes.affmunqc.net/role/RL47017_2026.xml,,,,
"21, Patrick-hackett",,Granby,,,399.4,2022,85900,445100,531000,2025,Logement,MAMH — Données Québec (rôle d'évaluation foncière),https://donneesouvertes.affmunqc.net/role/RL47017_2026.xml,,,,
"23, Patrick-hackett",,Granby,,,399.4,2022,85900,397100,483000,2025,Logement,MAMH — Données Québec (rôle d'évaluation foncière),https://donneesouvertes.affmunqc.net/role/RL47017_2026.xml,,,,
"329, Marshall",,Granby,,,420.9,2019,90500,413500,504000,2025,Logement,MAMH — Données Québec (rôle d'évaluation foncière),https://donneesouvertes.affmunqc.net/role/RL47017_2026.xml,,,,
"335, Marshall",,Granby,,,420.2,2020,90300,460700,551000,2025,Logement,MAMH — Données Québec (rôle d'évaluation foncière),https://donneesouvertes.affmunqc.net/role/RL47017_2026.xml,,,,
"25, Patrick-hackett",,Granby,,,399.4,2022,85900,443100,529000,2025,Logement,MAMH — Données Québec (rôle d'évaluation foncière),https://donneesouvertes.affmunqc.net/role/RL47017_2026.xml,,,,
"278, James-a.-tomkins",,Granby,,,704.3,2018,138600,526400,665000,2025,Logement,MAMH — Données Québec (rôle d'évaluation foncière),https://donneesouvertes.affmunqc.net/role/RL47017_2026.xml,,,,
"265, James-a.-tomkins",,Granby,,,551.7,2021,118600,591400,710000,2025,Logement,MAMH — Données Québec (rôle d'évaluation foncière),https://donneesouvertes.affmunqc.net/role/RL47017_2026.xml,,,,
"271, James-a.-tomkins",,Granby,,,551.7,2021,118600,553400,672000,2025,Logement,MAMH — Données Québec (rôle d'évaluation foncière),https://donneesouvertes.affmunqc.net/role/RL47017_2026.xml,,,,
"11, Patrick-hackett",,Granby,,,470.7,2022,101200,457800,559000,2025,Logement,MAMH — Données Québec (rôle d'évaluation foncière),https://donneesouvertes.affmunqc.net/role/RL47017_2026.xml,,,,
"3, Patrick-hackett",,Granby,,,4890.5,,,,0,2025,Immeuble commercial,MAMH — Données Québec (rôle d'évaluation foncière),https://donneesouvertes.affmunqc.net/role/RL47017_2026.xml,,,,
"13, Patrick-hackett",,Granby,,,388.5,2022,83500,439500,523000,2025,Logement,MAMH — Données Québec (rôle d'évaluation foncière),https://donneesouvertes.affmunqc.net/role/RL47017_2026.xml,,,,
"277, James-a.-tomkins",,Granby,,,665.2,2020,133500,525500,659000,2025,Logement,MAMH — Données Québec (rôle d'évaluation foncière),https://donneesouvertes.affmunqc.net/role/RL47017_2026.xml,,,,
"10, Patrick-hackett",,Granby,,,472.3,2023,101500,438500,540000,2025,Logement,MAMH — Données Québec (rôle d'évaluation foncière),https://donneesouvertes.affmunqc.net/role/RL47017_2026.xml,,,,
"12, Patrick-hackett",,Granby,,,398.1,2024,85600,429400,515000,2025,Logement,MAMH — Données Québec (rôle d'évaluation foncière),https://donneesouvertes.affmunqc.net/role/RL47017_2026.xml,,,,
"14, Patrick-hackett",,Granby,,,388.5,2024,84000,362000,446000,2025,Logement,MAMH — Données Québec (rôle d'évaluation foncière),https://donneesouvertes.affmunqc.net/role/RL47017_2026.xml,,,,
"16, Patrick-hackett",,Granby,,,388.5,2024,84000,390000,474000,2025,Logement,MAMH — Données Québec (rôle d'évaluation foncière),https://donneesouvertes.affmunqc.net/role/RL47017_2026.xml,,,,
"259, James-a.-tomkins",,Granby,,,551.7,2022,118600,628400,747000,2025,Logement,MAMH — Données Québec (rôle d'évaluation foncière),https://donneesouvertes.affmunqc.net/role/RL47017_2026.xml,,,,
"320, Mountain",,Granby,,,5218.43,1980,148700,201300,350000,2025,Logement,MAMH — Données Québec (rôle d'évaluation foncière),https://donneesouvertes.affmunqc.net/role/RL47017_2026.xml,,,,
"287, Francis-gilmour",,Granby,,,540,,116100,415900,532000,2025,Logement,MAMH — Données Québec (rôle d'évaluation foncière),https://donneesouvertes.affmunqc.net/role/RL47017_2026.xml,,,,
"285, Francis-gilmour",,Granby,,,450,,96800,431200,528000,2025,Logement,MAMH — Données Québec (rôle d'évaluation foncière),https://donneesouvertes.affmunqc.net/role/RL47017_2026.xml,,,,
"281, Francis-gilmour",,Granby,,,449.9,2020,96700,373300,470000,2025,Logement,MAMH — Données Québec (rôle d'évaluation foncière),https://donneesouvertes.affmunqc.net/role/RL47017_2026.xml,,,,
"279, Francis-gilmour",,Granby,,,449.9,2020,96700,371300,468000,2025,Logement,MAMH — Données Québec (rôle d'évaluation foncière),https://donneesouvertes.affmunqc.net/role/RL47017_2026.xml,,,,
"275, Francis-gilmour",,Granby,,,449.8,,96700,414300,511000,2025,Logement,MAMH — Données Québec (rôle d'évaluation foncière),https://donneesouvertes.affmunqc.net/role/RL47017_2026.xml,,,,
"10, Richard-frost",,Granby,,,1539.98,,185000,,185000,2025,Terrain vacant,MAMH — Données Québec (rôle d'évaluation foncière),https://donneesouvertes.affmunqc.net/role/RL47017_2026.xml,,,,
"12, Richard-frost",,Granby,,,1026.48,,144000,,144000,2025,Terrain vacant,MAMH — Données Québec (rôle d'évaluation foncière),https://donneesouvertes.affmunqc.net/role/RL47017_2026.xml,,,,
"14, Richard-frost",,Granby,,,1026.18,,144000,,144000,2025,Terrain vacant,MAMH — Données Québec (rôle d'évaluation foncière),https://donneesouvertes.affmunqc.net/role/RL47017_2026.xml,,,,
"16, Richard-frost",,Granby,,,1027.68,2022,157500,743500,901000,2025,Logement,MAMH — Données Québec (rôle d'évaluation foncière),https://donneesouvertes.affmunqc.net/role/RL47017_2026.xml,,,,
"1, Richard-frost",,Granby,,,1396.6,,,,0,2025,Immeuble commercial,MAMH — Données Québec (rôle d'évaluation foncière),https://donneesouvertes.affmunqc.net/role/RL47017_2026.xml,,,,
"273, Francis-gilmour",,Granby,,,449.7,,96700,432300,529000,2025,Logement,MAMH — Données Québec (rôle d'évaluation foncière),https://donneesouvertes.affmunqc.net/role/RL47017_2026.xml,,,,
"269, Francis-gilmour",,Granby,,,449.7,2021,96700,416300,513000,2025,Logement,MAMH — Données Québec (rôle d'évaluation foncière),https://donneesouvertes.affmunqc.net/role/RL47017_2026.xml,,,,
"267, Francis-gilmour",,Granby,,,449.6,2021,96700,418300,515000,2025,Logement,MAMH — Données Québec (rôle d'évaluation foncière),https://donneesouvertes.affmunqc.net/role/RL47017_2026.xml,,,,
"263, Francis-gilmour",,Granby,,,449.5,2020,96600,449400,546000,2025,Logement,MAMH — Données Québec (rôle d'évaluation foncière),https://donneesouvertes.affmunqc.net/role/RL47017_2026.xml,,,,
"261, Francis-gilmour",,Granby,,,449.5,2020,96600,449400,546000,2025,Logement,MAMH — Données Québec (rôle d'évaluation foncière),https://donneesouvertes.affmunqc.net/role/RL47017_2026.xml,,,,
"255, Francis-gilmour",,Granby,,,449.4,2020,96600,424400,521000,2025,Logement,MAMH — Données Québec (rôle d'évaluation foncière),https://donneesouvertes.affmunqc.net/role/RL47017_2026.xml,,,,
"251, Francis-gilmour",,Granby,,,449.3,2019,96600,406400,503000,2025,Logement,MAMH — Données Québec (rôle d'évaluation foncière),https://donneesouvertes.affmunqc.net/role/RL47017_2026.xml,,,,
"257, Francis-gilmour",,Granby,,,1146.1,2020,127200,378800,506000,2025,Logement,MAMH — Données Québec (rôle d'évaluation foncière),https://donneesouvertes.affmunqc.net/role/RL47017_2026.xml,,,,
"282, Mountain",,Granby,,,4933.2,1974,128300,183700,312000,2025,Logement,MAMH — Données Québec (rôle d'évaluation foncière),https://donneesouvertes.affmunqc.net/role/RL47017_2026.xml,,,,
"249, Francis-gilmour",,Granby,,,449.2,2019,96600,402400,499000,2025,Logement,MAMH — Données Québec (rôle d'évaluation foncière),https://donneesouvertes.affmunqc.net/role/RL47017_2026.xml,,,,
"245, Francis-gilmour",,Granby,,,449.2,,96600,438400,535000,2025,Logement,MAMH — Données Québec (rôle d'évaluation foncière),https://donneesouvertes.affmunqc.net/role/RL47017_2026.xml,,,,
"243, Francis-gilmour",,Granby,,,449.5,,96600,439400,536000,2025,Logement,MAMH — Données Québec (rôle d'évaluation foncière),https://donneesouvertes.affmunqc.net/role/RL47017_2026.xml,,,,
"239, Francis-gilmour",,Granby,,,449.9,,96700,406300,503000,2025,Logement,MAMH — Données Québec (rôle d'évaluation foncière),https://donneesouvertes.affmunqc.net/role/RL47017_2026.xml,,,,
"237, Francis-gilmour",,Granby,,,450.3,2019,96800,400200,497000,2025,Logement,MAMH — Données Québec (rôle d'évaluation foncière),https://donneesouvertes.affmunqc.net/role/RL47017_2026.xml,,,,
"213, Francis-gilmour",,Granby,,,723.6,,141100,478900,620000,2025,Logement,MAMH — Données Québec (rôle d'évaluation foncière),https://donneesouvertes.affmunqc.net/role/RL47017_2026.xml,,,,
"229, Francis-gilmour",,Granby,,,685.1,2021,136100,521900,658000,2025,Logement,MAMH — Données Québec (rôle d'évaluation foncière),https://donneesouvertes.affmunqc.net/role/RL47017_2026.xml,,,,
"221, Francis-gilmour",,Granby,,,683.5,2019,135900,467100,603000,2025,Logement,MAMH — Données Québec (rôle d'évaluation foncière),https://donneesouvertes.affmunqc.net/role/RL47017_2026.xml,,,,
"66, Patrick-hackett",,Granby,,,679.4,2021,135400,547600,683000,2025,Logement,MAMH — Données Québec (rôle d'évaluation foncière),https://donneesouvertes.affmunqc.net/role/RL47017_2026.xml,,,,
"205, Francis-gilmour",,Granby,,,773.4,2020,147500,491500,639000,2025,Logement,MAMH — Données Québec (rôle d'évaluation foncière),https://donneesouvertes.affmunqc.net/role/RL47017_2026.xml,,,,
"197, Francis-gilmour",,Granby,,,766.3,,146600,414400,561000,2025,Logement,MAMH — Données Québec (rôle d'évaluation foncière),https://donneesouvertes.affmunqc.net/role/RL47017_2026.xml,,,,
"189, Francis-gilmour",,Granby,,,759.5,2020,145700,524300,670000,2025,Logement,MAMH — Données Québec (rôle d'évaluation foncière),https://donneesouvertes.affmunqc.net/role/RL47017_2026.xml,,,,
"64, Patrick-hackett",,Granby,,,579.7,2020,122500,480500,603000,2025,Logement,MAMH — Données Québec (rôle d'évaluation foncière),https://donneesouvertes.affmunqc.net/role/RL47017_2026.xml,,,,
"62, Patrick-hackett",,Granby,,,579.7,2021,122500,654500,777000,2025,Logement,MAMH — Données Québec (rôle d'évaluation foncière),https://donneesouvertes.affmunqc.net/role/RL47017_2026.xml,,,,
"60, Patrick-hackett",,Granby,,,792.6,2022,150000,758000,908000,2025,Logement,MAMH — Données Québec (rôle d'évaluation foncière),https://donneesouvertes.affmunqc.net/role/RL47017_2026.xml,,,,
"339, Marshall",,Granby,,,429.1,2020,92300,437700,530000,2025,Logement,MAMH — Données Québec (rôle d'évaluation foncière),https://donneesouvertes.affmunqc.net/role/RL47017_2026.xml,,,,
"345, Marshall",,Granby,,,440.8,2020,94800,383200,478000,2025,Logement,MAMH — Données Québec (rôle d'évaluation foncière),https://donneesouvertes.affmunqc.net/role/RL47017_2026.xml,,,,
"349, Marshall",,Granby,,,447.6,2020,96200,382800,479000,2025,Logement,MAMH — Données Québec (rôle d'évaluation foncière),https://donneesouvertes.affmunqc.net/role/RL47017_2026.xml,,,,
"355, Marshall",,Granby,,,455.7,2022,98000,447000,545000,2025,Logement,MAMH — Données Québec (rôle d'évaluation foncière),https://donneesouvertes.affmunqc.net/role/RL47017_2026.xml,,,,
"359, Marshall",,Granby,,,458.7,2022,98600,438400,537000,2025,Logement,MAMH — Données Québec (rôle d'évaluation foncière),https://donneesouvertes.affmunqc.net/role/RL47017_2026.xml,,,,
"365, Marshall",,Granby,,,473.6,2020,101800,428200,530000,2025,Logement,MAMH — Données Québec (rôle d'évaluation foncière),https://donneesouvertes.affmunqc.net/role/RL47017_2026.xml,,,,
"369, Marshall",,Granby,,,678.3,2020,135200,479800,615000,2025,Logement,MAMH — Données Québec (rôle d'évaluation foncière),https://donneesouvertes.affmunqc.net/role/RL47017_2026.xml,,,,
"35, Patrick-hackett",,Granby,,,487.7,2021,104900,444100,549000,2025,Logement,MAMH — Données Québec (rôle d'évaluation foncière),https://donneesouvertes.affmunqc.net/role/RL47017_2026.xml,,,,
"37, Patrick-hackett",,Granby,,,495.5,2021,106500,464500,571000,2025,Logement,MAMH — Données Québec (rôle d'évaluation foncière),https://donneesouvertes.affmunqc.net/role/RL47017_2026.xml,,,,
"39, Patrick-hackett",,Granby,,,392.6,2022,84400,424600,509000,2025,Logement,MAMH — Données Québec (rôle d'évaluation foncière),https://donneesouvertes.affmunqc.net/role/RL47017_2026.xml,,,,
"41, Patrick-hackett",,Granby,,,403.7,2022,86800,396200,483000,2025,Logement,MAMH — Données Québec (rôle d'évaluation foncière),https://donneesouvertes.affmunqc.net/role/RL47017_2026.xml,,,,
"43, Patrick-hackett",,Granby,,,410.7,2021,88300,462700,551000,2025,Logement,MAMH — Données Québec (rôle d'évaluation foncière),https://donneesouvertes.affmunqc.net/role/RL47017_2026.xml,,,,
"45, Patrick-hackett",,Granby,,,413.5,2021,88900,440100,529000,2025,Logement,MAMH — Données Québec (rôle d'évaluation foncière),https://donneesouvertes.affmunqc.net/role/RL47017_2026.xml,,,,
"47, Patrick-hackett",,Granby,,,445.3,2023,95700,479300,575000,2025,Logement,MAMH — Données Québec (rôle d'évaluation foncière),https://donneesouvertes.affmunqc.net/role/RL47017_2026.xml,,,,
"49, Patrick-hackett",,Granby,,,671.6,2023,134400,472600,607000,2025,Logement,MAMH — Données Québec (rôle d'évaluation foncière),https://donneesouvertes.affmunqc.net/role/RL47017_2026.xml,,,,
"42, Patrick-hackett",,Granby,,,408.6,2024,87800,459200,547000,2025,Logement,MAMH — Données Québec (rôle d'évaluation foncière),https://donneesouvertes.affmunqc.net/role/RL47017_2026.xml,,,,
"27, Patrick-hackett",,Granby,,,398.5,2023,85700,475300,561000,2025,Logement,MAMH — Données Québec (rôle d'évaluation foncière),https://donneesouvertes.affmunqc.net/role/RL47017_2026.xml,,,,
"29, Patrick-hackett",,Granby,,,380.8,2023,81900,504100,586000,2025,Logement,MAMH — Données Québec (rôle d'évaluation foncière),https://donneesouvertes.affmunqc.net/role/RL47017_2026.xml,,,,
"20, Patrick-hackett",,Granby,,,388.5,2022,83500,342500,426000,2025,Logement,MAMH — Données Québec (rôle d'évaluation foncière),https://donneesouvertes.affmunqc.net/role/RL47017_2026.xml,,,,
"31, Patrick-hackett",,Granby,,,487.6,2022,104800,433200,538000,2025,Logement,MAMH — Données Québec (rôle d'évaluation foncière),https://donneesouvertes.affmunqc.net/role/RL47017_2026.xml,,,,
"22, Patrick-hackett",,Granby,,,388.5,2021,83500,382500,466000,2025,Logement,MAMH — Données Québec (rôle d'évaluation foncière),https://donneesouvertes.affmunqc.net/role/RL47017_2026.xml,,,,
"33, Patrick-hackett",,Granby,,,488.7,2022,105100,429900,535000,2025,Logement,MAMH — Données Québec (rôle d'évaluation foncière),https://donneesouvertes.affmunqc.net/role/RL47017_2026.xml,,,,
"24, Patrick-hackett",,Granby,,,388.5,2021,83500,372500,456000,2025,Logement,MAMH — Données Québec (rôle d'évaluation foncière),https://donneesouvertes.affmunqc.net/role/RL47017_2026.xml,,,,
"26, Patrick-hackett",,Granby,,,392.3,2021,84300,468700,553000,2025,Logement,MAMH — Données Québec (rôle d'évaluation foncière),https://donneesouvertes.affmunqc.net/role/RL47017_2026.xml,,,,
"28, Patrick-hackett",,Granby,,,408.6,2021,87800,459200,547000,2025,Logement,MAMH — Données Québec (rôle d'évaluation foncière),https://donneesouvertes.affmunqc.net/role/RL47017_2026.xml,,,,
"30, Patrick-hackett",,Granby,,,408.6,2023,87800,432200,520000,2025,Logement,MAMH — Données Québec (rôle d'évaluation foncière),https://donneesouvertes.affmunqc.net/role/RL47017_2026.xml,,,,
"32, Patrick-hackett",,Granby,,,408.6,2023,87800,390200,478000,2025,Logement,MAMH — Données Québec (rôle d'évaluation foncière),https://donneesouvertes.affmunqc.net/role/RL47017_2026.xml,,,,
"34, Patrick-hackett",,Granby,,,408.6,2021,87800,454200,542000,2025,Logement,MAMH — Données Québec (rôle d'évaluation foncière),https://donneesouvertes.affmunqc.net/role/RL47017_2026.xml,,,,
"36, Patrick-hackett",,Granby,,,408.6,2021,87800,460200,548000,2025,Logement,MAMH — Données Québec (rôle d'évaluation foncière),https://donneesouvertes.affmunqc.net/role/RL47017_2026.xml,,,,
"200, Patrick-hackett",,Granby,,,2544.2,,90000,,90000,2025,Terrain vacant,MAMH — Données Québec (rôle d'évaluation foncière),https://donneesouvertes.affmunqc.net/role/RL47017_2026.xml,,,,
"38, Patrick-hackett",,Granby,,,408.6,2023,87800,426200,514000,2025,Logement,MAMH — Données Québec (rôle d'évaluation foncière),https://donneesouvertes.affmunqc.net/role/RL47017_2026.xml,,,,
"40, Patrick-hackett",,Granby,,,408.6,2023,87800,467200,555000,2025,Logement,MAMH — Données Québec (rôle d'évaluation foncière),https://donneesouvertes.affmunqc.net/role/RL47017_2026.xml,,,,
"18, Patrick-hackett",,Granby,,,388.5,2022,83500,405500,489000,2025,Logement,MAMH — Données Québec (rôle d'évaluation foncière),https://donneesouvertes.affmunqc.net/role/RL47017_2026.xml,,,,
"328, Mountain",,Granby,,,1,,1,,1,2025,Terrain vacant,MAMH — Données Québec (rôle d'évaluation foncière),https://donneesouvertes.affmunqc.net/role/RL47017_2026.xml,,,,
"286, Mountain",,Granby,,,6187.7,1974,160900,336100,497000,2025,Logement,MAMH — Données Québec (rôle d'évaluation foncière),https://donneesouvertes.affmunqc.net/role/RL47017_2026.xml,,,,
"278, Mountain",,Granby,,,4180.4,1974,108700,255300,364000,2025,Logement,MAMH — Données Québec (rôle d'évaluation foncière),https://donneesouvertes.affmunqc.net/role/RL47017_2026.xml,,,,
"274, Mountain",,Granby,,,3207.4,1978,106700,267300,374000,2025,Logement,MAMH — Données Québec (rôle d'évaluation foncière),https://donneesouvertes.affmunqc.net/role/RL47017_2026.xml,,,,
"270, Mountain",,Granby,,,4455.8,1965,115900,351100,467000,2025,Logement,MAMH — Données Québec (rôle d'évaluation foncière),https://donneesouvertes.affmunqc.net/role/RL47017_2026.xml,,,,
"58, Patrick-hackett",,Granby,,,1138.1,2022,181200,648800,830000,2025,Logement,MAMH — Données Québec (rôle d'évaluation foncière),https://donneesouvertes.affmunqc.net/role/RL47017_2026.xml,,,,
"262, Mountain",,Granby,,,5465.2,1961,223000,513000,736000,2025,Logement,MAMH — Données Québec (rôle d'évaluation foncière),https://donneesouvertes.affmunqc.net/role/RL47017_2026.xml,,,,
"56, Patrick-hackett",,Granby,,,1326.5,,193000,,193000,2025,Terrain vacant,MAMH — Données Québec (rôle d'évaluation foncière),https://donneesouvertes.affmunqc.net/role/RL47017_2026.xml,,,,
"44, Patrick-hackett",,Granby,,,408.6,2023,87800,475200,563000,2025,Logement,MAMH — Données Québec (rôle d'évaluation foncière),https://donneesouvertes.affmunqc.net/role/RL47017_2026.xml,,,,
"46, Patrick-hackett",,Granby,,,408.6,2025,88000,441000,529000,2025,Logement,MAMH — Données Québec (rôle d'évaluation foncière),https://donneesouvertes.affmunqc.net/role/RL47017_2026.xml,,,,
"48, Patrick-hackett",,Granby,,,408.6,2025,88000,422000,510000,2025,Logement,MAMH — Données Québec (rôle d'évaluation foncière),https://donneesouvertes.affmunqc.net/role/RL47017_2026.xml,,,,
"50, Patrick-hackett",,Granby,,,408.6,2024,88000,414000,502000,2025,Logement,MAMH — Données Québec (rôle d'évaluation foncière),https://donneesouvertes.affmunqc.net/role/RL47017_2026.xml,,,,
"52, Patrick-hackett",,Granby,,,435.8,2024,93700,491300,585000,2025,Logement,MAMH — Données Québec (rôle d'évaluation foncière),https://donneesouvertes.affmunqc.net/role/RL47017_2026.xml,,,,
"54, Patrick-hackett",,Granby,,,724.9,2021,141200,593800,735000,2025,Logement,MAMH — Données Québec (rôle d'évaluation foncière),https://donneesouvertes.affmunqc.net/role/RL47017_2026.xml,,,,
"355, Mountain",,Granby,,,52582.4,,1698000,,1698000,2025,Terrain vacant,MAMH — Données Québec (rôle d'évaluation foncière),https://donneesouvertes.affmunqc.net/role/RL47017_2026.xml,,,,
"302, Mont-rougemont",,Granby,,,481.9,,104000,,104000,2025,Terrain vacant,MAMH — Données Québec (rôle d'évaluation foncière),https://donneesouvertes.affmunqc.net/role/RL47017_2026.xml,,,,
"300, Mont-rougemont",,Granby,,,468.5,,101000,,101000,2025,Terrain vacant,MAMH — Données Québec (rôle d'évaluation foncière),https://donneesouvertes.affmunqc.net/role/RL47017_2026.xml,,,,
"294, Mont-rougemont",,Granby,,,468.5,,101000,,101000,2025,Terrain vacant,MAMH — Données Québec (rôle d'évaluation foncière),https://donneesouvertes.affmunqc.net/role/RL47017_2026.xml,,,,
"292, Mont-rougemont",,Granby,,,468.5,,101000,,101000,2025,Terrain vacant,MAMH — Données Québec (rôle d'évaluation foncière),https://donneesouvertes.affmunqc.net/role/RL47017_2026.xml,,,,
"286, Mont-rougemont",,Granby,,,468.5,,101000,,101000,2025,Terrain vacant,MAMH — Données Québec (rôle d'évaluation foncière),https://donneesouvertes.affmunqc.net/role/RL47017_2026.xml,,,,
"1000, Mont-saint-hilaire",,Granby,,,13510.1,,436000,,436000,2025,Terrain vacant,MAMH — Données Québec (rôle d'évaluation foncière),https://donneesouvertes.affmunqc.net/role/RL47017_2026.xml,,,,
"263, Mont-rougemont",,Granby,,,404.3,,87000,,87000,2025,Terrain vacant,MAMH — Données Québec (rôle d'évaluation foncière),https://donneesouvertes.affmunqc.net/role/RL47017_2026.xml,,,,
"284, Mont-rougemont",,Granby,,,468.5,,101000,,101000,2025,Terrain vacant,MAMH — Données Québec (rôle d'évaluation foncière),https://donneesouvertes.affmunqc.net/role/RL47017_2026.xml,,,,
"278, Mont-rougemont",,Granby,,,468.5,,101000,,101000,2025,Terrain vacant,MAMH — Données Québec (rôle d'évaluation foncière),https://donneesouvertes.affmunqc.net/role/RL47017_2026.xml,,,,
"276, Mont-rougemont",,Granby,,,481.9,,104000,,104000,2025,Terrain vacant,MAMH — Données Québec (rôle d'évaluation foncière),https://donneesouvertes.affmunqc.net/role/RL47017_2026.xml,,,,
"265, Mont-rougemont",,Granby,,,412.3,,94000,,94000,2025,Terrain vacant,MAMH — Données Québec (rôle d'évaluation foncière),https://donneesouvertes.affmunqc.net/role/RL47017_2026.xml,,,,
"269, Mont-rougemont",,Granby,,,697.8,,138000,,138000,2025,Terrain vacant,MAMH — Données Québec (rôle d'évaluation foncière),https://donneesouvertes.affmunqc.net/role/RL47017_2026.xml,,,,
"69, Mont-brome",,Granby,,,525.7,2017,113000,394000,507000,2025,Logement,MAMH — Données Québec (rôle d'évaluation foncière),https://donneesouvertes.affmunqc.net/role/RL47017_2026.xml,,,,
"269, Mountain",,Granby,,,18210,,390000,,390000,2025,Terrain vacant,MAMH — Données Québec (rôle d'évaluation foncière),https://donneesouvertes.affmunqc.net/role/RL47017_2026.xml,,,,
"71, Mont-brome",,Granby,,,387.4,2017,83300,341700,425000,2025,Logement,MAMH — Données Québec (rôle d'évaluation foncière),https://donneesouvertes.affmunqc.net/role/RL47017_2026.xml,,,,
"75, Mont-brome",,Granby,,,386.1,2016,83000,371000,454000,2025,Logement,MAMH — Données Québec (rôle d'évaluation foncière),https://donneesouvertes.affmunqc.net/role/RL47017_2026.xml,,,,
"77, Mont-brome",,Granby,,,384.8,2016,82700,353300,436000,2025,Logement,MAMH — Données Québec (rôle d'évaluation foncière),https://donneesouvertes.affmunqc.net/role/RL47017_2026.xml,,,,
"81, Mont-brome",,Granby,,,383.5,2018,82500,415500,498000,2025,Logement,MAMH — Données Québec (rôle d'évaluation foncière),https://donneesouvertes.affmunqc.net/role/RL47017_2026.xml,,,,
"259, Old Shefford",,Granby,,,8092.9,,210000,,210000,2025,Terrain vacant,MAMH — Données Québec (rôle d'évaluation foncière),https://donneesouvertes.affmunqc.net/role/RL47017_2026.xml,,,,
"239, Old Shefford",,Granby,,,10117.1,,263000,,263000,2025,Terrain vacant,MAMH — Données Québec (rôle d'évaluation foncière),https://donneesouvertes.affmunqc.net/role/RL47017_2026.xml,,,,
"209, Old Shefford",,Granby,,,6034.6,1930,499400,494600,994000,2025,Logement,MAMH — Données Québec (rôle d'évaluation foncière),https://donneesouvertes.affmunqc.net/role/RL47017_2026.xml,,,,
"5, Robitaille, app. 15",,Granby,,,4190.5,,512000,,512000,2025,Terrain vacant,MAMH — Données Québec (rôle d'évaluation foncière),https://donneesouvertes.affmunqc.net/role/RL47017_2026.xml,,,,
"23, Robitaille",,Granby,,,3103,1980,309000,486000,795000,2025,Industrie,MAMH — Données Québec (rôle d'évaluation foncière),https://donneesouvertes.affmunqc.net/role/RL47017_2026.xml,,,,
"336, Mont-shefford",,Granby,,,448.1,2023,96300,399700,496000,2025,Logement,MAMH — Données Québec (rôle d'évaluation foncière),https://donneesouvertes.affmunqc.net/role/RL47017_2026.xml,,,,
"334, Mont-shefford",,Granby,,,426.5,2023,91700,405300,497000,2025,Logement,MAMH — Données Québec (rôle d'évaluation foncière),https://donneesouvertes.affmunqc.net/role/RL47017_2026.xml,,,,
"339, Mont-shefford",,Granby,,,661.1,2024,133000,567000,700000,2025,Logement,MAMH — Données Québec (rôle d'évaluation foncière),https://donneesouvertes.affmunqc.net/role/RL47017_2026.xml,,,,
"345, Mont-shefford",,Granby,,,797.4,2025,151000,551000,702000,2025,Logement,MAMH — Données Québec (rôle d'évaluation foncière),https://donneesouvertes.affmunqc.net/role/RL47017_2026.xml,,,,
"333, Mont-shefford",,Granby,,,681.5,2025,136000,540000,676000,2025,Logement,MAMH — Données Québec (rôle d'évaluation foncière),https://donneesouvertes.affmunqc.net/role/RL47017_2026.xml,,,,
"330, Mont-shefford",,Granby,,,409.6,2023,88100,413900,502000,2025,Logement,MAMH — Données Québec (rôle d'évaluation foncière),https://donneesouvertes.affmunqc.net/role/RL47017_2026.xml,,,,
"328, Mont-shefford",,Granby,,,409.6,2023,88100,459900,548000,2025,Logement,MAMH — Données Québec (rôle d'évaluation foncière),https://donneesouvertes.affmunqc.net/role/RL47017_2026.xml,,,,
"324, Mont-shefford",,Granby,,,409.6,2023,88100,397900,486000,2025,Logement,MAMH — Données Québec (rôle d'évaluation foncière),https://donneesouvertes.affmunqc.net/role/RL47017_2026.xml,,,,
"322, Mont-shefford",,Granby,,,409.6,2023,88100,415900,504000,2025,Logement,MAMH — Données Québec (rôle d'évaluation foncière),https://donneesouvertes.affmunqc.net/role/RL47017_2026.xml,,,,
"318, Mont-shefford",,Granby,,,409.6,2024,88000,411000,499000,2025,Logement,MAMH — Données Québec (rôle d'évaluation foncière),https://donneesouvertes.affmunqc.net/role/RL47017_2026.xml,,,,
"316, Mont-shefford",,Granby,,,409.6,2024,88000,427000,515000,2025,Logement,MAMH — Données Québec (rôle d'évaluation foncière),https://donneesouvertes.affmunqc.net/role/RL47017_2026.xml,,,,
"312, Mont-shefford",,Granby,,,409.6,2024,88100,433900,522000,2025,Logement,MAMH — Données Québec (rôle d'évaluation foncière),https://donneesouvertes.affmunqc.net/role/RL47017_2026.xml,,,,
"310, Mont-shefford",,Granby,,,472.3,2024,101500,438500,540000,2025,Logement,MAMH — Données Québec (rôle d'évaluation foncière),https://donneesouvertes.affmunqc.net/role/RL47017_2026.xml,,,,
"301, Mont-rougemont",,Granby,,,472.3,,102000,,102000,2025,Terrain vacant,MAMH — Données Québec (rôle d'évaluation foncière),https://donneesouvertes.affmunqc.net/role/RL47017_2026.xml,,,,
"299, Mont-rougemont",,Granby,,,357.4,,77000,,77000,2025,Terrain vacant,MAMH — Données Québec (rôle d'évaluation foncière),https://donneesouvertes.affmunqc.net/role/RL47017_2026.xml,,,,
"295, Mont-rougemont",,Granby,,,357.4,,77000,,77000,2025,Terrain vacant,MAMH — Données Québec (rôle d'évaluation foncière),https://donneesouvertes.affmunqc.net/role/RL47017_2026.xml,,,,
"293, Mont-rougemont",,Granby,,,357.4,,77000,,77000,2025,Terrain vacant,MAMH — Données Québec (rôle d'évaluation foncière),https://donneesouvertes.affmunqc.net/role/RL47017_2026.xml,,,,
"289, Mont-rougemont",,Granby,,,357.4,,77000,,77000,2025,Terrain vacant,MAMH — Données Québec (rôle d'évaluation foncière),https://donneesouvertes.affmunqc.net/role/RL47017_2026.xml,,,,
"287, Mont-rougemont",,Granby,,,357.4,,77000,,77000,2025,Terrain vacant,MAMH — Données Québec (rôle d'évaluation foncière),https://donneesouvertes.affmunqc.net/role/RL47017_2026.xml,,,,
"283, Mont-rougemont",,Granby,,,377.3,2025,81000,441000,522000,2025,Logement,MAMH — Données Québec (rôle d'évaluation foncière),https://donneesouvertes.affmunqc.net/role/RL47017_2026.xml,,,,
"302, Mont-shefford",,Granby,,,472.3,2023,101500,367500,469000,2025,Logement,MAMH — Données Québec (rôle d'évaluation foncière),https://donneesouvertes.affmunqc.net/role/RL47017_2026.xml,,,,
"300, Mont-shefford",,Granby,,,371.8,2023,79900,393100,473000,2025,Logement,MAMH — Données Québec (rôle d'évaluation foncière),https://donneesouvertes.affmunqc.net/role/RL47017_2026.xml,,,,
"296, Mont-shefford",,Granby,,,371.8,2024,80000,392000,472000,2025,Logement,MAMH — Données Québec (rôle d'évaluation foncière),https://donneesouvertes.affmunqc.net/role/RL47017_2026.xml,,,,
"294, Mont-shefford",,Granby,,,371.8,2024,80000,391000,471000,2025,Logement,MAMH — Données Québec (rôle d'évaluation foncière),https://donneesouvertes.affmunqc.net/role/RL47017_2026.xml,,,,
"288, Mont-shefford",,Granby,,,477.5,2023,102700,394300,497000,2025,Logement,MAMH — Données Québec (rôle d'évaluation foncière),https://donneesouvertes.affmunqc.net/role/RL47017_2026.xml,,,,
"290, Mont-shefford",,Granby,,,371.8,2023,79900,365100,445000,2025,Logement,MAMH — Données Québec (rôle d'évaluation foncière),https://donneesouvertes.affmunqc.net/role/RL47017_2026.xml,,,,
"271, Mont-rougemont",,Granby,,,666.3,,134000,,134000,2025,Terrain vacant,MAMH — Données Québec (rôle d'évaluation foncière),https://donneesouvertes.affmunqc.net/role/RL47017_2026.xml,,,,
"281, Mont-rougemont",,Granby,,,377.3,2025,81000,440000,521000,2025,Logement,MAMH — Données Québec (rôle d'évaluation foncière),https://donneesouvertes.affmunqc.net/role/RL47017_2026.xml,,,,
"277, Mont-rougemont",,Granby,,,377.3,,81000,,81000,2025,Terrain vacant,MAMH — Données Québec (rôle d'évaluation foncière),https://donneesouvertes.affmunqc.net/role/RL47017_2026.xml,,,,
"275, Mont-rougemont",,Granby,,,378.6,,81000,,81000,2025,Terrain vacant,MAMH — Données Québec (rôle d'évaluation foncière),https://donneesouvertes.affmunqc.net/role/RL47017_2026.xml,,,,
"65, Mont-brome",,Granby,,,579.7,2018,122500,353500,476000,2025,Logement,MAMH — Données Québec (rôle d'évaluation foncière),https://donneesouvertes.affmunqc.net/role/RL47017_2026.xml,,,,
"63, Mont-brome",,Granby,,,378.7,2018,81400,375600,457000,2025,Logement,MAMH — Données Québec (rôle d'évaluation foncière),https://donneesouvertes.affmunqc.net/role/RL47017_2026.xml,,,,
"284, Mont-shefford",,Granby,,,713.7,2023,139800,397200,537000,2025,Logement,MAMH — Données Québec (rôle d'évaluation foncière),https://donneesouvertes.affmunqc.net/role/RL47017_2026.xml,,,,
"70, Mont-brome",,Granby,,,471.1,2017,101300,327700,429000,2025,Logement,MAMH — Données Québec (rôle d'évaluation foncière),https://donneesouvertes.affmunqc.net/role/RL47017_2026.xml,,,,
"59, Mont-brome",,Granby,,,378.7,2019,81400,394600,476000,2025,Logement,MAMH — Données Québec (rôle d'évaluation foncière),https://donneesouvertes.affmunqc.net/role/RL47017_2026.xml,,,,
"282, Mont-shefford",,Granby,,,847,2023,157000,409000,566000,2025,Logement,MAMH — Données Québec (rôle d'évaluation foncière),https://donneesouvertes.affmunqc.net/role/RL47017_2026.xml,,,,
"57, Mont-brome",,Granby,,,378.7,2019,81400,390600,472000,2025,Logement,MAMH — Données Québec (rôle d'évaluation foncière),https://donneesouvertes.affmunqc.net/role/RL47017_2026.xml,,,,
"278, Mont-shefford",,Granby,,,552,2023,118700,354300,473000,2025,Logement,MAMH — Données Québec (rôle d'évaluation foncière),https://donneesouvertes.affmunqc.net/role/RL47017_2026.xml,,,,
"53, Mont-brome",,Granby,,,378.7,2020,81400,394600,476000,2025,Logement,MAMH — Données Québec (rôle d'évaluation foncière),https://donneesouvertes.affmunqc.net/role/RL47017_2026.xml,,,,
"312, Mont-saint-grégoire",,Granby,,,464,2015,99800,343200,443000,2025,Logement,MAMH — Données Québec (rôle d'évaluation foncière),https://donneesouvertes.affmunqc.net/role/RL47017_2026.xml,,,,
"276, Mont-shefford",,Granby,,,385.5,2023,82900,348100,431000,2025,Logement,MAMH — Données Québec (rôle d'évaluation foncière),https://donneesouvertes.affmunqc.net/role/RL47017_2026.xml,,,,
"51, Mont-brome",,Granby,,,454.3,2019,97700,363300,461000,2025,Logement,MAMH — Données Québec (rôle d'évaluation foncière),https://donneesouvertes.affmunqc.net/role/RL47017_2026.xml,,,,
"3, Mont-brome",,Granby,,,198,,,,0,2025,Immeuble commercial,MAMH — Données Québec (rôle d'évaluation foncière),https://donneesouvertes.affmunqc.net/role/RL47017_2026.xml,,,,
"83, Mont-brome",,Granby,,,382.2,2018,82200,383800,466000,2025,Logement,MAMH — Données Québec (rôle d'évaluation foncière),https://donneesouvertes.affmunqc.net/role/RL47017_2026.xml,,,,
"87, Mont-brome",,Granby,,,380.9,2018,81900,378100,460000,2025,Logement,MAMH — Données Québec (rôle d'évaluation foncière),https://donneesouvertes.affmunqc.net/role/RL47017_2026.xml,,,,
"89, Mont-brome",,Granby,,,379.6,2019,81600,359400,441000,2025,Logement,MAMH — Données Québec (rôle d'évaluation foncière),https://donneesouvertes.affmunqc.net/role/RL47017_2026.xml,,,,
"93, Mont-brome",,Granby,,,378.3,2016,81300,358700,440000,2025,Logement,MAMH — Données Québec (rôle d'évaluation foncière),https://donneesouvertes.affmunqc.net/role/RL47017_2026.xml,,,,
"95, Mont-brome",,Granby,,,377,2016,81100,373900,455000,2025,Logement,MAMH — Données Québec (rôle d'évaluation foncière),https://donneesouvertes.affmunqc.net/role/RL47017_2026.xml,,,,
"72, Mont-brome",,Granby,,,392,2017,84300,356700,441000,2025,Logement,MAMH — Données Québec (rôle d'évaluation foncière),https://donneesouvertes.affmunqc.net/role/RL47017_2026.xml,,,,
"76, Mont-brome",,Granby,,,392,2017,84300,360700,445000,2025,Logement,MAMH — Données Québec (rôle d'évaluation foncière),https://donneesouvertes.affmunqc.net/role/RL47017_2026.xml,,,,
"78, Mont-brome",,Granby,,,392,2017,84300,387700,472000,2025,Logement,MAMH — Données Québec (rôle d'évaluation foncière),https://donneesouvertes.affmunqc.net/role/RL47017_2026.xml,,,,
"82, Mont-brome",,Granby,,,392,2016,84300,322700,407000,2025,Logement,MAMH — Données Québec (rôle d'évaluation foncière),https://donneesouvertes.affmunqc.net/role/RL47017_2026.xml,,,,
"84, Mont-brome",,Granby,,,392,2017,84300,341700,426000,2025,Logement,MAMH — Données Québec (rôle d'évaluation foncière),https://donneesouvertes.affmunqc.net/role/RL47017_2026.xml,,,,
"88, Mont-brome",,Granby,,,392,2016,84300,322700,407000,2025,Logement,MAMH — Données Québec (rôle d'évaluation foncière),https://donneesouvertes.affmunqc.net/role/RL47017_2026.xml,,,,
"90, Mont-brome",,Granby,,,392,2017,84300,296700,381000,2025,Logement,MAMH — Données Québec (rôle d'évaluation foncière),https://donneesouvertes.affmunqc.net/role/RL47017_2026.xml,,,,
"94, Mont-brome",,Granby,,,392,2016,84300,377700,462000,2025,Logement,MAMH — Données Québec (rôle d'évaluation foncière),https://donneesouvertes.affmunqc.net/role/RL47017_2026.xml,,,,
"310, Mont-saint-grégoire",,Granby,,,386.1,2015,83000,359000,442000,2025,Logement,MAMH — Données Québec (rôle d'évaluation foncière),https://donneesouvertes.affmunqc.net/role/RL47017_2026.xml,,,,
"306, Mont-saint-grégoire",,Granby,,,386.1,2016,83000,322000,405000,2025,Logement,MAMH — Données Québec (rôle d'évaluation foncière),https://donneesouvertes.affmunqc.net/role/RL47017_2026.xml,,,,
"304, Mont-saint-grégoire",,Granby,,,386.1,2016,83000,332000,415000,2025,Logement,MAMH — Données Québec (rôle d'évaluation foncière),https://donneesouvertes.affmunqc.net/role/RL47017_2026.xml,,,,
"300, Mont-saint-grégoire",,Granby,,,386.1,2015,83000,355000,438000,2025,Logement,MAMH — Données Québec (rôle d'évaluation foncière),https://donneesouvertes.affmunqc.net/role/RL47017_2026.xml,,,,
"298, Mont-saint-grégoire",,Granby,,,386.1,2016,83000,319000,402000,2025,Logement,MAMH — Données Québec (rôle d'évaluation foncière),https://donneesouvertes.affmunqc.net/role/RL47017_2026.xml,,,,
"294, Mont-saint-grégoire",,Granby,,,386.1,2014,83000,349000,432000,2025,Logement,MAMH — Données Québec (rôle d'évaluation foncière),https://donneesouvertes.affmunqc.net/role/RL47017_2026.xml,,,,
"292, Mont-saint-grégoire",,Granby,,,386.1,2014,83000,358000,441000,2025,Logement,MAMH — Données Québec (rôle d'évaluation foncière),https://donneesouvertes.affmunqc.net/role/RL47017_2026.xml,,,,
"288, Mont-saint-grégoire",,Granby,,,386.1,2014,83000,334000,417000,2025,Logement,MAMH — Données Québec (rôle d'évaluation foncière),https://donneesouvertes.affmunqc.net/role/RL47017_2026.xml,,,,
"286, Mont-saint-grégoire",,Granby,,,386.1,2014,83000,331000,414000,2025,Logement,MAMH — Données Québec (rôle d'évaluation foncière),https://donneesouvertes.affmunqc.net/role/RL47017_2026.xml,,,,
"99, Mont-brome",,Granby,,,375.8,2017,80800,419200,500000,2025,Logement,MAMH — Données Québec (rôle d'évaluation foncière),https://donneesouvertes.affmunqc.net/role/RL47017_2026.xml,,,,
"101, Mont-brome",,Granby,,,374.5,2018,80500,404500,485000,2025,Logement,MAMH — Données Québec (rôle d'évaluation foncière),https://donneesouvertes.affmunqc.net/role/RL47017_2026.xml,,,,
"105, Mont-brome",,Granby,,,373.2,2016,80200,388800,469000,2025,Logement,MAMH — Données Québec (rôle d'évaluation foncière),https://donneesouvertes.affmunqc.net/role/RL47017_2026.xml,,,,
"107, Mont-brome",,Granby,,,371.9,2016,80000,361000,441000,2025,Logement,MAMH — Données Québec (rôle d'évaluation foncière),https://donneesouvertes.affmunqc.net/role/RL47017_2026.xml,,,,
"111, Mont-brome",,Granby,,,371.6,2016,79900,354100,434000,2025,Logement,MAMH — Données Québec (rôle d'évaluation foncière),https://donneesouvertes.affmunqc.net/role/RL47017_2026.xml,,,,
"113, Mont-brome",,Granby,,,375,2016,80600,372400,453000,2025,Logement,MAMH — Données Québec (rôle d'évaluation foncière),https://donneesouvertes.affmunqc.net/role/RL47017_2026.xml,,,,
"117, Mont-brome",,Granby,,,378.7,2016,81400,371600,453000,2025,Logement,MAMH — Données Québec (rôle d'évaluation foncière),https://donneesouvertes.affmunqc.net/role/RL47017_2026.xml,,,,
"119, Mont-brome",,Granby,,,382.4,2016,82200,348800,431000,2025,Logement,MAMH — Données Québec (rôle d'évaluation foncière),https://donneesouvertes.affmunqc.net/role/RL47017_2026.xml,,,,
"123, Mont-brome",,Granby,,,452.5,2016,97300,396700,494000,2025,Logement,MAMH — Données Québec (rôle d'évaluation foncière),https://donneesouvertes.affmunqc.net/role/RL47017_2026.xml,,,,
"96, Mont-brome",,Granby,,,392,2017,84300,347700,432000,2025,Logement,MAMH — Données Québec (rôle d'évaluation foncière),https://donneesouvertes.affmunqc.net/role/RL47017_2026.xml,,,,
"100, Mont-brome",,Granby,,,392,2016,84300,357700,442000,2025,Logement,MAMH — Données Québec (rôle d'évaluation foncière),https://donneesouvertes.affmunqc.net/role/RL47017_2026.xml,,,,
"102, Mont-brome",,Granby,,,392,2016,84300,322700,407000,2025,Logement,MAMH — Données Québec (rôle d'évaluation foncière),https://donneesouvertes.affmunqc.net/role/RL47017_2026.xml,,,,
"106, Mont-brome",,Granby,,,392,2016,84300,326700,411000,2025,Logement,MAMH — Données Québec (rôle d'évaluation foncière),https://donneesouvertes.affmunqc.net/role/RL47017_2026.xml,,,,
"108, Mont-brome",,Granby,,,392,2016,84300,350700,435000,2025,Logement,MAMH — Données Québec (rôle d'évaluation foncière),https://donneesouvertes.affmunqc.net/role/RL47017_2026.xml,,,,
"112, Mont-brome",,Granby,,,392,2016,84300,323700,408000,2025,Logement,MAMH — Données Québec (rôle d'évaluation foncière),https://donneesouvertes.affmunqc.net/role/RL47017_2026.xml,,,,
"114, Mont-brome",,Granby,,,392,2016,84300,324700,409000,2025,Logement,MAMH — Données Québec (rôle d'évaluation foncière),https://donneesouvertes.affmunqc.net/role/RL47017_2026.xml,,,,
"118, Mont-brome",,Granby,,,392,2016,84300,316700,401000,2025,Logement,MAMH — Données Québec (rôle d'évaluation foncière),https://donneesouvertes.affmunqc.net/role/RL47017_2026.xml,,,,
"120, Mont-brome",,Granby,,,471.1,2016,101300,313700,415000,2025,Logement,MAMH — Données Québec (rôle d'évaluation foncière),https://donneesouvertes.affmunqc.net/role/RL47017_2026.xml,,,,
"282, Mont-saint-grégoire",,Granby,,,386.1,2014,83000,344000,427000,2025,Logement,MAMH — Données Québec (rôle d'évaluation foncière),https://donneesouvertes.affmunqc.net/role/RL47017_2026.xml,,,,
"280, Mont-saint-grégoire",,Granby,,,386.1,2014,83000,333000,416000,2025,Logement,MAMH — Données Québec (rôle d'évaluation foncière),https://donneesouvertes.affmunqc.net/role/RL47017_2026.xml,,,,
"276, Mont-saint-grégoire",,Granby,,,386.1,2014,83000,307000,390000,2025,Logement,MAMH — Données Québec (rôle d'évaluation foncière),https://donneesouvertes.affmunqc.net/role/RL47017_2026.xml,,,,
"274, Mont-saint-grégoire",,Granby,,,386.1,2014,83000,311000,394000,2025,Logement,MAMH — Données Québec (rôle d'évaluation foncière),https://donneesouvertes.affmunqc.net/role/RL47017_2026.xml,,,,
"270, Mont-saint-grégoire",,Granby,,,386.1,2014,83000,332000,415000,2025,Logement,MAMH — Données Québec (rôle d'évaluation foncière),https://donneesouvertes.affmunqc.net/role/RL47017_2026.xml,,,,
"268, Mont-saint-grégoire",,Granby,,,386.1,2014,83000,304000,387000,2025,Logement,MAMH — Données Québec (rôle d'évaluation foncière),https://donneesouvertes.affmunqc.net/role/RL47017_2026.xml,,,,
"264, Mont-saint-grégoire",,Granby,,,386.1,2014,83000,336000,419000,2025,Logement,MAMH — Données Québec (rôle d'évaluation foncière),https://donneesouvertes.affmunqc.net/role/RL47017_2026.xml,,,,
"262, Mont-saint-grégoire",,Granby,,,464,2014,99800,315200,415000,2025,Logement,MAMH — Données Québec (rôle d'évaluation foncière),https://donneesouvertes.affmunqc.net/role/RL47017_2026.xml,,,,
"125, Mont-brome",,Granby,,,644.3,2016,130800,459200,590000,2025,Logement,MAMH — Données Québec (rôle d'évaluation foncière),https://donneesouvertes.affmunqc.net/role/RL47017_2026.xml,,,,
"129, Mont-brome",,Granby,,,909.4,2018,165000,436000,601000,2025,Logement,MAMH — Données Québec (rôle d'évaluation foncière),https://donneesouvertes.affmunqc.net/role/RL47017_2026.xml,,,,
"131, Mont-brome",,Granby,,,594.2,2019,124400,371600,496000,2025,Logement,MAMH — Données Québec (rôle d'évaluation foncière),https://donneesouvertes.affmunqc.net/role/RL47017_2026.xml,,,,
"135, Mont-brome",,Granby,,,434,2015,93300,345700,439000,2025,Logement,MAMH — Données Québec (rôle d'évaluation foncière),https://donneesouvertes.affmunqc.net/role/RL47017_2026.xml,,,,
"137, Mont-brome",,Granby,,,381,2015,81900,365100,447000,2025,Logement,MAMH — Données Québec (rôle d'évaluation foncière),https://donneesouvertes.affmunqc.net/role/RL47017_2026.xml,,,,
"141, Mont-brome",,Granby,,,385.2,2016,82800,350200,433000,2025,Logement,MAMH — Données Québec (rôle d'évaluation foncière),https://donneesouvertes.affmunqc.net/role/RL47017_2026.xml,,,,
"143, Mont-brome",,Granby,,,389.3,2015,83700,373300,457000,2025,Logement,MAMH — Données Québec (rôle d'évaluation foncière),https://donneesouvertes.affmunqc.net/role/RL47017_2026.xml,,,,
"147, Mont-brome",,Granby,,,393.5,2014,84600,355400,440000,2025,Logement,MAMH — Données Québec (rôle d'évaluation foncière),https://donneesouvertes.affmunqc.net/role/RL47017_2026.xml,,,,
"50, Robitaille",,Granby,,,1479.96,2014,203400,675600,879000,2025,Logement,MAMH — Données Québec (rôle d'évaluation foncière),https://donneesouvertes.affmunqc.net/role/RL47017_2026.xml,,,,
"52, Robitaille",,Granby,,,1484.22,2017,203700,767300,971000,2025,Logement,MAMH — Données Québec (rôle d'évaluation foncière),https://donneesouvertes.affmunqc.net/role/RL47017_2026.xml,,,,
"54, Robitaille",,Granby,,,1533.22,2017,206800,528200,735000,2025,Logement,MAMH — Données Québec (rôle d'évaluation foncière),https://donneesouvertes.affmunqc.net/role/RL47017_2026.xml,,,,
"64, Robitaille",,Granby,,,9258,1968,709000,465000,1174000,2025,Logement,MAMH — Données Québec (rôle d'évaluation foncière),https://donneesouvertes.affmunqc.net/role/RL47017_2026.xml,,,,
"55, Robitaille",,Granby,,,9948,2011,1343000,5243000,6586000,2025,Institutionnel,MAMH — Données Québec (rôle d'évaluation foncière),https://donneesouvertes.affmunqc.net/role/RL47017_2026.xml,,,,
"328, Mont-brome",,Granby,,,20862.8,,2817000,,2817000,2025,Terrain vacant,MAMH — Données Québec (rôle d'évaluation foncière),https://donneesouvertes.affmunqc.net/role/RL47017_2026.xml,,,,
"261, Mont-shefford",,Granby,,,14001.7,2023,1890200,18437800,20328000,2025,Industrie,MAMH — Données Québec (rôle d'évaluation foncière),https://donneesouvertes.affmunqc.net/role/RL47017_2026.xml,,,,
"262, Mont-shefford, app. 268",,Granby,,,985.7,2024,212000,759000,971000,2025,Logement,MAMH — Données Québec (rôle d'évaluation foncière),https://donneesouvertes.affmunqc.net/role/RL47017_2026.xml,,,,
"41, Mont-brome, app. 47",,Granby,,,985.7,2023,211900,755100,967000,2025,Logement,MAMH — Données Québec (rôle d'évaluation foncière),https://donneesouvertes.affmunqc.net/role/RL47017_2026.xml,,,,
"40, Mont-brome, app. 42",,Granby,,,985.7,2024,212000,720000,932000,2025,Logement,MAMH — Données Québec (rôle d'évaluation foncière),https://donneesouvertes.affmunqc.net/role/RL47017_2026.xml,,,,
"252, Mont-shefford, app. 258",,Granby,,,985.7,2024,212000,754000,966000,2025,Logement,MAMH — Données Québec (rôle d'évaluation foncière),https://donneesouvertes.affmunqc.net/role/RL47017_2026.xml,,,,
"33, Mont-brome, app. 39",,Granby,,,985.7,2023,211900,737100,949000,2025,Logement,MAMH — Données Québec (rôle d'évaluation foncière),https://donneesouvertes.affmunqc.net/role/RL47017_2026.xml,,,,
"32, Mont-brome, app. 38",,Granby,,,983.2,2024,211000,715000,926000,2025,Logement,MAMH — Données Québec (rôle d'évaluation foncière),https://donneesouvertes.affmunqc.net/role/RL47017_2026.xml,,,,
"242, Mont-shefford, app. 248",,Granby,,,985.7,2025,212000,758000,970000,2025,Logement,MAMH — Données Québec (rôle d'évaluation foncière),https://donneesouvertes.affmunqc.net/role/RL47017_2026.xml,,,,
"25, Mont-brome, app. 31",,Granby,,,985.7,2023,211900,742100,954000,2025,Logement,MAMH — Données Québec (rôle d'évaluation foncière),https://donneesouvertes.affmunqc.net/role/RL47017_2026.xml,,,,
"24, Mont-brome, app. 30",,Granby,,,983.5,2023,211500,714500,926000,2025,Logement,MAMH — Données Québec (rôle d'évaluation foncière),https://donneesouvertes.affmunqc.net/role/RL47017_2026.xml,,,,
"232, Mont-shefford, app. 238",,Granby,,,985.7,2025,212000,763000,975000,2025,Logement,MAMH — Données Québec (rôle d'évaluation foncière),https://donneesouvertes.affmunqc.net/role/RL47017_2026.xml,,,,
"335, Montérégiennes, app. 339",,Granby,,,972.3,2016,209000,685000,894000,2025,Logement,MAMH — Données Québec (rôle d'évaluation foncière),https://donneesouvertes.affmunqc.net/role/RL47017_2026.xml,,,,
"295, Mont-saint-grégoire, app. 301",,Granby,,,1103.6,2018,237300,748700,986000,2025,Logement,MAMH — Données Québec (rôle d'évaluation foncière),https://donneesouvertes.affmunqc.net/role/RL47017_2026.xml,,,,
"325, Montérégiennes, app. 331",,Granby,,,980,2015,210700,563300,774000,2025,Logement,MAMH — Données Québec (rôle d'évaluation foncière),https://donneesouvertes.affmunqc.net/role/RL47017_2026.xml,,,,
"296, Montérégiennes, app. 302",,Granby,,,1026.5,2014,220700,704300,925000,2025,Logement,MAMH — Données Québec (rôle d'évaluation foncière),https://donneesouvertes.affmunqc.net/role/RL47017_2026.xml,,,,
"315, Montérégiennes, app. 321",,Granby,,,1049.8,2015,225700,615300,841000,2025,Logement,MAMH — Données Québec (rôle d'évaluation foncière),https://donneesouvertes.affmunqc.net/role/RL47017_2026.xml,,,,
"285, Mont-saint-grégoire, app. 291",,Granby,,,1111.5,2016,239000,705000,944000,2025,Logement,MAMH — Données Québec (rôle d'évaluation foncière),https://donneesouvertes.affmunqc.net/role/RL47017_2026.xml,,,,
"275, Mont-saint-grégoire, app. 281",,Granby,,,1111.5,2019,239000,737000,976000,2025,Logement,MAMH — Données Québec (rôle d'évaluation foncière),https://donneesouvertes.affmunqc.net/role/RL47017_2026.xml,,,,
"265, Mont-saint-grégoire, app. 271",,Granby,,,1103.6,2018,237300,673700,911000,2025,Logement,MAMH — Données Québec (rôle d'évaluation foncière),https://donneesouvertes.affmunqc.net/role/RL47017_2026.xml,,,,
"286, Montérégiennes, app. 292",,Granby,,,1026.5,2019,220700,741300,962000,2025,Logement,MAMH — Données Québec (rôle d'évaluation foncière),https://donneesouvertes.affmunqc.net/role/RL47017_2026.xml,,,,
"276, Montérégiennes, app. 282",,Granby,,,1026.5,2014,220700,708300,929000,2025,Logement,MAMH — Données Québec (rôle d'évaluation foncière),https://donneesouvertes.affmunqc.net/role/RL47017_2026.xml,,,,
"266, Montérégiennes, app. 272",,Granby,,,1018.7,2016,219000,705000,924000,2025,Logement,MAMH — Données Québec (rôle d'évaluation foncière),https://donneesouvertes.affmunqc.net/role/RL47017_2026.xml,,,,
"149, Mont-brome",,Granby,,,397.6,2014,85500,323500,409000,2025,Logement,MAMH — Données Québec (rôle d'évaluation foncière),https://donneesouvertes.affmunqc.net/role/RL47017_2026.xml,,,,
"153, Mont-brome",,Granby,,,401.8,2016,86400,375600,462000,2025,Logement,MAMH — Données Québec (rôle d'évaluation foncière),https://donneesouvertes.affmunqc.net/role/RL47017_2026.xml,,,,
"155, Mont-brome",,Granby,,,405.9,2014,87300,381700,469000,2025,Logement,MAMH — Données Québec (rôle d'évaluation foncière),https://donneesouvertes.affmunqc.net/role/RL47017_2026.xml,,,,
"159, Mont-brome",,Granby,,,410.1,2014,88200,330800,419000,2025,Logement,MAMH — Données Québec (rôle d'évaluation foncière),https://donneesouvertes.affmunqc.net/role/RL47017_2026.xml,,,,
"161, Mont-brome",,Granby,,,436.4,2014,93800,320200,414000,2025,Logement,MAMH — Données Québec (rôle d'évaluation foncière),https://donneesouvertes.affmunqc.net/role/RL47017_2026.xml,,,,
"252, Montérégiennes, app. 256",,Granby,,,936.7,2016,201400,780600,982000,2025,Logement,MAMH — Données Québec (rôle d'évaluation foncière),https://donneesouvertes.affmunqc.net/role/RL47017_2026.xml,,,,
"242, Montérégiennes, app. 248",,Granby,,,858.7,2016,184600,789400,974000,2025,Logement,MAMH — Données Québec (rôle d'évaluation foncière),https://donneesouvertes.affmunqc.net/role/RL47017_2026.xml,,,,
"232, Montérégiennes, app. 238",,Granby,,,855.6,2016,184000,792000,976000,2025,Logement,MAMH — Données Québec (rôle d'évaluation foncière),https://donneesouvertes.affmunqc.net/role/RL47017_2026.xml,,,,
"76, Robitaille",,Granby,,,1464.2,2019,202400,610600,813000,2025,Logement,MAMH — Données Québec (rôle d'évaluation foncière),https://donneesouvertes.affmunqc.net/role/RL47017_2026.xml,,,,
"78, Robitaille",,Granby,,,1453.6,2020,201700,574300,776000,2025,Logement,MAMH — Données Québec (rôle d'évaluation foncière),https://donneesouvertes.affmunqc.net/role/RL47017_2026.xml,,,,
"80, Robitaille",,Granby,,,1496.8,2020,204500,528500,733000,2025,Logement,MAMH — Données Québec (rôle d'évaluation foncière),https://donneesouvertes.affmunqc.net/role/RL47017_2026.xml,,,,
"222, Montérégiennes, app. 228",,Granby,,,1185.3,2016,254800,746200,1001000,2025,Logement,MAMH — Données Québec (rôle d'évaluation foncière),https://donneesouvertes.affmunqc.net/role/RL47017_2026.xml,,,,
"220, Montérégiennes",,Granby,,,990.8,,213000,,213000,2025,Terrain vacant,MAMH — Données Québec (rôle d'évaluation foncière),https://donneesouvertes.affmunqc.net/role/RL47017_2026.xml,,,,
"78, Constant-trudel",,Granby,,,2151.8,1954,247100,257900,505000,2025,Logement,MAMH — Données Québec (rôle d'évaluation foncière),https://donneesouvertes.affmunqc.net/role/RL47017_2026.xml,,,,
"74, Constant-trudel",,Granby,,,2229.1,1947,175000,25000,200000,2025,Logement,MAMH — Données Québec (rôle d'évaluation foncière),https://donneesouvertes.affmunqc.net/role/RL47017_2026.xml,,,,
"62, Mountain",,Granby,,,2730.68,1947,284700,372300,657000,2025,Logement,MAMH — Données Québec (rôle d'évaluation foncière),https://donneesouvertes.affmunqc.net/role/RL47017_2026.xml,,,,
"66, Mountain",,Granby,,,2242.8,1947,253000,372000,625000,2025,Logement,MAMH — Données Québec (rôle d'évaluation foncière),https://donneesouvertes.affmunqc.net/role/RL47017_2026.xml,,,,
"68, Mountain",,Granby,,,1922.7,1998,232200,510800,743000,2025,Logement,MAMH — Données Québec (rôle d'évaluation foncière),https://donneesouvertes.affmunqc.net/role/RL47017_2026.xml,,,,
"37, Mountain",,Granby,,,1458.4,1958,202000,450000,652000,2025,Logement,MAMH — Données Québec (rôle d'évaluation foncière),https://donneesouvertes.affmunqc.net/role/RL47017_2026.xml,,,,
"21, Mountain",,Granby,,,1651.45,1947,214500,356500,571000,2025,Logement,MAMH — Données Québec (rôle d'évaluation foncière),https://donneesouvertes.affmunqc.net/role/RL47017_2026.xml,,,,
"25, Mountain",,Granby,,,1800.8,1933,224200,791800,1016000,2025,Logement,MAMH — Données Québec (rôle d'évaluation foncière),https://donneesouvertes.affmunqc.net/role/RL47017_2026.xml,,,,
"29, Mountain",,Granby,,,775.2,1947,147700,207300,355000,2025,Logement,MAMH — Données Québec (rôle d'évaluation foncière),https://donneesouvertes.affmunqc.net/role/RL47017_2026.xml,,,,
"4, Crescent",,Granby,,,1392.3,1947,197700,320300,518000,2025,Logement,MAMH — Données Québec (rôle d'évaluation foncière),https://donneesouvertes.affmunqc.net/role/RL47017_2026.xml,,,,
"31, Mountain, app. 33",,Granby,,,823,1947,153900,348100,502000,2025,Logement,MAMH — Données Québec (rôle d'évaluation foncière),https://donneesouvertes.affmunqc.net/role/RL47017_2026.xml,,,,
"1, Crescent",,Granby,,,1910.46,1947,231400,580600,812000,2025,Logement,MAMH — Données Québec (rôle d'évaluation foncière),https://donneesouvertes.affmunqc.net/role/RL47017_2026.xml,,,,
"15, Mountain",,Granby,,,1424.11,1947,199800,349200,549000,2025,Logement,MAMH — Données Québec (rôle d'évaluation foncière),https://donneesouvertes.affmunqc.net/role/RL47017_2026.xml,,,,
"17, Mountain",,Granby,,,725.57,1947,141300,275700,417000,2025,Logement,MAMH — Données Québec (rôle d'évaluation foncière),https://donneesouvertes.affmunqc.net/role/RL47017_2026.xml,,,,
"19, Mountain",,Granby,,,1334.86,1947,194000,472000,666000,2025,Logement,MAMH — Données Québec (rôle d'évaluation foncière),https://donneesouvertes.affmunqc.net/role/RL47017_2026.xml,,,,
"10, Crescent",,Granby,,,6562.62,,899000,,899000,2025,Institutionnel,MAMH — Données Québec (rôle d'évaluation foncière),https://donneesouvertes.affmunqc.net/role/RL47017_2026.xml,,,,
"8, Cairns, app. 10",,Granby,,,820.29,1947,153500,331500,485000,2025,Logement,MAMH — Données Québec (rôle d'évaluation foncière),https://donneesouvertes.affmunqc.net/role/RL47017_2026.xml,,,,
"12, Cairns",,Granby,,,605.04,1942,125800,211200,337000,2025,Logement,MAMH — Données Québec (rôle d'évaluation foncière),https://donneesouvertes.affmunqc.net/role/RL47017_2026.xml,,,,
"15, Cairns",,Granby,,,2129.9,1947,306400,589600,896000,2025,Logement,MAMH — Données Québec (rôle d'évaluation foncière),https://donneesouvertes.affmunqc.net/role/RL47017_2026.xml,,,,
"14, Cairns, app. 16",,Granby,,,916.68,1947,166000,235000,401000,2025,Logement,MAMH — Données Québec (rôle d'évaluation foncière),https://donneesouvertes.affmunqc.net/role/RL47017_2026.xml,,,,
"18, Cairns",,Granby,,,2465.96,1945,300700,629300,930000,2025,Logement,MAMH — Données Québec (rôle d'évaluation foncière),https://donneesouvertes.affmunqc.net/role/RL47017_2026.xml,,,,
"40, Cairns",,Granby,,,1859.8,2003,193900,920100,1114000,2025,Logement,MAMH — Données Québec (rôle d'évaluation foncière),https://donneesouvertes.affmunqc.net/role/RL47017_2026.xml,,,,
"323, Denison",,Granby,,,664833.2,,11350000,134000,11484000,2025,Immeuble commercial,MAMH — Données Québec (rôle d'évaluation foncière),https://donneesouvertes.affmunqc.net/role/RL47017_2026.xml,,,,
"38, Drummond",,Granby,,,178.23,1947,42100,414900,457000,2025,Logement,MAMH — Données Québec (rôle d'évaluation foncière),https://donneesouvertes.affmunqc.net/role/RL47017_2026.xml,,,,
"47, Drummond",,Granby,,,2666.44,1947,373300,249700,623000,2025,Industrie,MAMH — Données Québec (rôle d'évaluation foncière),https://donneesouvertes.affmunqc.net/role/RL47017_2026.xml,,,,
"40, Drummond, app. 48",,Granby,,,576,1900,115200,318800,434000,2025,Logement,MAMH — Données Québec (rôle d'évaluation foncière),https://donneesouvertes.affmunqc.net/role/RL47017_2026.xml,,,,
"51, Drummond, app. 53",,Granby,,,1320.36,1941,198100,245900,444000,2025,Immeuble à bureaux,MAMH — Données Québec (rôle d'évaluation foncière),https://donneesouvertes.affmunqc.net/role/RL47017_2026.xml,,,,
"52, Drummond",,Granby,,,524.61,1947,104900,97100,202000,2025,Logement,MAMH — Données Québec (rôle d'évaluation foncière),https://donneesouvertes.affmunqc.net/role/RL47017_2026.xml,,,,
"56, Drummond",,Granby,,,256.04,1947,51200,281800,333000,2025,Logement,MAMH — Données Québec (rôle d'évaluation foncière),https://donneesouvertes.affmunqc.net/role/RL47017_2026.xml,,,,
"1, Elgin, app. 5",,Granby,,,1465.56,1947,293100,538900,832000,2025,Logement,MAMH — Données Québec (rôle d'évaluation foncière),https://donneesouvertes.affmunqc.net/role/RL47017_2026.xml,,,,
"58, Drummond, app. 62",,Granby,,,392.85,1947,78600,200400,279000,2025,Logement,MAMH — Données Québec (rôle d'évaluation foncière),https://donneesouvertes.affmunqc.net/role/RL47017_2026.xml,,,,
"30, Belmont",,Granby,,,618.1,2013,127500,597500,725000,2025,Logement,MAMH — Données Québec (rôle d'évaluation foncière),https://donneesouvertes.affmunqc.net/role/RL47017_2026.xml,,,,
"26, Belmont",,Granby,,,747.9,2017,144200,471800,616000,2025,Logement,MAMH — Données Québec (rôle d'évaluation foncière),https://donneesouvertes.affmunqc.net/role/RL47017_2026.xml,,,,
"17, Belmont",,Granby,,,1021,2021,173600,691400,865000,2025,Logement,MAMH — Données Québec (rôle d'évaluation foncière),https://donneesouvertes.affmunqc.net/role/RL47017_2026.xml,,,,
"22, Belmont",,Granby,,,766.3,2017,146600,517400,664000,2025,Logement,MAMH — Données Québec (rôle d'évaluation foncière),https://donneesouvertes.affmunqc.net/role/RL47017_2026.xml,,,,
"18, Belmont",,Granby,,,687,2013,136400,493600,630000,2025,Logement,MAMH — Données Québec (rôle d'évaluation foncière),https://donneesouvertes.affmunqc.net/role/RL47017_2026.xml,,,,
"14, Belmont",,Granby,,,635.6,2012,129700,536300,666000,2025,Logement,MAMH — Données Québec (rôle d'évaluation foncière),https://donneesouvertes.affmunqc.net/role/RL47017_2026.xml,,,,
"10, Belmont",,Granby,,,607.8,2013,126100,499900,626000,2025,Logement,MAMH — Données Québec (rôle d'évaluation foncière),https://donneesouvertes.affmunqc.net/role/RL47017_2026.xml,,,,
"86, Mountain",,Granby,,,1227.4,1955,187000,199000,386000,2025,Logement,MAMH — Données Québec (rôle d'évaluation foncière),https://donneesouvertes.affmunqc.net/role/RL47017_2026.xml,,,,
"70, Constant-trudel",,Granby,,,1121.3,2021,180100,555900,736000,2025,Logement,MAMH — Données Québec (rôle d'évaluation foncière),https://donneesouvertes.affmunqc.net/role/RL47017_2026.xml,,,,
"9, Belmont",,Granby,,,758.5,2013,145600,390400,536000,2025,Logement,MAMH — Données Québec (rôle d'évaluation foncière),https://donneesouvertes.affmunqc.net/role/RL47017_2026.xml,,,,
"94, Mountain",,Granby,,,598.5,2013,124900,549100,674000,2025,Logement,MAMH — Données Québec (rôle d'évaluation foncière),https://donneesouvertes.affmunqc.net/role/RL47017_2026.xml,,,,
"96, Mountain",,Granby,,,699.6,2011,138000,487000,625000,2025,Logement,MAMH — Données Québec (rôle d'évaluation foncière),https://donneesouvertes.affmunqc.net/role/RL47017_2026.xml,,,,
"2, Glen, app. 4",,Granby,,,607,1948,126000,182000,308000,2025,Logement,MAMH — Données Québec (rôle d'évaluation foncière),https://donneesouvertes.affmunqc.net/role/RL47017_2026.xml,,,,
"70, Mountain",,Granby,,,2719.7,1947,284000,244000,528000,2025,Logement,MAMH — Données Québec (rôle d'évaluation foncière),https://donneesouvertes.affmunqc.net/role/RL47017_2026.xml,,,,
"82, Mountain",,Granby,,,519.7,,1,,1,2025,Immeuble commercial,MAMH — Données Québec (rôle d'évaluation foncière),https://donneesouvertes.affmunqc.net/role/RL47017_2026.xml,,,,
"41, Mountain, app. 43",,Granby,,,779,1949,148200,200800,349000,2025,Logement,MAMH — Données Québec (rôle d'évaluation foncière),https://donneesouvertes.affmunqc.net/role/RL47017_2026.xml,,,,
"4, Payne",,Granby,,,670.8,1951,134300,226700,361000,2025,Logement,MAMH — Données Québec (rôle d'évaluation foncière),https://donneesouvertes.affmunqc.net/role/RL47017_2026.xml,,,,
"55, Mountain",,Granby,,,558,1955,119700,247300,367000,2025,Logement,MAMH — Données Québec (rôle d'évaluation foncière),https://donneesouvertes.affmunqc.net/role/RL47017_2026.xml,,,,
"45, Mountain, app. 49",,Granby,,,1569.9,1947,209200,274800,484000,2025,Logement,MAMH — Données Québec (rôle d'évaluation foncière),https://donneesouvertes.affmunqc.net/role/RL47017_2026.xml,,,,
"51, Mountain",,Granby,,,1173.8,1956,183500,268500,452000,2025,Logement,MAMH — Données Québec (rôle d'évaluation foncière),https://donneesouvertes.affmunqc.net/role/RL47017_2026.xml,,,,
"5, Glen",,Granby,,,429.8,1949,92400,244600,337000,2025,Logement,MAMH — Données Québec (rôle d'évaluation foncière),https://donneesouvertes.affmunqc.net/role/RL47017_2026.xml,,,,
"5, Payne, app. 7",,Granby,,,1089.5,1959,178000,366000,544000,2025,Logement,MAMH — Données Québec (rôle d'évaluation foncière),https://donneesouvertes.affmunqc.net/role/RL47017_2026.xml,,,,
"39, Mountain",,Granby,,,3836.9,1971,825000,1378000,2203000,2025,Logement,MAMH — Données Québec (rôle d'évaluation foncière),https://donneesouvertes.affmunqc.net/role/RL47017_2026.xml,,,,
"9, Payne",,Granby,,,1237.4,1948,187600,416400,604000,2025,Logement,MAMH — Données Québec (rôle d'évaluation foncière),https://donneesouvertes.affmunqc.net/role/RL47017_2026.xml,,,,
"12, Payne",,Granby,,,669.8,1955,134100,247900,382000,2025,Logement,MAMH — Données Québec (rôle d'évaluation foncière),https://donneesouvertes.affmunqc.net/role/RL47017_2026.xml,,,,
"13, Payne",,Granby,,,799,1957,150800,328200,479000,2025,Logement,MAMH — Données Québec (rôle d'évaluation foncière),https://donneesouvertes.affmunqc.net/role/RL47017_2026.xml,,,,
"14, Payne",,Granby,,,655.8,1954,132300,240700,373000,2025,Logement,MAMH — Données Québec (rôle d'évaluation foncière),https://donneesouvertes.affmunqc.net/role/RL47017_2026.xml,,,,
"5, Crescent",,Granby,,,1811.53,1953,225800,295200,521000,2025,Logement,MAMH — Données Québec (rôle d'évaluation foncière),https://donneesouvertes.affmunqc.net/role/RL47017_2026.xml,,,,
"35, Mountain",,Granby,,,1370.3,1947,147200,551800,699000,2025,Logement,MAMH — Données Québec (rôle d'évaluation foncière),https://donneesouvertes.affmunqc.net/role/RL47017_2026.xml,,,,
"40, Bradford",,Granby,,,2555,1956,260000,392000,652000,2025,Logement,MAMH — Données Québec (rôle d'évaluation foncière),https://donneesouvertes.affmunqc.net/role/RL47017_2026.xml,,,,
"25, Crescent",,Granby,,,4516.77,1972,400800,525200,926000,2025,Logement,MAMH — Données Québec (rôle d'évaluation foncière),https://donneesouvertes.affmunqc.net/role/RL47017_2026.xml,,,,
"61, Bradford",,Granby,,,928.47,1961,167500,277500,445000,2025,Logement,MAMH — Données Québec (rôle d'évaluation foncière),https://donneesouvertes.affmunqc.net/role/RL47017_2026.xml,,,,
"66, Bradford",,Granby,,,1464.2,1956,202400,412600,615000,2025,Logement,MAMH — Données Québec (rôle d'évaluation foncière),https://donneesouvertes.affmunqc.net/role/RL47017_2026.xml,,,,
"15, Crescent",,Granby,,,1836.13,1961,226500,361500,588000,2025,Logement,MAMH — Données Québec (rôle d'évaluation foncière),https://donneesouvertes.affmunqc.net/role/RL47017_2026.xml,,,,
"24, Crescent",,Granby,,,1179.6,2002,183900,586100,770000,2025,Logement,MAMH — Données Québec (rôle d'évaluation foncière),https://donneesouvertes.affmunqc.net/role/RL47017_2026.xml,,,,
"30, Crescent",,Granby,,,1247.7,2007,188300,682700,871000,2025,Logement,MAMH — Données Québec (rôle d'évaluation foncière),https://donneesouvertes.affmunqc.net/role/RL47017_2026.xml,,,,
"39, Cairns",,Granby,,,1537.3,2008,207100,650900,858000,2025,Logement,MAMH — Données Québec (rôle d'évaluation foncière),https://donneesouvertes.affmunqc.net/role/RL47017_2026.xml,,,,
"45, Cairns",,Granby,,,1214.1,2003,186100,393900,580000,2025,Logement,MAMH — Données Québec (rôle d'évaluation foncière),https://donneesouvertes.affmunqc.net/role/RL47017_2026.xml,,,,
"58, Kent",,Granby,,,1134.8,2009,180900,898100,1079000,2025,Logement,MAMH — Données Québec (rôle d'évaluation foncière),https://donneesouvertes.affmunqc.net/role/RL47017_2026.xml,,,,
"64, Drummond, app. 68",,Granby,,,1043.3,1947,208700,226300,435000,2025,Logement,MAMH — Données Québec (rôle d'évaluation foncière),https://donneesouvertes.affmunqc.net/role/RL47017_2026.xml,,,,
"67, Drummond, app. 69",,Granby,,,1006.05,,201200,315800,517000,2025,Immeuble à bureaux,MAMH — Données Québec (rôle d'évaluation foncière),https://donneesouvertes.affmunqc.net/role/RL47017_2026.xml,,,,
"70, Drummond, app. 72",,Granby,,,1371.54,1947,224900,276100,501000,2025,Logement,MAMH — Données Québec (rôle d'évaluation foncière),https://donneesouvertes.affmunqc.net/role/RL47017_2026.xml,,,,
"76, Drummond",,Granby,,,640.96,1947,128200,341800,470000,2025,Logement,MAMH — Données Québec (rôle d'évaluation foncière),https://donneesouvertes.affmunqc.net/role/RL47017_2026.xml,,,,
"6, Gare",,Granby,,,344.72,1947,68900,176100,245000,2025,Logement,MAMH — Données Québec (rôle d'évaluation foncière),https://donneesouvertes.affmunqc.net/role/RL47017_2026.xml,,,,
"4, Gare",,Granby,,,638.1,1947,128500,591500,720000,2025,Immeuble à bureaux,MAMH — Données Québec (rôle d'évaluation foncière),https://donneesouvertes.affmunqc.net/role/RL47017_2026.xml,,,,
"81, Drummond",,Granby,,,661.62,1947,132300,340700,473000,2025,Logement,MAMH — Données Québec (rôle d'évaluation foncière),https://donneesouvertes.affmunqc.net/role/RL47017_2026.xml,,,,
"7, Gare",,Granby,,,774.6,1947,154900,240100,395000,2025,Logement,MAMH — Données Québec (rôle d'évaluation foncière),https://donneesouvertes.affmunqc.net/role/RL47017_2026.xml,,,,
"100, Mountain",,Granby,,,55183.1,,3679600,1241400,4921000,2025,Immeuble commercial,MAMH — Données Québec (rôle d'évaluation foncière),https://donneesouvertes.affmunqc.net/role/RL47017_2026.xml,,,,
"75, Mountain",,Granby,,,964.4,1953,169900,215100,385000,2025,Logement,MAMH — Données Québec (rôle d'évaluation foncière),https://donneesouvertes.affmunqc.net/role/RL47017_2026.xml,,,,
"79, Mountain",,Granby,,,457.1,1954,98300,277700,376000,2025,Logement,MAMH — Données Québec (rôle d'évaluation foncière),https://donneesouvertes.affmunqc.net/role/RL47017_2026.xml,,,,
"5, Marquis",,Granby,,,585.2,1965,123200,316800,440000,2025,Logement,MAMH — Données Québec (rôle d'évaluation foncière),https://donneesouvertes.affmunqc.net/role/RL47017_2026.xml,,,,
"11, Marquis",,Granby,,,668.9,1955,134000,343000,477000,2025,Logement,MAMH — Données Québec (rôle d'évaluation foncière),https://donneesouvertes.affmunqc.net/role/RL47017_2026.xml,,,,
"15, Marquis",,Granby,,,668.9,1956,134000,279000,413000,2025,Logement,MAMH — Données Québec (rôle d'évaluation foncière),https://donneesouvertes.affmunqc.net/role/RL47017_2026.xml,,,,
"2, Marquis",,Granby,,,499.1,1955,107300,334700,442000,2025,Logement,MAMH — Données Québec (rôle d'évaluation foncière),https://donneesouvertes.affmunqc.net/role/RL47017_2026.xml,,,,
"95, Mountain",,Granby,,,614.5,1954,127000,295000,422000,2025,Logement,MAMH — Données Québec (rôle d'évaluation foncière),https://donneesouvertes.affmunqc.net/role/RL47017_2026.xml,,,,
"61, Mountain, app. 63",,Granby,,,675.8,1956,134900,213100,348000,2025,Logement,MAMH — Données Québec (rôle d'évaluation foncière),https://donneesouvertes.affmunqc.net/role/RL47017_2026.xml,,,,
"65, Mountain",,Granby,,,614.6,1956,127000,268000,395000,2025,Logement,MAMH — Données Québec (rôle d'évaluation foncière),https://donneesouvertes.affmunqc.net/role/RL47017_2026.xml,,,,
"6, Glen",,Granby,,,616.3,1949,127200,218800,346000,2025,Logement,MAMH — Données Québec (rôle d'évaluation foncière),https://donneesouvertes.affmunqc.net/role/RL47017_2026.xml,,,,
"7, Belmont",,Granby,,,456.4,1956,98100,232900,331000,2025,Logement,MAMH — Données Québec (rôle d'évaluation foncière),https://donneesouvertes.affmunqc.net/role/RL47017_2026.xml,,,,
"6, Belmont",,Granby,,,759.9,1960,145800,272200,418000,2025,Logement,MAMH — Données Québec (rôle d'évaluation foncière),https://donneesouvertes.affmunqc.net/role/RL47017_2026.xml,,,,
"71, Mountain",,Granby,,,543.5,1954,116900,297100,414000,2025,Logement,MAMH — Données Québec (rôle d'évaluation foncière),https://donneesouvertes.affmunqc.net/role/RL47017_2026.xml,,,,
"11, Belmont",,Granby,,,446.6,1956,96000,207000,303000,2025,Logement,MAMH — Données Québec (rôle d'évaluation foncière),https://donneesouvertes.affmunqc.net/role/RL47017_2026.xml,,,,
"12, Belmont",,Granby,,,526.8,1958,113300,210700,324000,2025,Logement,MAMH — Données Québec (rôle d'évaluation foncière),https://donneesouvertes.affmunqc.net/role/RL47017_2026.xml,,,,
"15, Belmont",,Granby,,,441.3,1956,94900,251100,346000,2025,Logement,MAMH — Données Québec (rôle d'évaluation foncière),https://donneesouvertes.affmunqc.net/role/RL47017_2026.xml,,,,
"16, Belmont",,Granby,,,481.2,1958,103500,257500,361000,2025,Logement,MAMH — Données Québec (rôle d'évaluation foncière),https://donneesouvertes.affmunqc.net/role/RL47017_2026.xml,,,,
"19, Belmont",,Granby,,,436,1956,93700,190300,284000,2025,Logement,MAMH — Données Québec (rôle d'évaluation foncière),https://donneesouvertes.affmunqc.net/role/RL47017_2026.xml,,,,
"20, Belmont",,Granby,,,473.7,1959,101800,207200,309000,2025,Logement,MAMH — Données Québec (rôle d'évaluation foncière),https://donneesouvertes.affmunqc.net/role/RL47017_2026.xml,,,,
"23, Belmont",,Granby,,,430.7,1956,92600,219400,312000,2025,Logement,MAMH — Données Québec (rôle d'évaluation foncière),https://donneesouvertes.affmunqc.net/role/RL47017_2026.xml,,,,
"19, Marquis",,Granby,,,964.3,1956,169900,271100,441000,2025,Logement,MAMH — Données Québec (rôle d'évaluation foncière),https://donneesouvertes.affmunqc.net/role/RL47017_2026.xml,,,,
"24, Belmont",,Granby,,,463.4,1959,99600,242400,342000,2025,Logement,MAMH — Données Québec (rôle d'évaluation foncière),https://donneesouvertes.affmunqc.net/role/RL47017_2026.xml,,,,
"9, Glen",,Granby,,,661.3,1954,133000,205000,338000,2025,Logement,MAMH — Données Québec (rôle d'évaluation foncière),https://donneesouvertes.affmunqc.net/role/RL47017_2026.xml,,,,
"13, Glen",,Granby,,,828.1,1949,154600,174400,329000,2025,Logement,MAMH — Données Québec (rôle d'évaluation foncière),https://donneesouvertes.affmunqc.net/role/RL47017_2026.xml,,,,
"17, Glen",,Granby,,,840,1949,156100,303900,460000,2025,Logement,MAMH — Données Québec (rôle d'évaluation foncière),https://donneesouvertes.affmunqc.net/role/RL47017_2026.xml,,,,
"10, Glen",,Granby,,,635.6,1949,129700,227300,357000,2025,Logement,MAMH — Données Québec (rôle d'évaluation foncière),https://donneesouvertes.affmunqc.net/role/RL47017_2026.xml,,,,
"108, Kent",,Granby,,,652.9,1957,132000,284000,416000,2025,Logement,MAMH — Données Québec (rôle d'évaluation foncière),https://donneesouvertes.affmunqc.net/role/RL47017_2026.xml,,,,
"112, Kent",,Granby,,,722.1,1959,140900,307100,448000,2025,Logement,MAMH — Données Québec (rôle d'évaluation foncière),https://donneesouvertes.affmunqc.net/role/RL47017_2026.xml,,,,
"14, Glen",,Granby,,,635.6,1949,129700,279300,409000,2025,Logement,MAMH — Données Québec (rôle d'évaluation foncière),https://donneesouvertes.affmunqc.net/role/RL47017_2026.xml,,,,
"18, Glen",,Granby,,,635.6,1949,129700,217300,347000,2025,Logement,MAMH — Données Québec (rôle d'évaluation foncière),https://donneesouvertes.affmunqc.net/role/RL47017_2026.xml,,,,
"25, Glen",,Granby,,,585.4,1949,123200,201800,325000,2025,Logement,MAMH — Données Québec (rôle d'évaluation foncière),https://donneesouvertes.affmunqc.net/role/RL47017_2026.xml,,,,
"22, Glen",,Granby,,,656.8,1949,132500,278500,411000,2025,Logement,MAMH — Données Québec (rôle d'évaluation foncière),https://donneesouvertes.affmunqc.net/role/RL47017_2026.xml,,,,
"88, Kent",,Granby,,,1498.1,1951,204600,324400,529000,2025,Logement,MAMH — Données Québec (rôle d'évaluation foncière),https://donneesouvertes.affmunqc.net/role/RL47017_2026.xml,,,,
"15, Payne",,Granby,,,1961.9,1950,215000,495000,710000,2025,Logement,MAMH — Données Québec (rôle d'évaluation foncière),https://donneesouvertes.affmunqc.net/role/RL47017_2026.xml,,,,
"22, Payne",,Granby,,,1529,1956,206600,378400,585000,2025,Logement,MAMH — Données Québec (rôle d'évaluation foncière),https://donneesouvertes.affmunqc.net/role/RL47017_2026.xml,,,,
"104, Kent",,Granby,,,663.9,2002,133400,273600,407000,2025,Logement,MAMH — Données Québec (rôle d'évaluation foncière),https://donneesouvertes.affmunqc.net/role/RL47017_2026.xml,,,,
"89, Kent",,Granby,,,1298.1,1961,191600,325400,517000,2025,Logement,MAMH — Données Québec (rôle d'évaluation foncière),https://donneesouvertes.affmunqc.net/role/RL47017_2026.xml,,,,
"97, Kent",,Granby,,,963,1973,169800,247200,417000,2025,Logement,MAMH — Données Québec (rôle d'évaluation foncière),https://donneesouvertes.affmunqc.net/role/RL47017_2026.xml,,,,
"101, Kent",,Granby,,,935,1971,168000,321000,489000,2025,Logement,MAMH — Données Québec (rôle d'évaluation foncière),https://donneesouvertes.affmunqc.net/role/RL47017_2026.xml,,,,
"105, Kent",,Granby,,,625.9,1959,128500,207500,336000,2025,Logement,MAMH — Données Québec (rôle d'évaluation foncière),https://donneesouvertes.affmunqc.net/role/RL47017_2026.xml,,,,
"76, Kent",,Granby,,,721.9,1956,140900,205100,346000,2025,Logement,MAMH — Données Québec (rôle d'évaluation foncière),https://donneesouvertes.affmunqc.net/role/RL47017_2026.xml,,,,
"80, Kent",,Granby,,,892.9,1955,162900,395100,558000,2025,Logement,MAMH — Données Québec (rôle d'évaluation foncière),https://donneesouvertes.affmunqc.net/role/RL47017_2026.xml,,,,
"86, Kent",,Granby,,,960.25,1949,169600,337400,507000,2025,Logement,MAMH — Données Québec (rôle d'évaluation foncière),https://donneesouvertes.affmunqc.net/role/RL47017_2026.xml,,,,
"75, Kent",,Granby,,,600.82,1956,125200,304800,430000,2025,Logement,MAMH — Données Québec (rôle d'évaluation foncière),https://donneesouvertes.affmunqc.net/role/RL47017_2026.xml,,,,
"77, Kent",,Granby,,,635.87,1956,129800,220200,350000,2025,Logement,MAMH — Données Québec (rôle d'évaluation foncière),https://donneesouvertes.affmunqc.net/role/RL47017_2026.xml,,,,
"80, Bradford",,Granby,,,594.7,1948,124400,283600,408000,2025,Logement,MAMH — Données Québec (rôle d'évaluation foncière),https://donneesouvertes.affmunqc.net/role/RL47017_2026.xml,,,,
"82, Bradford",,Granby,,,475.85,1948,102300,273700,376000,2025,Logement,MAMH — Données Québec (rôle d'évaluation foncière),https://donneesouvertes.affmunqc.net/role/RL47017_2026.xml,,,,
"81, Bradford",,Granby,,,578.1,1949,122300,303700,426000,2025,Logement,MAMH — Données Québec (rôle d'évaluation foncière),https://donneesouvertes.affmunqc.net/role/RL47017_2026.xml,,,,
"70, Kent",,Granby,,,1658.8,1949,220400,289600,510000,2025,Logement,MAMH — Données Québec (rôle d'évaluation foncière),https://donneesouvertes.affmunqc.net/role/RL47017_2026.xml,,,,
"66, Kent",,Granby,,,546.2,1953,117400,227600,345000,2025,Logement,MAMH — Données Québec (rôle d'évaluation foncière),https://donneesouvertes.affmunqc.net/role/RL47017_2026.xml,,,,
"72, Kent",,Granby,,,551.74,1956,118600,259400,378000,2025,Logement,MAMH — Données Québec (rôle d'évaluation foncière),https://donneesouvertes.affmunqc.net/role/RL47017_2026.xml,,,,
"71, Kent",,Granby,,,640.84,1948,130400,347600,478000,2025,Logement,MAMH — Données Québec (rôle d'évaluation foncière),https://donneesouvertes.affmunqc.net/role/RL47017_2026.xml,,,,
"65, Jeanne-d'arc",,Granby,,,1856.49,2019,371300,4419700,4791000,2025,Logement,MAMH — Données Québec (rôle d'évaluation foncière),https://donneesouvertes.affmunqc.net/role/RL47017_2026.xml,,,,
"80, Jeanne-d'arc",,Granby,,,509.74,1948,109600,275400,385000,2025,Logement,MAMH — Données Québec (rôle d'évaluation foncière),https://donneesouvertes.affmunqc.net/role/RL47017_2026.xml,,,,
"82, Jeanne-d'arc",,Granby,,,510.29,1948,109700,267300,377000,2025,Logement,MAMH — Données Québec (rôle d'évaluation foncière),https://donneesouvertes.affmunqc.net/role/RL47017_2026.xml,,,,
"48, Denison, app. 50",,Granby,,,13253.6,2004,2650700,3124300,5775000,2025,Immeuble à bureaux,MAMH — Données Québec (rôle d'évaluation foncière),https://donneesouvertes.affmunqc.net/role/RL47017_2026.xml,,,,
"98, Denison",,Granby,,,1937.48,,348700,99300,448000,2025,Immeuble à bureaux,MAMH — Données Québec (rôle d'évaluation foncière),https://donneesouvertes.affmunqc.net/role/RL47017_2026.xml,,,,
"5, Gare",,Granby,,,521.53,1947,104300,287700,392000,2025,Logement,MAMH — Données Québec (rôle d'évaluation foncière),https://donneesouvertes.affmunqc.net/role/RL47017_2026.xml,,,,
"1, Gare",,Granby,,,1126.94,1875,225400,722600,948000,2025,Industrie,MAMH — Données Québec (rôle d'évaluation foncière),https://donneesouvertes.affmunqc.net/role/RL47017_2026.xml,,,,
"80, Drummond",,Granby,,,1166.56,1947,191300,207700,399000,2025,Logement,MAMH — Données Québec (rôle d'évaluation foncière),https://donneesouvertes.affmunqc.net/role/RL47017_2026.xml,,,,
"86, Drummond",,Granby,,,814.3,,105000,,105000,2025,Terrain vacant,MAMH — Données Québec (rôle d'évaluation foncière),https://donneesouvertes.affmunqc.net/role/RL47017_2026.xml,,,,
"84, Drummond",,Granby,,,855.15,1947,183900,256100,440000,2025,Logement,MAMH — Données Québec (rôle d'évaluation foncière),https://donneesouvertes.affmunqc.net/role/RL47017_2026.xml,,,,
"88, Drummond",,Granby,,,720,1947,102200,271800,374000,2025,Logement,MAMH — Données Québec (rôle d'évaluation foncière),https://donneesouvertes.affmunqc.net/role/RL47017_2026.xml,,,,
"90, Drummond",,Granby,,,2773.5,1947,292200,325800,618000,2025,Logement,MAMH — Données Québec (rôle d'évaluation foncière),https://donneesouvertes.affmunqc.net/role/RL47017_2026.xml,,,,
"94, Drummond",,Granby,,,1456.87,1947,125300,198700,324000,2025,Logement,MAMH — Données Québec (rôle d'évaluation foncière),https://donneesouvertes.affmunqc.net/role/RL47017_2026.xml,,,,
"99, Mountain",,Granby,,,662.6,1954,133200,265800,399000,2025,Logement,MAMH — Données Québec (rôle d'évaluation foncière),https://donneesouvertes.affmunqc.net/role/RL47017_2026.xml,,,,
"136, Vittie",,Granby,,,506.8,1950,109000,205000,314000,2025,Logement,MAMH — Données Québec (rôle d'évaluation foncière),https://donneesouvertes.affmunqc.net/role/RL47017_2026.xml,,,,
"140, Vittie",,Granby,,,507,1950,109000,212000,321000,2025,Logement,MAMH — Données Québec (rôle d'évaluation foncière),https://donneesouvertes.affmunqc.net/role/RL47017_2026.xml,,,,
"101, Mountain",,Granby,,,634.1,1953,129500,182500,312000,2025,Logement,MAMH — Données Québec (rôle d'évaluation foncière),https://donneesouvertes.affmunqc.net/role/RL47017_2026.xml,,,,
"143, Vittie",,Granby,,,1246.9,1953,188200,235800,424000,2025,Logement,MAMH — Données Québec (rôle d'évaluation foncière),https://donneesouvertes.affmunqc.net/role/RL47017_2026.xml,,,,
"139, Vittie",,Granby,,,1315.7,1950,192700,319300,512000,2025,Logement,MAMH — Données Québec (rôle d'évaluation foncière),https://donneesouvertes.affmunqc.net/role/RL47017_2026.xml,,,,
"135, Vittie",,Granby,,,915.4,1950,165800,242200,408000,2025,Logement,MAMH — Données Québec (rôle d'évaluation foncière),https://donneesouvertes.affmunqc.net/role/RL47017_2026.xml,,,,
"151, Vittie",,Granby,,,1644.7,1959,214100,222900,437000,2025,Logement,MAMH — Données Québec (rôle d'évaluation foncière),https://donneesouvertes.affmunqc.net/role/RL47017_2026.xml,,,,
"8, Marquis",,Granby,,,573.1,1957,121700,169300,291000,2025,Logement,MAMH — Données Québec (rôle d'évaluation foncière),https://donneesouvertes.affmunqc.net/role/RL47017_2026.xml,,,,
"12, Marquis",,Granby,,,642.8,1964,130700,226300,357000,2025,Logement,MAMH — Données Québec (rôle d'évaluation foncière),https://donneesouvertes.affmunqc.net/role/RL47017_2026.xml,,,,
"132, Vittie",,Granby,,,780.9,1948,148500,173500,322000,2025,Logement,MAMH — Données Québec (rôle d'évaluation foncière),https://donneesouvertes.affmunqc.net/role/RL47017_2026.xml,,,,
"128, Vittie",,Granby,,,660.4,1950,132900,317100,450000,2025,Logement,MAMH — Données Québec (rôle d'évaluation foncière),https://donneesouvertes.affmunqc.net/role/RL47017_2026.xml,,,,
"124, Vittie",,Granby,,,541.1,1950,116300,207700,324000,2025,Logement,MAMH — Données Québec (rôle d'évaluation foncière),https://donneesouvertes.affmunqc.net/role/RL47017_2026.xml,,,,
"120, Vittie",,Granby,,,861.1,1949,158800,216200,375000,2025,Logement,MAMH — Données Québec (rôle d'évaluation foncière),https://donneesouvertes.affmunqc.net/role/RL47017_2026.xml,,,,
"116, Vittie",,Granby,,,757.8,1950,145500,266500,412000,2025,Logement,MAMH — Données Québec (rôle d'évaluation foncière),https://donneesouvertes.affmunqc.net/role/RL47017_2026.xml,,,,
"117, Vittie",,Granby,,,668.1,1950,133900,281100,415000,2025,Logement,MAMH — Données Québec (rôle d'évaluation foncière),https://donneesouvertes.affmunqc.net/role/RL47017_2026.xml,,,,
"131, Vittie",,Granby,,,944.6,1950,168600,336400,505000,2025,Logement,MAMH — Données Québec (rôle d'évaluation foncière),https://donneesouvertes.affmunqc.net/role/RL47017_2026.xml,,,,
"127, Vittie",,Granby,,,974.7,1950,170500,252500,423000,2025,Logement,MAMH — Données Québec (rôle d'évaluation foncière),https://donneesouvertes.affmunqc.net/role/RL47017_2026.xml,,,,
"123, Vittie",,Granby,,,1020.5,1950,173500,246500,420000,2025,Logement,MAMH — Données Québec (rôle d'évaluation foncière),https://donneesouvertes.affmunqc.net/role/RL47017_2026.xml,,,,
"23, Marquis",,Granby,,,797.1,1959,150600,258400,409000,2025,Logement,MAMH — Données Québec (rôle d'évaluation foncière),https://donneesouvertes.affmunqc.net/role/RL47017_2026.xml,,,,
"27, Marquis",,Granby,,,753.7,1959,145000,276000,421000,2025,Logement,MAMH — Données Québec (rôle d'évaluation foncière),https://donneesouvertes.affmunqc.net/role/RL47017_2026.xml,,,,
"92, Vittie",,Granby,,,552.3,1950,118700,228300,347000,2025,Logement,MAMH — Données Québec (rôle d'évaluation foncière),https://donneesouvertes.affmunqc.net/role/RL47017_2026.xml,,,,
"96, Vittie",,Granby,,,533.4,1952,114700,224300,339000,2025,Logement,MAMH — Données Québec (rôle d'évaluation foncière),https://donneesouvertes.affmunqc.net/role/RL47017_2026.xml,,,,
"97, Vittie",,Granby,,,668.6,1950,134000,454000,588000,2025,Logement,MAMH — Données Québec (rôle d'évaluation foncière),https://donneesouvertes.affmunqc.net/role/RL47017_2026.xml,,,,
"103, Vittie",,Granby,,,668.6,1950,134000,349000,483000,2025,Logement,MAMH — Données Québec (rôle d'évaluation foncière),https://donneesouvertes.affmunqc.net/role/RL47017_2026.xml,,,,
"113, Vittie",,Granby,,,1108.7,1950,179300,302700,482000,2025,Logement,MAMH — Données Québec (rôle d'évaluation foncière),https://donneesouvertes.affmunqc.net/role/RL47017_2026.xml,,,,
"109, Vittie",,Granby,,,1151.5,1950,182000,223000,405000,2025,Logement,MAMH — Données Québec (rôle d'évaluation foncière),https://donneesouvertes.affmunqc.net/role/RL47017_2026.xml,,,,
"93, Vittie",,Granby,,,1258.2,1950,189000,190000,379000,2025,Logement,MAMH — Données Québec (rôle d'évaluation foncière),https://donneesouvertes.affmunqc.net/role/RL47017_2026.xml,,,,
"27, Belmont",,Granby,,,463.2,1900,99600,305400,405000,2025,Logement,MAMH — Données Québec (rôle d'évaluation foncière),https://donneesouvertes.affmunqc.net/role/RL47017_2026.xml,,,,
"27, Glen, app. 29",,Granby,,,479.2,1961,103000,268000,371000,2025,Logement,MAMH — Données Québec (rôle d'évaluation foncière),https://donneesouvertes.affmunqc.net/role/RL47017_2026.xml,,,,
"26, Glen",,Granby,,,634.5,1946,129600,122400,252000,2025,Logement,MAMH — Données Québec (rôle d'évaluation foncière),https://donneesouvertes.affmunqc.net/role/RL47017_2026.xml,,,,
"31, Glen",,Granby,,,318.9,1957,85700,174300,260000,2025,Logement,MAMH — Données Québec (rôle d'évaluation foncière),https://donneesouvertes.affmunqc.net/role/RL47017_2026.xml,,,,
"30, Glen",,Granby,,,634.5,1949,129600,256400,386000,2025,Logement,MAMH — Données Québec (rôle d'évaluation foncière),https://donneesouvertes.affmunqc.net/role/RL47017_2026.xml,,,,
"88, Vittie",,Granby,,,744.5,1950,143800,248200,392000,2025,Logement,MAMH — Données Québec (rôle d'évaluation foncière),https://donneesouvertes.affmunqc.net/role/RL47017_2026.xml,,,,
"84, Vittie",,Granby,,,445.7,1949,95800,276200,372000,2025,Logement,MAMH — Données Québec (rôle d'évaluation foncière),https://donneesouvertes.affmunqc.net/role/RL47017_2026.xml,,,,
"34, Glen",,Granby,,,672,1949,134400,275600,410000,2025,Logement,MAMH — Données Québec (rôle d'évaluation foncière),https://donneesouvertes.affmunqc.net/role/RL47017_2026.xml,,,,
"75, Vittie",,Granby,,,836.3,1949,155600,243400,399000,2025,Logement,MAMH — Données Québec (rôle d'évaluation foncière),https://donneesouvertes.affmunqc.net/role/RL47017_2026.xml,,,,
"79, Vittie",,Granby,,,809,1949,152100,259900,412000,2025,Logement,MAMH — Données Québec (rôle d'évaluation foncière),https://donneesouvertes.affmunqc.net/role/RL47017_2026.xml,,,,
"42, Glen",,Granby,,,615.94,1966,127200,253800,381000,2025,Logement,MAMH — Données Québec (rôle d'évaluation foncière),https://donneesouvertes.affmunqc.net/role/RL47017_2026.xml,,,,
"87, Vittie",,Granby,,,1282.3,1952,190500,260500,451000,2025,Logement,MAMH — Données Québec (rôle d'évaluation foncière),https://donneesouvertes.affmunqc.net/role/RL47017_2026.xml,,,,
"83, Vittie",,Granby,,,1313.9,1951,192600,351400,544000,2025,Logement,MAMH — Données Québec (rôle d'évaluation foncière),https://donneesouvertes.affmunqc.net/role/RL47017_2026.xml,,,,
"50, Vittie",,Granby,,,655,1962,132200,243800,376000,2025,Logement,MAMH — Données Québec (rôle d'évaluation foncière),https://donneesouvertes.affmunqc.net/role/RL47017_2026.xml,,,,
"58, Vittie",,Granby,,,647.7,1948,131300,338700,470000,2025,Logement,MAMH — Données Québec (rôle d'évaluation foncière),https://donneesouvertes.affmunqc.net/role/RL47017_2026.xml,,,,
"52, Vittie, app. 54",,Granby,,,662.6,1954,133200,171800,305000,2025,Logement,MAMH — Données Québec (rôle d'évaluation foncière),https://donneesouvertes.affmunqc.net/role/RL47017_2026.xml,,,,
"60, Vittie, app. 62",,Granby,,,632.9,1947,129400,179600,309000,2025,Logement,MAMH — Données Québec (rôle d'évaluation foncière),https://donneesouvertes.affmunqc.net/role/RL47017_2026.xml,,,,
"64, Vittie",,Granby,,,880.6,1955,161300,296700,458000,2025,Logement,MAMH — Données Québec (rôle d'évaluation foncière),https://donneesouvertes.affmunqc.net/role/RL47017_2026.xml,,,,
"57, Vittie",,Granby,,,732,1948,142200,198800,341000,2025,Logement,MAMH — Données Québec (rôle d'évaluation foncière),https://donneesouvertes.affmunqc.net/role/RL47017_2026.xml,,,,
"61, Vittie",,Granby,,,613.16,1948,126800,260200,387000,2025,Logement,MAMH — Données Québec (rôle d'évaluation foncière),https://donneesouvertes.affmunqc.net/role/RL47017_2026.xml,,,,
"63, Vittie",,Granby,,,628.1,1948,128800,202200,331000,2025,Logement,MAMH — Données Québec (rôle d'évaluation foncière),https://donneesouvertes.affmunqc.net/role/RL47017_2026.xml,,,,
"59, Vittie",,Granby,,,1081.4,1946,134900,305100,440000,2025,Logement,MAMH — Données Québec (rôle d'évaluation foncière),https://donneesouvertes.affmunqc.net/role/RL47017_2026.xml,,,,
"84, Jeanne-d'arc",,Granby,,,510.84,1948,109800,170200,280000,2025,Logement,MAMH — Données Québec (rôle d'évaluation foncière),https://donneesouvertes.affmunqc.net/role/RL47017_2026.xml,,,,
"84, Bradford",,Granby,,,472.11,1952,101500,260500,362000,2025,Logement,MAMH — Données Québec (rôle d'évaluation foncière),https://donneesouvertes.affmunqc.net/role/RL47017_2026.xml,,,,
"83, Bradford",,Granby,,,543.74,1954,116900,230100,347000,2025,Logement,MAMH — Données Québec (rôle d'évaluation foncière),https://donneesouvertes.affmunqc.net/role/RL47017_2026.xml,,,,
"86, Jeanne-d'arc",,Granby,,,482.06,1948,103600,238400,342000,2025,Logement,MAMH — Données Québec (rôle d'évaluation foncière),https://donneesouvertes.affmunqc.net/role/RL47017_2026.xml,,,,
"86, Bradford",,Granby,,,468.38,1954,100700,213300,314000,2025,Logement,MAMH — Données Québec (rôle d'évaluation foncière),https://donneesouvertes.affmunqc.net/role/RL47017_2026.xml,,,,
"48, Vittie",,Granby,,,551.9,1951,118700,143300,262000,2025,Logement,MAMH — Données Québec (rôle d'évaluation foncière),https://donneesouvertes.affmunqc.net/role/RL47017_2026.xml,,,,
"90, Jeanne-d'arc",,Granby,,,499,1956,107300,204700,312000,2025,Logement,MAMH — Données Québec (rôle d'évaluation foncière),https://donneesouvertes.affmunqc.net/role/RL47017_2026.xml,,,,
"88, Bradford",,Granby,,,464.65,1954,99900,258100,358000,2025,Logement,MAMH — Données Québec (rôle d'évaluation foncière),https://donneesouvertes.affmunqc.net/role/RL47017_2026.xml,,,,
"87, Bradford",,Granby,,,526.19,1956,113100,184900,298000,2025,Logement,MAMH — Données Québec (rôle d'évaluation foncière),https://donneesouvertes.affmunqc.net/role/RL47017_2026.xml,,,,
"42, Vittie",,Granby,,,416.6,1956,89600,209400,299000,2025,Logement,MAMH — Données Québec (rôle d'évaluation foncière),https://donneesouvertes.affmunqc.net/role/RL47017_2026.xml,,,,
"91, Bradford",,Granby,,,563.9,2017,108400,211600,320000,2025,Logement,MAMH — Données Québec (rôle d'évaluation foncière),https://donneesouvertes.affmunqc.net/role/RL47017_2026.xml,,,,
"18, Vittie",,Granby,,,511.03,1952,109900,276100,386000,2025,Logement,MAMH — Données Québec (rôle d'évaluation foncière),https://donneesouvertes.affmunqc.net/role/RL47017_2026.xml,,,,
"75, Jeanne-d'arc",,Granby,,,598.89,1955,125000,234000,359000,2025,Logement,MAMH — Données Québec (rôle d'évaluation foncière),https://donneesouvertes.affmunqc.net/role/RL47017_2026.xml,,,,
"79, Jeanne-d'arc",,Granby,,,578.96,1952,122400,268600,391000,2025,Logement,MAMH — Données Québec (rôle d'évaluation foncière),https://donneesouvertes.affmunqc.net/role/RL47017_2026.xml,,,,
"5, Prince",,Granby,,,301.52,1950,60300,117700,178000,2025,Industrie,MAMH — Données Québec (rôle d'évaluation foncière),https://donneesouvertes.affmunqc.net/role/RL47017_2026.xml,,,,
"112, Denison, app. 114",,Granby,,,553.47,1934,110700,203300,314000,2025,Logement,MAMH — Données Québec (rôle d'évaluation foncière),https://donneesouvertes.affmunqc.net/role/RL47017_2026.xml,,,,
"83, Jeanne-d'arc",,Granby,,,570.45,1953,121300,143700,265000,2025,Logement,MAMH — Données Québec (rôle d'évaluation foncière),https://donneesouvertes.affmunqc.net/role/RL47017_2026.xml,,,,
"116, Denison, app. 118",,Granby,,,670.65,1947,134100,221900,356000,2025,Logement,MAMH — Données Québec (rôle d'évaluation foncière),https://donneesouvertes.affmunqc.net/role/RL47017_2026.xml,,,,
"85, Jeanne-d'arc",,Granby,,,561.27,1948,120100,252900,373000,2025,Logement,MAMH — Données Québec (rôle d'évaluation foncière),https://donneesouvertes.affmunqc.net/role/RL47017_2026.xml,,,,
"120, Denison, app. 122",,Granby,,,754.5,1939,150900,157100,308000,2025,Logement,MAMH — Données Québec (rôle d'évaluation foncière),https://donneesouvertes.affmunqc.net/role/RL47017_2026.xml,,,,
"87, Jeanne-d'arc",,Granby,,,552.1,1956,118700,212300,331000,2025,Logement,MAMH — Données Québec (rôle d'évaluation foncière),https://donneesouvertes.affmunqc.net/role/RL47017_2026.xml,,,,
"89, Jeanne-d'arc",,Granby,,,542.92,1955,116700,168300,285000,2025,Logement,MAMH — Données Québec (rôle d'évaluation foncière),https://donneesouvertes.affmunqc.net/role/RL47017_2026.xml,,,,
"14, Vittie",,Granby,,,743.34,1964,143600,262400,406000,2025,Logement,MAMH — Données Québec (rôle d'évaluation foncière),https://donneesouvertes.affmunqc.net/role/RL47017_2026.xml,,,,
"106, Denison",,Granby,,,642.02,1947,128400,291600,420000,2025,Logement,MAMH — Données Québec (rôle d'évaluation foncière),https://donneesouvertes.affmunqc.net/role/RL47017_2026.xml,,,,
"71, Denison",,Granby,,,929.43,1992,158000,626000,784000,2025,Immeuble à bureaux,MAMH — Données Québec (rôle d'évaluation foncière),https://donneesouvertes.affmunqc.net/role/RL47017_2026.xml,,,,
"81, Denison",,Granby,,,1749.69,1992,349900,478100,828000,2025,Immeuble à bureaux,MAMH — Données Québec (rôle d'évaluation foncière),https://donneesouvertes.affmunqc.net/role/RL47017_2026.xml,,,,
"77, Denison",,Granby,,,123.18,1992,24600,229400,254000,2025,Immeuble à bureaux,MAMH — Données Québec (rôle d'évaluation foncière),https://donneesouvertes.affmunqc.net/role/RL47017_2026.xml,,,,
"111, Denison",,Granby,,,11968.7,2005,2393700,442300,2836000,2025,Institutionnel,MAMH — Données Québec (rôle d'évaluation foncière),https://donneesouvertes.affmunqc.net/role/RL47017_2026.xml,,,,
"96, Drummond",,Granby,,,1559.59,1947,127400,289600,417000,2025,Logement,MAMH — Données Québec (rôle d'évaluation foncière),https://donneesouvertes.affmunqc.net/role/RL47017_2026.xml,,,,
"98, Drummond",,Granby,,,2436.62,1947,235700,378300,614000,2025,Logement,MAMH — Données Québec (rôle d'évaluation foncière),https://donneesouvertes.affmunqc.net/role/RL47017_2026.xml,,,,
"100, Drummond",,Granby,,,2409.32,,165800,1304200,1470000,2025,Logement,MAMH — Données Québec (rôle d'évaluation foncière),https://donneesouvertes.affmunqc.net/role/RL47017_2026.xml,,,,
"106, Drummond, app. 110",,Granby,,,6200.1,,1333000,5399000,6732000,2025,Logement,MAMH — Données Québec (rôle d'évaluation foncière),https://donneesouvertes.affmunqc.net/role/RL47017_2026.xml,,,,
"115, Vittie",,Granby,,,1507.3,1950,205200,362800,568000,2025,Logement,MAMH — Données Québec (rôle d'évaluation foncière),https://donneesouvertes.affmunqc.net/role/RL47017_2026.xml,,,,
"99, Vittie",,Granby,,,2288.4,1947,255900,261100,517000,2025,Logement,MAMH — Données Québec (rôle d'évaluation foncière),https://donneesouvertes.affmunqc.net/role/RL47017_2026.xml,,,,
"46, Glen",,Granby,,,2101.4,1976,195000,335000,530000,2025,Logement,MAMH — Données Québec (rôle d'évaluation foncière),https://donneesouvertes.affmunqc.net/role/RL47017_2026.xml,,,,
"47, Glen",,Granby,,,595,1964,124500,234500,359000,2025,Logement,MAMH — Données Québec (rôle d'évaluation foncière),https://donneesouvertes.affmunqc.net/role/RL47017_2026.xml,,,,
"15, Vittie",,Granby,,,22975,1947,1120400,2134600,3255000,2025,,MAMH — Données Québec (rôle d'évaluation foncière),https://donneesouvertes.affmunqc.net/role/RL47017_2026.xml,,,,
"149, Denison",,Granby,,,3922.9,,1260000,,1260000,2025,Terrain vacant,MAMH — Données Québec (rôle d'évaluation foncière),https://donneesouvertes.affmunqc.net/role/RL47017_2026.xml,,,,
"155, Mountain",,Granby,,,103819,,3353000,,3353000,2025,Terrain vacant,MAMH — Données Québec (rôle d'évaluation foncière),https://donneesouvertes.affmunqc.net/role/RL47017_2026.xml,,,,
"74, Glen",,Granby,,,17290,,2334200,7918800,10253000,2025,Industrie,MAMH — Données Québec (rôle d'évaluation foncière),https://donneesouvertes.affmunqc.net/role/RL47017_2026.xml,,,,
"176, Denison",,Granby,,,2361.3,2022,700000,5700000,6400000,2025,Logement,MAMH — Données Québec (rôle d'évaluation foncière),https://donneesouvertes.affmunqc.net/role/RL47017_2026.xml,,,,
"188, Denison, app. 194",,Granby,,,1487,1972,297400,630600,928000,2025,Immeuble à bureaux,MAMH — Données Québec (rôle d'évaluation foncière),https://donneesouvertes.affmunqc.net/role/RL47017_2026.xml,,,,
"161, Denison",,Granby,,,4602.1,,1260000,,1260000,2025,Terrain vacant,MAMH — Données Québec (rôle d'évaluation foncière),https://donneesouvertes.affmunqc.net/role/RL47017_2026.xml,,,,
"173, Denison",,Granby,,,905.9,1947,181200,210800,392000,2025,Industrie,MAMH — Données Québec (rôle d'évaluation foncière),https://donneesouvertes.affmunqc.net/role/RL47017_2026.xml,,,,
"177, Denison, app. 181",,Granby,,,1153.6,2005,230700,741300,972000,2025,Immeuble à bureaux,MAMH — Données Québec (rôle d'évaluation foncière),https://donneesouvertes.affmunqc.net/role/RL47017_2026.xml,,,,
"10, Lac",,Granby,,,1121.1,2012,224200,435800,660000,2025,Immeuble à bureaux,MAMH — Données Québec (rôle d'évaluation foncière),https://donneesouvertes.affmunqc.net/role/RL47017_2026.xml,,,,
"20, Lac",,Granby,,,2516.4,1989,503300,599700,1103000,2025,Industrie,MAMH — Données Québec (rôle d'évaluation foncière),https://donneesouvertes.affmunqc.net/role/RL47017_2026.xml,,,,
"175, Mountain",,Granby,,,20481,,662000,,662000,2025,Terrain vacant,MAMH — Données Québec (rôle d'évaluation foncière),https://donneesouvertes.affmunqc.net/role/RL47017_2026.xml,,,,
"85, Glen",,Granby,,,1382.3,1972,197000,419000,616000,2025,Logement,MAMH — Données Québec (rôle d'évaluation foncière),https://donneesouvertes.affmunqc.net/role/RL47017_2026.xml,,,,
"200, Denison",,Granby,,,1305.1,2008,208800,461200,670000,2025,Immeuble à bureaux,MAMH — Données Québec (rôle d'évaluation foncière),https://donneesouvertes.affmunqc.net/role/RL47017_2026.xml,,,,
"189, Denison, app. 205",,Granby,,,4692.6,1989,938500,1318500,2257000,2025,Industrie,MAMH — Données Québec (rôle d'évaluation foncière),https://donneesouvertes.affmunqc.net/role/RL47017_2026.xml,,,,
"30, Lac",,Granby,,,100.6,,1,,1,2025,Immeuble commercial,MAMH — Données Québec (rôle d'évaluation foncière),https://donneesouvertes.affmunqc.net/role/RL47017_2026.xml,,,,
"19, Lac",,Granby,,,130.14,1990,28000,274000,302000,2025,Logement,MAMH — Données Québec (rôle d'évaluation foncière),https://donneesouvertes.affmunqc.net/role/RL47017_2026.xml,,,,
"25, Lac",,Granby,,,130.14,1990,28000,272000,300000,2025,Logement,MAMH — Données Québec (rôle d'évaluation foncière),https://donneesouvertes.affmunqc.net/role/RL47017_2026.xml,,,,
"31, Lac",,Granby,,,130.14,1993,28000,282000,310000,2025,Logement,MAMH — Données Québec (rôle d'évaluation foncière),https://donneesouvertes.affmunqc.net/role/RL47017_2026.xml,,,,
"45, Lac",,Granby,,,130.14,1995,28000,270000,298000,2025,Logement,MAMH — Données Québec (rôle d'évaluation foncière),https://donneesouvertes.affmunqc.net/role/RL47017_2026.xml,,,,
"234, Denison, app. 250",,Granby,,,5246.1,2014,786900,2920100,3707000,2025,Immeuble à bureaux,MAMH — Données Québec (rôle d'évaluation foncière),https://donneesouvertes.affmunqc.net/role/RL47017_2026.xml,,,,
"210, Denison",,Granby,,,205569,1960,4887100,28900,4916000,2025,Institutionnel,MAMH — Données Québec (rôle d'évaluation foncière),https://donneesouvertes.affmunqc.net/role/RL47017_2026.xml,,,,
"245, Denison",,Granby,,,872.6,1920,174500,144500,319000,2025,Logement,MAMH — Données Québec (rôle d'évaluation foncière),https://donneesouvertes.affmunqc.net/role/RL47017_2026.xml,,,,
"247, Denison",,Granby,,,163.18,2000,35000,252000,287000,2025,Logement,MAMH — Données Québec (rôle d'évaluation foncière),https://donneesouvertes.affmunqc.net/role/RL47017_2026.xml,,,,
"249, Denison",,Granby,,,165.1,2000,35000,252000,287000,2025,Logement,MAMH — Données Québec (rôle d'évaluation foncière),https://donneesouvertes.affmunqc.net/role/RL47017_2026.xml,,,,
"270, Denison",,Granby,,,5866.3,,879900,899100,1779000,2025,Institutionnel,MAMH — Données Québec (rôle d'évaluation foncière),https://donneesouvertes.affmunqc.net/role/RL47017_2026.xml,,,,
"257, Denison",,Granby,,,165.15,1998,35500,256500,292000,2025,Logement,MAMH — Données Québec (rôle d'évaluation foncière),https://donneesouvertes.affmunqc.net/role/RL47017_2026.xml,,,,
"1, Principale",,Granby,,,6377650.73,,1,,1,2025,Immeuble commercial,MAMH — Données Québec (rôle d'évaluation foncière),https://donneesouvertes.affmunqc.net/role/RL47017_2026.xml,,,,
"26, Elgin",,Granby,,,805.64,1901,151700,463300,615000,2025,Logement,MAMH — Données Québec (rôle d'évaluation foncière),https://donneesouvertes.affmunqc.net/role/RL47017_2026.xml,,,,
"16, Elgin",,Granby,,,1290.15,1947,191000,658000,849000,2025,Logement,MAMH — Données Québec (rôle d'évaluation foncière),https://donneesouvertes.affmunqc.net/role/RL47017_2026.xml,,,,
"24, Elgin",,Granby,,,802.41,1947,151200,311800,463000,2025,Logement,MAMH — Données Québec (rôle d'évaluation foncière),https://donneesouvertes.affmunqc.net/role/RL47017_2026.xml,,,,
"18, Elgin, app. 20",,Granby,,,828.05,1947,154500,336500,491000,2025,Logement,MAMH — Données Québec (rôle d'évaluation foncière),https://donneesouvertes.affmunqc.net/role/RL47017_2026.xml,,,,
"13, Elgin",,Granby,,,648.84,1947,131400,198600,330000,2025,Logement,MAMH — Données Québec (rôle d'évaluation foncière),https://donneesouvertes.affmunqc.net/role/RL47017_2026.xml,,,,
"11, Elgin",,Granby,,,582.61,1947,147500,324500,472000,2025,Logement,MAMH — Données Québec (rôle d'évaluation foncière),https://donneesouvertes.affmunqc.net/role/RL47017_2026.xml,,,,
"25, Elgin",,Granby,,,96.63,1986,21000,149000,170000,2025,Logement,MAMH — Données Québec (rôle d'évaluation foncière),https://donneesouvertes.affmunqc.net/role/RL47017_2026.xml,,,,
"23, Elgin",,Granby,,,96.63,1986,21000,149000,170000,2025,Logement,MAMH — Données Québec (rôle d'évaluation foncière),https://donneesouvertes.affmunqc.net/role/RL47017_2026.xml,,,,
"21, Elgin",,Granby,,,104.71,1986,22500,157500,180000,2025,Logement,MAMH — Données Québec (rôle d'évaluation foncière),https://donneesouvertes.affmunqc.net/role/RL47017_2026.xml,,,,
"19, Elgin",,Granby,,,104.71,1986,22500,157500,180000,2025,Logement,MAMH — Données Québec (rôle d'évaluation foncière),https://donneesouvertes.affmunqc.net/role/RL47017_2026.xml,,,,
"17, Elgin",,Granby,,,96.63,1986,21000,159000,180000,2025,Logement,MAMH — Données Québec (rôle d'évaluation foncière),https://donneesouvertes.affmunqc.net/role/RL47017_2026.xml,,,,
"34, Elgin",,Granby,,,842.6,1947,156400,327600,484000,2025,Logement,MAMH — Données Québec (rôle d'évaluation foncière),https://donneesouvertes.affmunqc.net/role/RL47017_2026.xml,,,,
"38, Elgin, app. 42",,Granby,,,546.51,1947,117500,272500,390000,2025,Logement,MAMH — Données Québec (rôle d'évaluation foncière),https://donneesouvertes.affmunqc.net/role/RL47017_2026.xml,,,,
"28, Elgin",,Granby,,,814.94,1947,152900,238100,391000,2025,Logement,MAMH — Données Québec (rôle d'évaluation foncière),https://donneesouvertes.affmunqc.net/role/RL47017_2026.xml,,,,
"41, Elgin, app. 43",,Granby,,,952.72,1947,169100,318900,488000,2025,Logement,MAMH — Données Québec (rôle d'évaluation foncière),https://donneesouvertes.affmunqc.net/role/RL47017_2026.xml,,,,
"31, Elgin, app. 37",,Granby,,,1369.76,1947,196200,266800,463000,2025,Logement,MAMH — Données Québec (rôle d'évaluation foncière),https://donneesouvertes.affmunqc.net/role/RL47017_2026.xml,,,,
"29, Elgin, app. 29",,Granby,,,2240.1,1835,252800,618200,871000,2025,Logement,MAMH — Données Québec (rôle d'évaluation foncière),https://donneesouvertes.affmunqc.net/role/RL47017_2026.xml,,,,
"27, Elgin",,Granby,,,2233.6,1940,252400,310600,563000,2025,Industrie,MAMH — Données Québec (rôle d'évaluation foncière),https://donneesouvertes.affmunqc.net/role/RL47017_2026.xml,,,,
"60, Alexandra",,Granby,,,649.76,1947,131500,312500,444000,2025,Logement,MAMH — Données Québec (rôle d'évaluation foncière),https://donneesouvertes.affmunqc.net/role/RL47017_2026.xml,,,,
"55, Elgin",,Granby,,,809.77,1947,121800,295200,417000,2025,Logement,MAMH — Données Québec (rôle d'évaluation foncière),https://donneesouvertes.affmunqc.net/role/RL47017_2026.xml,,,,
"57, Elgin",,Granby,,,1446.3,2003,201200,525800,727000,2025,Logement,MAMH — Données Québec (rôle d'évaluation foncière),https://donneesouvertes.affmunqc.net/role/RL47017_2026.xml,,,,
"45, Elgin, app. 49",,Granby,,,1582.35,1947,189000,439000,628000,2025,Logement,MAMH — Données Québec (rôle d'évaluation foncière),https://donneesouvertes.affmunqc.net/role/RL47017_2026.xml,,,,
"51, Elgin",,Granby,,,2714.96,1947,283700,609300,893000,2025,Logement,MAMH — Données Québec (rôle d'évaluation foncière),https://donneesouvertes.affmunqc.net/role/RL47017_2026.xml,,,,
"61, Alexandra, app. 63",,Granby,,,600.42,1947,125200,190800,316000,2025,Logement,MAMH — Données Québec (rôle d'évaluation foncière),https://donneesouvertes.affmunqc.net/role/RL47017_2026.xml,,,,
"77, Elgin",,Granby,,,3018.3,1977,303400,924600,1228000,2025,Logement,MAMH — Données Québec (rôle d'évaluation foncière),https://donneesouvertes.affmunqc.net/role/RL47017_2026.xml,,,,
"71, Elgin",,Granby,,,3065.5,1947,306400,618600,925000,2025,Logement,MAMH — Données Québec (rôle d'évaluation foncière),https://donneesouvertes.affmunqc.net/role/RL47017_2026.xml,,,,
"67, Elgin",,Granby,,,2548.97,,272900,751100,1024000,2025,Logement,MAMH — Données Québec (rôle d'évaluation foncière),https://donneesouvertes.affmunqc.net/role/RL47017_2026.xml,,,,
"61, Elgin, app. 63",,Granby,,,1840.9,1947,226800,440200,667000,2025,Logement,MAMH — Données Québec (rôle d'évaluation foncière),https://donneesouvertes.affmunqc.net/role/RL47017_2026.xml,,,,
"90, Church",,Granby,,,650.45,1991,131600,396400,528000,2025,Logement,MAMH — Données Québec (rôle d'évaluation foncière),https://donneesouvertes.affmunqc.net/role/RL47017_2026.xml,,,,
"84, Church",,Granby,,,645.13,1994,131000,442000,573000,2025,Logement,MAMH — Données Québec (rôle d'évaluation foncière),https://donneesouvertes.affmunqc.net/role/RL47017_2026.xml,,,,
"80, Church",,Granby,,,639.81,1992,130300,376700,507000,2025,Logement,MAMH — Données Québec (rôle d'évaluation foncière),https://donneesouvertes.affmunqc.net/role/RL47017_2026.xml,,,,
"74, Church",,Granby,,,634.5,1994,129600,374400,504000,2025,Logement,MAMH — Données Québec (rôle d'évaluation foncière),https://donneesouvertes.affmunqc.net/role/RL47017_2026.xml,,,,
"85, Elgin",,Granby,,,2171.61,1910,248300,846700,1095000,2025,Logement,MAMH — Données Québec (rôle d'évaluation foncière),https://donneesouvertes.affmunqc.net/role/RL47017_2026.xml,,,,
"30, Elm",,Granby,,,922.73,1984,166800,412200,579000,2025,Logement,MAMH — Données Québec (rôle d'évaluation foncière),https://donneesouvertes.affmunqc.net/role/RL47017_2026.xml,,,,
"62, Way Back",,Granby,,,1252.86,1962,188600,420400,609000,2025,Logement,MAMH — Données Québec (rôle d'évaluation foncière),https://donneesouvertes.affmunqc.net/role/RL47017_2026.xml,,,,
"40, Elm",,Granby,,,1799.6,1959,246500,608500,855000,2025,Logement,MAMH — Données Québec (rôle d'évaluation foncière),https://donneesouvertes.affmunqc.net/role/RL47017_2026.xml,,,,
"98, Church",,Granby,,,661.08,1999,133000,515000,648000,2025,Logement,MAMH — Données Québec (rôle d'évaluation foncière),https://donneesouvertes.affmunqc.net/role/RL47017_2026.xml,,,,
"94, Church",,Granby,,,655.8,1993,132300,323700,456000,2025,Logement,MAMH — Données Québec (rôle d'évaluation foncière),https://donneesouvertes.affmunqc.net/role/RL47017_2026.xml,,,,
"71, Way Back",,Granby,,,1841.01,1987,226900,582100,809000,2025,Logement,MAMH — Données Québec (rôle d'évaluation foncière),https://donneesouvertes.affmunqc.net/role/RL47017_2026.xml,,,,
"33, Elm",,Granby,,,902.96,1961,164200,399800,564000,2025,Logement,MAMH — Données Québec (rôle d'évaluation foncière),https://donneesouvertes.affmunqc.net/role/RL47017_2026.xml,,,,
"86, Way Back",,Granby,,,753.16,1982,144900,358100,503000,2025,Logement,MAMH — Données Québec (rôle d'évaluation foncière),https://donneesouvertes.affmunqc.net/role/RL47017_2026.xml,,,,
"80, Way Back",,Granby,,,1464.38,1977,202400,436600,639000,2025,Logement,MAMH — Données Québec (rôle d'évaluation foncière),https://donneesouvertes.affmunqc.net/role/RL47017_2026.xml,,,,
"68, Way Back",,Granby,,,812.06,1963,152500,349500,502000,2025,Logement,MAMH — Données Québec (rôle d'évaluation foncière),https://donneesouvertes.affmunqc.net/role/RL47017_2026.xml,,,,
"118, Way Back",,Granby,,,660.17,1976,132900,250100,383000,2025,Logement,MAMH — Données Québec (rôle d'évaluation foncière),https://donneesouvertes.affmunqc.net/role/RL47017_2026.xml,,,,
"124, Way Back",,Granby,,,640.79,1974,130400,264600,395000,2025,Logement,MAMH — Données Québec (rôle d'évaluation foncière),https://donneesouvertes.affmunqc.net/role/RL47017_2026.xml,,,,
"130, Way Back",,Granby,,,647.59,1974,131300,250700,382000,2025,Logement,MAMH — Données Québec (rôle d'évaluation foncière),https://donneesouvertes.affmunqc.net/role/RL47017_2026.xml,,,,
"136, Way Back",,Granby,,,757.2,1972,145400,308600,454000,2025,Logement,MAMH — Données Québec (rôle d'évaluation foncière),https://donneesouvertes.affmunqc.net/role/RL47017_2026.xml,,,,
"95, Way Back",,Granby,,,2253.5,1996,190200,329800,520000,2025,Logement,MAMH — Données Québec (rôle d'évaluation foncière),https://donneesouvertes.affmunqc.net/role/RL47017_2026.xml,,,,
"100, Way Back",,Granby,,,1481.21,1977,203500,463500,667000,2025,Logement,MAMH — Données Québec (rôle d'évaluation foncière),https://donneesouvertes.affmunqc.net/role/RL47017_2026.xml,,,,
"103, Way Back",,Granby,,,554.44,1989,119200,324800,444000,2025,Logement,MAMH — Données Québec (rôle d'évaluation foncière),https://donneesouvertes.affmunqc.net/role/RL47017_2026.xml,,,,
"106, Way Back",,Granby,,,903.68,1982,164300,374700,539000,2025,Logement,MAMH — Données Québec (rôle d'évaluation foncière),https://donneesouvertes.affmunqc.net/role/RL47017_2026.xml,,,,
"112, Way Back",,Granby,,,941.28,1978,168400,275600,444000,2025,Logement,MAMH — Données Québec (rôle d'évaluation foncière),https://donneesouvertes.affmunqc.net/role/RL47017_2026.xml,,,,
"16, Fairfield",,Granby,,,3751.4,2012,298400,395600,694000,2025,Logement,MAMH — Données Québec (rôle d'évaluation foncière),https://donneesouvertes.affmunqc.net/role/RL47017_2026.xml,,,,
"40, Fairfield",,Granby,,,5832.7,1960,799100,518900,1318000,2025,Industrie,MAMH — Données Québec (rôle d'évaluation foncière),https://donneesouvertes.affmunqc.net/role/RL47017_2026.xml,,,,
"40, Bellevue",,Granby,,,5553.5,,754400,610600,1365000,2025,Institutionnel,MAMH — Données Québec (rôle d'évaluation foncière),https://donneesouvertes.affmunqc.net/role/RL47017_2026.xml,,,,
"20, Fairfield",,Granby,,,1239,1947,187700,358300,546000,2025,Logement,MAMH — Données Québec (rôle d'évaluation foncière),https://donneesouvertes.affmunqc.net/role/RL47017_2026.xml,,,,
"22, Beacon",,Granby,,,1017.14,1971,173300,265700,439000,2025,Logement,MAMH — Données Québec (rôle d'évaluation foncière),https://donneesouvertes.affmunqc.net/role/RL47017_2026.xml,,,,
"26, Beacon",,Granby,,,2317.47,1962,257800,417200,675000,2025,Logement,MAMH — Données Québec (rôle d'évaluation foncière),https://donneesouvertes.affmunqc.net/role/RL47017_2026.xml,,,,
"71, Drummond, app. 75",,Granby,,,3264.36,1947,359100,1700900,2060000,2025,Logement,MAMH — Données Québec (rôle d'évaluation foncière),https://donneesouvertes.affmunqc.net/role/RL47017_2026.xml,,,,
"26, Church",,Granby,,,548.78,1947,118000,289000,407000,2025,Logement,MAMH — Données Québec (rôle d'évaluation foncière),https://donneesouvertes.affmunqc.net/role/RL47017_2026.xml,,,,
"24, Church",,Granby,,,544.8,1951,117100,241900,359000,2025,Logement,MAMH — Données Québec (rôle d'évaluation foncière),https://donneesouvertes.affmunqc.net/role/RL47017_2026.xml,,,,
"20, Church",,Granby,,,538.9,2015,115900,569100,685000,2025,Logement,MAMH — Données Québec (rôle d'évaluation foncière),https://donneesouvertes.affmunqc.net/role/RL47017_2026.xml,,,,
"14, Church, app. 16",,Granby,,,536.12,1947,115300,264700,380000,2025,Logement,MAMH — Données Québec (rôle d'évaluation foncière),https://donneesouvertes.affmunqc.net/role/RL47017_2026.xml,,,,
"77, Drummond",,Granby,,,1529.29,1990,229400,596600,826000,2025,Industrie,MAMH — Données Québec (rôle d'évaluation foncière),https://donneesouvertes.affmunqc.net/role/RL47017_2026.xml,,,,
"79, Drummond",,Granby,,,105.15,,1,,1,2025,Immeuble commercial,MAMH — Données Québec (rôle d'évaluation foncière),https://donneesouvertes.affmunqc.net/role/RL47017_2026.xml,,,,
"17, Church",,Granby,,,625.27,1984,125100,702900,828000,2025,Logement,MAMH — Données Québec (rôle d'évaluation foncière),https://donneesouvertes.affmunqc.net/role/RL47017_2026.xml,,,,
"27, Church",,Granby,,,1170.87,1946,183300,495700,679000,2025,Logement,MAMH — Données Québec (rôle d'évaluation foncière),https://donneesouvertes.affmunqc.net/role/RL47017_2026.xml,,,,
"64, Alexandra, app. 66",,Granby,,,599.02,1900,125000,132000,257000,2025,Logement,MAMH — Données Québec (rôle d'évaluation foncière),https://donneesouvertes.affmunqc.net/role/RL47017_2026.xml,,,,
"38, Church",,Granby,,,1789.72,1947,230500,743500,974000,2025,Logement,MAMH — Données Québec (rôle d'évaluation foncière),https://donneesouvertes.affmunqc.net/role/RL47017_2026.xml,,,,
"32, Church",,Granby,,,850.17,1937,157400,194600,352000,2025,Logement,MAMH — Données Québec (rôle d'évaluation foncière),https://donneesouvertes.affmunqc.net/role/RL47017_2026.xml,,,,
"28, Church",,Granby,,,905.3,1948,164500,355500,520000,2025,Logement,MAMH — Données Québec (rôle d'évaluation foncière),https://donneesouvertes.affmunqc.net/role/RL47017_2026.xml,,,,
"39, Church",,Granby,,,477.28,1947,102600,285400,388000,2025,Logement,MAMH — Données Québec (rôle d'évaluation foncière),https://donneesouvertes.affmunqc.net/role/RL47017_2026.xml,,,,
"35, Church",,Granby,,,488.59,1947,105000,298000,403000,2025,Logement,MAMH — Données Québec (rôle d'évaluation foncière),https://donneesouvertes.affmunqc.net/role/RL47017_2026.xml,,,,
"33, Church",,Granby,,,479.54,1953,103100,249900,353000,2025,Logement,MAMH — Données Québec (rôle d'évaluation foncière),https://donneesouvertes.affmunqc.net/role/RL47017_2026.xml,,,,
"31, Church",,Granby,,,1038.13,1948,174700,298300,473000,2025,Logement,MAMH — Données Québec (rôle d'évaluation foncière),https://donneesouvertes.affmunqc.net/role/RL47017_2026.xml,,,,
"29, Church",,Granby,,,432.61,1948,93000,255000,348000,2025,Logement,MAMH — Données Québec (rôle d'évaluation foncière),https://donneesouvertes.affmunqc.net/role/RL47017_2026.xml,,,,
"60, Church",,Granby,,,645.41,1949,131000,299000,430000,2025,Logement,MAMH — Données Québec (rôle d'évaluation foncière),https://donneesouvertes.affmunqc.net/role/RL47017_2026.xml,,,,
"67, Alexandra",,Granby,,,1176.47,1947,183700,384300,568000,2025,Logement,MAMH — Données Québec (rôle d'évaluation foncière),https://donneesouvertes.affmunqc.net/role/RL47017_2026.xml,,,,
"54, Church",,Granby,,,796.97,1949,150500,370500,521000,2025,Logement,MAMH — Données Québec (rôle d'évaluation foncière),https://donneesouvertes.affmunqc.net/role/RL47017_2026.xml,,,,
"69, Alexandra",,Granby,,,969.51,1947,170200,583800,754000,2025,Logement,MAMH — Données Québec (rôle d'évaluation foncière),https://donneesouvertes.affmunqc.net/role/RL47017_2026.xml,,,,
"55, Church",,Granby,,,549.79,1956,118200,286800,405000,2025,Logement,MAMH — Données Québec (rôle d'évaluation foncière),https://donneesouvertes.affmunqc.net/role/RL47017_2026.xml,,,,
"75, Alexandra, app. 77",,Granby,,,976.1,1947,170600,386400,557000,2025,Logement,MAMH — Données Québec (rôle d'évaluation foncière),https://donneesouvertes.affmunqc.net/role/RL47017_2026.xml,,,,
"70, Jacques-cartier, app. 72",,Granby,,,562.35,1960,120300,265700,386000,2025,Logement,MAMH — Données Québec (rôle d'évaluation foncière),https://donneesouvertes.affmunqc.net/role/RL47017_2026.xml,,,,
"81, Alexandra, app. 83",,Granby,,,976.9,1947,170700,299300,470000,2025,Logement,MAMH — Données Québec (rôle d'évaluation foncière),https://donneesouvertes.affmunqc.net/role/RL47017_2026.xml,,,,
"74, Jacques-cartier",,Granby,,,702.5,1959,138400,270600,409000,2025,Logement,MAMH — Données Québec (rôle d'évaluation foncière),https://donneesouvertes.affmunqc.net/role/RL47017_2026.xml,,,,
"70, Church",,Granby,,,675.78,1953,134900,382100,517000,2025,Logement,MAMH — Données Québec (rôle d'évaluation foncière),https://donneesouvertes.affmunqc.net/role/RL47017_2026.xml,,,,
"64, Church",,Granby,,,682.79,1952,135800,404200,540000,2025,Logement,MAMH — Données Québec (rôle d'évaluation foncière),https://donneesouvertes.affmunqc.net/role/RL47017_2026.xml,,,,
"91, Church",,Granby,,,609.38,1991,126300,289700,416000,2025,Logement,MAMH — Données Québec (rôle d'évaluation foncière),https://donneesouvertes.affmunqc.net/role/RL47017_2026.xml,,,,
"68, Noël-blais",,Granby,,,609.42,1992,126300,312700,439000,2025,Logement,MAMH — Données Québec (rôle d'évaluation foncière),https://donneesouvertes.affmunqc.net/role/RL47017_2026.xml,,,,
"75, Jacques-cartier",,Granby,,,606.02,1954,125900,201100,327000,2025,Logement,MAMH — Données Québec (rôle d'évaluation foncière),https://donneesouvertes.affmunqc.net/role/RL47017_2026.xml,,,,
"72, Noël-blais",,Granby,,,501,1998,107700,364300,472000,2025,Logement,MAMH — Données Québec (rôle d'évaluation foncière),https://donneesouvertes.affmunqc.net/role/RL47017_2026.xml,,,,
"91, Noël-blais",,Granby,,,569.47,1997,121200,305800,427000,2025,Logement,MAMH — Données Québec (rôle d'évaluation foncière),https://donneesouvertes.affmunqc.net/role/RL47017_2026.xml,,,,
"79, Jacques-cartier",,Granby,,,562.8,1952,120300,372700,493000,2025,Logement,MAMH — Données Québec (rôle d'évaluation foncière),https://donneesouvertes.affmunqc.net/role/RL47017_2026.xml,,,,
"76, Noël-blais",,Granby,,,501,1998,107700,330300,438000,2025,Logement,MAMH — Données Québec (rôle d'évaluation foncière),https://donneesouvertes.affmunqc.net/role/RL47017_2026.xml,,,,
"81, Jacques-cartier",,Granby,,,565.87,1961,120700,269300,390000,2025,Logement,MAMH — Données Québec (rôle d'évaluation foncière),https://donneesouvertes.affmunqc.net/role/RL47017_2026.xml,,,,
"80, Noël-blais",,Granby,,,501,1996,107700,323300,431000,2025,Logement,MAMH — Données Québec (rôle d'évaluation foncière),https://donneesouvertes.affmunqc.net/role/RL47017_2026.xml,,,,
"95, Church",,Granby,,,520.89,1992,112000,291000,403000,2025,Logement,MAMH — Données Québec (rôle d'évaluation foncière),https://donneesouvertes.affmunqc.net/role/RL47017_2026.xml,,,,
"99, Church",,Granby,,,601.9,1992,125400,241600,367000,2025,Logement,MAMH — Données Québec (rôle d'évaluation foncière),https://donneesouvertes.affmunqc.net/role/RL47017_2026.xml,,,,
"52, Elm",,Granby,,,1231.79,1959,187300,401700,589000,2025,Logement,MAMH — Données Québec (rôle d'évaluation foncière),https://donneesouvertes.affmunqc.net/role/RL47017_2026.xml,,,,
"95, Noël-blais",,Granby,,,649.5,1998,131500,452500,584000,2025,Logement,MAMH — Données Québec (rôle d'évaluation foncière),https://donneesouvertes.affmunqc.net/role/RL47017_2026.xml,,,,
"56, Elm",,Granby,,,534.4,2005,114900,363100,478000,2025,Logement,MAMH — Données Québec (rôle d'évaluation foncière),https://donneesouvertes.affmunqc.net/role/RL47017_2026.xml,,,,
"99, Noël-blais",,Granby,,,563.1,2001,120400,400600,521000,2025,Logement,MAMH — Données Québec (rôle d'évaluation foncière),https://donneesouvertes.affmunqc.net/role/RL47017_2026.xml,,,,
"60, Elm",,Granby,,,697.4,1959,137700,199300,337000,2025,Logement,MAMH — Données Québec (rôle d'évaluation foncière),https://donneesouvertes.affmunqc.net/role/RL47017_2026.xml,,,,
"100, Noël-blais",,Granby,,,630.18,1998,129000,339000,468000,2025,Logement,MAMH — Données Québec (rôle d'évaluation foncière),https://donneesouvertes.affmunqc.net/role/RL47017_2026.xml,,,,
"49, Elm",,Granby,,,1129.83,1967,180600,406400,587000,2025,Logement,MAMH — Données Québec (rôle d'évaluation foncière),https://donneesouvertes.affmunqc.net/role/RL47017_2026.xml,,,,
"135, Way Back",,Granby,,,1000.48,,172200,565800,738000,2025,Logement,MAMH — Données Québec (rôle d'évaluation foncière),https://donneesouvertes.affmunqc.net/role/RL47017_2026.xml,,,,
"141, Way Back",,Granby,,,1014.4,1974,173100,309900,483000,2025,Logement,MAMH — Données Québec (rôle d'évaluation foncière),https://donneesouvertes.affmunqc.net/role/RL47017_2026.xml,,,,
"65, Elm",,Granby,,,1257.96,1960,189000,454000,643000,2025,Logement,MAMH — Données Québec (rôle d'évaluation foncière),https://donneesouvertes.affmunqc.net/role/RL47017_2026.xml,,,,
"69, Elm",,Granby,,,2425.1,1987,264800,414200,679000,2025,Logement,MAMH — Données Québec (rôle d'évaluation foncière),https://donneesouvertes.affmunqc.net/role/RL47017_2026.xml,,,,
"111, Way Back",,Granby,,,1695.74,1980,217400,470600,688000,2025,Logement,MAMH — Données Québec (rôle d'évaluation foncière),https://donneesouvertes.affmunqc.net/role/RL47017_2026.xml,,,,
"123, Way Back",,Granby,,,2359.5,1981,260600,278400,539000,2025,Logement,MAMH — Données Québec (rôle d'évaluation foncière),https://donneesouvertes.affmunqc.net/role/RL47017_2026.xml,,,,
"120, Lansdowne",,Granby,,,1551.75,1978,208100,256900,465000,2025,Logement,MAMH — Données Québec (rôle d'évaluation foncière),https://donneesouvertes.affmunqc.net/role/RL47017_2026.xml,,,,
"116, Lansdowne",,Granby,,,1548.64,1974,207800,256200,464000,2025,Logement,MAMH — Données Québec (rôle d'évaluation foncière),https://donneesouvertes.affmunqc.net/role/RL47017_2026.xml,,,,
"150, Lansdowne",,Granby,,,44553.8,,6103700,16435300,22539000,2025,Industrie,MAMH — Données Québec (rôle d'évaluation foncière),https://donneesouvertes.affmunqc.net/role/RL47017_2026.xml,,,,
"56, Bellevue",,Granby,,,1235.52,1971,187500,244500,432000,2025,Logement,MAMH — Données Québec (rôle d'évaluation foncière),https://donneesouvertes.affmunqc.net/role/RL47017_2026.xml,,,,
"60, Bellevue",,Granby,,,674.31,1966,134700,262300,397000,2025,Logement,MAMH — Données Québec (rôle d'évaluation foncière),https://donneesouvertes.affmunqc.net/role/RL47017_2026.xml,,,,
"170, Lansdowne",,Granby,,,644.9,1966,130900,286100,417000,2025,Logement,MAMH — Données Québec (rôle d'évaluation foncière),https://donneesouvertes.affmunqc.net/role/RL47017_2026.xml,,,,
"19, Church, app. 21",,Granby,,,1195.05,1948,184900,252100,437000,2025,Logement,MAMH — Données Québec (rôle d'évaluation foncière),https://donneesouvertes.affmunqc.net/role/RL47017_2026.xml,,,,
"8, Aberdeen, app. 14",,Granby,,,518.51,1977,103700,339300,443000,2025,Logement,MAMH — Données Québec (rôle d'évaluation foncière),https://donneesouvertes.affmunqc.net/role/RL47017_2026.xml,,,,
"83, Drummond, app. 87",,Granby,,,786,1947,157200,214800,372000,2025,Logement,MAMH — Données Québec (rôle d'évaluation foncière),https://donneesouvertes.affmunqc.net/role/RL47017_2026.xml,,,,
"19, Aberdeen",,Granby,,,677.11,1955,135100,242900,378000,2025,Logement,MAMH — Données Québec (rôle d'évaluation foncière),https://donneesouvertes.affmunqc.net/role/RL47017_2026.xml,,,,
"15, Aberdeen",,Granby,,,676.95,1955,135100,220900,356000,2025,Logement,MAMH — Données Québec (rôle d'évaluation foncière),https://donneesouvertes.affmunqc.net/role/RL47017_2026.xml,,,,
"11, Aberdeen",,Granby,,,631.76,1955,129200,274800,404000,2025,Logement,MAMH — Données Québec (rôle d'évaluation foncière),https://donneesouvertes.affmunqc.net/role/RL47017_2026.xml,,,,
"89, Drummond",,Granby,,,2491.3,,536000,,536000,2025,Terrain vacant,MAMH — Données Québec (rôle d'évaluation foncière),https://donneesouvertes.affmunqc.net/role/RL47017_2026.xml,,,,
"95, Drummond, app. 97",,Granby,,,830.21,1947,151700,364300,516000,2025,Logement,MAMH — Données Québec (rôle d'évaluation foncière),https://donneesouvertes.affmunqc.net/role/RL47017_2026.xml,,,,
"16, Lansdowne, app. 18",,Granby,,,835.96,1947,132200,311800,444000,2025,Logement,MAMH — Données Québec (rôle d'évaluation foncière),https://donneesouvertes.affmunqc.net/role/RL47017_2026.xml,,,,
"14, Lansdowne",,Granby,,,821.9,1947,153800,356200,510000,2025,Logement,MAMH — Données Québec (rôle d'évaluation foncière),https://donneesouvertes.affmunqc.net/role/RL47017_2026.xml,,,,
"86, Alexandra",,Granby,,,449.25,1947,96600,321400,418000,2025,Logement,MAMH — Données Québec (rôle d'évaluation foncière),https://donneesouvertes.affmunqc.net/role/RL47017_2026.xml,,,,
"35, Aberdeen",,Granby,,,639.9,1954,130300,282700,413000,2025,Logement,MAMH — Données Québec (rôle d'évaluation foncière),https://donneesouvertes.affmunqc.net/role/RL47017_2026.xml,,,,
"88, Alexandra",,Granby,,,646.74,1935,131200,236800,368000,2025,Logement,MAMH — Données Québec (rôle d'évaluation foncière),https://donneesouvertes.affmunqc.net/role/RL47017_2026.xml,,,,
"90, Alexandra",,Granby,,,614.7,1947,127000,310000,437000,2025,Logement,MAMH — Données Québec (rôle d'évaluation foncière),https://donneesouvertes.affmunqc.net/role/RL47017_2026.xml,,,,
"31, Aberdeen",,Granby,,,922.4,1954,166700,256300,423000,2025,Logement,MAMH — Données Québec (rôle d'évaluation foncière),https://donneesouvertes.affmunqc.net/role/RL47017_2026.xml,,,,
"94, Alexandra",,Granby,,,455.81,1947,98000,232000,330000,2025,Logement,MAMH — Données Québec (rôle d'évaluation foncière),https://donneesouvertes.affmunqc.net/role/RL47017_2026.xml,,,,
"23, Aberdeen",,Granby,,,550.64,1955,118400,227600,346000,2025,Logement,MAMH — Données Québec (rôle d'évaluation foncière),https://donneesouvertes.affmunqc.net/role/RL47017_2026.xml,,,,
"27, Aberdeen",,Granby,,,682.54,1954,135800,265200,401000,2025,Logement,MAMH — Données Québec (rôle d'évaluation foncière),https://donneesouvertes.affmunqc.net/role/RL47017_2026.xml,,,,
"34, Lansdowne",,Granby,,,899.35,1947,134300,273700,408000,2025,Logement,MAMH — Données Québec (rôle d'évaluation foncière),https://donneesouvertes.affmunqc.net/role/RL47017_2026.xml,,,,
"32, Lansdowne",,Granby,,,880.81,1947,132300,366700,499000,2025,Logement,MAMH — Données Québec (rôle d'évaluation foncière),https://donneesouvertes.affmunqc.net/role/RL47017_2026.xml,,,,
"28, Lansdowne",,Granby,,,875.51,1947,131800,264200,396000,2025,Logement,MAMH — Données Québec (rôle d'évaluation foncière),https://donneesouvertes.affmunqc.net/role/RL47017_2026.xml,,,,
"24, Lansdowne",,Granby,,,863.24,1947,130500,224500,355000,2025,Logement,MAMH — Données Québec (rôle d'évaluation foncière),https://donneesouvertes.affmunqc.net/role/RL47017_2026.xml,,,,
"22, Lansdowne",,Granby,,,850.02,1947,157400,210600,368000,2025,Logement,MAMH — Données Québec (rôle d'évaluation foncière),https://donneesouvertes.affmunqc.net/role/RL47017_2026.xml,,,,
"85, Alexandra",,Granby,,,865.2,1959,135400,422600,558000,2025,Logement,MAMH — Données Québec (rôle d'évaluation foncière),https://donneesouvertes.affmunqc.net/role/RL47017_2026.xml,,,,
"78, Jacques-cartier",,Granby,,,617.9,1958,127400,316600,444000,2025,Logement,MAMH — Données Québec (rôle d'évaluation foncière),https://donneesouvertes.affmunqc.net/role/RL47017_2026.xml,,,,
"89, Alexandra",,Granby,,,960.1,1947,169600,435400,605000,2025,Logement,MAMH — Données Québec (rôle d'évaluation foncière),https://donneesouvertes.affmunqc.net/role/RL47017_2026.xml,,,,
"82, Jacques-cartier",,Granby,,,719,2014,140500,517500,658000,2025,Logement,MAMH — Données Québec (rôle d'évaluation foncière),https://donneesouvertes.affmunqc.net/role/RL47017_2026.xml,,,,
"91, Alexandra, app. 93",,Granby,,,874.5,1947,160500,220500,381000,2025,Logement,MAMH — Données Québec (rôle d'évaluation foncière),https://donneesouvertes.affmunqc.net/role/RL47017_2026.xml,,,,
"86, Jacques-cartier, app. 88",,Granby,,,543.72,1955,116900,252100,369000,2025,Logement,MAMH — Données Québec (rôle d'évaluation foncière),https://donneesouvertes.affmunqc.net/role/RL47017_2026.xml,,,,
"95, Alexandra, app. 97",,Granby,,,884.5,1947,124600,252400,377000,2025,Logement,MAMH — Données Québec (rôle d'évaluation foncière),https://donneesouvertes.affmunqc.net/role/RL47017_2026.xml,,,,
"98, Alexandra",,Granby,,,399.51,1955,85900,216100,302000,2025,Logement,MAMH — Données Québec (rôle d'évaluation foncière),https://donneesouvertes.affmunqc.net/role/RL47017_2026.xml,,,,
"54, Lansdowne",,Granby,,,530.04,1952,114000,295000,409000,2025,Logement,MAMH — Données Québec (rôle d'évaluation foncière),https://donneesouvertes.affmunqc.net/role/RL47017_2026.xml,,,,
"50, Lansdowne",,Granby,,,517.39,1963,111200,220800,332000,2025,Logement,MAMH — Données Québec (rôle d'évaluation foncière),https://donneesouvertes.affmunqc.net/role/RL47017_2026.xml,,,,
"99, Alexandra, app. 103",,Granby,,,957.2,1947,169400,408600,578000,2025,Logement,MAMH — Données Québec (rôle d'évaluation foncière),https://donneesouvertes.affmunqc.net/role/RL47017_2026.xml,,,,
"36, Lansdowne",,Granby,,,517.6,1947,111300,263700,375000,2025,Logement,MAMH — Données Québec (rôle d'évaluation foncière),https://donneesouvertes.affmunqc.net/role/RL47017_2026.xml,,,,
"83, Jacques-cartier",,Granby,,,568.98,1961,121100,298900,420000,2025,Logement,MAMH — Données Québec (rôle d'évaluation foncière),https://donneesouvertes.affmunqc.net/role/RL47017_2026.xml,,,,
"84, Noël-blais",,Granby,,,807.24,2000,151900,375100,527000,2025,Logement,MAMH — Données Québec (rôle d'évaluation foncière),https://donneesouvertes.affmunqc.net/role/RL47017_2026.xml,,,,
"88, Noël-blais",,Granby,,,527.66,1998,113400,399600,513000,2025,Logement,MAMH — Données Québec (rôle d'évaluation foncière),https://donneesouvertes.affmunqc.net/role/RL47017_2026.xml,,,,
"85, Jacques-cartier",,Granby,,,1066.54,1952,176500,322500,499000,2025,Logement,MAMH — Données Québec (rôle d'évaluation foncière),https://donneesouvertes.affmunqc.net/role/RL47017_2026.xml,,,,
"72, Lansdowne",,Granby,,,322.17,1996,69300,248700,318000,2025,Logement,MAMH — Données Québec (rôle d'évaluation foncière),https://donneesouvertes.affmunqc.net/role/RL47017_2026.xml,,,,
"66, Lansdowne",,Granby,,,360.07,1990,77400,318600,396000,2025,Logement,MAMH — Données Québec (rôle d'évaluation foncière),https://donneesouvertes.affmunqc.net/role/RL47017_2026.xml,,,,
"70, Lansdowne",,Granby,,,322.18,1996,69300,252700,322000,2025,Logement,MAMH — Données Québec (rôle d'évaluation foncière),https://donneesouvertes.affmunqc.net/role/RL47017_2026.xml,,,,
"64, Lansdowne",,Granby,,,360.08,1990,77400,230600,308000,2025,Logement,MAMH — Données Québec (rôle d'évaluation foncière),https://donneesouvertes.affmunqc.net/role/RL47017_2026.xml,,,,
"93, Jacques-cartier",,Granby,,,873.28,1954,160400,352600,513000,2025,Logement,MAMH — Données Québec (rôle d'évaluation foncière),https://donneesouvertes.affmunqc.net/role/RL47017_2026.xml,,,,
"58, Lansdowne",,Granby,,,523.44,1976,112500,308500,421000,2025,Logement,MAMH — Données Québec (rôle d'évaluation foncière),https://donneesouvertes.affmunqc.net/role/RL47017_2026.xml,,,,
"81, Lansdowne",,Granby,,,556.7,1954,119500,234500,354000,2025,Logement,MAMH — Données Québec (rôle d'évaluation foncière),https://donneesouvertes.affmunqc.net/role/RL47017_2026.xml,,,,
"68, Elm",,Granby,,,805.67,1962,151700,283300,435000,2025,Logement,MAMH — Données Québec (rôle d'évaluation foncière),https://donneesouvertes.affmunqc.net/role/RL47017_2026.xml,,,,
"96, Noël-blais",,Granby,,,643,1998,130700,451300,582000,2025,Logement,MAMH — Données Québec (rôle d'évaluation foncière),https://donneesouvertes.affmunqc.net/role/RL47017_2026.xml,,,,
"92, Noël-blais",,Granby,,,517.47,1998,111300,350700,462000,2025,Logement,MAMH — Données Québec (rôle d'évaluation foncière),https://donneesouvertes.affmunqc.net/role/RL47017_2026.xml,,,,
"90, Lansdowne",,Granby,,,503.92,1989,108300,257700,366000,2025,Logement,MAMH — Données Québec (rôle d'évaluation foncière),https://donneesouvertes.affmunqc.net/role/RL47017_2026.xml,,,,
"76, Elm",,Granby,,,1028.29,1974,174000,234000,408000,2025,Logement,MAMH — Données Québec (rôle d'évaluation foncière),https://donneesouvertes.affmunqc.net/role/RL47017_2026.xml,,,,
"88, Lansdowne",,Granby,,,405.24,1989,87100,280900,368000,2025,Logement,MAMH — Données Québec (rôle d'évaluation foncière),https://donneesouvertes.affmunqc.net/role/RL47017_2026.xml,,,,
"84, Lansdowne",,Granby,,,354.61,1989,76200,263800,340000,2025,Logement,MAMH — Données Québec (rôle d'évaluation foncière),https://donneesouvertes.affmunqc.net/role/RL47017_2026.xml,,,,
"82, Lansdowne",,Granby,,,354.61,1989,76200,231800,308000,2025,Logement,MAMH — Données Québec (rôle d'évaluation foncière),https://donneesouvertes.affmunqc.net/role/RL47017_2026.xml,,,,
"78, Lansdowne",,Granby,,,380.36,1990,81800,255200,337000,2025,Logement,MAMH — Données Québec (rôle d'évaluation foncière),https://donneesouvertes.affmunqc.net/role/RL47017_2026.xml,,,,
"76, Lansdowne",,Granby,,,393.51,1990,84600,233400,318000,2025,Logement,MAMH — Données Québec (rôle d'évaluation foncière),https://donneesouvertes.affmunqc.net/role/RL47017_2026.xml,,,,
"87, Lansdowne",,Granby,,,1713.1,1968,239400,394600,634000,2025,Logement,MAMH — Données Québec (rôle d'évaluation foncière),https://donneesouvertes.affmunqc.net/role/RL47017_2026.xml,,,,
"83, Lansdowne",,Granby,,,556.7,1952,119500,248500,368000,2025,Logement,MAMH — Données Québec (rôle d'évaluation foncière),https://donneesouvertes.affmunqc.net/role/RL47017_2026.xml,,,,
"108, Lansdowne",,Granby,,,1121.93,1975,180100,256900,437000,2025,Logement,MAMH — Données Québec (rôle d'évaluation foncière),https://donneesouvertes.affmunqc.net/role/RL47017_2026.xml,,,,
"104, Lansdowne",,Granby,,,931.06,1998,167700,389300,557000,2025,Logement,MAMH — Données Québec (rôle d'évaluation foncière),https://donneesouvertes.affmunqc.net/role/RL47017_2026.xml,,,,
"77, Elm",,Granby,,,1739.71,1964,220300,409700,630000,2025,Logement,MAMH — Données Québec (rôle d'évaluation foncière),https://donneesouvertes.affmunqc.net/role/RL47017_2026.xml,,,,
"85, Elm",,Granby,,,743.22,1957,143600,270400,414000,2025,Logement,MAMH — Données Québec (rôle d'évaluation foncière),https://donneesouvertes.affmunqc.net/role/RL47017_2026.xml,,,,
"90, Grove",,Granby,,,2043.9,1950,252000,347000,599000,2025,Logement,MAMH — Données Québec (rôle d'évaluation foncière),https://donneesouvertes.affmunqc.net/role/RL47017_2026.xml,,,,
"112, Lansdowne",,Granby,,,1035.13,1972,174500,274500,449000,2025,Logement,MAMH — Données Québec (rôle d'évaluation foncière),https://donneesouvertes.affmunqc.net/role/RL47017_2026.xml,,,,
"129, Lansdowne",,Granby,,,731.5,,142000,,142000,2025,Terrain vacant,MAMH — Données Québec (rôle d'évaluation foncière),https://donneesouvertes.affmunqc.net/role/RL47017_2026.xml,,,,
"125, Lansdowne",,Granby,,,787.4,1999,149300,545700,695000,2025,Logement,MAMH — Données Québec (rôle d'évaluation foncière),https://donneesouvertes.affmunqc.net/role/RL47017_2026.xml,,,,
"116, Grove",,Granby,,,1881.3,1997,257700,454300,712000,2025,Logement,MAMH — Données Québec (rôle d'évaluation foncière),https://donneesouvertes.affmunqc.net/role/RL47017_2026.xml,,,,
"126, Grove",,Granby,,,845.7,1956,156800,333200,490000,2025,Logement,MAMH — Données Québec (rôle d'évaluation foncière),https://donneesouvertes.affmunqc.net/role/RL47017_2026.xml,,,,
"100, Grove",,Granby,,,1881.3,1947,265500,501500,767000,2025,Logement,MAMH — Données Québec (rôle d'évaluation foncière),https://donneesouvertes.affmunqc.net/role/RL47017_2026.xml,,,,
"120, Grove",,Granby,,,603.8,2010,125600,607400,733000,2025,Logement,MAMH — Données Québec (rôle d'évaluation foncière),https://donneesouvertes.affmunqc.net/role/RL47017_2026.xml,,,,
"137, Lansdowne",,Granby,,,828.5,1980,154600,228400,383000,2025,Logement,MAMH — Données Québec (rôle d'évaluation foncière),https://donneesouvertes.affmunqc.net/role/RL47017_2026.xml,,,,
"133, Lansdowne",,Granby,,,787.4,1981,149300,230700,380000,2025,Logement,MAMH — Données Québec (rôle d'évaluation foncière),https://donneesouvertes.affmunqc.net/role/RL47017_2026.xml,,,,
"134, Grove",,Granby,,,1156.46,1979,182400,232600,415000,2025,Logement,MAMH — Données Québec (rôle d'évaluation foncière),https://donneesouvertes.affmunqc.net/role/RL47017_2026.xml,,,,
"132, Grove",,Granby,,,631,2002,129100,407900,537000,2025,Logement,MAMH — Données Québec (rôle d'évaluation foncière),https://donneesouvertes.affmunqc.net/role/RL47017_2026.xml,,,,
"130, Grove",,Granby,,,696.8,1954,137600,216400,354000,2025,Logement,MAMH — Données Québec (rôle d'évaluation foncière),https://donneesouvertes.affmunqc.net/role/RL47017_2026.xml,,,,
"146, Grove",,Granby,,,1682.3,1955,216500,442500,659000,2025,Logement,MAMH — Données Québec (rôle d'évaluation foncière),https://donneesouvertes.affmunqc.net/role/RL47017_2026.xml,,,,
"150, Grove",,Granby,,,550,1956,118300,259700,378000,2025,Logement,MAMH — Données Québec (rôle d'évaluation foncière),https://donneesouvertes.affmunqc.net/role/RL47017_2026.xml,,,,
"156, Grove",,Granby,,,669.1,1964,134000,390000,524000,2025,Logement,MAMH — Données Québec (rôle d'évaluation foncière),https://donneesouvertes.affmunqc.net/role/RL47017_2026.xml,,,,
"152, Grove",,Granby,,,686.3,1962,136300,380700,517000,2025,Logement,MAMH — Données Québec (rôle d'évaluation foncière),https://donneesouvertes.affmunqc.net/role/RL47017_2026.xml,,,,
"72, Bellevue",,Granby,,,922.2,1964,166700,223300,390000,2025,Logement,MAMH — Données Québec (rôle d'évaluation foncière),https://donneesouvertes.affmunqc.net/role/RL47017_2026.xml,,,,
"76, Bellevue",,Granby,,,1042.64,1972,175000,310000,485000,2025,Logement,MAMH — Données Québec (rôle d'évaluation foncière),https://donneesouvertes.affmunqc.net/role/RL47017_2026.xml,,,,
"170, Grove",,Granby,,,926.3,1963,167200,311800,479000,2025,Logement,MAMH — Données Québec (rôle d'évaluation foncière),https://donneesouvertes.affmunqc.net/role/RL47017_2026.xml,,,,
"80, Bellevue",,Granby,,,1741.92,1961,220400,445600,666000,2025,Logement,MAMH — Données Québec (rôle d'évaluation foncière),https://donneesouvertes.affmunqc.net/role/RL47017_2026.xml,,,,
"8, Lansdowne, app. 10",,Granby,,,860.25,1949,158700,249300,408000,2025,Logement,MAMH — Données Québec (rôle d'évaluation foncière),https://donneesouvertes.affmunqc.net/role/RL47017_2026.xml,,,,
"103, Drummond, app. 107",,Granby,,,1574.2,1951,338500,1191500,1530000,2025,Logement,MAMH — Données Québec (rôle d'évaluation foncière),https://donneesouvertes.affmunqc.net/role/RL47017_2026.xml,,,,
"9, Lansdowne, app. 11",,Granby,,,427,1947,91800,173200,265000,2025,Logement,MAMH — Données Québec (rôle d'évaluation foncière),https://donneesouvertes.affmunqc.net/role/RL47017_2026.xml,,,,
"7, Lansdowne",,Granby,,,1007.6,1947,172700,300300,473000,2025,Logement,MAMH — Données Québec (rôle d'évaluation foncière),https://donneesouvertes.affmunqc.net/role/RL47017_2026.xml,,,,
"109, Drummond, app. 113",,Granby,,,2347.7,1952,504800,1060200,1565000,2025,Logement,MAMH — Données Québec (rôle d'évaluation foncière),https://donneesouvertes.affmunqc.net/role/RL47017_2026.xml,,,,
"31, Lansdowne",,Granby,,,500.8,1947,107700,242300,350000,2025,Logement,MAMH — Données Québec (rôle d'évaluation foncière),https://donneesouvertes.affmunqc.net/role/RL47017_2026.xml,,,,
"27, Lansdowne",,Granby,,,508.5,1947,109300,319700,429000,2025,Logement,MAMH — Données Québec (rôle d'évaluation foncière),https://donneesouvertes.affmunqc.net/role/RL47017_2026.xml,,,,
"21, Lansdowne",,Granby,,,504,1947,108400,282600,391000,2025,Logement,MAMH — Données Québec (rôle d'évaluation foncière),https://donneesouvertes.affmunqc.net/role/RL47017_2026.xml,,,,
"23, Lansdowne",,Granby,,,667.5,1947,133800,289200,423000,2025,Logement,MAMH — Données Québec (rôle d'évaluation foncière),https://donneesouvertes.affmunqc.net/role/RL47017_2026.xml,,,,
"17, Lansdowne, app. 19",,Granby,,,334,1947,71800,267200,339000,2025,Logement,MAMH — Données Québec (rôle d'évaluation foncière),https://donneesouvertes.affmunqc.net/role/RL47017_2026.xml,,,,
"13, Lansdowne, app. 15",,Granby,,,426.9,1979,91800,224200,316000,2025,Logement,MAMH — Données Québec (rôle d'évaluation foncière),https://donneesouvertes.affmunqc.net/role/RL47017_2026.xml,,,,
"32, Grove, app. 34",,Granby,,,500.8,1961,107700,399300,507000,2025,Logement,MAMH — Données Québec (rôle d'évaluation foncière),https://donneesouvertes.affmunqc.net/role/RL47017_2026.xml,,,,
"30, Grove",,Granby,,,504.1,1967,108400,223600,332000,2025,Logement,MAMH — Données Québec (rôle d'évaluation foncière),https://donneesouvertes.affmunqc.net/role/RL47017_2026.xml,,,,
"22, Grove",,Granby,,,886.1,1986,162000,567000,729000,2025,Logement,MAMH — Données Québec (rôle d'évaluation foncière),https://donneesouvertes.affmunqc.net/role/RL47017_2026.xml,,,,
"26, Grove",,Granby,,,335.8,1947,72200,344800,417000,2025,Logement,MAMH — Données Québec (rôle d'évaluation foncière),https://donneesouvertes.affmunqc.net/role/RL47017_2026.xml,,,,
"12, Grove, app. 14",,Granby,,,768.5,1944,146900,223100,370000,2025,Logement,MAMH — Données Québec (rôle d'évaluation foncière),https://donneesouvertes.affmunqc.net/role/RL47017_2026.xml,,,,
"55, Lansdowne",,Granby,,,343.3,1947,73800,207200,281000,2025,Logement,MAMH — Données Québec (rôle d'évaluation foncière),https://donneesouvertes.affmunqc.net/role/RL47017_2026.xml,,,,
"105, Alexandra",,Granby,,,465.7,1947,100100,308900,409000,2025,Logement,MAMH — Données Québec (rôle d'évaluation foncière),https://donneesouvertes.affmunqc.net/role/RL47017_2026.xml,,,,
"51, Lansdowne",,Granby,,,366,1947,78700,272300,351000,2025,Logement,MAMH — Données Québec (rôle d'évaluation foncière),https://donneesouvertes.affmunqc.net/role/RL47017_2026.xml,,,,
"33, Lansdowne, app. 37",,Granby,,,632.4,1947,129300,251700,381000,2025,Logement,MAMH — Données Québec (rôle d'évaluation foncière),https://donneesouvertes.affmunqc.net/role/RL47017_2026.xml,,,,
"110, Alexandra",,Granby,,,972.5,1960,170400,539600,710000,2025,Logement,MAMH — Données Québec (rôle d'évaluation foncière),https://donneesouvertes.affmunqc.net/role/RL47017_2026.xml,,,,
"50, Grove",,Granby,,,1167.26,1972,183100,228900,412000,2025,Logement,MAMH — Données Québec (rôle d'évaluation foncière),https://donneesouvertes.affmunqc.net/role/RL47017_2026.xml,,,,
"118, Alexandra",,Granby,,,323.24,1947,69500,383500,453000,2025,Logement,MAMH — Données Québec (rôle d'évaluation foncière),https://donneesouvertes.affmunqc.net/role/RL47017_2026.xml,,,,
"38, Grove",,Granby,,,691.6,1985,136900,359100,496000,2025,Logement,MAMH — Données Québec (rôle d'évaluation foncière),https://donneesouvertes.affmunqc.net/role/RL47017_2026.xml,,,,
"39, Grove",,Granby,,,459.68,1947,98800,308200,407000,2025,Logement,MAMH — Données Québec (rôle d'évaluation foncière),https://donneesouvertes.affmunqc.net/role/RL47017_2026.xml,,,,
"126, Alexandra",,Granby,,,790.5,1947,115600,287400,403000,2025,Logement,MAMH — Données Québec (rôle d'évaluation foncière),https://donneesouvertes.affmunqc.net/role/RL47017_2026.xml,,,,
"79, Lansdowne",,Granby,,,371.1,2009,79800,352200,432000,2025,Logement,MAMH — Données Québec (rôle d'évaluation foncière),https://donneesouvertes.affmunqc.net/role/RL47017_2026.xml,,,,
"75, Lansdowne",,Granby,,,371.1,1954,79800,270200,350000,2025,Logement,MAMH — Données Québec (rôle d'évaluation foncière),https://donneesouvertes.affmunqc.net/role/RL47017_2026.xml,,,,
"69, Lansdowne, app. 71",,Granby,,,371.1,1950,79800,197200,277000,2025,Logement,MAMH — Données Québec (rôle d'évaluation foncière),https://donneesouvertes.affmunqc.net/role/RL47017_2026.xml,,,,
"63, Lansdowne, app. 65",,Granby,,,359.9,1949,77400,165600,243000,2025,Logement,MAMH — Données Québec (rôle d'évaluation foncière),https://donneesouvertes.affmunqc.net/role/RL47017_2026.xml,,,,
"59, Lansdowne",,Granby,,,382.4,1947,82200,258800,341000,2025,Logement,MAMH — Données Québec (rôle d'évaluation foncière),https://donneesouvertes.affmunqc.net/role/RL47017_2026.xml,,,,
"68, Grove",,Granby,,,649.6,1955,131500,318500,450000,2025,Logement,MAMH — Données Québec (rôle d'évaluation foncière),https://donneesouvertes.affmunqc.net/role/RL47017_2026.xml,,,,
"64, Grove",,Granby,,,510.2,1951,109700,387300,497000,2025,Logement,MAMH — Données Québec (rôle d'évaluation foncière),https://donneesouvertes.affmunqc.net/role/RL47017_2026.xml,,,,
"60, Grove",,Granby,,,742.3,1955,143500,256500,400000,2025,Logement,MAMH — Données Québec (rôle d'évaluation foncière),https://donneesouvertes.affmunqc.net/role/RL47017_2026.xml,,,,
"56, Grove",,Granby,,,612.4,1973,126700,302300,429000,2025,Logement,MAMH — Données Québec (rôle d'évaluation foncière),https://donneesouvertes.affmunqc.net/role/RL47017_2026.xml,,,,
"52, Grove, app. 54",,Granby,,,528.9,1947,113700,194300,308000,2025,Logement,MAMH — Données Québec (rôle d'évaluation foncière),https://donneesouvertes.affmunqc.net/role/RL47017_2026.xml,,,,
"61, Grove",,Granby,,,928.5,1956,167500,327500,495000,2025,Logement,MAMH — Données Québec (rôle d'évaluation foncière),https://donneesouvertes.affmunqc.net/role/RL47017_2026.xml,,,,
"57, Grove",,Granby,,,464.3,1997,99800,329200,429000,2025,Logement,MAMH — Données Québec (rôle d'évaluation foncière),https://donneesouvertes.affmunqc.net/role/RL47017_2026.xml,,,,
"53, Grove",,Granby,,,464.3,1947,99800,232200,332000,2025,Logement,MAMH — Données Québec (rôle d'évaluation foncière),https://donneesouvertes.affmunqc.net/role/RL47017_2026.xml,,,,
"47, Grove, app. 49",,Granby,,,707.4,1961,139000,233000,372000,2025,Logement,MAMH — Données Québec (rôle d'évaluation foncière),https://donneesouvertes.affmunqc.net/role/RL47017_2026.xml,,,,
"67, Grove",,Granby,,,1850.7,1952,159200,269800,429000,2025,Logement,MAMH — Données Québec (rôle d'évaluation foncière),https://donneesouvertes.affmunqc.net/role/RL47017_2026.xml,,,,
"78, Grove",,Granby,,,835.3,1947,155500,282500,438000,2025,Logement,MAMH — Données Québec (rôle d'évaluation foncière),https://donneesouvertes.affmunqc.net/role/RL47017_2026.xml,,,,
"74, Grove",,Granby,,,834.8,1947,155400,445600,601000,2025,Logement,MAMH — Données Québec (rôle d'évaluation foncière),https://donneesouvertes.affmunqc.net/role/RL47017_2026.xml,,,,
"70, Grove",,Granby,,,1158.6,1947,182500,457500,640000,2025,Logement,MAMH — Données Québec (rôle d'évaluation foncière),https://donneesouvertes.affmunqc.net/role/RL47017_2026.xml,,,,
"96, Elm",,Granby,,,1068.3,1952,176600,298400,475000,2025,Logement,MAMH — Données Québec (rôle d'évaluation foncière),https://donneesouvertes.affmunqc.net/role/RL47017_2026.xml,,,,
"79, Grove",,Granby,,,2140.6,1956,221700,239300,461000,2025,Logement,MAMH — Données Québec (rôle d'évaluation foncière),https://donneesouvertes.affmunqc.net/role/RL47017_2026.xml,,,,
"75, Grove",,Granby,,,2136.9,1947,221500,373500,595000,2025,Logement,MAMH — Données Québec (rôle d'évaluation foncière),https://donneesouvertes.affmunqc.net/role/RL47017_2026.xml,,,,
"86, Grove",,Granby,,,1393.5,1947,197800,388200,586000,2025,Logement,MAMH — Données Québec (rôle d'évaluation foncière),https://donneesouvertes.affmunqc.net/role/RL47017_2026.xml,,,,
"97, Elm",,Granby,,,2228.8,1930,262600,449400,712000,2025,Logement,MAMH — Données Québec (rôle d'évaluation foncière),https://donneesouvertes.affmunqc.net/role/RL47017_2026.xml,,,,
"87, Grove",,Granby,,,2529.5,1947,271600,390400,662000,2025,Logement,MAMH — Données Québec (rôle d'évaluation foncière),https://donneesouvertes.affmunqc.net/role/RL47017_2026.xml,,,,
"103, Elm",,Granby,,,1131.4,1947,180700,290300,471000,2025,Logement,MAMH — Données Québec (rôle d'évaluation foncière),https://donneesouvertes.affmunqc.net/role/RL47017_2026.xml,,,,
"127, Grove",,Granby,,,1788.3,1989,223400,666600,890000,2025,Logement,MAMH — Données Québec (rôle d'évaluation foncière),https://donneesouvertes.affmunqc.net/role/RL47017_2026.xml,,,,
"93, Grove",,Granby,,,1112.1,,180000,,180000,2025,Terrain vacant,MAMH — Données Québec (rôle d'évaluation foncière),https://donneesouvertes.affmunqc.net/role/RL47017_2026.xml,,,,
"111, Grove",,Granby,,,3170.3,1950,313300,352700,666000,2025,Logement,MAMH — Données Québec (rôle d'évaluation foncière),https://donneesouvertes.affmunqc.net/role/RL47017_2026.xml,,,,
"99, Grove",,Granby,,,2415.2,1952,264700,376300,641000,2025,Logement,MAMH — Données Québec (rôle d'évaluation foncière),https://donneesouvertes.affmunqc.net/role/RL47017_2026.xml,,,,
"141, Grove",,Granby,,,959.1,1975,169500,168500,338000,2025,Logement,MAMH — Données Québec (rôle d'évaluation foncière),https://donneesouvertes.affmunqc.net/role/RL47017_2026.xml,,,,
"131, Grove",,Granby,,,1287,1956,190800,290200,481000,2025,Logement,MAMH — Données Québec (rôle d'évaluation foncière),https://donneesouvertes.affmunqc.net/role/RL47017_2026.xml,,,,
"145, Grove",,Granby,,,1056,1976,175800,220200,396000,2025,Logement,MAMH — Données Québec (rôle d'évaluation foncière),https://donneesouvertes.affmunqc.net/role/RL47017_2026.xml,,,,
"187, Grove",,Granby,,,366.1,,28000,,28000,2025,Terrain vacant,MAMH — Données Québec (rôle d'évaluation foncière),https://donneesouvertes.affmunqc.net/role/RL47017_2026.xml,,,,
"135, Grove",,Granby,,,1236.4,,66000,,66000,2025,Terrain vacant,MAMH — Données Québec (rôle d'évaluation foncière),https://donneesouvertes.affmunqc.net/role/RL47017_2026.xml,,,,
"149, Grove",,Granby,,,1033,1977,174300,235700,410000,2025,Logement,MAMH — Données Québec (rôle d'évaluation foncière),https://donneesouvertes.affmunqc.net/role/RL47017_2026.xml,,,,
"153, Grove",,Granby,,,870.96,1976,160100,238900,399000,2025,Logement,MAMH — Données Québec (rôle d'évaluation foncière),https://donneesouvertes.affmunqc.net/role/RL47017_2026.xml,,,,
"157, Grove",,Granby,,,1044.5,1977,175100,357900,533000,2025,Logement,MAMH — Données Québec (rôle d'évaluation foncière),https://donneesouvertes.affmunqc.net/role/RL47017_2026.xml,,,,
"165, Grove",,Granby,,,2089.1,1964,243000,349000,592000,2025,Logement,MAMH — Données Québec (rôle d'évaluation foncière),https://donneesouvertes.affmunqc.net/role/RL47017_2026.xml,,,,
"173, Grove",,Granby,,,1044.5,1960,175100,406900,582000,2025,Logement,MAMH — Données Québec (rôle d'évaluation foncière),https://donneesouvertes.affmunqc.net/role/RL47017_2026.xml,,,,
"177, Grove",,Granby,,,1041.9,1961,174900,324100,499000,2025,Logement,MAMH — Données Québec (rôle d'évaluation foncière),https://donneesouvertes.affmunqc.net/role/RL47017_2026.xml,,,,
"181, Grove",,Granby,,,865.15,1960,159300,250700,410000,2025,Logement,MAMH — Données Québec (rôle d'évaluation foncière),https://donneesouvertes.affmunqc.net/role/RL47017_2026.xml,,,,
"169, Grove",,Granby,,,1044.5,1964,175100,420900,596000,2025,Logement,MAMH — Données Québec (rôle d'évaluation foncière),https://donneesouvertes.affmunqc.net/role/RL47017_2026.xml,,,,
"120, Drummond",,Granby,,,581.3,1971,87200,92800,180000,2025,Immeuble commercial,MAMH — Données Québec (rôle d'évaluation foncière),https://donneesouvertes.affmunqc.net/role/RL47017_2026.xml,,,,
"125, Drummond",,Granby,,,4432.9,,665000,,665000,2025,Institutionnel,MAMH — Données Québec (rôle d'évaluation foncière),https://donneesouvertes.affmunqc.net/role/RL47017_2026.xml,,,,
"25, Grove, app. 27",,Granby,,,506.4,1947,108900,196100,305000,2025,Logement,MAMH — Données Québec (rôle d'évaluation foncière),https://donneesouvertes.affmunqc.net/role/RL47017_2026.xml,,,,
"19, Grove, app. 21",,Granby,,,478.4,1947,102900,110100,213000,2025,Logement,MAMH — Données Québec (rôle d'évaluation foncière),https://donneesouvertes.affmunqc.net/role/RL47017_2026.xml,,,,
"23, Grove",,Granby,,,665.5,1947,143100,245900,389000,2025,Logement,MAMH — Données Québec (rôle d'évaluation foncière),https://donneesouvertes.affmunqc.net/role/RL47017_2026.xml,,,,
"31, Grove, app. 33",,Granby,,,976.9,1947,210000,273000,483000,2025,Logement,MAMH — Données Québec (rôle d'évaluation foncière),https://donneesouvertes.affmunqc.net/role/RL47017_2026.xml,,,,
"29, Grove",,Granby,,,999.2,1971,214800,549200,764000,2025,Logement,MAMH — Données Québec (rôle d'évaluation foncière),https://donneesouvertes.affmunqc.net/role/RL47017_2026.xml,,,,
"26, Saint-paul",,Granby,,,506.4,1973,108900,314100,423000,2025,Logement,MAMH — Données Québec (rôle d'évaluation foncière),https://donneesouvertes.affmunqc.net/role/RL47017_2026.xml,,,,
"16, Saint-paul, app. 20",,Granby,,,822.2,1977,176800,249200,426000,2025,Logement,MAMH — Données Québec (rôle d'évaluation foncière),https://donneesouvertes.affmunqc.net/role/RL47017_2026.xml,,,,
"35, Grove",,Granby,,,784.9,1947,126600,299400,426000,2025,Logement,MAMH — Données Québec (rôle d'évaluation foncière),https://donneesouvertes.affmunqc.net/role/RL47017_2026.xml,,,,
"130, Alexandra",,Granby,,,510,1961,109700,273300,383000,2025,Logement,MAMH — Données Québec (rôle d'évaluation foncière),https://donneesouvertes.affmunqc.net/role/RL47017_2026.xml,,,,
"38, Saint-paul, app. 40",,Granby,,,432.9,1986,93100,235900,329000,2025,Logement,MAMH — Données Québec (rôle d'évaluation foncière),https://donneesouvertes.affmunqc.net/role/RL47017_2026.xml,,,,
"42, Saint-paul",,Granby,,,437.5,1964,94100,244900,339000,2025,Logement,MAMH — Données Québec (rôle d'évaluation foncière),https://donneesouvertes.affmunqc.net/role/RL47017_2026.xml,,,,
"43, Saint-paul",,Granby,,,152,1947,32700,188300,221000,2025,Logement,MAMH — Données Québec (rôle d'évaluation foncière),https://donneesouvertes.affmunqc.net/role/RL47017_2026.xml,,,,
"132, Alexandra",,Granby,,,510.4,1947,93300,215700,309000,2025,Logement,MAMH — Données Québec (rôle d'évaluation foncière),https://donneesouvertes.affmunqc.net/role/RL47017_2026.xml,,,,
"136, Alexandra, app. 138",,Granby,,,601.5,1947,109900,168100,278000,2025,Logement,MAMH — Données Québec (rôle d'évaluation foncière),https://donneesouvertes.affmunqc.net/role/RL47017_2026.xml,,,,
"41, Saint-paul",,Granby,,,559.2,1941,120200,173800,294000,2025,Logement,MAMH — Données Québec (rôle d'évaluation foncière),https://donneesouvertes.affmunqc.net/role/RL47017_2026.xml,,,,
"39, Saint-paul",,Granby,,,1022.8,1991,219900,614100,834000,2025,Logement,MAMH — Données Québec (rôle d'évaluation foncière),https://donneesouvertes.affmunqc.net/role/RL47017_2026.xml,,,,
"133, Drummond",,Granby,,,2942.7,1974,474500,2392500,2867000,2025,Logement,MAMH — Données Québec (rôle d'évaluation foncière),https://donneesouvertes.affmunqc.net/role/RL47017_2026.xml,,,,
"6, Saint-michel",,Granby,,,1227.2,1971,263800,445200,709000,2025,Logement,MAMH — Données Québec (rôle d'évaluation foncière),https://donneesouvertes.affmunqc.net/role/RL47017_2026.xml,,,,
"133, Alexandra",,Granby,,,496.4,1947,106700,178300,285000,2025,Logement,MAMH — Données Québec (rôle d'évaluation foncière),https://donneesouvertes.affmunqc.net/role/RL47017_2026.xml,,,,
"137, Alexandra, app. 139",,Granby,,,791.9,1952,127700,158300,286000,2025,Logement,MAMH — Données Québec (rôle d'évaluation foncière),https://donneesouvertes.affmunqc.net/role/RL47017_2026.xml,,,,
"141, Alexandra, app. 143",,Granby,,,968,1952,166500,187500,354000,2025,Logement,MAMH — Données Québec (rôle d'évaluation foncière),https://donneesouvertes.affmunqc.net/role/RL47017_2026.xml,,,,
"14, Saint-michel",,Granby,,,417.4,1955,89700,231300,321000,2025,Logement,MAMH — Données Québec (rôle d'évaluation foncière),https://donneesouvertes.affmunqc.net/role/RL47017_2026.xml,,,,
"10, Saint-michel",,Granby,,,600.3,1947,125200,273800,399000,2025,Logement,MAMH — Données Québec (rôle d'évaluation foncière),https://donneesouvertes.affmunqc.net/role/RL47017_2026.xml,,,,
"145, Alexandra, app. 151",,Granby,,,536.6,1955,115400,278600,394000,2025,Logement,MAMH — Données Québec (rôle d'évaluation foncière),https://donneesouvertes.affmunqc.net/role/RL47017_2026.xml,,,,
"142, Alexandra",,Granby,,,1127.7,1972,242500,465500,708000,2025,Logement,MAMH — Données Québec (rôle d'évaluation foncière),https://donneesouvertes.affmunqc.net/role/RL47017_2026.xml,,,,
"153, Alexandra",,Granby,,,1234.3,1978,265400,219600,485000,2025,Industrie,MAMH — Données Québec (rôle d'évaluation foncière),https://donneesouvertes.affmunqc.net/role/RL47017_2026.xml,,,,
"102, Elm",,Granby,,,1123.2,1955,180200,324800,505000,2025,Logement,MAMH — Données Québec (rôle d'évaluation foncière),https://donneesouvertes.affmunqc.net/role/RL47017_2026.xml,,,,
"22, Saint-michel",,Granby,,,1016.2,1937,155900,230100,386000,2025,Logement,MAMH — Données Québec (rôle d'évaluation foncière),https://donneesouvertes.affmunqc.net/role/RL47017_2026.xml,,,,
"26, Saint-michel",,Granby,,,894.2,1947,163100,192900,356000,2025,Logement,MAMH — Données Québec (rôle d'évaluation foncière),https://donneesouvertes.affmunqc.net/role/RL47017_2026.xml,,,,
"27, Saint-michel",,Granby,,,581,1960,122700,220300,343000,2025,Logement,MAMH — Données Québec (rôle d'évaluation foncière),https://donneesouvertes.affmunqc.net/role/RL47017_2026.xml,,,,
"23, Saint-michel",,Granby,,,647.3,1970,131200,222800,354000,2025,Logement,MAMH — Données Québec (rôle d'évaluation foncière),https://donneesouvertes.affmunqc.net/role/RL47017_2026.xml,,,,
"35, Saint-michel",,Granby,,,211.07,1978,45500,232500,278000,2025,Logement,MAMH — Données Québec (rôle d'évaluation foncière),https://donneesouvertes.affmunqc.net/role/RL47017_2026.xml,,,,
"15, Saint-michel, app. 19",,Granby,,,787.7,1947,149300,194700,344000,2025,Logement,MAMH — Données Québec (rôle d'évaluation foncière),https://donneesouvertes.affmunqc.net/role/RL47017_2026.xml,,,,
"60, Saint-michel, app. 64",,Granby,,,987.4,1971,175000,287000,462000,2025,Logement,MAMH — Données Québec (rôle d'évaluation foncière),https://donneesouvertes.affmunqc.net/role/RL47017_2026.xml,,,,
"50, Saint-michel",,Granby,,,865.8,1979,186100,363900,550000,2025,Logement,MAMH — Données Québec (rôle d'évaluation foncière),https://donneesouvertes.affmunqc.net/role/RL47017_2026.xml,,,,
"55, Saint-michel",,Granby,,,1529.9,1971,279600,457400,737000,2025,Logement,MAMH — Données Québec (rôle d'évaluation foncière),https://donneesouvertes.affmunqc.net/role/RL47017_2026.xml,,,,
"45, Saint-michel",,Granby,,,223.78,1978,48000,129000,177000,2025,Logement,MAMH — Données Québec (rôle d'évaluation foncière),https://donneesouvertes.affmunqc.net/role/RL47017_2026.xml,,,,
"57, Saint-michel",,Granby,,,1648.2,1978,354400,345600,700000,2025,Logement,MAMH — Données Québec (rôle d'évaluation foncière),https://donneesouvertes.affmunqc.net/role/RL47017_2026.xml,,,,
"135, Barr",,Granby,,,1286.6,1984,276600,573400,850000,2025,Logement,MAMH — Données Québec (rôle d'évaluation foncière),https://donneesouvertes.affmunqc.net/role/RL47017_2026.xml,,,,
"146, Alexandra",,Granby,,,910.44,1965,195700,236300,432000,2025,Logement,MAMH — Données Québec (rôle d'évaluation foncière),https://donneesouvertes.affmunqc.net/role/RL47017_2026.xml,,,,
"147, Drummond",,Granby,,,920.4,1975,197900,484100,682000,2025,Logement,MAMH — Données Québec (rôle d'évaluation foncière),https://donneesouvertes.affmunqc.net/role/RL47017_2026.xml,,,,
"152, Alexandra",,Granby,,,557.41,1965,119800,322200,442000,2025,Logement,MAMH — Données Québec (rôle d'évaluation foncière),https://donneesouvertes.affmunqc.net/role/RL47017_2026.xml,,,,
"156, Alexandra",,Granby,,,557.41,1955,119800,88200,208000,2025,Immeuble à bureaux,MAMH — Données Québec (rôle d'évaluation foncière),https://donneesouvertes.affmunqc.net/role/RL47017_2026.xml,,,,
"151, Drummond",,Granby,,,1136.8,1972,244400,424600,669000,2025,Logement,MAMH — Données Québec (rôle d'évaluation foncière),https://donneesouvertes.affmunqc.net/role/RL47017_2026.xml,,,,
"155, Drummond, app. 159",,Granby,,,3221.5,,692600,2407400,3100000,2025,Logement,MAMH — Données Québec (rôle d'évaluation foncière),https://donneesouvertes.affmunqc.net/role/RL47017_2026.xml,,,,
"157, Alexandra",,Granby,,,2760.2,,253400,570600,824000,2025,Logement,MAMH — Données Québec (rôle d'évaluation foncière),https://donneesouvertes.affmunqc.net/role/RL47017_2026.xml,,,,
"22, Cedar",,Granby,,,471.7,1983,101400,233600,335000,2025,Logement,MAMH — Données Québec (rôle d'évaluation foncière),https://donneesouvertes.affmunqc.net/role/RL47017_2026.xml,,,,
"20, Cedar",,Granby,,,249.9,1983,67200,214800,282000,2025,Logement,MAMH — Données Québec (rôle d'évaluation foncière),https://donneesouvertes.affmunqc.net/role/RL47017_2026.xml,,,,
"18, Cedar",,Granby,,,245.6,1983,66000,194000,260000,2025,Logement,MAMH — Données Québec (rôle d'évaluation foncière),https://donneesouvertes.affmunqc.net/role/RL47017_2026.xml,,,,
"16, Cedar",,Granby,,,241.2,1983,64800,233200,298000,2025,Logement,MAMH — Données Québec (rôle d'évaluation foncière),https://donneesouvertes.affmunqc.net/role/RL47017_2026.xml,,,,
"14, Cedar",,Granby,,,236.9,1983,63700,212300,276000,2025,Logement,MAMH — Données Québec (rôle d'évaluation foncière),https://donneesouvertes.affmunqc.net/role/RL47017_2026.xml,,,,
"12, Cedar",,Granby,,,525.9,1983,113100,199900,313000,2025,Logement,MAMH — Données Québec (rôle d'évaluation foncière),https://donneesouvertes.affmunqc.net/role/RL47017_2026.xml,,,,
"13, Cedar",,Granby,,,817.9,1956,153200,170800,324000,2025,Logement,MAMH — Données Québec (rôle d'évaluation foncière),https://donneesouvertes.affmunqc.net/role/RL47017_2026.xml,,,,
"165, Alexandra, app. 167",,Granby,,,972.4,1971,170400,299600,470000,2025,Logement,MAMH — Données Québec (rôle d'évaluation foncière),https://donneesouvertes.affmunqc.net/role/RL47017_2026.xml,,,,
"56, Cedar",,Granby,,,1390.6,1972,299000,473000,772000,2025,Logement,MAMH — Données Québec (rôle d'évaluation foncière),https://donneesouvertes.affmunqc.net/role/RL47017_2026.xml,,,,
"60, Cedar",,Granby,,,1144.9,1972,246200,513800,760000,2025,Logement,MAMH — Données Québec (rôle d'évaluation foncière),https://donneesouvertes.affmunqc.net/role/RL47017_2026.xml,,,,
"31, Cedar",,Granby,,,790.97,1972,149800,142200,292000,2025,Logement,MAMH — Données Québec (rôle d'évaluation foncière),https://donneesouvertes.affmunqc.net/role/RL47017_2026.xml,,,,
"41, Cedar",,Granby,,,766.44,1972,146600,178400,325000,2025,Logement,MAMH — Données Québec (rôle d'évaluation foncière),https://donneesouvertes.affmunqc.net/role/RL47017_2026.xml,,,,
"51, Cedar",,Granby,,,766.44,1972,146600,161400,308000,2025,Logement,MAMH — Données Québec (rôle d'évaluation foncière),https://donneesouvertes.affmunqc.net/role/RL47017_2026.xml,,,,
"61, Cedar",,Granby,,,860.7,1972,158800,201200,360000,2025,Logement,MAMH — Données Québec (rôle d'évaluation foncière),https://donneesouvertes.affmunqc.net/role/RL47017_2026.xml,,,,
"17, Cedar",,Granby,,,817.6,1956,153200,150800,304000,2025,Logement,MAMH — Données Québec (rôle d'évaluation foncière),https://donneesouvertes.affmunqc.net/role/RL47017_2026.xml,,,,
"50, Wellington",,Granby,,,817.54,1973,153200,194800,348000,2025,Logement,MAMH — Données Québec (rôle d'évaluation foncière),https://donneesouvertes.affmunqc.net/role/RL47017_2026.xml,,,,
"60, Wellington",,Granby,,,911.74,1973,165300,219700,385000,2025,Logement,MAMH — Données Québec (rôle d'évaluation foncière),https://donneesouvertes.affmunqc.net/role/RL47017_2026.xml,,,,
"40, Wellington",,Granby,,,957.73,1972,169400,216600,386000,2025,Logement,MAMH — Données Québec (rôle d'évaluation foncière),https://donneesouvertes.affmunqc.net/role/RL47017_2026.xml,,,,
"145, Barr",,Granby,,,1714.7,1973,368700,1277300,1646000,2025,Logement,MAMH — Données Québec (rôle d'évaluation foncière),https://donneesouvertes.affmunqc.net/role/RL47017_2026.xml,,,,
"155, Barr",,Granby,,,2124.5,1974,456800,1237200,1694000,2025,Logement,MAMH — Données Québec (rôle d'évaluation foncière),https://donneesouvertes.affmunqc.net/role/RL47017_2026.xml,,,,
"84, Wellington",,Granby,,,1914.2,1976,411600,1353400,1765000,2025,Logement,MAMH — Données Québec (rôle d'évaluation foncière),https://donneesouvertes.affmunqc.net/role/RL47017_2026.xml,,,,
"101, Saint-michel",,Granby,,,143.18,1988,31000,206000,237000,2025,Logement,MAMH — Données Québec (rôle d'évaluation foncière),https://donneesouvertes.affmunqc.net/role/RL47017_2026.xml,,,,
"111, Saint-michel",,Granby,,,151.34,1991,32500,195500,228000,2025,Logement,MAMH — Données Québec (rôle d'évaluation foncière),https://donneesouvertes.affmunqc.net/role/RL47017_2026.xml,,,,
"125, Saint-michel, app. 135",,Granby,,,9423.7,,1823500,5065500,6889000,2025,Logement,MAMH — Données Québec (rôle d'évaluation foncière),https://donneesouvertes.affmunqc.net/role/RL47017_2026.xml,,,,
"145, Saint-michel",,Granby,,,899,1984,193300,520700,714000,2025,Logement,MAMH — Données Québec (rôle d'évaluation foncière),https://donneesouvertes.affmunqc.net/role/RL47017_2026.xml,,,,
"155, Saint-michel",,Granby,,,1055.7,1984,227000,504000,731000,2025,Logement,MAMH — Données Québec (rôle d'évaluation foncière),https://donneesouvertes.affmunqc.net/role/RL47017_2026.xml,,,,
"165, Drummond",,Granby,,,852.84,1972,157700,284300,442000,2025,Logement,MAMH — Données Québec (rôle d'évaluation foncière),https://donneesouvertes.affmunqc.net/role/RL47017_2026.xml,,,,
"14, Wellington",,Granby,,,818,1956,153300,187700,341000,2025,Logement,MAMH — Données Québec (rôle d'évaluation foncière),https://donneesouvertes.affmunqc.net/role/RL47017_2026.xml,,,,
"166, Alexandra",,Granby,,,836.12,1972,155600,396400,552000,2025,Logement,MAMH — Données Québec (rôle d'évaluation foncière),https://donneesouvertes.affmunqc.net/role/RL47017_2026.xml,,,,
"173, Alexandra",,Granby,,,793.9,1973,150100,276900,427000,2025,Logement,MAMH — Données Québec (rôle d'évaluation foncière),https://donneesouvertes.affmunqc.net/role/RL47017_2026.xml,,,,
"170, Alexandra",,Granby,,,557.41,1989,119600,321400,441000,2025,Logement,MAMH — Données Québec (rôle d'évaluation foncière),https://donneesouvertes.affmunqc.net/role/RL47017_2026.xml,,,,
"174, Alexandra",,Granby,,,576,1974,122000,177000,299000,2025,Logement,MAMH — Données Québec (rôle d'évaluation foncière),https://donneesouvertes.affmunqc.net/role/RL47017_2026.xml,,,,
"169, Drummond",,Granby,,,568.56,1975,121100,218900,340000,2025,Logement,MAMH — Données Québec (rôle d'évaluation foncière),https://donneesouvertes.affmunqc.net/role/RL47017_2026.xml,,,,
"176, Alexandra",,Granby,,,538.8,1976,115800,159200,275000,2025,Logement,MAMH — Données Québec (rôle d'évaluation foncière),https://donneesouvertes.affmunqc.net/role/RL47017_2026.xml,,,,
"173, Drummond",,Granby,,,568.56,1975,121100,273900,395000,2025,Logement,MAMH — Données Québec (rôle d'évaluation foncière),https://donneesouvertes.affmunqc.net/role/RL47017_2026.xml,,,,
"178, Alexandra",,Granby,,,557.41,1975,119600,238400,358000,2025,Logement,MAMH — Données Québec (rôle d'évaluation foncière),https://donneesouvertes.affmunqc.net/role/RL47017_2026.xml,,,,
"179, Drummond",,Granby,,,568.56,1974,121100,264900,386000,2025,Logement,MAMH — Données Québec (rôle d'évaluation foncière),https://donneesouvertes.affmunqc.net/role/RL47017_2026.xml,,,,
"182, Alexandra",,Granby,,,557.41,1975,119600,224400,344000,2025,Logement,MAMH — Données Québec (rôle d'évaluation foncière),https://donneesouvertes.affmunqc.net/role/RL47017_2026.xml,,,,
"185, Drummond",,Granby,,,568.56,1974,121100,271900,393000,2025,Logement,MAMH — Données Québec (rôle d'évaluation foncière),https://donneesouvertes.affmunqc.net/role/RL47017_2026.xml,,,,
"30, Wellington",,Granby,,,854.42,1973,158000,211000,369000,2025,Logement,MAMH — Données Québec (rôle d'évaluation foncière),https://donneesouvertes.affmunqc.net/role/RL47017_2026.xml,,,,
"45, Wellington",,Granby,,,650.32,1973,131600,221400,353000,2025,Logement,MAMH — Données Québec (rôle d'évaluation foncière),https://donneesouvertes.affmunqc.net/role/RL47017_2026.xml,,,,
"55, Wellington",,Granby,,,650.32,1973,131600,198400,330000,2025,Logement,MAMH — Données Québec (rôle d'évaluation foncière),https://donneesouvertes.affmunqc.net/role/RL47017_2026.xml,,,,
"35, Wellington",,Granby,,,700.76,1974,138100,303900,442000,2025,Logement,MAMH — Données Québec (rôle d'évaluation foncière),https://donneesouvertes.affmunqc.net/role/RL47017_2026.xml,,,,
"25, Wellington",,Granby,,,682.83,1974,135800,236200,372000,2025,Logement,MAMH — Données Québec (rôle d'évaluation foncière),https://donneesouvertes.affmunqc.net/role/RL47017_2026.xml,,,,
"181, Alexandra",,Granby,,,793.1,1973,150000,286000,436000,2025,Logement,MAMH — Données Québec (rôle d'évaluation foncière),https://donneesouvertes.affmunqc.net/role/RL47017_2026.xml,,,,
"64, Swett",,Granby,,,802.68,1976,151300,223700,375000,2025,Logement,MAMH — Données Québec (rôle d'évaluation foncière),https://donneesouvertes.affmunqc.net/role/RL47017_2026.xml,,,,
"58, Swett",,Granby,,,802.58,1976,151300,295700,447000,2025,Logement,MAMH — Données Québec (rôle d'évaluation foncière),https://donneesouvertes.affmunqc.net/role/RL47017_2026.xml,,,,
"52, Swett",,Granby,,,866.04,1976,159400,257600,417000,2025,Logement,MAMH — Données Québec (rôle d'évaluation foncière),https://donneesouvertes.affmunqc.net/role/RL47017_2026.xml,,,,
"185, Alexandra",,Granby,,,796.5,1974,150500,210500,361000,2025,Logement,MAMH — Données Québec (rôle d'évaluation foncière),https://donneesouvertes.affmunqc.net/role/RL47017_2026.xml,,,,
"174, Delaney",,Granby,,,615.3,1980,127100,208900,336000,2025,Logement,MAMH — Données Québec (rôle d'évaluation foncière),https://donneesouvertes.affmunqc.net/role/RL47017_2026.xml,,,,
"65, Wellington",,Granby,,,836.1,1973,155600,174400,330000,2025,Logement,MAMH — Données Québec (rôle d'évaluation foncière),https://donneesouvertes.affmunqc.net/role/RL47017_2026.xml,,,,
"75, Wellington",,Granby,,,789.7,1974,149600,266400,416000,2025,Logement,MAMH — Données Québec (rôle d'évaluation foncière),https://donneesouvertes.affmunqc.net/role/RL47017_2026.xml,,,,
"178, Delaney",,Granby,,,451.2,1980,97000,212000,309000,2025,Logement,MAMH — Données Québec (rôle d'évaluation foncière),https://donneesouvertes.affmunqc.net/role/RL47017_2026.xml,,,,
"70, Swett",,Granby,,,996.84,1976,172000,342000,514000,2025,Logement,MAMH — Données Québec (rôle d'évaluation foncière),https://donneesouvertes.affmunqc.net/role/RL47017_2026.xml,,,,
"76, Swett",,Granby,,,965.5,1976,169900,205100,375000,2025,Logement,MAMH — Données Québec (rôle d'évaluation foncière),https://donneesouvertes.affmunqc.net/role/RL47017_2026.xml,,,,
"185, Delaney",,Granby,,,1000.9,1984,215200,498800,714000,2025,Logement,MAMH — Données Québec (rôle d'évaluation foncière),https://donneesouvertes.affmunqc.net/role/RL47017_2026.xml,,,,
"94, Wellington",,Granby,,,1805.8,1975,388200,1445800,1834000,2025,Logement,MAMH — Données Québec (rôle d'évaluation foncière),https://donneesouvertes.affmunqc.net/role/RL47017_2026.xml,,,,
"104, Wellington",,Granby,,,2305.6,1976,396600,1343400,1740000,2025,Logement,MAMH — Données Québec (rôle d'évaluation foncière),https://donneesouvertes.affmunqc.net/role/RL47017_2026.xml,,,,
"175, Delaney",,Granby,,,2783.7,1976,478800,1347200,1826000,2025,Logement,MAMH — Données Québec (rôle d'évaluation foncière),https://donneesouvertes.affmunqc.net/role/RL47017_2026.xml,,,,
"99, Wellington",,Granby,,,1143.2,1986,189300,781700,971000,2025,Logement,MAMH — Données Québec (rôle d'évaluation foncière),https://donneesouvertes.affmunqc.net/role/RL47017_2026.xml,,,,
"114, Wellington",,Granby,,,3009,1985,646900,1704100,2351000,2025,Logement,MAMH — Données Québec (rôle d'évaluation foncière),https://donneesouvertes.affmunqc.net/role/RL47017_2026.xml,,,,
"201, Allan",,Granby,,,3235.6,1984,424300,1674700,2099000,2025,Logement,MAMH — Données Québec (rôle d'évaluation foncière),https://donneesouvertes.affmunqc.net/role/RL47017_2026.xml,,,,
"115, Wellington",,Granby,,,1056,1986,227000,774000,1001000,2025,Logement,MAMH — Données Québec (rôle d'évaluation foncière),https://donneesouvertes.affmunqc.net/role/RL47017_2026.xml,,,,
"107, Wellington",,Granby,,,1611.2,1975,346400,1500600,1847000,2025,Logement,MAMH — Données Québec (rôle d'évaluation foncière),https://donneesouvertes.affmunqc.net/role/RL47017_2026.xml,,,,
"110, Leclerc",,Granby,,,1081.6,1983,179100,545900,725000,2025,Logement,MAMH — Données Québec (rôle d'évaluation foncière),https://donneesouvertes.affmunqc.net/role/RL47017_2026.xml,,,,
"112, Leclerc",,Granby,,,1123,1983,185900,546100,732000,2025,Logement,MAMH — Données Québec (rôle d'évaluation foncière),https://donneesouvertes.affmunqc.net/role/RL47017_2026.xml,,,,
"114, Leclerc",,Granby,,,894,1984,192200,535800,728000,2025,Logement,MAMH — Données Québec (rôle d'évaluation foncière),https://donneesouvertes.affmunqc.net/role/RL47017_2026.xml,,,,
"116, Leclerc",,Granby,,,997.3,1984,214400,523600,738000,2025,Logement,MAMH — Données Québec (rôle d'évaluation foncière),https://donneesouvertes.affmunqc.net/role/RL47017_2026.xml,,,,
"187, Drummond",,Granby,,,568.56,1974,121100,158900,280000,2025,Logement,MAMH — Données Québec (rôle d'évaluation foncière),https://donneesouvertes.affmunqc.net/role/RL47017_2026.xml,,,,
"190, Alexandra",,Granby,,,826.9,1973,154400,224600,379000,2025,Logement,MAMH — Données Québec (rôle d'évaluation foncière),https://donneesouvertes.affmunqc.net/role/RL47017_2026.xml,,,,
"189, Drummond",,Granby,,,844.1,1973,156600,216400,373000,2025,Logement,MAMH — Données Québec (rôle d'évaluation foncière),https://donneesouvertes.affmunqc.net/role/RL47017_2026.xml,,,,
"207, Drummond",,Granby,,,939.61,1978,168300,302700,471000,2025,Logement,MAMH — Données Québec (rôle d'évaluation foncière),https://donneesouvertes.affmunqc.net/role/RL47017_2026.xml,,,,
"217, Drummond",,Granby,,,694.91,1978,137400,184600,322000,2025,Logement,MAMH — Données Québec (rôle d'évaluation foncière),https://donneesouvertes.affmunqc.net/role/RL47017_2026.xml,,,,
"63, Swett",,Granby,,,689.49,1976,136700,270300,407000,2025,Logement,MAMH — Données Québec (rôle d'évaluation foncière),https://donneesouvertes.affmunqc.net/role/RL47017_2026.xml,,,,
"57, Swett",,Granby,,,766.4,1977,146600,275400,422000,2025,Logement,MAMH — Données Québec (rôle d'évaluation foncière),https://donneesouvertes.affmunqc.net/role/RL47017_2026.xml,,,,
"51, Swett",,Granby,,,813,2006,152600,462400,615000,2025,Logement,MAMH — Données Québec (rôle d'évaluation foncière),https://donneesouvertes.affmunqc.net/role/RL47017_2026.xml,,,,
"198, Alexandra",,Granby,,,946.6,1981,168700,512300,681000,2025,Logement,MAMH — Données Québec (rôle d'évaluation foncière),https://donneesouvertes.affmunqc.net/role/RL47017_2026.xml,,,,
"215, Viau",,Granby,,,705.6,1983,138800,251200,390000,2025,Logement,MAMH — Données Québec (rôle d'évaluation foncière),https://donneesouvertes.affmunqc.net/role/RL47017_2026.xml,,,,
"211, Alexandra",,Granby,,,928,1979,167400,452600,620000,2025,Logement,MAMH — Données Québec (rôle d'évaluation foncière),https://donneesouvertes.affmunqc.net/role/RL47017_2026.xml,,,,
"210, Alexandra",,Granby,,,695.03,1978,137400,288600,426000,2025,Logement,MAMH — Données Québec (rôle d'évaluation foncière),https://donneesouvertes.affmunqc.net/role/RL47017_2026.xml,,,,
"214, Alexandra",,Granby,,,688.31,1978,136500,198500,335000,2025,Logement,MAMH — Données Québec (rôle d'évaluation foncière),https://donneesouvertes.affmunqc.net/role/RL47017_2026.xml,,,,
"69, Swett",,Granby,,,669.08,1976,134000,174000,308000,2025,Logement,MAMH — Données Québec (rôle d'évaluation foncière),https://donneesouvertes.affmunqc.net/role/RL47017_2026.xml,,,,
"75, Swett",,Granby,,,785.21,1977,149000,253000,402000,2025,Logement,MAMH — Données Québec (rôle d'évaluation foncière),https://donneesouvertes.affmunqc.net/role/RL47017_2026.xml,,,,
"81, Swett",,Granby,,,809.33,1977,152100,206900,359000,2025,Logement,MAMH — Données Québec (rôle d'évaluation foncière),https://donneesouvertes.affmunqc.net/role/RL47017_2026.xml,,,,
"87, Swett",,Granby,,,1013.5,1976,173100,206900,380000,2025,Logement,MAMH — Données Québec (rôle d'évaluation foncière),https://donneesouvertes.affmunqc.net/role/RL47017_2026.xml,,,,
"219, Viau",,Granby,,,709.5,1980,139300,184700,324000,2025,Logement,MAMH — Données Québec (rôle d'évaluation foncière),https://donneesouvertes.affmunqc.net/role/RL47017_2026.xml,,,,
"223, Viau",,Granby,,,813.1,1980,152600,268400,421000,2025,Logement,MAMH — Données Québec (rôle d'évaluation foncière),https://donneesouvertes.affmunqc.net/role/RL47017_2026.xml,,,,
"227, Viau",,Granby,,,1123.7,1982,180200,274800,455000,2025,Logement,MAMH — Données Québec (rôle d'évaluation foncière),https://donneesouvertes.affmunqc.net/role/RL47017_2026.xml,,,,
"100, Swett",,Granby,,,1788.2,1976,384500,1427500,1812000,2025,Logement,MAMH — Données Québec (rôle d'évaluation foncière),https://donneesouvertes.affmunqc.net/role/RL47017_2026.xml,,,,
"110, Swett",,Granby,,,2783,1978,598300,1243700,1842000,2025,Logement,MAMH — Données Québec (rôle d'évaluation foncière),https://donneesouvertes.affmunqc.net/role/RL47017_2026.xml,,,,
"93, Swett",,Granby,,,1013.8,1976,173100,191900,365000,2025,Logement,MAMH — Données Québec (rôle d'évaluation foncière),https://donneesouvertes.affmunqc.net/role/RL47017_2026.xml,,,,
"99, Swett",,Granby,,,789.02,1976,149500,220500,370000,2025,Logement,MAMH — Données Québec (rôle d'évaluation foncière),https://donneesouvertes.affmunqc.net/role/RL47017_2026.xml,,,,
"107, Swett",,Granby,,,985.8,1977,171300,284700,456000,2025,Logement,MAMH — Données Québec (rôle d'évaluation foncière),https://donneesouvertes.affmunqc.net/role/RL47017_2026.xml,,,,
"154, Leclerc",,Granby,,,996,1979,171900,297100,469000,2025,Logement,MAMH — Données Québec (rôle d'évaluation foncière),https://donneesouvertes.affmunqc.net/role/RL47017_2026.xml,,,,
"120, Leclerc",,Granby,,,2247.5,1977,483200,1699800,2183000,2025,Logement,MAMH — Données Québec (rôle d'évaluation foncière),https://donneesouvertes.affmunqc.net/role/RL47017_2026.xml,,,,
"125, Leclerc",,Granby,,,553.04,1978,110600,311400,422000,2025,Industrie,MAMH — Données Québec (rôle d'évaluation foncière),https://donneesouvertes.affmunqc.net/role/RL47017_2026.xml,,,,
"256, Allan",,Granby,,,121.4,1986,26000,113000,139000,2025,Logement,MAMH — Données Québec (rôle d'évaluation foncière),https://donneesouvertes.affmunqc.net/role/RL47017_2026.xml,,,,
"252, Dozois",,Granby,,,540.84,1980,116300,228700,345000,2025,Logement,MAMH — Données Québec (rôle d'évaluation foncière),https://donneesouvertes.affmunqc.net/role/RL47017_2026.xml,,,,
"256, Dozois",,Granby,,,539.64,1980,116000,289000,405000,2025,Logement,MAMH — Données Québec (rôle d'évaluation foncière),https://donneesouvertes.affmunqc.net/role/RL47017_2026.xml,,,,
"260, Dozois",,Granby,,,540.04,1980,116100,228900,345000,2025,Logement,MAMH — Données Québec (rôle d'évaluation foncière),https://donneesouvertes.affmunqc.net/role/RL47017_2026.xml,,,,
"264, Dozois",,Granby,,,540.84,1980,116300,223700,340000,2025,Logement,MAMH — Données Québec (rôle d'évaluation foncière),https://donneesouvertes.affmunqc.net/role/RL47017_2026.xml,,,,
"253, Dozois",,Granby,,,540.84,1980,98800,240200,339000,2025,Logement,MAMH — Données Québec (rôle d'évaluation foncière),https://donneesouvertes.affmunqc.net/role/RL47017_2026.xml,,,,
"257, Dozois",,Granby,,,539.94,1980,98700,230300,329000,2025,Logement,MAMH — Données Québec (rôle d'évaluation foncière),https://donneesouvertes.affmunqc.net/role/RL47017_2026.xml,,,,
"261, Dozois",,Granby,,,540.14,1980,116100,240900,357000,2025,Logement,MAMH — Données Québec (rôle d'évaluation foncière),https://donneesouvertes.affmunqc.net/role/RL47017_2026.xml,,,,
"265, Dozois",,Granby,,,540.64,1980,116200,263800,380000,2025,Logement,MAMH — Données Québec (rôle d'évaluation foncière),https://donneesouvertes.affmunqc.net/role/RL47017_2026.xml,,,,
"251, Allan",,Granby,,,540.84,1980,116300,232700,349000,2025,Logement,MAMH — Données Québec (rôle d'évaluation foncière),https://donneesouvertes.affmunqc.net/role/RL47017_2026.xml,,,,
"253, Allan",,Granby,,,540.24,1980,116200,266800,383000,2025,Logement,MAMH — Données Québec (rôle d'évaluation foncière),https://donneesouvertes.affmunqc.net/role/RL47017_2026.xml,,,,
"257, Allan",,Granby,,,540.04,1980,116100,264900,381000,2025,Logement,MAMH — Données Québec (rôle d'évaluation foncière),https://donneesouvertes.affmunqc.net/role/RL47017_2026.xml,,,,
"261, Allan",,Granby,,,541.34,1980,116400,238600,355000,2025,Logement,MAMH — Données Québec (rôle d'évaluation foncière),https://donneesouvertes.affmunqc.net/role/RL47017_2026.xml,,,,
"270, Dozois, app. 272",,Granby,,,617.64,1994,132800,309200,442000,2025,Logement,MAMH — Données Québec (rôle d'évaluation foncière),https://donneesouvertes.affmunqc.net/role/RL47017_2026.xml,,,,
"263, Allan, app. 267",,Granby,,,672.84,1987,127300,290700,418000,2025,Logement,MAMH — Données Québec (rôle d'évaluation foncière),https://donneesouvertes.affmunqc.net/role/RL47017_2026.xml,,,,
"269, Allan",,Granby,,,496.88,1986,94000,240000,334000,2025,Logement,MAMH — Données Québec (rôle d'évaluation foncière),https://donneesouvertes.affmunqc.net/role/RL47017_2026.xml,,,,
"273, Allan",,Granby,,,496.88,1986,94000,272000,366000,2025,Logement,MAMH — Données Québec (rôle d'évaluation foncière),https://donneesouvertes.affmunqc.net/role/RL47017_2026.xml,,,,
"219, Drummond",,Granby,,,701.5,1979,138200,233800,372000,2025,Logement,MAMH — Données Québec (rôle d'évaluation foncière),https://donneesouvertes.affmunqc.net/role/RL47017_2026.xml,,,,
"220, Alexandra",,Granby,,,686.3,1988,136300,359700,496000,2025,Logement,MAMH — Données Québec (rôle d'évaluation foncière),https://donneesouvertes.affmunqc.net/role/RL47017_2026.xml,,,,
"221, Drummond",,Granby,,,712.1,1978,139600,228400,368000,2025,Logement,MAMH — Données Québec (rôle d'évaluation foncière),https://donneesouvertes.affmunqc.net/role/RL47017_2026.xml,,,,
"224, Alexandra",,Granby,,,929.02,1971,167600,161400,329000,2025,Logement,MAMH — Données Québec (rôle d'évaluation foncière),https://donneesouvertes.affmunqc.net/role/RL47017_2026.xml,,,,
"225, Drummond",,Granby,,,967.5,1978,170100,246900,417000,2025,Logement,MAMH — Données Québec (rôle d'évaluation foncière),https://donneesouvertes.affmunqc.net/role/RL47017_2026.xml,,,,
"228, Alexandra",,Granby,,,929.02,1971,167600,223400,391000,2025,Logement,MAMH — Données Québec (rôle d'évaluation foncière),https://donneesouvertes.affmunqc.net/role/RL47017_2026.xml,,,,
"229, Drummond",,Granby,,,999.6,1984,172200,495800,668000,2025,Logement,MAMH — Données Québec (rôle d'évaluation foncière),https://donneesouvertes.affmunqc.net/role/RL47017_2026.xml,,,,
"232, Alexandra",,Granby,,,970.8,1971,170300,162700,333000,2025,Logement,MAMH — Données Québec (rôle d'évaluation foncière),https://donneesouvertes.affmunqc.net/role/RL47017_2026.xml,,,,
"239, Drummond",,Granby,,,1083.1,1984,177600,288400,466000,2025,Logement,MAMH — Données Québec (rôle d'évaluation foncière),https://donneesouvertes.affmunqc.net/role/RL47017_2026.xml,,,,
"225, Alexandra",,Granby,,,2010.45,,275000,,275000,2025,Institutionnel,MAMH — Données Québec (rôle d'évaluation foncière),https://donneesouvertes.affmunqc.net/role/RL47017_2026.xml,,,,
"231, Viau",,Granby,,,1263.6,1981,189300,412700,602000,2025,Logement,MAMH — Données Québec (rôle d'évaluation foncière),https://donneesouvertes.affmunqc.net/role/RL47017_2026.xml,,,,
"162, Leclerc",,Granby,,,850.61,1978,157500,330500,488000,2025,Logement,MAMH — Données Québec (rôle d'évaluation foncière),https://donneesouvertes.affmunqc.net/role/RL47017_2026.xml,,,,
"239, Viau",,Granby,,,1063.9,1979,176300,320700,497000,2025,Logement,MAMH — Données Québec (rôle d'évaluation foncière),https://donneesouvertes.affmunqc.net/role/RL47017_2026.xml,,,,
"166, Leclerc",,Granby,,,758.08,1978,145500,240500,386000,2025,Logement,MAMH — Données Québec (rôle d'évaluation foncière),https://donneesouvertes.affmunqc.net/role/RL47017_2026.xml,,,,
"247, Alexandra",,Granby,,,930.7,1978,167700,316300,484000,2025,Logement,MAMH — Données Québec (rôle d'évaluation foncière),https://donneesouvertes.affmunqc.net/role/RL47017_2026.xml,,,,
"236, Alexandra",,Granby,,,569.6,,121000,,121000,2025,Terrain vacant,MAMH — Données Québec (rôle d'évaluation foncière),https://donneesouvertes.affmunqc.net/role/RL47017_2026.xml,,,,
"158, Leclerc",,Granby,,,1010.8,1979,172900,233100,406000,2025,Logement,MAMH — Données Québec (rôle d'évaluation foncière),https://donneesouvertes.affmunqc.net/role/RL47017_2026.xml,,,,
"153, Leclerc",,Granby,,,415.98,1980,89400,213600,303000,2025,Logement,MAMH — Données Québec (rôle d'évaluation foncière),https://donneesouvertes.affmunqc.net/role/RL47017_2026.xml,,,,
"155, Leclerc",,Granby,,,415.98,1980,89400,225600,315000,2025,Logement,MAMH — Données Québec (rôle d'évaluation foncière),https://donneesouvertes.affmunqc.net/role/RL47017_2026.xml,,,,
"157, Leclerc",,Granby,,,767.75,1979,146800,278200,425000,2025,Logement,MAMH — Données Québec (rôle d'évaluation foncière),https://donneesouvertes.affmunqc.net/role/RL47017_2026.xml,,,,
"161, Leclerc",,Granby,,,741.9,1979,143400,284600,428000,2025,Logement,MAMH — Données Québec (rôle d'évaluation foncière),https://donneesouvertes.affmunqc.net/role/RL47017_2026.xml,,,,
"255, Alexandra",,Granby,,,2757.7,1983,229200,284800,514000,2025,Logement,MAMH — Données Québec (rôle d'évaluation foncière),https://donneesouvertes.affmunqc.net/role/RL47017_2026.xml,,,,
"265, Alexandra",,Granby,,,1366.3,1990,196000,335000,531000,2025,Logement,MAMH — Données Québec (rôle d'évaluation foncière),https://donneesouvertes.affmunqc.net/role/RL47017_2026.xml,,,,
"131, Leclerc, app. 139",,Granby,,,1797.6,1987,269600,532400,802000,2025,Industrie,MAMH — Données Québec (rôle d'évaluation foncière),https://donneesouvertes.affmunqc.net/role/RL47017_2026.xml,,,,
"141, Leclerc",,Granby,,,2489.95,1984,373500,457500,831000,2025,Immeuble à bureaux,MAMH — Données Québec (rôle d'évaluation foncière),https://donneesouvertes.affmunqc.net/role/RL47017_2026.xml,,,,
"145, Leclerc, app. 147",,Granby,,,2235.45,1992,290600,611400,902000,2025,Industrie,MAMH — Données Québec (rôle d'évaluation foncière),https://donneesouvertes.affmunqc.net/role/RL47017_2026.xml,,,,
"388, Dozois",,Granby,,,913.2,1989,125800,335200,461000,2025,Logement,MAMH — Données Québec (rôle d'évaluation foncière),https://donneesouvertes.affmunqc.net/role/RL47017_2026.xml,,,,
"392, Dozois",,Granby,,,945.1,1990,151800,336200,488000,2025,Logement,MAMH — Données Québec (rôle d'évaluation foncière),https://donneesouvertes.affmunqc.net/role/RL47017_2026.xml,,,,
"398, Dozois",,Granby,,,1621.9,1992,212600,277400,490000,2025,Logement,MAMH — Données Québec (rôle d'évaluation foncière),https://donneesouvertes.affmunqc.net/role/RL47017_2026.xml,,,,
"258, Allan",,Granby,,,7.97,,2000,,2000,2025,Terrain vacant,MAMH — Données Québec (rôle d'évaluation foncière),https://donneesouvertes.affmunqc.net/role/RL47017_2026.xml,,,,
"275, Allan",,Granby,,,448.63,1987,96500,244500,341000,2025,Logement,MAMH — Données Québec (rôle d'évaluation foncière),https://donneesouvertes.affmunqc.net/role/RL47017_2026.xml,,,,
"279, Allan",,Granby,,,448.63,1987,96500,266500,363000,2025,Logement,MAMH — Données Québec (rôle d'évaluation foncière),https://donneesouvertes.affmunqc.net/role/RL47017_2026.xml,,,,
"268, Allan, app. 270",,Granby,,,501.1,1986,107700,256300,364000,2025,Logement,MAMH — Données Québec (rôle d'évaluation foncière),https://donneesouvertes.affmunqc.net/role/RL47017_2026.xml,,,,
"272, Allan",,Granby,,,532.4,1986,114500,264500,379000,2025,Logement,MAMH — Données Québec (rôle d'évaluation foncière),https://donneesouvertes.affmunqc.net/role/RL47017_2026.xml,,,,
"285, Allan",,Granby,,,254.3,,54500,234500,289000,2025,Logement,MAMH — Données Québec (rôle d'évaluation foncière),https://donneesouvertes.affmunqc.net/role/RL47017_2026.xml,,,,
"291, Allan",,Granby,,,254.3,,54500,232500,287000,2025,Logement,MAMH — Données Québec (rôle d'évaluation foncière),https://donneesouvertes.affmunqc.net/role/RL47017_2026.xml,,,,
"287, Allan",,Granby,,,254.3,,54500,220500,275000,2025,Logement,MAMH — Données Québec (rôle d'évaluation foncière),https://donneesouvertes.affmunqc.net/role/RL47017_2026.xml,,,,
"289, Allan",,Granby,,,254.3,,54500,220500,275000,2025,Logement,MAMH — Données Québec (rôle d'évaluation foncière),https://donneesouvertes.affmunqc.net/role/RL47017_2026.xml,,,,
"276, Allan",,Granby,,,407.6,1987,87600,274400,362000,2025,Logement,MAMH — Données Québec (rôle d'évaluation foncière),https://donneesouvertes.affmunqc.net/role/RL47017_2026.xml,,,,
"280, Allan",,Granby,,,512.4,1987,110200,271800,382000,2025,Logement,MAMH — Données Québec (rôle d'évaluation foncière),https://donneesouvertes.affmunqc.net/role/RL47017_2026.xml,,,,
"290, Allan, app. 294",,Granby,,,719.9,1987,140600,387400,528000,2025,Logement,MAMH — Données Québec (rôle d'évaluation foncière),https://donneesouvertes.affmunqc.net/role/RL47017_2026.xml,,,,
"293, Allan",,Granby,,,921.57,1987,198100,692900,891000,2025,Logement,MAMH — Données Québec (rôle d'évaluation foncière),https://donneesouvertes.affmunqc.net/role/RL47017_2026.xml,,,,
"382, Dozois",,Granby,,,868.6,1990,159800,471200,631000,2025,Logement,MAMH — Données Québec (rôle d'évaluation foncière),https://donneesouvertes.affmunqc.net/role/RL47017_2026.xml,,,,
"376, Dozois",,Granby,,,518.14,1989,111400,413600,525000,2025,Logement,MAMH — Données Québec (rôle d'évaluation foncière),https://donneesouvertes.affmunqc.net/role/RL47017_2026.xml,,,,
"244, Alexandra",,Granby,,,632.1,2004,129300,408700,538000,2025,Logement,MAMH — Données Québec (rôle d'évaluation foncière),https://donneesouvertes.affmunqc.net/role/RL47017_2026.xml,,,,
"245, Drummond",,Granby,,,1523.7,1977,206200,351800,558000,2025,Logement,MAMH — Données Québec (rôle d'évaluation foncière),https://donneesouvertes.affmunqc.net/role/RL47017_2026.xml,,,,
"180, Leclerc",,Granby,,,1368,1983,196100,388900,585000,2025,Logement,MAMH — Données Québec (rôle d'évaluation foncière),https://donneesouvertes.affmunqc.net/role/RL47017_2026.xml,,,,
"175, Leclerc",,Granby,,,944.4,1984,168600,329400,498000,2025,Logement,MAMH — Données Québec (rôle d'évaluation foncière),https://donneesouvertes.affmunqc.net/role/RL47017_2026.xml,,,,
"255, Drummond",,Granby,,,943.9,1978,168500,289500,458000,2025,Logement,MAMH — Données Québec (rôle d'évaluation foncière),https://donneesouvertes.affmunqc.net/role/RL47017_2026.xml,,,,
"251, Alexandra",,Granby,,,874.8,1979,160600,222400,383000,2025,Logement,MAMH — Données Québec (rôle d'évaluation foncière),https://donneesouvertes.affmunqc.net/role/RL47017_2026.xml,,,,
"269, Alexandra",,Granby,,,2925.9,1983,312700,430300,743000,2025,Logement,MAMH — Données Québec (rôle d'évaluation foncière),https://donneesouvertes.affmunqc.net/role/RL47017_2026.xml,,,,
"250, Alexandra",,Granby,,,619.1,1983,127600,335400,463000,2025,Logement,MAMH — Données Québec (rôle d'évaluation foncière),https://donneesouvertes.affmunqc.net/role/RL47017_2026.xml,,,,
"254, Alexandra",,Granby,,,619.1,1985,127600,537400,665000,2025,Logement,MAMH — Données Québec (rôle d'évaluation foncière),https://donneesouvertes.affmunqc.net/role/RL47017_2026.xml,,,,
"258, Alexandra",,Granby,,,714.3,1984,139900,241100,381000,2025,Logement,MAMH — Données Québec (rôle d'évaluation foncière),https://donneesouvertes.affmunqc.net/role/RL47017_2026.xml,,,,
"262, Alexandra",,Granby,,,516,1982,110900,229100,340000,2025,Logement,MAMH — Données Québec (rôle d'évaluation foncière),https://donneesouvertes.affmunqc.net/role/RL47017_2026.xml,,,,
"259, Drummond",,Granby,,,585,2001,123200,687800,811000,2025,Logement,MAMH — Données Québec (rôle d'évaluation foncière),https://donneesouvertes.affmunqc.net/role/RL47017_2026.xml,,,,
"266, Alexandra",,Granby,,,524,1982,112700,221300,334000,2025,Logement,MAMH — Données Québec (rôle d'évaluation foncière),https://donneesouvertes.affmunqc.net/role/RL47017_2026.xml,,,,
"270, Alexandra",,Granby,,,523,1983,112400,211600,324000,2025,Logement,MAMH — Données Québec (rôle d'évaluation foncière),https://donneesouvertes.affmunqc.net/role/RL47017_2026.xml,,,,
"263, Drummond",,Granby,,,1603.9,1985,211400,560600,772000,2025,Logement,MAMH — Données Québec (rôle d'évaluation foncière),https://donneesouvertes.affmunqc.net/role/RL47017_2026.xml,,,,
"281, Alexandra",,Granby,,,2852.9,1987,316600,621400,938000,2025,Logement,MAMH — Données Québec (rôle d'évaluation foncière),https://donneesouvertes.affmunqc.net/role/RL47017_2026.xml,,,,
"405, Dozois",,Granby,,,1491.2,2000,204100,503900,708000,2025,Logement,MAMH — Données Québec (rôle d'évaluation foncière),https://donneesouvertes.affmunqc.net/role/RL47017_2026.xml,,,,
"286, Alexandra",,Granby,,,684.6,1983,136000,237000,373000,2025,Logement,MAMH — Données Québec (rôle d'évaluation foncière),https://donneesouvertes.affmunqc.net/role/RL47017_2026.xml,,,,
"282, Alexandra",,Granby,,,1075.6,1983,177100,314900,492000,2025,Logement,MAMH — Données Québec (rôle d'évaluation foncière),https://donneesouvertes.affmunqc.net/role/RL47017_2026.xml,,,,
"280, Alexandra",,Granby,,,426.2,1984,91600,170400,262000,2025,Logement,MAMH — Données Québec (rôle d'évaluation foncière),https://donneesouvertes.affmunqc.net/role/RL47017_2026.xml,,,,
"66, Bienvenue",,Granby,,,1858.05,1981,115200,534800,650000,2025,Logement,MAMH — Données Québec (rôle d'évaluation foncière),https://donneesouvertes.affmunqc.net/role/RL47017_2026.xml,,,,
"278, Alexandra",,Granby,,,476.3,1984,102400,265600,368000,2025,Logement,MAMH — Données Québec (rôle d'évaluation foncière),https://donneesouvertes.affmunqc.net/role/RL47017_2026.xml,,,,
"274, Alexandra",,Granby,,,706,1983,138800,268200,407000,2025,Logement,MAMH — Données Québec (rôle d'évaluation foncière),https://donneesouvertes.affmunqc.net/role/RL47017_2026.xml,,,,
"383, Dozois",,Granby,,,422.3,1988,90800,272200,363000,2025,Logement,MAMH — Données Québec (rôle d'évaluation foncière),https://donneesouvertes.affmunqc.net/role/RL47017_2026.xml,,,,
"385, Dozois",,Granby,,,323.4,1988,69500,245500,315000,2025,Logement,MAMH — Données Québec (rôle d'évaluation foncière),https://donneesouvertes.affmunqc.net/role/RL47017_2026.xml,,,,
"369, Dozois",,Granby,,,271.61,1988,58500,250500,309000,2025,Logement,MAMH — Données Québec (rôle d'évaluation foncière),https://donneesouvertes.affmunqc.net/role/RL47017_2026.xml,,,,
"389, Dozois",,Granby,,,326.8,1989,70300,270700,341000,2025,Logement,MAMH — Données Québec (rôle d'évaluation foncière),https://donneesouvertes.affmunqc.net/role/RL47017_2026.xml,,,,
"391, Dozois",,Granby,,,326.8,1989,70300,262700,333000,2025,Logement,MAMH — Données Québec (rôle d'évaluation foncière),https://donneesouvertes.affmunqc.net/role/RL47017_2026.xml,,,,
"393, Dozois",,Granby,,,507.26,1989,109100,373900,483000,2025,Logement,MAMH — Données Québec (rôle d'évaluation foncière),https://donneesouvertes.affmunqc.net/role/RL47017_2026.xml,,,,
"395, Dozois",,Granby,,,908.4,1989,164900,335100,500000,2025,Logement,MAMH — Données Québec (rôle d'évaluation foncière),https://donneesouvertes.affmunqc.net/role/RL47017_2026.xml,,,,
"74, Bienvenue",,Granby,,,2197.7,1980,250000,280000,530000,2025,Logement,MAMH — Données Québec (rôle d'évaluation foncière),https://donneesouvertes.affmunqc.net/role/RL47017_2026.xml,,,,
"70, Bienvenue",,Granby,,,716,1993,140100,344900,485000,2025,Logement,MAMH — Données Québec (rôle d'évaluation foncière),https://donneesouvertes.affmunqc.net/role/RL47017_2026.xml,,,,
"35, Saint-andré",,Granby,,,1016.27,1956,173200,441800,615000,2025,Logement,MAMH — Données Québec (rôle d'évaluation foncière),https://donneesouvertes.affmunqc.net/role/RL47017_2026.xml,,,,
"36, Saint-andré",,Granby,,,609.63,1956,126400,320600,447000,2025,Logement,MAMH — Données Québec (rôle d'évaluation foncière),https://donneesouvertes.affmunqc.net/role/RL47017_2026.xml,,,,
"21, Beacon",,Granby,,,913.4,1959,165600,321400,487000,2025,Logement,MAMH — Données Québec (rôle d'évaluation foncière),https://donneesouvertes.affmunqc.net/role/RL47017_2026.xml,,,,
"224, Providence",,Granby,,,875.18,1954,160600,311400,472000,2025,Logement,MAMH — Données Québec (rôle d'évaluation foncière),https://donneesouvertes.affmunqc.net/role/RL47017_2026.xml,,,,
"40, Saint-andré",,Granby,,,677.23,1960,135100,309900,445000,2025,Logement,MAMH — Données Québec (rôle d'évaluation foncière),https://donneesouvertes.affmunqc.net/role/RL47017_2026.xml,,,,
"227, Providence",,Granby,,,735.83,1971,142700,350300,493000,2025,Logement,MAMH — Données Québec (rôle d'évaluation foncière),https://donneesouvertes.affmunqc.net/role/RL47017_2026.xml,,,,
"30, Beacon",,Granby,,,1703.61,1960,217900,366100,584000,2025,Logement,MAMH — Données Québec (rôle d'évaluation foncière),https://donneesouvertes.affmunqc.net/role/RL47017_2026.xml,,,,
"49, Saint-andré",,Granby,,,666.53,1963,133700,277300,411000,2025,Logement,MAMH — Données Québec (rôle d'évaluation foncière),https://donneesouvertes.affmunqc.net/role/RL47017_2026.xml,,,,
"48, Saint-andré",,Granby,,,1906,1955,231100,436900,668000,2025,Logement,MAMH — Données Québec (rôle d'évaluation foncière),https://donneesouvertes.affmunqc.net/role/RL47017_2026.xml,,,,
"228, Providence",,Granby,,,724.57,1963,141200,273800,415000,2025,Logement,MAMH — Données Québec (rôle d'évaluation foncière),https://donneesouvertes.affmunqc.net/role/RL47017_2026.xml,,,,
"232, Providence",,Granby,,,724.57,1965,141200,253800,395000,2025,Logement,MAMH — Données Québec (rôle d'évaluation foncière),https://donneesouvertes.affmunqc.net/role/RL47017_2026.xml,,,,
"236, Providence",,Granby,,,966.09,1977,170000,319000,489000,2025,Logement,MAMH — Données Québec (rôle d'évaluation foncière),https://donneesouvertes.affmunqc.net/role/RL47017_2026.xml,,,,
"244, Providence",,Granby,,,1207.61,1961,185700,278300,464000,2025,Logement,MAMH — Données Québec (rôle d'évaluation foncière),https://donneesouvertes.affmunqc.net/role/RL47017_2026.xml,,,,
"231, Providence",,Granby,,,724.57,1959,141200,271800,413000,2025,Logement,MAMH — Données Québec (rôle d'évaluation foncière),https://donneesouvertes.affmunqc.net/role/RL47017_2026.xml,,,,
"235, Providence",,Granby,,,724.57,1962,141200,275800,417000,2025,Logement,MAMH — Données Québec (rôle d'évaluation foncière),https://donneesouvertes.affmunqc.net/role/RL47017_2026.xml,,,,
"257, Savage",,Granby,,,724.57,1957,141200,242800,384000,2025,Logement,MAMH — Données Québec (rôle d'évaluation foncière),https://donneesouvertes.affmunqc.net/role/RL47017_2026.xml,,,,
"24, Leclerc",,Granby,,,1086.85,1952,177800,363200,541000,2025,Logement,MAMH — Données Québec (rôle d'évaluation foncière),https://donneesouvertes.affmunqc.net/role/RL47017_2026.xml,,,,
"248, Providence",,Granby,,,809.1,1961,152100,282900,435000,2025,Logement,MAMH — Données Québec (rôle d'évaluation foncière),https://donneesouvertes.affmunqc.net/role/RL47017_2026.xml,,,,
"252, Providence",,Granby,,,640,1962,130300,217700,348000,2025,Logement,MAMH — Données Québec (rôle d'évaluation foncière),https://donneesouvertes.affmunqc.net/role/RL47017_2026.xml,,,,
"258, Providence",,Granby,,,724.57,1961,141200,274800,416000,2025,Logement,MAMH — Données Québec (rôle d'évaluation foncière),https://donneesouvertes.affmunqc.net/role/RL47017_2026.xml,,,,
"264, Providence",,Granby,,,1086.85,1956,177800,312200,490000,2025,Logement,MAMH — Données Québec (rôle d'évaluation foncière),https://donneesouvertes.affmunqc.net/role/RL47017_2026.xml,,,,
"21, Leclerc",,Granby,,,724.57,1952,141200,263800,405000,2025,Logement,MAMH — Données Québec (rôle d'évaluation foncière),https://donneesouvertes.affmunqc.net/role/RL47017_2026.xml,,,,
"285, Savage",,Granby,,,1449.13,1952,201400,390600,592000,2025,Logement,MAMH — Données Québec (rôle d'évaluation foncière),https://donneesouvertes.affmunqc.net/role/RL47017_2026.xml,,,,
"25, Leclerc",,Granby,,,724.57,1953,141200,234800,376000,2025,Logement,MAMH — Données Québec (rôle d'évaluation foncière),https://donneesouvertes.affmunqc.net/role/RL47017_2026.xml,,,,
"33, Leclerc",,Granby,,,724.64,1953,141200,259800,401000,2025,Logement,MAMH — Données Québec (rôle d'évaluation foncière),https://donneesouvertes.affmunqc.net/role/RL47017_2026.xml,,,,
"280, Providence",,Granby,,,362.32,,27000,,27000,2025,Terrain vacant,MAMH — Données Québec (rôle d'évaluation foncière),https://donneesouvertes.affmunqc.net/role/RL47017_2026.xml,,,,
"284, Providence",,Granby,,,1086.85,1959,177800,209200,387000,2025,Logement,MAMH — Données Québec (rôle d'évaluation foncière),https://donneesouvertes.affmunqc.net/role/RL47017_2026.xml,,,,
"272, Providence",,Granby,,,724.57,1958,141200,356800,498000,2025,Logement,MAMH — Données Québec (rôle d'évaluation foncière),https://donneesouvertes.affmunqc.net/role/RL47017_2026.xml,,,,
"289, Savage",,Granby,,,1174.4,1953,183500,313500,497000,2025,Logement,MAMH — Données Québec (rôle d'évaluation foncière),https://donneesouvertes.affmunqc.net/role/RL47017_2026.xml,,,,
"303, Savage",,Granby,,,445.89,1952,95900,201100,297000,2025,Logement,MAMH — Données Québec (rôle d'évaluation foncière),https://donneesouvertes.affmunqc.net/role/RL47017_2026.xml,,,,
"297, Savage",,Granby,,,850.28,1952,157400,249600,407000,2025,Logement,MAMH — Données Québec (rôle d'évaluation foncière),https://donneesouvertes.affmunqc.net/role/RL47017_2026.xml,,,,
"305, Savage",,Granby,,,445.89,1953,95900,207100,303000,2025,Logement,MAMH — Données Québec (rôle d'évaluation foncière),https://donneesouvertes.affmunqc.net/role/RL47017_2026.xml,,,,
"301, Savage",,Granby,,,664.18,1954,133400,234600,368000,2025,Logement,MAMH — Données Québec (rôle d'évaluation foncière),https://donneesouvertes.affmunqc.net/role/RL47017_2026.xml,,,,
"24, Tremblay",,Granby,,,668.9,1955,134000,293000,427000,2025,Logement,MAMH — Données Québec (rôle d'évaluation foncière),https://donneesouvertes.affmunqc.net/role/RL47017_2026.xml,,,,
"288, Providence",,Granby,,,978.16,1963,170800,238200,409000,2025,Logement,MAMH — Données Québec (rôle d'évaluation foncière),https://donneesouvertes.affmunqc.net/role/RL47017_2026.xml,,,,
"292, Providence",,Granby,,,978.16,1963,170800,203200,374000,2025,Logement,MAMH — Données Québec (rôle d'évaluation foncière),https://donneesouvertes.affmunqc.net/role/RL47017_2026.xml,,,,
"296, Providence",,Granby,,,732.61,1963,142200,233800,376000,2025,Logement,MAMH — Données Québec (rôle d'évaluation foncière),https://donneesouvertes.affmunqc.net/role/RL47017_2026.xml,,,,
"306, Providence",,Granby,,,668.9,2006,134000,353000,487000,2025,Logement,MAMH — Données Québec (rôle d'évaluation foncière),https://donneesouvertes.affmunqc.net/role/RL47017_2026.xml,,,,
"32, Tremblay",,Granby,,,668.9,1956,134000,236000,370000,2025,Logement,MAMH — Données Québec (rôle d'évaluation foncière),https://donneesouvertes.affmunqc.net/role/RL47017_2026.xml,,,,
"318, Savage",,Granby,,,613.09,1952,126800,150200,277000,2025,Logement,MAMH — Données Québec (rôle d'évaluation foncière),https://donneesouvertes.affmunqc.net/role/RL47017_2026.xml,,,,
"17, Tremblay",,Granby,,,613.09,1951,126800,176200,303000,2025,Logement,MAMH — Données Québec (rôle d'évaluation foncière),https://donneesouvertes.affmunqc.net/role/RL47017_2026.xml,,,,
"322, Savage",,Granby,,,613.09,1952,126800,261200,388000,2025,Logement,MAMH — Données Québec (rôle d'évaluation foncière),https://donneesouvertes.affmunqc.net/role/RL47017_2026.xml,,,,
"311, Savage",,Granby,,,445.89,1950,95900,184100,280000,2025,Logement,MAMH — Données Québec (rôle d'évaluation foncière),https://donneesouvertes.affmunqc.net/role/RL47017_2026.xml,,,,
"315, Savage",,Granby,,,445.89,1953,95900,240100,336000,2025,Logement,MAMH — Données Québec (rôle d'évaluation foncière),https://donneesouvertes.affmunqc.net/role/RL47017_2026.xml,,,,
"319, Savage",,Granby,,,724.57,1952,141200,185800,327000,2025,Logement,MAMH — Données Québec (rôle d'évaluation foncière),https://donneesouvertes.affmunqc.net/role/RL47017_2026.xml,,,,
"323, Savage",,Granby,,,724.57,1953,141200,279800,421000,2025,Logement,MAMH — Données Québec (rôle d'évaluation foncière),https://donneesouvertes.affmunqc.net/role/RL47017_2026.xml,,,,
"25, Tremblay",,Granby,,,668.83,1953,134000,207000,341000,2025,Logement,MAMH — Données Québec (rôle d'évaluation foncière),https://donneesouvertes.affmunqc.net/role/RL47017_2026.xml,,,,
"33, Tremblay",,Granby,,,1226.19,1959,186900,345100,532000,2025,Logement,MAMH — Données Québec (rôle d'évaluation foncière),https://donneesouvertes.affmunqc.net/role/RL47017_2026.xml,,,,
"318, Providence",,Granby,,,1198.32,1958,185100,339900,525000,2025,Logement,MAMH — Données Québec (rôle d'évaluation foncière),https://donneesouvertes.affmunqc.net/role/RL47017_2026.xml,,,,
"326, Savage",,Granby,,,613.09,1951,126800,185200,312000,2025,Logement,MAMH — Données Québec (rôle d'évaluation foncière),https://donneesouvertes.affmunqc.net/role/RL47017_2026.xml,,,,
"330, Savage",,Granby,,,613.09,1951,126800,193200,320000,2025,Logement,MAMH — Données Québec (rôle d'évaluation foncière),https://donneesouvertes.affmunqc.net/role/RL47017_2026.xml,,,,
"334, Savage",,Granby,,,613.09,1953,126800,220200,347000,2025,Logement,MAMH — Données Québec (rôle d'évaluation foncière),https://donneesouvertes.affmunqc.net/role/RL47017_2026.xml,,,,
"338, Savage",,Granby,,,613.09,1953,126800,218200,345000,2025,Logement,MAMH — Données Québec (rôle d'évaluation foncière),https://donneesouvertes.affmunqc.net/role/RL47017_2026.xml,,,,
"342, Savage",,Granby,,,613.09,1953,126800,283200,410000,2025,Logement,MAMH — Données Québec (rôle d'évaluation foncière),https://donneesouvertes.affmunqc.net/role/RL47017_2026.xml,,,,
"327, Savage",,Granby,,,724.57,1952,141200,220800,362000,2025,Logement,MAMH — Données Québec (rôle d'évaluation foncière),https://donneesouvertes.affmunqc.net/role/RL47017_2026.xml,,,,
"331, Savage",,Granby,,,724.57,1957,141200,378800,520000,2025,Logement,MAMH — Données Québec (rôle d'évaluation foncière),https://donneesouvertes.affmunqc.net/role/RL47017_2026.xml,,,,
"335, Savage",,Granby,,,724.57,1952,141200,174800,316000,2025,Logement,MAMH — Données Québec (rôle d'évaluation foncière),https://donneesouvertes.affmunqc.net/role/RL47017_2026.xml,,,,
"339, Savage",,Granby,,,724.6,1951,141200,291800,433000,2025,Logement,MAMH — Données Québec (rôle d'évaluation foncière),https://donneesouvertes.affmunqc.net/role/RL47017_2026.xml,,,,
"343, Savage",,Granby,,,724.57,1957,141200,205800,347000,2025,Logement,MAMH — Données Québec (rôle d'évaluation foncière),https://donneesouvertes.affmunqc.net/role/RL47017_2026.xml,,,,
"347, Savage",,Granby,,,724.57,1950,141200,200800,342000,2025,Logement,MAMH — Données Québec (rôle d'évaluation foncière),https://donneesouvertes.affmunqc.net/role/RL47017_2026.xml,,,,
"12, Bourget",,Granby,,,557.36,1962,119600,185400,305000,2025,Logement,MAMH — Données Québec (rôle d'évaluation foncière),https://donneesouvertes.affmunqc.net/role/RL47017_2026.xml,,,,
"346, Savage",,Granby,,,613.09,1952,126800,265200,392000,2025,Logement,MAMH — Données Québec (rôle d'évaluation foncière),https://donneesouvertes.affmunqc.net/role/RL47017_2026.xml,,,,
"350, Savage",,Granby,,,613.09,1954,126800,253200,380000,2025,Logement,MAMH — Données Québec (rôle d'évaluation foncière),https://donneesouvertes.affmunqc.net/role/RL47017_2026.xml,,,,
"354, Savage",,Granby,,,618.2,1953,127500,215500,343000,2025,Logement,MAMH — Données Québec (rôle d'évaluation foncière),https://donneesouvertes.affmunqc.net/role/RL47017_2026.xml,,,,
"358, Savage",,Granby,,,567.11,1955,120900,236100,357000,2025,Logement,MAMH — Données Québec (rôle d'évaluation foncière),https://donneesouvertes.affmunqc.net/role/RL47017_2026.xml,,,,
"362, Savage",,Granby,,,592.7,1957,124200,243800,368000,2025,Logement,MAMH — Données Québec (rôle d'évaluation foncière),https://donneesouvertes.affmunqc.net/role/RL47017_2026.xml,,,,
"351, Savage",,Granby,,,664.18,1950,133400,206600,340000,2025,Logement,MAMH — Données Québec (rôle d'évaluation foncière),https://donneesouvertes.affmunqc.net/role/RL47017_2026.xml,,,,
"363, Savage",,Granby,,,847.18,1950,157000,228000,385000,2025,Logement,MAMH — Données Québec (rôle d'évaluation foncière),https://donneesouvertes.affmunqc.net/role/RL47017_2026.xml,,,,
"355, Savage",,Granby,,,857.4,1949,158300,298700,457000,2025,Logement,MAMH — Données Québec (rôle d'évaluation foncière),https://donneesouvertes.affmunqc.net/role/RL47017_2026.xml,,,,
"373, Dufferin, app. 375",,Granby,,,1631.1,1987,326200,762800,1089000,2025,Immeuble à bureaux,MAMH — Données Québec (rôle d'évaluation foncière),https://donneesouvertes.affmunqc.net/role/RL47017_2026.xml,,,,
"385, Dufferin",,Granby,,,1713.4,1953,342700,508300,851000,2025,Immeuble à bureaux,MAMH — Données Québec (rôle d'évaluation foncière),https://donneesouvertes.affmunqc.net/role/RL47017_2026.xml,,,,
"393, Dufferin",,Granby,,,836.32,1955,167300,207700,375000,2025,Industrie,MAMH — Données Québec (rôle d'évaluation foncière),https://donneesouvertes.affmunqc.net/role/RL47017_2026.xml,,,,
"15, Bourget, app. 17",,Granby,,,613.12,1982,126800,241200,368000,2025,Logement,MAMH — Données Québec (rôle d'évaluation foncière),https://donneesouvertes.affmunqc.net/role/RL47017_2026.xml,,,,
"374, Savage",,Granby,,,664.2,1984,133400,278600,412000,2025,Logement,MAMH — Données Québec (rôle d'évaluation foncière),https://donneesouvertes.affmunqc.net/role/RL47017_2026.xml,,,,
"376, Savage",,Granby,,,1175.36,1982,183600,419400,603000,2025,Logement,MAMH — Données Québec (rôle d'évaluation foncière),https://donneesouvertes.affmunqc.net/role/RL47017_2026.xml,,,,
"380, Savage",,Granby,,,613.54,1978,126900,221100,348000,2025,Logement,MAMH — Données Québec (rôle d'évaluation foncière),https://donneesouvertes.affmunqc.net/role/RL47017_2026.xml,,,,
"384, Savage",,Granby,,,613.76,1978,126900,235100,362000,2025,Logement,MAMH — Données Québec (rôle d'évaluation foncière),https://donneesouvertes.affmunqc.net/role/RL47017_2026.xml,,,,
"25, Bourget",,Granby,,,839.21,1976,156000,490000,646000,2025,Logement,MAMH — Données Québec (rôle d'évaluation foncière),https://donneesouvertes.affmunqc.net/role/RL47017_2026.xml,,,,
"375, Savage",,Granby,,,758.01,1976,145500,280500,426000,2025,Logement,MAMH — Données Québec (rôle d'évaluation foncière),https://donneesouvertes.affmunqc.net/role/RL47017_2026.xml,,,,
"397, Dufferin",,Granby,,,836.32,1970,167300,292700,460000,2025,Immeuble à bureaux,MAMH — Données Québec (rôle d'évaluation foncière),https://donneesouvertes.affmunqc.net/role/RL47017_2026.xml,,,,
"403, Dufferin",,Granby,,,836.32,1955,142200,199800,342000,2025,Logement,MAMH — Données Québec (rôle d'évaluation foncière),https://donneesouvertes.affmunqc.net/role/RL47017_2026.xml,,,,
"407, Dufferin",,Granby,,,836.31,1967,142200,223800,366000,2025,Logement,MAMH — Données Québec (rôle d'évaluation foncière),https://donneesouvertes.affmunqc.net/role/RL47017_2026.xml,,,,
"411, Dufferin",,Granby,,,836.31,1955,142200,248800,391000,2025,Logement,MAMH — Données Québec (rôle d'évaluation foncière),https://donneesouvertes.affmunqc.net/role/RL47017_2026.xml,,,,
"415, Dufferin",,Granby,,,836.31,1945,142200,240800,383000,2025,Logement,MAMH — Données Québec (rôle d'évaluation foncière),https://donneesouvertes.affmunqc.net/role/RL47017_2026.xml,,,,
"419, Dufferin",,Granby,,,836.31,1948,142200,136800,279000,2025,Logement,MAMH — Données Québec (rôle d'évaluation foncière),https://donneesouvertes.affmunqc.net/role/RL47017_2026.xml,,,,
"388, Savage",,Granby,,,677.75,1976,135200,272800,408000,2025,Logement,MAMH — Données Québec (rôle d'évaluation foncière),https://donneesouvertes.affmunqc.net/role/RL47017_2026.xml,,,,
"392, Savage",,Granby,,,725.52,1979,141300,239700,381000,2025,Logement,MAMH — Données Québec (rôle d'évaluation foncière),https://donneesouvertes.affmunqc.net/role/RL47017_2026.xml,,,,
"396, Savage",,Granby,,,824.71,1979,154100,228900,383000,2025,Logement,MAMH — Données Québec (rôle d'évaluation foncière),https://donneesouvertes.affmunqc.net/role/RL47017_2026.xml,,,,
"400, Savage",,Granby,,,983.91,1977,171100,197900,369000,2025,Logement,MAMH — Données Québec (rôle d'évaluation foncière),https://donneesouvertes.affmunqc.net/role/RL47017_2026.xml,,,,
"404, Savage",,Granby,,,670.81,1979,134300,268700,403000,2025,Logement,MAMH — Données Québec (rôle d'évaluation foncière),https://donneesouvertes.affmunqc.net/role/RL47017_2026.xml,,,,
"51, Saint-andré",,Granby,,,959.51,1960,169600,381400,551000,2025,Logement,MAMH — Données Québec (rôle d'évaluation foncière),https://donneesouvertes.affmunqc.net/role/RL47017_2026.xml,,,,
"57, Bellevue",,Granby,,,758.13,1967,145500,270500,416000,2025,Logement,MAMH — Données Québec (rôle d'évaluation foncière),https://donneesouvertes.affmunqc.net/role/RL47017_2026.xml,,,,
"55, Saint-andré",,Granby,,,890.2,1960,162600,257400,420000,2025,Logement,MAMH — Données Québec (rôle d'évaluation foncière),https://donneesouvertes.affmunqc.net/role/RL47017_2026.xml,,,,
"56, Saint-andré",,Granby,,,765.2,1960,146400,239600,386000,2025,Logement,MAMH — Données Québec (rôle d'évaluation foncière),https://donneesouvertes.affmunqc.net/role/RL47017_2026.xml,,,,
"60, Saint-andré",,Granby,,,839,1962,156000,277000,433000,2025,Logement,MAMH — Données Québec (rôle d'évaluation foncière),https://donneesouvertes.affmunqc.net/role/RL47017_2026.xml,,,,
"61, Bellevue",,Granby,,,810.38,1972,152300,258700,411000,2025,Logement,MAMH — Données Québec (rôle d'évaluation foncière),https://donneesouvertes.affmunqc.net/role/RL47017_2026.xml,,,,
"229, Iberville",,Granby,,,749.98,1960,144500,177500,322000,2025,Logement,MAMH — Données Québec (rôle d'évaluation foncière),https://donneesouvertes.affmunqc.net/role/RL47017_2026.xml,,,,
"61, Saint-andré",,Granby,,,679.91,1960,135400,290600,426000,2025,Logement,MAMH — Données Québec (rôle d'évaluation foncière),https://donneesouvertes.affmunqc.net/role/RL47017_2026.xml,,,,
"234, Iberville",,Granby,,,724.57,1963,141200,218800,360000,2025,Logement,MAMH — Données Québec (rôle d'évaluation foncière),https://donneesouvertes.affmunqc.net/role/RL47017_2026.xml,,,,
"52, Leclerc",,Granby,,,18459.1,1960,2528700,4422300,6951000,2025,Industrie,MAMH — Données Québec (rôle d'évaluation foncière),https://donneesouvertes.affmunqc.net/role/RL47017_2026.xml,,,,
"235, Iberville",,Granby,,,724.57,1963,141200,270800,412000,2025,Logement,MAMH — Données Québec (rôle d'évaluation foncière),https://donneesouvertes.affmunqc.net/role/RL47017_2026.xml,,,,
"265, Providence",,Granby,,,651.33,,88000,,88000,2025,Terrain vacant,MAMH — Données Québec (rôle d'évaluation foncière),https://donneesouvertes.affmunqc.net/role/RL47017_2026.xml,,,,
"259, Iberville",,Granby,,,724.57,1964,141200,250800,392000,2025,Logement,MAMH — Données Québec (rôle d'évaluation foncière),https://donneesouvertes.affmunqc.net/role/RL47017_2026.xml,,,,
"279, Providence, app. 301",,Granby,,,17650,1951,2382800,28045200,30428000,2025,Logement,MAMH — Données Québec (rôle d'évaluation foncière),https://donneesouvertes.affmunqc.net/role/RL47017_2026.xml,,,,
"319, Providence",,Granby,,,1085.51,1959,177700,345300,523000,2025,Logement,MAMH — Données Québec (rôle d'évaluation foncière),https://donneesouvertes.affmunqc.net/role/RL47017_2026.xml,,,,
"121, Rodrigue",,Granby,,,1366.62,1961,196000,357000,553000,2025,Logement,MAMH — Données Québec (rôle d'évaluation foncière),https://donneesouvertes.affmunqc.net/role/RL47017_2026.xml,,,,
"320, Providence",,Granby,,,1811.41,1961,224900,487100,712000,2025,Logement,MAMH — Données Québec (rôle d'évaluation foncière),https://donneesouvertes.affmunqc.net/role/RL47017_2026.xml,,,,
"324, Providence",,Granby,,,966.09,1963,170000,278000,448000,2025,Logement,MAMH — Données Québec (rôle d'évaluation foncière),https://donneesouvertes.affmunqc.net/role/RL47017_2026.xml,,,,
"328, Providence",,Granby,,,966.09,1968,170000,450000,620000,2025,Logement,MAMH — Données Québec (rôle d'évaluation foncière),https://donneesouvertes.affmunqc.net/role/RL47017_2026.xml,,,,
"332, Providence",,Granby,,,966.09,1970,170000,268000,438000,2025,Logement,MAMH — Données Québec (rôle d'évaluation foncière),https://donneesouvertes.affmunqc.net/role/RL47017_2026.xml,,,,
"321, Providence",,Granby,,,1082.55,1960,177600,280400,458000,2025,Logement,MAMH — Données Québec (rôle d'évaluation foncière),https://donneesouvertes.affmunqc.net/role/RL47017_2026.xml,,,,
"323, Providence",,Granby,,,1455.08,1960,201800,360200,562000,2025,Logement,MAMH — Données Québec (rôle d'évaluation foncière),https://donneesouvertes.affmunqc.net/role/RL47017_2026.xml,,,,
"129, Rodrigue",,Granby,,,1654.13,1960,214700,258300,473000,2025,Logement,MAMH — Données Québec (rôle d'évaluation foncière),https://donneesouvertes.affmunqc.net/role/RL47017_2026.xml,,,,
"28, Bourget",,Granby,,,529.49,1952,113800,265200,379000,2025,Logement,MAMH — Données Québec (rôle d'évaluation foncière),https://donneesouvertes.affmunqc.net/role/RL47017_2026.xml,,,,
"336, Providence",,Granby,,,1376.67,1964,196700,273300,470000,2025,Logement,MAMH — Données Québec (rôle d'évaluation foncière),https://donneesouvertes.affmunqc.net/role/RL47017_2026.xml,,,,
"340, Providence",,Granby,,,1376.67,1962,196700,380300,577000,2025,Logement,MAMH — Données Québec (rôle d'évaluation foncière),https://donneesouvertes.affmunqc.net/role/RL47017_2026.xml,,,,
"33, Bourget",,Granby,,,839.2,1975,156000,242000,398000,2025,Logement,MAMH — Données Québec (rôle d'évaluation foncière),https://donneesouvertes.affmunqc.net/role/RL47017_2026.xml,,,,
"339, Providence",,Granby,,,946.18,1973,168700,365300,534000,2025,Logement,MAMH — Données Québec (rôle d'évaluation foncière),https://donneesouvertes.affmunqc.net/role/RL47017_2026.xml,,,,
"335, Providence",,Granby,,,1054.75,1963,175700,351300,527000,2025,Logement,MAMH — Données Québec (rôle d'évaluation foncière),https://donneesouvertes.affmunqc.net/role/RL47017_2026.xml,,,,
"43, Bourget",,Granby,,,998.19,1975,172100,282900,455000,2025,Logement,MAMH — Données Québec (rôle d'évaluation foncière),https://donneesouvertes.affmunqc.net/role/RL47017_2026.xml,,,,
"379, Savage",,Granby,,,833.99,1977,155300,227700,383000,2025,Logement,MAMH — Données Québec (rôle d'évaluation foncière),https://donneesouvertes.affmunqc.net/role/RL47017_2026.xml,,,,
"383, Savage",,Granby,,,833.99,1976,155300,261700,417000,2025,Logement,MAMH — Données Québec (rôle d'évaluation foncière),https://donneesouvertes.affmunqc.net/role/RL47017_2026.xml,,,,
"387, Savage",,Granby,,,865.13,1977,159300,264700,424000,2025,Logement,MAMH — Données Québec (rôle d'évaluation foncière),https://donneesouvertes.affmunqc.net/role/RL47017_2026.xml,,,,
"29, Bourget",,Granby,,,1270.78,1974,189800,270200,460000,2025,Logement,MAMH — Données Québec (rôle d'évaluation foncière),https://donneesouvertes.affmunqc.net/role/RL47017_2026.xml,,,,
"358, Providence",,Granby,,,833.99,1975,155300,243700,399000,2025,Logement,MAMH — Données Québec (rôle d'évaluation foncière),https://donneesouvertes.affmunqc.net/role/RL47017_2026.xml,,,,
"352, Providence",,Granby,,,758.01,1976,145500,234500,380000,2025,Logement,MAMH — Données Québec (rôle d'évaluation foncière),https://donneesouvertes.affmunqc.net/role/RL47017_2026.xml,,,,
"364, Providence",,Granby,,,833.99,1975,155300,311700,467000,2025,Logement,MAMH — Données Québec (rôle d'évaluation foncière),https://donneesouvertes.affmunqc.net/role/RL47017_2026.xml,,,,
"370, Providence",,Granby,,,846.88,1975,157000,199000,356000,2025,Logement,MAMH — Données Québec (rôle d'évaluation foncière),https://donneesouvertes.affmunqc.net/role/RL47017_2026.xml,,,,
"391, Savage",,Granby,,,954.96,1977,169300,286700,456000,2025,Logement,MAMH — Données Québec (rôle d'évaluation foncière),https://donneesouvertes.affmunqc.net/role/RL47017_2026.xml,,,,
"395, Savage",,Granby,,,1000.72,1977,172200,282800,455000,2025,Logement,MAMH — Données Québec (rôle d'évaluation foncière),https://donneesouvertes.affmunqc.net/role/RL47017_2026.xml,,,,
"399, Savage",,Granby,,,995.93,1977,171900,258100,430000,2025,Logement,MAMH — Données Québec (rôle d'évaluation foncière),https://donneesouvertes.affmunqc.net/role/RL47017_2026.xml,,,,
"403, Savage",,Granby,,,962.51,1982,169700,377300,547000,2025,Logement,MAMH — Données Québec (rôle d'évaluation foncière),https://donneesouvertes.affmunqc.net/role/RL47017_2026.xml,,,,
"376, Providence",,Granby,,,884.78,1975,161900,214100,376000,2025,Logement,MAMH — Données Québec (rôle d'évaluation foncière),https://donneesouvertes.affmunqc.net/role/RL47017_2026.xml,,,,
"382, Providence",,Granby,,,847.01,1976,157000,343000,500000,2025,Logement,MAMH — Données Québec (rôle d'évaluation foncière),https://donneesouvertes.affmunqc.net/role/RL47017_2026.xml,,,,
"388, Providence",,Granby,,,765.19,1976,146400,241600,388000,2025,Logement,MAMH — Données Québec (rôle d'évaluation foncière),https://donneesouvertes.affmunqc.net/role/RL47017_2026.xml,,,,
"394, Providence",,Granby,,,841.93,1976,156300,235700,392000,2025,Logement,MAMH — Données Québec (rôle d'évaluation foncière),https://donneesouvertes.affmunqc.net/role/RL47017_2026.xml,,,,
"64, Saint-andré",,Granby,,,869.57,1960,159900,261100,421000,2025,Logement,MAMH — Données Québec (rôle d'évaluation foncière),https://donneesouvertes.affmunqc.net/role/RL47017_2026.xml,,,,
"175, Lansdowne",,Granby,,,763,1968,146200,338800,485000,2025,Logement,MAMH — Données Québec (rôle d'évaluation foncière),https://donneesouvertes.affmunqc.net/role/RL47017_2026.xml,,,,
"63, Saint-andré",,Granby,,,972.13,1963,170400,271600,442000,2025,Logement,MAMH — Données Québec (rôle d'évaluation foncière),https://donneesouvertes.affmunqc.net/role/RL47017_2026.xml,,,,
"67, Saint-andré",,Granby,,,902.06,1964,164100,179900,344000,2025,Logement,MAMH — Données Québec (rôle d'évaluation foncière),https://donneesouvertes.affmunqc.net/role/RL47017_2026.xml,,,,
"75, Bellevue",,Granby,,,696.77,1986,137600,368400,506000,2025,Logement,MAMH — Données Québec (rôle d'évaluation foncière),https://donneesouvertes.affmunqc.net/role/RL47017_2026.xml,,,,
"68, Saint-andré",,Granby,,,696.77,1964,137600,321400,459000,2025,Logement,MAMH — Données Québec (rôle d'évaluation foncière),https://donneesouvertes.affmunqc.net/role/RL47017_2026.xml,,,,
"71, Saint-andré",,Granby,,,698.6,1970,137800,239200,377000,2025,Logement,MAMH — Données Québec (rôle d'évaluation foncière),https://donneesouvertes.affmunqc.net/role/RL47017_2026.xml,,,,
"77, Bellevue",,Granby,,,696.77,1964,137600,391400,529000,2025,Logement,MAMH — Données Québec (rôle d'évaluation foncière),https://donneesouvertes.affmunqc.net/role/RL47017_2026.xml,,,,
"72, Saint-andré",,Granby,,,696.77,1961,137600,260400,398000,2025,Logement,MAMH — Données Québec (rôle d'évaluation foncière),https://donneesouvertes.affmunqc.net/role/RL47017_2026.xml,,,,
"182, Grove",,Granby,,,696.76,1966,137600,296400,434000,2025,Logement,MAMH — Données Québec (rôle d'évaluation foncière),https://donneesouvertes.affmunqc.net/role/RL47017_2026.xml,,,,
"76, Saint-andré",,Granby,,,696.8,1965,137600,255400,393000,2025,Logement,MAMH — Données Québec (rôle d'évaluation foncière),https://donneesouvertes.affmunqc.net/role/RL47017_2026.xml,,,,
"77, Saint-andré",,Granby,,,973.75,1959,170500,332500,503000,2025,Logement,MAMH — Données Québec (rôle d'évaluation foncière),https://donneesouvertes.affmunqc.net/role/RL47017_2026.xml,,,,
"242, Mullin",,Granby,,,618.67,1961,127500,329500,457000,2025,Logement,MAMH — Données Québec (rôle d'évaluation foncière),https://donneesouvertes.affmunqc.net/role/RL47017_2026.xml,,,,
"246, Mullin, app. 248",,Granby,,,821.1,1961,153700,281300,435000,2025,Logement,MAMH — Données Québec (rôle d'évaluation foncière),https://donneesouvertes.affmunqc.net/role/RL47017_2026.xml,,,,
"250, Mullin",,Granby,,,500,,108000,,108000,2025,Terrain vacant,MAMH — Données Québec (rôle d'évaluation foncière),https://donneesouvertes.affmunqc.net/role/RL47017_2026.xml,,,,
"254, Mullin",,Granby,,,727,2007,141500,492500,634000,2025,Logement,MAMH — Données Québec (rôle d'évaluation foncière),https://donneesouvertes.affmunqc.net/role/RL47017_2026.xml,,,,
"245, Mullin",,Granby,,,789.59,1967,149600,471400,621000,2025,Logement,MAMH — Données Québec (rôle d'évaluation foncière),https://donneesouvertes.affmunqc.net/role/RL47017_2026.xml,,,,
"263, Iberville",,Granby,,,724.57,1964,141200,292800,434000,2025,Logement,MAMH — Données Québec (rôle d'évaluation foncière),https://donneesouvertes.affmunqc.net/role/RL47017_2026.xml,,,,
"56, Leclerc",,Granby,,,652.8,1964,131900,225100,357000,2025,Logement,MAMH — Données Québec (rôle d'évaluation foncière),https://donneesouvertes.affmunqc.net/role/RL47017_2026.xml,,,,
"64, Leclerc",,Granby,,,2006.49,1971,237600,589400,827000,2025,Logement,MAMH — Données Québec (rôle d'évaluation foncière),https://donneesouvertes.affmunqc.net/role/RL47017_2026.xml,,,,
"260, Mullin",,Granby,,,844.8,1963,156700,366300,523000,2025,Logement,MAMH — Données Québec (rôle d'évaluation foncière),https://donneesouvertes.affmunqc.net/role/RL47017_2026.xml,,,,
"264, Mullin",,Granby,,,936.36,1962,168000,396000,564000,2025,Logement,MAMH — Données Québec (rôle d'évaluation foncière),https://donneesouvertes.affmunqc.net/role/RL47017_2026.xml,,,,
"69, Leclerc",,Granby,,,938.31,1977,168200,329800,498000,2025,Logement,MAMH — Données Québec (rôle d'évaluation foncière),https://donneesouvertes.affmunqc.net/role/RL47017_2026.xml,,,,
"57, Leclerc",,Granby,,,1051.31,1959,175500,261500,437000,2025,Logement,MAMH — Données Québec (rôle d'évaluation foncière),https://donneesouvertes.affmunqc.net/role/RL47017_2026.xml,,,,
"279, Iberville",,Granby,,,1086.85,1972,177800,401200,579000,2025,Logement,MAMH — Données Québec (rôle d'évaluation foncière),https://donneesouvertes.affmunqc.net/role/RL47017_2026.xml,,,,
"60, Dieppe",,Granby,,,1086.85,1976,177800,327200,505000,2025,Logement,MAMH — Données Québec (rôle d'évaluation foncière),https://donneesouvertes.affmunqc.net/role/RL47017_2026.xml,,,,
"61, Leclerc",,Granby,,,951,1959,169000,408000,577000,2025,Logement,MAMH — Données Québec (rôle d'évaluation foncière),https://donneesouvertes.affmunqc.net/role/RL47017_2026.xml,,,,
"64, Dieppe",,Granby,,,925.63,1962,167100,189900,357000,2025,Logement,MAMH — Données Québec (rôle d'évaluation foncière),https://donneesouvertes.affmunqc.net/role/RL47017_2026.xml,,,,
"65, Dieppe",,Granby,,,937,1963,168100,311900,480000,2025,Logement,MAMH — Données Québec (rôle d'évaluation foncière),https://donneesouvertes.affmunqc.net/role/RL47017_2026.xml,,,,
"65, Leclerc",,Granby,,,900.27,1965,163900,292100,456000,2025,Logement,MAMH — Données Québec (rôle d'évaluation foncière),https://donneesouvertes.affmunqc.net/role/RL47017_2026.xml,,,,
"68, Dieppe",,Granby,,,925.63,1964,167100,490900,658000,2025,Logement,MAMH — Données Québec (rôle d'évaluation foncière),https://donneesouvertes.affmunqc.net/role/RL47017_2026.xml,,,,
"72, Dieppe",,Granby,,,938.31,1964,168200,517800,686000,2025,Logement,MAMH — Données Québec (rôle d'évaluation foncière),https://donneesouvertes.affmunqc.net/role/RL47017_2026.xml,,,,
"69, Dieppe",,Granby,,,868.4,2023,159800,602200,762000,2025,Logement,MAMH — Données Québec (rôle d'évaluation foncière),https://donneesouvertes.affmunqc.net/role/RL47017_2026.xml,,,,
"292, Louis-hébert",,Granby,,,947.51,1962,168800,215200,384000,2025,Logement,MAMH — Données Québec (rôle d'évaluation foncière),https://donneesouvertes.affmunqc.net/role/RL47017_2026.xml,,,,
"296, Louis-hébert",,Granby,,,947.51,1962,168800,370200,539000,2025,Logement,MAMH — Données Québec (rôle d'évaluation foncière),https://donneesouvertes.affmunqc.net/role/RL47017_2026.xml,,,,
"302, Louis-hébert",,Granby,,,947.51,1973,168800,243200,412000,2025,Logement,MAMH — Données Québec (rôle d'évaluation foncière),https://donneesouvertes.affmunqc.net/role/RL47017_2026.xml,,,,
"308, Louis-hébert",,Granby,,,947.51,1971,168800,271200,440000,2025,Logement,MAMH — Données Québec (rôle d'évaluation foncière),https://donneesouvertes.affmunqc.net/role/RL47017_2026.xml,,,,
"293, Louis-hébert",,Granby,,,902.69,1963,164200,383800,548000,2025,Logement,MAMH — Données Québec (rôle d'évaluation foncière),https://donneesouvertes.affmunqc.net/role/RL47017_2026.xml,,,,
"299, Louis-hébert",,Granby,,,902.7,1960,164200,344800,509000,2025,Logement,MAMH — Données Québec (rôle d'évaluation foncière),https://donneesouvertes.affmunqc.net/role/RL47017_2026.xml,,,,
"303, Louis-hébert",,Granby,,,902.7,2007,164200,462800,627000,2025,Logement,MAMH — Données Québec (rôle d'évaluation foncière),https://donneesouvertes.affmunqc.net/role/RL47017_2026.xml,,,,
"307, Louis-hébert",,Granby,,,902.69,1967,164200,276800,441000,2025,Logement,MAMH — Données Québec (rôle d'évaluation foncière),https://donneesouvertes.affmunqc.net/role/RL47017_2026.xml,,,,
"125, Rodrigue",,Granby,,,1200.57,1960,148200,356800,505000,2025,Logement,MAMH — Données Québec (rôle d'évaluation foncière),https://donneesouvertes.affmunqc.net/role/RL47017_2026.xml,,,,
"312, Louis-hébert",,Granby,,,947.51,1963,168800,305200,474000,2025,Logement,MAMH — Données Québec (rôle d'évaluation foncière),https://donneesouvertes.affmunqc.net/role/RL47017_2026.xml,,,,
"318, Louis-hébert",,Granby,,,947.51,1963,168800,390200,559000,2025,Logement,MAMH — Données Québec (rôle d'évaluation foncière),https://donneesouvertes.affmunqc.net/role/RL47017_2026.xml,,,,
"322, Louis-hébert",,Granby,,,947.51,1962,168800,248200,417000,2025,Logement,MAMH — Données Québec (rôle d'évaluation foncière),https://donneesouvertes.affmunqc.net/role/RL47017_2026.xml,,,,
"326, Louis-hébert",,Granby,,,947.6,1966,168800,353200,522000,2025,Logement,MAMH — Données Québec (rôle d'évaluation foncière),https://donneesouvertes.affmunqc.net/role/RL47017_2026.xml,,,,
"60, Wolfe",,Granby,,,1805.38,1971,237400,491600,729000,2025,Logement,MAMH — Données Québec (rôle d'évaluation foncière),https://donneesouvertes.affmunqc.net/role/RL47017_2026.xml,,,,
"61, Wolfe",,Granby,,,918.71,1962,166200,322800,489000,2025,Logement,MAMH — Données Québec (rôle d'évaluation foncière),https://donneesouvertes.affmunqc.net/role/RL47017_2026.xml,,,,
"325, Louis-hébert",,Granby,,,918.71,1961,166200,227800,394000,2025,Logement,MAMH — Données Québec (rôle d'évaluation foncière),https://donneesouvertes.affmunqc.net/role/RL47017_2026.xml,,,,
"41, Pasteur",,Granby,,,1052.1,1975,175600,283400,459000,2025,Logement,MAMH — Données Québec (rôle d'évaluation foncière),https://donneesouvertes.affmunqc.net/role/RL47017_2026.xml,,,,
"44, Pasteur",,Granby,,,806.66,1973,151800,273200,425000,2025,Logement,MAMH — Données Québec (rôle d'évaluation foncière),https://donneesouvertes.affmunqc.net/role/RL47017_2026.xml,,,,
"45, Pasteur",,Granby,,,1109.24,1972,179300,282700,462000,2025,Logement,MAMH — Données Québec (rôle d'évaluation foncière),https://donneesouvertes.affmunqc.net/role/RL47017_2026.xml,,,,
"330, Louis-hébert",,Granby,,,960.5,1995,169600,401400,571000,2025,Logement,MAMH — Données Québec (rôle d'évaluation foncière),https://donneesouvertes.affmunqc.net/role/RL47017_2026.xml,,,,
"340, Louis-hébert",,Granby,,,899.13,1963,163700,287300,451000,2025,Logement,MAMH — Données Québec (rôle d'évaluation foncière),https://donneesouvertes.affmunqc.net/role/RL47017_2026.xml,,,,
"344, Louis-hébert",,Granby,,,914.07,1962,165600,268400,434000,2025,Logement,MAMH — Données Québec (rôle d'évaluation foncière),https://donneesouvertes.affmunqc.net/role/RL47017_2026.xml,,,,
"47, Bourget",,Granby,,,1337.74,1975,194100,268900,463000,2025,Logement,MAMH — Données Québec (rôle d'évaluation foncière),https://donneesouvertes.affmunqc.net/role/RL47017_2026.xml,,,,
"350, Louis-hébert",,Granby,,,3458.04,1976,332000,592000,924000,2025,Logement,MAMH — Données Québec (rôle d'évaluation foncière),https://donneesouvertes.affmunqc.net/role/RL47017_2026.xml,,,,
"51, Bourget",,Granby,,,1337.83,1976,194100,326900,521000,2025,Logement,MAMH — Données Québec (rôle d'évaluation foncière),https://donneesouvertes.affmunqc.net/role/RL47017_2026.xml,,,,
"360, Louis-hébert",,Granby,,,998.17,1975,172100,360900,533000,2025,Logement,MAMH — Données Québec (rôle d'évaluation foncière),https://donneesouvertes.affmunqc.net/role/RL47017_2026.xml,,,,
"351, Providence",,Granby,,,900.15,1975,163800,272200,436000,2025,Logement,MAMH — Données Québec (rôle d'évaluation foncière),https://donneesouvertes.affmunqc.net/role/RL47017_2026.xml,,,,
"359, Providence",,Granby,,,846.64,1975,156900,212100,369000,2025,Logement,MAMH — Données Québec (rôle d'évaluation foncière),https://donneesouvertes.affmunqc.net/role/RL47017_2026.xml,,,,
"375, Providence",,Granby,,,822.38,1976,153800,247200,401000,2025,Logement,MAMH — Données Québec (rôle d'évaluation foncière),https://donneesouvertes.affmunqc.net/role/RL47017_2026.xml,,,,
"44, Gannon",,Granby,,,811.9,1976,152500,246500,399000,2025,Logement,MAMH — Données Québec (rôle d'évaluation foncière),https://donneesouvertes.affmunqc.net/role/RL47017_2026.xml,,,,
"45, Gannon",,Granby,,,719.77,1976,140600,239400,380000,2025,Logement,MAMH — Données Québec (rôle d'évaluation foncière),https://donneesouvertes.affmunqc.net/role/RL47017_2026.xml,,,,
"48, Gannon",,Granby,,,811.9,1976,152500,253500,406000,2025,Logement,MAMH — Données Québec (rôle d'évaluation foncière),https://donneesouvertes.affmunqc.net/role/RL47017_2026.xml,,,,
"49, Gannon",,Granby,,,684.62,1976,136000,256000,392000,2025,Logement,MAMH — Données Québec (rôle d'évaluation foncière),https://donneesouvertes.affmunqc.net/role/RL47017_2026.xml,,,,
"52, Gannon",,Granby,,,811.9,1976,152500,268500,421000,2025,Logement,MAMH — Données Québec (rôle d'évaluation foncière),https://donneesouvertes.affmunqc.net/role/RL47017_2026.xml,,,,
"53, Gannon",,Granby,,,684.62,1978,136000,291000,427000,2025,Logement,MAMH — Données Québec (rôle d'évaluation foncière),https://donneesouvertes.affmunqc.net/role/RL47017_2026.xml,,,,
"364, Louis-hébert",,Granby,,,900.12,1980,163800,319200,483000,2025,Logement,MAMH — Données Québec (rôle d'évaluation foncière),https://donneesouvertes.affmunqc.net/role/RL47017_2026.xml,,,,
"56, Gannon",,Granby,,,846.64,1978,156900,246100,403000,2025,Logement,MAMH — Données Québec (rôle d'évaluation foncière),https://donneesouvertes.affmunqc.net/role/RL47017_2026.xml,,,,
"381, Providence",,Granby,,,745.8,1975,143900,285100,429000,2025,Logement,MAMH — Données Québec (rôle d'évaluation foncière),https://donneesouvertes.affmunqc.net/role/RL47017_2026.xml,,,,
"387, Providence",,Granby,,,823.91,1976,154000,243000,397000,2025,Logement,MAMH — Données Québec (rôle d'évaluation foncière),https://donneesouvertes.affmunqc.net/role/RL47017_2026.xml,,,,
"389, Providence",,Granby,,,1270.6,1976,189800,288200,478000,2025,Logement,MAMH — Données Québec (rôle d'évaluation foncière),https://donneesouvertes.affmunqc.net/role/RL47017_2026.xml,,,,
"399, Providence",,Granby,,,1101.8,1976,178800,401200,580000,2025,Logement,MAMH — Données Québec (rôle d'évaluation foncière),https://donneesouvertes.affmunqc.net/role/RL47017_2026.xml,,,,
"393, Providence",,Granby,,,2482.5,1976,329900,554100,884000,2025,Logement,MAMH — Données Québec (rôle d'évaluation foncière),https://donneesouvertes.affmunqc.net/role/RL47017_2026.xml,,,,
"81, Saint-andré",,Granby,,,518.85,1964,111600,202400,314000,2025,Logement,MAMH — Données Québec (rôle d'évaluation foncière),https://donneesouvertes.affmunqc.net/role/RL47017_2026.xml,,,,
"189, Grove",,Granby,,,696.77,1964,137600,196400,334000,2025,Logement,MAMH — Données Québec (rôle d'évaluation foncière),https://donneesouvertes.affmunqc.net/role/RL47017_2026.xml,,,,
"83, Saint-andré",,Granby,,,521.28,1964,112100,192900,305000,2025,Logement,MAMH — Données Québec (rôle d'évaluation foncière),https://donneesouvertes.affmunqc.net/role/RL47017_2026.xml,,,,
"185, Grove",,Granby,,,1044.3,1963,175100,445900,621000,2025,Logement,MAMH — Données Québec (rôle d'évaluation foncière),https://donneesouvertes.affmunqc.net/role/RL47017_2026.xml,,,,
"84, Saint-andré",,Granby,,,696.77,1974,137600,244400,382000,2025,Logement,MAMH — Données Québec (rôle d'évaluation foncière),https://donneesouvertes.affmunqc.net/role/RL47017_2026.xml,,,,
"85, Saint-andré",,Granby,,,947.38,1971,168800,316200,485000,2025,Logement,MAMH — Données Québec (rôle d'évaluation foncière),https://donneesouvertes.affmunqc.net/role/RL47017_2026.xml,,,,
"88, Saint-andré",,Granby,,,1916.2,1971,231700,357300,589000,2025,Logement,MAMH — Données Québec (rôle d'évaluation foncière),https://donneesouvertes.affmunqc.net/role/RL47017_2026.xml,,,,
"87, Saint-andré",,Granby,,,960.74,1971,169600,266400,436000,2025,Logement,MAMH — Données Québec (rôle d'évaluation foncière),https://donneesouvertes.affmunqc.net/role/RL47017_2026.xml,,,,
"251, Mullin",,Granby,,,1665.43,1967,215400,425600,641000,2025,Logement,MAMH — Données Québec (rôle d'évaluation foncière),https://donneesouvertes.affmunqc.net/role/RL47017_2026.xml,,,,
"255, Mullin",,Granby,,,1507.52,1964,205200,375800,581000,2025,Logement,MAMH — Données Québec (rôle d'évaluation foncière),https://donneesouvertes.affmunqc.net/role/RL47017_2026.xml,,,,
"259, Mullin",,Granby,,,771.01,1964,147200,260800,408000,2025,Logement,MAMH — Données Québec (rôle d'évaluation foncière),https://donneesouvertes.affmunqc.net/role/RL47017_2026.xml,,,,
"72, Leclerc",,Granby,,,780.3,1965,148400,322600,471000,2025,Logement,MAMH — Données Québec (rôle d'évaluation foncière),https://donneesouvertes.affmunqc.net/role/RL47017_2026.xml,,,,
"71, Leclerc",,Granby,,,925.21,1963,167100,238900,406000,2025,Logement,MAMH — Données Québec (rôle d'évaluation foncière),https://donneesouvertes.affmunqc.net/role/RL47017_2026.xml,,,,
"76, Leclerc",,Granby,,,998.6,1959,172100,543900,716000,2025,Logement,MAMH — Données Québec (rôle d'évaluation foncière),https://donneesouvertes.affmunqc.net/role/RL47017_2026.xml,,,,
"75, Leclerc",,Granby,,,925.21,1972,167100,366900,534000,2025,Logement,MAMH — Données Québec (rôle d'évaluation foncière),https://donneesouvertes.affmunqc.net/role/RL47017_2026.xml,,,,
"80, Leclerc",,Granby,,,998.6,1960,172100,247900,420000,2025,Logement,MAMH — Données Québec (rôle d'évaluation foncière),https://donneesouvertes.affmunqc.net/role/RL47017_2026.xml,,,,
"84, Leclerc",,Granby,,,998.6,1964,172100,339900,512000,2025,Logement,MAMH — Données Québec (rôle d'évaluation foncière),https://donneesouvertes.affmunqc.net/role/RL47017_2026.xml,,,,
"283, Mullin",,Granby,,,925.21,1964,167100,263900,431000,2025,Logement,MAMH — Données Québec (rôle d'évaluation foncière),https://donneesouvertes.affmunqc.net/role/RL47017_2026.xml,,,,
"287, Mullin",,Granby,,,925.21,1963,167100,306900,474000,2025,Logement,MAMH — Données Québec (rôle d'évaluation foncière),https://donneesouvertes.affmunqc.net/role/RL47017_2026.xml,,,,
"291, Mullin",,Granby,,,925.21,1960,167100,314900,482000,2025,Logement,MAMH — Données Québec (rôle d'évaluation foncière),https://donneesouvertes.affmunqc.net/role/RL47017_2026.xml,,,,
"295, Mullin",,Granby,,,925.21,1963,167100,345900,513000,2025,Logement,MAMH — Données Québec (rôle d'évaluation foncière),https://donneesouvertes.affmunqc.net/role/RL47017_2026.xml,,,,
"280, Lavallée",,Granby,,,925.21,1966,167100,289900,457000,2025,Logement,MAMH — Données Québec (rôle d'évaluation foncière),https://donneesouvertes.affmunqc.net/role/RL47017_2026.xml,,,,
"284, Lavallée",,Granby,,,925.21,1972,167100,398900,566000,2025,Logement,MAMH — Données Québec (rôle d'évaluation foncière),https://donneesouvertes.affmunqc.net/role/RL47017_2026.xml,,,,
"288, Lavallée",,Granby,,,925.21,1971,167100,257900,425000,2025,Logement,MAMH — Données Québec (rôle d'évaluation foncière),https://donneesouvertes.affmunqc.net/role/RL47017_2026.xml,,,,
"292, Lavallée",,Granby,,,925.21,1972,167100,293900,461000,2025,Logement,MAMH — Données Québec (rôle d'évaluation foncière),https://donneesouvertes.affmunqc.net/role/RL47017_2026.xml,,,,
"290, Mullin",,Granby,,,902.69,1972,164200,308800,473000,2025,Logement,MAMH — Données Québec (rôle d'évaluation foncière),https://donneesouvertes.affmunqc.net/role/RL47017_2026.xml,,,,
"300, Mullin",,Granby,,,865.5,2005,159400,630600,790000,2025,Logement,MAMH — Données Québec (rôle d'évaluation foncière),https://donneesouvertes.affmunqc.net/role/RL47017_2026.xml,,,,
"302, Mullin",,Granby,,,940.1,1967,168300,509700,678000,2025,Logement,MAMH — Données Québec (rôle d'évaluation foncière),https://donneesouvertes.affmunqc.net/role/RL47017_2026.xml,,,,
"306, Mullin",,Granby,,,902.69,1961,164200,236800,401000,2025,Logement,MAMH — Données Québec (rôle d'évaluation foncière),https://donneesouvertes.affmunqc.net/role/RL47017_2026.xml,,,,
"299, Mullin",,Granby,,,925.21,1962,167100,307900,475000,2025,Logement,MAMH — Données Québec (rôle d'évaluation foncière),https://donneesouvertes.affmunqc.net/role/RL47017_2026.xml,,,,
"303, Mullin",,Granby,,,925.31,1963,167100,375900,543000,2025,Logement,MAMH — Données Québec (rôle d'évaluation foncière),https://donneesouvertes.affmunqc.net/role/RL47017_2026.xml,,,,
"307, Mullin",,Granby,,,925.31,1993,167100,494900,662000,2025,Logement,MAMH — Données Québec (rôle d'évaluation foncière),https://donneesouvertes.affmunqc.net/role/RL47017_2026.xml,,,,
"315, Mullin",,Granby,,,1850.43,1963,227500,408500,636000,2025,Logement,MAMH — Données Québec (rôle d'évaluation foncière),https://donneesouvertes.affmunqc.net/role/RL47017_2026.xml,,,,
"296, Lavallée",,Granby,,,925.21,1975,167100,380900,548000,2025,Logement,MAMH — Données Québec (rôle d'évaluation foncière),https://donneesouvertes.affmunqc.net/role/RL47017_2026.xml,,,,
"300, Lavallée",,Granby,,,925.21,1966,167100,354900,522000,2025,Logement,MAMH — Données Québec (rôle d'évaluation foncière),https://donneesouvertes.affmunqc.net/role/RL47017_2026.xml,,,,
"304, Lavallée",,Granby,,,925.21,1966,167100,326900,494000,2025,Logement,MAMH — Données Québec (rôle d'évaluation foncière),https://donneesouvertes.affmunqc.net/role/RL47017_2026.xml,,,,
"316, Mullin",,Granby,,,918.71,1997,166200,582800,749000,2025,Logement,MAMH — Données Québec (rôle d'évaluation foncière),https://donneesouvertes.affmunqc.net/role/RL47017_2026.xml,,,,
"320, Mullin",,Granby,,,1228.51,1974,187000,313000,500000,2025,Logement,MAMH — Données Québec (rôle d'évaluation foncière),https://donneesouvertes.affmunqc.net/role/RL47017_2026.xml,,,,
"323, Mullin",,Granby,,,780.3,1967,148400,313600,462000,2025,Logement,MAMH — Données Québec (rôle d'évaluation foncière),https://donneesouvertes.affmunqc.net/role/RL47017_2026.xml,,,,
"319, Mullin",,Granby,,,836,1964,155600,381400,537000,2025,Logement,MAMH — Données Québec (rôle d'évaluation foncière),https://donneesouvertes.affmunqc.net/role/RL47017_2026.xml,,,,
"85, Wolfe",,Granby,,,557.4,2015,119600,414400,534000,2025,Logement,MAMH — Données Québec (rôle d'évaluation foncière),https://donneesouvertes.affmunqc.net/role/RL47017_2026.xml,,,,
"329, Louis-hébert",,Granby,,,918.71,1965,166200,313800,480000,2025,Logement,MAMH — Données Québec (rôle d'évaluation foncière),https://donneesouvertes.affmunqc.net/role/RL47017_2026.xml,,,,
"333, Louis-hébert",,Granby,,,1025.54,1971,173800,242200,416000,2025,Logement,MAMH — Données Québec (rôle d'évaluation foncière),https://donneesouvertes.affmunqc.net/role/RL47017_2026.xml,,,,
"337, Louis-hébert",,Granby,,,811.88,1971,152500,222500,375000,2025,Logement,MAMH — Données Québec (rôle d'évaluation foncière),https://donneesouvertes.affmunqc.net/role/RL47017_2026.xml,,,,
"347, Louis-hébert",,Granby,,,833.25,1976,155200,197800,353000,2025,Logement,MAMH — Données Québec (rôle d'évaluation foncière),https://donneesouvertes.affmunqc.net/role/RL47017_2026.xml,,,,
"324, Mullin",,Granby,,,1527.63,1972,206500,539500,746000,2025,Logement,MAMH — Données Québec (rôle d'évaluation foncière),https://donneesouvertes.affmunqc.net/role/RL47017_2026.xml,,,,
"330, Mullin",,Granby,,,2040.77,1964,248800,420200,669000,2025,Logement,MAMH — Données Québec (rôle d'évaluation foncière),https://donneesouvertes.affmunqc.net/role/RL47017_2026.xml,,,,
"336, Mullin",,Granby,,,2087.54,1963,286000,465000,751000,2025,Logement,MAMH — Données Québec (rôle d'évaluation foncière),https://donneesouvertes.affmunqc.net/role/RL47017_2026.xml,,,,
"361, Louis-hébert",,Granby,,,874.88,1978,160600,302400,463000,2025,Logement,MAMH — Données Québec (rôle d'évaluation foncière),https://donneesouvertes.affmunqc.net/role/RL47017_2026.xml,,,,
"72, Bourget",,Granby,,,1513.7,1980,211500,510500,722000,2025,Logement,MAMH — Données Québec (rôle d'évaluation foncière),https://donneesouvertes.affmunqc.net/role/RL47017_2026.xml,,,,
"363, Louis-hébert",,Granby,,,922.98,1980,166800,263200,430000,2025,Logement,MAMH — Données Québec (rôle d'évaluation foncière),https://donneesouvertes.affmunqc.net/role/RL47017_2026.xml,,,,
"71, Bourget",,Granby,,,668.83,1988,134000,427000,561000,2025,Logement,MAMH — Données Québec (rôle d'évaluation foncière),https://donneesouvertes.affmunqc.net/role/RL47017_2026.xml,,,,
"78, Bourget",,Granby,,,621.1,1988,127900,357100,485000,2025,Logement,MAMH — Données Québec (rôle d'évaluation foncière),https://donneesouvertes.affmunqc.net/role/RL47017_2026.xml,,,,
"75, Bourget",,Granby,,,1337.6,,194000,,194000,2025,Terrain vacant,MAMH — Données Québec (rôle d'évaluation foncière),https://donneesouvertes.affmunqc.net/role/RL47017_2026.xml,,,,
"79, Bourget",,Granby,,,1337.66,1977,194100,258900,453000,2025,Logement,MAMH — Données Québec (rôle d'évaluation foncière),https://donneesouvertes.affmunqc.net/role/RL47017_2026.xml,,,,
"378, Louis-hébert",,Granby,,,788.21,1978,149400,269600,419000,2025,Logement,MAMH — Données Québec (rôle d'évaluation foncière),https://donneesouvertes.affmunqc.net/role/RL47017_2026.xml,,,,
"369, Louis-hébert",,Granby,,,910.35,1978,165200,245800,411000,2025,Logement,MAMH — Données Québec (rôle d'évaluation foncière),https://donneesouvertes.affmunqc.net/role/RL47017_2026.xml,,,,
"371, Louis-hébert",,Granby,,,806.31,1978,151700,298300,450000,2025,Logement,MAMH — Données Québec (rôle d'évaluation foncière),https://donneesouvertes.affmunqc.net/role/RL47017_2026.xml,,,,
"375, Louis-hébert",,Granby,,,702.27,1978,138300,267700,406000,2025,Logement,MAMH — Données Québec (rôle d'évaluation foncière),https://donneesouvertes.affmunqc.net/role/RL47017_2026.xml,,,,
"379, Louis-hébert",,Granby,,,619.05,1981,127600,276400,404000,2025,Logement,MAMH — Données Québec (rôle d'évaluation foncière),https://donneesouvertes.affmunqc.net/role/RL47017_2026.xml,,,,
"68, Windsor",,Granby,,,579.52,1984,122500,266500,389000,2025,Logement,MAMH — Données Québec (rôle d'évaluation foncière),https://donneesouvertes.affmunqc.net/role/RL47017_2026.xml,,,,
"12, Windsor",,Granby,,,710.67,1982,139400,208600,348000,2025,Logement,MAMH — Données Québec (rôle d'évaluation foncière),https://donneesouvertes.affmunqc.net/role/RL47017_2026.xml,,,,
"8, Windsor",,Granby,,,1086.11,1981,177800,292200,470000,2025,Logement,MAMH — Données Québec (rôle d'évaluation foncière),https://donneesouvertes.affmunqc.net/role/RL47017_2026.xml,,,,
"72, Windsor",,Granby,,,603.8,1981,125600,329400,455000,2025,Logement,MAMH — Données Québec (rôle d'évaluation foncière),https://donneesouvertes.affmunqc.net/role/RL47017_2026.xml,,,,
"16, Windsor",,Granby,,,775.02,1982,147700,235300,383000,2025,Logement,MAMH — Données Québec (rôle d'évaluation foncière),https://donneesouvertes.affmunqc.net/role/RL47017_2026.xml,,,,
"384, Louis-hébert",,Granby,,,1588.9,2017,210500,742500,953000,2025,Logement,MAMH — Données Québec (rôle d'évaluation foncière),https://donneesouvertes.affmunqc.net/role/RL47017_2026.xml,,,,
"398, Louis-hébert",,Granby,,,699.9,2000,138000,430000,568000,2025,Logement,MAMH — Données Québec (rôle d'évaluation foncière),https://donneesouvertes.affmunqc.net/role/RL47017_2026.xml,,,,
"385, Louis-hébert",,Granby,,,735.26,1980,142600,288400,431000,2025,Logement,MAMH — Données Québec (rôle d'évaluation foncière),https://donneesouvertes.affmunqc.net/role/RL47017_2026.xml,,,,
"389, Louis-hébert",,Granby,,,1217.87,1984,186300,334700,521000,2025,Logement,MAMH — Données Québec (rôle d'évaluation foncière),https://donneesouvertes.affmunqc.net/role/RL47017_2026.xml,,,,
"69, Windsor",,Granby,,,631.48,1981,129200,306800,436000,2025,Logement,MAMH — Données Québec (rôle d'évaluation foncière),https://donneesouvertes.affmunqc.net/role/RL47017_2026.xml,,,,
"393, Louis-hébert",,Granby,,,1217.87,1982,186300,391700,578000,2025,Logement,MAMH — Données Québec (rôle d'évaluation foncière),https://donneesouvertes.affmunqc.net/role/RL47017_2026.xml,,,,
"403, Louis-hébert",,Granby,,,2259.94,1981,254100,406900,661000,2025,Logement,MAMH — Données Québec (rôle d'évaluation foncière),https://donneesouvertes.affmunqc.net/role/RL47017_2026.xml,,,,
"73, Windsor",,Granby,,,631.78,1981,129200,254800,384000,2025,Logement,MAMH — Données Québec (rôle d'évaluation foncière),https://donneesouvertes.affmunqc.net/role/RL47017_2026.xml,,,,
"92, Saint-andré",,Granby,,,4024.3,1971,368800,261200,630000,2025,Logement,MAMH — Données Québec (rôle d'évaluation foncière),https://donneesouvertes.affmunqc.net/role/RL47017_2026.xml,,,,
"91, Saint-andré",,Granby,,,1471.78,1977,202900,280100,483000,2025,Logement,MAMH — Données Québec (rôle d'évaluation foncière),https://donneesouvertes.affmunqc.net/role/RL47017_2026.xml,,,,
"101, Saint-andré",,Granby,,,999.52,2005,172200,787800,960000,2025,Logement,MAMH — Données Québec (rôle d'évaluation foncière),https://donneesouvertes.affmunqc.net/role/RL47017_2026.xml,,,,
"111, Saint-andré",,Granby,,,947.07,1980,168700,247300,416000,2025,Logement,MAMH — Données Québec (rôle d'évaluation foncière),https://donneesouvertes.affmunqc.net/role/RL47017_2026.xml,,,,
"16, Laflamme",,Granby,,,4766.1,1961,417000,580000,997000,2025,Logement,MAMH — Données Québec (rôle d'évaluation foncière),https://donneesouvertes.affmunqc.net/role/RL47017_2026.xml,,,,
"11, Laflamme",,Granby,,,1368.43,2016,196100,483900,680000,2025,Logement,MAMH — Données Québec (rôle d'évaluation foncière),https://donneesouvertes.affmunqc.net/role/RL47017_2026.xml,,,,
"12, Laflamme",,Granby,,,1343.73,2017,194500,689500,884000,2025,Logement,MAMH — Données Québec (rôle d'évaluation foncière),https://donneesouvertes.affmunqc.net/role/RL47017_2026.xml,,,,
"98, Leclerc",,Granby,,,5217.7,1987,446300,696700,1143000,2025,Logement,MAMH — Données Québec (rôle d'évaluation foncière),https://donneesouvertes.affmunqc.net/role/RL47017_2026.xml,,,,
"117, Saint-andré",,Granby,,,1164.65,1980,182900,321100,504000,2025,Logement,MAMH — Données Québec (rôle d'évaluation foncière),https://donneesouvertes.affmunqc.net/role/RL47017_2026.xml,,,,
"275, Lavallée",,Granby,,,1571.82,1963,209400,365600,575000,2025,Logement,MAMH — Données Québec (rôle d'évaluation foncière),https://donneesouvertes.affmunqc.net/role/RL47017_2026.xml,,,,
"88, Leclerc",,Granby,,,1064.21,1965,176400,442600,619000,2025,Logement,MAMH — Données Québec (rôle d'évaluation foncière),https://donneesouvertes.affmunqc.net/role/RL47017_2026.xml,,,,
"92, Leclerc",,Granby,,,882.6,1985,161600,410400,572000,2025,Logement,MAMH — Données Québec (rôle d'évaluation foncière),https://donneesouvertes.affmunqc.net/role/RL47017_2026.xml,,,,
"281, Lavallée",,Granby,,,1369.28,1966,196200,474800,671000,2025,Logement,MAMH — Données Québec (rôle d'évaluation foncière),https://donneesouvertes.affmunqc.net/role/RL47017_2026.xml,,,,
"287, Lavallée",,Granby,,,1145.02,1966,181600,533400,715000,2025,Logement,MAMH — Données Québec (rôle d'évaluation foncière),https://donneesouvertes.affmunqc.net/role/RL47017_2026.xml,,,,
"293, Lavallée",,Granby,,,1106.78,1967,179100,340900,520000,2025,Logement,MAMH — Données Québec (rôle d'évaluation foncière),https://donneesouvertes.affmunqc.net/role/RL47017_2026.xml,,,,
"295, Lavallée",,Granby,,,1081.13,,178000,,178000,2025,Terrain vacant,MAMH — Données Québec (rôle d'évaluation foncière),https://donneesouvertes.affmunqc.net/role/RL47017_2026.xml,,,,
"308, Lavallée",,Granby,,,612.5,2016,126700,559300,686000,2025,Logement,MAMH — Données Québec (rôle d'évaluation foncière),https://donneesouvertes.affmunqc.net/role/RL47017_2026.xml,,,,
"312, Lavallée",,Granby,,,1237.9,1967,187700,340300,528000,2025,Logement,MAMH — Données Québec (rôle d'évaluation foncière),https://donneesouvertes.affmunqc.net/role/RL47017_2026.xml,,,,
"297, Lavallée",,Granby,,,998.07,1972,172100,383900,556000,2025,Logement,MAMH — Données Québec (rôle d'évaluation foncière),https://donneesouvertes.affmunqc.net/role/RL47017_2026.xml,,,,
"301, Lavallée",,Granby,,,1055.13,1967,175800,402200,578000,2025,Logement,MAMH — Données Québec (rôle d'évaluation foncière),https://donneesouvertes.affmunqc.net/role/RL47017_2026.xml,,,,
"305, Lavallée",,Granby,,,1110.3,1968,179400,347600,527000,2025,Logement,MAMH — Données Québec (rôle d'évaluation foncière),https://donneesouvertes.affmunqc.net/role/RL47017_2026.xml,,,,
"309, Lavallée",,Granby,,,1159.22,1966,182500,270500,453000,2025,Logement,MAMH — Données Québec (rôle d'évaluation foncière),https://donneesouvertes.affmunqc.net/role/RL47017_2026.xml,,,,
"102, Wolfe",,Granby,,,1000.2,2000,172200,394800,567000,2025,Logement,MAMH — Données Québec (rôle d'évaluation foncière),https://donneesouvertes.affmunqc.net/role/RL47017_2026.xml,,,,
"6, Landry",,Granby,,,761.72,1966,146000,446000,592000,2025,Logement,MAMH — Données Québec (rôle d'évaluation foncière),https://donneesouvertes.affmunqc.net/role/RL47017_2026.xml,,,,
"87, Wolfe",,Granby,,,696.7,1965,137600,218400,356000,2025,Logement,MAMH — Données Québec (rôle d'évaluation foncière),https://donneesouvertes.affmunqc.net/role/RL47017_2026.xml,,,,
"10, Landry",,Granby,,,761.72,1965,146000,218000,364000,2025,Logement,MAMH — Données Québec (rôle d'évaluation foncière),https://donneesouvertes.affmunqc.net/role/RL47017_2026.xml,,,,
"89, Wolfe",,Granby,,,690.7,1965,136800,353200,490000,2025,Logement,MAMH — Données Québec (rôle d'évaluation foncière),https://donneesouvertes.affmunqc.net/role/RL47017_2026.xml,,,,
"14, Landry",,Granby,,,729.21,1967,141800,384200,526000,2025,Logement,MAMH — Données Québec (rôle d'évaluation foncière),https://donneesouvertes.affmunqc.net/role/RL47017_2026.xml,,,,
"95, Wolfe",,Granby,,,696.7,1965,137600,337400,475000,2025,Logement,MAMH — Données Québec (rôle d'évaluation foncière),https://donneesouvertes.affmunqc.net/role/RL47017_2026.xml,,,,
"97, Wolfe",,Granby,,,724.51,1965,141200,505800,647000,2025,Logement,MAMH — Données Québec (rôle d'évaluation foncière),https://donneesouvertes.affmunqc.net/role/RL47017_2026.xml,,,,
"18, Landry",,Granby,,,1726.88,1966,219400,634600,854000,2025,Logement,MAMH — Données Québec (rôle d'évaluation foncière),https://donneesouvertes.affmunqc.net/role/RL47017_2026.xml,,,,
"340, Mullin",,Granby,,,1519.92,1969,208200,501800,710000,2025,Logement,MAMH — Données Québec (rôle d'évaluation foncière),https://donneesouvertes.affmunqc.net/role/RL47017_2026.xml,,,,
"40, Landry",,Granby,,,2945.4,,625000,,625000,2025,Institutionnel,MAMH — Données Québec (rôle d'évaluation foncière),https://donneesouvertes.affmunqc.net/role/RL47017_2026.xml,,,,
"344, Mullin",,Granby,,,694.7,2017,137300,497700,635000,2025,Logement,MAMH — Données Québec (rôle d'évaluation foncière),https://donneesouvertes.affmunqc.net/role/RL47017_2026.xml,,,,
"350, Mullin",,Granby,,,991.7,1963,171600,311400,483000,2025,Logement,MAMH — Données Québec (rôle d'évaluation foncière),https://donneesouvertes.affmunqc.net/role/RL47017_2026.xml,,,,
"92, Bourget",,Granby,,,1353.47,1982,195200,262800,458000,2025,Logement,MAMH — Données Québec (rôle d'évaluation foncière),https://donneesouvertes.affmunqc.net/role/RL47017_2026.xml,,,,
"83, Bourget",,Granby,,,1337.66,1977,194100,267900,462000,2025,Logement,MAMH — Données Québec (rôle d'évaluation foncière),https://donneesouvertes.affmunqc.net/role/RL47017_2026.xml,,,,
"87, Bourget",,Granby,,,1337.66,1977,194100,461900,656000,2025,Logement,MAMH — Données Québec (rôle d'évaluation foncière),https://donneesouvertes.affmunqc.net/role/RL47017_2026.xml,,,,
"95, Bourget",,Granby,,,2675.39,1977,285900,545100,831000,2025,Logement,MAMH — Données Québec (rôle d'évaluation foncière),https://donneesouvertes.affmunqc.net/role/RL47017_2026.xml,,,,
"98, Windsor",,Granby,,,1032.78,1985,174300,370700,545000,2025,Logement,MAMH — Données Québec (rôle d'évaluation foncière),https://donneesouvertes.affmunqc.net/role/RL47017_2026.xml,,,,
"102, Windsor",,Granby,,,708.6,1984,139100,243900,383000,2025,Logement,MAMH — Données Québec (rôle d'évaluation foncière),https://donneesouvertes.affmunqc.net/role/RL47017_2026.xml,,,,
"76, Windsor",,Granby,,,684.26,1983,136000,231000,367000,2025,Logement,MAMH — Données Québec (rôle d'évaluation foncière),https://donneesouvertes.affmunqc.net/role/RL47017_2026.xml,,,,
"15, Windsor",,Granby,,,2720.86,1983,301900,368100,670000,2025,Logement,MAMH — Données Québec (rôle d'évaluation foncière),https://donneesouvertes.affmunqc.net/role/RL47017_2026.xml,,,,
"5, Windsor",,Granby,,,902.38,1981,164100,291900,456000,2025,Logement,MAMH — Données Québec (rôle d'évaluation foncière),https://donneesouvertes.affmunqc.net/role/RL47017_2026.xml,,,,
"94, Windsor",,Granby,,,777.6,1985,148000,269000,417000,2025,Logement,MAMH — Données Québec (rôle d'évaluation foncière),https://donneesouvertes.affmunqc.net/role/RL47017_2026.xml,,,,
"90, Windsor",,Granby,,,687.54,1984,136400,330600,467000,2025,Logement,MAMH — Données Québec (rôle d'évaluation foncière),https://donneesouvertes.affmunqc.net/role/RL47017_2026.xml,,,,
"86, Windsor",,Granby,,,829.01,1999,154700,518300,673000,2025,Logement,MAMH — Données Québec (rôle d'évaluation foncière),https://donneesouvertes.affmunqc.net/role/RL47017_2026.xml,,,,
"89, Windsor",,Granby,,,561.35,1985,120100,322900,443000,2025,Logement,MAMH — Données Québec (rôle d'évaluation foncière),https://donneesouvertes.affmunqc.net/role/RL47017_2026.xml,,,,
"77, Windsor",,Granby,,,631.48,1981,129200,303800,433000,2025,Logement,MAMH — Données Québec (rôle d'évaluation foncière),https://donneesouvertes.affmunqc.net/role/RL47017_2026.xml,,,,
"390, Choquette",,Granby,,,968.05,1987,170100,367900,538000,2025,Logement,MAMH — Données Québec (rôle d'évaluation foncière),https://donneesouvertes.affmunqc.net/role/RL47017_2026.xml,,,,
"394, Choquette",,Granby,,,968.14,1987,170100,382900,553000,2025,Logement,MAMH — Données Québec (rôle d'évaluation foncière),https://donneesouvertes.affmunqc.net/role/RL47017_2026.xml,,,,
"398, Choquette",,Granby,,,968.06,1988,170100,323900,494000,2025,Logement,MAMH — Données Québec (rôle d'évaluation foncière),https://donneesouvertes.affmunqc.net/role/RL47017_2026.xml,,,,
"386, Choquette",,Granby,,,735.16,1981,142600,296400,439000,2025,Logement,MAMH — Données Québec (rôle d'évaluation foncière),https://donneesouvertes.affmunqc.net/role/RL47017_2026.xml,,,,
"402, Choquette",,Granby,,,958.55,1997,169500,458500,628000,2025,Logement,MAMH — Données Québec (rôle d'évaluation foncière),https://donneesouvertes.affmunqc.net/role/RL47017_2026.xml,,,,
"85, Windsor",,Granby,,,386.82,1987,83200,211800,295000,2025,Logement,MAMH — Données Québec (rôle d'évaluation foncière),https://donneesouvertes.affmunqc.net/role/RL47017_2026.xml,,,,
"87, Windsor",,Granby,,,301.9,1987,64900,197100,262000,2025,Logement,MAMH — Données Québec (rôle d'évaluation foncière),https://donneesouvertes.affmunqc.net/role/RL47017_2026.xml,,,,
"389, Choquette",,Granby,,,700.4,1987,138100,393900,532000,2025,Logement,MAMH — Données Québec (rôle d'évaluation foncière),https://donneesouvertes.affmunqc.net/role/RL47017_2026.xml,,,,
"393, Choquette",,Granby,,,700.4,1987,138100,266900,405000,2025,Logement,MAMH — Données Québec (rôle d'évaluation foncière),https://donneesouvertes.affmunqc.net/role/RL47017_2026.xml,,,,
"399, Choquette",,Granby,,,700.4,1988,138100,331900,470000,2025,Logement,MAMH — Données Québec (rôle d'évaluation foncière),https://donneesouvertes.affmunqc.net/role/RL47017_2026.xml,,,,
"401, Choquette",,Granby,,,700.4,1988,138100,348900,487000,2025,Logement,MAMH — Données Québec (rôle d'évaluation foncière),https://donneesouvertes.affmunqc.net/role/RL47017_2026.xml,,,,
"405, Choquette",,Granby,,,700.4,1989,138100,443900,582000,2025,Logement,MAMH — Données Québec (rôle d'évaluation foncière),https://donneesouvertes.affmunqc.net/role/RL47017_2026.xml,,,,
"165, Saint-michel",,Granby,,,902.8,1983,194100,512900,707000,2025,Logement,MAMH — Données Québec (rôle d'évaluation foncière),https://donneesouvertes.affmunqc.net/role/RL47017_2026.xml,,,,
"102, Leclerc",,Granby,,,1207.7,1989,185700,591300,777000,2025,Logement,MAMH — Données Québec (rôle d'évaluation foncière),https://donneesouvertes.affmunqc.net/role/RL47017_2026.xml,,,,
"123, Saint-andré",,Granby,,,1069.17,1981,176700,397300,574000,2025,Logement,MAMH — Données Québec (rôle d'évaluation foncière),https://donneesouvertes.affmunqc.net/role/RL47017_2026.xml,,,,
"104, Leclerc",,Granby,,,2451.6,1980,278800,665200,944000,2025,Logement,MAMH — Données Québec (rôle d'évaluation foncière),https://donneesouvertes.affmunqc.net/role/RL47017_2026.xml,,,,
"106, Wolfe",,Granby,,,1552,2000,208100,701900,910000,2025,Logement,MAMH — Données Québec (rôle d'évaluation foncière),https://donneesouvertes.affmunqc.net/role/RL47017_2026.xml,,,,
"22, Landry",,Granby,,,927.26,1976,167300,393700,561000,2025,Logement,MAMH — Données Québec (rôle d'évaluation foncière),https://donneesouvertes.affmunqc.net/role/RL47017_2026.xml,,,,
"103, Wolfe",,Granby,,,1249.8,2000,188400,296600,485000,2025,Logement,MAMH — Données Québec (rôle d'évaluation foncière),https://donneesouvertes.affmunqc.net/role/RL47017_2026.xml,,,,
"107, Wolfe",,Granby,,,1457,2002,201900,648100,850000,2025,Logement,MAMH — Données Québec (rôle d'évaluation foncière),https://donneesouvertes.affmunqc.net/role/RL47017_2026.xml,,,,
"111, Wolfe",,Granby,,,1382.6,2000,197100,406900,604000,2025,Logement,MAMH — Données Québec (rôle d'évaluation foncière),https://donneesouvertes.affmunqc.net/role/RL47017_2026.xml,,,,
"26, Landry",,Granby,,,982.34,1966,171000,450000,621000,2025,Logement,MAMH — Données Québec (rôle d'évaluation foncière),https://donneesouvertes.affmunqc.net/role/RL47017_2026.xml,,,,
"30, Landry",,Granby,,,1053.41,1966,175700,309300,485000,2025,Logement,MAMH — Données Québec (rôle d'évaluation foncière),https://donneesouvertes.affmunqc.net/role/RL47017_2026.xml,,,,
"34, Landry",,Granby,,,1105.66,1978,179100,486900,666000,2025,Logement,MAMH — Données Québec (rôle d'évaluation foncière),https://donneesouvertes.affmunqc.net/role/RL47017_2026.xml,,,,
"108, Bourget",,Granby,,,774,2000,147600,452400,600000,2025,Logement,MAMH — Données Québec (rôle d'évaluation foncière),https://donneesouvertes.affmunqc.net/role/RL47017_2026.xml,,,,
"112, Bourget",,Granby,,,661.6,2000,133100,287900,421000,2025,Logement,MAMH — Données Québec (rôle d'évaluation foncière),https://donneesouvertes.affmunqc.net/role/RL47017_2026.xml,,,,
"116, Bourget",,Granby,,,646.5,2004,131100,372900,504000,2025,Logement,MAMH — Données Québec (rôle d'évaluation foncière),https://donneesouvertes.affmunqc.net/role/RL47017_2026.xml,,,,
"99, Bourget",,Granby,,,1797.71,1978,224000,252000,476000,2025,Logement,MAMH — Données Québec (rôle d'évaluation foncière),https://donneesouvertes.affmunqc.net/role/RL47017_2026.xml,,,,
"106, Windsor",,Granby,,,475.66,1985,102300,212700,315000,2025,Logement,MAMH — Données Québec (rôle d'évaluation foncière),https://donneesouvertes.affmunqc.net/role/RL47017_2026.xml,,,,
"108, Windsor",,Granby,,,554.44,1985,119200,222800,342000,2025,Logement,MAMH — Données Québec (rôle d'évaluation foncière),https://donneesouvertes.affmunqc.net/role/RL47017_2026.xml,,,,
"103, Bourget",,Granby,,,685.3,2000,136100,323900,460000,2025,Logement,MAMH — Données Québec (rôle d'évaluation foncière),https://donneesouvertes.affmunqc.net/role/RL47017_2026.xml,,,,
"112, Windsor",,Granby,,,830.2,2001,154800,299200,454000,2025,Logement,MAMH — Données Québec (rôle d'évaluation foncière),https://donneesouvertes.affmunqc.net/role/RL47017_2026.xml,,,,
"107, Bourget",,Granby,,,725,2001,141300,459700,601000,2025,Logement,MAMH — Données Québec (rôle d'évaluation foncière),https://donneesouvertes.affmunqc.net/role/RL47017_2026.xml,,,,
"116, Windsor",,Granby,,,850.5,2000,157400,325600,483000,2025,Logement,MAMH — Données Québec (rôle d'évaluation foncière),https://donneesouvertes.affmunqc.net/role/RL47017_2026.xml,,,,
"111, Bourget",,Granby,,,651.3,2001,131700,410300,542000,2025,Logement,MAMH — Données Québec (rôle d'évaluation foncière),https://donneesouvertes.affmunqc.net/role/RL47017_2026.xml,,,,
"120, Windsor",,Granby,,,1014.6,2004,173100,468900,642000,2025,Logement,MAMH — Données Québec (rôle d'évaluation foncière),https://donneesouvertes.affmunqc.net/role/RL47017_2026.xml,,,,
"115, Bourget",,Granby,,,878.9,2002,161100,497900,659000,2025,Logement,MAMH — Données Québec (rôle d'évaluation foncière),https://donneesouvertes.affmunqc.net/role/RL47017_2026.xml,,,,
"93, Windsor",,Granby,,,680.11,1985,135500,315500,451000,2025,Logement,MAMH — Données Québec (rôle d'évaluation foncière),https://donneesouvertes.affmunqc.net/role/RL47017_2026.xml,,,,
"107, Windsor",,Granby,,,492.47,1987,105900,195100,301000,2025,Logement,MAMH — Données Québec (rôle d'évaluation foncière),https://donneesouvertes.affmunqc.net/role/RL47017_2026.xml,,,,
"105, Windsor",,Granby,,,390.3,1987,83900,229100,313000,2025,Logement,MAMH — Données Québec (rôle d'évaluation foncière),https://donneesouvertes.affmunqc.net/role/RL47017_2026.xml,,,,
"97, Windsor",,Granby,,,956.63,1997,169400,359600,529000,2025,Logement,MAMH — Données Québec (rôle d'évaluation foncière),https://donneesouvertes.affmunqc.net/role/RL47017_2026.xml,,,,
"101, Windsor",,Granby,,,1418.88,1987,199400,570600,770000,2025,Logement,MAMH — Données Québec (rôle d'évaluation foncière),https://donneesouvertes.affmunqc.net/role/RL47017_2026.xml,,,,
"109, Windsor",,Granby,,,759.42,1988,145700,424300,570000,2025,Logement,MAMH — Données Québec (rôle d'évaluation foncière),https://donneesouvertes.affmunqc.net/role/RL47017_2026.xml,,,,
"115, Windsor",,Granby,,,870,2000,160000,429000,589000,2025,Logement,MAMH — Données Québec (rôle d'évaluation foncière),https://donneesouvertes.affmunqc.net/role/RL47017_2026.xml,,,,
"117, Windsor",,Granby,,,817.3,2004,153200,343800,497000,2025,Logement,MAMH — Données Québec (rôle d'évaluation foncière),https://donneesouvertes.affmunqc.net/role/RL47017_2026.xml,,,,
"175, Saint-michel",,Granby,,,901.3,1983,193800,514200,708000,2025,Logement,MAMH — Données Québec (rôle d'évaluation foncière),https://donneesouvertes.affmunqc.net/role/RL47017_2026.xml,,,,
"106, Leclerc",,Granby,,,1096.9,1985,235800,510200,746000,2025,Logement,MAMH — Données Québec (rôle d'évaluation foncière),https://donneesouvertes.affmunqc.net/role/RL47017_2026.xml,,,,
"108, Leclerc",,Granby,,,1089.9,1985,234300,494700,729000,2025,Logement,MAMH — Données Québec (rôle d'évaluation foncière),https://donneesouvertes.affmunqc.net/role/RL47017_2026.xml,,,,
"95, Leclerc",,Granby,,,7103.7,1995,959000,1390000,2349000,2025,Institutionnel,MAMH — Données Québec (rôle d'évaluation foncière),https://donneesouvertes.affmunqc.net/role/RL47017_2026.xml,,,,
"120, Bourget",,Granby,,,864.3,2003,159200,374800,534000,2025,Logement,MAMH — Données Québec (rôle d'évaluation foncière),https://donneesouvertes.affmunqc.net/role/RL47017_2026.xml,,,,
"124, Bourget",,Granby,,,735,2004,142500,411500,554000,2025,Logement,MAMH — Données Québec (rôle d'évaluation foncière),https://donneesouvertes.affmunqc.net/role/RL47017_2026.xml,,,,
"128, Bourget",,Granby,,,735,2005,142500,314500,457000,2025,Logement,MAMH — Données Québec (rôle d'évaluation foncière),https://donneesouvertes.affmunqc.net/role/RL47017_2026.xml,,,,
"124, Windsor",,Granby,,,820.4,2005,153600,369400,523000,2025,Logement,MAMH — Données Québec (rôle d'évaluation foncière),https://donneesouvertes.affmunqc.net/role/RL47017_2026.xml,,,,
"119, Bourget",,Granby,,,793.5,2006,150100,414900,565000,2025,Logement,MAMH — Données Québec (rôle d'évaluation foncière),https://donneesouvertes.affmunqc.net/role/RL47017_2026.xml,,,,
"123, Bourget",,Granby,,,863.5,2003,159100,593900,753000,2025,Logement,MAMH — Données Québec (rôle d'évaluation foncière),https://donneesouvertes.affmunqc.net/role/RL47017_2026.xml,,,,
"131, Bourget",,Granby,,,1196.4,2015,185000,487000,672000,2025,Logement,MAMH — Données Québec (rôle d'évaluation foncière),https://donneesouvertes.affmunqc.net/role/RL47017_2026.xml,,,,
"135, Bourget",,Granby,,,1088.3,2009,177900,587100,765000,2025,Logement,MAMH — Données Québec (rôle d'évaluation foncière),https://donneesouvertes.affmunqc.net/role/RL47017_2026.xml,,,,
"380, Saphir",,Granby,,,974.2,2016,170500,566500,737000,2025,Logement,MAMH — Données Québec (rôle d'évaluation foncière),https://donneesouvertes.affmunqc.net/role/RL47017_2026.xml,,,,
"376, Saphir",,Granby,,,788.1,2009,149400,530600,680000,2025,Logement,MAMH — Données Québec (rôle d'évaluation foncière),https://donneesouvertes.affmunqc.net/role/RL47017_2026.xml,,,,
"372, Saphir",,Granby,,,637.4,2010,130000,583000,713000,2025,Logement,MAMH — Données Québec (rôle d'évaluation foncière),https://donneesouvertes.affmunqc.net/role/RL47017_2026.xml,,,,
"368, Saphir",,Granby,,,728.9,2008,141800,408200,550000,2025,Logement,MAMH — Données Québec (rôle d'évaluation foncière),https://donneesouvertes.affmunqc.net/role/RL47017_2026.xml,,,,
"364, Saphir",,Granby,,,977.1,2008,170700,556300,727000,2025,Logement,MAMH — Données Québec (rôle d'évaluation foncière),https://donneesouvertes.affmunqc.net/role/RL47017_2026.xml,,,,
"373, Saphir",,Granby,,,914.2,2011,165700,502300,668000,2025,Logement,MAMH — Données Québec (rôle d'évaluation foncière),https://donneesouvertes.affmunqc.net/role/RL47017_2026.xml,,,,
"369, Saphir",,Granby,,,800.8,2011,151000,449000,600000,2025,Logement,MAMH — Données Québec (rôle d'évaluation foncière),https://donneesouvertes.affmunqc.net/role/RL47017_2026.xml,,,,
"365, Saphir",,Granby,,,807.5,2009,151900,305100,457000,2025,Logement,MAMH — Données Québec (rôle d'évaluation foncière),https://donneesouvertes.affmunqc.net/role/RL47017_2026.xml,,,,
"388, Saphir",,Granby,,,1052.1,2017,175600,658400,834000,2025,Logement,MAMH — Données Québec (rôle d'évaluation foncière),https://donneesouvertes.affmunqc.net/role/RL47017_2026.xml,,,,
"384, Saphir",,Granby,,,1222.5,2023,186600,653400,840000,2025,Logement,MAMH — Données Québec (rôle d'évaluation foncière),https://donneesouvertes.affmunqc.net/role/RL47017_2026.xml,,,,
"392, Saphir",,Granby,,,1245.8,2011,188200,732800,921000,2025,Logement,MAMH — Données Québec (rôle d'évaluation foncière),https://donneesouvertes.affmunqc.net/role/RL47017_2026.xml,,,,
"381, Saphir",,Granby,,,973,2010,170400,569600,740000,2025,Logement,MAMH — Données Québec (rôle d'évaluation foncière),https://donneesouvertes.affmunqc.net/role/RL47017_2026.xml,,,,
"377, Saphir",,Granby,,,952.9,2012,169100,436900,606000,2025,Logement,MAMH — Données Québec (rôle d'évaluation foncière),https://donneesouvertes.affmunqc.net/role/RL47017_2026.xml,,,,
"385, Saphir",,Granby,,,957.4,2012,169400,631600,801000,2025,Logement,MAMH — Données Québec (rôle d'évaluation foncière),https://donneesouvertes.affmunqc.net/role/RL47017_2026.xml,,,,
"389, Saphir",,Granby,,,945.6,2010,168700,604300,773000,2025,Logement,MAMH — Données Québec (rôle d'évaluation foncière),https://donneesouvertes.affmunqc.net/role/RL47017_2026.xml,,,,
"105, Leclerc",,Granby,,,10250,1988,2700000,14253000,16953000,2025,Logement,MAMH — Données Québec (rôle d'évaluation foncière),https://donneesouvertes.affmunqc.net/role/RL47017_2026.xml,,,,
"271, Dozois",,Granby,,,1097.04,1995,200500,720500,921000,2025,Logement,MAMH — Données Québec (rôle d'évaluation foncière),https://donneesouvertes.affmunqc.net/role/RL47017_2026.xml,,,,
"275, Dozois",,Granby,,,1080,1997,197400,745600,943000,2025,Logement,MAMH — Données Québec (rôle d'évaluation foncière),https://donneesouvertes.affmunqc.net/role/RL47017_2026.xml,,,,
"285, Dozois",,Granby,,,1775,2006,381600,1762400,2144000,2025,Logement,MAMH — Données Québec (rôle d'évaluation foncière),https://donneesouvertes.affmunqc.net/role/RL47017_2026.xml,,,,
"300, Dozois",,Granby,,,1928.8,2000,364900,1354100,1719000,2025,Logement,MAMH — Données Québec (rôle d'évaluation foncière),https://donneesouvertes.affmunqc.net/role/RL47017_2026.xml,,,,
"139, Bourget",,Granby,,,995.5,2013,171900,698100,870000,2025,Logement,MAMH — Données Québec (rôle d'évaluation foncière),https://donneesouvertes.affmunqc.net/role/RL47017_2026.xml,,,,
"396, Émeraude",,Granby,,,835,2009,155400,422600,578000,2025,Logement,MAMH — Données Québec (rôle d'évaluation foncière),https://donneesouvertes.affmunqc.net/role/RL47017_2026.xml,,,,
"392, Émeraude",,Granby,,,756.7,2010,145300,499700,645000,2025,Logement,MAMH — Données Québec (rôle d'évaluation foncière),https://donneesouvertes.affmunqc.net/role/RL47017_2026.xml,,,,
"388, Émeraude",,Granby,,,1002.1,2013,172300,625700,798000,2025,Logement,MAMH — Données Québec (rôle d'évaluation foncière),https://donneesouvertes.affmunqc.net/role/RL47017_2026.xml,,,,
"397, Émeraude",,Granby,,,837,2010,155700,317300,473000,2025,Logement,MAMH — Données Québec (rôle d'évaluation foncière),https://donneesouvertes.affmunqc.net/role/RL47017_2026.xml,,,,
"393, Émeraude",,Granby,,,875.3,2012,160600,620400,781000,2025,Logement,MAMH — Données Québec (rôle d'évaluation foncière),https://donneesouvertes.affmunqc.net/role/RL47017_2026.xml,,,,
"404, Émeraude",,Granby,,,704.7,2015,138600,452400,591000,2025,Logement,MAMH — Données Québec (rôle d'évaluation foncière),https://donneesouvertes.affmunqc.net/role/RL47017_2026.xml,,,,
"400, Émeraude",,Granby,,,897.6,2010,163500,485500,649000,2025,Logement,MAMH — Données Québec (rôle d'évaluation foncière),https://donneesouvertes.affmunqc.net/role/RL47017_2026.xml,,,,
"408, Émeraude",,Granby,,,660.4,2011,132900,506100,639000,2025,Logement,MAMH — Données Québec (rôle d'évaluation foncière),https://donneesouvertes.affmunqc.net/role/RL47017_2026.xml,,,,
"412, Émeraude",,Granby,,,660.1,2011,132900,348100,481000,2025,Logement,MAMH — Données Québec (rôle d'évaluation foncière),https://donneesouvertes.affmunqc.net/role/RL47017_2026.xml,,,,
"416, Émeraude",,Granby,,,660.1,2009,132900,458100,591000,2025,Logement,MAMH — Données Québec (rôle d'évaluation foncière),https://donneesouvertes.affmunqc.net/role/RL47017_2026.xml,,,,
"409, Émeraude",,Granby,,,763.2,2012,146200,476800,623000,2025,Logement,MAMH — Données Québec (rôle d'évaluation foncière),https://donneesouvertes.affmunqc.net/role/RL47017_2026.xml,,,,
"413, Émeraude",,Granby,,,660.1,2009,132900,304100,437000,2025,Logement,MAMH — Données Québec (rôle d'évaluation foncière),https://donneesouvertes.affmunqc.net/role/RL47017_2026.xml,,,,
"417, Émeraude",,Granby,,,660.1,2009,132900,456100,589000,2025,Logement,MAMH — Données Québec (rôle d'évaluation foncière),https://donneesouvertes.affmunqc.net/role/RL47017_2026.xml,,,,
"401, Émeraude",,Granby,,,957.2,2013,169400,563600,733000,2025,Logement,MAMH — Données Québec (rôle d'évaluation foncière),https://donneesouvertes.affmunqc.net/role/RL47017_2026.xml,,,,
"135, Jade",,Granby,,,680.1,2009,135500,334500,470000,2025,Logement,MAMH — Données Québec (rôle d'évaluation foncière),https://donneesouvertes.affmunqc.net/role/RL47017_2026.xml,,,,
"149, Jade",,Granby,,,1659.2,2015,215000,429000,644000,2025,Logement,MAMH — Données Québec (rôle d'évaluation foncière),https://donneesouvertes.affmunqc.net/role/RL47017_2026.xml,,,,
"136, Jade",,Granby,,,897.9,2009,163600,378400,542000,2025,Logement,MAMH — Données Québec (rôle d'évaluation foncière),https://donneesouvertes.affmunqc.net/role/RL47017_2026.xml,,,,
"314, Dozois",,Granby,,,1146.6,1998,202100,665900,868000,2025,Logement,MAMH — Données Québec (rôle d'évaluation foncière),https://donneesouvertes.affmunqc.net/role/RL47017_2026.xml,,,,
"330, Dozois",,Granby,,,1017.97,1991,218900,568100,787000,2025,Logement,MAMH — Données Québec (rôle d'évaluation foncière),https://donneesouvertes.affmunqc.net/role/RL47017_2026.xml,,,,
"313, Dozois",,Granby,,,1853,2003,398400,1376600,1775000,2025,Logement,MAMH — Données Québec (rôle d'évaluation foncière),https://donneesouvertes.affmunqc.net/role/RL47017_2026.xml,,,,
"360, Dozois",,Granby,,,1053.65,1988,181200,900800,1082000,2025,Logement,MAMH — Données Québec (rôle d'évaluation foncière),https://donneesouvertes.affmunqc.net/role/RL47017_2026.xml,,,,
"344, Dozois",,Granby,,,917.19,1989,197200,693800,891000,2025,Logement,MAMH — Données Québec (rôle d'évaluation foncière),https://donneesouvertes.affmunqc.net/role/RL47017_2026.xml,,,,
"327, Dozois",,Granby,,,2022.5,2003,434800,1566200,2001000,2025,Logement,MAMH — Données Québec (rôle d'évaluation foncière),https://donneesouvertes.affmunqc.net/role/RL47017_2026.xml,,,,
"299, Dozois",,Granby,,,2000,2004,430000,1537000,1967000,2025,Logement,MAMH — Données Québec (rôle d'évaluation foncière),https://donneesouvertes.affmunqc.net/role/RL47017_2026.xml,,,,
"368, Gérard-goulet",,Granby,,,797.7,2014,150600,433400,584000,2025,Logement,MAMH — Données Québec (rôle d'évaluation foncière),https://donneesouvertes.affmunqc.net/role/RL47017_2026.xml,,,,
"360, Gérard-goulet",,Granby,,,967.1,2014,170000,579000,749000,2025,Logement,MAMH — Données Québec (rôle d'évaluation foncière),https://donneesouvertes.affmunqc.net/role/RL47017_2026.xml,,,,
"364, Gérard-goulet",,Granby,,,879.7,2012,161200,664800,826000,2025,Logement,MAMH — Données Québec (rôle d'évaluation foncière),https://donneesouvertes.affmunqc.net/role/RL47017_2026.xml,,,,
"356, Gérard-goulet",,Granby,,,1026.1,2014,173900,530100,704000,2025,Logement,MAMH — Données Québec (rôle d'évaluation foncière),https://donneesouvertes.affmunqc.net/role/RL47017_2026.xml,,,,
"352, Gérard-goulet",,Granby,,,994.6,2013,171800,625200,797000,2025,Logement,MAMH — Données Québec (rôle d'évaluation foncière),https://donneesouvertes.affmunqc.net/role/RL47017_2026.xml,,,,
"361, Gérard-goulet",,Granby,,,855.1,2012,158000,432000,590000,2025,Logement,MAMH — Données Québec (rôle d'évaluation foncière),https://donneesouvertes.affmunqc.net/role/RL47017_2026.xml,,,,
"349, Gérard-goulet",,Granby,,,1093.2,2012,178200,486800,665000,2025,Logement,MAMH — Données Québec (rôle d'évaluation foncière),https://donneesouvertes.affmunqc.net/role/RL47017_2026.xml,,,,
"357, Gérard-goulet",,Granby,,,987.7,2013,171400,581600,753000,2025,Logement,MAMH — Données Québec (rôle d'évaluation foncière),https://donneesouvertes.affmunqc.net/role/RL47017_2026.xml,,,,
"376, Gérard-goulet",,Granby,,,898.2,2014,163600,540400,704000,2025,Logement,MAMH — Données Québec (rôle d'évaluation foncière),https://donneesouvertes.affmunqc.net/role/RL47017_2026.xml,,,,
"380, Gérard-goulet",,Granby,,,861.3,2012,158800,515200,674000,2025,Logement,MAMH — Données Québec (rôle d'évaluation foncière),https://donneesouvertes.affmunqc.net/role/RL47017_2026.xml,,,,
"388, Gérard-goulet",,Granby,,,800,2012,150900,510100,661000,2025,Logement,MAMH — Données Québec (rôle d'évaluation foncière),https://donneesouvertes.affmunqc.net/role/RL47017_2026.xml,,,,
"384, Gérard-goulet",,Granby,,,810.2,2013,152200,586800,739000,2025,Logement,MAMH — Données Québec (rôle d'évaluation foncière),https://donneesouvertes.affmunqc.net/role/RL47017_2026.xml,,,,
"372, Gérard-goulet",,Granby,,,801.8,2012,151200,578800,730000,2025,Logement,MAMH — Données Québec (rôle d'évaluation foncière),https://donneesouvertes.affmunqc.net/role/RL47017_2026.xml,,,,
"373, Gérard-goulet",,Granby,,,830.1,2012,154800,519200,674000,2025,Logement,MAMH — Données Québec (rôle d'évaluation foncière),https://donneesouvertes.affmunqc.net/role/RL47017_2026.xml,,,,
"369, Gérard-goulet",,Granby,,,722.6,2012,140900,423100,564000,2025,Logement,MAMH — Données Québec (rôle d'évaluation foncière),https://donneesouvertes.affmunqc.net/role/RL47017_2026.xml,,,,
"377, Gérard-goulet",,Granby,,,897.5,2011,163500,661500,825000,2025,Logement,MAMH — Données Québec (rôle d'évaluation foncière),https://donneesouvertes.affmunqc.net/role/RL47017_2026.xml,,,,
"365, Gérard-goulet",,Granby,,,822,2011,153800,507200,661000,2025,Logement,MAMH — Données Québec (rôle d'évaluation foncière),https://donneesouvertes.affmunqc.net/role/RL47017_2026.xml,,,,
"392, Gérard-goulet",,Granby,,,950.5,2015,169000,445000,614000,2025,Logement,MAMH — Données Québec (rôle d'évaluation foncière),https://donneesouvertes.affmunqc.net/role/RL47017_2026.xml,,,,
"151, Bourget",,Granby,,,725.6,2012,141300,603700,745000,2025,Logement,MAMH — Données Québec (rôle d'évaluation foncière),https://donneesouvertes.affmunqc.net/role/RL47017_2026.xml,,,,
"155, Bourget",,Granby,,,750.6,2015,144600,531400,676000,2025,Logement,MAMH — Données Québec (rôle d'évaluation foncière),https://donneesouvertes.affmunqc.net/role/RL47017_2026.xml,,,,
"159, Bourget",,Granby,,,764.7,2012,146400,406600,553000,2025,Logement,MAMH — Données Québec (rôle d'évaluation foncière),https://donneesouvertes.affmunqc.net/role/RL47017_2026.xml,,,,
"385, Gérard-goulet",,Granby,,,882.3,2012,161500,602500,764000,2025,Logement,MAMH — Données Québec (rôle d'évaluation foncière),https://donneesouvertes.affmunqc.net/role/RL47017_2026.xml,,,,
"381, Gérard-goulet",,Granby,,,781.9,2014,148600,590400,739000,2025,Logement,MAMH — Données Québec (rôle d'évaluation foncière),https://donneesouvertes.affmunqc.net/role/RL47017_2026.xml,,,,
"139, Jade",,Granby,,,869.4,2012,159900,488100,648000,2025,Logement,MAMH — Données Québec (rôle d'évaluation foncière),https://donneesouvertes.affmunqc.net/role/RL47017_2026.xml,,,,
"140, Jade",,Granby,,,770.3,2009,147100,488900,636000,2025,Logement,MAMH — Données Québec (rôle d'évaluation foncière),https://donneesouvertes.affmunqc.net/role/RL47017_2026.xml,,,,
"144, Jade",,Granby,,,1102.9,2008,178900,449100,628000,2025,Logement,MAMH — Données Québec (rôle d'évaluation foncière),https://donneesouvertes.affmunqc.net/role/RL47017_2026.xml,,,,
"148, Jade",,Granby,,,1016,2011,173200,455800,629000,2025,Logement,MAMH — Données Québec (rôle d'évaluation foncière),https://donneesouvertes.affmunqc.net/role/RL47017_2026.xml,,,,
"152, Jade",,Granby,,,833.3,2020,155200,624800,780000,2025,Logement,MAMH — Données Québec (rôle d'évaluation foncière),https://donneesouvertes.affmunqc.net/role/RL47017_2026.xml,,,,
"156, Jade",,Granby,,,1756.5,2011,221400,732600,954000,2025,Logement,MAMH — Données Québec (rôle d'évaluation foncière),https://donneesouvertes.affmunqc.net/role/RL47017_2026.xml,,,,
"355, Dozois",,Granby,,,1493.45,1990,321100,1173900,1495000,2025,Logement,MAMH — Données Québec (rôle d'évaluation foncière),https://donneesouvertes.affmunqc.net/role/RL47017_2026.xml,,,,
"341, Dozois",,Granby,,,1930.3,2003,415000,1038000,1453000,2025,Logement,MAMH — Données Québec (rôle d'évaluation foncière),https://donneesouvertes.affmunqc.net/role/RL47017_2026.xml,,,,
"97, Leclerc",,Granby,,,452859.7,2009,9236300,2565700,11802000,2025,Institutionnel,MAMH — Données Québec (rôle d'évaluation foncière),https://donneesouvertes.affmunqc.net/role/RL47017_2026.xml,,,,
"353, Gérard-goulet",,Granby,,,1154.7,2012,182200,511800,694000,2025,Logement,MAMH — Données Québec (rôle d'évaluation foncière),https://donneesouvertes.affmunqc.net/role/RL47017_2026.xml,,,,
"423, Dufferin, app. 425",,Granby,,,836.31,1955,167300,216700,384000,2025,Industrie,MAMH — Données Québec (rôle d'évaluation foncière),https://donneesouvertes.affmunqc.net/role/RL47017_2026.xml,,,,
"427, Dufferin",,Granby,,,836.3,1955,142200,217800,360000,2025,Logement,MAMH — Données Québec (rôle d'évaluation foncière),https://donneesouvertes.affmunqc.net/role/RL47017_2026.xml,,,,
"433, Dufferin",,Granby,,,836.3,1990,142200,530800,673000,2025,Agricole,MAMH — Données Québec (rôle d'évaluation foncière),https://donneesouvertes.affmunqc.net/role/RL47017_2026.xml,,,,
"439, Dufferin",,Granby,,,5540.94,1972,575200,366800,942000,2025,Immeuble à bureaux,MAMH — Données Québec (rôle d'évaluation foncière),https://donneesouvertes.affmunqc.net/role/RL47017_2026.xml,,,,
"447, Dufferin, app. 449",,Granby,,,1672.2,1987,334400,185600,520000,2025,Immeuble à bureaux,MAMH — Données Québec (rôle d'évaluation foncière),https://donneesouvertes.affmunqc.net/role/RL47017_2026.xml,,,,
"455, Dufferin, app. 457",,Granby,,,1672.15,1955,301000,156000,457000,2025,Industrie,MAMH — Données Québec (rôle d'évaluation foncière),https://donneesouvertes.affmunqc.net/role/RL47017_2026.xml,,,,
"22, Verdon",,Granby,,,874.31,1981,160500,204500,365000,2025,Logement,MAMH — Données Québec (rôle d'évaluation foncière),https://donneesouvertes.affmunqc.net/role/RL47017_2026.xml,,,,
"18, Verdon",,Granby,,,557.59,1981,119700,245300,365000,2025,Logement,MAMH — Données Québec (rôle d'évaluation foncière),https://donneesouvertes.affmunqc.net/role/RL47017_2026.xml,,,,
"470, Dufferin",,Granby,,,12259,2005,1593700,3309300,4903000,2025,Industrie,MAMH — Données Québec (rôle d'évaluation foncière),https://donneesouvertes.affmunqc.net/role/RL47017_2026.xml,,,,
"465, Dufferin, app. 469",,Granby,,,1672.15,1987,284300,187700,472000,2025,Immeuble à bureaux,MAMH — Données Québec (rôle d'évaluation foncière),https://donneesouvertes.affmunqc.net/role/RL47017_2026.xml,,,,
"473, Dufferin, app. 475",,Granby,,,1106.79,1987,221400,992600,1214000,2025,Immeuble à bureaux,MAMH — Données Québec (rôle d'évaluation foncière),https://donneesouvertes.affmunqc.net/role/RL47017_2026.xml,,,,
"5, Comeau",,Granby,,,1850.46,1987,314600,179400,494000,2025,Immeuble à bureaux,MAMH — Données Québec (rôle d'évaluation foncière),https://donneesouvertes.affmunqc.net/role/RL47017_2026.xml,,,,
"487, Dufferin, app. 489",,Granby,,,1891.9,1827,257300,284700,542000,2025,Logement,MAMH — Données Québec (rôle d'évaluation foncière),https://donneesouvertes.affmunqc.net/role/RL47017_2026.xml,,,,
"495, Dufferin",,Granby,,,842.05,1948,143100,255900,399000,2025,Logement,MAMH — Données Québec (rôle d'évaluation foncière),https://donneesouvertes.affmunqc.net/role/RL47017_2026.xml,,,,
"564, Boyer",,Granby,,,1783.7,,98000,,98000,2025,Terrain vacant,MAMH — Données Québec (rôle d'évaluation foncière),https://donneesouvertes.affmunqc.net/role/RL47017_2026.xml,,,,
"564, Dufferin",,Granby,,,5952.7,,337500,444500,782000,2025,Immeuble à bureaux,MAMH — Données Québec (rôle d'évaluation foncière),https://donneesouvertes.affmunqc.net/role/RL47017_2026.xml,,,,
"568, Dufferin",,Granby,,,1074.2,1955,93400,195600,289000,2025,Immeuble à bureaux,MAMH — Données Québec (rôle d'évaluation foncière),https://donneesouvertes.affmunqc.net/role/RL47017_2026.xml,,,,
"576, Dufferin, app. 580",,Granby,,,10568.4,,579300,3134700,3714000,2025,Industrie,MAMH — Données Québec (rôle d'évaluation foncière),https://donneesouvertes.affmunqc.net/role/RL47017_2026.xml,,,,
"584, Boyer",,Granby,,,1605.4,1973,86700,249300,336000,2025,Logement,MAMH — Données Québec (rôle d'évaluation foncière),https://donneesouvertes.affmunqc.net/role/RL47017_2026.xml,,,,
"576, Boyer",,Granby,,,3010.2,,163000,,163000,2025,Terrain vacant,MAMH — Données Québec (rôle d'évaluation foncière),https://donneesouvertes.affmunqc.net/role/RL47017_2026.xml,,,,
"600, Dufferin",,Granby,,,2060.7,1958,149300,158700,308000,2025,Logement,MAMH — Données Québec (rôle d'évaluation foncière),https://donneesouvertes.affmunqc.net/role/RL47017_2026.xml,,,,
"592, Dufferin",,Granby,,,2133.2,1967,117300,313700,431000,2025,Logement,MAMH — Données Québec (rôle d'évaluation foncière),https://donneesouvertes.affmunqc.net/role/RL47017_2026.xml,,,,
"582, Dufferin, app. 584",,Granby,,,1525.6,,96100,271900,368000,2025,Industrie,MAMH — Données Québec (rôle d'évaluation foncière),https://donneesouvertes.affmunqc.net/role/RL47017_2026.xml,,,,
"596, Boyer",,Granby,,,1045.1,1964,56400,202600,259000,2025,Logement,MAMH — Données Québec (rôle d'évaluation foncière),https://donneesouvertes.affmunqc.net/role/RL47017_2026.xml,,,,
"630, Boyer",,Granby,,,1337.8,1979,72200,232800,305000,2025,Logement,MAMH — Données Québec (rôle d'évaluation foncière),https://donneesouvertes.affmunqc.net/role/RL47017_2026.xml,,,,
"588, Boyer",,Granby,,,2675.8,,145000,,145000,2025,Terrain vacant,MAMH — Données Québec (rôle d'évaluation foncière),https://donneesouvertes.affmunqc.net/role/RL47017_2026.xml,,,,
"612, Dufferin",,Granby,,,1305.8,1948,110200,273800,384000,2025,,MAMH — Données Québec (rôle d'évaluation foncière),https://donneesouvertes.affmunqc.net/role/RL47017_2026.xml,,,,
"620, Dufferin",,Granby,,,2456.8,1981,170300,405700,576000,2025,Industrie,MAMH — Données Québec (rôle d'évaluation foncière),https://donneesouvertes.affmunqc.net/role/RL47017_2026.xml,,,,
"608, Dufferin",,Granby,,,1695.2,1958,134600,289400,424000,2025,Logement,MAMH — Données Québec (rôle d'évaluation foncière),https://donneesouvertes.affmunqc.net/role/RL47017_2026.xml,,,,
"408, Savage",,Granby,,,697.81,1979,137700,226300,364000,2025,Logement,MAMH — Données Québec (rôle d'évaluation foncière),https://donneesouvertes.affmunqc.net/role/RL47017_2026.xml,,,,
"26, Verdon",,Granby,,,875.33,1987,160600,331400,492000,2025,Logement,MAMH — Données Québec (rôle d'évaluation foncière),https://donneesouvertes.affmunqc.net/role/RL47017_2026.xml,,,,
"412, Savage",,Granby,,,724.57,1979,141200,208800,350000,2025,Logement,MAMH — Données Québec (rôle d'évaluation foncière),https://donneesouvertes.affmunqc.net/role/RL47017_2026.xml,,,,
"416, Savage",,Granby,,,724.57,1980,141200,256800,398000,2025,Logement,MAMH — Données Québec (rôle d'évaluation foncière),https://donneesouvertes.affmunqc.net/role/RL47017_2026.xml,,,,
"30, Verdon",,Granby,,,1020.14,1980,173500,235500,409000,2025,Logement,MAMH — Données Québec (rôle d'évaluation foncière),https://donneesouvertes.affmunqc.net/role/RL47017_2026.xml,,,,
"420, Savage",,Granby,,,724.57,1979,141200,230800,372000,2025,Logement,MAMH — Données Québec (rôle d'évaluation foncière),https://donneesouvertes.affmunqc.net/role/RL47017_2026.xml,,,,
"424, Savage",,Granby,,,613.09,1979,126800,305200,432000,2025,Logement,MAMH — Données Québec (rôle d'évaluation foncière),https://donneesouvertes.affmunqc.net/role/RL47017_2026.xml,,,,
"428, Savage",,Granby,,,613.09,1979,126800,269200,396000,2025,Logement,MAMH — Données Québec (rôle d'évaluation foncière),https://donneesouvertes.affmunqc.net/role/RL47017_2026.xml,,,,
"432, Savage",,Granby,,,609.74,1979,126400,235600,362000,2025,Logement,MAMH — Données Québec (rôle d'évaluation foncière),https://donneesouvertes.affmunqc.net/role/RL47017_2026.xml,,,,
"415, Savage",,Granby,,,678.93,1980,135300,236700,372000,2025,Logement,MAMH — Données Québec (rôle d'évaluation foncière),https://donneesouvertes.affmunqc.net/role/RL47017_2026.xml,,,,
"419, Savage",,Granby,,,557.36,1979,119600,249400,369000,2025,Logement,MAMH — Données Québec (rôle d'évaluation foncière),https://donneesouvertes.affmunqc.net/role/RL47017_2026.xml,,,,
"14, Verdon",,Granby,,,557.63,1981,119700,264300,384000,2025,Logement,MAMH — Données Québec (rôle d'évaluation foncière),https://donneesouvertes.affmunqc.net/role/RL47017_2026.xml,,,,
"10, Verdon",,Granby,,,1255.02,1981,188800,213200,402000,2025,Logement,MAMH — Données Québec (rôle d'évaluation foncière),https://donneesouvertes.affmunqc.net/role/RL47017_2026.xml,,,,
"21, Verdon",,Granby,,,844.81,1980,156700,238300,395000,2025,Logement,MAMH — Données Québec (rôle d'évaluation foncière),https://donneesouvertes.affmunqc.net/role/RL47017_2026.xml,,,,
"34, Verdon",,Granby,,,642.28,1980,130600,264400,395000,2025,Logement,MAMH — Données Québec (rôle d'évaluation foncière),https://donneesouvertes.affmunqc.net/role/RL47017_2026.xml,,,,
"25, Verdon",,Granby,,,529.56,1980,113900,249100,363000,2025,Logement,MAMH — Données Québec (rôle d'évaluation foncière),https://donneesouvertes.affmunqc.net/role/RL47017_2026.xml,,,,
"29, Verdon",,Granby,,,557.48,1980,119600,311400,431000,2025,Logement,MAMH — Données Québec (rôle d'évaluation foncière),https://donneesouvertes.affmunqc.net/role/RL47017_2026.xml,,,,
"436, Savage",,Granby,,,705.95,1979,138800,320200,459000,2025,Logement,MAMH — Données Québec (rôle d'évaluation foncière),https://donneesouvertes.affmunqc.net/role/RL47017_2026.xml,,,,
"33, Verdon",,Granby,,,557.36,1980,119600,240400,360000,2025,Logement,MAMH — Données Québec (rôle d'évaluation foncière),https://donneesouvertes.affmunqc.net/role/RL47017_2026.xml,,,,
"28, Comeau",,Granby,,,557.36,1983,119600,254400,374000,2025,Logement,MAMH — Données Québec (rôle d'évaluation foncière),https://donneesouvertes.affmunqc.net/role/RL47017_2026.xml,,,,
"10, Comeau",,Granby,,,557.65,1983,119700,227300,347000,2025,Logement,MAMH — Données Québec (rôle d'évaluation foncière),https://donneesouvertes.affmunqc.net/role/RL47017_2026.xml,,,,
"9, Comeau, app. 11",,Granby,,,748.57,1987,144300,303700,448000,2025,Logement,MAMH — Données Québec (rôle d'évaluation foncière),https://donneesouvertes.affmunqc.net/role/RL47017_2026.xml,,,,
"12, Comeau",,Granby,,,557.54,1984,119700,282300,402000,2025,Logement,MAMH — Données Québec (rôle d'évaluation foncière),https://donneesouvertes.affmunqc.net/role/RL47017_2026.xml,,,,
"15, Comeau",,Granby,,,497.8,1986,107000,270000,377000,2025,Logement,MAMH — Données Québec (rôle d'évaluation foncière),https://donneesouvertes.affmunqc.net/role/RL47017_2026.xml,,,,
"16, Comeau",,Granby,,,515.33,1983,110800,235200,346000,2025,Logement,MAMH — Données Québec (rôle d'évaluation foncière),https://donneesouvertes.affmunqc.net/role/RL47017_2026.xml,,,,
"17, Comeau",,Granby,,,386.32,1986,83100,284900,368000,2025,Logement,MAMH — Données Québec (rôle d'évaluation foncière),https://donneesouvertes.affmunqc.net/role/RL47017_2026.xml,,,,
"19, Comeau",,Granby,,,402.3,1984,86500,200500,287000,2025,Logement,MAMH — Données Québec (rôle d'évaluation foncière),https://donneesouvertes.affmunqc.net/role/RL47017_2026.xml,,,,
"20, Comeau",,Granby,,,548.1,1983,117800,273200,391000,2025,Logement,MAMH — Données Québec (rôle d'évaluation foncière),https://donneesouvertes.affmunqc.net/role/RL47017_2026.xml,,,,
"21, Comeau",,Granby,,,402.68,1984,86600,196400,283000,2025,Logement,MAMH — Données Québec (rôle d'évaluation foncière),https://donneesouvertes.affmunqc.net/role/RL47017_2026.xml,,,,
"32, Babin",,Granby,,,625.57,1987,128400,256600,385000,2025,Logement,MAMH — Données Québec (rôle d'évaluation foncière),https://donneesouvertes.affmunqc.net/role/RL47017_2026.xml,,,,
"24, Comeau",,Granby,,,563.48,1984,120400,244600,365000,2025,Logement,MAMH — Données Québec (rôle d'évaluation foncière),https://donneesouvertes.affmunqc.net/role/RL47017_2026.xml,,,,
"23, Comeau",,Granby,,,753.76,1984,145000,293000,438000,2025,Logement,MAMH — Données Québec (rôle d'évaluation foncière),https://donneesouvertes.affmunqc.net/role/RL47017_2026.xml,,,,
"30, Babin",,Granby,,,327.61,1987,70400,187600,258000,2025,Logement,MAMH — Données Québec (rôle d'évaluation foncière),https://donneesouvertes.affmunqc.net/role/RL47017_2026.xml,,,,
"27, Comeau",,Granby,,,334.98,1986,72000,220000,292000,2025,Logement,MAMH — Données Québec (rôle d'évaluation foncière),https://donneesouvertes.affmunqc.net/role/RL47017_2026.xml,,,,
"26, Babin",,Granby,,,549.13,1990,118100,298900,417000,2025,Logement,MAMH — Données Québec (rôle d'évaluation foncière),https://donneesouvertes.affmunqc.net/role/RL47017_2026.xml,,,,
"501, Dufferin",,Granby,,,841.24,1947,168200,168800,337000,2025,Industrie,MAMH — Données Québec (rôle d'évaluation foncière),https://donneesouvertes.affmunqc.net/role/RL47017_2026.xml,,,,
"505, Dufferin",,Granby,,,840.44,1989,168000,137000,305000,2025,Immeuble à bureaux,MAMH — Données Québec (rôle d'évaluation foncière),https://donneesouvertes.affmunqc.net/role/RL47017_2026.xml,,,,
"40, Babin",,Granby,,,666.95,1988,133800,263200,397000,2025,Logement,MAMH — Données Québec (rôle d'évaluation foncière),https://donneesouvertes.affmunqc.net/role/RL47017_2026.xml,,,,
"42, Babin",,Granby,,,584.66,1988,123200,262800,386000,2025,Logement,MAMH — Données Québec (rôle d'évaluation foncière),https://donneesouvertes.affmunqc.net/role/RL47017_2026.xml,,,,
"44, Babin",,Granby,,,428.1,1990,92000,231000,323000,2025,Logement,MAMH — Données Québec (rôle d'évaluation foncière),https://donneesouvertes.affmunqc.net/role/RL47017_2026.xml,,,,
"46, Babin",,Granby,,,358.11,1990,77000,206000,283000,2025,Logement,MAMH — Données Québec (rôle d'évaluation foncière),https://donneesouvertes.affmunqc.net/role/RL47017_2026.xml,,,,
"48, Babin",,Granby,,,398,1989,85600,234400,320000,2025,Logement,MAMH — Données Québec (rôle d'évaluation foncière),https://donneesouvertes.affmunqc.net/role/RL47017_2026.xml,,,,
"50, Babin",,Granby,,,398.02,1989,85600,230400,316000,2025,Logement,MAMH — Données Québec (rôle d'évaluation foncière),https://donneesouvertes.affmunqc.net/role/RL47017_2026.xml,,,,
"38, Babin",,Granby,,,626.69,1988,128600,244400,373000,2025,Logement,MAMH — Données Québec (rôle d'évaluation foncière),https://donneesouvertes.affmunqc.net/role/RL47017_2026.xml,,,,
"52, Babin",,Granby,,,398.02,1989,85600,222400,308000,2025,Logement,MAMH — Données Québec (rôle d'évaluation foncière),https://donneesouvertes.affmunqc.net/role/RL47017_2026.xml,,,,
"54, Babin",,Granby,,,398.02,1989,85600,245400,331000,2025,Logement,MAMH — Données Québec (rôle d'évaluation foncière),https://donneesouvertes.affmunqc.net/role/RL47017_2026.xml,,,,
"36, Babin",,Granby,,,564.32,1988,120500,226500,347000,2025,Logement,MAMH — Données Québec (rôle d'évaluation foncière),https://donneesouvertes.affmunqc.net/role/RL47017_2026.xml,,,,
"29, Babin",,Granby,,,620.06,1987,127700,356300,484000,2025,Logement,MAMH — Données Québec (rôle d'évaluation foncière),https://donneesouvertes.affmunqc.net/role/RL47017_2026.xml,,,,
"35, Babin",,Granby,,,405.96,1988,87300,203700,291000,2025,Logement,MAMH — Données Québec (rôle d'évaluation foncière),https://donneesouvertes.affmunqc.net/role/RL47017_2026.xml,,,,
"33, Babin",,Granby,,,533,1987,114600,269400,384000,2025,Logement,MAMH — Données Québec (rôle d'évaluation foncière),https://donneesouvertes.affmunqc.net/role/RL47017_2026.xml,,,,
"509, Dufferin, app. 511",,Granby,,,839.63,1955,142700,245300,388000,2025,Logement,MAMH — Données Québec (rôle d'évaluation foncière),https://donneesouvertes.affmunqc.net/role/RL47017_2026.xml,,,,
"515, Dufferin",,Granby,,,841.52,1955,143100,265900,409000,2025,Logement,MAMH — Données Québec (rôle d'évaluation foncière),https://donneesouvertes.affmunqc.net/role/RL47017_2026.xml,,,,
"535, Dufferin, app. 537",,Granby,,,662.41,1955,132500,227500,360000,2025,Industrie,MAMH — Données Québec (rôle d'évaluation foncière),https://donneesouvertes.affmunqc.net/role/RL47017_2026.xml,,,,
"529, Dufferin, app. 533",,Granby,,,4540.32,,681000,184000,865000,2025,Immeuble à bureaux,MAMH — Données Québec (rôle d'évaluation foncière),https://donneesouvertes.affmunqc.net/role/RL47017_2026.xml,,,,
"56, Babin, app. 58",,Granby,,,991.77,1988,171700,412300,584000,2025,Logement,MAMH — Données Québec (rôle d'évaluation foncière),https://donneesouvertes.affmunqc.net/role/RL47017_2026.xml,,,,
"60, Babin",,Granby,,,663.61,1988,133300,272700,406000,2025,Logement,MAMH — Données Québec (rôle d'évaluation foncière),https://donneesouvertes.affmunqc.net/role/RL47017_2026.xml,,,,
"62, Babin",,Granby,,,1311.69,1988,192400,221600,414000,2025,Logement,MAMH — Données Québec (rôle d'évaluation foncière),https://donneesouvertes.affmunqc.net/role/RL47017_2026.xml,,,,
"539, Dufferin, app. 541",,Granby,,,865,1955,173000,183000,356000,2025,Logement,MAMH — Données Québec (rôle d'évaluation foncière),https://donneesouvertes.affmunqc.net/role/RL47017_2026.xml,,,,
"557, Dufferin",,Granby,,,3000,1958,600000,651000,1251000,2025,Immeuble à bureaux,MAMH — Données Québec (rôle d'évaluation foncière),https://donneesouvertes.affmunqc.net/role/RL47017_2026.xml,,,,
"1180, David-bouchard",,Granby,,,4921.8,1967,163800,188200,352000,2025,Logement,MAMH — Données Québec (rôle d'évaluation foncière),https://donneesouvertes.affmunqc.net/role/RL47017_2026.xml,,,,
"567, Dufferin, app. 569",,Granby,,,1992.3,2004,398500,782500,1181000,2025,Immeuble à bureaux,MAMH — Données Québec (rôle d'évaluation foncière),https://donneesouvertes.affmunqc.net/role/RL47017_2026.xml,,,,
"575, Dufferin",,Granby,,,20743,,2074300,4797700,6872000,2025,Institutionnel,MAMH — Données Québec (rôle d'évaluation foncière),https://donneesouvertes.affmunqc.net/role/RL47017_2026.xml,,,,
"583, Dufferin",,Granby,,,8368.1,1991,474500,3850500,4325000,2025,Immeuble à bureaux,MAMH — Données Québec (rôle d'évaluation foncière),https://donneesouvertes.affmunqc.net/role/RL47017_2026.xml,,,,
"595, Dufferin, app. 597",,Granby,,,5244.5,1985,290800,1511200,1802000,2025,Immeuble à bureaux,MAMH — Données Québec (rôle d'évaluation foncière),https://donneesouvertes.affmunqc.net/role/RL47017_2026.xml,,,,
"423, Savage",,Granby,,,557.36,1979,119600,249400,369000,2025,Logement,MAMH — Données Québec (rôle d'évaluation foncière),https://donneesouvertes.affmunqc.net/role/RL47017_2026.xml,,,,
"402, Providence",,Granby,,,1359.26,1975,195500,392500,588000,2025,Logement,MAMH — Données Québec (rôle d'évaluation foncière),https://donneesouvertes.affmunqc.net/role/RL47017_2026.xml,,,,
"427, Savage",,Granby,,,557.36,1979,119600,291400,411000,2025,Logement,MAMH — Données Québec (rôle d'évaluation foncière),https://donneesouvertes.affmunqc.net/role/RL47017_2026.xml,,,,
"431, Savage",,Granby,,,557.36,1980,119600,252400,372000,2025,Logement,MAMH — Données Québec (rôle d'évaluation foncière),https://donneesouvertes.affmunqc.net/role/RL47017_2026.xml,,,,
"414, Providence",,Granby,,,650.25,1977,131600,292400,424000,2025,Logement,MAMH — Données Québec (rôle d'évaluation foncière),https://donneesouvertes.affmunqc.net/role/RL47017_2026.xml,,,,
"435, Savage",,Granby,,,557.36,1980,119600,319400,439000,2025,Logement,MAMH — Données Québec (rôle d'évaluation foncière),https://donneesouvertes.affmunqc.net/role/RL47017_2026.xml,,,,
"418, Providence",,Granby,,,650.25,1977,131600,302400,434000,2025,Logement,MAMH — Données Québec (rôle d'évaluation foncière),https://donneesouvertes.affmunqc.net/role/RL47017_2026.xml,,,,
"422, Providence",,Granby,,,650.25,1977,131600,228400,360000,2025,Logement,MAMH — Données Québec (rôle d'évaluation foncière),https://donneesouvertes.affmunqc.net/role/RL47017_2026.xml,,,,
"411, Providence",,Granby,,,735.21,1976,142600,252400,395000,2025,Logement,MAMH — Données Québec (rôle d'évaluation foncière),https://donneesouvertes.affmunqc.net/role/RL47017_2026.xml,,,,
"426, Providence",,Granby,,,650.25,1977,131600,322400,454000,2025,Logement,MAMH — Données Québec (rôle d'évaluation foncière),https://donneesouvertes.affmunqc.net/role/RL47017_2026.xml,,,,
"415, Providence",,Granby,,,1080.54,1978,177400,297600,475000,2025,Logement,MAMH — Données Québec (rôle d'évaluation foncière),https://donneesouvertes.affmunqc.net/role/RL47017_2026.xml,,,,
"419, Providence",,Granby,,,725.48,1978,141300,272700,414000,2025,Logement,MAMH — Données Québec (rôle d'évaluation foncière),https://donneesouvertes.affmunqc.net/role/RL47017_2026.xml,,,,
"444, Savage",,Granby,,,642.28,1979,130600,233400,364000,2025,Logement,MAMH — Données Québec (rôle d'évaluation foncière),https://donneesouvertes.affmunqc.net/role/RL47017_2026.xml,,,,
"32, Comeau",,Granby,,,557.36,1984,119600,222400,342000,2025,Logement,MAMH — Données Québec (rôle d'évaluation foncière),https://donneesouvertes.affmunqc.net/role/RL47017_2026.xml,,,,
"448, Savage",,Granby,,,557.36,1979,119600,217400,337000,2025,Logement,MAMH — Données Québec (rôle d'évaluation foncière),https://donneesouvertes.affmunqc.net/role/RL47017_2026.xml,,,,
"452, Savage",,Granby,,,642.28,1979,130600,238400,369000,2025,Logement,MAMH — Données Québec (rôle d'évaluation foncière),https://donneesouvertes.affmunqc.net/role/RL47017_2026.xml,,,,
"439, Savage",,Granby,,,557.36,1979,119600,226400,346000,2025,Logement,MAMH — Données Québec (rôle d'évaluation foncière),https://donneesouvertes.affmunqc.net/role/RL47017_2026.xml,,,,
"460, Savage",,Granby,,,412.85,1984,88800,250200,339000,2025,Logement,MAMH — Données Québec (rôle d'évaluation foncière),https://donneesouvertes.affmunqc.net/role/RL47017_2026.xml,,,,
"443, Savage",,Granby,,,557.36,1979,119600,234400,354000,2025,Logement,MAMH — Données Québec (rôle d'évaluation foncière),https://donneesouvertes.affmunqc.net/role/RL47017_2026.xml,,,,
"447, Savage",,Granby,,,679.43,1979,135400,288600,424000,2025,Logement,MAMH — Données Québec (rôle d'évaluation foncière),https://donneesouvertes.affmunqc.net/role/RL47017_2026.xml,,,,
"430, Providence",,Granby,,,650.25,1977,131600,290400,422000,2025,Logement,MAMH — Données Québec (rôle d'évaluation foncière),https://donneesouvertes.affmunqc.net/role/RL47017_2026.xml,,,,
"455, Savage",,Granby,,,711.99,1980,139600,312400,452000,2025,Logement,MAMH — Données Québec (rôle d'évaluation foncière),https://donneesouvertes.affmunqc.net/role/RL47017_2026.xml,,,,
"434, Providence",,Granby,,,679.43,1979,135400,319600,455000,2025,Logement,MAMH — Données Québec (rôle d'évaluation foncière),https://donneesouvertes.affmunqc.net/role/RL47017_2026.xml,,,,
"459, Savage",,Granby,,,557.39,1986,119600,245400,365000,2025,Logement,MAMH — Données Québec (rôle d'évaluation foncière),https://donneesouvertes.affmunqc.net/role/RL47017_2026.xml,,,,
"29, Comeau",,Granby,,,332.78,1986,71500,237500,309000,2025,Logement,MAMH — Données Québec (rôle d'évaluation foncière),https://donneesouvertes.affmunqc.net/role/RL47017_2026.xml,,,,
"22, Babin, app. 24",,Granby,,,548.58,1995,117900,359100,477000,2025,Logement,MAMH — Données Québec (rôle d'évaluation foncière),https://donneesouvertes.affmunqc.net/role/RL47017_2026.xml,,,,
"31, Comeau",,Granby,,,626.3,1983,128500,280500,409000,2025,Logement,MAMH — Données Québec (rôle d'évaluation foncière),https://donneesouvertes.affmunqc.net/role/RL47017_2026.xml,,,,
"18, Babin, app. 20",,Granby,,,548.58,1991,117900,315100,433000,2025,Logement,MAMH — Données Québec (rôle d'évaluation foncière),https://donneesouvertes.affmunqc.net/role/RL47017_2026.xml,,,,
"35, Comeau",,Granby,,,626.3,1984,128500,288500,417000,2025,Logement,MAMH — Données Québec (rôle d'évaluation foncière),https://donneesouvertes.affmunqc.net/role/RL47017_2026.xml,,,,
"14, Babin, app. 16",,Granby,,,548.58,1988,117900,248100,366000,2025,Logement,MAMH — Données Québec (rôle d'évaluation foncière),https://donneesouvertes.affmunqc.net/role/RL47017_2026.xml,,,,
"10, Babin, app. 12",,Granby,,,548.58,1988,117900,274100,392000,2025,Logement,MAMH — Données Québec (rôle d'évaluation foncière),https://donneesouvertes.affmunqc.net/role/RL47017_2026.xml,,,,
"462, Savage",,Granby,,,322.32,1984,69300,292700,362000,2025,Logement,MAMH — Données Québec (rôle d'évaluation foncière),https://donneesouvertes.affmunqc.net/role/RL47017_2026.xml,,,,
"464, Savage",,Granby,,,356.72,1986,76700,200300,277000,2025,Logement,MAMH — Données Québec (rôle d'évaluation foncière),https://donneesouvertes.affmunqc.net/role/RL47017_2026.xml,,,,
"13, Babin",,Granby,,,564.58,1988,120600,226400,347000,2025,Logement,MAMH — Données Québec (rôle d'évaluation foncière),https://donneesouvertes.affmunqc.net/role/RL47017_2026.xml,,,,
"468, Savage",,Granby,,,378.45,1986,81400,181600,263000,2025,Logement,MAMH — Données Québec (rôle d'évaluation foncière),https://donneesouvertes.affmunqc.net/role/RL47017_2026.xml,,,,
"11, Babin",,Granby,,,522.22,1987,112300,190700,303000,2025,Logement,MAMH — Données Québec (rôle d'évaluation foncière),https://donneesouvertes.affmunqc.net/role/RL47017_2026.xml,,,,
"9, Babin",,Granby,,,501.76,1987,107900,209100,317000,2025,Logement,MAMH — Données Québec (rôle d'évaluation foncière),https://donneesouvertes.affmunqc.net/role/RL47017_2026.xml,,,,
"472, Savage",,Granby,,,444.01,1986,95500,193500,289000,2025,Logement,MAMH — Données Québec (rôle d'évaluation foncière),https://donneesouvertes.affmunqc.net/role/RL47017_2026.xml,,,,
"37, Babin",,Granby,,,292.95,1988,63000,190000,253000,2025,Logement,MAMH — Données Québec (rôle d'évaluation foncière),https://donneesouvertes.affmunqc.net/role/RL47017_2026.xml,,,,
"25, Babin",,Granby,,,1073.8,1987,177000,366000,543000,2025,Logement,MAMH — Données Québec (rôle d'évaluation foncière),https://donneesouvertes.affmunqc.net/role/RL47017_2026.xml,,,,
"39, Babin",,Granby,,,357.68,1987,76900,237100,314000,2025,Logement,MAMH — Données Québec (rôle d'évaluation foncière),https://donneesouvertes.affmunqc.net/role/RL47017_2026.xml,,,,
"41, Babin",,Granby,,,379.07,1988,81500,214500,296000,2025,Logement,MAMH — Données Québec (rôle d'évaluation foncière),https://donneesouvertes.affmunqc.net/role/RL47017_2026.xml,,,,
"23, Babin",,Granby,,,564.58,1988,120600,234400,355000,2025,Logement,MAMH — Données Québec (rôle d'évaluation foncière),https://donneesouvertes.affmunqc.net/role/RL47017_2026.xml,,,,
"43, Babin",,Granby,,,393.43,1987,84600,242400,327000,2025,Logement,MAMH — Données Québec (rôle d'évaluation foncière),https://donneesouvertes.affmunqc.net/role/RL47017_2026.xml,,,,
"21, Babin",,Granby,,,564.58,1988,120600,233400,354000,2025,Logement,MAMH — Données Québec (rôle d'évaluation foncière),https://donneesouvertes.affmunqc.net/role/RL47017_2026.xml,,,,
"45, Babin",,Granby,,,393.56,1987,84600,247400,332000,2025,Logement,MAMH — Données Québec (rôle d'évaluation foncière),https://donneesouvertes.affmunqc.net/role/RL47017_2026.xml,,,,
"19, Babin",,Granby,,,564.58,1987,120600,236400,357000,2025,Logement,MAMH — Données Québec (rôle d'évaluation foncière),https://donneesouvertes.affmunqc.net/role/RL47017_2026.xml,,,,
"47, Babin",,Granby,,,439.93,1987,94600,233400,328000,2025,Logement,MAMH — Données Québec (rôle d'évaluation foncière),https://donneesouvertes.affmunqc.net/role/RL47017_2026.xml,,,,
"17, Babin",,Granby,,,564.58,1987,120600,221400,342000,2025,Logement,MAMH — Données Québec (rôle d'évaluation foncière),https://donneesouvertes.affmunqc.net/role/RL47017_2026.xml,,,,
"15, Babin",,Granby,,,564.58,1988,120600,245400,366000,2025,Logement,MAMH — Données Québec (rôle d'évaluation foncière),https://donneesouvertes.affmunqc.net/role/RL47017_2026.xml,,,,
"49, Babin",,Granby,,,603.82,1987,125600,245400,371000,2025,Logement,MAMH — Données Québec (rôle d'évaluation foncière),https://donneesouvertes.affmunqc.net/role/RL47017_2026.xml,,,,
"51, Babin",,Granby,,,528.43,1988,113600,237400,351000,2025,Logement,MAMH — Données Québec (rôle d'évaluation foncière),https://donneesouvertes.affmunqc.net/role/RL47017_2026.xml,,,,
"53, Babin",,Granby,,,528.43,1988,113600,231400,345000,2025,Logement,MAMH — Données Québec (rôle d'évaluation foncière),https://donneesouvertes.affmunqc.net/role/RL47017_2026.xml,,,,
"55, Babin",,Granby,,,528.43,1987,113600,268400,382000,2025,Logement,MAMH — Données Québec (rôle d'évaluation foncière),https://donneesouvertes.affmunqc.net/role/RL47017_2026.xml,,,,
"57, Babin",,Granby,,,528.43,1987,113600,228400,342000,2025,Logement,MAMH — Données Québec (rôle d'évaluation foncière),https://donneesouvertes.affmunqc.net/role/RL47017_2026.xml,,,,
"66, Babin",,Granby,,,466.73,1988,100300,252700,353000,2025,Logement,MAMH — Données Québec (rôle d'évaluation foncière),https://donneesouvertes.affmunqc.net/role/RL47017_2026.xml,,,,
"68, Babin",,Granby,,,466.73,1988,100300,241700,342000,2025,Logement,MAMH — Données Québec (rôle d'évaluation foncière),https://donneesouvertes.affmunqc.net/role/RL47017_2026.xml,,,,
"72, Babin",,Granby,,,453.37,1988,97500,192500,290000,2025,Logement,MAMH — Données Québec (rôle d'évaluation foncière),https://donneesouvertes.affmunqc.net/role/RL47017_2026.xml,,,,
"514, Beauregard",,Granby,,,453.2,2004,97400,254600,352000,2025,Logement,MAMH — Données Québec (rôle d'évaluation foncière),https://donneesouvertes.affmunqc.net/role/RL47017_2026.xml,,,,
"516, Beauregard",,Granby,,,443.1,2004,95300,277700,373000,2025,Logement,MAMH — Données Québec (rôle d'évaluation foncière),https://donneesouvertes.affmunqc.net/role/RL47017_2026.xml,,,,
"518, Beauregard",,Granby,,,433.1,2005,93100,294900,388000,2025,Logement,MAMH — Données Québec (rôle d'évaluation foncière),https://donneesouvertes.affmunqc.net/role/RL47017_2026.xml,,,,
"520, Beauregard",,Granby,,,423,2005,90900,305100,396000,2025,Logement,MAMH — Données Québec (rôle d'évaluation foncière),https://donneesouvertes.affmunqc.net/role/RL47017_2026.xml,,,,
"74, Babin",,Granby,,,529.84,1988,113900,251100,365000,2025,Logement,MAMH — Données Québec (rôle d'évaluation foncière),https://donneesouvertes.affmunqc.net/role/RL47017_2026.xml,,,,
"78, Babin",,Granby,,,445,1988,95700,229300,325000,2025,Logement,MAMH — Données Québec (rôle d'évaluation foncière),https://donneesouvertes.affmunqc.net/role/RL47017_2026.xml,,,,
"80, Babin",,Granby,,,300.37,1988,64600,231400,296000,2025,Logement,MAMH — Données Québec (rôle d'évaluation foncière),https://donneesouvertes.affmunqc.net/role/RL47017_2026.xml,,,,
"1188, David-bouchard, app. 1190",,Granby,,,1298.2,1953,80000,220000,300000,2025,Logement,MAMH — Données Québec (rôle d'évaluation foncière),https://donneesouvertes.affmunqc.net/role/RL47017_2026.xml,,,,
"1192, David-bouchard",,Granby,,,562,,34000,,34000,2025,Terrain vacant,MAMH — Données Québec (rôle d'évaluation foncière),https://donneesouvertes.affmunqc.net/role/RL47017_2026.xml,,,,
"522, Beauregard",,Granby,,,413,2005,88800,232200,321000,2025,Logement,MAMH — Données Québec (rôle d'évaluation foncière),https://donneesouvertes.affmunqc.net/role/RL47017_2026.xml,,,,
"524, Beauregard",,Granby,,,544.2,2005,117000,239000,356000,2025,Logement,MAMH — Données Québec (rôle d'évaluation foncière),https://donneesouvertes.affmunqc.net/role/RL47017_2026.xml,,,,
"526, Beauregard",,Granby,,,626,2005,128500,249500,378000,2025,Logement,MAMH — Données Québec (rôle d'évaluation foncière),https://donneesouvertes.affmunqc.net/role/RL47017_2026.xml,,,,
"528, Beauregard",,Granby,,,979.9,2005,170900,265100,436000,2025,Logement,MAMH — Données Québec (rôle d'évaluation foncière),https://donneesouvertes.affmunqc.net/role/RL47017_2026.xml,,,,
"531, Beauregard",,Granby,,,817.5,2005,153200,305800,459000,2025,Logement,MAMH — Données Québec (rôle d'évaluation foncière),https://donneesouvertes.affmunqc.net/role/RL47017_2026.xml,,,,
"27, Cygnes",,Granby,,,4889.8,1988,210000,540000,750000,2025,Logement,MAMH — Données Québec (rôle d'évaluation foncière),https://donneesouvertes.affmunqc.net/role/RL47017_2026.xml,,,,
"31, Cygnes",,Granby,,,1867.3,1984,100800,257200,358000,2025,Logement,MAMH — Données Québec (rôle d'évaluation foncière),https://donneesouvertes.affmunqc.net/role/RL47017_2026.xml,,,,
"35, Cygnes",,Granby,,,1895.3,1984,102300,354700,457000,2025,Logement,MAMH — Données Québec (rôle d'évaluation foncière),https://donneesouvertes.affmunqc.net/role/RL47017_2026.xml,,,,
"43, Cygnes",,Granby,,,2322.8,1987,125400,310600,436000,2025,Logement,MAMH — Données Québec (rôle d'évaluation foncière),https://donneesouvertes.affmunqc.net/role/RL47017_2026.xml,,,,
"39, Cygnes",,Granby,,,3047.6,1986,164600,462400,627000,2025,Logement,MAMH — Données Québec (rôle d'évaluation foncière),https://donneesouvertes.affmunqc.net/role/RL47017_2026.xml,,,,
"47, Cygnes",,Granby,,,3075.3,1985,166100,259900,426000,2025,Logement,MAMH — Données Québec (rôle d'évaluation foncière),https://donneesouvertes.affmunqc.net/role/RL47017_2026.xml,,,,
"51, Cygnes",,Granby,,,2624.1,1989,141700,495300,637000,2025,Logement,MAMH — Données Québec (rôle d'évaluation foncière),https://donneesouvertes.affmunqc.net/role/RL47017_2026.xml,,,,
"423, Providence",,Granby,,,647.38,1977,131200,275800,407000,2025,Logement,MAMH — Données Québec (rôle d'évaluation foncière),https://donneesouvertes.affmunqc.net/role/RL47017_2026.xml,,,,
"427, Providence",,Granby,,,640.98,1977,130400,274600,405000,2025,Logement,MAMH — Données Québec (rôle d'évaluation foncière),https://donneesouvertes.affmunqc.net/role/RL47017_2026.xml,,,,
"402, Louis-hébert",,Granby,,,661.3,2005,133000,508000,641000,2025,Logement,MAMH — Données Québec (rôle d'évaluation foncière),https://donneesouvertes.affmunqc.net/role/RL47017_2026.xml,,,,
"406, Louis-hébert",,Granby,,,670.79,1983,134300,300700,435000,2025,Logement,MAMH — Données Québec (rôle d'évaluation foncière),https://donneesouvertes.affmunqc.net/role/RL47017_2026.xml,,,,
"410, Louis-hébert",,Granby,,,679.89,1983,135400,352600,488000,2025,Logement,MAMH — Données Québec (rôle d'évaluation foncière),https://donneesouvertes.affmunqc.net/role/RL47017_2026.xml,,,,
"431, Providence",,Granby,,,716.6,1977,140200,207800,348000,2025,Logement,MAMH — Données Québec (rôle d'évaluation foncière),https://donneesouvertes.affmunqc.net/role/RL47017_2026.xml,,,,
"414, Louis-hébert",,Granby,,,633.37,1983,129400,284600,414000,2025,Logement,MAMH — Données Québec (rôle d'évaluation foncière),https://donneesouvertes.affmunqc.net/role/RL47017_2026.xml,,,,
"418, Louis-hébert",,Granby,,,716.57,1982,140200,381800,522000,2025,Logement,MAMH — Données Québec (rôle d'évaluation foncière),https://donneesouvertes.affmunqc.net/role/RL47017_2026.xml,,,,
"407, Louis-hébert",,Granby,,,987.99,1985,171400,345600,517000,2025,Logement,MAMH — Données Québec (rôle d'évaluation foncière),https://donneesouvertes.affmunqc.net/role/RL47017_2026.xml,,,,
"411, Louis-hébert",,Granby,,,894.91,1984,163200,269800,433000,2025,Logement,MAMH — Données Québec (rôle d'évaluation foncière),https://donneesouvertes.affmunqc.net/role/RL47017_2026.xml,,,,
"438, Providence",,Granby,,,711.95,1979,139600,494400,634000,2025,Logement,MAMH — Données Québec (rôle d'évaluation foncière),https://donneesouvertes.affmunqc.net/role/RL47017_2026.xml,,,,
"442, Providence",,Granby,,,650.25,1979,131600,315400,447000,2025,Logement,MAMH — Données Québec (rôle d'évaluation foncière),https://donneesouvertes.affmunqc.net/role/RL47017_2026.xml,,,,
"446, Providence",,Granby,,,650.25,1979,131600,263400,395000,2025,Logement,MAMH — Données Québec (rôle d'évaluation foncière),https://donneesouvertes.affmunqc.net/role/RL47017_2026.xml,,,,
"435, Providence",,Granby,,,711.95,1979,139600,284400,424000,2025,Logement,MAMH — Données Québec (rôle d'évaluation foncière),https://donneesouvertes.affmunqc.net/role/RL47017_2026.xml,,,,
"439, Providence",,Granby,,,650.25,1979,131600,266400,398000,2025,Logement,MAMH — Données Québec (rôle d'évaluation foncière),https://donneesouvertes.affmunqc.net/role/RL47017_2026.xml,,,,
"424, Louis-hébert",,Granby,,,711.95,1983,139600,297400,437000,2025,Logement,MAMH — Données Québec (rôle d'évaluation foncière),https://donneesouvertes.affmunqc.net/role/RL47017_2026.xml,,,,
"443, Providence",,Granby,,,650.25,1979,131600,290400,422000,2025,Logement,MAMH — Données Québec (rôle d'évaluation foncière),https://donneesouvertes.affmunqc.net/role/RL47017_2026.xml,,,,
"428, Louis-hébert",,Granby,,,650.25,1986,131600,366400,498000,2025,Logement,MAMH — Données Québec (rôle d'évaluation foncière),https://donneesouvertes.affmunqc.net/role/RL47017_2026.xml,,,,
"447, Providence",,Granby,,,650.25,1979,131600,310400,442000,2025,Logement,MAMH — Données Québec (rôle d'évaluation foncière),https://donneesouvertes.affmunqc.net/role/RL47017_2026.xml,,,,
"474, Savage",,Granby,,,346.9,1986,74600,221400,296000,2025,Logement,MAMH — Données Québec (rôle d'évaluation foncière),https://donneesouvertes.affmunqc.net/role/RL47017_2026.xml,,,,
"463, Savage",,Granby,,,557.39,1986,119600,300400,420000,2025,Logement,MAMH — Données Québec (rôle d'évaluation foncière),https://donneesouvertes.affmunqc.net/role/RL47017_2026.xml,,,,
"476, Savage, app. 478",,Granby,,,650.25,,131600,387400,519000,2025,Logement,MAMH — Données Québec (rôle d'évaluation foncière),https://donneesouvertes.affmunqc.net/role/RL47017_2026.xml,,,,
"467, Savage",,Granby,,,557.39,1986,119600,284400,404000,2025,Logement,MAMH — Données Québec (rôle d'évaluation foncière),https://donneesouvertes.affmunqc.net/role/RL47017_2026.xml,,,,
"471, Savage",,Granby,,,557.39,1985,119600,296400,416000,2025,Logement,MAMH — Données Québec (rôle d'évaluation foncière),https://donneesouvertes.affmunqc.net/role/RL47017_2026.xml,,,,
"475, Savage",,Granby,,,557.39,1986,119600,306400,426000,2025,Logement,MAMH — Données Québec (rôle d'évaluation foncière),https://donneesouvertes.affmunqc.net/role/RL47017_2026.xml,,,,
"450, Providence",,Granby,,,650.25,1979,131600,236400,368000,2025,Logement,MAMH — Données Québec (rôle d'évaluation foncière),https://donneesouvertes.affmunqc.net/role/RL47017_2026.xml,,,,
"479, Savage",,Granby,,,557.39,1987,119600,292400,412000,2025,Logement,MAMH — Données Québec (rôle d'évaluation foncière),https://donneesouvertes.affmunqc.net/role/RL47017_2026.xml,,,,
"454, Providence",,Granby,,,650.25,1979,131600,255400,387000,2025,Logement,MAMH — Données Québec (rôle d'évaluation foncière),https://donneesouvertes.affmunqc.net/role/RL47017_2026.xml,,,,
"483, Savage",,Granby,,,557.39,1986,119600,303400,423000,2025,Logement,MAMH — Données Québec (rôle d'évaluation foncière),https://donneesouvertes.affmunqc.net/role/RL47017_2026.xml,,,,
"458, Providence",,Granby,,,650.25,1980,131600,322400,454000,2025,Logement,MAMH — Données Québec (rôle d'évaluation foncière),https://donneesouvertes.affmunqc.net/role/RL47017_2026.xml,,,,
"487, Savage",,Granby,,,359.98,1987,77400,232600,310000,2025,Logement,MAMH — Données Québec (rôle d'évaluation foncière),https://donneesouvertes.affmunqc.net/role/RL47017_2026.xml,,,,
"462, Providence",,Granby,,,650.25,1979,131600,284400,416000,2025,Logement,MAMH — Données Québec (rôle d'évaluation foncière),https://donneesouvertes.affmunqc.net/role/RL47017_2026.xml,,,,
"466, Providence",,Granby,,,711.95,1980,139600,288400,428000,2025,Logement,MAMH — Données Québec (rôle d'évaluation foncière),https://donneesouvertes.affmunqc.net/role/RL47017_2026.xml,,,,
"59, Babin",,Granby,,,528.43,1987,113600,261400,375000,2025,Logement,MAMH — Données Québec (rôle d'évaluation foncière),https://donneesouvertes.affmunqc.net/role/RL47017_2026.xml,,,,
"61, Babin",,Granby,,,528.43,1987,113600,269400,383000,2025,Logement,MAMH — Données Québec (rôle d'évaluation foncière),https://donneesouvertes.affmunqc.net/role/RL47017_2026.xml,,,,
"86, Babin, app. 88",,Granby,,,744.48,1988,143800,296200,440000,2025,Logement,MAMH — Données Québec (rôle d'évaluation foncière),https://donneesouvertes.affmunqc.net/role/RL47017_2026.xml,,,,
"480, Savage",,Granby,,,650.25,1991,131600,471400,603000,2025,Logement,MAMH — Données Québec (rôle d'évaluation foncière),https://donneesouvertes.affmunqc.net/role/RL47017_2026.xml,,,,
"90, Babin, app. 92",,Granby,,,776.99,1988,148000,354000,502000,2025,Logement,MAMH — Données Québec (rôle d'évaluation foncière),https://donneesouvertes.affmunqc.net/role/RL47017_2026.xml,,,,
"484, Savage",,Granby,,,325.2,1986,69900,197100,267000,2025,Logement,MAMH — Données Québec (rôle d'évaluation foncière),https://donneesouvertes.affmunqc.net/role/RL47017_2026.xml,,,,
"486, Savage",,Granby,,,386.79,1986,83200,246800,330000,2025,Logement,MAMH — Données Québec (rôle d'évaluation foncière),https://donneesouvertes.affmunqc.net/role/RL47017_2026.xml,,,,
"492, Savage",,Granby,,,724.49,1990,141200,348800,490000,2025,Logement,MAMH — Données Québec (rôle d'évaluation foncière),https://donneesouvertes.affmunqc.net/role/RL47017_2026.xml,,,,
"500, Savage",,Granby,,,560.49,1990,120000,343000,463000,2025,Logement,MAMH — Données Québec (rôle d'évaluation foncière),https://donneesouvertes.affmunqc.net/role/RL47017_2026.xml,,,,
"504, Savage",,Granby,,,476.25,1990,102400,335600,438000,2025,Logement,MAMH — Données Québec (rôle d'évaluation foncière),https://donneesouvertes.affmunqc.net/role/RL47017_2026.xml,,,,
"489, Savage",,Granby,,,359.98,1987,77400,210600,288000,2025,Logement,MAMH — Données Québec (rôle d'évaluation foncière),https://donneesouvertes.affmunqc.net/role/RL47017_2026.xml,,,,
"491, Savage",,Granby,,,480.33,1988,103300,312700,416000,2025,Logement,MAMH — Données Québec (rôle d'évaluation foncière),https://donneesouvertes.affmunqc.net/role/RL47017_2026.xml,,,,
"493, Savage",,Granby,,,383.7,1988,82500,241500,324000,2025,Logement,MAMH — Données Québec (rôle d'évaluation foncière),https://donneesouvertes.affmunqc.net/role/RL47017_2026.xml,,,,
"82, Babin, app. 84",,Granby,,,628.95,1988,128900,291100,420000,2025,Logement,MAMH — Données Québec (rôle d'évaluation foncière),https://donneesouvertes.affmunqc.net/role/RL47017_2026.xml,,,,
"515, Beauregard",,Granby,,,682.8,2005,135800,253200,389000,2025,Logement,MAMH — Données Québec (rôle d'évaluation foncière),https://donneesouvertes.affmunqc.net/role/RL47017_2026.xml,,,,
"517, Beauregard",,Granby,,,661.4,2005,133100,273900,407000,2025,Logement,MAMH — Données Québec (rôle d'évaluation foncière),https://donneesouvertes.affmunqc.net/role/RL47017_2026.xml,,,,
"513, Beauregard",,Granby,,,839,2005,156000,308000,464000,2025,Logement,MAMH — Données Québec (rôle d'évaluation foncière),https://donneesouvertes.affmunqc.net/role/RL47017_2026.xml,,,,
"519, Beauregard",,Granby,,,634.1,2005,129500,309500,439000,2025,Logement,MAMH — Données Québec (rôle d'évaluation foncière),https://donneesouvertes.affmunqc.net/role/RL47017_2026.xml,,,,
"521, Beauregard",,Granby,,,559.7,2005,119900,347100,467000,2025,Logement,MAMH — Données Québec (rôle d'évaluation foncière),https://donneesouvertes.affmunqc.net/role/RL47017_2026.xml,,,,
"523, Beauregard",,Granby,,,473.3,2005,101800,273200,375000,2025,Logement,MAMH — Données Québec (rôle d'évaluation foncière),https://donneesouvertes.affmunqc.net/role/RL47017_2026.xml,,,,
"508, Savage",,Granby,,,687.63,1991,136400,322600,459000,2025,Logement,MAMH — Données Québec (rôle d'évaluation foncière),https://donneesouvertes.affmunqc.net/role/RL47017_2026.xml,,,,
"512, Savage",,Granby,,,676.12,1991,134900,331100,466000,2025,Logement,MAMH — Données Québec (rôle d'évaluation foncière),https://donneesouvertes.affmunqc.net/role/RL47017_2026.xml,,,,
"516, Savage",,Granby,,,780.36,1991,148400,435600,584000,2025,Logement,MAMH — Données Québec (rôle d'évaluation foncière),https://donneesouvertes.affmunqc.net/role/RL47017_2026.xml,,,,
"526, Savage",,Granby,,,422.4,2004,90800,272200,363000,2025,Logement,MAMH — Données Québec (rôle d'évaluation foncière),https://donneesouvertes.affmunqc.net/role/RL47017_2026.xml,,,,
"522, Savage",,Granby,,,452.4,2004,97300,256700,354000,2025,Logement,MAMH — Données Québec (rôle d'évaluation foncière),https://donneesouvertes.affmunqc.net/role/RL47017_2026.xml,,,,
"520, Savage",,Granby,,,461.7,2004,99300,280700,380000,2025,Logement,MAMH — Données Québec (rôle d'évaluation foncière),https://donneesouvertes.affmunqc.net/role/RL47017_2026.xml,,,,
"529, Beauregard",,Granby,,,1194.7,2005,184800,278200,463000,2025,Logement,MAMH — Données Québec (rôle d'évaluation foncière),https://donneesouvertes.affmunqc.net/role/RL47017_2026.xml,,,,
"525, Beauregard",,Granby,,,496.7,2005,106800,253200,360000,2025,Logement,MAMH — Données Québec (rôle d'évaluation foncière),https://donneesouvertes.affmunqc.net/role/RL47017_2026.xml,,,,
"527, Beauregard",,Granby,,,712.7,2005,139700,297300,437000,2025,Logement,MAMH — Données Québec (rôle d'évaluation foncière),https://donneesouvertes.affmunqc.net/role/RL47017_2026.xml,,,,
"528, Savage",,Granby,,,392.6,2004,84400,275600,360000,2025,Logement,MAMH — Données Québec (rôle d'évaluation foncière),https://donneesouvertes.affmunqc.net/role/RL47017_2026.xml,,,,
"532, Savage",,Granby,,,570.5,2004,121300,280700,402000,2025,Logement,MAMH — Données Québec (rôle d'évaluation foncière),https://donneesouvertes.affmunqc.net/role/RL47017_2026.xml,,,,
"534, Savage",,Granby,,,961.4,2004,169700,291300,461000,2025,Logement,MAMH — Données Québec (rôle d'évaluation foncière),https://donneesouvertes.affmunqc.net/role/RL47017_2026.xml,,,,
"536, Savage",,Granby,,,705.4,2004,138700,234300,373000,2025,Logement,MAMH — Données Québec (rôle d'évaluation foncière),https://donneesouvertes.affmunqc.net/role/RL47017_2026.xml,,,,
"538, Savage",,Granby,,,576.1,2004,122000,261000,383000,2025,Logement,MAMH — Données Québec (rôle d'évaluation foncière),https://donneesouvertes.affmunqc.net/role/RL47017_2026.xml,,,,
"23, Cygnes",,Granby,,,3391.8,1986,177000,417000,594000,2025,Logement,MAMH — Données Québec (rôle d'évaluation foncière),https://donneesouvertes.affmunqc.net/role/RL47017_2026.xml,,,,
"19, Cygnes",,Granby,,,4437.3,1999,200000,491000,691000,2025,Logement,MAMH — Données Québec (rôle d'évaluation foncière),https://donneesouvertes.affmunqc.net/role/RL47017_2026.xml,,,,
"24, Cygnes",,Granby,,,1914.1,1985,103400,346600,450000,2025,Logement,MAMH — Données Québec (rôle d'évaluation foncière),https://donneesouvertes.affmunqc.net/role/RL47017_2026.xml,,,,
"28, Cygnes",,Granby,,,1934.3,1986,104500,272500,377000,2025,Logement,MAMH — Données Québec (rôle d'évaluation foncière),https://donneesouvertes.affmunqc.net/role/RL47017_2026.xml,,,,
"20, Cygnes",,Granby,,,2082.3,1984,112400,301600,414000,2025,Logement,MAMH — Données Québec (rôle d'évaluation foncière),https://donneesouvertes.affmunqc.net/role/RL47017_2026.xml,,,,
"7, Ducs",,Granby,,,2115.5,1985,114200,551800,666000,2025,Logement,MAMH — Données Québec (rôle d'évaluation foncière),https://donneesouvertes.affmunqc.net/role/RL47017_2026.xml,,,,
"3, Rouges-gorges",,Granby,,,1966.8,1987,106200,379800,486000,2025,Logement,MAMH — Données Québec (rôle d'évaluation foncière),https://donneesouvertes.affmunqc.net/role/RL47017_2026.xml,,,,
"32, Cygnes",,Granby,,,1997.4,1987,107900,300100,408000,2025,Logement,MAMH — Données Québec (rôle d'évaluation foncière),https://donneesouvertes.affmunqc.net/role/RL47017_2026.xml,,,,
"7, Rouges-gorges",,Granby,,,2173.3,1989,117400,436600,554000,2025,Logement,MAMH — Données Québec (rôle d'évaluation foncière),https://donneesouvertes.affmunqc.net/role/RL47017_2026.xml,,,,
"11, Ducs",,Granby,,,2405.5,1986,129900,373100,503000,2025,Logement,MAMH — Données Québec (rôle d'évaluation foncière),https://donneesouvertes.affmunqc.net/role/RL47017_2026.xml,,,,
"15, Ducs",,Granby,,,1869.7,1986,101000,287000,388000,2025,Logement,MAMH — Données Québec (rôle d'évaluation foncière),https://donneesouvertes.affmunqc.net/role/RL47017_2026.xml,,,,
"2, Rouges-gorges",,Granby,,,2370.4,1987,128000,321000,449000,2025,Logement,MAMH — Données Québec (rôle d'évaluation foncière),https://donneesouvertes.affmunqc.net/role/RL47017_2026.xml,,,,
"44, Cygnes",,Granby,,,4501.2,1955,201400,418600,620000,2025,Logement,MAMH — Données Québec (rôle d'évaluation foncière),https://donneesouvertes.affmunqc.net/role/RL47017_2026.xml,,,,
"6, Rouges-gorges",,Granby,,,2229.7,1995,120400,373600,494000,2025,Logement,MAMH — Données Québec (rôle d'évaluation foncière),https://donneesouvertes.affmunqc.net/role/RL47017_2026.xml,,,,
"19, Ducs",,Granby,,,2410.5,1985,130200,351800,482000,2025,Logement,MAMH — Données Québec (rôle d'évaluation foncière),https://donneesouvertes.affmunqc.net/role/RL47017_2026.xml,,,,
"415, Louis-hébert",,Granby,,,817.33,1983,153200,260800,414000,2025,Logement,MAMH — Données Québec (rôle d'évaluation foncière),https://donneesouvertes.affmunqc.net/role/RL47017_2026.xml,,,,
"419, Louis-hébert",,Granby,,,440,1983,94600,240400,335000,2025,Logement,MAMH — Données Québec (rôle d'évaluation foncière),https://donneesouvertes.affmunqc.net/role/RL47017_2026.xml,,,,
"421, Louis-hébert",,Granby,,,440,1983,94600,259400,354000,2025,Logement,MAMH — Données Québec (rôle d'évaluation foncière),https://donneesouvertes.affmunqc.net/role/RL47017_2026.xml,,,,
"423, Louis-hébert",,Granby,,,945.96,2008,168700,470300,639000,2025,Logement,MAMH — Données Québec (rôle d'évaluation foncière),https://donneesouvertes.affmunqc.net/role/RL47017_2026.xml,,,,
"406, Choquette",,Granby,,,993.6,1988,171800,352200,524000,2025,Logement,MAMH — Données Québec (rôle d'évaluation foncière),https://donneesouvertes.affmunqc.net/role/RL47017_2026.xml,,,,
"410, Choquette",,Granby,,,959.66,1996,169600,394400,564000,2025,Logement,MAMH — Données Québec (rôle d'évaluation foncière),https://donneesouvertes.affmunqc.net/role/RL47017_2026.xml,,,,
"414, Choquette",,Granby,,,897.79,1990,163500,404500,568000,2025,Logement,MAMH — Données Québec (rôle d'évaluation foncière),https://donneesouvertes.affmunqc.net/role/RL47017_2026.xml,,,,
"418, Choquette",,Granby,,,860.94,1989,158800,325200,484000,2025,Logement,MAMH — Données Québec (rôle d'évaluation foncière),https://donneesouvertes.affmunqc.net/role/RL47017_2026.xml,,,,
"422, Choquette",,Granby,,,857.7,1989,158400,559600,718000,2025,Logement,MAMH — Données Québec (rôle d'évaluation foncière),https://donneesouvertes.affmunqc.net/role/RL47017_2026.xml,,,,
"426, Choquette",,Granby,,,857.69,1989,158400,453600,612000,2025,Logement,MAMH — Données Québec (rôle d'évaluation foncière),https://donneesouvertes.affmunqc.net/role/RL47017_2026.xml,,,,
"432, Louis-hébert",,Granby,,,650.25,1984,131600,295400,427000,2025,Logement,MAMH — Données Québec (rôle d'évaluation foncière),https://donneesouvertes.affmunqc.net/role/RL47017_2026.xml,,,,
"451, Providence",,Granby,,,650.25,1980,131600,252400,384000,2025,Logement,MAMH — Données Québec (rôle d'évaluation foncière),https://donneesouvertes.affmunqc.net/role/RL47017_2026.xml,,,,
"436, Louis-hébert",,Granby,,,650.25,1985,131600,325400,457000,2025,Logement,MAMH — Données Québec (rôle d'évaluation foncière),https://donneesouvertes.affmunqc.net/role/RL47017_2026.xml,,,,
"440, Louis-hébert",,Granby,,,650.25,1985,131600,286400,418000,2025,Logement,MAMH — Données Québec (rôle d'évaluation foncière),https://donneesouvertes.affmunqc.net/role/RL47017_2026.xml,,,,
"427, Louis-hébert",,Granby,,,946.02,1986,168700,307300,476000,2025,Logement,MAMH — Données Québec (rôle d'évaluation foncière),https://donneesouvertes.affmunqc.net/role/RL47017_2026.xml,,,,
"444, Louis-hébert",,Granby,,,650.25,1986,131600,301400,433000,2025,Logement,MAMH — Données Québec (rôle d'évaluation foncière),https://donneesouvertes.affmunqc.net/role/RL47017_2026.xml,,,,
"431, Louis-hébert",,Granby,,,946,1986,168700,446300,615000,2025,Logement,MAMH — Données Québec (rôle d'évaluation foncière),https://donneesouvertes.affmunqc.net/role/RL47017_2026.xml,,,,
"435, Louis-hébert",,Granby,,,945.94,1993,168700,309300,478000,2025,Logement,MAMH — Données Québec (rôle d'évaluation foncière),https://donneesouvertes.affmunqc.net/role/RL47017_2026.xml,,,,
"439, Louis-hébert",,Granby,,,946.31,2003,168700,300300,469000,2025,Logement,MAMH — Données Québec (rôle d'évaluation foncière),https://donneesouvertes.affmunqc.net/role/RL47017_2026.xml,,,,
"455, Louis-hébert",,Granby,,,701.42,1992,138200,291800,430000,2025,Logement,MAMH — Données Québec (rôle d'évaluation foncière),https://donneesouvertes.affmunqc.net/role/RL47017_2026.xml,,,,
"430, Choquette",,Granby,,,713.49,1989,139800,489200,629000,2025,Logement,MAMH — Données Québec (rôle d'évaluation foncière),https://donneesouvertes.affmunqc.net/role/RL47017_2026.xml,,,,
"470, Providence, app. 472",,Granby,,,412.38,1987,88700,234300,323000,2025,Logement,MAMH — Données Québec (rôle d'évaluation foncière),https://donneesouvertes.affmunqc.net/role/RL47017_2026.xml,,,,
"455, Providence",,Granby,,,650.25,1980,131600,281400,413000,2025,Logement,MAMH — Données Québec (rôle d'évaluation foncière),https://donneesouvertes.affmunqc.net/role/RL47017_2026.xml,,,,
"459, Providence",,Granby,,,650.25,1979,131600,297400,429000,2025,Logement,MAMH — Données Québec (rôle d'évaluation foncière),https://donneesouvertes.affmunqc.net/role/RL47017_2026.xml,,,,
"463, Providence",,Granby,,,711.23,1980,139500,295500,435000,2025,Logement,MAMH — Données Québec (rôle d'évaluation foncière),https://donneesouvertes.affmunqc.net/role/RL47017_2026.xml,,,,
"448, Louis-hébert",,Granby,,,650.25,1986,131600,318400,450000,2025,Logement,MAMH — Données Québec (rôle d'évaluation foncière),https://donneesouvertes.affmunqc.net/role/RL47017_2026.xml,,,,
"469, Providence",,Granby,,,852.17,,157700,432300,590000,2025,Logement,MAMH — Données Québec (rôle d'évaluation foncière),https://donneesouvertes.affmunqc.net/role/RL47017_2026.xml,,,,
"452, Louis-hébert",,Granby,,,325.19,1987,69900,217100,287000,2025,Logement,MAMH — Données Québec (rôle d'évaluation foncière),https://donneesouvertes.affmunqc.net/role/RL47017_2026.xml,,,,
"454, Louis-hébert",,Granby,,,325.19,1987,69900,219100,289000,2025,Logement,MAMH — Données Québec (rôle d'évaluation foncière),https://donneesouvertes.affmunqc.net/role/RL47017_2026.xml,,,,
"458, Louis-hébert",,Granby,,,464.52,1988,99900,252100,352000,2025,Logement,MAMH — Données Québec (rôle d'évaluation foncière),https://donneesouvertes.affmunqc.net/role/RL47017_2026.xml,,,,
"460, Louis-hébert, app. 462",,Granby,,,456.54,1988,98200,248800,347000,2025,Logement,MAMH — Données Québec (rôle d'évaluation foncière),https://donneesouvertes.affmunqc.net/role/RL47017_2026.xml,,,,
"497, Savage",,Granby,,,556.45,1989,119500,304500,424000,2025,Logement,MAMH — Données Québec (rôle d'évaluation foncière),https://donneesouvertes.affmunqc.net/role/RL47017_2026.xml,,,,
"505, Savage",,Granby,,,637.07,1989,129900,264100,394000,2025,Logement,MAMH — Données Québec (rôle d'évaluation foncière),https://donneesouvertes.affmunqc.net/role/RL47017_2026.xml,,,,
"509, Savage",,Granby,,,596.3,1989,124700,237300,362000,2025,Logement,MAMH — Données Québec (rôle d'évaluation foncière),https://donneesouvertes.affmunqc.net/role/RL47017_2026.xml,,,,
"501, Savage",,Granby,,,613.95,1989,126900,313100,440000,2025,Logement,MAMH — Données Québec (rôle d'évaluation foncière),https://donneesouvertes.affmunqc.net/role/RL47017_2026.xml,,,,
"474, Providence",,Granby,,,329.49,1987,70800,238200,309000,2025,Logement,MAMH — Données Québec (rôle d'évaluation foncière),https://donneesouvertes.affmunqc.net/role/RL47017_2026.xml,,,,
"476, Providence",,Granby,,,344.61,1987,74100,214900,289000,2025,Logement,MAMH — Données Québec (rôle d'évaluation foncière),https://donneesouvertes.affmunqc.net/role/RL47017_2026.xml,,,,
"478, Providence",,Granby,,,359.73,1987,77300,231700,309000,2025,Logement,MAMH — Données Québec (rôle d'évaluation foncière),https://donneesouvertes.affmunqc.net/role/RL47017_2026.xml,,,,
"480, Providence",,Granby,,,367.43,1988,79000,231000,310000,2025,Logement,MAMH — Données Québec (rôle d'évaluation foncière),https://donneesouvertes.affmunqc.net/role/RL47017_2026.xml,,,,
"482, Providence",,Granby,,,367.58,1988,79000,224000,303000,2025,Logement,MAMH — Données Québec (rôle d'évaluation foncière),https://donneesouvertes.affmunqc.net/role/RL47017_2026.xml,,,,
"484, Providence",,Granby,,,382.06,1988,82100,230900,313000,2025,Logement,MAMH — Données Québec (rôle d'évaluation foncière),https://donneesouvertes.affmunqc.net/role/RL47017_2026.xml,,,,
"486, Providence",,Granby,,,386.24,1988,83000,245000,328000,2025,Logement,MAMH — Données Québec (rôle d'évaluation foncière),https://donneesouvertes.affmunqc.net/role/RL47017_2026.xml,,,,
"490, Providence",,Granby,,,398.99,1988,85800,249200,335000,2025,Logement,MAMH — Données Québec (rôle d'évaluation foncière),https://donneesouvertes.affmunqc.net/role/RL47017_2026.xml,,,,
"492, Providence",,Granby,,,398.99,1988,85800,258200,344000,2025,Logement,MAMH — Données Québec (rôle d'évaluation foncière),https://donneesouvertes.affmunqc.net/role/RL47017_2026.xml,,,,
"496, Providence, app. 498",,Granby,,,398.98,1990,85800,304200,390000,2025,Logement,MAMH — Données Québec (rôle d'évaluation foncière),https://donneesouvertes.affmunqc.net/role/RL47017_2026.xml,,,,
"485, Louis-hébert, app. 487",,Granby,,,580.9,1988,122700,218300,341000,2025,Logement,MAMH — Données Québec (rôle d'évaluation foncière),https://donneesouvertes.affmunqc.net/role/RL47017_2026.xml,,,,
"40, Dubé, app. 42",,Granby,,,570.85,1989,121400,297600,419000,2025,Logement,MAMH — Données Québec (rôle d'évaluation foncière),https://donneesouvertes.affmunqc.net/role/RL47017_2026.xml,,,,
"495, Providence",,Granby,,,504.59,1989,108500,387500,496000,2025,Logement,MAMH — Données Québec (rôle d'évaluation foncière),https://donneesouvertes.affmunqc.net/role/RL47017_2026.xml,,,,
"483, Louis-hébert",,Granby,,,502.6,1988,108100,323900,432000,2025,Logement,MAMH — Données Québec (rôle d'évaluation foncière),https://donneesouvertes.affmunqc.net/role/RL47017_2026.xml,,,,
"44, Dubé",,Granby,,,420.37,1989,90400,328600,419000,2025,Logement,MAMH — Données Québec (rôle d'évaluation foncière),https://donneesouvertes.affmunqc.net/role/RL47017_2026.xml,,,,
"511, Savage",,Granby,,,665.03,1989,133500,252500,386000,2025,Logement,MAMH — Données Québec (rôle d'évaluation foncière),https://donneesouvertes.affmunqc.net/role/RL47017_2026.xml,,,,
"515, Savage",,Granby,,,665.03,1989,133500,301500,435000,2025,Logement,MAMH — Données Québec (rôle d'évaluation foncière),https://donneesouvertes.affmunqc.net/role/RL47017_2026.xml,,,,
"519, Savage",,Granby,,,665.03,1991,133500,397500,531000,2025,Logement,MAMH — Données Québec (rôle d'évaluation foncière),https://donneesouvertes.affmunqc.net/role/RL47017_2026.xml,,,,
"523, Savage",,Granby,,,723.09,1993,141000,441000,582000,2025,Logement,MAMH — Données Québec (rôle d'évaluation foncière),https://donneesouvertes.affmunqc.net/role/RL47017_2026.xml,,,,
"527, Savage",,Granby,,,442.3,2004,95100,263900,359000,2025,Logement,MAMH — Données Québec (rôle d'évaluation foncière),https://donneesouvertes.affmunqc.net/role/RL47017_2026.xml,,,,
"529, Savage",,Granby,,,450.2,2005,96800,254200,351000,2025,Logement,MAMH — Données Québec (rôle d'évaluation foncière),https://donneesouvertes.affmunqc.net/role/RL47017_2026.xml,,,,
"500, Providence, app. 502",,Granby,,,398.98,1990,85800,311200,397000,2025,Logement,MAMH — Données Québec (rôle d'évaluation foncière),https://donneesouvertes.affmunqc.net/role/RL47017_2026.xml,,,,
"504, Providence",,Granby,,,419.1,1997,90100,299900,390000,2025,Logement,MAMH — Données Québec (rôle d'évaluation foncière),https://donneesouvertes.affmunqc.net/role/RL47017_2026.xml,,,,
"508, Providence",,Granby,,,419.1,1997,90100,278900,369000,2025,Logement,MAMH — Données Québec (rôle d'évaluation foncière),https://donneesouvertes.affmunqc.net/role/RL47017_2026.xml,,,,
"512, Providence",,Granby,,,419.1,1997,90100,233900,324000,2025,Logement,MAMH — Données Québec (rôle d'évaluation foncière),https://donneesouvertes.affmunqc.net/role/RL47017_2026.xml,,,,
"516, Providence",,Granby,,,419.1,1997,90100,232900,323000,2025,Logement,MAMH — Données Québec (rôle d'évaluation foncière),https://donneesouvertes.affmunqc.net/role/RL47017_2026.xml,,,,
"520, Providence",,Granby,,,419.1,1997,90100,215900,306000,2025,Logement,MAMH — Données Québec (rôle d'évaluation foncière),https://donneesouvertes.affmunqc.net/role/RL47017_2026.xml,,,,
"524, Providence",,Granby,,,419.1,1997,90100,271900,362000,2025,Logement,MAMH — Données Québec (rôle d'évaluation foncière),https://donneesouvertes.affmunqc.net/role/RL47017_2026.xml,,,,
"528, Providence",,Granby,,,419.1,1997,90100,263900,354000,2025,Logement,MAMH — Données Québec (rôle d'évaluation foncière),https://donneesouvertes.affmunqc.net/role/RL47017_2026.xml,,,,
"532, Providence",,Granby,,,419.1,1997,90100,211900,302000,2025,Logement,MAMH — Données Québec (rôle d'évaluation foncière),https://donneesouvertes.affmunqc.net/role/RL47017_2026.xml,,,,
"497, Providence, app. 499",,Granby,,,371.06,1989,79800,311200,391000,2025,Logement,MAMH — Données Québec (rôle d'évaluation foncière),https://donneesouvertes.affmunqc.net/role/RL47017_2026.xml,,,,
"501, Providence",,Granby,,,451.4,1997,97100,287900,385000,2025,Logement,MAMH — Données Québec (rôle d'évaluation foncière),https://donneesouvertes.affmunqc.net/role/RL47017_2026.xml,,,,
"503, Providence",,Granby,,,586.9,1997,123400,255600,379000,2025,Logement,MAMH — Données Québec (rôle d'évaluation foncière),https://donneesouvertes.affmunqc.net/role/RL47017_2026.xml,,,,
"521, Providence",,Granby,,,584.5,1997,123100,238900,362000,2025,Logement,MAMH — Données Québec (rôle d'évaluation foncière),https://donneesouvertes.affmunqc.net/role/RL47017_2026.xml,,,,
"525, Providence",,Granby,,,452.1,1997,97200,258800,356000,2025,Logement,MAMH — Données Québec (rôle d'évaluation foncière),https://donneesouvertes.affmunqc.net/role/RL47017_2026.xml,,,,
"537, Savage",,Granby,,,882.5,2004,161600,252400,414000,2025,Logement,MAMH — Données Québec (rôle d'évaluation foncière),https://donneesouvertes.affmunqc.net/role/RL47017_2026.xml,,,,
"531, Savage",,Granby,,,418.9,2004,90100,278900,369000,2025,Logement,MAMH — Données Québec (rôle d'évaluation foncière),https://donneesouvertes.affmunqc.net/role/RL47017_2026.xml,,,,
"533, Savage",,Granby,,,456.4,2004,98100,267900,366000,2025,Logement,MAMH — Données Québec (rôle d'évaluation foncière),https://donneesouvertes.affmunqc.net/role/RL47017_2026.xml,,,,
"535, Savage",,Granby,,,629.9,2004,129000,276000,405000,2025,Logement,MAMH — Données Québec (rôle d'évaluation foncière),https://donneesouvertes.affmunqc.net/role/RL47017_2026.xml,,,,
"536, Providence",,Granby,,,417.8,2004,89800,263200,353000,2025,Logement,MAMH — Données Québec (rôle d'évaluation foncière),https://donneesouvertes.affmunqc.net/role/RL47017_2026.xml,,,,
"540, Providence",,Granby,,,428,2004,92000,285000,377000,2025,Logement,MAMH — Données Québec (rôle d'évaluation foncière),https://donneesouvertes.affmunqc.net/role/RL47017_2026.xml,,,,
"544, Providence",,Granby,,,741.5,2003,143400,290600,434000,2025,Logement,MAMH — Données Québec (rôle d'évaluation foncière),https://donneesouvertes.affmunqc.net/role/RL47017_2026.xml,,,,
"548, Providence",,Granby,,,920,2004,166400,302600,469000,2025,Logement,MAMH — Données Québec (rôle d'évaluation foncière),https://donneesouvertes.affmunqc.net/role/RL47017_2026.xml,,,,
"552, Providence",,Granby,,,503.5,2004,108300,278700,387000,2025,Logement,MAMH — Données Québec (rôle d'évaluation foncière),https://donneesouvertes.affmunqc.net/role/RL47017_2026.xml,,,,
"555, Providence",,Granby,,,500,2003,107500,243500,351000,2025,Logement,MAMH — Données Québec (rôle d'évaluation foncière),https://donneesouvertes.affmunqc.net/role/RL47017_2026.xml,,,,
"556, Providence",,Granby,,,397.8,2004,85500,292500,378000,2025,Logement,MAMH — Données Québec (rôle d'évaluation foncière),https://donneesouvertes.affmunqc.net/role/RL47017_2026.xml,,,,
"15, Cygnes",,Granby,,,4392.9,1987,199000,319000,518000,2025,Logement,MAMH — Données Québec (rôle d'évaluation foncière),https://donneesouvertes.affmunqc.net/role/RL47017_2026.xml,,,,
"11, Cygnes",,Granby,,,3265.5,1986,174200,659800,834000,2025,Industrie,MAMH — Données Québec (rôle d'évaluation foncière),https://donneesouvertes.affmunqc.net/role/RL47017_2026.xml,,,,
"16, Cygnes",,Granby,,,2221.7,1985,120000,343000,463000,2025,Logement,MAMH — Données Québec (rôle d'évaluation foncière),https://donneesouvertes.affmunqc.net/role/RL47017_2026.xml,,,,
"8, Ducs",,Granby,,,2201.8,1985,118900,264100,383000,2025,Logement,MAMH — Données Québec (rôle d'évaluation foncière),https://donneesouvertes.affmunqc.net/role/RL47017_2026.xml,,,,
"12, Ducs",,Granby,,,2214.2,1986,119600,288400,408000,2025,Logement,MAMH — Données Québec (rôle d'évaluation foncière),https://donneesouvertes.affmunqc.net/role/RL47017_2026.xml,,,,
"600, Hirondelles",,Granby,,,2221.7,1985,120000,269000,389000,2025,Logement,MAMH — Données Québec (rôle d'évaluation foncière),https://donneesouvertes.affmunqc.net/role/RL47017_2026.xml,,,,
"604, Hirondelles",,Granby,,,2264.8,1984,122300,214700,337000,2025,Logement,MAMH — Données Québec (rôle d'évaluation foncière),https://donneesouvertes.affmunqc.net/role/RL47017_2026.xml,,,,
"608, Hirondelles",,Granby,,,2529.2,1986,136600,489400,626000,2025,Logement,MAMH — Données Québec (rôle d'évaluation foncière),https://donneesouvertes.affmunqc.net/role/RL47017_2026.xml,,,,
"16, Ducs",,Granby,,,2224.2,1986,120100,281900,402000,2025,Logement,MAMH — Données Québec (rôle d'évaluation foncière),https://donneesouvertes.affmunqc.net/role/RL47017_2026.xml,,,,
"20, Ducs",,Granby,,,2668.3,1988,144100,340900,485000,2025,Logement,MAMH — Données Québec (rôle d'évaluation foncière),https://donneesouvertes.affmunqc.net/role/RL47017_2026.xml,,,,
"23, Ducs",,Granby,,,3062.4,1986,165400,619600,785000,2025,Logement,MAMH — Données Québec (rôle d'évaluation foncière),https://donneesouvertes.affmunqc.net/role/RL47017_2026.xml,,,,
"24, Ducs",,Granby,,,2836.9,1988,153200,238800,392000,2025,Logement,MAMH — Données Québec (rôle d'évaluation foncière),https://donneesouvertes.affmunqc.net/role/RL47017_2026.xml,,,,
"409, Choquette",,Granby,,,691.32,1994,136900,387100,524000,2025,Logement,MAMH — Données Québec (rôle d'évaluation foncière),https://donneesouvertes.affmunqc.net/role/RL47017_2026.xml,,,,
"413, Choquette",,Granby,,,420.19,1988,90300,215700,306000,2025,Logement,MAMH — Données Québec (rôle d'évaluation foncière),https://donneesouvertes.affmunqc.net/role/RL47017_2026.xml,,,,
"415, Choquette",,Granby,,,417.7,1988,89800,184200,274000,2025,Logement,MAMH — Données Québec (rôle d'évaluation foncière),https://donneesouvertes.affmunqc.net/role/RL47017_2026.xml,,,,
"417, Choquette",,Granby,,,712.49,1988,139600,470400,610000,2025,Logement,MAMH — Données Québec (rôle d'évaluation foncière),https://donneesouvertes.affmunqc.net/role/RL47017_2026.xml,,,,
"421, Choquette",,Granby,,,700.4,1987,138100,344900,483000,2025,Logement,MAMH — Données Québec (rôle d'évaluation foncière),https://donneesouvertes.affmunqc.net/role/RL47017_2026.xml,,,,
"425, Choquette",,Granby,,,700.5,1989,138100,434900,573000,2025,Logement,MAMH — Données Québec (rôle d'évaluation foncière),https://donneesouvertes.affmunqc.net/role/RL47017_2026.xml,,,,
"429, Choquette",,Granby,,,878.85,1991,161100,422900,584000,2025,Logement,MAMH — Données Québec (rôle d'évaluation foncière),https://donneesouvertes.affmunqc.net/role/RL47017_2026.xml,,,,
"447, Choquette",,Granby,,,315.86,1989,67900,276100,344000,2025,Logement,MAMH — Données Québec (rôle d'évaluation foncière),https://donneesouvertes.affmunqc.net/role/RL47017_2026.xml,,,,
"434, Choquette",,Granby,,,932.69,2004,167800,408200,576000,2025,Logement,MAMH — Données Québec (rôle d'évaluation foncière),https://donneesouvertes.affmunqc.net/role/RL47017_2026.xml,,,,
"445, Choquette",,Granby,,,315.86,1989,67900,227100,295000,2025,Logement,MAMH — Données Québec (rôle d'évaluation foncière),https://donneesouvertes.affmunqc.net/role/RL47017_2026.xml,,,,
"441, Choquette",,Granby,,,1307.62,1986,192200,439800,632000,2025,Logement,MAMH — Données Québec (rôle d'évaluation foncière),https://donneesouvertes.affmunqc.net/role/RL47017_2026.xml,,,,
"437, Choquette",,Granby,,,1432.7,1990,200300,633700,834000,2025,Logement,MAMH — Données Québec (rôle d'évaluation foncière),https://donneesouvertes.affmunqc.net/role/RL47017_2026.xml,,,,
"433, Choquette",,Granby,,,1250.64,1991,188500,466500,655000,2025,Logement,MAMH — Données Québec (rôle d'évaluation foncière),https://donneesouvertes.affmunqc.net/role/RL47017_2026.xml,,,,
"435, Choquette",,Granby,,,33898.9,,2999000,,2999000,2025,Institutionnel,MAMH — Données Québec (rôle d'évaluation foncière),https://donneesouvertes.affmunqc.net/role/RL47017_2026.xml,,,,
"477, Louis-hébert",,Granby,,,492.34,1988,105900,236100,342000,2025,Logement,MAMH — Données Québec (rôle d'évaluation foncière),https://donneesouvertes.affmunqc.net/role/RL47017_2026.xml,,,,
"459, Louis-hébert",,Granby,,,961.61,1992,169700,435300,605000,2025,Logement,MAMH — Données Québec (rôle d'évaluation foncière),https://donneesouvertes.affmunqc.net/role/RL47017_2026.xml,,,,
"463, Louis-hébert",,Granby,,,818.12,,153000,,153000,2025,Terrain vacant,MAMH — Données Québec (rôle d'évaluation foncière),https://donneesouvertes.affmunqc.net/role/RL47017_2026.xml,,,,
"467, Louis-hébert, app. 469",,Granby,,,1083.7,1991,177600,430400,608000,2025,Logement,MAMH — Données Québec (rôle d'évaluation foncière),https://donneesouvertes.affmunqc.net/role/RL47017_2026.xml,,,,
"471, Louis-hébert",,Granby,,,1486.54,1987,203800,467200,671000,2025,Logement,MAMH — Données Québec (rôle d'évaluation foncière),https://donneesouvertes.affmunqc.net/role/RL47017_2026.xml,,,,
"479, Louis-hébert",,Granby,,,472.6,1988,101600,250400,352000,2025,Logement,MAMH — Données Québec (rôle d'évaluation foncière),https://donneesouvertes.affmunqc.net/role/RL47017_2026.xml,,,,
"49, Dubé",,Granby,,,351.17,1988,75500,237500,313000,2025,Logement,MAMH — Données Québec (rôle d'évaluation foncière),https://donneesouvertes.affmunqc.net/role/RL47017_2026.xml,,,,
"48, Dubé",,Granby,,,373.16,1989,80200,238800,319000,2025,Logement,MAMH — Données Québec (rôle d'évaluation foncière),https://donneesouvertes.affmunqc.net/role/RL47017_2026.xml,,,,
"51, Dubé",,Granby,,,351.2,1988,75500,233500,309000,2025,Logement,MAMH — Données Québec (rôle d'évaluation foncière),https://donneesouvertes.affmunqc.net/role/RL47017_2026.xml,,,,
"50, Dubé",,Granby,,,389.47,1989,83700,226300,310000,2025,Logement,MAMH — Données Québec (rôle d'évaluation foncière),https://donneesouvertes.affmunqc.net/role/RL47017_2026.xml,,,,
"55, Dubé",,Granby,,,351.17,1989,75500,253500,329000,2025,Logement,MAMH — Données Québec (rôle d'évaluation foncière),https://donneesouvertes.affmunqc.net/role/RL47017_2026.xml,,,,
"52, Dubé, app. 54",,Granby,,,406.27,1989,87300,278700,366000,2025,Logement,MAMH — Données Québec (rôle d'évaluation foncière),https://donneesouvertes.affmunqc.net/role/RL47017_2026.xml,,,,
"57, Dubé",,Granby,,,351.17,1989,75500,224500,300000,2025,Logement,MAMH — Données Québec (rôle d'évaluation foncière),https://donneesouvertes.affmunqc.net/role/RL47017_2026.xml,,,,
"56, Dubé, app. 58",,Granby,,,442.85,1989,95200,278800,374000,2025,Logement,MAMH — Données Québec (rôle d'évaluation foncière),https://donneesouvertes.affmunqc.net/role/RL47017_2026.xml,,,,
"60, Dubé",,Granby,,,550,1989,118300,323700,442000,2025,Logement,MAMH — Données Québec (rôle d'évaluation foncière),https://donneesouvertes.affmunqc.net/role/RL47017_2026.xml,,,,
"61, Dubé, app. 63",,Granby,,,702.34,1991,138300,363700,502000,2025,Logement,MAMH — Données Québec (rôle d'évaluation foncière),https://donneesouvertes.affmunqc.net/role/RL47017_2026.xml,,,,
"62, Dubé",,Granby,,,346.56,1989,74500,217500,292000,2025,Logement,MAMH — Données Québec (rôle d'évaluation foncière),https://donneesouvertes.affmunqc.net/role/RL47017_2026.xml,,,,
"66, Dubé",,Granby,,,425.06,1988,91400,354600,446000,2025,Logement,MAMH — Données Québec (rôle d'évaluation foncière),https://donneesouvertes.affmunqc.net/role/RL47017_2026.xml,,,,
"67, Dubé, app. 69",,Granby,,,752.54,1990,144800,405200,550000,2025,Logement,MAMH — Données Québec (rôle d'évaluation foncière),https://donneesouvertes.affmunqc.net/role/RL47017_2026.xml,,,,
"68, Dubé",,Granby,,,438.57,1988,94300,308700,403000,2025,Logement,MAMH — Données Québec (rôle d'évaluation foncière),https://donneesouvertes.affmunqc.net/role/RL47017_2026.xml,,,,
"73, Dubé, app. 75",,Granby,,,363.86,1990,78200,314800,393000,2025,Logement,MAMH — Données Québec (rôle d'évaluation foncière),https://donneesouvertes.affmunqc.net/role/RL47017_2026.xml,,,,
"70, Dubé",,Granby,,,384.95,1989,82800,226200,309000,2025,Logement,MAMH — Données Québec (rôle d'évaluation foncière),https://donneesouvertes.affmunqc.net/role/RL47017_2026.xml,,,,
"676, Providence",,Granby,,,365,1997,78500,229500,308000,2025,Logement,MAMH — Données Québec (rôle d'évaluation foncière),https://donneesouvertes.affmunqc.net/role/RL47017_2026.xml,,,,
"679, Providence",,Granby,,,365,1997,78500,265500,344000,2025,Logement,MAMH — Données Québec (rôle d'évaluation foncière),https://donneesouvertes.affmunqc.net/role/RL47017_2026.xml,,,,
"672, Providence",,Granby,,,365,1997,78500,254500,333000,2025,Logement,MAMH — Données Québec (rôle d'évaluation foncière),https://donneesouvertes.affmunqc.net/role/RL47017_2026.xml,,,,
"675, Providence",,Granby,,,365,1997,78500,239500,318000,2025,Logement,MAMH — Données Québec (rôle d'évaluation foncière),https://donneesouvertes.affmunqc.net/role/RL47017_2026.xml,,,,
"668, Providence",,Granby,,,365,1998,78500,219500,298000,2025,Logement,MAMH — Données Québec (rôle d'évaluation foncière),https://donneesouvertes.affmunqc.net/role/RL47017_2026.xml,,,,
"671, Providence",,Granby,,,365,1997,78500,234500,313000,2025,Logement,MAMH — Données Québec (rôle d'évaluation foncière),https://donneesouvertes.affmunqc.net/role/RL47017_2026.xml,,,,
"664, Providence",,Granby,,,365,1998,78500,254500,333000,2025,Logement,MAMH — Données Québec (rôle d'évaluation foncière),https://donneesouvertes.affmunqc.net/role/RL47017_2026.xml,,,,
"667, Providence",,Granby,,,365,1997,78500,237500,316000,2025,Logement,MAMH — Données Québec (rôle d'évaluation foncière),https://donneesouvertes.affmunqc.net/role/RL47017_2026.xml,,,,
"663, Providence",,Granby,,,365,1997,78500,235500,314000,2025,Logement,MAMH — Données Québec (rôle d'évaluation foncière),https://donneesouvertes.affmunqc.net/role/RL47017_2026.xml,,,,
"660, Providence",,Granby,,,514.7,1998,110700,411300,522000,2025,Logement,MAMH — Données Québec (rôle d'évaluation foncière),https://donneesouvertes.affmunqc.net/role/RL47017_2026.xml,,,,
"583, Providence",,Granby,,,377.8,2003,81200,306800,388000,2025,Logement,MAMH — Données Québec (rôle d'évaluation foncière),https://donneesouvertes.affmunqc.net/role/RL47017_2026.xml,,,,
"659, Providence",,Granby,,,365,1998,78500,237500,316000,2025,Logement,MAMH — Données Québec (rôle d'évaluation foncière),https://donneesouvertes.affmunqc.net/role/RL47017_2026.xml,,,,
"656, Providence",,Granby,,,519.9,1998,111800,389200,501000,2025,Logement,MAMH — Données Québec (rôle d'évaluation foncière),https://donneesouvertes.affmunqc.net/role/RL47017_2026.xml,,,,
"655, Providence",,Granby,,,365,1998,78500,245500,324000,2025,Logement,MAMH — Données Québec (rôle d'évaluation foncière),https://donneesouvertes.affmunqc.net/role/RL47017_2026.xml,,,,
"587, Providence, app. 589",,Granby,,,595.2,2004,124500,406500,531000,2025,Logement,MAMH — Données Québec (rôle d'évaluation foncière),https://donneesouvertes.affmunqc.net/role/RL47017_2026.xml,,,,
"651, Providence",,Granby,,,366.6,1998,78800,251200,330000,2025,Logement,MAMH — Données Québec (rôle d'évaluation foncière),https://donneesouvertes.affmunqc.net/role/RL47017_2026.xml,,,,
"652, Providence",,Granby,,,525,1998,112900,284100,397000,2025,Logement,MAMH — Données Québec (rôle d'évaluation foncière),https://donneesouvertes.affmunqc.net/role/RL47017_2026.xml,,,,
"559, Providence",,Granby,,,365.4,2004,78600,271400,350000,2025,Logement,MAMH — Données Québec (rôle d'évaluation foncière),https://donneesouvertes.affmunqc.net/role/RL47017_2026.xml,,,,
"560, Providence",,Granby,,,401.7,2004,86400,238600,325000,2025,Logement,MAMH — Données Québec (rôle d'évaluation foncière),https://donneesouvertes.affmunqc.net/role/RL47017_2026.xml,,,,
"563, Providence",,Granby,,,365.4,2004,78600,292400,371000,2025,Logement,MAMH — Données Québec (rôle d'évaluation foncière),https://donneesouvertes.affmunqc.net/role/RL47017_2026.xml,,,,
"564, Providence",,Granby,,,401.5,2004,86300,240700,327000,2025,Logement,MAMH — Données Québec (rôle d'évaluation foncière),https://donneesouvertes.affmunqc.net/role/RL47017_2026.xml,,,,
"567, Providence",,Granby,,,365.5,2004,78600,279400,358000,2025,Logement,MAMH — Données Québec (rôle d'évaluation foncière),https://donneesouvertes.affmunqc.net/role/RL47017_2026.xml,,,,
"568, Providence",,Granby,,,401.4,2004,86300,240700,327000,2025,Logement,MAMH — Données Québec (rôle d'évaluation foncière),https://donneesouvertes.affmunqc.net/role/RL47017_2026.xml,,,,
"571, Providence",,Granby,,,367.4,2004,79000,275000,354000,2025,Logement,MAMH — Données Québec (rôle d'évaluation foncière),https://donneesouvertes.affmunqc.net/role/RL47017_2026.xml,,,,
"572, Providence",,Granby,,,401.2,2004,86300,231700,318000,2025,Logement,MAMH — Données Québec (rôle d'évaluation foncière),https://donneesouvertes.affmunqc.net/role/RL47017_2026.xml,,,,
"575, Providence",,Granby,,,370.9,2004,79700,253300,333000,2025,Logement,MAMH — Données Québec (rôle d'évaluation foncière),https://donneesouvertes.affmunqc.net/role/RL47017_2026.xml,,,,
"576, Providence",,Granby,,,401,2004,86200,280800,367000,2025,Logement,MAMH — Données Québec (rôle d'évaluation foncière),https://donneesouvertes.affmunqc.net/role/RL47017_2026.xml,,,,
"579, Providence",,Granby,,,374.3,2003,80500,268500,349000,2025,Logement,MAMH — Données Québec (rôle d'évaluation foncière),https://donneesouvertes.affmunqc.net/role/RL47017_2026.xml,,,,
"580, Providence",,Granby,,,401.6,2004,86300,243700,330000,2025,Logement,MAMH — Données Québec (rôle d'évaluation foncière),https://donneesouvertes.affmunqc.net/role/RL47017_2026.xml,,,,
"584, Providence",,Granby,,,405.6,2004,87200,269800,357000,2025,Logement,MAMH — Données Québec (rôle d'évaluation foncière),https://donneesouvertes.affmunqc.net/role/RL47017_2026.xml,,,,
"588, Providence",,Granby,,,409.9,2004,88100,251900,340000,2025,Logement,MAMH — Données Québec (rôle d'évaluation foncière),https://donneesouvertes.affmunqc.net/role/RL47017_2026.xml,,,,
"7, Cygnes",,Granby,,,3244,1984,173800,335200,509000,2025,Logement,MAMH — Données Québec (rôle d'évaluation foncière),https://donneesouvertes.affmunqc.net/role/RL47017_2026.xml,,,,
"573, Horizon",,Granby,,,4180,2002,194400,605600,800000,2025,Logement,MAMH — Données Québec (rôle d'évaluation foncière),https://donneesouvertes.affmunqc.net/role/RL47017_2026.xml,,,,
"597, Hirondelles",,Granby,,,2221.7,1984,120000,462000,582000,2025,Logement,MAMH — Données Québec (rôle d'évaluation foncière),https://donneesouvertes.affmunqc.net/role/RL47017_2026.xml,,,,
"601, Hirondelles",,Granby,,,2415.2,1984,130400,597600,728000,2025,Logement,MAMH — Données Québec (rôle d'évaluation foncière),https://donneesouvertes.affmunqc.net/role/RL47017_2026.xml,,,,
"4, Cygnes",,Granby,,,1891.2,1987,102100,423900,526000,2025,Logement,MAMH — Données Québec (rôle d'évaluation foncière),https://donneesouvertes.affmunqc.net/role/RL47017_2026.xml,,,,
"585, Horizon",,Granby,,,1315.4,1977,71000,213000,284000,2025,Logement,MAMH — Données Québec (rôle d'évaluation foncière),https://donneesouvertes.affmunqc.net/role/RL47017_2026.xml,,,,
"612, Hirondelles",,Granby,,,2611.7,1986,141000,531000,672000,2025,Logement,MAMH — Données Québec (rôle d'évaluation foncière),https://donneesouvertes.affmunqc.net/role/RL47017_2026.xml,,,,
"616, Hirondelles",,Granby,,,2236.9,1984,120800,405200,526000,2025,Logement,MAMH — Données Québec (rôle d'évaluation foncière),https://donneesouvertes.affmunqc.net/role/RL47017_2026.xml,,,,
"605, Hirondelles",,Granby,,,2135.8,1987,115300,538700,654000,2025,Logement,MAMH — Données Québec (rôle d'évaluation foncière),https://donneesouvertes.affmunqc.net/role/RL47017_2026.xml,,,,
"11, Geais Bleus",,Granby,,,2977.9,1985,160800,319200,480000,2025,Logement,MAMH — Données Québec (rôle d'évaluation foncière),https://donneesouvertes.affmunqc.net/role/RL47017_2026.xml,,,,
"7, Geais Bleus",,Granby,,,2890.4,1985,145000,255000,400000,2025,Logement,MAMH — Données Québec (rôle d'évaluation foncière),https://donneesouvertes.affmunqc.net/role/RL47017_2026.xml,,,,
"8, Geais Bleus",,Granby,,,2630.9,1984,142100,392900,535000,2025,Logement,MAMH — Données Québec (rôle d'évaluation foncière),https://donneesouvertes.affmunqc.net/role/RL47017_2026.xml,,,,
"620, Hirondelles",,Granby,,,2485.7,1984,134200,329800,464000,2025,Logement,MAMH — Données Québec (rôle d'évaluation foncière),https://donneesouvertes.affmunqc.net/role/RL47017_2026.xml,,,,
"396, Saphir",,Granby,,,2229.7,2013,252100,786900,1039000,2025,Logement,MAMH — Données Québec (rôle d'évaluation foncière),https://donneesouvertes.affmunqc.net/role/RL47017_2026.xml,,,,
"416, Rubis",,Granby,,,1430.3,2000,215000,628000,843000,2025,Logement,MAMH — Données Québec (rôle d'évaluation foncière),https://donneesouvertes.affmunqc.net/role/RL47017_2026.xml,,,,
"397, Saphir",,Granby,,,938.1,2010,168200,443800,612000,2025,Logement,MAMH — Données Québec (rôle d'évaluation foncière),https://donneesouvertes.affmunqc.net/role/RL47017_2026.xml,,,,
"410, Rubis",,Granby,,,864,2000,159200,552800,712000,2025,Logement,MAMH — Données Québec (rôle d'évaluation foncière),https://donneesouvertes.affmunqc.net/role/RL47017_2026.xml,,,,
"393, Saphir",,Granby,,,1312.6,2009,269500,709500,979000,2025,Logement,MAMH — Données Québec (rôle d'évaluation foncière),https://donneesouvertes.affmunqc.net/role/RL47017_2026.xml,,,,
"415, Rubis",,Granby,,,1328.5,2000,193500,393500,587000,2025,Logement,MAMH — Données Québec (rôle d'évaluation foncière),https://donneesouvertes.affmunqc.net/role/RL47017_2026.xml,,,,
"422, Rubis",,Granby,,,766.4,2001,146600,538400,685000,2025,Logement,MAMH — Données Québec (rôle d'évaluation foncière),https://donneesouvertes.affmunqc.net/role/RL47017_2026.xml,,,,
"428, Rubis",,Granby,,,678.9,2000,135300,383700,519000,2025,Logement,MAMH — Données Québec (rôle d'évaluation foncière),https://donneesouvertes.affmunqc.net/role/RL47017_2026.xml,,,,
"434, Rubis",,Granby,,,682.9,2000,135800,295200,431000,2025,Logement,MAMH — Données Québec (rôle d'évaluation foncière),https://donneesouvertes.affmunqc.net/role/RL47017_2026.xml,,,,
"440, Rubis",,Granby,,,683.6,2000,135900,376100,512000,2025,Logement,MAMH — Données Québec (rôle d'évaluation foncière),https://donneesouvertes.affmunqc.net/role/RL47017_2026.xml,,,,
"446, Rubis",,Granby,,,678.3,2000,135200,432800,568000,2025,Logement,MAMH — Données Québec (rôle d'évaluation foncière),https://donneesouvertes.affmunqc.net/role/RL47017_2026.xml,,,,
"427, Rubis",,Granby,,,815,2001,152900,365100,518000,2025,Logement,MAMH — Données Québec (rôle d'évaluation foncière),https://donneesouvertes.affmunqc.net/role/RL47017_2026.xml,,,,
"421, Rubis",,Granby,,,861.8,2000,158900,300100,459000,2025,Logement,MAMH — Données Québec (rôle d'évaluation foncière),https://donneesouvertes.affmunqc.net/role/RL47017_2026.xml,,,,
"433, Rubis",,Granby,,,929.9,2000,167600,283400,451000,2025,Logement,MAMH — Données Québec (rôle d'évaluation foncière),https://donneesouvertes.affmunqc.net/role/RL47017_2026.xml,,,,
"439, Rubis",,Granby,,,896.9,2000,163400,579600,743000,2025,Logement,MAMH — Données Québec (rôle d'évaluation foncière),https://donneesouvertes.affmunqc.net/role/RL47017_2026.xml,,,,
"445, Rubis",,Granby,,,919,2001,166300,381700,548000,2025,Logement,MAMH — Données Québec (rôle d'évaluation foncière),https://donneesouvertes.affmunqc.net/role/RL47017_2026.xml,,,,
"452, Rubis",,Granby,,,680.5,2000,135500,262500,398000,2025,Logement,MAMH — Données Québec (rôle d'évaluation foncière),https://donneesouvertes.affmunqc.net/role/RL47017_2026.xml,,,,
"458, Rubis",,Granby,,,824.1,2001,154000,584000,738000,2025,Logement,MAMH — Données Québec (rôle d'évaluation foncière),https://donneesouvertes.affmunqc.net/role/RL47017_2026.xml,,,,
"464, Rubis",,Granby,,,821.2,2000,153700,386300,540000,2025,Logement,MAMH — Données Québec (rôle d'évaluation foncière),https://donneesouvertes.affmunqc.net/role/RL47017_2026.xml,,,,
"470, Rubis",,Granby,,,900.9,1999,163900,418100,582000,2025,Logement,MAMH — Données Québec (rôle d'évaluation foncière),https://donneesouvertes.affmunqc.net/role/RL47017_2026.xml,,,,
"476, Rubis",,Granby,,,756.5,2000,145300,286700,432000,2025,Logement,MAMH — Données Québec (rôle d'évaluation foncière),https://donneesouvertes.affmunqc.net/role/RL47017_2026.xml,,,,
"79, Dubé, app. 81",,Granby,,,363.86,1990,78200,294800,373000,2025,Logement,MAMH — Données Québec (rôle d'évaluation foncière),https://donneesouvertes.affmunqc.net/role/RL47017_2026.xml,,,,
"72, Dubé",,Granby,,,394.79,1989,84900,219100,304000,2025,Logement,MAMH — Données Québec (rôle d'évaluation foncière),https://donneesouvertes.affmunqc.net/role/RL47017_2026.xml,,,,
"83, Dubé, app. 85",,Granby,,,363.86,1989,78200,242800,321000,2025,Logement,MAMH — Données Québec (rôle d'évaluation foncière),https://donneesouvertes.affmunqc.net/role/RL47017_2026.xml,,,,
"74, Dubé, app. 76",,Granby,,,652.82,1990,131900,307100,439000,2025,Logement,MAMH — Données Québec (rôle d'évaluation foncière),https://donneesouvertes.affmunqc.net/role/RL47017_2026.xml,,,,
"87, Dubé, app. 89",,Granby,,,363.86,1989,78200,264800,343000,2025,Logement,MAMH — Données Québec (rôle d'évaluation foncière),https://donneesouvertes.affmunqc.net/role/RL47017_2026.xml,,,,
"91, Dubé, app. 93",,Granby,,,363.86,1991,78200,278800,357000,2025,Logement,MAMH — Données Québec (rôle d'évaluation foncière),https://donneesouvertes.affmunqc.net/role/RL47017_2026.xml,,,,
"80, Dubé, app. 82",,Granby,,,651.37,1990,131800,308200,440000,2025,Logement,MAMH — Données Québec (rôle d'évaluation foncière),https://donneesouvertes.affmunqc.net/role/RL47017_2026.xml,,,,
"95, Dubé, app. 97",,Granby,,,400.83,1991,86200,311800,398000,2025,Logement,MAMH — Données Québec (rôle d'évaluation foncière),https://donneesouvertes.affmunqc.net/role/RL47017_2026.xml,,,,
"86, Dubé",,Granby,,,1173.9,,159000,,159000,2025,Institutionnel,MAMH — Données Québec (rôle d'évaluation foncière),https://donneesouvertes.affmunqc.net/role/RL47017_2026.xml,,,,
"99, Dubé",,Granby,,,592.7,2007,124200,423800,548000,2025,Logement,MAMH — Données Québec (rôle d'évaluation foncière),https://donneesouvertes.affmunqc.net/role/RL47017_2026.xml,,,,
"103, Dubé",,Granby,,,593.3,2009,124300,376700,501000,2025,Logement,MAMH — Données Québec (rôle d'évaluation foncière),https://donneesouvertes.affmunqc.net/role/RL47017_2026.xml,,,,
"482, Rubis",,Granby,,,807.9,2001,151900,289100,441000,2025,Logement,MAMH — Données Québec (rôle d'évaluation foncière),https://donneesouvertes.affmunqc.net/role/RL47017_2026.xml,,,,
"492, Rubis",,Granby,,,633.3,2001,129400,256600,386000,2025,Logement,MAMH — Données Québec (rôle d'évaluation foncière),https://donneesouvertes.affmunqc.net/role/RL47017_2026.xml,,,,
"486, Rubis",,Granby,,,899.5,1999,163800,337200,501000,2025,Logement,MAMH — Données Québec (rôle d'évaluation foncière),https://donneesouvertes.affmunqc.net/role/RL47017_2026.xml,,,,
"621, Providence",,Granby,,,516.1,1999,111000,341000,452000,2025,Logement,MAMH — Données Québec (rôle d'évaluation foncière),https://donneesouvertes.affmunqc.net/role/RL47017_2026.xml,,,,
"649, Providence",,Granby,,,723.4,1998,141000,396000,537000,2025,Logement,MAMH — Données Québec (rôle d'évaluation foncière),https://donneesouvertes.affmunqc.net/role/RL47017_2026.xml,,,,
"648, Providence",,Granby,,,788,1999,149400,332600,482000,2025,Logement,MAMH — Données Québec (rôle d'évaluation foncière),https://donneesouvertes.affmunqc.net/role/RL47017_2026.xml,,,,
"644, Providence",,Granby,,,766,1999,146500,252500,399000,2025,Logement,MAMH — Données Québec (rôle d'évaluation foncière),https://donneesouvertes.affmunqc.net/role/RL47017_2026.xml,,,,
"640, Providence",,Granby,,,658.2,1999,132600,253400,386000,2025,Logement,MAMH — Données Québec (rôle d'évaluation foncière),https://donneesouvertes.affmunqc.net/role/RL47017_2026.xml,,,,
"636, Providence",,Granby,,,467.7,1998,100600,254400,355000,2025,Logement,MAMH — Données Québec (rôle d'évaluation foncière),https://donneesouvertes.affmunqc.net/role/RL47017_2026.xml,,,,
"632, Providence",,Granby,,,365,1998,78500,233500,312000,2025,Logement,MAMH — Données Québec (rôle d'évaluation foncière),https://donneesouvertes.affmunqc.net/role/RL47017_2026.xml,,,,
"628, Providence",,Granby,,,365,1999,78500,290500,369000,2025,Logement,MAMH — Données Québec (rôle d'évaluation foncière),https://donneesouvertes.affmunqc.net/role/RL47017_2026.xml,,,,
"624, Providence",,Granby,,,365,1999,78500,236500,315000,2025,Logement,MAMH — Données Québec (rôle d'évaluation foncière),https://donneesouvertes.affmunqc.net/role/RL47017_2026.xml,,,,
"620, Providence",,Granby,,,365,2000,78500,270500,349000,2025,Logement,MAMH — Données Québec (rôle d'évaluation foncière),https://donneesouvertes.affmunqc.net/role/RL47017_2026.xml,,,,
"616, Providence",,Granby,,,365,2000,78500,263500,342000,2025,Logement,MAMH — Données Québec (rôle d'évaluation foncière),https://donneesouvertes.affmunqc.net/role/RL47017_2026.xml,,,,
"494, Rubis",,Granby,,,631.7,2000,129200,248800,378000,2025,Logement,MAMH — Données Québec (rôle d'évaluation foncière),https://donneesouvertes.affmunqc.net/role/RL47017_2026.xml,,,,
"496, Rubis",,Granby,,,590.3,2000,123900,229100,353000,2025,Logement,MAMH — Données Québec (rôle d'évaluation foncière),https://donneesouvertes.affmunqc.net/role/RL47017_2026.xml,,,,
"498, Rubis",,Granby,,,579,2000,122400,237600,360000,2025,Logement,MAMH — Données Québec (rôle d'évaluation foncière),https://donneesouvertes.affmunqc.net/role/RL47017_2026.xml,,,,
"500, Rubis",,Granby,,,522.1,2000,112300,228700,341000,2025,Logement,MAMH — Données Québec (rôle d'évaluation foncière),https://donneesouvertes.affmunqc.net/role/RL47017_2026.xml,,,,
"502, Rubis",,Granby,,,522.1,2000,112300,307700,420000,2025,Logement,MAMH — Données Québec (rôle d'évaluation foncière),https://donneesouvertes.affmunqc.net/role/RL47017_2026.xml,,,,
"504, Rubis",,Granby,,,522.1,2001,112300,264700,377000,2025,Logement,MAMH — Données Québec (rôle d'évaluation foncière),https://donneesouvertes.affmunqc.net/role/RL47017_2026.xml,,,,
"506, Rubis",,Granby,,,522.1,2001,112300,279700,392000,2025,Logement,MAMH — Données Québec (rôle d'évaluation foncière),https://donneesouvertes.affmunqc.net/role/RL47017_2026.xml,,,,
"592, Providence",,Granby,,,415.2,2004,89300,283700,373000,2025,Logement,MAMH — Données Québec (rôle d'évaluation foncière),https://donneesouvertes.affmunqc.net/role/RL47017_2026.xml,,,,
"617, Providence",,Granby,,,700.5,2005,138100,343900,482000,2025,Logement,MAMH — Données Québec (rôle d'évaluation foncière),https://donneesouvertes.affmunqc.net/role/RL47017_2026.xml,,,,
"596, Providence",,Granby,,,401.5,2004,86300,263700,350000,2025,Logement,MAMH — Données Québec (rôle d'évaluation foncière),https://donneesouvertes.affmunqc.net/role/RL47017_2026.xml,,,,
"600, Providence",,Granby,,,614.9,2004,127100,298900,426000,2025,Logement,MAMH — Données Québec (rôle d'évaluation foncière),https://donneesouvertes.affmunqc.net/role/RL47017_2026.xml,,,,
"604, Providence",,Granby,,,1028.9,2004,174100,258900,433000,2025,Logement,MAMH — Données Québec (rôle d'évaluation foncière),https://donneesouvertes.affmunqc.net/role/RL47017_2026.xml,,,,
"612, Providence",,Granby,,,519.4,2003,111700,286300,398000,2025,Logement,MAMH — Données Québec (rôle d'évaluation foncière),https://donneesouvertes.affmunqc.net/role/RL47017_2026.xml,,,,
"608, Providence",,Granby,,,838.6,2004,155900,350100,506000,2025,Logement,MAMH — Données Québec (rôle d'évaluation foncière),https://donneesouvertes.affmunqc.net/role/RL47017_2026.xml,,,,
"568, Horizon",,Granby,,,1120.4,2010,60500,495500,556000,2025,Logement,MAMH — Données Québec (rôle d'évaluation foncière),https://donneesouvertes.affmunqc.net/role/RL47017_2026.xml,,,,
"570, Horizon, app. 572",,Granby,,,930.3,1970,50200,309800,360000,2025,Logement,MAMH — Données Québec (rôle d'évaluation foncière),https://donneesouvertes.affmunqc.net/role/RL47017_2026.xml,,,,
"504, Alouettes",,Granby,,,1714.1,1986,92600,352400,445000,2025,Logement,MAMH — Données Québec (rôle d'évaluation foncière),https://donneesouvertes.affmunqc.net/role/RL47017_2026.xml,,,,
"508, Alouettes",,Granby,,,1707.7,1987,92200,295800,388000,2025,Logement,MAMH — Données Québec (rôle d'évaluation foncière),https://donneesouvertes.affmunqc.net/role/RL47017_2026.xml,,,,
"589, Horizon",,Granby,,,1048.8,1973,56600,270400,327000,2025,Logement,MAMH — Données Québec (rôle d'évaluation foncière),https://donneesouvertes.affmunqc.net/role/RL47017_2026.xml,,,,
"593, Horizon",,Granby,,,1009.3,1981,54500,245500,300000,2025,Logement,MAMH — Données Québec (rôle d'évaluation foncière),https://donneesouvertes.affmunqc.net/role/RL47017_2026.xml,,,,
"576, Horizon",,Granby,,,932.67,1969,50400,233600,284000,2025,Logement,MAMH — Données Québec (rôle d'évaluation foncière),https://donneesouvertes.affmunqc.net/role/RL47017_2026.xml,,,,
"580, Horizon",,Granby,,,1632.1,1980,88100,304900,393000,2025,Logement,MAMH — Données Québec (rôle d'évaluation foncière),https://donneesouvertes.affmunqc.net/role/RL47017_2026.xml,,,,
"505, Alouettes",,Granby,,,1858,1974,100300,288700,389000,2025,Logement,MAMH — Données Québec (rôle d'évaluation foncière),https://donneesouvertes.affmunqc.net/role/RL47017_2026.xml,,,,
"609, Hirondelles",,Granby,,,2505.8,1984,135300,266700,402000,2025,Logement,MAMH — Données Québec (rôle d'évaluation foncière),https://donneesouvertes.affmunqc.net/role/RL47017_2026.xml,,,,
"613, Hirondelles",,Granby,,,2302.8,1984,124400,332600,457000,2025,Logement,MAMH — Données Québec (rôle d'évaluation foncière),https://donneesouvertes.affmunqc.net/role/RL47017_2026.xml,,,,
"597, Horizon",,Granby,,,996.1,1972,53800,258200,312000,2025,Logement,MAMH — Données Québec (rôle d'évaluation foncière),https://donneesouvertes.affmunqc.net/role/RL47017_2026.xml,,,,
"599, Horizon",,Granby,,,1992.1,1986,107600,308400,416000,2025,Logement,MAMH — Données Québec (rôle d'évaluation foncière),https://donneesouvertes.affmunqc.net/role/RL47017_2026.xml,,,,
"603, Horizon",,Granby,,,2944.1,1972,159000,368000,527000,2025,Logement,MAMH — Données Québec (rôle d'évaluation foncière),https://donneesouvertes.affmunqc.net/role/RL47017_2026.xml,,,,
"624, Hirondelles",,Granby,,,2241.1,1978,121000,278000,399000,2025,Logement,MAMH — Données Québec (rôle d'évaluation foncière),https://donneesouvertes.affmunqc.net/role/RL47017_2026.xml,,,,
"617, Hirondelles",,Granby,,,2137.9,2003,115400,508600,624000,2025,Logement,MAMH — Données Québec (rôle d'évaluation foncière),https://donneesouvertes.affmunqc.net/role/RL47017_2026.xml,,,,
"621, Hirondelles",,Granby,,,1300.8,1983,70200,396800,467000,2025,Logement,MAMH — Données Québec (rôle d'évaluation foncière),https://donneesouvertes.affmunqc.net/role/RL47017_2026.xml,,,,
"420, Émeraude",,Granby,,,671.8,2009,134400,458600,593000,2025,Logement,MAMH — Données Québec (rôle d'évaluation foncière),https://donneesouvertes.affmunqc.net/role/RL47017_2026.xml,,,,
"428, Émeraude",,Granby,,,674,2005,134700,316300,451000,2025,Logement,MAMH — Données Québec (rôle d'évaluation foncière),https://donneesouvertes.affmunqc.net/role/RL47017_2026.xml,,,,
"432, Émeraude",,Granby,,,664.5,2005,133500,354500,488000,2025,Logement,MAMH — Données Québec (rôle d'évaluation foncière),https://donneesouvertes.affmunqc.net/role/RL47017_2026.xml,,,,
"436, Émeraude",,Granby,,,662,2007,133100,407900,541000,2025,Logement,MAMH — Données Québec (rôle d'évaluation foncière),https://donneesouvertes.affmunqc.net/role/RL47017_2026.xml,,,,
"421, Émeraude",,Granby,,,671.6,2009,134400,406600,541000,2025,Logement,MAMH — Données Québec (rôle d'évaluation foncière),https://donneesouvertes.affmunqc.net/role/RL47017_2026.xml,,,,
"429, Émeraude",,Granby,,,779.7,2007,148300,380700,529000,2025,Logement,MAMH — Données Québec (rôle d'évaluation foncière),https://donneesouvertes.affmunqc.net/role/RL47017_2026.xml,,,,
"433, Émeraude",,Granby,,,791,2006,149800,398200,548000,2025,Logement,MAMH — Données Québec (rôle d'évaluation foncière),https://donneesouvertes.affmunqc.net/role/RL47017_2026.xml,,,,
"437, Émeraude",,Granby,,,793.5,2005,150100,411900,562000,2025,Logement,MAMH — Données Québec (rôle d'évaluation foncière),https://donneesouvertes.affmunqc.net/role/RL47017_2026.xml,,,,
"440, Émeraude",,Granby,,,659.6,2007,132800,449200,582000,2025,Logement,MAMH — Données Québec (rôle d'évaluation foncière),https://donneesouvertes.affmunqc.net/role/RL47017_2026.xml,,,,
"444, Émeraude",,Granby,,,657.1,2006,132500,503500,636000,2025,Logement,MAMH — Données Québec (rôle d'évaluation foncière),https://donneesouvertes.affmunqc.net/role/RL47017_2026.xml,,,,
"448, Émeraude",,Granby,,,654.7,2005,132200,377800,510000,2025,Logement,MAMH — Données Québec (rôle d'évaluation foncière),https://donneesouvertes.affmunqc.net/role/RL47017_2026.xml,,,,
"452, Émeraude",,Granby,,,718,2004,140400,324600,465000,2025,Logement,MAMH — Données Québec (rôle d'évaluation foncière),https://donneesouvertes.affmunqc.net/role/RL47017_2026.xml,,,,
"456, Émeraude",,Granby,,,819.5,2007,153400,311600,465000,2025,Logement,MAMH — Données Québec (rôle d'évaluation foncière),https://donneesouvertes.affmunqc.net/role/RL47017_2026.xml,,,,
"130, Diamant",,Granby,,,844.5,2009,156700,438300,595000,2025,Logement,MAMH — Données Québec (rôle d'évaluation foncière),https://donneesouvertes.affmunqc.net/role/RL47017_2026.xml,,,,
"441, Émeraude",,Granby,,,795.9,2005,150400,502600,653000,2025,Logement,MAMH — Données Québec (rôle d'évaluation foncière),https://donneesouvertes.affmunqc.net/role/RL47017_2026.xml,,,,
"445, Émeraude",,Granby,,,803.3,2007,151400,306600,458000,2025,Logement,MAMH — Données Québec (rôle d'évaluation foncière),https://donneesouvertes.affmunqc.net/role/RL47017_2026.xml,,,,
"134, Diamant",,Granby,,,783.7,2005,148800,401200,550000,2025,Logement,MAMH — Données Québec (rôle d'évaluation foncière),https://donneesouvertes.affmunqc.net/role/RL47017_2026.xml,,,,
"451, Rubis",,Granby,,,897.6,2001,163500,419500,583000,2025,Logement,MAMH — Données Québec (rôle d'évaluation foncière),https://donneesouvertes.affmunqc.net/role/RL47017_2026.xml,,,,
"457, Rubis",,Granby,,,847.8,2001,157100,351900,509000,2025,Logement,MAMH — Données Québec (rôle d'évaluation foncière),https://donneesouvertes.affmunqc.net/role/RL47017_2026.xml,,,,
"463, Rubis",,Granby,,,804.9,2001,151600,339400,491000,2025,Logement,MAMH — Données Québec (rôle d'évaluation foncière),https://donneesouvertes.affmunqc.net/role/RL47017_2026.xml,,,,
"469, Rubis",,Granby,,,790.7,2003,149700,293300,443000,2025,Logement,MAMH — Données Québec (rôle d'évaluation foncière),https://donneesouvertes.affmunqc.net/role/RL47017_2026.xml,,,,
"475, Rubis",,Granby,,,860.4,2003,158700,530300,689000,2025,Logement,MAMH — Données Québec (rôle d'évaluation foncière),https://donneesouvertes.affmunqc.net/role/RL47017_2026.xml,,,,
"460, Émeraude",,Granby,,,785.6,2003,149100,365900,515000,2025,Logement,MAMH — Données Québec (rôle d'évaluation foncière),https://donneesouvertes.affmunqc.net/role/RL47017_2026.xml,,,,
"464, Émeraude",,Granby,,,779,2004,148200,317800,466000,2025,Logement,MAMH — Données Québec (rôle d'évaluation foncière),https://donneesouvertes.affmunqc.net/role/RL47017_2026.xml,,,,
"472, Émeraude",,Granby,,,1784,2001,223100,490900,714000,2025,Logement,MAMH — Données Québec (rôle d'évaluation foncière),https://donneesouvertes.affmunqc.net/role/RL47017_2026.xml,,,,
"478, Émeraude",,Granby,,,1094.5,2002,124800,370200,495000,2025,Logement,MAMH — Données Québec (rôle d'évaluation foncière),https://donneesouvertes.affmunqc.net/role/RL47017_2026.xml,,,,
"461, Émeraude",,Granby,,,704.8,2007,138600,381400,520000,2025,Logement,MAMH — Données Québec (rôle d'évaluation foncière),https://donneesouvertes.affmunqc.net/role/RL47017_2026.xml,,,,
"107, Dubé",,Granby,,,669.9,2000,134100,332900,467000,2025,Logement,MAMH — Données Québec (rôle d'évaluation foncière),https://donneesouvertes.affmunqc.net/role/RL47017_2026.xml,,,,
"111, Dubé",,Granby,,,592,2002,124100,305900,430000,2025,Logement,MAMH — Données Québec (rôle d'évaluation foncière),https://donneesouvertes.affmunqc.net/role/RL47017_2026.xml,,,,
"487, Rubis",,Granby,,,1753.2,1999,221100,487900,709000,2025,Logement,MAMH — Données Québec (rôle d'évaluation foncière),https://donneesouvertes.affmunqc.net/role/RL47017_2026.xml,,,,
"491, Rubis",,Granby,,,469.7,2002,101000,269000,370000,2025,Logement,MAMH — Données Québec (rôle d'évaluation foncière),https://donneesouvertes.affmunqc.net/role/RL47017_2026.xml,,,,
"115, Dubé",,Granby,,,435.5,2002,93600,238400,332000,2025,Logement,MAMH — Données Québec (rôle d'évaluation foncière),https://donneesouvertes.affmunqc.net/role/RL47017_2026.xml,,,,
"119, Dubé",,Granby,,,435.5,2002,93600,288400,382000,2025,Logement,MAMH — Données Québec (rôle d'évaluation foncière),https://donneesouvertes.affmunqc.net/role/RL47017_2026.xml,,,,
"120, Dubé",,Granby,,,919.3,2008,166300,457700,624000,2025,Logement,MAMH — Données Québec (rôle d'évaluation foncière),https://donneesouvertes.affmunqc.net/role/RL47017_2026.xml,,,,
"123, Dubé",,Granby,,,435.5,2002,93600,279400,373000,2025,Logement,MAMH — Données Québec (rôle d'évaluation foncière),https://donneesouvertes.affmunqc.net/role/RL47017_2026.xml,,,,
"127, Dubé",,Granby,,,435.5,2001,93600,249400,343000,2025,Logement,MAMH — Données Québec (rôle d'évaluation foncière),https://donneesouvertes.affmunqc.net/role/RL47017_2026.xml,,,,
"492, Émeraude",,Granby,,,625.7,2002,128400,268600,397000,2025,Logement,MAMH — Données Québec (rôle d'évaluation foncière),https://donneesouvertes.affmunqc.net/role/RL47017_2026.xml,,,,
"508, Rubis",,Granby,,,522.1,2001,112300,266700,379000,2025,Logement,MAMH — Données Québec (rôle d'évaluation foncière),https://donneesouvertes.affmunqc.net/role/RL47017_2026.xml,,,,
"493, Rubis",,Granby,,,506.3,2002,108900,280100,389000,2025,Logement,MAMH — Données Québec (rôle d'évaluation foncière),https://donneesouvertes.affmunqc.net/role/RL47017_2026.xml,,,,
"495, Rubis",,Granby,,,577.5,2000,122200,253800,376000,2025,Logement,MAMH — Données Québec (rôle d'évaluation foncière),https://donneesouvertes.affmunqc.net/role/RL47017_2026.xml,,,,
"497, Rubis",,Granby,,,567.4,2000,120900,214100,335000,2025,Logement,MAMH — Données Québec (rôle d'évaluation foncière),https://donneesouvertes.affmunqc.net/role/RL47017_2026.xml,,,,
"499, Rubis",,Granby,,,573.1,2001,121700,241300,363000,2025,Logement,MAMH — Données Québec (rôle d'évaluation foncière),https://donneesouvertes.affmunqc.net/role/RL47017_2026.xml,,,,
"501, Rubis",,Granby,,,563.1,2001,120400,234600,355000,2025,Logement,MAMH — Données Québec (rôle d'évaluation foncière),https://donneesouvertes.affmunqc.net/role/RL47017_2026.xml,,,,
"503, Rubis",,Granby,,,605.9,2001,125900,256100,382000,2025,Logement,MAMH — Données Québec (rôle d'évaluation foncière),https://donneesouvertes.affmunqc.net/role/RL47017_2026.xml,,,,
"505, Rubis",,Granby,,,560.2,2001,120000,252000,372000,2025,Logement,MAMH — Données Québec (rôle d'évaluation foncière),https://donneesouvertes.affmunqc.net/role/RL47017_2026.xml,,,,
"507, Rubis",,Granby,,,512.8,2001,110300,221700,332000,2025,Logement,MAMH — Données Québec (rôle d'évaluation foncière),https://donneesouvertes.affmunqc.net/role/RL47017_2026.xml,,,,
"494, Émeraude",,Granby,,,509.2,2002,109500,258500,368000,2025,Logement,MAMH — Données Québec (rôle d'évaluation foncière),https://donneesouvertes.affmunqc.net/role/RL47017_2026.xml,,,,
"496, Émeraude",,Granby,,,500.7,2002,107700,286300,394000,2025,Logement,MAMH — Données Québec (rôle d'évaluation foncière),https://donneesouvertes.affmunqc.net/role/RL47017_2026.xml,,,,
"510, Rubis",,Granby,,,747.8,2001,144200,219800,364000,2025,Logement,MAMH — Données Québec (rôle d'évaluation foncière),https://donneesouvertes.affmunqc.net/role/RL47017_2026.xml,,,,
"512, Rubis",,Granby,,,1259.9,2001,189100,303900,493000,2025,Logement,MAMH — Données Québec (rôle d'évaluation foncière),https://donneesouvertes.affmunqc.net/role/RL47017_2026.xml,,,,
"514, Rubis",,Granby,,,1229.3,2001,187100,292900,480000,2025,Logement,MAMH — Données Québec (rôle d'évaluation foncière),https://donneesouvertes.affmunqc.net/role/RL47017_2026.xml,,,,
"513, Rubis",,Granby,,,1223.4,2001,186700,258300,445000,2025,Logement,MAMH — Données Québec (rôle d'évaluation foncière),https://donneesouvertes.affmunqc.net/role/RL47017_2026.xml,,,,
"511, Rubis",,Granby,,,1617.8,2001,212300,289700,502000,2025,Logement,MAMH — Données Québec (rôle d'évaluation foncière),https://donneesouvertes.affmunqc.net/role/RL47017_2026.xml,,,,
"509, Rubis",,Granby,,,737,2001,142800,299200,442000,2025,Logement,MAMH — Données Québec (rôle d'évaluation foncière),https://donneesouvertes.affmunqc.net/role/RL47017_2026.xml,,,,
"512, Alouettes",,Granby,,,1701,1980,91900,303100,395000,2025,Logement,MAMH — Données Québec (rôle d'évaluation foncière),https://donneesouvertes.affmunqc.net/role/RL47017_2026.xml,,,,
"516, Alouettes",,Granby,,,1694.7,1979,91500,286500,378000,2025,Logement,MAMH — Données Québec (rôle d'évaluation foncière),https://donneesouvertes.affmunqc.net/role/RL47017_2026.xml,,,,
"520, Alouettes",,Granby,,,1692.1,1986,91400,469600,561000,2025,Logement,MAMH — Données Québec (rôle d'évaluation foncière),https://donneesouvertes.affmunqc.net/role/RL47017_2026.xml,,,,
"588, Horizon",,Granby,,,2328.9,1977,125800,343200,469000,2025,Logement,MAMH — Données Québec (rôle d'évaluation foncière),https://donneesouvertes.affmunqc.net/role/RL47017_2026.xml,,,,
"513, Alouettes",,Granby,,,929,1978,50200,234800,285000,2025,Logement,MAMH — Données Québec (rôle d'évaluation foncière),https://donneesouvertes.affmunqc.net/role/RL47017_2026.xml,,,,
"592, Horizon",,Granby,,,1248.4,1971,67400,250600,318000,2025,Logement,MAMH — Données Québec (rôle d'évaluation foncière),https://donneesouvertes.affmunqc.net/role/RL47017_2026.xml,,,,
"517, Alouettes",,Granby,,,929,1976,50200,271800,322000,2025,Logement,MAMH — Données Québec (rôle d'évaluation foncière),https://donneesouvertes.affmunqc.net/role/RL47017_2026.xml,,,,
"9, Ormes",,Granby,,,1858.1,1974,100300,203700,304000,2025,Logement,MAMH — Données Québec (rôle d'évaluation foncière),https://donneesouvertes.affmunqc.net/role/RL47017_2026.xml,,,,
"13, Ormes",,Granby,,,1393.6,1977,75300,458700,534000,2025,Logement,MAMH — Données Québec (rôle d'évaluation foncière),https://donneesouvertes.affmunqc.net/role/RL47017_2026.xml,,,,
"3, Ormes",,Granby,,,932.7,1977,50400,215600,266000,2025,Logement,MAMH — Données Québec (rôle d'évaluation foncière),https://donneesouvertes.affmunqc.net/role/RL47017_2026.xml,,,,
"596, Horizon",,Granby,,,959.9,1972,51800,246200,298000,2025,Logement,MAMH — Données Québec (rôle d'évaluation foncière),https://donneesouvertes.affmunqc.net/role/RL47017_2026.xml,,,,
"602, Horizon",,Granby,,,994.7,2001,53700,305300,359000,2025,Logement,MAMH — Données Québec (rôle d'évaluation foncière),https://donneesouvertes.affmunqc.net/role/RL47017_2026.xml,,,,
"608, Horizon",,Granby,,,1540,1972,83200,218800,302000,2025,Logement,MAMH — Données Québec (rôle d'évaluation foncière),https://donneesouvertes.affmunqc.net/role/RL47017_2026.xml,,,,
"21, Ormes",,Granby,,,1394.9,1981,75300,259700,335000,2025,Logement,MAMH — Données Québec (rôle d'évaluation foncière),https://donneesouvertes.affmunqc.net/role/RL47017_2026.xml,,,,
"37, Lajeunesse",,Granby,,,1987.4,1984,107300,267700,375000,2025,Logement,MAMH — Données Québec (rôle d'évaluation foncière),https://donneesouvertes.affmunqc.net/role/RL47017_2026.xml,,,,
"44, Lajeunesse",,Granby,,,1879.4,1981,101500,353500,455000,2025,Logement,MAMH — Données Québec (rôle d'évaluation foncière),https://donneesouvertes.affmunqc.net/role/RL47017_2026.xml,,,,
"49, Lajeunesse",,Granby,,,3174.5,1971,171400,279600,451000,2025,Logement,MAMH — Données Québec (rôle d'évaluation foncière),https://donneesouvertes.affmunqc.net/role/RL47017_2026.xml,,,,
"52, Lajeunesse",,Granby,,,1873,1977,101100,219900,321000,2025,Logement,MAMH — Données Québec (rôle d'évaluation foncière),https://donneesouvertes.affmunqc.net/role/RL47017_2026.xml,,,,
"168, Diamant",,Granby,,,1603.2,2004,224000,463000,687000,2025,Logement,MAMH — Données Québec (rôle d'évaluation foncière),https://donneesouvertes.affmunqc.net/role/RL47017_2026.xml,,,,
"164, Diamant",,Granby,,,1040.4,2005,174800,472200,647000,2025,Logement,MAMH — Données Québec (rôle d'évaluation foncière),https://donneesouvertes.affmunqc.net/role/RL47017_2026.xml,,,,
"153, Jade",,Granby,,,1181.9,2014,184000,474000,658000,2025,Logement,MAMH — Données Québec (rôle d'évaluation foncière),https://donneesouvertes.affmunqc.net/role/RL47017_2026.xml,,,,
"172, Diamant",,Granby,,,1101.1,2005,178800,627200,806000,2025,Logement,MAMH — Données Québec (rôle d'évaluation foncière),https://donneesouvertes.affmunqc.net/role/RL47017_2026.xml,,,,
"171, Diamant",,Granby,,,1685.6,2004,216800,752200,969000,2025,Logement,MAMH — Données Québec (rôle d'évaluation foncière),https://donneesouvertes.affmunqc.net/role/RL47017_2026.xml,,,,
"163, Diamant",,Granby,,,1162,2005,182700,590300,773000,2025,Logement,MAMH — Données Québec (rôle d'évaluation foncière),https://donneesouvertes.affmunqc.net/role/RL47017_2026.xml,,,,
"138, Diamant",,Granby,,,814.6,2005,152800,480200,633000,2025,Logement,MAMH — Données Québec (rôle d'évaluation foncière),https://donneesouvertes.affmunqc.net/role/RL47017_2026.xml,,,,
"160, Diamant",,Granby,,,1045,2009,175100,564900,740000,2025,Logement,MAMH — Données Québec (rôle d'évaluation foncière),https://donneesouvertes.affmunqc.net/role/RL47017_2026.xml,,,,
"154, Diamant",,Granby,,,684.6,2005,136000,311000,447000,2025,Logement,MAMH — Données Québec (rôle d'évaluation foncière),https://donneesouvertes.affmunqc.net/role/RL47017_2026.xml,,,,
"148, Diamant",,Granby,,,668.5,2008,134000,344000,478000,2025,Logement,MAMH — Données Québec (rôle d'évaluation foncière),https://donneesouvertes.affmunqc.net/role/RL47017_2026.xml,,,,
"139, Diamant",,Granby,,,785,,149000,,149000,2025,Terrain vacant,MAMH — Données Québec (rôle d'évaluation foncière),https://donneesouvertes.affmunqc.net/role/RL47017_2026.xml,,,,
"143, Diamant",,Granby,,,1048,2005,175300,799700,975000,2025,Logement,MAMH — Données Québec (rôle d'évaluation foncière),https://donneesouvertes.affmunqc.net/role/RL47017_2026.xml,,,,
"147, Diamant",,Granby,,,1757.7,2005,221400,531600,753000,2025,Logement,MAMH — Données Québec (rôle d'évaluation foncière),https://donneesouvertes.affmunqc.net/role/RL47017_2026.xml,,,,
"159, Diamant",,Granby,,,797.8,2004,150600,387400,538000,2025,Logement,MAMH — Données Québec (rôle d'évaluation foncière),https://donneesouvertes.affmunqc.net/role/RL47017_2026.xml,,,,
"155, Diamant",,Granby,,,797.8,2004,150600,327400,478000,2025,Logement,MAMH — Données Québec (rôle d'évaluation foncière),https://donneesouvertes.affmunqc.net/role/RL47017_2026.xml,,,,
"151, Diamant",,Granby,,,1185.2,2004,184200,364800,549000,2025,Logement,MAMH — Données Québec (rôle d'évaluation foncière),https://donneesouvertes.affmunqc.net/role/RL47017_2026.xml,,,,
"465, Émeraude",,Granby,,,660.8,2007,133000,395000,528000,2025,Logement,MAMH — Données Québec (rôle d'évaluation foncière),https://donneesouvertes.affmunqc.net/role/RL47017_2026.xml,,,,
"469, Émeraude",,Granby,,,601.9,2007,125400,374600,500000,2025,Logement,MAMH — Données Québec (rôle d'évaluation foncière),https://donneesouvertes.affmunqc.net/role/RL47017_2026.xml,,,,
"135, Diamant",,Granby,,,677.9,2007,135200,344800,480000,2025,Logement,MAMH — Données Québec (rôle d'évaluation foncière),https://donneesouvertes.affmunqc.net/role/RL47017_2026.xml,,,,
"473, Émeraude",,Granby,,,687.6,2007,136400,329600,466000,2025,Logement,MAMH — Données Québec (rôle d'évaluation foncière),https://donneesouvertes.affmunqc.net/role/RL47017_2026.xml,,,,
"134, Opale",,Granby,,,855.6,2002,158100,428900,587000,2025,Logement,MAMH — Données Québec (rôle d'évaluation foncière),https://donneesouvertes.affmunqc.net/role/RL47017_2026.xml,,,,
"477, Émeraude",,Granby,,,840.4,2002,156100,280900,437000,2025,Logement,MAMH — Données Québec (rôle d'évaluation foncière),https://donneesouvertes.affmunqc.net/role/RL47017_2026.xml,,,,
"138, Opale",,Granby,,,717.8,2002,140300,459700,600000,2025,Logement,MAMH — Données Québec (rôle d'évaluation foncière),https://donneesouvertes.affmunqc.net/role/RL47017_2026.xml,,,,
"135, Opale",,Granby,,,661.1,2004,133000,289000,422000,2025,Logement,MAMH — Données Québec (rôle d'évaluation foncière),https://donneesouvertes.affmunqc.net/role/RL47017_2026.xml,,,,
"142, Opale",,Granby,,,1001.7,2001,172300,513700,686000,2025,Logement,MAMH — Données Québec (rôle d'évaluation foncière),https://donneesouvertes.affmunqc.net/role/RL47017_2026.xml,,,,
"139, Opale",,Granby,,,1084,2003,177600,343400,521000,2025,Logement,MAMH — Données Québec (rôle d'évaluation foncière),https://donneesouvertes.affmunqc.net/role/RL47017_2026.xml,,,,
"128, Dubé",,Granby,,,939.9,2008,168300,392700,561000,2025,Logement,MAMH — Données Québec (rôle d'évaluation foncière),https://donneesouvertes.affmunqc.net/role/RL47017_2026.xml,,,,
"131, Dubé",,Granby,,,524.1,2001,112700,275300,388000,2025,Logement,MAMH — Données Québec (rôle d'évaluation foncière),https://donneesouvertes.affmunqc.net/role/RL47017_2026.xml,,,,
"135, Dubé",,Granby,,,669.8,2008,134100,459900,594000,2025,Logement,MAMH — Données Québec (rôle d'évaluation foncière),https://donneesouvertes.affmunqc.net/role/RL47017_2026.xml,,,,
"481, Émeraude",,Granby,,,660.9,2003,133000,322000,455000,2025,Logement,MAMH — Données Québec (rôle d'évaluation foncière),https://donneesouvertes.affmunqc.net/role/RL47017_2026.xml,,,,
"485, Émeraude",,Granby,,,652.4,2006,131900,352100,484000,2025,Logement,MAMH — Données Québec (rôle d'évaluation foncière),https://donneesouvertes.affmunqc.net/role/RL47017_2026.xml,,,,
"491, Émeraude",,Granby,,,429.6,2002,92400,278600,371000,2025,Logement,MAMH — Données Québec (rôle d'évaluation foncière),https://donneesouvertes.affmunqc.net/role/RL47017_2026.xml,,,,
"139, Dubé",,Granby,,,502.6,2003,108100,294900,403000,2025,Logement,MAMH — Données Québec (rôle d'évaluation foncière),https://donneesouvertes.affmunqc.net/role/RL47017_2026.xml,,,,
"144, Dubé",,Granby,,,528.1,2006,113500,410500,524000,2025,Logement,MAMH — Données Québec (rôle d'évaluation foncière),https://donneesouvertes.affmunqc.net/role/RL47017_2026.xml,,,,
"143, Dubé",,Granby,,,502.6,2003,108100,259900,368000,2025,Logement,MAMH — Données Québec (rôle d'évaluation foncière),https://donneesouvertes.affmunqc.net/role/RL47017_2026.xml,,,,
"492, Topaze",,Granby,,,436.7,2002,93900,257100,351000,2025,Logement,MAMH — Données Québec (rôle d'évaluation foncière),https://donneesouvertes.affmunqc.net/role/RL47017_2026.xml,,,,
"146, Dubé",,Granby,,,528.1,2004,113500,264500,378000,2025,Logement,MAMH — Données Québec (rôle d'évaluation foncière),https://donneesouvertes.affmunqc.net/role/RL47017_2026.xml,,,,
"147, Dubé",,Granby,,,705.3,2007,138700,390300,529000,2025,Logement,MAMH — Données Québec (rôle d'évaluation foncière),https://donneesouvertes.affmunqc.net/role/RL47017_2026.xml,,,,
"498, Émeraude",,Granby,,,495.9,2002,106600,297400,404000,2025,Logement,MAMH — Données Québec (rôle d'évaluation foncière),https://donneesouvertes.affmunqc.net/role/RL47017_2026.xml,,,,
"500, Émeraude",,Granby,,,490.9,2002,105500,293500,399000,2025,Logement,MAMH — Données Québec (rôle d'évaluation foncière),https://donneesouvertes.affmunqc.net/role/RL47017_2026.xml,,,,
"502, Émeraude",,Granby,,,474.9,2002,102100,254900,357000,2025,Logement,MAMH — Données Québec (rôle d'évaluation foncière),https://donneesouvertes.affmunqc.net/role/RL47017_2026.xml,,,,
"504, Émeraude",,Granby,,,458.1,2002,98500,271500,370000,2025,Logement,MAMH — Données Québec (rôle d'évaluation foncière),https://donneesouvertes.affmunqc.net/role/RL47017_2026.xml,,,,
"506, Émeraude",,Granby,,,433.1,2002,93100,236900,330000,2025,Logement,MAMH — Données Québec (rôle d'évaluation foncière),https://donneesouvertes.affmunqc.net/role/RL47017_2026.xml,,,,
"508, Émeraude",,Granby,,,404.8,2001,87000,225000,312000,2025,Logement,MAMH — Données Québec (rôle d'évaluation foncière),https://donneesouvertes.affmunqc.net/role/RL47017_2026.xml,,,,
"493, Émeraude",,Granby,,,435.5,2002,93600,232400,326000,2025,Logement,MAMH — Données Québec (rôle d'évaluation foncière),https://donneesouvertes.affmunqc.net/role/RL47017_2026.xml,,,,
"495, Émeraude",,Granby,,,437,2002,94000,241000,335000,2025,Logement,MAMH — Données Québec (rôle d'évaluation foncière),https://donneesouvertes.affmunqc.net/role/RL47017_2026.xml,,,,
"497, Émeraude",,Granby,,,438.5,2002,94300,253700,348000,2025,Logement,MAMH — Données Québec (rôle d'évaluation foncière),https://donneesouvertes.affmunqc.net/role/RL47017_2026.xml,,,,
"499, Émeraude",,Granby,,,438.8,2002,94300,262700,357000,2025,Logement,MAMH — Données Québec (rôle d'évaluation foncière),https://donneesouvertes.affmunqc.net/role/RL47017_2026.xml,,,,
"501, Émeraude",,Granby,,,435.6,2002,93700,257300,351000,2025,Logement,MAMH — Données Québec (rôle d'évaluation foncière),https://donneesouvertes.affmunqc.net/role/RL47017_2026.xml,,,,
"503, Émeraude",,Granby,,,433.2,2002,93100,303900,397000,2025,Logement,MAMH — Données Québec (rôle d'évaluation foncière),https://donneesouvertes.affmunqc.net/role/RL47017_2026.xml,,,,
"505, Émeraude",,Granby,,,430.4,2002,92500,262500,355000,2025,Logement,MAMH — Données Québec (rôle d'évaluation foncière),https://donneesouvertes.affmunqc.net/role/RL47017_2026.xml,,,,
"507, Émeraude",,Granby,,,393.4,2002,84600,286400,371000,2025,Logement,MAMH — Données Québec (rôle d'évaluation foncière),https://donneesouvertes.affmunqc.net/role/RL47017_2026.xml,,,,
"494, Topaze",,Granby,,,382.9,2002,82300,253700,336000,2025,Logement,MAMH — Données Québec (rôle d'évaluation foncière),https://donneesouvertes.affmunqc.net/role/RL47017_2026.xml,,,,
"496, Topaze",,Granby,,,382.9,2003,82300,255700,338000,2025,Logement,MAMH — Données Québec (rôle d'évaluation foncière),https://donneesouvertes.affmunqc.net/role/RL47017_2026.xml,,,,
"498, Topaze",,Granby,,,382.9,2003,82300,238700,321000,2025,Logement,MAMH — Données Québec (rôle d'évaluation foncière),https://donneesouvertes.affmunqc.net/role/RL47017_2026.xml,,,,
"500, Topaze",,Granby,,,382.9,2003,82300,308700,391000,2025,Logement,MAMH — Données Québec (rôle d'évaluation foncière),https://donneesouvertes.affmunqc.net/role/RL47017_2026.xml,,,,
"502, Topaze",,Granby,,,382.9,2003,82300,238700,321000,2025,Logement,MAMH — Données Québec (rôle d'évaluation foncière),https://donneesouvertes.affmunqc.net/role/RL47017_2026.xml,,,,
"504, Topaze",,Granby,,,382.9,2003,82300,286700,369000,2025,Logement,MAMH — Données Québec (rôle d'évaluation foncière),https://donneesouvertes.affmunqc.net/role/RL47017_2026.xml,,,,
"506, Topaze",,Granby,,,389,2003,83600,245400,329000,2025,Logement,MAMH — Données Québec (rôle d'évaluation foncière),https://donneesouvertes.affmunqc.net/role/RL47017_2026.xml,,,,
"508, Topaze",,Granby,,,384.7,2003,82700,276300,359000,2025,Logement,MAMH — Données Québec (rôle d'évaluation foncière),https://donneesouvertes.affmunqc.net/role/RL47017_2026.xml,,,,
"510, Émeraude",,Granby,,,460.7,2002,99100,211900,311000,2025,Logement,MAMH — Données Québec (rôle d'évaluation foncière),https://donneesouvertes.affmunqc.net/role/RL47017_2026.xml,,,,
"512, Émeraude",,Granby,,,670.3,2003,134200,345800,480000,2025,Logement,MAMH — Données Québec (rôle d'évaluation foncière),https://donneesouvertes.affmunqc.net/role/RL47017_2026.xml,,,,
"514, Émeraude",,Granby,,,1203.7,2003,185400,304600,490000,2025,Logement,MAMH — Données Québec (rôle d'évaluation foncière),https://donneesouvertes.affmunqc.net/role/RL47017_2026.xml,,,,
"513, Émeraude",,Granby,,,1193.1,2002,110800,287200,398000,2025,Logement,MAMH — Données Québec (rôle d'évaluation foncière),https://donneesouvertes.affmunqc.net/role/RL47017_2026.xml,,,,
"511, Émeraude",,Granby,,,954.7,2002,169200,334800,504000,2025,Logement,MAMH — Données Québec (rôle d'évaluation foncière),https://donneesouvertes.affmunqc.net/role/RL47017_2026.xml,,,,
"509, Émeraude",,Granby,,,557.6,2002,119700,257300,377000,2025,Logement,MAMH — Données Québec (rôle d'évaluation foncière),https://donneesouvertes.affmunqc.net/role/RL47017_2026.xml,,,,
"512, Topaze",,Granby,,,1168.3,2003,183100,291900,475000,2025,Logement,MAMH — Données Québec (rôle d'évaluation foncière),https://donneesouvertes.affmunqc.net/role/RL47017_2026.xml,,,,
"510, Topaze",,Granby,,,529.8,2003,113900,259100,373000,2025,Logement,MAMH — Données Québec (rôle d'évaluation foncière),https://donneesouvertes.affmunqc.net/role/RL47017_2026.xml,,,,
"529, Alouettes",,Granby,,,932.8,1979,50400,302600,353000,2025,Logement,MAMH — Données Québec (rôle d'évaluation foncière),https://donneesouvertes.affmunqc.net/role/RL47017_2026.xml,,,,
"528, Alouettes",,Granby,,,4243.2,1978,195800,375200,571000,2025,Logement,MAMH — Données Québec (rôle d'évaluation foncière),https://donneesouvertes.affmunqc.net/role/RL47017_2026.xml,,,,
"533, Alouettes",,Granby,,,967.5,1971,52200,286800,339000,2025,Logement,MAMH — Données Québec (rôle d'évaluation foncière),https://donneesouvertes.affmunqc.net/role/RL47017_2026.xml,,,,
"536, Alouettes",,Granby,,,2133.3,1979,115200,410800,526000,2025,Logement,MAMH — Données Québec (rôle d'évaluation foncière),https://donneesouvertes.affmunqc.net/role/RL47017_2026.xml,,,,
"540, Alouettes",,Granby,,,1181.5,1971,63800,262200,326000,2025,Logement,MAMH — Données Québec (rôle d'évaluation foncière),https://donneesouvertes.affmunqc.net/role/RL47017_2026.xml,,,,
"562, Pinsons, app. 564",,Granby,,,1927.8,1972,104100,352900,457000,2025,Logement,MAMH — Données Québec (rôle d'évaluation foncière),https://donneesouvertes.affmunqc.net/role/RL47017_2026.xml,,,,
"8, Ormes",,Granby,,,929.4,1973,50200,260800,311000,2025,Logement,MAMH — Données Québec (rôle d'évaluation foncière),https://donneesouvertes.affmunqc.net/role/RL47017_2026.xml,,,,
"12, Ormes",,Granby,,,940.7,1978,50800,352200,403000,2025,Logement,MAMH — Données Québec (rôle d'évaluation foncière),https://donneesouvertes.affmunqc.net/role/RL47017_2026.xml,,,,
"16, Ormes",,Granby,,,1507.4,,81000,,81000,2025,Terrain vacant,MAMH — Données Québec (rôle d'évaluation foncière),https://donneesouvertes.affmunqc.net/role/RL47017_2026.xml,,,,
"8, Paix",,Granby,,,929,1971,50200,328800,379000,2025,Logement,MAMH — Données Québec (rôle d'évaluation foncière),https://donneesouvertes.affmunqc.net/role/RL47017_2026.xml,,,,
"12, Paix",,Granby,,,1695.6,1973,91600,251400,343000,2025,Logement,MAMH — Données Québec (rôle d'évaluation foncière),https://donneesouvertes.affmunqc.net/role/RL47017_2026.xml,,,,
"20, Paix",,Granby,,,1976.4,1971,106700,344300,451000,2025,Logement,MAMH — Données Québec (rôle d'évaluation foncière),https://donneesouvertes.affmunqc.net/role/RL47017_2026.xml,,,,
"32, Paix",,Granby,,,1162.3,1971,62800,277200,340000,2025,Logement,MAMH — Données Québec (rôle d'évaluation foncière),https://donneesouvertes.affmunqc.net/role/RL47017_2026.xml,,,,
"36, Paix",,Granby,,,1285,1973,69400,259600,329000,2025,Logement,MAMH — Données Québec (rôle d'évaluation foncière),https://donneesouvertes.affmunqc.net/role/RL47017_2026.xml,,,,
"53, Grives",,Granby,,,1404.7,1973,75900,206100,282000,2025,Logement,MAMH — Données Québec (rôle d'évaluation foncière),https://donneesouvertes.affmunqc.net/role/RL47017_2026.xml,,,,
"20, Ormes",,Granby,,,1862.2,1974,100600,329400,430000,2025,Logement,MAMH — Données Québec (rôle d'évaluation foncière),https://donneesouvertes.affmunqc.net/role/RL47017_2026.xml,,,,
"61, Grives",,Granby,,,1873,1975,101100,298900,400000,2025,Logement,MAMH — Données Québec (rôle d'évaluation foncière),https://donneesouvertes.affmunqc.net/role/RL47017_2026.xml,,,,
"56, Grives",,Granby,,,1868,1970,100900,265100,366000,2025,Logement,MAMH — Données Québec (rôle d'évaluation foncière),https://donneesouvertes.affmunqc.net/role/RL47017_2026.xml,,,,
"65, Grives",,Granby,,,936.5,1973,50600,309400,360000,2025,Logement,MAMH — Données Québec (rôle d'évaluation foncière),https://donneesouvertes.affmunqc.net/role/RL47017_2026.xml,,,,
"64, Grives",,Granby,,,934,1982,50400,302600,353000,2025,Logement,MAMH — Données Québec (rôle d'évaluation foncière),https://donneesouvertes.affmunqc.net/role/RL47017_2026.xml,,,,
"57, Lajeunesse",,Granby,,,1556,1971,84000,272000,356000,2025,Logement,MAMH — Données Québec (rôle d'évaluation foncière),https://donneesouvertes.affmunqc.net/role/RL47017_2026.xml,,,,
"56, Lajeunesse",,Granby,,,936.5,,51000,,51000,2025,Terrain vacant,MAMH — Données Québec (rôle d'évaluation foncière),https://donneesouvertes.affmunqc.net/role/RL47017_2026.xml,,,,
"60, Lajeunesse",,Granby,,,1404.6,1972,75800,274200,350000,2025,Logement,MAMH — Données Québec (rôle d'évaluation foncière),https://donneesouvertes.affmunqc.net/role/RL47017_2026.xml,,,,
"61, Lajeunesse",,Granby,,,1431.6,1972,77300,405700,483000,2025,Logement,MAMH — Données Québec (rôle d'évaluation foncière),https://donneesouvertes.affmunqc.net/role/RL47017_2026.xml,,,,
"146, Opale",,Granby,,,1031.1,2001,174200,346800,521000,2025,Logement,MAMH — Données Québec (rôle d'évaluation foncière),https://donneesouvertes.affmunqc.net/role/RL47017_2026.xml,,,,
"143, Opale",,Granby,,,1347.5,2002,194800,298200,493000,2025,Logement,MAMH — Données Québec (rôle d'évaluation foncière),https://donneesouvertes.affmunqc.net/role/RL47017_2026.xml,,,,
"148, Dubé",,Granby,,,528.1,2004,113500,320500,434000,2025,Logement,MAMH — Données Québec (rôle d'évaluation foncière),https://donneesouvertes.affmunqc.net/role/RL47017_2026.xml,,,,
"150, Dubé",,Granby,,,528.1,2004,113500,242500,356000,2025,Logement,MAMH — Données Québec (rôle d'évaluation foncière),https://donneesouvertes.affmunqc.net/role/RL47017_2026.xml,,,,
"487, Topaze",,Granby,,,546.6,2003,117500,294500,412000,2025,Logement,MAMH — Données Québec (rôle d'évaluation foncière),https://donneesouvertes.affmunqc.net/role/RL47017_2026.xml,,,,
"152, Dubé",,Granby,,,565.1,2004,120600,288400,409000,2025,Logement,MAMH — Données Québec (rôle d'évaluation foncière),https://donneesouvertes.affmunqc.net/role/RL47017_2026.xml,,,,
"489, Topaze",,Granby,,,430.1,2003,92500,265500,358000,2025,Logement,MAMH — Données Québec (rôle d'évaluation foncière),https://donneesouvertes.affmunqc.net/role/RL47017_2026.xml,,,,
"491, Topaze",,Granby,,,445.3,2002,95700,269300,365000,2025,Logement,MAMH — Données Québec (rôle d'évaluation foncière),https://donneesouvertes.affmunqc.net/role/RL47017_2026.xml,,,,
"493, Topaze",,Granby,,,441.2,2002,94900,265100,360000,2025,Logement,MAMH — Données Québec (rôle d'évaluation foncière),https://donneesouvertes.affmunqc.net/role/RL47017_2026.xml,,,,
"495, Topaze",,Granby,,,439.9,2002,94600,271400,366000,2025,Logement,MAMH — Données Québec (rôle d'évaluation foncière),https://donneesouvertes.affmunqc.net/role/RL47017_2026.xml,,,,
"497, Topaze",,Granby,,,438.6,2002,94300,236700,331000,2025,Logement,MAMH — Données Québec (rôle d'évaluation foncière),https://donneesouvertes.affmunqc.net/role/RL47017_2026.xml,,,,
"499, Topaze",,Granby,,,437.3,2003,94000,258000,352000,2025,Logement,MAMH — Données Québec (rôle d'évaluation foncière),https://donneesouvertes.affmunqc.net/role/RL47017_2026.xml,,,,
"501, Topaze",,Granby,,,436,2003,93700,287300,381000,2025,Logement,MAMH — Données Québec (rôle d'évaluation foncière),https://donneesouvertes.affmunqc.net/role/RL47017_2026.xml,,,,
"503, Topaze",,Granby,,,434.7,2003,93500,252500,346000,2025,Logement,MAMH — Données Québec (rôle d'évaluation foncière),https://donneesouvertes.affmunqc.net/role/RL47017_2026.xml,,,,
"505, Topaze",,Granby,,,430.6,2003,92600,236400,329000,2025,Logement,MAMH — Données Québec (rôle d'évaluation foncière),https://donneesouvertes.affmunqc.net/role/RL47017_2026.xml,,,,
"507, Topaze",,Granby,,,403.6,2003,86800,257200,344000,2025,Logement,MAMH — Données Québec (rôle d'évaluation foncière),https://donneesouvertes.affmunqc.net/role/RL47017_2026.xml,,,,
"509, Topaze",,Granby,,,576.6,2003,122100,289900,412000,2025,Logement,MAMH — Données Québec (rôle d'évaluation foncière),https://donneesouvertes.affmunqc.net/role/RL47017_2026.xml,,,,
"514, Topaze",,Granby,,,1123.3,2003,180200,295800,476000,2025,Logement,MAMH — Données Québec (rôle d'évaluation foncière),https://donneesouvertes.affmunqc.net/role/RL47017_2026.xml,,,,
"513, Topaze",,Granby,,,1713.3,2002,218600,298400,517000,2025,Logement,MAMH — Données Québec (rôle d'évaluation foncière),https://donneesouvertes.affmunqc.net/role/RL47017_2026.xml,,,,
"511, Topaze",,Granby,,,936.2,2002,168000,264000,432000,2025,Logement,MAMH — Données Québec (rôle d'évaluation foncière),https://donneesouvertes.affmunqc.net/role/RL47017_2026.xml,,,,
"548, Alouettes",,Granby,,,949.3,1976,51300,303700,355000,2025,Logement,MAMH — Données Québec (rôle d'évaluation foncière),https://donneesouvertes.affmunqc.net/role/RL47017_2026.xml,,,,
"567, Pinsons",,Granby,,,2901.7,1973,156700,310300,467000,2025,Logement,MAMH — Données Québec (rôle d'évaluation foncière),https://donneesouvertes.affmunqc.net/role/RL47017_2026.xml,,,,
"552, Alouettes",,Granby,,,1709.6,1973,92300,220700,313000,2025,Logement,MAMH — Données Québec (rôle d'évaluation foncière),https://donneesouvertes.affmunqc.net/role/RL47017_2026.xml,,,,
"545, Alouettes",,Granby,,,1024.7,1977,55300,266700,322000,2025,Logement,MAMH — Données Québec (rôle d'évaluation foncière),https://donneesouvertes.affmunqc.net/role/RL47017_2026.xml,,,,
"26, Paix",,Granby,,,1235.7,1974,66700,241300,308000,2025,Logement,MAMH — Données Québec (rôle d'évaluation foncière),https://donneesouvertes.affmunqc.net/role/RL47017_2026.xml,,,,
"24, Paix",,Granby,,,1943.8,1978,105000,344000,449000,2025,Logement,MAMH — Données Québec (rôle d'évaluation foncière),https://donneesouvertes.affmunqc.net/role/RL47017_2026.xml,,,,
"549, Alouettes",,Granby,,,1024.7,1973,55300,404700,460000,2025,Logement,MAMH — Données Québec (rôle d'évaluation foncière),https://donneesouvertes.affmunqc.net/role/RL47017_2026.xml,,,,
"557, Alouettes",,Granby,,,2163.1,1990,116800,437200,554000,2025,Logement,MAMH — Données Québec (rôle d'évaluation foncière),https://donneesouvertes.affmunqc.net/role/RL47017_2026.xml,,,,
"556, Alouettes",,Granby,,,3016.2,1973,162900,301100,464000,2025,Logement,MAMH — Données Québec (rôle d'évaluation foncière),https://donneesouvertes.affmunqc.net/role/RL47017_2026.xml,,,,
"7, Promenade",,Granby,,,1079.8,1974,58300,303700,362000,2025,Logement,MAMH — Données Québec (rôle d'évaluation foncière),https://donneesouvertes.affmunqc.net/role/RL47017_2026.xml,,,,
"68, Grives",,Granby,,,934,1973,50400,219600,270000,2025,Logement,MAMH — Données Québec (rôle d'évaluation foncière),https://donneesouvertes.affmunqc.net/role/RL47017_2026.xml,,,,
"72, Grives",,Granby,,,934,1971,50400,279600,330000,2025,Logement,MAMH — Données Québec (rôle d'évaluation foncière),https://donneesouvertes.affmunqc.net/role/RL47017_2026.xml,,,,
"10, Promenade",,Granby,,,1393.7,1973,75300,316700,392000,2025,Logement,MAMH — Données Québec (rôle d'évaluation foncière),https://donneesouvertes.affmunqc.net/role/RL47017_2026.xml,,,,
"76, Grives",,Granby,,,1423.4,1971,76900,266100,343000,2025,Logement,MAMH — Données Québec (rôle d'évaluation foncière),https://donneesouvertes.affmunqc.net/role/RL47017_2026.xml,,,,
"71, Grives",,Granby,,,1790.6,1970,96700,283300,380000,2025,Logement,MAMH — Données Québec (rôle d'évaluation foncière),https://donneesouvertes.affmunqc.net/role/RL47017_2026.xml,,,,
"69, Lajeunesse",,Granby,,,1658.1,1974,89500,355500,445000,2025,Logement,MAMH — Données Québec (rôle d'évaluation foncière),https://donneesouvertes.affmunqc.net/role/RL47017_2026.xml,,,,
"68, Lajeunesse",,Granby,,,1497,1977,80800,246200,327000,2025,Logement,MAMH — Données Québec (rôle d'évaluation foncière),https://donneesouvertes.affmunqc.net/role/RL47017_2026.xml,,,,
"14, Promenade",,Granby,,,929,1971,50200,232800,283000,2025,Logement,MAMH — Données Québec (rôle d'évaluation foncière),https://donneesouvertes.affmunqc.net/role/RL47017_2026.xml,,,,
"18, Promenade",,Granby,,,929,1972,50200,376800,427000,2025,Logement,MAMH — Données Québec (rôle d'évaluation foncière),https://donneesouvertes.affmunqc.net/role/RL47017_2026.xml,,,,
"642, Boyer",,Granby,,,2140.5,1972,115600,286400,402000,2025,Logement,MAMH — Données Québec (rôle d'évaluation foncière),https://donneesouvertes.affmunqc.net/role/RL47017_2026.xml,,,,
"634, Boyer",,Granby,,,1783.7,1971,96300,241700,338000,2025,Logement,MAMH — Données Québec (rôle d'évaluation foncière),https://donneesouvertes.affmunqc.net/role/RL47017_2026.xml,,,,
"644, Dufferin",,Granby,,,3698,1979,233000,294000,527000,2025,Logement,MAMH — Données Québec (rôle d'évaluation foncière),https://donneesouvertes.affmunqc.net/role/RL47017_2026.xml,,,,
"642, Dufferin",,Granby,,,2292.6,1963,160300,201700,362000,2025,Logement,MAMH — Données Québec (rôle d'évaluation foncière),https://donneesouvertes.affmunqc.net/role/RL47017_2026.xml,,,,
"632, Dufferin",,Granby,,,2128.5,,148800,464200,613000,2025,Immeuble à bureaux,MAMH — Données Québec (rôle d'évaluation foncière),https://donneesouvertes.affmunqc.net/role/RL47017_2026.xml,,,,
"672, Boyer",,Granby,,,1189.2,1974,64200,184800,249000,2025,Logement,MAMH — Données Québec (rôle d'évaluation foncière),https://donneesouvertes.affmunqc.net/role/RL47017_2026.xml,,,,
"664, Boyer",,Granby,,,1189.2,1974,64200,225800,290000,2025,Logement,MAMH — Données Québec (rôle d'évaluation foncière),https://donneesouvertes.affmunqc.net/role/RL47017_2026.xml,,,,
"668, Boyer",,Granby,,,1189.2,1974,64200,206800,271000,2025,Logement,MAMH — Données Québec (rôle d'évaluation foncière),https://donneesouvertes.affmunqc.net/role/RL47017_2026.xml,,,,
"662, Dufferin",,Granby,,,1415.9,1973,116000,143000,259000,2025,Immeuble à bureaux,MAMH — Données Québec (rôle d'évaluation foncière),https://donneesouvertes.affmunqc.net/role/RL47017_2026.xml,,,,
"658, Dufferin",,Granby,,,1423.9,1948,117500,220500,338000,2025,Immeuble à bureaux,MAMH — Données Québec (rôle d'évaluation foncière),https://donneesouvertes.affmunqc.net/role/RL47017_2026.xml,,,,
"650, Dufferin, app. 654",,Granby,,,1431.9,,118200,345800,464000,2025,Immeuble à bureaux,MAMH — Données Québec (rôle d'évaluation foncière),https://donneesouvertes.affmunqc.net/role/RL47017_2026.xml,,,,
"682, Boyer",,Granby,,,891.9,1977,48200,207800,256000,2025,Logement,MAMH — Données Québec (rôle d'évaluation foncière),https://donneesouvertes.affmunqc.net/role/RL47017_2026.xml,,,,
"676, Boyer",,Granby,,,1783.8,,96000,,96000,2025,Terrain vacant,MAMH — Données Québec (rôle d'évaluation foncière),https://donneesouvertes.affmunqc.net/role/RL47017_2026.xml,,,,
"11, 9e",,Granby,,,3615.2,1980,181900,242100,424000,2025,Logement,MAMH — Données Québec (rôle d'évaluation foncière),https://donneesouvertes.affmunqc.net/role/RL47017_2026.xml,,,,
"682, Dufferin",,Granby,,,3407.9,2005,214700,662300,877000,2025,Industrie,MAMH — Données Québec (rôle d'évaluation foncière),https://donneesouvertes.affmunqc.net/role/RL47017_2026.xml,,,,
"666, Dufferin",,Granby,,,1220.7,1964,106100,276900,383000,2025,Logement,MAMH — Données Québec (rôle d'évaluation foncière),https://donneesouvertes.affmunqc.net/role/RL47017_2026.xml,,,,
"10, 9e",,Granby,,,1317.4,1964,71100,237900,309000,2025,Logement,MAMH — Données Québec (rôle d'évaluation foncière),https://donneesouvertes.affmunqc.net/role/RL47017_2026.xml,,,,
"708, Dufferin",,Granby,,,1146.1,1955,99600,148400,248000,2025,Logement,MAMH — Données Québec (rôle d'évaluation foncière),https://donneesouvertes.affmunqc.net/role/RL47017_2026.xml,,,,
"698, Dufferin",,Granby,,,1484.8,1970,134800,329200,464000,2025,Immeuble à bureaux,MAMH — Données Québec (rôle d'évaluation foncière),https://donneesouvertes.affmunqc.net/role/RL47017_2026.xml,,,,
"690, Dufferin",,Granby,,,2220.1,2019,155300,1577700,1733000,2025,Immeuble à bureaux,MAMH — Données Québec (rôle d'évaluation foncière),https://donneesouvertes.affmunqc.net/role/RL47017_2026.xml,,,,
"14, 9e",,Granby,,,3895.8,,188100,96900,285000,2025,Industrie,MAMH — Données Québec (rôle d'évaluation foncière),https://donneesouvertes.affmunqc.net/role/RL47017_2026.xml,,,,
"722, Dufferin",,Granby,,,1146.1,1940,99600,125400,225000,2025,Logement,MAMH — Données Québec (rôle d'évaluation foncière),https://donneesouvertes.affmunqc.net/role/RL47017_2026.xml,,,,
"726, Dufferin, app. 730",,Granby,,,1262.4,1961,109800,397200,507000,2025,Logement,MAMH — Données Québec (rôle d'évaluation foncière),https://donneesouvertes.affmunqc.net/role/RL47017_2026.xml,,,,
"712, Dufferin",,Granby,,,1146.1,1958,99600,155400,255000,2025,Logement,MAMH — Données Québec (rôle d'évaluation foncière),https://donneesouvertes.affmunqc.net/role/RL47017_2026.xml,,,,
"744, Dufferin",,Granby,,,6219.5,,342100,158900,501000,2025,Immeuble à bureaux,MAMH — Données Québec (rôle d'évaluation foncière),https://donneesouvertes.affmunqc.net/role/RL47017_2026.xml,,,,
"748, Dufferin",,Granby,,,3310.7,1977,182100,190900,373000,2025,Logement,MAMH — Données Québec (rôle d'évaluation foncière),https://donneesouvertes.affmunqc.net/role/RL47017_2026.xml,,,,
"740, Dufferin",,Granby,,,1613.5,1977,88700,139300,228000,2025,Industrie,MAMH — Données Québec (rôle d'évaluation foncière),https://donneesouvertes.affmunqc.net/role/RL47017_2026.xml,,,,
"750, Dufferin, app. 760",,Granby,,,17738.1,1925,487800,639200,1127000,2025,Logement,MAMH — Données Québec (rôle d'évaluation foncière),https://donneesouvertes.affmunqc.net/role/RL47017_2026.xml,,,,
"782, Dufferin",,Granby,,,1367.1,,75200,38800,114000,2025,Logement,MAMH — Données Québec (rôle d'évaluation foncière),https://donneesouvertes.affmunqc.net/role/RL47017_2026.xml,,,,
"784, Dufferin",,Granby,,,4155.5,1961,228600,60400,289000,2025,Terrain vacant,MAMH — Données Québec (rôle d'évaluation foncière),https://donneesouvertes.affmunqc.net/role/RL47017_2026.xml,,,,
"766, Dufferin",,Granby,,,2948.4,1951,162200,222800,385000,2025,Logement,MAMH — Données Québec (rôle d'évaluation foncière),https://donneesouvertes.affmunqc.net/role/RL47017_2026.xml,,,,
"772, Dufferin",,Granby,,,1636.5,1954,66600,158400,225000,2025,Logement,MAMH — Données Québec (rôle d'évaluation foncière),https://donneesouvertes.affmunqc.net/role/RL47017_2026.xml,,,,
"778, Dufferin",,Granby,,,1215.3,1955,83600,214400,298000,2025,Logement,MAMH — Données Québec (rôle d'évaluation foncière),https://donneesouvertes.affmunqc.net/role/RL47017_2026.xml,,,,
"798, Dufferin",,Granby,,,4036.2,1979,222000,208000,430000,2025,Industrie,MAMH — Données Québec (rôle d'évaluation foncière),https://donneesouvertes.affmunqc.net/role/RL47017_2026.xml,,,,
"790, Dufferin",,Granby,,,1602.3,1952,88100,170900,259000,2025,Logement,MAMH — Données Québec (rôle d'évaluation foncière),https://donneesouvertes.affmunqc.net/role/RL47017_2026.xml,,,,
"810, Dufferin",,Granby,,,3329.1,,183000,,183000,2025,Terrain vacant,MAMH — Données Québec (rôle d'évaluation foncière),https://donneesouvertes.affmunqc.net/role/RL47017_2026.xml,,,,
"804, Dufferin",,Granby,,,1516.7,,84000,,84000,2025,Terrain vacant,MAMH — Données Québec (rôle d'évaluation foncière),https://donneesouvertes.affmunqc.net/role/RL47017_2026.xml,,,,
"633, Dufferin, app. 645",,Granby,,,15929.5,1961,1003600,4155400,5159000,2025,Immeuble à bureaux,MAMH — Données Québec (rôle d'évaluation foncière),https://donneesouvertes.affmunqc.net/role/RL47017_2026.xml,,,,
"663, Dufferin, app. 667",,Granby,,,6497.3,,368400,929600,1298000,2025,Immeuble à bureaux,MAMH — Données Québec (rôle d'évaluation foncière),https://donneesouvertes.affmunqc.net/role/RL47017_2026.xml,,,,
"669, Dufferin",,Granby,,,7134.5,,391000,199000,590000,2025,Immeuble à bureaux,MAMH — Données Québec (rôle d'évaluation foncière),https://donneesouvertes.affmunqc.net/role/RL47017_2026.xml,,,,
"691, Dufferin",,Granby,,,4314.5,1981,236500,579500,816000,2025,Industrie,MAMH — Données Québec (rôle d'évaluation foncière),https://donneesouvertes.affmunqc.net/role/RL47017_2026.xml,,,,
"695, Dufferin, app. 699",,Granby,,,1550.2,1950,97700,364300,462000,2025,Immeuble à bureaux,MAMH — Données Québec (rôle d'évaluation foncière),https://donneesouvertes.affmunqc.net/role/RL47017_2026.xml,,,,
"713, Dufferin",,Granby,,,2893.8,1973,182300,60700,243000,2025,Immeuble à bureaux,MAMH — Données Québec (rôle d'évaluation foncière),https://donneesouvertes.affmunqc.net/role/RL47017_2026.xml,,,,
"5, 9e",,Granby,,,1628.5,1950,87900,163100,251000,2025,Logement,MAMH — Données Québec (rôle d'évaluation foncière),https://donneesouvertes.affmunqc.net/role/RL47017_2026.xml,,,,
"9, 9e",,Granby,,,3104,1964,167600,364400,532000,2025,Logement,MAMH — Données Québec (rôle d'évaluation foncière),https://donneesouvertes.affmunqc.net/role/RL47017_2026.xml,,,,
"735, Dufferin, app. 739",,Granby,,,9800.8,,617500,2520500,3138000,2025,Immeuble commercial,MAMH — Données Québec (rôle d'évaluation foncière),https://donneesouvertes.affmunqc.net/role/RL47017_2026.xml,,,,
"737, Dufferin",,Granby,,,180,1999,500,66500,67000,2025,Immeuble commercial,MAMH — Données Québec (rôle d'évaluation foncière),https://donneesouvertes.affmunqc.net/role/RL47017_2026.xml,,,,
"747, Dufferin",,Granby,,,7937.5,,500000,,500000,2025,Terrain vacant,MAMH — Données Québec (rôle d'évaluation foncière),https://donneesouvertes.affmunqc.net/role/RL47017_2026.xml,,,,
"759, Dufferin",,Granby,,,14187.5,,778000,,778000,2025,Terrain vacant,MAMH — Données Québec (rôle d'évaluation foncière),https://donneesouvertes.affmunqc.net/role/RL47017_2026.xml,,,,
"775, Dufferin",,Granby,,,14322.1,,785000,,785000,2025,Terrain vacant,MAMH — Données Québec (rôle d'évaluation foncière),https://donneesouvertes.affmunqc.net/role/RL47017_2026.xml,,,,
"807, Dufferin",,Granby,,,1486.2,1970,107100,80900,188000,2025,Immeuble à bureaux,MAMH — Données Québec (rôle d'évaluation foncière),https://donneesouvertes.affmunqc.net/role/RL47017_2026.xml,,,,
"799, Dufferin",,Granby,,,9750,,536300,1309700,1846000,2025,Immeuble à bureaux,MAMH — Données Québec (rôle d'évaluation foncière),https://donneesouvertes.affmunqc.net/role/RL47017_2026.xml,,,,
"811, Dufferin",,Granby,,,1763.2,,97000,385000,482000,2025,Logement,MAMH — Données Québec (rôle d'évaluation foncière),https://donneesouvertes.affmunqc.net/role/RL47017_2026.xml,,,,
"815, Dufferin",,Granby,,,1758.1,1950,96700,167300,264000,2025,Logement,MAMH — Données Québec (rôle d'évaluation foncière),https://donneesouvertes.affmunqc.net/role/RL47017_2026.xml,,,,
"819, Dufferin",,Granby,,,3612.7,1963,198700,171300,370000,2025,Logement,MAMH — Données Québec (rôle d'évaluation foncière),https://donneesouvertes.affmunqc.net/role/RL47017_2026.xml,,,,
"817, Dufferin",,Granby,,,3704.5,1972,102000,250000,352000,2025,Logement,MAMH — Données Québec (rôle d'évaluation foncière),https://donneesouvertes.affmunqc.net/role/RL47017_2026.xml,,,,
"55, Cygnes",,Granby,,,1939.7,1985,104700,326300,431000,2025,Logement,MAMH — Données Québec (rôle d'évaluation foncière),https://donneesouvertes.affmunqc.net/role/RL47017_2026.xml,,,,
"59, Cygnes",,Granby,,,2566.5,1991,138600,348400,487000,2025,Logement,MAMH — Données Québec (rôle d'évaluation foncière),https://donneesouvertes.affmunqc.net/role/RL47017_2026.xml,,,,
"56, Geais Bleus",,Granby,,,2999.4,1988,162000,359000,521000,2025,Logement,MAMH — Données Québec (rôle d'évaluation foncière),https://donneesouvertes.affmunqc.net/role/RL47017_2026.xml,,,,
"47, Geais Bleus",,Granby,,,2516.2,1987,135900,450100,586000,2025,Logement,MAMH — Données Québec (rôle d'évaluation foncière),https://donneesouvertes.affmunqc.net/role/RL47017_2026.xml,,,,
"52, Geais Bleus",,Granby,,,2860,1985,154400,576600,731000,2025,Logement,MAMH — Données Québec (rôle d'évaluation foncière),https://donneesouvertes.affmunqc.net/role/RL47017_2026.xml,,,,
"48, Geais Bleus",,Granby,,,3505.6,1995,179500,387500,567000,2025,Logement,MAMH — Données Québec (rôle d'évaluation foncière),https://donneesouvertes.affmunqc.net/role/RL47017_2026.xml,,,,
"39, Geais Bleus",,Granby,,,1911.2,1986,103200,413800,517000,2025,Logement,MAMH — Données Québec (rôle d'évaluation foncière),https://donneesouvertes.affmunqc.net/role/RL47017_2026.xml,,,,
"44, Geais Bleus",,Granby,,,2110.5,1984,114000,290000,404000,2025,Logement,MAMH — Données Québec (rôle d'évaluation foncière),https://donneesouvertes.affmunqc.net/role/RL47017_2026.xml,,,,
"15, 9e",,Granby,,,1783.9,,96300,313700,410000,2025,Logement,MAMH — Données Québec (rôle d'évaluation foncière),https://donneesouvertes.affmunqc.net/role/RL47017_2026.xml,,,,
"733, Beauport",,Granby,,,2593.3,1986,140000,411000,551000,2025,Logement,MAMH — Données Québec (rôle d'évaluation foncière),https://donneesouvertes.affmunqc.net/role/RL47017_2026.xml,,,,
"744, Beauport",,Granby,,,3227,1984,173400,339600,513000,2025,Logement,MAMH — Données Québec (rôle d'évaluation foncière),https://donneesouvertes.affmunqc.net/role/RL47017_2026.xml,,,,
"750, Beauport",,Granby,,,2145.6,1982,115900,411100,527000,2025,Logement,MAMH — Données Québec (rôle d'évaluation foncière),https://donneesouvertes.affmunqc.net/role/RL47017_2026.xml,,,,
"746, Beauport",,Granby,,,2131.4,1984,115100,262900,378000,2025,Logement,MAMH — Données Québec (rôle d'évaluation foncière),https://donneesouvertes.affmunqc.net/role/RL47017_2026.xml,,,,
"758, Beauport",,Granby,,,2189.6,2016,118200,659800,778000,2025,Logement,MAMH — Données Québec (rôle d'évaluation foncière),https://donneesouvertes.affmunqc.net/role/RL47017_2026.xml,,,,
"754, Beauport",,Granby,,,2126.2,2010,114800,359200,474000,2025,Logement,MAMH — Données Québec (rôle d'évaluation foncière),https://donneesouvertes.affmunqc.net/role/RL47017_2026.xml,,,,
"766, Beauport",,Granby,,,2160.3,,117000,,117000,2025,Terrain vacant,MAMH — Données Québec (rôle d'évaluation foncière),https://donneesouvertes.affmunqc.net/role/RL47017_2026.xml,,,,
"762, Beauport",,Granby,,,2176.8,1988,117500,348500,466000,2025,Logement,MAMH — Données Québec (rôle d'évaluation foncière),https://donneesouvertes.affmunqc.net/role/RL47017_2026.xml,,,,
"772, Beauport",,Granby,,,2125.2,2023,114800,682200,797000,2025,Logement,MAMH — Données Québec (rôle d'évaluation foncière),https://donneesouvertes.affmunqc.net/role/RL47017_2026.xml,,,,
"770, Beauport",,Granby,,,2142.8,,116000,,116000,2025,Terrain vacant,MAMH — Données Québec (rôle d'évaluation foncière),https://donneesouvertes.affmunqc.net/role/RL47017_2026.xml,,,,
"773, Beauport",,Granby,,,1861.2,1987,100500,266500,367000,2025,Logement,MAMH — Données Québec (rôle d'évaluation foncière),https://donneesouvertes.affmunqc.net/role/RL47017_2026.xml,,,,
"769, Beauport",,Granby,,,1861.2,1986,100500,337500,438000,2025,Logement,MAMH — Données Québec (rôle d'évaluation foncière),https://donneesouvertes.affmunqc.net/role/RL47017_2026.xml,,,,
"52, Cygnes",,Granby,,,2357.1,1986,127300,598700,726000,2025,Logement,MAMH — Données Québec (rôle d'évaluation foncière),https://donneesouvertes.affmunqc.net/role/RL47017_2026.xml,,,,
"48, Cygnes",,Granby,,,3357.7,1989,176300,503700,680000,2025,Logement,MAMH — Données Québec (rôle d'évaluation foncière),https://donneesouvertes.affmunqc.net/role/RL47017_2026.xml,,,,
"17, Pluviers",,Granby,,,2175.7,1992,117500,426500,544000,2025,Logement,MAMH — Données Québec (rôle d'évaluation foncière),https://donneesouvertes.affmunqc.net/role/RL47017_2026.xml,,,,
"21, Pluviers",,Granby,,,1931.7,1987,104300,473700,578000,2025,Logement,MAMH — Données Québec (rôle d'évaluation foncière),https://donneesouvertes.affmunqc.net/role/RL47017_2026.xml,,,,
"20, Pluviers",,Granby,,,3175.4,1985,171500,351500,523000,2025,Logement,MAMH — Données Québec (rôle d'évaluation foncière),https://donneesouvertes.affmunqc.net/role/RL47017_2026.xml,,,,
"56, Cygnes",,Granby,,,2582.9,1986,139500,306500,446000,2025,Logement,MAMH — Données Québec (rôle d'évaluation foncière),https://donneesouvertes.affmunqc.net/role/RL47017_2026.xml,,,,
"71, Cygnes",,Granby,,,2174.4,1989,117400,341600,459000,2025,Logement,MAMH — Données Québec (rôle d'évaluation foncière),https://donneesouvertes.affmunqc.net/role/RL47017_2026.xml,,,,
"60, Cygnes",,Granby,,,2561.4,1991,138300,455700,594000,2025,Logement,MAMH — Données Québec (rôle d'évaluation foncière),https://donneesouvertes.affmunqc.net/role/RL47017_2026.xml,,,,
"35, Geais Bleus",,Granby,,,1867.3,1984,100800,371200,472000,2025,Logement,MAMH — Données Québec (rôle d'évaluation foncière),https://donneesouvertes.affmunqc.net/role/RL47017_2026.xml,,,,
"40, Geais Bleus",,Granby,,,1951,1984,105400,410600,516000,2025,Logement,MAMH — Données Québec (rôle d'évaluation foncière),https://donneesouvertes.affmunqc.net/role/RL47017_2026.xml,,,,
"31, Geais Bleus",,Granby,,,1863.9,1984,100700,283300,384000,2025,Logement,MAMH — Données Québec (rôle d'évaluation foncière),https://donneesouvertes.affmunqc.net/role/RL47017_2026.xml,,,,
"36, Geais Bleus",,Granby,,,2234.7,1984,120700,418300,539000,2025,Logement,MAMH — Données Québec (rôle d'évaluation foncière),https://donneesouvertes.affmunqc.net/role/RL47017_2026.xml,,,,
"26, 9e",,Granby,,,2819.7,2004,152300,566700,719000,2025,Logement,MAMH — Données Québec (rôle d'évaluation foncière),https://donneesouvertes.affmunqc.net/role/RL47017_2026.xml,,,,
"21, 9e",,Granby,,,3561.9,1953,138000,133000,271000,2025,Logement,MAMH — Données Québec (rôle d'évaluation foncière),https://donneesouvertes.affmunqc.net/role/RL47017_2026.xml,,,,
"5, Bois Francs",,Granby,,,2096.1,1988,113200,347800,461000,2025,Logement,MAMH — Données Québec (rôle d'évaluation foncière),https://donneesouvertes.affmunqc.net/role/RL47017_2026.xml,,,,
"25, 9e",,Granby,,,1078.5,,75700,23300,99000,2025,Logement,MAMH — Données Québec (rôle d'évaluation foncière),https://donneesouvertes.affmunqc.net/role/RL47017_2026.xml,,,,
"9, Bois Francs",,Granby,,,2078.2,1987,112200,328800,441000,2025,Logement,MAMH — Données Québec (rôle d'évaluation foncière),https://donneesouvertes.affmunqc.net/role/RL47017_2026.xml,,,,
"29, 9e",,Granby,,,2707.4,1983,146200,341800,488000,2025,Logement,MAMH — Données Québec (rôle d'évaluation foncière),https://donneesouvertes.affmunqc.net/role/RL47017_2026.xml,,,,
"737, Beauport",,Granby,,,1917.1,1986,103500,279500,383000,2025,Logement,MAMH — Données Québec (rôle d'évaluation foncière),https://donneesouvertes.affmunqc.net/role/RL47017_2026.xml,,,,
"741, Beauport",,Granby,,,1861.2,1986,100500,452500,553000,2025,Logement,MAMH — Données Québec (rôle d'évaluation foncière),https://donneesouvertes.affmunqc.net/role/RL47017_2026.xml,,,,
"5, Bois-des-filion",,Granby,,,1867.4,1987,100800,293200,394000,2025,Logement,MAMH — Données Québec (rôle d'évaluation foncière),https://donneesouvertes.affmunqc.net/role/RL47017_2026.xml,,,,
"6, Bois Francs",,Granby,,,1867.4,1988,100800,370200,471000,2025,Logement,MAMH — Données Québec (rôle d'évaluation foncière),https://donneesouvertes.affmunqc.net/role/RL47017_2026.xml,,,,
"9, Bois-des-filion",,Granby,,,1867.4,1987,100800,375200,476000,2025,Logement,MAMH — Données Québec (rôle d'évaluation foncière),https://donneesouvertes.affmunqc.net/role/RL47017_2026.xml,,,,
"749, Beauport",,Granby,,,1861.2,1984,100500,360500,461000,2025,Logement,MAMH — Données Québec (rôle d'évaluation foncière),https://donneesouvertes.affmunqc.net/role/RL47017_2026.xml,,,,
"745, Beauport",,Granby,,,1861.2,1984,100500,277500,378000,2025,Logement,MAMH — Données Québec (rôle d'évaluation foncière),https://donneesouvertes.affmunqc.net/role/RL47017_2026.xml,,,,
"13, Bonsecours",,Granby,,,1867.4,1985,100800,249200,350000,2025,Logement,MAMH — Données Québec (rôle d'évaluation foncière),https://donneesouvertes.affmunqc.net/role/RL47017_2026.xml,,,,
"6, Bois-des-filion",,Granby,,,1867.4,1985,100800,348200,449000,2025,Logement,MAMH — Données Québec (rôle d'évaluation foncière),https://donneesouvertes.affmunqc.net/role/RL47017_2026.xml,,,,
"17, Bonsecours",,Granby,,,1867.4,1985,100800,337200,438000,2025,Logement,MAMH — Données Québec (rôle d'évaluation foncière),https://donneesouvertes.affmunqc.net/role/RL47017_2026.xml,,,,
"10, Bois-des-filion",,Granby,,,1867.4,1985,100800,243200,344000,2025,Logement,MAMH — Données Québec (rôle d'évaluation foncière),https://donneesouvertes.affmunqc.net/role/RL47017_2026.xml,,,,
"757, Beauport",,Granby,,,1861.2,1986,100500,302500,403000,2025,Logement,MAMH — Données Québec (rôle d'évaluation foncière),https://donneesouvertes.affmunqc.net/role/RL47017_2026.xml,,,,
"753, Beauport",,Granby,,,1861.2,1984,100500,274500,375000,2025,Logement,MAMH — Données Québec (rôle d'évaluation foncière),https://donneesouvertes.affmunqc.net/role/RL47017_2026.xml,,,,
"5, Boischatel",,Granby,,,1867.4,1986,100800,323200,424000,2025,Logement,MAMH — Données Québec (rôle d'évaluation foncière),https://donneesouvertes.affmunqc.net/role/RL47017_2026.xml,,,,
"14, Bonsecours",,Granby,,,1867.4,1984,100800,252200,353000,2025,Logement,MAMH — Données Québec (rôle d'évaluation foncière),https://donneesouvertes.affmunqc.net/role/RL47017_2026.xml,,,,
"9, Boischatel",,Granby,,,1867.4,1986,100800,343200,444000,2025,Logement,MAMH — Données Québec (rôle d'évaluation foncière),https://donneesouvertes.affmunqc.net/role/RL47017_2026.xml,,,,
"18, Bonsecours",,Granby,,,1867.4,1985,100800,330200,431000,2025,Logement,MAMH — Données Québec (rôle d'évaluation foncière),https://donneesouvertes.affmunqc.net/role/RL47017_2026.xml,,,,
"765, Beauport",,Granby,,,1861.2,1986,100500,270500,371000,2025,Logement,MAMH — Données Québec (rôle d'évaluation foncière),https://donneesouvertes.affmunqc.net/role/RL47017_2026.xml,,,,
"761, Beauport",,Granby,,,1861.2,1986,100500,289500,390000,2025,Logement,MAMH — Données Québec (rôle d'évaluation foncière),https://donneesouvertes.affmunqc.net/role/RL47017_2026.xml,,,,
"5, Boisjoli",,Granby,,,1867.4,1990,100800,400200,501000,2025,Logement,MAMH — Données Québec (rôle d'évaluation foncière),https://donneesouvertes.affmunqc.net/role/RL47017_2026.xml,,,,
"6, Boischatel",,Granby,,,1867.4,1986,100800,287200,388000,2025,Logement,MAMH — Données Québec (rôle d'évaluation foncière),https://donneesouvertes.affmunqc.net/role/RL47017_2026.xml,,,,
"9, Boisjoli",,Granby,,,1867.4,1988,100800,369200,470000,2025,Logement,MAMH — Données Québec (rôle d'évaluation foncière),https://donneesouvertes.affmunqc.net/role/RL47017_2026.xml,,,,
"10, Boischatel",,Granby,,,1867.4,1986,100800,358200,459000,2025,Logement,MAMH — Données Québec (rôle d'évaluation foncière),https://donneesouvertes.affmunqc.net/role/RL47017_2026.xml,,,,
"5, Boisbriand",,Granby,,,1867.4,1991,100800,289200,390000,2025,Logement,MAMH — Données Québec (rôle d'évaluation foncière),https://donneesouvertes.affmunqc.net/role/RL47017_2026.xml,,,,
"6, Boisjoli",,Granby,,,1867.4,1987,100800,261200,362000,2025,Logement,MAMH — Données Québec (rôle d'évaluation foncière),https://donneesouvertes.affmunqc.net/role/RL47017_2026.xml,,,,
"9, Boisbriand",,Granby,,,1867.4,1991,100800,287200,388000,2025,Logement,MAMH — Données Québec (rôle d'évaluation foncière),https://donneesouvertes.affmunqc.net/role/RL47017_2026.xml,,,,
"10, Boisjoli",,Granby,,,1867.4,1986,100800,332200,433000,2025,Logement,MAMH — Données Québec (rôle d'évaluation foncière),https://donneesouvertes.affmunqc.net/role/RL47017_2026.xml,,,,
"24, Pluviers",,Granby,,,1867.3,1984,100800,450200,551000,2025,Logement,MAMH — Données Québec (rôle d'évaluation foncière),https://donneesouvertes.affmunqc.net/role/RL47017_2026.xml,,,,
"27, Ducs",,Granby,,,2827.9,1986,152700,385300,538000,2025,Logement,MAMH — Données Québec (rôle d'évaluation foncière),https://donneesouvertes.affmunqc.net/role/RL47017_2026.xml,,,,
"28, Pluviers",,Granby,,,3025.7,1990,163400,581600,745000,2025,Logement,MAMH — Données Québec (rôle d'évaluation foncière),https://donneesouvertes.affmunqc.net/role/RL47017_2026.xml,,,,
"25, Pluviers",,Granby,,,2083.9,1985,112500,445500,558000,2025,Logement,MAMH — Données Québec (rôle d'évaluation foncière),https://donneesouvertes.affmunqc.net/role/RL47017_2026.xml,,,,
"27, Geais Bleus",,Granby,,,2466.9,1984,133200,432800,566000,2025,Logement,MAMH — Données Québec (rôle d'évaluation foncière),https://donneesouvertes.affmunqc.net/role/RL47017_2026.xml,,,,
"23, Geais Bleus",,Granby,,,2158.8,2005,116600,409400,526000,2025,Logement,MAMH — Données Québec (rôle d'évaluation foncière),https://donneesouvertes.affmunqc.net/role/RL47017_2026.xml,,,,
"32, Geais Bleus",,Granby,,,4656.9,1989,204900,451100,656000,2025,Logement,MAMH — Données Québec (rôle d'évaluation foncière),https://donneesouvertes.affmunqc.net/role/RL47017_2026.xml,,,,
"28, Geais Bleus",,Granby,,,3079,1995,166300,386700,553000,2025,Logement,MAMH — Données Québec (rôle d'évaluation foncière),https://donneesouvertes.affmunqc.net/role/RL47017_2026.xml,,,,
"13, Bois Francs",,Granby,,,2058.1,1986,111100,281900,393000,2025,Logement,MAMH — Données Québec (rôle d'évaluation foncière),https://donneesouvertes.affmunqc.net/role/RL47017_2026.xml,,,,
"33, 9e",,Granby,,,2667.2,1988,144000,307000,451000,2025,Logement,MAMH — Données Québec (rôle d'évaluation foncière),https://donneesouvertes.affmunqc.net/role/RL47017_2026.xml,,,,
"17, Bois Francs",,Granby,,,2037.8,1986,110000,412000,522000,2025,Logement,MAMH — Données Québec (rôle d'évaluation foncière),https://donneesouvertes.affmunqc.net/role/RL47017_2026.xml,,,,
"37, 9e",,Granby,,,2667.8,2016,144100,375900,520000,2025,Logement,MAMH — Données Québec (rôle d'évaluation foncière),https://donneesouvertes.affmunqc.net/role/RL47017_2026.xml,,,,
"10, Bois Francs",,Granby,,,1867.4,1988,100800,292200,393000,2025,Logement,MAMH — Données Québec (rôle d'évaluation foncière),https://donneesouvertes.affmunqc.net/role/RL47017_2026.xml,,,,
"13, Bois-des-filion",,Granby,,,1867.4,1985,100800,335200,436000,2025,Logement,MAMH — Données Québec (rôle d'évaluation foncière),https://donneesouvertes.affmunqc.net/role/RL47017_2026.xml,,,,
"14, Bois Francs",,Granby,,,1867.4,1985,100800,29200,130000,2025,Logement,MAMH — Données Québec (rôle d'évaluation foncière),https://donneesouvertes.affmunqc.net/role/RL47017_2026.xml,,,,
"17, Bois-des-filion",,Granby,,,1867.4,1985,100800,265200,366000,2025,Logement,MAMH — Données Québec (rôle d'évaluation foncière),https://donneesouvertes.affmunqc.net/role/RL47017_2026.xml,,,,
"18, Bois Francs",,Granby,,,1867.4,1985,100800,267200,368000,2025,Logement,MAMH — Données Québec (rôle d'évaluation foncière),https://donneesouvertes.affmunqc.net/role/RL47017_2026.xml,,,,
"21, Bonsecours",,Granby,,,1867.4,1985,100800,319200,420000,2025,Logement,MAMH — Données Québec (rôle d'évaluation foncière),https://donneesouvertes.affmunqc.net/role/RL47017_2026.xml,,,,
"14, Bois-des-filion",,Granby,,,1867.4,1985,100800,271200,372000,2025,Logement,MAMH — Données Québec (rôle d'évaluation foncière),https://donneesouvertes.affmunqc.net/role/RL47017_2026.xml,,,,
"25, Bonsecours",,Granby,,,1867.4,1985,100800,367200,468000,2025,Logement,MAMH — Données Québec (rôle d'évaluation foncière),https://donneesouvertes.affmunqc.net/role/RL47017_2026.xml,,,,
"18, Bois-des-filion",,Granby,,,1867.4,1986,100800,252200,353000,2025,Logement,MAMH — Données Québec (rôle d'évaluation foncière),https://donneesouvertes.affmunqc.net/role/RL47017_2026.xml,,,,
"13, Boischatel",,Granby,,,1867.4,1986,100800,295200,396000,2025,Logement,MAMH — Données Québec (rôle d'évaluation foncière),https://donneesouvertes.affmunqc.net/role/RL47017_2026.xml,,,,
"22, Bonsecours",,Granby,,,1867.4,1985,100800,249200,350000,2025,Logement,MAMH — Données Québec (rôle d'évaluation foncière),https://donneesouvertes.affmunqc.net/role/RL47017_2026.xml,,,,
"17, Boischatel",,Granby,,,1867.4,1986,100800,268200,369000,2025,Logement,MAMH — Données Québec (rôle d'évaluation foncière),https://donneesouvertes.affmunqc.net/role/RL47017_2026.xml,,,,
"26, Bonsecours",,Granby,,,1867.4,1985,100800,324200,425000,2025,Logement,MAMH — Données Québec (rôle d'évaluation foncière),https://donneesouvertes.affmunqc.net/role/RL47017_2026.xml,,,,
"13, Boisjoli",,Granby,,,1867.4,1987,100800,377200,478000,2025,Logement,MAMH — Données Québec (rôle d'évaluation foncière),https://donneesouvertes.affmunqc.net/role/RL47017_2026.xml,,,,
"14, Boischatel",,Granby,,,1867.4,1986,100800,292200,393000,2025,Logement,MAMH — Données Québec (rôle d'évaluation foncière),https://donneesouvertes.affmunqc.net/role/RL47017_2026.xml,,,,
"17, Boisjoli",,Granby,,,1867.4,1987,100800,377200,478000,2025,Logement,MAMH — Données Québec (rôle d'évaluation foncière),https://donneesouvertes.affmunqc.net/role/RL47017_2026.xml,,,,
"18, Boischatel",,Granby,,,1867.4,1986,100800,306200,407000,2025,Logement,MAMH — Données Québec (rôle d'évaluation foncière),https://donneesouvertes.affmunqc.net/role/RL47017_2026.xml,,,,
"13, Boisbriand",,Granby,,,1867.4,1990,100800,441200,542000,2025,Logement,MAMH — Données Québec (rôle d'évaluation foncière),https://donneesouvertes.affmunqc.net/role/RL47017_2026.xml,,,,
"14, Boisjoli",,Granby,,,1867.4,1987,100800,302200,403000,2025,Logement,MAMH — Données Québec (rôle d'évaluation foncière),https://donneesouvertes.affmunqc.net/role/RL47017_2026.xml,,,,
"17, Boisbriand",,Granby,,,1867.4,1994,100800,311200,412000,2025,Logement,MAMH — Données Québec (rôle d'évaluation foncière),https://donneesouvertes.affmunqc.net/role/RL47017_2026.xml,,,,
"18, Boisjoli",,Granby,,,1867.4,1987,100800,348200,449000,2025,Logement,MAMH — Données Québec (rôle d'évaluation foncière),https://donneesouvertes.affmunqc.net/role/RL47017_2026.xml,,,,
"15, Geais Bleus",,Granby,,,2720,1988,146900,367100,514000,2025,Logement,MAMH — Données Québec (rôle d'évaluation foncière),https://donneesouvertes.affmunqc.net/role/RL47017_2026.xml,,,,
"16, Geais Bleus",,Granby,,,2207.4,1984,119200,328800,448000,2025,Logement,MAMH — Données Québec (rôle d'évaluation foncière),https://donneesouvertes.affmunqc.net/role/RL47017_2026.xml,,,,
"12, Geais Bleus",,Granby,,,2454.8,1985,132600,346400,479000,2025,Logement,MAMH — Données Québec (rôle d'évaluation foncière),https://donneesouvertes.affmunqc.net/role/RL47017_2026.xml,,,,
"632, Hirondelles",,Granby,,,1898.5,1980,102500,257500,360000,2025,Logement,MAMH — Données Québec (rôle d'évaluation foncière),https://donneesouvertes.affmunqc.net/role/RL47017_2026.xml,,,,
"33, Pluviers",,Granby,,,3393.7,1984,177100,308900,486000,2025,Logement,MAMH — Données Québec (rôle d'évaluation foncière),https://donneesouvertes.affmunqc.net/role/RL47017_2026.xml,,,,
"20, Geais Bleus",,Granby,,,2544.8,1985,137400,296600,434000,2025,Logement,MAMH — Données Québec (rôle d'évaluation foncière),https://donneesouvertes.affmunqc.net/role/RL47017_2026.xml,,,,
"636, Hirondelles",,Granby,,,2148,1980,116000,312000,428000,2025,Logement,MAMH — Données Québec (rôle d'évaluation foncière),https://donneesouvertes.affmunqc.net/role/RL47017_2026.xml,,,,
"644, Hirondelles",,Granby,,,5165.5,1984,216000,351000,567000,2025,Logement,MAMH — Données Québec (rôle d'évaluation foncière),https://donneesouvertes.affmunqc.net/role/RL47017_2026.xml,,,,
"37, Pluviers",,Granby,,,3710.9,1984,184000,508000,692000,2025,Logement,MAMH — Données Québec (rôle d'évaluation foncière),https://donneesouvertes.affmunqc.net/role/RL47017_2026.xml,,,,
"42, 9e",,Granby,,,2951.9,1987,159400,275600,435000,2025,Logement,MAMH — Données Québec (rôle d'évaluation foncière),https://donneesouvertes.affmunqc.net/role/RL47017_2026.xml,,,,
"45, 9e",,Granby,,,5334.4,1993,219800,275200,495000,2025,Logement,MAMH — Données Québec (rôle d'évaluation foncière),https://donneesouvertes.affmunqc.net/role/RL47017_2026.xml,,,,
"21, Bois Francs",,Granby,,,2017.6,1988,109000,293000,402000,2025,Logement,MAMH — Données Québec (rôle d'évaluation foncière),https://donneesouvertes.affmunqc.net/role/RL47017_2026.xml,,,,
"41, 9e",,Granby,,,2667.2,2024,144000,574000,718000,2025,Logement,MAMH — Données Québec (rôle d'évaluation foncière),https://donneesouvertes.affmunqc.net/role/RL47017_2026.xml,,,,
"25, Bois Francs",,Granby,,,1997.4,1986,107900,391100,499000,2025,Logement,MAMH — Données Québec (rôle d'évaluation foncière),https://donneesouvertes.affmunqc.net/role/RL47017_2026.xml,,,,
"21, Bois-des-filion",,Granby,,,1867.4,1985,100800,269200,370000,2025,Logement,MAMH — Données Québec (rôle d'évaluation foncière),https://donneesouvertes.affmunqc.net/role/RL47017_2026.xml,,,,
"22, Bois Francs",,Granby,,,1867.4,1987,100800,328200,429000,2025,Logement,MAMH — Données Québec (rôle d'évaluation foncière),https://donneesouvertes.affmunqc.net/role/RL47017_2026.xml,,,,
"6, Bernières",,Granby,,,1861.2,1986,100500,272500,373000,2025,Logement,MAMH — Données Québec (rôle d'évaluation foncière),https://donneesouvertes.affmunqc.net/role/RL47017_2026.xml,,,,
"2, Bernières",,Granby,,,1861.2,1993,100500,310500,411000,2025,Logement,MAMH — Données Québec (rôle d'évaluation foncière),https://donneesouvertes.affmunqc.net/role/RL47017_2026.xml,,,,
"29, Bonsecours",,Granby,,,1867.4,1986,100800,342200,443000,2025,Logement,MAMH — Données Québec (rôle d'évaluation foncière),https://donneesouvertes.affmunqc.net/role/RL47017_2026.xml,,,,
"22, Bois-des-filion",,Granby,,,1867.4,1986,100800,275200,376000,2025,Logement,MAMH — Données Québec (rôle d'évaluation foncière),https://donneesouvertes.affmunqc.net/role/RL47017_2026.xml,,,,
"33, Bonsecours",,Granby,,,1861.2,1985,100500,277500,378000,2025,Logement,MAMH — Données Québec (rôle d'évaluation foncière),https://donneesouvertes.affmunqc.net/role/RL47017_2026.xml,,,,
"26, Bois-des-filion",,Granby,,,1861.2,1986,100500,234500,335000,2025,Logement,MAMH — Données Québec (rôle d'évaluation foncière),https://donneesouvertes.affmunqc.net/role/RL47017_2026.xml,,,,
"21, Boischatel",,Granby,,,1867.4,1986,100800,274200,375000,2025,Logement,MAMH — Données Québec (rôle d'évaluation foncière),https://donneesouvertes.affmunqc.net/role/RL47017_2026.xml,,,,
"30, Bonsecours",,Granby,,,1867.4,1985,100800,361200,462000,2025,Logement,MAMH — Données Québec (rôle d'évaluation foncière),https://donneesouvertes.affmunqc.net/role/RL47017_2026.xml,,,,
"22, Bernières",,Granby,,,1861.2,1985,100500,342500,443000,2025,Logement,MAMH — Données Québec (rôle d'évaluation foncière),https://donneesouvertes.affmunqc.net/role/RL47017_2026.xml,,,,
"18, Bernières",,Granby,,,1861.2,1986,100500,292500,393000,2025,Logement,MAMH — Données Québec (rôle d'évaluation foncière),https://donneesouvertes.affmunqc.net/role/RL47017_2026.xml,,,,
"21, Boisjoli",,Granby,,,1867.4,1987,100800,351200,452000,2025,Logement,MAMH — Données Québec (rôle d'évaluation foncière),https://donneesouvertes.affmunqc.net/role/RL47017_2026.xml,,,,
"22, Boischatel",,Granby,,,1867.4,1986,100800,279200,380000,2025,Logement,MAMH — Données Québec (rôle d'évaluation foncière),https://donneesouvertes.affmunqc.net/role/RL47017_2026.xml,,,,
"30, Bernières",,Granby,,,1861.2,1986,100500,244500,345000,2025,Logement,MAMH — Données Québec (rôle d'évaluation foncière),https://donneesouvertes.affmunqc.net/role/RL47017_2026.xml,,,,
"26, Boischatel",,Granby,,,1861.2,1986,100500,386500,487000,2025,Logement,MAMH — Données Québec (rôle d'évaluation foncière),https://donneesouvertes.affmunqc.net/role/RL47017_2026.xml,,,,
"21, Boisbriand",,Granby,,,1867.4,1988,100800,278200,379000,2025,Logement,MAMH — Données Québec (rôle d'évaluation foncière),https://donneesouvertes.affmunqc.net/role/RL47017_2026.xml,,,,
"22, Boisjoli",,Granby,,,1867.4,1987,100800,291200,392000,2025,Logement,MAMH — Données Québec (rôle d'évaluation foncière),https://donneesouvertes.affmunqc.net/role/RL47017_2026.xml,,,,
"38, Bernières",,Granby,,,1861.2,1986,100500,316500,417000,2025,Logement,MAMH — Données Québec (rôle d'évaluation foncière),https://donneesouvertes.affmunqc.net/role/RL47017_2026.xml,,,,
"34, Bernières",,Granby,,,1861.2,1987,100500,290500,391000,2025,Logement,MAMH — Données Québec (rôle d'évaluation foncière),https://donneesouvertes.affmunqc.net/role/RL47017_2026.xml,,,,
"628, Hirondelles",,Granby,,,2142.6,1977,115700,380300,496000,2025,Logement,MAMH — Données Québec (rôle d'évaluation foncière),https://donneesouvertes.affmunqc.net/role/RL47017_2026.xml,,,,
"633, Hirondelles",,Granby,,,2782.6,1980,150300,402700,553000,2025,Logement,MAMH — Données Québec (rôle d'évaluation foncière),https://donneesouvertes.affmunqc.net/role/RL47017_2026.xml,,,,
"625, Hirondelles",,Granby,,,1972.6,1985,106500,294500,401000,2025,Logement,MAMH — Données Québec (rôle d'évaluation foncière),https://donneesouvertes.affmunqc.net/role/RL47017_2026.xml,,,,
"637, Hirondelles",,Granby,,,1858.9,1979,100400,225600,326000,2025,Logement,MAMH — Données Québec (rôle d'évaluation foncière),https://donneesouvertes.affmunqc.net/role/RL47017_2026.xml,,,,
"44, Pluviers",,Granby,,,1043.9,1979,56400,258600,315000,2025,Logement,MAMH — Données Québec (rôle d'évaluation foncière),https://donneesouvertes.affmunqc.net/role/RL47017_2026.xml,,,,
"52, Piverts",,Granby,,,2328.3,1984,125700,368300,494000,2025,Logement,MAMH — Données Québec (rôle d'évaluation foncière),https://donneesouvertes.affmunqc.net/role/RL47017_2026.xml,,,,
"641, Hirondelles",,Granby,,,2782.7,1987,150300,451700,602000,2025,Logement,MAMH — Données Québec (rôle d'évaluation foncière),https://donneesouvertes.affmunqc.net/role/RL47017_2026.xml,,,,
"41, Pluviers",,Granby,,,2079,2001,112300,467700,580000,2025,Logement,MAMH — Données Québec (rôle d'évaluation foncière),https://donneesouvertes.affmunqc.net/role/RL47017_2026.xml,,,,
"45, Pluviers",,Granby,,,1882.3,1983,101600,335400,437000,2025,Logement,MAMH — Données Québec (rôle d'évaluation foncière),https://donneesouvertes.affmunqc.net/role/RL47017_2026.xml,,,,
"46, 9e",,Granby,,,3474.6,1983,178800,383200,562000,2025,Logement,MAMH — Données Québec (rôle d'évaluation foncière),https://donneesouvertes.affmunqc.net/role/RL47017_2026.xml,,,,
"29, Bois Francs",,Granby,,,1977.2,1986,106800,312200,419000,2025,Logement,MAMH — Données Québec (rôle d'évaluation foncière),https://donneesouvertes.affmunqc.net/role/RL47017_2026.xml,,,,
"33, Bois Francs",,Granby,,,2036.1,1988,109900,380100,490000,2025,Logement,MAMH — Données Québec (rôle d'évaluation foncière),https://donneesouvertes.affmunqc.net/role/RL47017_2026.xml,,,,
"53, 9e",,Granby,,,2592.2,1989,140000,344000,484000,2025,Logement,MAMH — Données Québec (rôle d'évaluation foncière),https://donneesouvertes.affmunqc.net/role/RL47017_2026.xml,,,,
"5, Bernières",,Granby,,,2253.8,1992,121700,347300,469000,2025,Logement,MAMH — Données Québec (rôle d'évaluation foncière),https://donneesouvertes.affmunqc.net/role/RL47017_2026.xml,,,,
"1, Bernières",,Granby,,,2289.1,1985,123600,396400,520000,2025,Logement,MAMH — Données Québec (rôle d'évaluation foncière),https://donneesouvertes.affmunqc.net/role/RL47017_2026.xml,,,,
"13, Bernières",,Granby,,,2235.2,1988,120700,416300,537000,2025,Logement,MAMH — Données Québec (rôle d'évaluation foncière),https://donneesouvertes.affmunqc.net/role/RL47017_2026.xml,,,,
"9, Bernières",,Granby,,,2244.5,1988,121200,399800,521000,2025,Logement,MAMH — Données Québec (rôle d'évaluation foncière),https://donneesouvertes.affmunqc.net/role/RL47017_2026.xml,,,,
"21, Bernières",,Granby,,,2090.3,1987,112900,344100,457000,2025,Logement,MAMH — Données Québec (rôle d'évaluation foncière),https://donneesouvertes.affmunqc.net/role/RL47017_2026.xml,,,,
"17, Bernières",,Granby,,,2194.6,1991,118500,378500,497000,2025,Logement,MAMH — Données Québec (rôle d'évaluation foncière),https://donneesouvertes.affmunqc.net/role/RL47017_2026.xml,,,,
"774, Brossard",,Granby,,,3193.4,1996,172400,276600,449000,2025,Logement,MAMH — Données Québec (rôle d'évaluation foncière),https://donneesouvertes.affmunqc.net/role/RL47017_2026.xml,,,,
"766, Brossard",,Granby,,,3284.6,1997,174700,407300,582000,2025,Logement,MAMH — Données Québec (rôle d'évaluation foncière),https://donneesouvertes.affmunqc.net/role/RL47017_2026.xml,,,,
"29, Bernières",,Granby,,,2106.4,1998,113700,448300,562000,2025,Logement,MAMH — Données Québec (rôle d'évaluation foncière),https://donneesouvertes.affmunqc.net/role/RL47017_2026.xml,,,,
"25, Bernières",,Granby,,,2090.3,1998,112900,250100,363000,2025,Logement,MAMH — Données Québec (rôle d'évaluation foncière),https://donneesouvertes.affmunqc.net/role/RL47017_2026.xml,,,,
"37, Boisjoli",,Granby,,,3094.9,1995,167100,396900,564000,2025,Logement,MAMH — Données Québec (rôle d'évaluation foncière),https://donneesouvertes.affmunqc.net/role/RL47017_2026.xml,,,,
"37, Bernières",,Granby,,,2090.3,1985,112900,302100,415000,2025,Logement,MAMH — Données Québec (rôle d'évaluation foncière),https://donneesouvertes.affmunqc.net/role/RL47017_2026.xml,,,,
"33, Bernières",,Granby,,,2217.9,1993,119800,365200,485000,2025,Logement,MAMH — Données Québec (rôle d'évaluation foncière),https://donneesouvertes.affmunqc.net/role/RL47017_2026.xml,,,,
"53, Martinets",,Granby,,,1946.8,1977,105100,300900,406000,2025,Logement,MAMH — Données Québec (rôle d'évaluation foncière),https://donneesouvertes.affmunqc.net/role/RL47017_2026.xml,,,,
"56, Piverts",,Granby,,,1953.5,1983,105500,378500,484000,2025,Logement,MAMH — Données Québec (rôle d'évaluation foncière),https://donneesouvertes.affmunqc.net/role/RL47017_2026.xml,,,,
"56, Martinets",,Granby,,,1951,1977,105400,424600,530000,2025,Logement,MAMH — Données Québec (rôle d'évaluation foncière),https://donneesouvertes.affmunqc.net/role/RL47017_2026.xml,,,,
"57, Martinets",,Granby,,,1976.3,1993,106700,357300,464000,2025,Logement,MAMH — Données Québec (rôle d'évaluation foncière),https://donneesouvertes.affmunqc.net/role/RL47017_2026.xml,,,,
"48, Pluviers",,Granby,,,2035.9,1979,109900,348100,458000,2025,Logement,MAMH — Données Québec (rôle d'évaluation foncière),https://donneesouvertes.affmunqc.net/role/RL47017_2026.xml,,,,
"57, Piverts",,Granby,,,1943,1977,104900,299100,404000,2025,Logement,MAMH — Données Québec (rôle d'évaluation foncière),https://donneesouvertes.affmunqc.net/role/RL47017_2026.xml,,,,
"60, Piverts",,Granby,,,1911.6,1994,103200,450800,554000,2025,Logement,MAMH — Données Québec (rôle d'évaluation foncière),https://donneesouvertes.affmunqc.net/role/RL47017_2026.xml,,,,
"52, Pluviers",,Granby,,,2152,1954,116200,292800,409000,2025,Logement,MAMH — Données Québec (rôle d'évaluation foncière),https://donneesouvertes.affmunqc.net/role/RL47017_2026.xml,,,,
"61, Piverts",,Granby,,,2062.5,1975,111400,296600,408000,2025,Logement,MAMH — Données Québec (rôle d'évaluation foncière),https://donneesouvertes.affmunqc.net/role/RL47017_2026.xml,,,,
"49, Pluviers",,Granby,,,2006.7,1977,108400,263600,372000,2025,Logement,MAMH — Données Québec (rôle d'évaluation foncière),https://donneesouvertes.affmunqc.net/role/RL47017_2026.xml,,,,
"53, Pluviers",,Granby,,,2006.7,1979,108400,366600,475000,2025,Logement,MAMH — Données Québec (rôle d'évaluation foncière),https://donneesouvertes.affmunqc.net/role/RL47017_2026.xml,,,,
"58, 9e",,Granby,,,15929.7,,685000,51000,736000,2025,Institutionnel,MAMH — Données Québec (rôle d'évaluation foncière),https://donneesouvertes.affmunqc.net/role/RL47017_2026.xml,,,,
"57, 9e, app. 61",,Granby,,,13198,,393000,,393000,2025,Terrain vacant,MAMH — Données Québec (rôle d'évaluation foncière),https://donneesouvertes.affmunqc.net/role/RL47017_2026.xml,,,,
"762, Brossard",,Granby,,,3377.78,,159000,,159000,2025,Terrain vacant,MAMH — Données Québec (rôle d'évaluation foncière),https://donneesouvertes.affmunqc.net/role/RL47017_2026.xml,,,,
"763, Brossard",,Granby,,,6939.08,,204000,,204000,2025,Terrain vacant,MAMH — Données Québec (rôle d'évaluation foncière),https://donneesouvertes.affmunqc.net/role/RL47017_2026.xml,,,,
"755, Brossard",,Granby,,,8468.98,,231000,,231000,2025,Terrain vacant,MAMH — Données Québec (rôle d'évaluation foncière),https://donneesouvertes.affmunqc.net/role/RL47017_2026.xml,,,,
"750, Brossard",,Granby,,,6754.68,,201000,,201000,2025,Terrain vacant,MAMH — Données Québec (rôle d'évaluation foncière),https://donneesouvertes.affmunqc.net/role/RL47017_2026.xml,,,,
"754, Brossard",,Granby,,,3343.88,,158000,,158000,2025,Terrain vacant,MAMH — Données Québec (rôle d'évaluation foncière),https://donneesouvertes.affmunqc.net/role/RL47017_2026.xml,,,,
"758, Brossard",,Granby,,,3342.78,2024,158000,788000,946000,2025,Logement,MAMH — Données Québec (rôle d'évaluation foncière),https://donneesouvertes.affmunqc.net/role/RL47017_2026.xml,,,,
"775, Brossard",,Granby,,,3024,1997,163300,307700,471000,2025,Logement,MAMH — Données Québec (rôle d'évaluation foncière),https://donneesouvertes.affmunqc.net/role/RL47017_2026.xml,,,,
"767, Brossard",,Granby,,,3024,1997,163300,281700,445000,2025,Logement,MAMH — Données Québec (rôle d'évaluation foncière),https://donneesouvertes.affmunqc.net/role/RL47017_2026.xml,,,,
"34, Boisjoli",,Granby,,,2336.1,,51000,,51000,2025,Terrain vacant,MAMH — Données Québec (rôle d'évaluation foncière),https://donneesouvertes.affmunqc.net/role/RL47017_2026.xml,,,,
"783, Brossard",,Granby,,,3015.9,1997,162900,349100,512000,2025,Logement,MAMH — Données Québec (rôle d'évaluation foncière),https://donneesouvertes.affmunqc.net/role/RL47017_2026.xml,,,,
"60, Martinets",,Granby,,,1951,1979,105400,312600,418000,2025,Logement,MAMH — Données Québec (rôle d'évaluation foncière),https://donneesouvertes.affmunqc.net/role/RL47017_2026.xml,,,,
"61, Martinets",,Granby,,,3037.3,1988,164000,257000,421000,2025,Logement,MAMH — Données Québec (rôle d'évaluation foncière),https://donneesouvertes.affmunqc.net/role/RL47017_2026.xml,,,,
"64, Martinets",,Granby,,,1951,1988,105400,324600,430000,2025,Logement,MAMH — Données Québec (rôle d'évaluation foncière),https://donneesouvertes.affmunqc.net/role/RL47017_2026.xml,,,,
"69, Martinets",,Granby,,,3000,1972,162000,299000,461000,2025,Logement,MAMH — Données Québec (rôle d'évaluation foncière),https://donneesouvertes.affmunqc.net/role/RL47017_2026.xml,,,,
"64, Piverts",,Granby,,,2867.2,1974,154800,464200,619000,2025,Logement,MAMH — Données Québec (rôle d'évaluation foncière),https://donneesouvertes.affmunqc.net/role/RL47017_2026.xml,,,,
"72, Piverts",,Granby,,,1920.7,1983,103700,243300,347000,2025,Logement,MAMH — Données Québec (rôle d'évaluation foncière),https://donneesouvertes.affmunqc.net/role/RL47017_2026.xml,,,,
"68, Piverts",,Granby,,,2745.6,1980,148300,453700,602000,2025,Logement,MAMH — Données Québec (rôle d'évaluation foncière),https://donneesouvertes.affmunqc.net/role/RL47017_2026.xml,,,,
"57, Pluviers",,Granby,,,2180,1979,117700,278300,396000,2025,Logement,MAMH — Données Québec (rôle d'évaluation foncière),https://donneesouvertes.affmunqc.net/role/RL47017_2026.xml,,,,
"76, Piverts",,Granby,,,1256.1,1977,67800,292200,360000,2025,Logement,MAMH — Données Québec (rôle d'évaluation foncière),https://donneesouvertes.affmunqc.net/role/RL47017_2026.xml,,,,
"61, Pluviers",,Granby,,,1858.1,1978,100300,205700,306000,2025,Logement,MAMH — Données Québec (rôle d'évaluation foncière),https://donneesouvertes.affmunqc.net/role/RL47017_2026.xml,,,,
"69, 9e",,Granby,,,1293,1967,69800,230200,300000,2025,Logement,MAMH — Données Québec (rôle d'évaluation foncière),https://donneesouvertes.affmunqc.net/role/RL47017_2026.xml,,,,
"63, 9e, app. 67",,Granby,,,12489,,377000,,377000,2025,Terrain vacant,MAMH — Données Québec (rôle d'évaluation foncière),https://donneesouvertes.affmunqc.net/role/RL47017_2026.xml,,,,
"771, Brossard",,Granby,,,12950.6,,557000,,557000,2025,Institutionnel,MAMH — Données Québec (rôle d'évaluation foncière),https://donneesouvertes.affmunqc.net/role/RL47017_2026.xml,,,,
"774, Béthanie",,Granby,,,5089.6,2003,214400,442600,657000,2025,Logement,MAMH — Données Québec (rôle d'évaluation foncière),https://donneesouvertes.affmunqc.net/role/RL47017_2026.xml,,,,
"45, Boisjoli",,Granby,,,3055.4,2004,165000,425000,590000,2025,Logement,MAMH — Données Québec (rôle d'évaluation foncière),https://donneesouvertes.affmunqc.net/role/RL47017_2026.xml,,,,
"49, Boisjoli",,Granby,,,4236.7,2005,195600,371400,567000,2025,Logement,MAMH — Données Québec (rôle d'évaluation foncière),https://donneesouvertes.affmunqc.net/role/RL47017_2026.xml,,,,
"68, Martinets",,Granby,,,930.9,1975,50300,277700,328000,2025,Logement,MAMH — Données Québec (rôle d'évaluation foncière),https://donneesouvertes.affmunqc.net/role/RL47017_2026.xml,,,,
"30, Promenade",,Granby,,,2181.8,1972,117800,386200,504000,2025,Logement,MAMH — Données Québec (rôle d'évaluation foncière),https://donneesouvertes.affmunqc.net/role/RL47017_2026.xml,,,,
"22, Promenade",,Granby,,,5799.2,1973,230000,271000,501000,2025,Logement,MAMH — Données Québec (rôle d'évaluation foncière),https://donneesouvertes.affmunqc.net/role/RL47017_2026.xml,,,,
"35, Promenade",,Granby,,,2757.1,1973,148900,419100,568000,2025,Logement,MAMH — Données Québec (rôle d'évaluation foncière),https://donneesouvertes.affmunqc.net/role/RL47017_2026.xml,,,,
"104, Pluviers",,Granby,,,2637.1,1985,142400,521600,664000,2025,Logement,MAMH — Données Québec (rôle d'évaluation foncière),https://donneesouvertes.affmunqc.net/role/RL47017_2026.xml,,,,
"43, Promenade",,Granby,,,972.4,1992,52500,297500,350000,2025,Logement,MAMH — Données Québec (rôle d'évaluation foncière),https://donneesouvertes.affmunqc.net/role/RL47017_2026.xml,,,,
"108, Pluviers",,Granby,,,2197.9,1978,118700,235300,354000,2025,Logement,MAMH — Données Québec (rôle d'évaluation foncière),https://donneesouvertes.affmunqc.net/role/RL47017_2026.xml,,,,
"64, Pluviers",,Granby,,,2326.8,1979,125600,295400,421000,2025,Logement,MAMH — Données Québec (rôle d'évaluation foncière),https://donneesouvertes.affmunqc.net/role/RL47017_2026.xml,,,,
"65, Pluviers",,Granby,,,2353.2,1979,127100,301900,429000,2025,Logement,MAMH — Données Québec (rôle d'évaluation foncière),https://donneesouvertes.affmunqc.net/role/RL47017_2026.xml,,,,
"72, Pluviers",,Granby,,,2441.5,1987,131800,526200,658000,2025,Logement,MAMH — Données Québec (rôle d'évaluation foncière),https://donneesouvertes.affmunqc.net/role/RL47017_2026.xml,,,,
"69, Pluviers",,Granby,,,4435.7,1979,200000,441000,641000,2025,Logement,MAMH — Données Québec (rôle d'évaluation foncière),https://donneesouvertes.affmunqc.net/role/RL47017_2026.xml,,,,
"85, 9e",,Granby,,,3867.7,1945,187500,277500,465000,2025,Logement,MAMH — Données Québec (rôle d'évaluation foncière),https://donneesouvertes.affmunqc.net/role/RL47017_2026.xml,,,,
"767, Béthanie",,Granby,,,3319.4,2002,175400,240600,416000,2025,Logement,MAMH — Données Québec (rôle d'évaluation foncière),https://donneesouvertes.affmunqc.net/role/RL47017_2026.xml,,,,
"764, Brigham",,Granby,,,3456.7,2015,178400,504600,683000,2025,Logement,MAMH — Données Québec (rôle d'évaluation foncière),https://donneesouvertes.affmunqc.net/role/RL47017_2026.xml,,,,
"775, Béthanie",,Granby,,,3740.3,2001,184700,414300,599000,2025,Logement,MAMH — Données Québec (rôle d'évaluation foncière),https://donneesouvertes.affmunqc.net/role/RL47017_2026.xml,,,,
"53, Boisjoli",,Granby,,,3185.7,2005,172000,450000,622000,2025,Logement,MAMH — Données Québec (rôle d'évaluation foncière),https://donneesouvertes.affmunqc.net/role/RL47017_2026.xml,,,,
"726, Brigham",,Granby,,,4000,2020,190400,644600,835000,2025,Logement,MAMH — Données Québec (rôle d'évaluation foncière),https://donneesouvertes.affmunqc.net/role/RL47017_2026.xml,,,,
"823, Nicole",,Granby,,,1035,,57000,,57000,2025,Terrain vacant,MAMH — Données Québec (rôle d'évaluation foncière),https://donneesouvertes.affmunqc.net/role/RL47017_2026.xml,,,,
"820, Dufferin",,Granby,,,3660.9,2025,202000,1395000,1597000,2025,Immeuble à bureaux,MAMH — Données Québec (rôle d'évaluation foncière),https://donneesouvertes.affmunqc.net/role/RL47017_2026.xml,,,,
"840, Dufferin",,Granby,,,3082.3,,169000,,169000,2025,Terrain vacant,MAMH — Données Québec (rôle d'évaluation foncière),https://donneesouvertes.affmunqc.net/role/RL47017_2026.xml,,,,
"835, Nicole",,Granby,,,1155.4,,62000,,62000,2025,Terrain vacant,MAMH — Données Québec (rôle d'évaluation foncière),https://donneesouvertes.affmunqc.net/role/RL47017_2026.xml,,,,
"831, Nicole",,Granby,,,2242.4,2024,123300,321700,445000,2025,Logement,MAMH — Données Québec (rôle d'évaluation foncière),https://donneesouvertes.affmunqc.net/role/RL47017_2026.xml,,,,
"850, Dufferin",,Granby,,,2207,1976,121400,427600,549000,2025,Logement,MAMH — Données Québec (rôle d'évaluation foncière),https://donneesouvertes.affmunqc.net/role/RL47017_2026.xml,,,,
"848, Dufferin",,Granby,,,1045.7,,58000,,58000,2025,Terrain vacant,MAMH — Données Québec (rôle d'évaluation foncière),https://donneesouvertes.affmunqc.net/role/RL47017_2026.xml,,,,
"851, Nicole",,Granby,,,3766.9,2023,207200,392800,600000,2025,Logement,MAMH — Données Québec (rôle d'évaluation foncière),https://donneesouvertes.affmunqc.net/role/RL47017_2026.xml,,,,
"868, Dufferin",,Granby,,,1251.4,2005,86000,328000,414000,2025,Immeuble à bureaux,MAMH — Données Québec (rôle d'évaluation foncière),https://donneesouvertes.affmunqc.net/role/RL47017_2026.xml,,,,
"860, Dufferin",,Granby,,,964.2,1989,68900,195100,264000,2025,Industrie,MAMH — Données Québec (rôle d'évaluation foncière),https://donneesouvertes.affmunqc.net/role/RL47017_2026.xml,,,,
"14, Deslandes",,Granby,,,6416.1,2008,243600,331400,575000,2025,Logement,MAMH — Données Québec (rôle d'évaluation foncière),https://donneesouvertes.affmunqc.net/role/RL47017_2026.xml,,,,
"10, Deslandes",,Granby,,,2022.6,1960,109200,157800,267000,2025,Logement,MAMH — Données Québec (rôle d'évaluation foncière),https://donneesouvertes.affmunqc.net/role/RL47017_2026.xml,,,,
"872, Dufferin",,Granby,,,1995.8,1955,109800,133200,243000,2025,Immeuble à bureaux,MAMH — Données Québec (rôle d'évaluation foncière),https://donneesouvertes.affmunqc.net/role/RL47017_2026.xml,,,,
"876, Dufferin",,Granby,,,943.6,1956,67500,178500,246000,2025,Logement,MAMH — Données Québec (rôle d'évaluation foncière),https://donneesouvertes.affmunqc.net/role/RL47017_2026.xml,,,,
"880, Dufferin",,Granby,,,943.45,1964,67500,150500,218000,2025,Logement,MAMH — Données Québec (rôle d'évaluation foncière),https://donneesouvertes.affmunqc.net/role/RL47017_2026.xml,,,,
"888, Dufferin",,Granby,,,1132.1,1962,80900,183100,264000,2025,Logement,MAMH — Données Québec (rôle d'évaluation foncière),https://donneesouvertes.affmunqc.net/role/RL47017_2026.xml,,,,
"880, Maurice",,Granby,,,5016.8,2009,212800,407200,620000,2025,Logement,MAMH — Données Québec (rôle d'évaluation foncière),https://donneesouvertes.affmunqc.net/role/RL47017_2026.xml,,,,
"890, Dufferin",,Granby,,,2452.5,1965,134900,317100,452000,2025,Industrie,MAMH — Données Québec (rôle d'évaluation foncière),https://donneesouvertes.affmunqc.net/role/RL47017_2026.xml,,,,
"896, Dufferin, app. 904",,Granby,,,3016.7,1976,165900,623100,789000,2025,Immeuble à bureaux,MAMH — Données Québec (rôle d'évaluation foncière),https://donneesouvertes.affmunqc.net/role/RL47017_2026.xml,,,,
"884, Maurice",,Granby,,,2451.9,,132400,47600,180000,2025,Logement,MAMH — Données Québec (rôle d'évaluation foncière),https://donneesouvertes.affmunqc.net/role/RL47017_2026.xml,,,,
"908, Dufferin, app. 910",,Granby,,,1728.6,1975,95100,353900,449000,2025,Logement,MAMH — Données Québec (rôle d'évaluation foncière),https://donneesouvertes.affmunqc.net/role/RL47017_2026.xml,,,,
"920, Dufferin, app. 922",,Granby,,,1100.6,1960,78700,308300,387000,2025,Logement,MAMH — Données Québec (rôle d'évaluation foncière),https://donneesouvertes.affmunqc.net/role/RL47017_2026.xml,,,,
"934, Dufferin",,Granby,,,943.9,1964,67500,151500,219000,2025,Logement,MAMH — Données Québec (rôle d'évaluation foncière),https://donneesouvertes.affmunqc.net/role/RL47017_2026.xml,,,,
"938, Dufferin",,Granby,,,1888.9,1975,103900,279100,383000,2025,Logement,MAMH — Données Québec (rôle d'évaluation foncière),https://donneesouvertes.affmunqc.net/role/RL47017_2026.xml,,,,
"888, Maurice",,Granby,,,2043.6,2005,110400,244600,355000,2025,Logement,MAMH — Données Québec (rôle d'évaluation foncière),https://donneesouvertes.affmunqc.net/role/RL47017_2026.xml,,,,
"15, Daniel",,Granby,,,1013.9,1965,79400,308600,388000,2025,Logement,MAMH — Données Québec (rôle d'évaluation foncière),https://donneesouvertes.affmunqc.net/role/RL47017_2026.xml,,,,
"948, Dufferin",,Granby,,,1417.6,1962,93600,246400,340000,2025,Logement,MAMH — Données Québec (rôle d'évaluation foncière),https://donneesouvertes.affmunqc.net/role/RL47017_2026.xml,,,,
"952, Dufferin",,Granby,,,1409.8,1963,93000,253000,346000,2025,Logement,MAMH — Données Québec (rôle d'évaluation foncière),https://donneesouvertes.affmunqc.net/role/RL47017_2026.xml,,,,
"963, Maurice",,Granby,,,836.1,1965,70000,255000,325000,2025,Logement,MAMH — Données Québec (rôle d'évaluation foncière),https://donneesouvertes.affmunqc.net/role/RL47017_2026.xml,,,,
"967, Maurice",,Granby,,,830.4,1975,62800,236200,299000,2025,Logement,MAMH — Données Québec (rôle d'évaluation foncière),https://donneesouvertes.affmunqc.net/role/RL47017_2026.xml,,,,
"8, Daniel",,Granby,,,2740.1,1966,148000,207000,355000,2025,Logement,MAMH — Données Québec (rôle d'évaluation foncière),https://donneesouvertes.affmunqc.net/role/RL47017_2026.xml,,,,
"4, Daniel",,Granby,,,1193.4,,91000,,91000,2025,Terrain vacant,MAMH — Données Québec (rôle d'évaluation foncière),https://donneesouvertes.affmunqc.net/role/RL47017_2026.xml,,,,
"992, Dufferin",,Granby,,,4485.7,,209700,287300,497000,2025,Logement,MAMH — Données Québec (rôle d'évaluation foncière),https://donneesouvertes.affmunqc.net/role/RL47017_2026.xml,,,,
"15, Gérard",,Granby,,,2465.3,1975,133100,221900,355000,2025,Logement,MAMH — Données Québec (rôle d'évaluation foncière),https://donneesouvertes.affmunqc.net/role/RL47017_2026.xml,,,,
"12, Gérard",,Granby,,,2118.2,1974,114400,233600,348000,2025,Logement,MAMH — Données Québec (rôle d'évaluation foncière),https://donneesouvertes.affmunqc.net/role/RL47017_2026.xml,,,,
"8, Gérard",,Granby,,,2118.2,,114000,,114000,2025,Terrain vacant,MAMH — Données Québec (rôle d'évaluation foncière),https://donneesouvertes.affmunqc.net/role/RL47017_2026.xml,,,,
"23, Montpellier",,Granby,,,2893,1981,156200,247800,404000,2025,Logement,MAMH — Données Québec (rôle d'évaluation foncière),https://donneesouvertes.affmunqc.net/role/RL47017_2026.xml,,,,
"19, Montpellier",,Granby,,,3099,1981,167300,319700,487000,2025,Logement,MAMH — Données Québec (rôle d'évaluation foncière),https://donneesouvertes.affmunqc.net/role/RL47017_2026.xml,,,,
"1020, Dufferin",,Granby,,,4037.7,1978,222000,269000,491000,2025,Immeuble à bureaux,MAMH — Données Québec (rôle d'évaluation foncière),https://donneesouvertes.affmunqc.net/role/RL47017_2026.xml,,,,
"831, Dufferin, app. 833",,Granby,,,1474.5,,81100,389900,471000,2025,Logement,MAMH — Données Québec (rôle d'évaluation foncière),https://donneesouvertes.affmunqc.net/role/RL47017_2026.xml,,,,
"823, Dufferin",,Granby,,,1439.3,1952,95000,259000,354000,2025,Logement,MAMH — Données Québec (rôle d'évaluation foncière),https://donneesouvertes.affmunqc.net/role/RL47017_2026.xml,,,,
"827, Dufferin",,Granby,,,5941.2,,294100,1197900,1492000,2025,Immeuble à bureaux,MAMH — Données Québec (rôle d'évaluation foncière),https://donneesouvertes.affmunqc.net/role/RL47017_2026.xml,,,,
"837, Dufferin",,Granby,,,1784.1,1959,98100,235900,334000,2025,Logement,MAMH — Données Québec (rôle d'évaluation foncière),https://donneesouvertes.affmunqc.net/role/RL47017_2026.xml,,,,
"845, Dufferin, app. 847",,Granby,,,1235.5,1968,84900,358100,443000,2025,Logement,MAMH — Données Québec (rôle d'évaluation foncière),https://donneesouvertes.affmunqc.net/role/RL47017_2026.xml,,,,
"841, Dufferin",,Granby,,,2097.4,1962,115400,274600,390000,2025,Logement,MAMH — Données Québec (rôle d'évaluation foncière),https://donneesouvertes.affmunqc.net/role/RL47017_2026.xml,,,,
"851, Dufferin",,Granby,,,10221.5,,404800,319200,724000,2025,Logement,MAMH — Données Québec (rôle d'évaluation foncière),https://donneesouvertes.affmunqc.net/role/RL47017_2026.xml,,,,
"5, Barré",,Granby,,,2646.6,1969,90800,194200,285000,2025,Logement,MAMH — Données Québec (rôle d'évaluation foncière),https://donneesouvertes.affmunqc.net/role/RL47017_2026.xml,,,,
"861, Dufferin",,Granby,,,2985.4,,189000,,189000,2025,Terrain vacant,MAMH — Données Québec (rôle d'évaluation foncière),https://donneesouvertes.affmunqc.net/role/RL47017_2026.xml,,,,
"871, Dufferin, app. 875",,Granby,,,7776.4,,384900,538100,923000,2025,Immeuble à bureaux,MAMH — Données Québec (rôle d'évaluation foncière),https://donneesouvertes.affmunqc.net/role/RL47017_2026.xml,,,,
"802, Beauport",,Granby,,,3307.7,2011,175200,803800,979000,2025,Logement,MAMH — Données Québec (rôle d'évaluation foncière),https://donneesouvertes.affmunqc.net/role/RL47017_2026.xml,,,,
"806, Beauport",,Granby,,,3229.9,1998,173500,742500,916000,2025,Logement,MAMH — Données Québec (rôle d'évaluation foncière),https://donneesouvertes.affmunqc.net/role/RL47017_2026.xml,,,,
"901, Dufferin, app. 903",,Granby,,,1658.6,,91200,645800,737000,2025,Logement,MAMH — Données Québec (rôle d'évaluation foncière),https://donneesouvertes.affmunqc.net/role/RL47017_2026.xml,,,,
"911, Dufferin",,Granby,,,1849.6,2010,101700,460300,562000,2025,Immeuble à bureaux,MAMH — Données Québec (rôle d'évaluation foncière),https://donneesouvertes.affmunqc.net/role/RL47017_2026.xml,,,,
"810, Beauport",,Granby,,,3040.2,1989,164200,394800,559000,2025,Logement,MAMH — Données Québec (rôle d'évaluation foncière),https://donneesouvertes.affmunqc.net/role/RL47017_2026.xml,,,,
"915, Dufferin",,Granby,,,1500,1950,99000,274000,373000,2025,Logement,MAMH — Données Québec (rôle d'évaluation foncière),https://donneesouvertes.affmunqc.net/role/RL47017_2026.xml,,,,
"927, Dufferin",,Granby,,,1045.2,1963,74700,309300,384000,2025,Logement,MAMH — Données Québec (rôle d'évaluation foncière),https://donneesouvertes.affmunqc.net/role/RL47017_2026.xml,,,,
"939, Dufferin",,Granby,,,1463.2,1963,96600,281400,378000,2025,Logement,MAMH — Données Québec (rôle d'évaluation foncière),https://donneesouvertes.affmunqc.net/role/RL47017_2026.xml,,,,
"943, Dufferin",,Granby,,,1003.3,1970,71700,226300,298000,2025,Logement,MAMH — Données Québec (rôle d'évaluation foncière),https://donneesouvertes.affmunqc.net/role/RL47017_2026.xml,,,,
"957, Dufferin",,Granby,,,2215.8,1971,121900,371100,493000,2025,Logement,MAMH — Données Québec (rôle d'évaluation foncière),https://donneesouvertes.affmunqc.net/role/RL47017_2026.xml,,,,
"961, Dufferin",,Granby,,,961.5,,71000,,71000,2025,Terrain vacant,MAMH — Données Québec (rôle d'évaluation foncière),https://donneesouvertes.affmunqc.net/role/RL47017_2026.xml,,,,
"974, Dufferin",,Granby,,,1266,1961,83600,165400,249000,2025,Logement,MAMH — Données Québec (rôle d'évaluation foncière),https://donneesouvertes.affmunqc.net/role/RL47017_2026.xml,,,,
"978, Dufferin",,Granby,,,947.7,1940,67800,162200,230000,2025,Logement,MAMH — Données Québec (rôle d'évaluation foncière),https://donneesouvertes.affmunqc.net/role/RL47017_2026.xml,,,,
"966, Dufferin",,Granby,,,802,1966,60900,191100,252000,2025,Logement,MAMH — Données Québec (rôle d'évaluation foncière),https://donneesouvertes.affmunqc.net/role/RL47017_2026.xml,,,,
"969, Dufferin",,Granby,,,1672.3,2002,92000,175000,267000,2025,Industrie,MAMH — Données Québec (rôle d'évaluation foncière),https://donneesouvertes.affmunqc.net/role/RL47017_2026.xml,,,,
"983, Dufferin",,Granby,,,1393.6,1950,95800,361200,457000,2025,Logement,MAMH — Données Québec (rôle d'évaluation foncière),https://donneesouvertes.affmunqc.net/role/RL47017_2026.xml,,,,
"987, Dufferin",,Granby,,,723.6,1960,54900,154100,209000,2025,Logement,MAMH — Données Québec (rôle d'évaluation foncière),https://donneesouvertes.affmunqc.net/role/RL47017_2026.xml,,,,
"993, Dufferin",,Granby,,,1502.7,1980,99200,422800,522000,2025,Logement,MAMH — Données Québec (rôle d'évaluation foncière),https://donneesouvertes.affmunqc.net/role/RL47017_2026.xml,,,,
"1008, Dufferin",,Granby,,,1751.5,1965,96300,245700,342000,2025,Logement,MAMH — Données Québec (rôle d'évaluation foncière),https://donneesouvertes.affmunqc.net/role/RL47017_2026.xml,,,,
"999, Dufferin",,Granby,,,1653.2,1963,90900,258100,349000,2025,Logement,MAMH — Données Québec (rôle d'évaluation foncière),https://donneesouvertes.affmunqc.net/role/RL47017_2026.xml,,,,
"1003, Dufferin",,Granby,,,836.2,1960,63500,168500,232000,2025,Logement,MAMH — Données Québec (rôle d'évaluation foncière),https://donneesouvertes.affmunqc.net/role/RL47017_2026.xml,,,,
"1009, Dufferin",,Granby,,,714.6,,33000,,33000,2025,Terrain vacant,MAMH — Données Québec (rôle d'évaluation foncière),https://donneesouvertes.affmunqc.net/role/RL47017_2026.xml,,,,
"1024, Dufferin",,Granby,,,4055.3,,223000,,223000,2025,Terrain vacant,MAMH — Données Québec (rôle d'évaluation foncière),https://donneesouvertes.affmunqc.net/role/RL47017_2026.xml,,,,
"1011, Dufferin",,Granby,,,3009.4,2006,206900,238100,445000,2025,Immeuble commercial,MAMH — Données Québec (rôle d'évaluation foncière),https://donneesouvertes.affmunqc.net/role/RL47017_2026.xml,,,,
"1021, Dufferin",,Granby,,,1504.6,1962,82800,237200,320000,2025,Logement,MAMH — Données Québec (rôle d'évaluation foncière),https://donneesouvertes.affmunqc.net/role/RL47017_2026.xml,,,,
"1025, Dufferin",,Granby,,,2383.5,,131100,343900,475000,2025,Industrie,MAMH — Données Québec (rôle d'évaluation foncière),https://donneesouvertes.affmunqc.net/role/RL47017_2026.xml,,,,
"782, Beauport",,Granby,,,2084,2010,112500,509500,622000,2025,Logement,MAMH — Données Québec (rôle d'évaluation foncière),https://donneesouvertes.affmunqc.net/role/RL47017_2026.xml,,,,
"778, Beauport",,Granby,,,2107.6,1993,113800,589200,703000,2025,Logement,MAMH — Données Québec (rôle d'évaluation foncière),https://donneesouvertes.affmunqc.net/role/RL47017_2026.xml,,,,
"14, Barré",,Granby,,,1861.2,1986,100500,372500,473000,2025,Logement,MAMH — Données Québec (rôle d'évaluation foncière),https://donneesouvertes.affmunqc.net/role/RL47017_2026.xml,,,,
"2, Boisbriand",,Granby,,,1861.2,1989,100500,331500,432000,2025,Logement,MAMH — Données Québec (rôle d'évaluation foncière),https://donneesouvertes.affmunqc.net/role/RL47017_2026.xml,,,,
"786, Beauport",,Granby,,,3236.6,1988,173600,300400,474000,2025,Logement,MAMH — Données Québec (rôle d'évaluation foncière),https://donneesouvertes.affmunqc.net/role/RL47017_2026.xml,,,,
"11, Bonaventure",,Granby,,,3274.3,1988,174400,451600,626000,2025,Logement,MAMH — Données Québec (rôle d'évaluation foncière),https://donneesouvertes.affmunqc.net/role/RL47017_2026.xml,,,,
"785, Beauport",,Granby,,,3275.8,1987,174500,261500,436000,2025,Logement,MAMH — Données Québec (rôle d'évaluation foncière),https://donneesouvertes.affmunqc.net/role/RL47017_2026.xml,,,,
"798, Beauport",,Granby,,,5383.5,,220800,488200,709000,2025,Logement,MAMH — Données Québec (rôle d'évaluation foncière),https://donneesouvertes.affmunqc.net/role/RL47017_2026.xml,,,,
"10, Bonaventure",,Granby,,,3130,1988,169000,360000,529000,2025,Logement,MAMH — Données Québec (rôle d'évaluation foncière),https://donneesouvertes.affmunqc.net/role/RL47017_2026.xml,,,,
"9, Bécancour",,Granby,,,3710.7,1988,184000,294000,478000,2025,Logement,MAMH — Données Québec (rôle d'évaluation foncière),https://donneesouvertes.affmunqc.net/role/RL47017_2026.xml,,,,
"803, Beauport",,Granby,,,3651.8,1987,182700,302300,485000,2025,Logement,MAMH — Données Québec (rôle d'évaluation foncière),https://donneesouvertes.affmunqc.net/role/RL47017_2026.xml,,,,
"814, Beauport",,Granby,,,3039.6,1988,164100,428900,593000,2025,Logement,MAMH — Données Québec (rôle d'évaluation foncière),https://donneesouvertes.affmunqc.net/role/RL47017_2026.xml,,,,
"818, Beauport",,Granby,,,3041.9,1989,164300,447700,612000,2025,Logement,MAMH — Données Québec (rôle d'évaluation foncière),https://donneesouvertes.affmunqc.net/role/RL47017_2026.xml,,,,
"6, Berthier",,Granby,,,3207.3,1990,173000,348000,521000,2025,Logement,MAMH — Données Québec (rôle d'évaluation foncière),https://donneesouvertes.affmunqc.net/role/RL47017_2026.xml,,,,
"822, Beauport",,Granby,,,3046.9,1992,164500,473500,638000,2025,Logement,MAMH — Données Québec (rôle d'évaluation foncière),https://donneesouvertes.affmunqc.net/role/RL47017_2026.xml,,,,
"826, Beauport",,Granby,,,3053,1995,164900,649100,814000,2025,Logement,MAMH — Données Québec (rôle d'évaluation foncière),https://donneesouvertes.affmunqc.net/role/RL47017_2026.xml,,,,
"7, Beloeil",,Granby,,,3207.9,1990,173000,765000,938000,2025,Logement,MAMH — Données Québec (rôle d'évaluation foncière),https://donneesouvertes.affmunqc.net/role/RL47017_2026.xml,,,,
"830, Beauport",,Granby,,,3060.7,2018,165300,733700,899000,2025,Logement,MAMH — Données Québec (rôle d'évaluation foncière),https://donneesouvertes.affmunqc.net/role/RL47017_2026.xml,,,,
"834, Beauport",,Granby,,,3066.6,2011,165600,447400,613000,2025,Logement,MAMH — Données Québec (rôle d'évaluation foncière),https://donneesouvertes.affmunqc.net/role/RL47017_2026.xml,,,,
"6, Beloeil",,Granby,,,3207.3,1989,173000,328000,501000,2025,Logement,MAMH — Données Québec (rôle d'évaluation foncière),https://donneesouvertes.affmunqc.net/role/RL47017_2026.xml,,,,
"838, Beauport",,Granby,,,4820.4,,208000,,208000,2025,Terrain vacant,MAMH — Données Québec (rôle d'évaluation foncière),https://donneesouvertes.affmunqc.net/role/RL47017_2026.xml,,,,
"842, Beauport",,Granby,,,4239.9,2017,195700,516300,712000,2025,Logement,MAMH — Données Québec (rôle d'évaluation foncière),https://donneesouvertes.affmunqc.net/role/RL47017_2026.xml,,,,
"157, Lévis",,Granby,,,2781.8,,111000,,111000,2025,Terrain vacant,MAMH — Données Québec (rôle d'évaluation foncière),https://donneesouvertes.affmunqc.net/role/RL47017_2026.xml,,,,
"153, Lévis",,Granby,,,4040.1,2019,146000,884000,1030000,2025,Logement,MAMH — Données Québec (rôle d'évaluation foncière),https://donneesouvertes.affmunqc.net/role/RL47017_2026.xml,,,,
"18, Barré",,Granby,,,1867.4,1987,100800,319200,420000,2025,Logement,MAMH — Données Québec (rôle d'évaluation foncière),https://donneesouvertes.affmunqc.net/role/RL47017_2026.xml,,,,
"6, Boisbriand",,Granby,,,1867.4,1989,100800,315200,416000,2025,Logement,MAMH — Données Québec (rôle d'évaluation foncière),https://donneesouvertes.affmunqc.net/role/RL47017_2026.xml,,,,
"22, Barré",,Granby,,,1867.4,1987,100800,240200,341000,2025,Logement,MAMH — Données Québec (rôle d'évaluation foncière),https://donneesouvertes.affmunqc.net/role/RL47017_2026.xml,,,,
"10, Boisbriand",,Granby,,,1867.4,1987,100800,279200,380000,2025,Logement,MAMH — Données Québec (rôle d'évaluation foncière),https://donneesouvertes.affmunqc.net/role/RL47017_2026.xml,,,,
"15, Bonaventure",,Granby,,,3013.4,1989,162700,419300,582000,2025,Logement,MAMH — Données Québec (rôle d'évaluation foncière),https://donneesouvertes.affmunqc.net/role/RL47017_2026.xml,,,,
"11, Barré",,Granby,,,3013.4,1988,162700,358300,521000,2025,Logement,MAMH — Données Québec (rôle d'évaluation foncière),https://donneesouvertes.affmunqc.net/role/RL47017_2026.xml,,,,
"14, Bonaventure",,Granby,,,3990,1989,190200,307800,498000,2025,Logement,MAMH — Données Québec (rôle d'évaluation foncière),https://donneesouvertes.affmunqc.net/role/RL47017_2026.xml,,,,
"18, Bonaventure",,Granby,,,3236.4,1988,173600,340400,514000,2025,Logement,MAMH — Données Québec (rôle d'évaluation foncière),https://donneesouvertes.affmunqc.net/role/RL47017_2026.xml,,,,
"13, Bécancour",,Granby,,,4284.4,1988,196700,383300,580000,2025,Logement,MAMH — Données Québec (rôle d'évaluation foncière),https://donneesouvertes.affmunqc.net/role/RL47017_2026.xml,,,,
"17, Bécancour",,Granby,,,3481.8,1987,179000,353000,532000,2025,Logement,MAMH — Données Québec (rôle d'évaluation foncière),https://donneesouvertes.affmunqc.net/role/RL47017_2026.xml,,,,
"10, Bécancour",,Granby,,,11237,,483000,,483000,2025,Institutionnel,MAMH — Données Québec (rôle d'évaluation foncière),https://donneesouvertes.affmunqc.net/role/RL47017_2026.xml,,,,
"14, Bécancour",,Granby,,,3294.2,1987,174900,414100,589000,2025,Logement,MAMH — Données Québec (rôle d'évaluation foncière),https://donneesouvertes.affmunqc.net/role/RL47017_2026.xml,,,,
"15, Berthier",,Granby,,,3156.4,1988,170400,377600,548000,2025,Logement,MAMH — Données Québec (rôle d'évaluation foncière),https://donneesouvertes.affmunqc.net/role/RL47017_2026.xml,,,,
"10, Berthier",,Granby,,,3171.6,1990,171300,239700,411000,2025,Logement,MAMH — Données Québec (rôle d'évaluation foncière),https://donneesouvertes.affmunqc.net/role/RL47017_2026.xml,,,,
"14, Berthier",,Granby,,,3171.6,1989,171300,308700,480000,2025,Logement,MAMH — Données Québec (rôle d'évaluation foncière),https://donneesouvertes.affmunqc.net/role/RL47017_2026.xml,,,,
"11, Beloeil",,Granby,,,3171.6,1988,171300,337700,509000,2025,Logement,MAMH — Données Québec (rôle d'évaluation foncière),https://donneesouvertes.affmunqc.net/role/RL47017_2026.xml,,,,
"15, Beloeil",,Granby,,,3171.6,1988,171300,310700,482000,2025,Logement,MAMH — Données Québec (rôle d'évaluation foncière),https://donneesouvertes.affmunqc.net/role/RL47017_2026.xml,,,,
"841, Beauport",,Granby,,,3208,2009,173000,525000,698000,2025,Logement,MAMH — Données Québec (rôle d'évaluation foncière),https://donneesouvertes.affmunqc.net/role/RL47017_2026.xml,,,,
"10, Beloeil",,Granby,,,3171.6,1988,171300,285700,457000,2025,Logement,MAMH — Données Québec (rôle d'évaluation foncière),https://donneesouvertes.affmunqc.net/role/RL47017_2026.xml,,,,
"845, Beauport",,Granby,,,3171.6,2011,171300,760700,932000,2025,Logement,MAMH — Données Québec (rôle d'évaluation foncière),https://donneesouvertes.affmunqc.net/role/RL47017_2026.xml,,,,
"14, Beloeil",,Granby,,,3171.6,1991,171300,455700,627000,2025,Logement,MAMH — Données Québec (rôle d'évaluation foncière),https://donneesouvertes.affmunqc.net/role/RL47017_2026.xml,,,,
"149, Lévis",,Granby,,,1867.4,1988,74700,410300,485000,2025,Logement,MAMH — Données Québec (rôle d'évaluation foncière),https://donneesouvertes.affmunqc.net/role/RL47017_2026.xml,,,,
"846, Beauport",,Granby,,,3025,2021,163400,615600,779000,2025,Logement,MAMH — Données Québec (rôle d'évaluation foncière),https://donneesouvertes.affmunqc.net/role/RL47017_2026.xml,,,,
"145, Lévis",,Granby,,,1867.4,1990,74700,241300,316000,2025,Logement,MAMH — Données Québec (rôle d'évaluation foncière),https://donneesouvertes.affmunqc.net/role/RL47017_2026.xml,,,,
"132, Lévis",,Granby,,,1916.2,,77000,,77000,2025,Terrain vacant,MAMH — Données Québec (rôle d'évaluation foncière),https://donneesouvertes.affmunqc.net/role/RL47017_2026.xml,,,,
"1, Lauzon",,Granby,,,1926.1,1991,77000,401000,478000,2025,Logement,MAMH — Données Québec (rôle d'évaluation foncière),https://donneesouvertes.affmunqc.net/role/RL47017_2026.xml,,,,
"128, Lévis",,Granby,,,1923.7,1991,76900,390100,467000,2025,Logement,MAMH — Données Québec (rôle d'évaluation foncière),https://donneesouvertes.affmunqc.net/role/RL47017_2026.xml,,,,
"5, Lauzon",,Granby,,,1923.7,1984,76900,282100,359000,2025,Logement,MAMH — Données Québec (rôle d'évaluation foncière),https://donneesouvertes.affmunqc.net/role/RL47017_2026.xml,,,,
"26, Barré",,Granby,,,1867.4,1986,100800,265200,366000,2025,Logement,MAMH — Données Québec (rôle d'évaluation foncière),https://donneesouvertes.affmunqc.net/role/RL47017_2026.xml,,,,
"14, Boisbriand",,Granby,,,1867.4,1987,100800,295200,396000,2025,Logement,MAMH — Données Québec (rôle d'évaluation foncière),https://donneesouvertes.affmunqc.net/role/RL47017_2026.xml,,,,
"30, Barré",,Granby,,,1867.4,1986,100800,302200,403000,2025,Logement,MAMH — Données Québec (rôle d'évaluation foncière),https://donneesouvertes.affmunqc.net/role/RL47017_2026.xml,,,,
"18, Boisbriand",,Granby,,,1867.4,1987,100800,331200,432000,2025,Logement,MAMH — Données Québec (rôle d'évaluation foncière),https://donneesouvertes.affmunqc.net/role/RL47017_2026.xml,,,,
"19, Bonaventure",,Granby,,,3013.4,1987,162700,337300,500000,2025,Logement,MAMH — Données Québec (rôle d'évaluation foncière),https://donneesouvertes.affmunqc.net/role/RL47017_2026.xml,,,,
"15, Barré",,Granby,,,3013.4,1988,162700,362300,525000,2025,Logement,MAMH — Données Québec (rôle d'évaluation foncière),https://donneesouvertes.affmunqc.net/role/RL47017_2026.xml,,,,
"23, Bonaventure",,Granby,,,3013.4,1989,162700,465300,628000,2025,Logement,MAMH — Données Québec (rôle d'évaluation foncière),https://donneesouvertes.affmunqc.net/role/RL47017_2026.xml,,,,
"19, Barré",,Granby,,,3013.4,1988,162700,274300,437000,2025,Logement,MAMH — Données Québec (rôle d'évaluation foncière),https://donneesouvertes.affmunqc.net/role/RL47017_2026.xml,,,,
"22, Bonaventure",,Granby,,,3089.7,1988,166800,413200,580000,2025,Logement,MAMH — Données Québec (rôle d'évaluation foncière),https://donneesouvertes.affmunqc.net/role/RL47017_2026.xml,,,,
"21, Bécancour",,Granby,,,3249.6,1989,173900,350100,524000,2025,Logement,MAMH — Données Québec (rôle d'évaluation foncière),https://donneesouvertes.affmunqc.net/role/RL47017_2026.xml,,,,
"23, Bécancour",,Granby,,,3249.5,1988,173900,378100,552000,2025,Logement,MAMH — Données Québec (rôle d'évaluation foncière),https://donneesouvertes.affmunqc.net/role/RL47017_2026.xml,,,,
"18, Bécancour",,Granby,,,3349.5,1989,176100,332900,509000,2025,Logement,MAMH — Données Québec (rôle d'évaluation foncière),https://donneesouvertes.affmunqc.net/role/RL47017_2026.xml,,,,
"19, Berthier",,Granby,,,3349.5,1988,176100,365900,542000,2025,Logement,MAMH — Données Québec (rôle d'évaluation foncière),https://donneesouvertes.affmunqc.net/role/RL47017_2026.xml,,,,
"22, Bécancour",,Granby,,,3349.5,1988,176100,292900,469000,2025,Logement,MAMH — Données Québec (rôle d'évaluation foncière),https://donneesouvertes.affmunqc.net/role/RL47017_2026.xml,,,,
"23, Berthier",,Granby,,,3349.5,1990,176100,373900,550000,2025,Logement,MAMH — Données Québec (rôle d'évaluation foncière),https://donneesouvertes.affmunqc.net/role/RL47017_2026.xml,,,,
"18, Berthier",,Granby,,,3171.6,1988,171300,287700,459000,2025,Logement,MAMH — Données Québec (rôle d'évaluation foncière),https://donneesouvertes.affmunqc.net/role/RL47017_2026.xml,,,,
"22, Berthier",,Granby,,,3171.6,1989,171300,403700,575000,2025,Logement,MAMH — Données Québec (rôle d'évaluation foncière),https://donneesouvertes.affmunqc.net/role/RL47017_2026.xml,,,,
"19, Beloeil",,Granby,,,3171.6,1994,171300,373700,545000,2025,Logement,MAMH — Données Québec (rôle d'évaluation foncière),https://donneesouvertes.affmunqc.net/role/RL47017_2026.xml,,,,
"18, Beloeil",,Granby,,,3171.6,1989,171300,357700,529000,2025,Logement,MAMH — Données Québec (rôle d'évaluation foncière),https://donneesouvertes.affmunqc.net/role/RL47017_2026.xml,,,,
"23, Beloeil",,Granby,,,3171.6,1990,171300,451700,623000,2025,Logement,MAMH — Données Québec (rôle d'évaluation foncière),https://donneesouvertes.affmunqc.net/role/RL47017_2026.xml,,,,
"849, Beauport",,Granby,,,3171.6,2009,171300,523700,695000,2025,Logement,MAMH — Données Québec (rôle d'évaluation foncière),https://donneesouvertes.affmunqc.net/role/RL47017_2026.xml,,,,
"853, Beauport",,Granby,,,3171.6,2008,171300,442700,614000,2025,Logement,MAMH — Données Québec (rôle d'évaluation foncière),https://donneesouvertes.affmunqc.net/role/RL47017_2026.xml,,,,
"850, Beauport",,Granby,,,3000,2007,162000,436000,598000,2025,Logement,MAMH — Données Québec (rôle d'évaluation foncière),https://donneesouvertes.affmunqc.net/role/RL47017_2026.xml,,,,
"141, Lévis",,Granby,,,1859.4,1986,74400,397600,472000,2025,Logement,MAMH — Données Québec (rôle d'évaluation foncière),https://donneesouvertes.affmunqc.net/role/RL47017_2026.xml,,,,
"137, Lévis",,Granby,,,1859.4,1989,74400,305600,380000,2025,Logement,MAMH — Données Québec (rôle d'évaluation foncière),https://donneesouvertes.affmunqc.net/role/RL47017_2026.xml,,,,
"854, Beauport",,Granby,,,3029.3,2005,163600,420400,584000,2025,Logement,MAMH — Données Québec (rôle d'évaluation foncière),https://donneesouvertes.affmunqc.net/role/RL47017_2026.xml,,,,
"124, Lévis",,Granby,,,1923.7,1988,76900,419100,496000,2025,Logement,MAMH — Données Québec (rôle d'évaluation foncière),https://donneesouvertes.affmunqc.net/role/RL47017_2026.xml,,,,
"9, Lauzon",,Granby,,,1923.7,1994,76900,354100,431000,2025,Logement,MAMH — Données Québec (rôle d'évaluation foncière),https://donneesouvertes.affmunqc.net/role/RL47017_2026.xml,,,,
"120, Lévis",,Granby,,,1923.7,1992,76900,251100,328000,2025,Logement,MAMH — Données Québec (rôle d'évaluation foncière),https://donneesouvertes.affmunqc.net/role/RL47017_2026.xml,,,,
"13, Lauzon",,Granby,,,1923.7,1988,76900,379100,456000,2025,Logement,MAMH — Données Québec (rôle d'évaluation foncière),https://donneesouvertes.affmunqc.net/role/RL47017_2026.xml,,,,
"34, Barré",,Granby,,,1867.4,1986,100800,239200,340000,2025,Logement,MAMH — Données Québec (rôle d'évaluation foncière),https://donneesouvertes.affmunqc.net/role/RL47017_2026.xml,,,,
"22, Boisbriand",,Granby,,,1867.4,1987,100800,266200,367000,2025,Logement,MAMH — Données Québec (rôle d'évaluation foncière),https://donneesouvertes.affmunqc.net/role/RL47017_2026.xml,,,,
"38, Barré",,Granby,,,1861.2,1988,100500,280500,381000,2025,Logement,MAMH — Données Québec (rôle d'évaluation foncière),https://donneesouvertes.affmunqc.net/role/RL47017_2026.xml,,,,
"26, Boisbriand",,Granby,,,1861.2,1986,100500,330500,431000,2025,Logement,MAMH — Données Québec (rôle d'évaluation foncière),https://donneesouvertes.affmunqc.net/role/RL47017_2026.xml,,,,
"27, Bonaventure",,Granby,,,3013.4,1991,162700,399300,562000,2025,Logement,MAMH — Données Québec (rôle d'évaluation foncière),https://donneesouvertes.affmunqc.net/role/RL47017_2026.xml,,,,
"23, Barré",,Granby,,,3013.4,1988,162700,337300,500000,2025,Logement,MAMH — Données Québec (rôle d'évaluation foncière),https://donneesouvertes.affmunqc.net/role/RL47017_2026.xml,,,,
"31, Bonaventure",,Granby,,,3253.7,1988,174000,379000,553000,2025,Logement,MAMH — Données Québec (rôle d'évaluation foncière),https://donneesouvertes.affmunqc.net/role/RL47017_2026.xml,,,,
"50, Bernières",,Granby,,,3236.5,1988,173600,252400,426000,2025,Logement,MAMH — Données Québec (rôle d'évaluation foncière),https://donneesouvertes.affmunqc.net/role/RL47017_2026.xml,,,,
"26, Bonaventure",,Granby,,,3513.9,1988,179700,282300,462000,2025,Logement,MAMH — Données Québec (rôle d'évaluation foncière),https://donneesouvertes.affmunqc.net/role/RL47017_2026.xml,,,,
"30, Bonaventure",,Granby,,,3508.7,2005,179600,406400,586000,2025,Logement,MAMH — Données Québec (rôle d'évaluation foncière),https://donneesouvertes.affmunqc.net/role/RL47017_2026.xml,,,,
"27, Bécancour",,Granby,,,3249.5,1988,173900,352100,526000,2025,Logement,MAMH — Données Québec (rôle d'évaluation foncière),https://donneesouvertes.affmunqc.net/role/RL47017_2026.xml,,,,
"62, Bernières",,Granby,,,3371.2,1990,176600,311400,488000,2025,Logement,MAMH — Données Québec (rôle d'évaluation foncière),https://donneesouvertes.affmunqc.net/role/RL47017_2026.xml,,,,
"66, Bernières",,Granby,,,3341.9,1988,175900,294100,470000,2025,Logement,MAMH — Données Québec (rôle d'évaluation foncière),https://donneesouvertes.affmunqc.net/role/RL47017_2026.xml,,,,
"26, Bécancour",,Granby,,,3349.5,1988,176100,361900,538000,2025,Logement,MAMH — Données Québec (rôle d'évaluation foncière),https://donneesouvertes.affmunqc.net/role/RL47017_2026.xml,,,,
"27, Berthier",,Granby,,,3349.5,1991,176100,386900,563000,2025,Logement,MAMH — Données Québec (rôle d'évaluation foncière),https://donneesouvertes.affmunqc.net/role/RL47017_2026.xml,,,,
"70, Bernières",,Granby,,,3341.2,1991,175900,410100,586000,2025,Logement,MAMH — Données Québec (rôle d'évaluation foncière),https://donneesouvertes.affmunqc.net/role/RL47017_2026.xml,,,,
"26, Berthier",,Granby,,,3171.6,1992,171300,445700,617000,2025,Logement,MAMH — Données Québec (rôle d'évaluation foncière),https://donneesouvertes.affmunqc.net/role/RL47017_2026.xml,,,,
"30, Berthier",,Granby,,,3207.9,1990,173000,331000,504000,2025,Logement,MAMH — Données Québec (rôle d'évaluation foncière),https://donneesouvertes.affmunqc.net/role/RL47017_2026.xml,,,,
"22, Beloeil",,Granby,,,3171.6,1988,171300,498700,670000,2025,Logement,MAMH — Données Québec (rôle d'évaluation foncière),https://donneesouvertes.affmunqc.net/role/RL47017_2026.xml,,,,
"27, Beloeil",,Granby,,,3171.6,1989,171300,413700,585000,2025,Logement,MAMH — Données Québec (rôle d'évaluation foncière),https://donneesouvertes.affmunqc.net/role/RL47017_2026.xml,,,,
"26, Beloeil",,Granby,,,3171.6,1990,171300,489700,661000,2025,Logement,MAMH — Données Québec (rôle d'évaluation foncière),https://donneesouvertes.affmunqc.net/role/RL47017_2026.xml,,,,
"78, Bernières",,Granby,,,3207.2,1990,173000,393000,566000,2025,Logement,MAMH — Données Québec (rôle d'évaluation foncière),https://donneesouvertes.affmunqc.net/role/RL47017_2026.xml,,,,
"857, Beauport",,Granby,,,3171.6,2002,171300,423700,595000,2025,Logement,MAMH — Données Québec (rôle d'évaluation foncière),https://donneesouvertes.affmunqc.net/role/RL47017_2026.xml,,,,
"861, Beauport",,Granby,,,3171.6,1993,171300,310700,482000,2025,Logement,MAMH — Données Québec (rôle d'évaluation foncière),https://donneesouvertes.affmunqc.net/role/RL47017_2026.xml,,,,
"133, Lévis",,Granby,,,1867.4,1986,74700,319300,394000,2025,Logement,MAMH — Données Québec (rôle d'évaluation foncière),https://donneesouvertes.affmunqc.net/role/RL47017_2026.xml,,,,
"858, Beauport",,Granby,,,3025,1995,163400,608600,772000,2025,Logement,MAMH — Données Québec (rôle d'évaluation foncière),https://donneesouvertes.affmunqc.net/role/RL47017_2026.xml,,,,
"129, Lévis",,Granby,,,1867.4,1993,74700,335300,410000,2025,Logement,MAMH — Données Québec (rôle d'évaluation foncière),https://donneesouvertes.affmunqc.net/role/RL47017_2026.xml,,,,
"862, Beauport",,Granby,,,3025,2003,163400,420600,584000,2025,Logement,MAMH — Données Québec (rôle d'évaluation foncière),https://donneesouvertes.affmunqc.net/role/RL47017_2026.xml,,,,
"116, Lévis",,Granby,,,1923.7,1987,76900,245100,322000,2025,Logement,MAMH — Données Québec (rôle d'évaluation foncière),https://donneesouvertes.affmunqc.net/role/RL47017_2026.xml,,,,
"17, Lauzon",,Granby,,,1923.7,1987,76900,282100,359000,2025,Logement,MAMH — Données Québec (rôle d'évaluation foncière),https://donneesouvertes.affmunqc.net/role/RL47017_2026.xml,,,,
"112, Lévis",,Granby,,,1915.7,1989,76600,282400,359000,2025,Logement,MAMH — Données Québec (rôle d'évaluation foncière),https://donneesouvertes.affmunqc.net/role/RL47017_2026.xml,,,,
"5, Lanoraie",,Granby,,,1915.8,1986,76600,303400,380000,2025,Logement,MAMH — Données Québec (rôle d'évaluation foncière),https://donneesouvertes.affmunqc.net/role/RL47017_2026.xml,,,,
"45, Bernières",,Granby,,,1876.9,2007,101400,368600,470000,2025,Logement,MAMH — Données Québec (rôle d'évaluation foncière),https://donneesouvertes.affmunqc.net/role/RL47017_2026.xml,,,,
"41, Bernières",,Granby,,,2090.3,1985,112900,302100,415000,2025,Logement,MAMH — Données Québec (rôle d'évaluation foncière),https://donneesouvertes.affmunqc.net/role/RL47017_2026.xml,,,,
"49, Bernières",,Granby,,,3860.3,2004,187300,339700,527000,2025,Logement,MAMH — Données Québec (rôle d'évaluation foncière),https://donneesouvertes.affmunqc.net/role/RL47017_2026.xml,,,,
"53, Bernières",,Granby,,,3403.4,1991,177300,414700,592000,2025,Logement,MAMH — Données Québec (rôle d'évaluation foncière),https://donneesouvertes.affmunqc.net/role/RL47017_2026.xml,,,,
"57, Bernières",,Granby,,,3480,1988,179000,303000,482000,2025,Logement,MAMH — Données Québec (rôle d'évaluation foncière),https://donneesouvertes.affmunqc.net/role/RL47017_2026.xml,,,,
"61, Bernières",,Granby,,,3472,1987,178800,472200,651000,2025,Logement,MAMH — Données Québec (rôle d'évaluation foncière),https://donneesouvertes.affmunqc.net/role/RL47017_2026.xml,,,,
"65, Bernières",,Granby,,,3112,1988,168000,375000,543000,2025,Logement,MAMH — Données Québec (rôle d'évaluation foncière),https://donneesouvertes.affmunqc.net/role/RL47017_2026.xml,,,,
"69, Bernières",,Granby,,,3120,1994,168500,688500,857000,2025,Logement,MAMH — Données Québec (rôle d'évaluation foncière),https://donneesouvertes.affmunqc.net/role/RL47017_2026.xml,,,,
"73, Bernières",,Granby,,,3120,1993,168500,371500,540000,2025,Logement,MAMH — Données Québec (rôle d'évaluation foncière),https://donneesouvertes.affmunqc.net/role/RL47017_2026.xml,,,,
"77, Bernières",,Granby,,,3120,1997,168500,446500,615000,2025,Logement,MAMH — Données Québec (rôle d'évaluation foncière),https://donneesouvertes.affmunqc.net/role/RL47017_2026.xml,,,,
"81, Bernières",,Granby,,,3120,1989,168500,387500,556000,2025,Logement,MAMH — Données Québec (rôle d'évaluation foncière),https://donneesouvertes.affmunqc.net/role/RL47017_2026.xml,,,,
"30, Beloeil",,Granby,,,3207.9,1991,173000,478000,651000,2025,Logement,MAMH — Données Québec (rôle d'évaluation foncière),https://donneesouvertes.affmunqc.net/role/RL47017_2026.xml,,,,
"85, Bernières",,Granby,,,3120,1992,168500,496500,665000,2025,Logement,MAMH — Données Québec (rôle d'évaluation foncière),https://donneesouvertes.affmunqc.net/role/RL47017_2026.xml,,,,
"89, Bernières",,Granby,,,3120,1993,168500,506500,675000,2025,Logement,MAMH — Données Québec (rôle d'évaluation foncière),https://donneesouvertes.affmunqc.net/role/RL47017_2026.xml,,,,
"86, Bernières",,Granby,,,3207.2,1998,173000,556000,729000,2025,Logement,MAMH — Données Québec (rôle d'évaluation foncière),https://donneesouvertes.affmunqc.net/role/RL47017_2026.xml,,,,
"95, Bernières",,Granby,,,3075.5,1997,166100,622900,789000,2025,Logement,MAMH — Données Québec (rôle d'évaluation foncière),https://donneesouvertes.affmunqc.net/role/RL47017_2026.xml,,,,
"125, Lévis",,Granby,,,1867.4,1988,74700,483300,558000,2025,Logement,MAMH — Données Québec (rôle d'évaluation foncière),https://donneesouvertes.affmunqc.net/role/RL47017_2026.xml,,,,
"866, Beauport",,Granby,,,3025,2007,163400,463600,627000,2025,Logement,MAMH — Données Québec (rôle d'évaluation foncière),https://donneesouvertes.affmunqc.net/role/RL47017_2026.xml,,,,
"121, Lévis",,Granby,,,2254.9,1988,90200,330800,421000,2025,Logement,MAMH — Données Québec (rôle d'évaluation foncière),https://donneesouvertes.affmunqc.net/role/RL47017_2026.xml,,,,
"870, Beauport",,Granby,,,3022.9,2004,163200,455800,619000,2025,Logement,MAMH — Données Québec (rôle d'évaluation foncière),https://donneesouvertes.affmunqc.net/role/RL47017_2026.xml,,,,
"108, Lévis",,Granby,,,1865.7,2013,74600,615400,690000,2025,Logement,MAMH — Données Québec (rôle d'évaluation foncière),https://donneesouvertes.affmunqc.net/role/RL47017_2026.xml,,,,
"6, Lanoraie",,Granby,,,1867.4,2010,74700,354300,429000,2025,Logement,MAMH — Données Québec (rôle d'évaluation foncière),https://donneesouvertes.affmunqc.net/role/RL47017_2026.xml,,,,
"104, Lévis",,Granby,,,1858.2,1990,74300,366700,441000,2025,Logement,MAMH — Données Québec (rôle d'évaluation foncière),https://donneesouvertes.affmunqc.net/role/RL47017_2026.xml,,,,
"100, Lévis",,Granby,,,1867.4,1989,74700,398300,473000,2025,Logement,MAMH — Données Québec (rôle d'évaluation foncière),https://donneesouvertes.affmunqc.net/role/RL47017_2026.xml,,,,
"117, Lévis",,Granby,,,3186.2,2008,124700,542300,667000,2025,Logement,MAMH — Données Québec (rôle d'évaluation foncière),https://donneesouvertes.affmunqc.net/role/RL47017_2026.xml,,,,
"113, Lévis",,Granby,,,1867.4,,75000,,75000,2025,Terrain vacant,MAMH — Données Québec (rôle d'évaluation foncière),https://donneesouvertes.affmunqc.net/role/RL47017_2026.xml,,,,
"109, Lévis",,Granby,,,1867.4,2013,74700,457300,532000,2025,Logement,MAMH — Données Québec (rôle d'évaluation foncière),https://donneesouvertes.affmunqc.net/role/RL47017_2026.xml,,,,
"31, Barré, app. 33",,Granby,,,84657.3,1940,382400,237600,620000,2025,Agricole,MAMH — Données Québec (rôle d'évaluation foncière),https://donneesouvertes.affmunqc.net/role/RL47017_2026.xml,,,,
"1161, Dufferin",,Granby,,,268849,,914000,,914000,2025,Agricole,MAMH — Données Québec (rôle d'évaluation foncière),https://donneesouvertes.affmunqc.net/role/RL47017_2026.xml,,,,
"15, Montpellier",,Granby,,,1937,1984,104600,259400,364000,2025,Logement,MAMH — Données Québec (rôle d'évaluation foncière),https://donneesouvertes.affmunqc.net/role/RL47017_2026.xml,,,,
"4, Montmorency",,Granby,,,1936,1983,104500,249500,354000,2025,Logement,MAMH — Données Québec (rôle d'évaluation foncière),https://donneesouvertes.affmunqc.net/role/RL47017_2026.xml,,,,
"8, Montmorency",,Granby,,,1942,1983,104900,238100,343000,2025,Logement,MAMH — Données Québec (rôle d'évaluation foncière),https://donneesouvertes.affmunqc.net/role/RL47017_2026.xml,,,,
"12, Montmorency",,Granby,,,1942,1983,104900,295100,400000,2025,Logement,MAMH — Données Québec (rôle d'évaluation foncière),https://donneesouvertes.affmunqc.net/role/RL47017_2026.xml,,,,
"23, Montmorency",,Granby,,,3483,1983,179000,333000,512000,2025,Logement,MAMH — Données Québec (rôle d'évaluation foncière),https://donneesouvertes.affmunqc.net/role/RL47017_2026.xml,,,,
"24, Montmorency",,Granby,,,1894,1983,102300,600700,703000,2025,Logement,MAMH — Données Québec (rôle d'évaluation foncière),https://donneesouvertes.affmunqc.net/role/RL47017_2026.xml,,,,
"16, Montmorency",,Granby,,,5112.6,1900,214900,216100,431000,2025,Logement,MAMH — Données Québec (rôle d'évaluation foncière),https://donneesouvertes.affmunqc.net/role/RL47017_2026.xml,,,,
"44, Matane",,Granby,,,3014.1,2010,162800,523200,686000,2025,Logement,MAMH — Données Québec (rôle d'évaluation foncière),https://donneesouvertes.affmunqc.net/role/RL47017_2026.xml,,,,
"40, Matane",,Granby,,,3344.3,,176000,,176000,2025,Terrain vacant,MAMH — Données Québec (rôle d'évaluation foncière),https://donneesouvertes.affmunqc.net/role/RL47017_2026.xml,,,,
"27, Matane",,Granby,,,3536,1994,180200,368800,549000,2025,Logement,MAMH — Données Québec (rôle d'évaluation foncière),https://donneesouvertes.affmunqc.net/role/RL47017_2026.xml,,,,
"35, Matane",,Granby,,,4155.5,2008,193800,597200,791000,2025,Logement,MAMH — Données Québec (rôle d'évaluation foncière),https://donneesouvertes.affmunqc.net/role/RL47017_2026.xml,,,,
"31, Matane",,Granby,,,3978,1993,189900,634100,824000,2025,Logement,MAMH — Données Québec (rôle d'évaluation foncière),https://donneesouvertes.affmunqc.net/role/RL47017_2026.xml,,,,
"28, Matane",,Granby,,,3003.5,2011,162200,382800,545000,2025,Logement,MAMH — Données Québec (rôle d'évaluation foncière),https://donneesouvertes.affmunqc.net/role/RL47017_2026.xml,,,,
"81, 11e",,Granby,,,7419,1964,230500,195500,426000,2025,Logement,MAMH — Données Québec (rôle d'évaluation foncière),https://donneesouvertes.affmunqc.net/role/RL47017_2026.xml,,,,
"82, 11e",,Granby,,,1834,,87300,2700,90000,2025,Logement,MAMH — Données Québec (rôle d'évaluation foncière),https://donneesouvertes.affmunqc.net/role/RL47017_2026.xml,,,,
"78, 11e",,Granby,,,1352.7,1990,72500,335500,408000,2025,Logement,MAMH — Données Québec (rôle d'évaluation foncière),https://donneesouvertes.affmunqc.net/role/RL47017_2026.xml,,,,
"1028, Dufferin",,Granby,,,4151.6,,228000,,228000,2025,Terrain vacant,MAMH — Données Québec (rôle d'évaluation foncière),https://donneesouvertes.affmunqc.net/role/RL47017_2026.xml,,,,
"1032, Dufferin",,Granby,,,403.4,,22000,,22000,2025,Terrain vacant,MAMH — Données Québec (rôle d'évaluation foncière),https://donneesouvertes.affmunqc.net/role/RL47017_2026.xml,,,,
"1040, Dufferin",,Granby,,,8985.7,,494000,,494000,2025,Terrain vacant,MAMH — Données Québec (rôle d'évaluation foncière),https://donneesouvertes.affmunqc.net/role/RL47017_2026.xml,,,,
"1044, Dufferin",,Granby,,,4722.2,,260000,,260000,2025,Terrain vacant,MAMH — Données Québec (rôle d'évaluation foncière),https://donneesouvertes.affmunqc.net/role/RL47017_2026.xml,,,,
"1050, Dufferin",,Granby,,,5671.1,,243000,,243000,2025,Terrain vacant,MAMH — Données Québec (rôle d'évaluation foncière),https://donneesouvertes.affmunqc.net/role/RL47017_2026.xml,,,,
"1056, Dufferin",,Granby,,,1774,,97600,223400,321000,2025,Logement,MAMH — Données Québec (rôle d'évaluation foncière),https://donneesouvertes.affmunqc.net/role/RL47017_2026.xml,,,,
"36, Matane",,Granby,,,3163,2011,170800,435200,606000,2025,Logement,MAMH — Données Québec (rôle d'évaluation foncière),https://donneesouvertes.affmunqc.net/role/RL47017_2026.xml,,,,
"1068, Dufferin",,Granby,,,2295.2,1960,126200,189800,316000,2025,Logement,MAMH — Données Québec (rôle d'évaluation foncière),https://donneesouvertes.affmunqc.net/role/RL47017_2026.xml,,,,
"1072, Dufferin",,Granby,,,1950.7,1960,107300,208700,316000,2025,Logement,MAMH — Données Québec (rôle d'évaluation foncière),https://donneesouvertes.affmunqc.net/role/RL47017_2026.xml,,,,
"6, Dale",,Granby,,,4736,,216200,36800,253000,2025,Immeuble à bureaux,MAMH — Données Québec (rôle d'évaluation foncière),https://donneesouvertes.affmunqc.net/role/RL47017_2026.xml,,,,
"1090, Dufferin",,Granby,,,2793.2,1900,153600,167400,321000,2025,Logement,MAMH — Données Québec (rôle d'évaluation foncière),https://donneesouvertes.affmunqc.net/role/RL47017_2026.xml,,,,
"12, Dale",,Granby,,,1845.1,1979,87800,204200,292000,2025,Logement,MAMH — Données Québec (rôle d'évaluation foncière),https://donneesouvertes.affmunqc.net/role/RL47017_2026.xml,,,,
"32, Matane",,Granby,,,6748.3,2015,250900,547100,798000,2025,Logement,MAMH — Données Québec (rôle d'évaluation foncière),https://donneesouvertes.affmunqc.net/role/RL47017_2026.xml,,,,
"34, Matane",,Granby,,,3007.5,2015,162400,430600,593000,2025,Logement,MAMH — Données Québec (rôle d'évaluation foncière),https://donneesouvertes.affmunqc.net/role/RL47017_2026.xml,,,,
"16, Dale",,Granby,,,1853.4,1979,88200,232800,321000,2025,Logement,MAMH — Données Québec (rôle d'évaluation foncière),https://donneesouvertes.affmunqc.net/role/RL47017_2026.xml,,,,
"26, Dale",,Granby,,,1951,1974,78000,231000,309000,2025,Logement,MAMH — Données Québec (rôle d'évaluation foncière),https://donneesouvertes.affmunqc.net/role/RL47017_2026.xml,,,,
"67, 11e",,Granby,,,5600,1985,185000,264000,449000,2025,Logement,MAMH — Données Québec (rôle d'évaluation foncière),https://donneesouvertes.affmunqc.net/role/RL47017_2026.xml,,,,
"59, 11e",,Granby,,,1037,1956,57200,226800,284000,2025,Logement,MAMH — Données Québec (rôle d'évaluation foncière),https://donneesouvertes.affmunqc.net/role/RL47017_2026.xml,,,,
"30, Dale",,Granby,,,2685.8,1975,107400,247600,355000,2025,Logement,MAMH — Données Québec (rôle d'évaluation foncière),https://donneesouvertes.affmunqc.net/role/RL47017_2026.xml,,,,
"48, Dale",,Granby,,,2071.3,1978,86200,317800,404000,2025,Logement,MAMH — Données Québec (rôle d'évaluation foncière),https://donneesouvertes.affmunqc.net/role/RL47017_2026.xml,,,,
"1029, Dufferin",,Granby,,,4045,1989,222500,192500,415000,2025,Immeuble à bureaux,MAMH — Données Québec (rôle d'évaluation foncière),https://donneesouvertes.affmunqc.net/role/RL47017_2026.xml,,,,
"1035, Dufferin, app. 1039",,Granby,,,2657.3,1994,146000,546000,692000,2025,Logement,MAMH — Données Québec (rôle d'évaluation foncière),https://donneesouvertes.affmunqc.net/role/RL47017_2026.xml,,,,
"159, Lévis",,Granby,,,3000,,120000,,120000,2025,Terrain vacant,MAMH — Données Québec (rôle d'évaluation foncière),https://donneesouvertes.affmunqc.net/role/RL47017_2026.xml,,,,
"161, Lévis",,Granby,,,3613.5,1890,135300,171700,307000,2025,Logement,MAMH — Données Québec (rôle d'évaluation foncière),https://donneesouvertes.affmunqc.net/role/RL47017_2026.xml,,,,
"1041, Dufferin",,Granby,,,2617,1990,143900,118100,262000,2025,,MAMH — Données Québec (rôle d'évaluation foncière),https://donneesouvertes.affmunqc.net/role/RL47017_2026.xml,,,,
"1047, Dufferin",,Granby,,,2613,1999,143700,561300,705000,2025,Immeuble à bureaux,MAMH — Données Québec (rôle d'évaluation foncière),https://donneesouvertes.affmunqc.net/role/RL47017_2026.xml,,,,
"169, Lévis",,Granby,,,3261.2,2005,126500,509500,636000,2025,Logement,MAMH — Données Québec (rôle d'évaluation foncière),https://donneesouvertes.affmunqc.net/role/RL47017_2026.xml,,,,
"1053, Dufferin",,Granby,,,1842,1980,101300,344700,446000,2025,Logement,MAMH — Données Québec (rôle d'évaluation foncière),https://donneesouvertes.affmunqc.net/role/RL47017_2026.xml,,,,
"1057, Dufferin",,Granby,,,1300.2,1977,64500,229500,294000,2025,Logement,MAMH — Données Québec (rôle d'évaluation foncière),https://donneesouvertes.affmunqc.net/role/RL47017_2026.xml,,,,
"9, Leggett",,Granby,,,1336.7,1974,72200,162800,235000,2025,Logement,MAMH — Données Québec (rôle d'évaluation foncière),https://donneesouvertes.affmunqc.net/role/RL47017_2026.xml,,,,
"8, Leggett",,Granby,,,1867.4,1983,74700,212300,287000,2025,Logement,MAMH — Données Québec (rôle d'évaluation foncière),https://donneesouvertes.affmunqc.net/role/RL47017_2026.xml,,,,
"21, Lévis",,Granby,,,1337.8,1970,72200,249800,322000,2025,Logement,MAMH — Données Québec (rôle d'évaluation foncière),https://donneesouvertes.affmunqc.net/role/RL47017_2026.xml,,,,
"1061, Dufferin",,Granby,,,1504.5,1968,66800,258200,325000,2025,Logement,MAMH — Données Québec (rôle d'évaluation foncière),https://donneesouvertes.affmunqc.net/role/RL47017_2026.xml,,,,
"1077, Dufferin",,Granby,,,1505,1962,66800,189200,256000,2025,Logement,MAMH — Données Québec (rôle d'évaluation foncière),https://donneesouvertes.affmunqc.net/role/RL47017_2026.xml,,,,
"1081, Dufferin",,Granby,,,1500.4,1961,66600,235400,302000,2025,Logement,MAMH — Données Québec (rôle d'évaluation foncière),https://donneesouvertes.affmunqc.net/role/RL47017_2026.xml,,,,
"1085, Dufferin",,Granby,,,1486.6,1961,72100,166900,239000,2025,Logement,MAMH — Données Québec (rôle d'évaluation foncière),https://donneesouvertes.affmunqc.net/role/RL47017_2026.xml,,,,
"25, Lévis",,Granby,,,2149,2009,86000,267000,353000,2025,Logement,MAMH — Données Québec (rôle d'évaluation foncière),https://donneesouvertes.affmunqc.net/role/RL47017_2026.xml,,,,
"29, Lévis",,Granby,,,2442.9,1990,97700,268300,366000,2025,Logement,MAMH — Données Québec (rôle d'évaluation foncière),https://donneesouvertes.affmunqc.net/role/RL47017_2026.xml,,,,
"1094, Dufferin",,Granby,,,808.3,1966,40200,238800,279000,2025,Immeuble à bureaux,MAMH — Données Québec (rôle d'évaluation foncière),https://donneesouvertes.affmunqc.net/role/RL47017_2026.xml,,,,
"1093, Dufferin",,Granby,,,3571.6,,132100,663900,796000,2025,Industrie,MAMH — Données Québec (rôle d'évaluation foncière),https://donneesouvertes.affmunqc.net/role/RL47017_2026.xml,,,,
"1097, Dufferin",,Granby,,,2174.1,2000,88500,140500,229000,2025,Industrie,MAMH — Données Québec (rôle d'évaluation foncière),https://donneesouvertes.affmunqc.net/role/RL47017_2026.xml,,,,
"9, Dale",,Granby,,,1419.3,1950,74400,107600,182000,2025,Logement,MAMH — Données Québec (rôle d'évaluation foncière),https://donneesouvertes.affmunqc.net/role/RL47017_2026.xml,,,,
"17, Dale",,Granby,,,1501.4,,76900,1100,78000,2025,Logement,MAMH — Données Québec (rôle d'évaluation foncière),https://donneesouvertes.affmunqc.net/role/RL47017_2026.xml,,,,
"13, Dale",,Granby,,,2021.3,1970,80900,92100,173000,2025,Logement,MAMH — Données Québec (rôle d'évaluation foncière),https://donneesouvertes.affmunqc.net/role/RL47017_2026.xml,,,,
"31, Dale",,Granby,,,3000,,120000,,120000,2025,Terrain vacant,MAMH — Données Québec (rôle d'évaluation foncière),https://donneesouvertes.affmunqc.net/role/RL47017_2026.xml,,,,
"35, 11e",,Granby,,,3000,,120000,,120000,2025,Terrain vacant,MAMH — Données Québec (rôle d'évaluation foncière),https://donneesouvertes.affmunqc.net/role/RL47017_2026.xml,,,,
"65, Dale",,Granby,,,3000,2021,96000,414000,510000,2025,Logement,MAMH — Données Québec (rôle d'évaluation foncière),https://donneesouvertes.affmunqc.net/role/RL47017_2026.xml,,,,
"40, 11e",,Granby,,,3000.2,2008,120000,398000,518000,2025,Logement,MAMH — Données Québec (rôle d'évaluation foncière),https://donneesouvertes.affmunqc.net/role/RL47017_2026.xml,,,,
"69, Dale",,Granby,,,3000,1996,96000,274000,370000,2025,Logement,MAMH — Données Québec (rôle d'évaluation foncière),https://donneesouvertes.affmunqc.net/role/RL47017_2026.xml,,,,
"73, Dale",,Granby,,,3000,2007,96000,387000,483000,2025,Logement,MAMH — Données Québec (rôle d'évaluation foncière),https://donneesouvertes.affmunqc.net/role/RL47017_2026.xml,,,,
"81, Dale",,Granby,,,4579.3,1979,124600,271400,396000,2025,Logement,MAMH — Données Québec (rôle d'évaluation foncière),https://donneesouvertes.affmunqc.net/role/RL47017_2026.xml,,,,
"2, Lauzon",,Granby,,,1883,2006,75300,300700,376000,2025,Logement,MAMH — Données Québec (rôle d'évaluation foncière),https://donneesouvertes.affmunqc.net/role/RL47017_2026.xml,,,,
"144, Lévis",,Granby,,,3931.3,2005,143300,339700,483000,2025,Logement,MAMH — Données Québec (rôle d'évaluation foncière),https://donneesouvertes.affmunqc.net/role/RL47017_2026.xml,,,,
"6, Lauzon",,Granby,,,1867.4,1984,74700,345300,420000,2025,Logement,MAMH — Données Québec (rôle d'évaluation foncière),https://donneesouvertes.affmunqc.net/role/RL47017_2026.xml,,,,
"173, Lévis",,Granby,,,5433.4,2000,180800,601200,782000,2025,Logement,MAMH — Données Québec (rôle d'évaluation foncière),https://donneesouvertes.affmunqc.net/role/RL47017_2026.xml,,,,
"148, Lévis",,Granby,,,2664.4,1986,106600,295400,402000,2025,Logement,MAMH — Données Québec (rôle d'évaluation foncière),https://donneesouvertes.affmunqc.net/role/RL47017_2026.xml,,,,
"12, Leggett",,Granby,,,1867.4,2005,74700,274300,349000,2025,Logement,MAMH — Données Québec (rôle d'évaluation foncière),https://donneesouvertes.affmunqc.net/role/RL47017_2026.xml,,,,
"17, Leggett",,Granby,,,2508.4,1974,100300,243700,344000,2025,Logement,MAMH — Données Québec (rôle d'évaluation foncière),https://donneesouvertes.affmunqc.net/role/RL47017_2026.xml,,,,
"16, Leggett",,Granby,,,1859.4,1983,74400,416600,491000,2025,Logement,MAMH — Données Québec (rôle d'évaluation foncière),https://donneesouvertes.affmunqc.net/role/RL47017_2026.xml,,,,
"19, Leggett",,Granby,,,1254.2,,68000,,68000,2025,Terrain vacant,MAMH — Données Québec (rôle d'évaluation foncière),https://donneesouvertes.affmunqc.net/role/RL47017_2026.xml,,,,
"24, Lévis",,Granby,,,2367.2,1989,94700,359300,454000,2025,Logement,MAMH — Données Québec (rôle d'évaluation foncière),https://donneesouvertes.affmunqc.net/role/RL47017_2026.xml,,,,
"28, Lévis",,Granby,,,2723.1,1989,108900,389100,498000,2025,Logement,MAMH — Données Québec (rôle d'évaluation foncière),https://donneesouvertes.affmunqc.net/role/RL47017_2026.xml,,,,
"33, Lévis",,Granby,,,2881.3,2006,115300,281700,397000,2025,Logement,MAMH — Données Québec (rôle d'évaluation foncière),https://donneesouvertes.affmunqc.net/role/RL47017_2026.xml,,,,
"37, Lévis",,Granby,,,3024,1991,120600,248400,369000,2025,Logement,MAMH — Données Québec (rôle d'évaluation foncière),https://donneesouvertes.affmunqc.net/role/RL47017_2026.xml,,,,
"41, Lévis",,Granby,,,3022.1,2005,120600,361400,482000,2025,Logement,MAMH — Données Québec (rôle d'évaluation foncière),https://donneesouvertes.affmunqc.net/role/RL47017_2026.xml,,,,
"1106, Dufferin",,Granby,,,3112.9,,115000,,115000,2025,Terrain vacant,MAMH — Données Québec (rôle d'évaluation foncière),https://donneesouvertes.affmunqc.net/role/RL47017_2026.xml,,,,
"1101, Dufferin",,Granby,,,3051.7,2006,112900,184100,297000,2025,Industrie,MAMH — Données Québec (rôle d'évaluation foncière),https://donneesouvertes.affmunqc.net/role/RL47017_2026.xml,,,,
"1109, Dufferin",,Granby,,,3235.3,,120000,,120000,2025,Terrain vacant,MAMH — Données Québec (rôle d'évaluation foncière),https://donneesouvertes.affmunqc.net/role/RL47017_2026.xml,,,,
"26, L'islet, app. 28",,Granby,,,1393.5,1956,74700,266300,341000,2025,Logement,MAMH — Données Québec (rôle d'évaluation foncière),https://donneesouvertes.affmunqc.net/role/RL47017_2026.xml,,,,
"36, 11e",,Granby,,,3000.9,2001,120000,373000,493000,2025,Logement,MAMH — Données Québec (rôle d'évaluation foncière),https://donneesouvertes.affmunqc.net/role/RL47017_2026.xml,,,,
"77, Dale",,Granby,,,31190.3,2010,239500,80500,320000,2025,Agricole,MAMH — Données Québec (rôle d'évaluation foncière),https://donneesouvertes.affmunqc.net/role/RL47017_2026.xml,,,,
"10, Lauzon",,Granby,,,1867.4,1984,74700,339300,414000,2025,Logement,MAMH — Données Québec (rôle d'évaluation foncière),https://donneesouvertes.affmunqc.net/role/RL47017_2026.xml,,,,
"14, Lauzon",,Granby,,,1859.4,1986,74400,349600,424000,2025,Logement,MAMH — Données Québec (rôle d'évaluation foncière),https://donneesouvertes.affmunqc.net/role/RL47017_2026.xml,,,,
"5, Lachine",,Granby,,,1867.4,1986,74700,279300,354000,2025,Logement,MAMH — Données Québec (rôle d'évaluation foncière),https://donneesouvertes.affmunqc.net/role/RL47017_2026.xml,,,,
"9, Labelle",,Granby,,,3627.9,1991,135700,397300,533000,2025,Logement,MAMH — Données Québec (rôle d'évaluation foncière),https://donneesouvertes.affmunqc.net/role/RL47017_2026.xml,,,,
"2, Labelle",,Granby,,,1872.3,2002,74900,404100,479000,2025,Logement,MAMH — Données Québec (rôle d'évaluation foncière),https://donneesouvertes.affmunqc.net/role/RL47017_2026.xml,,,,
"9, Lachine",,Granby,,,2317,1985,92700,338300,431000,2025,Logement,MAMH — Données Québec (rôle d'évaluation foncière),https://donneesouvertes.affmunqc.net/role/RL47017_2026.xml,,,,
"21, Leggett",,Granby,,,1922.9,1978,76900,260100,337000,2025,Logement,MAMH — Données Québec (rôle d'évaluation foncière),https://donneesouvertes.affmunqc.net/role/RL47017_2026.xml,,,,
"20, Leggett",,Granby,,,2075.2,1989,83000,253000,336000,2025,Logement,MAMH — Données Québec (rôle d'évaluation foncière),https://donneesouvertes.affmunqc.net/role/RL47017_2026.xml,,,,
"24, Leggett",,Granby,,,2066.5,1981,82700,237300,320000,2025,Logement,MAMH — Données Québec (rôle d'évaluation foncière),https://donneesouvertes.affmunqc.net/role/RL47017_2026.xml,,,,
"6, Labelle",,Granby,,,1867.4,1989,74700,351300,426000,2025,Logement,MAMH — Données Québec (rôle d'évaluation foncière),https://donneesouvertes.affmunqc.net/role/RL47017_2026.xml,,,,
"32, Lévis",,Granby,,,3481.6,1983,132000,421000,553000,2025,Logement,MAMH — Données Québec (rôle d'évaluation foncière),https://donneesouvertes.affmunqc.net/role/RL47017_2026.xml,,,,
"29, Leggett",,Granby,,,1867.4,1976,74700,273300,348000,2025,Logement,MAMH — Données Québec (rôle d'évaluation foncière),https://donneesouvertes.affmunqc.net/role/RL47017_2026.xml,,,,
"31, Leggett",,Granby,,,3270.2,1976,126800,284200,411000,2025,Logement,MAMH — Données Québec (rôle d'évaluation foncière),https://donneesouvertes.affmunqc.net/role/RL47017_2026.xml,,,,
"36, Lévis",,Granby,,,2329.7,1984,93200,314800,408000,2025,Logement,MAMH — Données Québec (rôle d'évaluation foncière),https://donneesouvertes.affmunqc.net/role/RL47017_2026.xml,,,,
"40, Lévis",,Granby,,,3734.1,1983,138400,409600,548000,2025,Logement,MAMH — Données Québec (rôle d'évaluation foncière),https://donneesouvertes.affmunqc.net/role/RL47017_2026.xml,,,,
"1115, Dufferin",,Granby,,,3549.6,,131000,,131000,2025,Terrain vacant,MAMH — Données Québec (rôle d'évaluation foncière),https://donneesouvertes.affmunqc.net/role/RL47017_2026.xml,,,,
"45, Lévis",,Granby,,,2480.1,1984,99200,228800,328000,2025,Logement,MAMH — Données Québec (rôle d'évaluation foncière),https://donneesouvertes.affmunqc.net/role/RL47017_2026.xml,,,,
"1121, Dufferin",,Granby,,,3386.6,,125000,,125000,2025,Terrain vacant,MAMH — Données Québec (rôle d'évaluation foncière),https://donneesouvertes.affmunqc.net/role/RL47017_2026.xml,,,,
"47, Lévis",,Granby,,,5587.2,,240000,,240000,2025,Institutionnel,MAMH — Données Québec (rôle d'évaluation foncière),https://donneesouvertes.affmunqc.net/role/RL47017_2026.xml,,,,
"1110, Dufferin",,Granby,,,3490.2,,100000,,100000,2025,Terrain vacant,MAMH — Données Québec (rôle d'évaluation foncière),https://donneesouvertes.affmunqc.net/role/RL47017_2026.xml,,,,
"20, L'islet, app. 22",,Granby,,,3199.8,1960,125000,407000,532000,2025,Logement,MAMH — Données Québec (rôle d'évaluation foncière),https://donneesouvertes.affmunqc.net/role/RL47017_2026.xml,,,,
"16, L'islet",,Granby,,,6592.7,2024,209800,589200,799000,2025,Logement,MAMH — Données Québec (rôle d'évaluation foncière),https://donneesouvertes.affmunqc.net/role/RL47017_2026.xml,,,,
"2, Lachine",,Granby,,,1859.4,1985,74400,272600,347000,2025,Logement,MAMH — Données Québec (rôle d'évaluation foncière),https://donneesouvertes.affmunqc.net/role/RL47017_2026.xml,,,,
"6, Lachine",,Granby,,,1867.4,1985,74700,261300,336000,2025,Logement,MAMH — Données Québec (rôle d'évaluation foncière),https://donneesouvertes.affmunqc.net/role/RL47017_2026.xml,,,,
"9, Lanoraie",,Granby,,,1859.4,1986,74400,349600,424000,2025,Logement,MAMH — Données Québec (rôle d'évaluation foncière),https://donneesouvertes.affmunqc.net/role/RL47017_2026.xml,,,,
"13, Lanoraie",,Granby,,,1867.3,2021,74700,412300,487000,2025,Logement,MAMH — Données Québec (rôle d'évaluation foncière),https://donneesouvertes.affmunqc.net/role/RL47017_2026.xml,,,,
"17, Labelle",,Granby,,,2935.5,1987,117400,292600,410000,2025,Logement,MAMH — Données Québec (rôle d'évaluation foncière),https://donneesouvertes.affmunqc.net/role/RL47017_2026.xml,,,,
"10, Lachine",,Granby,,,2200.4,1984,88000,238000,326000,2025,Logement,MAMH — Données Québec (rôle d'évaluation foncière),https://donneesouvertes.affmunqc.net/role/RL47017_2026.xml,,,,
"17, Lanoraie",,Granby,,,1867.4,1989,74700,336300,411000,2025,Logement,MAMH — Données Québec (rôle d'évaluation foncière),https://donneesouvertes.affmunqc.net/role/RL47017_2026.xml,,,,
"21, Lanoraie",,Granby,,,2069.2,1986,82800,313200,396000,2025,Logement,MAMH — Données Québec (rôle d'évaluation foncière),https://donneesouvertes.affmunqc.net/role/RL47017_2026.xml,,,,
"10, Labelle",,Granby,,,1867.4,1989,74700,323300,398000,2025,Logement,MAMH — Données Québec (rôle d'évaluation foncière),https://donneesouvertes.affmunqc.net/role/RL47017_2026.xml,,,,
"28, Leggett",,Granby,,,2066.5,1978,82700,240300,323000,2025,Logement,MAMH — Données Québec (rôle d'évaluation foncière),https://donneesouvertes.affmunqc.net/role/RL47017_2026.xml,,,,
"14, Labelle",,Granby,,,1867.4,1991,74700,375300,450000,2025,Logement,MAMH — Données Québec (rôle d'évaluation foncière),https://donneesouvertes.affmunqc.net/role/RL47017_2026.xml,,,,
"25, Lanoraie",,Granby,,,2056.1,1989,82200,318800,401000,2025,Logement,MAMH — Données Québec (rôle d'évaluation foncière),https://donneesouvertes.affmunqc.net/role/RL47017_2026.xml,,,,
"37, Leggett",,Granby,,,1867.4,1977,74700,268300,343000,2025,Logement,MAMH — Données Québec (rôle d'évaluation foncière),https://donneesouvertes.affmunqc.net/role/RL47017_2026.xml,,,,
"36, Leggett",,Granby,,,2066.5,1971,82700,268300,351000,2025,Logement,MAMH — Données Québec (rôle d'évaluation foncière),https://donneesouvertes.affmunqc.net/role/RL47017_2026.xml,,,,
"18, Labelle",,Granby,,,2371.3,1999,94900,387100,482000,2025,Logement,MAMH — Données Québec (rôle d'évaluation foncière),https://donneesouvertes.affmunqc.net/role/RL47017_2026.xml,,,,
"40, Leggett",,Granby,,,2066.5,1979,82700,232300,315000,2025,Logement,MAMH — Données Québec (rôle d'évaluation foncière),https://donneesouvertes.affmunqc.net/role/RL47017_2026.xml,,,,
"44, Lévis",,Granby,,,3562.4,1989,134100,234900,369000,2025,Logement,MAMH — Données Québec (rôle d'évaluation foncière),https://donneesouvertes.affmunqc.net/role/RL47017_2026.xml,,,,
"41, Leggett",,Granby,,,1867.4,1987,74700,322300,397000,2025,Logement,MAMH — Données Québec (rôle d'évaluation foncière),https://donneesouvertes.affmunqc.net/role/RL47017_2026.xml,,,,
"48, Lévis",,Granby,,,2252,1984,90100,227900,318000,2025,Logement,MAMH — Données Québec (rôle d'évaluation foncière),https://donneesouvertes.affmunqc.net/role/RL47017_2026.xml,,,,
"45, Leggett",,Granby,,,2214.6,1978,88600,293400,382000,2025,Logement,MAMH — Données Québec (rôle d'évaluation foncière),https://donneesouvertes.affmunqc.net/role/RL47017_2026.xml,,,,
"49, Leggett",,Granby,,,2080,1976,83200,306800,390000,2025,Logement,MAMH — Données Québec (rôle d'évaluation foncière),https://donneesouvertes.affmunqc.net/role/RL47017_2026.xml,,,,
"1129, Dufferin",,Granby,,,2511.6,1967,92900,247100,340000,2025,Logement,MAMH — Données Québec (rôle d'évaluation foncière),https://donneesouvertes.affmunqc.net/role/RL47017_2026.xml,,,,
"49, Lévis",,Granby,,,1986.8,1984,79500,286500,366000,2025,Logement,MAMH — Données Québec (rôle d'évaluation foncière),https://donneesouvertes.affmunqc.net/role/RL47017_2026.xml,,,,
"1133, Dufferin",,Granby,,,1504.6,1940,66800,144200,211000,2025,Logement,MAMH — Données Québec (rôle d'évaluation foncière),https://donneesouvertes.affmunqc.net/role/RL47017_2026.xml,,,,
"53, Leggett",,Granby,,,1862.4,2009,74500,423500,498000,2025,Logement,MAMH — Données Québec (rôle d'évaluation foncière),https://donneesouvertes.affmunqc.net/role/RL47017_2026.xml,,,,
"1130, Dufferin",,Granby,,,1511.4,,67100,279900,347000,2025,Logement,MAMH — Données Québec (rôle d'évaluation foncière),https://donneesouvertes.affmunqc.net/role/RL47017_2026.xml,,,,
"15, Leduc",,Granby,,,3651.5,2023,135100,450900,586000,2025,Logement,MAMH — Données Québec (rôle d'évaluation foncière),https://donneesouvertes.affmunqc.net/role/RL47017_2026.xml,,,,
"1134, Dufferin",,Granby,,,1603.6,1960,77100,214900,292000,2025,Logement,MAMH — Données Québec (rôle d'évaluation foncière),https://donneesouvertes.affmunqc.net/role/RL47017_2026.xml,,,,
"19, Leduc",,Granby,,,3795.9,1965,140400,173600,314000,2025,Logement,MAMH — Données Québec (rôle d'évaluation foncière),https://donneesouvertes.affmunqc.net/role/RL47017_2026.xml,,,,
"23, Leduc",,Granby,,,3615.7,,134000,215000,349000,2025,,MAMH — Données Québec (rôle d'évaluation foncière),https://donneesouvertes.affmunqc.net/role/RL47017_2026.xml,,,,
"27, Leduc",,Granby,,,3735.2,2024,138200,611800,750000,2025,Logement,MAMH — Données Québec (rôle d'évaluation foncière),https://donneesouvertes.affmunqc.net/role/RL47017_2026.xml,,,,
"10, Lanoraie",,Granby,,,1867.4,1990,74700,338300,413000,2025,Logement,MAMH — Données Québec (rôle d'évaluation foncière),https://donneesouvertes.affmunqc.net/role/RL47017_2026.xml,,,,
"14, Lanoraie",,Granby,,,1867.4,1989,74700,245300,320000,2025,Logement,MAMH — Données Québec (rôle d'évaluation foncière),https://donneesouvertes.affmunqc.net/role/RL47017_2026.xml,,,,
"96, Lévis",,Granby,,,1867.4,1990,74700,287300,362000,2025,Logement,MAMH — Données Québec (rôle d'évaluation foncière),https://donneesouvertes.affmunqc.net/role/RL47017_2026.xml,,,,
"92, Lévis",,Granby,,,1867.4,1992,74700,329300,404000,2025,Logement,MAMH — Données Québec (rôle d'évaluation foncière),https://donneesouvertes.affmunqc.net/role/RL47017_2026.xml,,,,
"18, Lanoraie",,Granby,,,1867.4,1986,74700,258300,333000,2025,Logement,MAMH — Données Québec (rôle d'évaluation foncière),https://donneesouvertes.affmunqc.net/role/RL47017_2026.xml,,,,
"22, Lanoraie",,Granby,,,1867.4,1986,74700,309300,384000,2025,Logement,MAMH — Données Québec (rôle d'évaluation foncière),https://donneesouvertes.affmunqc.net/role/RL47017_2026.xml,,,,
"88, Lévis",,Granby,,,1867.4,1990,74700,238300,313000,2025,Logement,MAMH — Données Québec (rôle d'évaluation foncière),https://donneesouvertes.affmunqc.net/role/RL47017_2026.xml,,,,
"84, Lévis",,Granby,,,1867.4,2006,74700,283300,358000,2025,Logement,MAMH — Données Québec (rôle d'évaluation foncière),https://donneesouvertes.affmunqc.net/role/RL47017_2026.xml,,,,
"80, Lévis",,Granby,,,1867.4,1990,74700,268300,343000,2025,Logement,MAMH — Données Québec (rôle d'évaluation foncière),https://donneesouvertes.affmunqc.net/role/RL47017_2026.xml,,,,
"25, Labelle",,Granby,,,2740.4,1992,109600,325400,435000,2025,Logement,MAMH — Données Québec (rôle d'évaluation foncière),https://donneesouvertes.affmunqc.net/role/RL47017_2026.xml,,,,
"26, Lanoraie",,Granby,,,1941.7,1988,77700,345300,423000,2025,Logement,MAMH — Données Québec (rôle d'évaluation foncière),https://donneesouvertes.affmunqc.net/role/RL47017_2026.xml,,,,
"76, Lévis",,Granby,,,1859.4,1987,74400,296600,371000,2025,Logement,MAMH — Données Québec (rôle d'évaluation foncière),https://donneesouvertes.affmunqc.net/role/RL47017_2026.xml,,,,
"22, Labelle",,Granby,,,4584,2007,159600,327400,487000,2025,Logement,MAMH — Données Québec (rôle d'évaluation foncière),https://donneesouvertes.affmunqc.net/role/RL47017_2026.xml,,,,
"44, Leggett",,Granby,,,3046.6,1979,121200,261800,383000,2025,Logement,MAMH — Données Québec (rôle d'évaluation foncière),https://donneesouvertes.affmunqc.net/role/RL47017_2026.xml,,,,
"72, Lévis",,Granby,,,1859.4,1987,74400,341600,416000,2025,Logement,MAMH — Données Québec (rôle d'évaluation foncière),https://donneesouvertes.affmunqc.net/role/RL47017_2026.xml,,,,
"68, Lévis",,Granby,,,1867.4,2006,74700,304300,379000,2025,Logement,MAMH — Données Québec (rôle d'évaluation foncière),https://donneesouvertes.affmunqc.net/role/RL47017_2026.xml,,,,
"48, Leggett",,Granby,,,2844.5,1977,113800,269200,383000,2025,Logement,MAMH — Données Québec (rôle d'évaluation foncière),https://donneesouvertes.affmunqc.net/role/RL47017_2026.xml,,,,
"64, Lévis",,Granby,,,2584.1,1993,103400,342600,446000,2025,Logement,MAMH — Données Québec (rôle d'évaluation foncière),https://donneesouvertes.affmunqc.net/role/RL47017_2026.xml,,,,
"60, Lévis",,Granby,,,2097.5,1987,83900,323100,407000,2025,Logement,MAMH — Données Québec (rôle d'évaluation foncière),https://donneesouvertes.affmunqc.net/role/RL47017_2026.xml,,,,
"1137, Dufferin",,Granby,,,1472.5,1975,71400,410600,482000,2025,Logement,MAMH — Données Québec (rôle d'évaluation foncière),https://donneesouvertes.affmunqc.net/role/RL47017_2026.xml,,,,
"1141, Dufferin",,Granby,,,1640.5,1989,91000,407000,498000,2025,Logement,MAMH — Données Québec (rôle d'évaluation foncière),https://donneesouvertes.affmunqc.net/role/RL47017_2026.xml,,,,
"56, Leggett",,Granby,,,1858.9,1978,74400,195600,270000,2025,Logement,MAMH — Données Québec (rôle d'évaluation foncière),https://donneesouvertes.affmunqc.net/role/RL47017_2026.xml,,,,
"1147, Dufferin",,Granby,,,3009,1998,111300,144700,256000,2025,Industrie,MAMH — Données Québec (rôle d'évaluation foncière),https://donneesouvertes.affmunqc.net/role/RL47017_2026.xml,,,,
"1142, Dufferin",,Granby,,,2031.3,1959,75200,200800,276000,2025,Logement,MAMH — Données Québec (rôle d'évaluation foncière),https://donneesouvertes.affmunqc.net/role/RL47017_2026.xml,,,,
"9, Tétro",,Granby,,,1396.8,1973,51700,216300,268000,2025,Logement,MAMH — Données Québec (rôle d'évaluation foncière),https://donneesouvertes.affmunqc.net/role/RL47017_2026.xml,,,,
"1138, Dufferin",,Granby,,,8498.3,1964,204400,272600,477000,2025,Logement,MAMH — Données Québec (rôle d'évaluation foncière),https://donneesouvertes.affmunqc.net/role/RL47017_2026.xml,,,,
"13, Tétro",,Granby,,,1396.8,2021,51700,417300,469000,2025,Logement,MAMH — Données Québec (rôle d'évaluation foncière),https://donneesouvertes.affmunqc.net/role/RL47017_2026.xml,,,,
"17, Tétro",,Granby,,,1396.8,1962,51700,175300,227000,2025,Logement,MAMH — Données Québec (rôle d'évaluation foncière),https://donneesouvertes.affmunqc.net/role/RL47017_2026.xml,,,,
"21, Tétro",,Granby,,,1396.8,1965,51700,167300,219000,2025,Logement,MAMH — Données Québec (rôle d'évaluation foncière),https://donneesouvertes.affmunqc.net/role/RL47017_2026.xml,,,,
"44, Tétro",,Granby,,,3422.1,1990,126600,260400,387000,2025,Logement,MAMH — Données Québec (rôle d'évaluation foncière),https://donneesouvertes.affmunqc.net/role/RL47017_2026.xml,,,,
"37, Tétro",,Granby,,,4712.8,2021,174400,378600,553000,2025,Logement,MAMH — Données Québec (rôle d'évaluation foncière),https://donneesouvertes.affmunqc.net/role/RL47017_2026.xml,,,,
"25, Tétro",,Granby,,,2793.6,1963,103400,252600,356000,2025,Logement,MAMH — Données Québec (rôle d'évaluation foncière),https://donneesouvertes.affmunqc.net/role/RL47017_2026.xml,,,,
"32, Tétro",,Granby,,,1728,1973,63900,248100,312000,2025,Logement,MAMH — Données Québec (rôle d'évaluation foncière),https://donneesouvertes.affmunqc.net/role/RL47017_2026.xml,,,,
"105, Lévis",,Granby,,,1867.4,2009,74700,379300,454000,2025,Logement,MAMH — Données Québec (rôle d'évaluation foncière),https://donneesouvertes.affmunqc.net/role/RL47017_2026.xml,,,,
"101, Lévis",,Granby,,,1867.4,2002,74700,302300,377000,2025,Logement,MAMH — Données Québec (rôle d'évaluation foncière),https://donneesouvertes.affmunqc.net/role/RL47017_2026.xml,,,,
"97, Lévis",,Granby,,,1859.4,1994,74400,257600,332000,2025,Logement,MAMH — Données Québec (rôle d'évaluation foncière),https://donneesouvertes.affmunqc.net/role/RL47017_2026.xml,,,,
"93, Lévis",,Granby,,,1866.9,1993,74700,277300,352000,2025,Logement,MAMH — Données Québec (rôle d'évaluation foncière),https://donneesouvertes.affmunqc.net/role/RL47017_2026.xml,,,,
"89, Lévis",,Granby,,,1867.4,1992,74700,316300,391000,2025,Logement,MAMH — Données Québec (rôle d'évaluation foncière),https://donneesouvertes.affmunqc.net/role/RL47017_2026.xml,,,,
"85, Lévis",,Granby,,,1867.4,1988,74700,289300,364000,2025,Logement,MAMH — Données Québec (rôle d'évaluation foncière),https://donneesouvertes.affmunqc.net/role/RL47017_2026.xml,,,,
"81, Lévis",,Granby,,,1867.4,2006,74700,322300,397000,2025,Logement,MAMH — Données Québec (rôle d'évaluation foncière),https://donneesouvertes.affmunqc.net/role/RL47017_2026.xml,,,,
"77, Lévis",,Granby,,,1867.4,1990,74700,265300,340000,2025,Logement,MAMH — Données Québec (rôle d'évaluation foncière),https://donneesouvertes.affmunqc.net/role/RL47017_2026.xml,,,,
"73, Lévis",,Granby,,,1867.4,1990,74700,272300,347000,2025,Logement,MAMH — Données Québec (rôle d'évaluation foncière),https://donneesouvertes.affmunqc.net/role/RL47017_2026.xml,,,,
"69, Lévis",,Granby,,,1867.4,1994,74700,358300,433000,2025,Logement,MAMH — Données Québec (rôle d'évaluation foncière),https://donneesouvertes.affmunqc.net/role/RL47017_2026.xml,,,,
"61, Lévis",,Granby,,,2125.7,2006,85000,391000,476000,2025,Logement,MAMH — Données Québec (rôle d'évaluation foncière),https://donneesouvertes.affmunqc.net/role/RL47017_2026.xml,,,,
"65, Lévis",,Granby,,,3177.8,1988,124400,387600,512000,2025,Logement,MAMH — Données Québec (rôle d'évaluation foncière),https://donneesouvertes.affmunqc.net/role/RL47017_2026.xml,,,,
"1153, Dufferin",,Granby,,,3009,1972,111300,268700,380000,2025,Logement,MAMH — Données Québec (rôle d'évaluation foncière),https://donneesouvertes.affmunqc.net/role/RL47017_2026.xml,,,,
"1144, Dufferin, app. 1146",,Granby,,,1956.2,,86900,278100,365000,2025,Industrie,MAMH — Données Québec (rôle d'évaluation foncière),https://donneesouvertes.affmunqc.net/role/RL47017_2026.xml,,,,
"12, Tétro",,Granby,,,1080,1975,40000,235000,275000,2025,Logement,MAMH — Données Québec (rôle d'évaluation foncière),https://donneesouvertes.affmunqc.net/role/RL47017_2026.xml,,,,
"16, Tétro",,Granby,,,2793.6,1972,103400,290600,394000,2025,Logement,MAMH — Données Québec (rôle d'évaluation foncière),https://donneesouvertes.affmunqc.net/role/RL47017_2026.xml,,,,
"20, Tétro",,Granby,,,1396.8,,52000,,52000,2025,Terrain vacant,MAMH — Données Québec (rôle d'évaluation foncière),https://donneesouvertes.affmunqc.net/role/RL47017_2026.xml,,,,
"36, Tétro",,Granby,,,3353.5,1975,124100,155900,280000,2025,Industrie,MAMH — Données Québec (rôle d'évaluation foncière),https://donneesouvertes.affmunqc.net/role/RL47017_2026.xml,,,,
"28, Tétro",,Granby,,,2793.6,1975,103400,297600,401000,2025,Logement,MAMH — Données Québec (rôle d'évaluation foncière),https://donneesouvertes.affmunqc.net/role/RL47017_2026.xml,,,,
"1157, Dufferin",,Granby,,,3385.5,1977,108300,258700,367000,2025,Logement,MAMH — Données Québec (rôle d'évaluation foncière),https://donneesouvertes.affmunqc.net/role/RL47017_2026.xml,,,,
"1163, Dufferin",,Granby,,,5854.8,1964,144300,244700,389000,2025,Logement,MAMH — Données Québec (rôle d'évaluation foncière),https://donneesouvertes.affmunqc.net/role/RL47017_2026.xml,,,,
"1168, Dufferin",,Granby,,,1689.3,1960,91900,115100,207000,2025,Industrie,MAMH — Données Québec (rôle d'évaluation foncière),https://donneesouvertes.affmunqc.net/role/RL47017_2026.xml,,,,
"1180, Dufferin",,Granby,,,2611.2,1965,83600,317400,401000,2025,Logement,MAMH — Données Québec (rôle d'évaluation foncière),https://donneesouvertes.affmunqc.net/role/RL47017_2026.xml,,,,
"1184, Dufferin",,Granby,,,3178.7,1968,101700,346300,448000,2025,Logement,MAMH — Données Québec (rôle d'évaluation foncière),https://donneesouvertes.affmunqc.net/role/RL47017_2026.xml,,,,
"1188, Dufferin",,Granby,,,2829.2,2000,90500,389500,480000,2025,Logement,MAMH — Données Québec (rôle d'évaluation foncière),https://donneesouvertes.affmunqc.net/role/RL47017_2026.xml,,,,
"1172, Dufferin",,Granby,,,7760.9,,171300,240700,412000,2025,Logement,MAMH — Données Québec (rôle d'évaluation foncière),https://donneesouvertes.affmunqc.net/role/RL47017_2026.xml,,,,
"1176, Dufferin",,Granby,,,12937.2,,69500,421500,491000,2025,Agricole,MAMH — Données Québec (rôle d'évaluation foncière),https://donneesouvertes.affmunqc.net/role/RL47017_2026.xml,,,,
"90, Dale",,Granby,,,2630.9,2016,84200,618800,703000,2025,Logement,MAMH — Données Québec (rôle d'évaluation foncière),https://donneesouvertes.affmunqc.net/role/RL47017_2026.xml,,,,
"102, Dale",,Granby,,,4470.9,1986,121600,448400,570000,2025,Logement,MAMH — Données Québec (rôle d'évaluation foncière),https://donneesouvertes.affmunqc.net/role/RL47017_2026.xml,,,,
"94, Dale",,Granby,,,1748.6,2021,56000,675000,731000,2025,Logement,MAMH — Données Québec (rôle d'évaluation foncière),https://donneesouvertes.affmunqc.net/role/RL47017_2026.xml,,,,
"89, Dale",,Granby,,,4045.6,1990,129500,299500,429000,2025,Logement,MAMH — Données Québec (rôle d'évaluation foncière),https://donneesouvertes.affmunqc.net/role/RL47017_2026.xml,,,,
"97, Dale",,Granby,,,5000,1976,131200,308800,440000,2025,Logement,MAMH — Données Québec (rôle d'évaluation foncière),https://donneesouvertes.affmunqc.net/role/RL47017_2026.xml,,,,
"93, Dale",,Granby,,,8078.7,1975,168000,308000,476000,2025,Logement,MAMH — Données Québec (rôle d'évaluation foncière),https://donneesouvertes.affmunqc.net/role/RL47017_2026.xml,,,,
"101, Dale",,Granby,,,5367.4,1976,137400,283600,421000,2025,Logement,MAMH — Données Québec (rôle d'évaluation foncière),https://donneesouvertes.affmunqc.net/role/RL47017_2026.xml,,,,
"85, Dale",,Granby,,,75415,2010,165900,51100,217000,2025,Agricole,MAMH — Données Québec (rôle d'évaluation foncière),https://donneesouvertes.affmunqc.net/role/RL47017_2026.xml,,,,
"109, Dale",,Granby,,,185586.3,,285700,399300,685000,2025,Agricole,MAMH — Données Québec (rôle d'évaluation foncière),https://donneesouvertes.affmunqc.net/role/RL47017_2026.xml,,,,
"1150, Dufferin",,Granby,,,261650.4,,672500,207500,880000,2025,Agricole,MAMH — Données Québec (rôle d'évaluation foncière),https://donneesouvertes.affmunqc.net/role/RL47017_2026.xml,,,,
"848, Épinettes",,Granby,,,7200.35,1976,146300,344700,491000,2025,Logement,MAMH — Données Québec (rôle d'évaluation foncière),https://donneesouvertes.affmunqc.net/role/RL47017_2026.xml,,,,
"852, Épinettes",,Granby,,,4873.01,1977,137800,287200,425000,2025,Logement,MAMH — Données Québec (rôle d'évaluation foncière),https://donneesouvertes.affmunqc.net/role/RL47017_2026.xml,,,,
"844, Épinettes",,Granby,,,5133.49,1976,140000,294000,434000,2025,Logement,MAMH — Données Québec (rôle d'évaluation foncière),https://donneesouvertes.affmunqc.net/role/RL47017_2026.xml,,,,
"838, Épinettes",,Granby,,,4201.7,1976,133400,270600,404000,2025,Logement,MAMH — Données Québec (rôle d'évaluation foncière),https://donneesouvertes.affmunqc.net/role/RL47017_2026.xml,,,,
"832, Épinettes",,Granby,,,4178.9,2017,133100,491900,625000,2025,Logement,MAMH — Données Québec (rôle d'évaluation foncière),https://donneesouvertes.affmunqc.net/role/RL47017_2026.xml,,,,
"826, Épinettes",,Granby,,,4156.1,1977,132700,288300,421000,2025,Logement,MAMH — Données Québec (rôle d'évaluation foncière),https://donneesouvertes.affmunqc.net/role/RL47017_2026.xml,,,,
"831, Épinettes",,Granby,,,2090.31,,95000,,95000,2025,Terrain vacant,MAMH — Données Québec (rôle d'évaluation foncière),https://donneesouvertes.affmunqc.net/role/RL47017_2026.xml,,,,
"825, Épinettes",,Granby,,,2090.3,1982,95300,313700,409000,2025,Logement,MAMH — Données Québec (rôle d'évaluation foncière),https://donneesouvertes.affmunqc.net/role/RL47017_2026.xml,,,,
"820, Épinettes",,Granby,,,8903.1,1973,160100,387900,548000,2025,Logement,MAMH — Données Québec (rôle d'évaluation foncière),https://donneesouvertes.affmunqc.net/role/RL47017_2026.xml,,,,
"814, Épinettes",,Granby,,,3461.95,1984,122300,361700,484000,2025,Logement,MAMH — Données Québec (rôle d'évaluation foncière),https://donneesouvertes.affmunqc.net/role/RL47017_2026.xml,,,,
"856, Épinettes",,Granby,,,2838.4,2011,105000,431000,536000,2025,Logement,MAMH — Données Québec (rôle d'évaluation foncière),https://donneesouvertes.affmunqc.net/role/RL47017_2026.xml,,,,
"860, Épinettes",,Granby,,,3318.25,1977,120200,364800,485000,2025,Logement,MAMH — Données Québec (rôle d'évaluation foncière),https://donneesouvertes.affmunqc.net/role/RL47017_2026.xml,,,,
"868, Épinettes",,Granby,,,3824.97,1991,127800,314200,442000,2025,Logement,MAMH — Données Québec (rôle d'évaluation foncière),https://donneesouvertes.affmunqc.net/role/RL47017_2026.xml,,,,
"839, Épinettes",,Granby,,,3157.03,1977,116800,280200,397000,2025,Logement,MAMH — Données Québec (rôle d'évaluation foncière),https://donneesouvertes.affmunqc.net/role/RL47017_2026.xml,,,,
"837, Épinettes",,Granby,,,3719.7,1975,126200,475800,602000,2025,Logement,MAMH — Données Québec (rôle d'évaluation foncière),https://donneesouvertes.affmunqc.net/role/RL47017_2026.xml,,,,
"861, Épinettes",,Granby,,,2447.7,1989,90600,273400,364000,2025,Logement,MAMH — Données Québec (rôle d'évaluation foncière),https://donneesouvertes.affmunqc.net/role/RL47017_2026.xml,,,,
"195, Morin",,Granby,,,3004.1,2005,111200,371800,483000,2025,Logement,MAMH — Données Québec (rôle d'évaluation foncière),https://donneesouvertes.affmunqc.net/role/RL47017_2026.xml,,,,
"189, Morin",,Granby,,,3809.8,2005,127500,354500,482000,2025,Logement,MAMH — Données Québec (rôle d'évaluation foncière),https://donneesouvertes.affmunqc.net/role/RL47017_2026.xml,,,,
"821, Épinettes",,Granby,,,7281.4,1975,245000,318000,563000,2025,Logement,MAMH — Données Québec (rôle d'évaluation foncière),https://donneesouvertes.affmunqc.net/role/RL47017_2026.xml,,,,
"207, Morin",,Granby,,,3008,2004,111300,594700,706000,2025,Logement,MAMH — Données Québec (rôle d'évaluation foncière),https://donneesouvertes.affmunqc.net/role/RL47017_2026.xml,,,,
"807, Épinettes",,Granby,,,2055.93,,94000,,94000,2025,Terrain vacant,MAMH — Données Québec (rôle d'évaluation foncière),https://donneesouvertes.affmunqc.net/role/RL47017_2026.xml,,,,
"805, Épinettes",,Granby,,,2082.33,2007,94900,419100,514000,2025,Logement,MAMH — Données Québec (rôle d'évaluation foncière),https://donneesouvertes.affmunqc.net/role/RL47017_2026.xml,,,,
"62, Bergeron",,Granby,,,157560.7,,130000,,130000,2025,Agricole,MAMH — Données Québec (rôle d'évaluation foncière),https://donneesouvertes.affmunqc.net/role/RL47017_2026.xml,,,,
"47, Bergeron, app. 53",,Granby,,,24804.5,1978,161200,324800,486000,2025,Logement,MAMH — Données Québec (rôle d'évaluation foncière),https://donneesouvertes.affmunqc.net/role/RL47017_2026.xml,,,,
"92, Bergeron",,Granby,,,233589.5,2022,497100,1311900,1809000,2025,Agricole,MAMH — Données Québec (rôle d'évaluation foncière),https://donneesouvertes.affmunqc.net/role/RL47017_2026.xml,,,,
"76, Bergeron",,Granby,,,12967,2001,290500,535500,826000,2025,Logement,MAMH — Données Québec (rôle d'évaluation foncière),https://donneesouvertes.affmunqc.net/role/RL47017_2026.xml,,,,
"65, Bergeron",,Granby,,,20843.1,1980,466900,214100,681000,2025,Immeuble commercial,MAMH — Données Québec (rôle d'évaluation foncière),https://donneesouvertes.affmunqc.net/role/RL47017_2026.xml,,,,
"72, Gauthier",,Granby,,,6709.8,1977,171800,219200,391000,2025,Logement,MAMH — Données Québec (rôle d'évaluation foncière),https://donneesouvertes.affmunqc.net/role/RL47017_2026.xml,,,,
"75, Bergeron",,Granby,,,9778,1970,281600,309400,591000,2025,Logement,MAMH — Données Québec (rôle d'évaluation foncière),https://donneesouvertes.affmunqc.net/role/RL47017_2026.xml,,,,
"79, Bergeron",,Granby,,,4399.68,1967,126700,314300,441000,2025,Logement,MAMH — Données Québec (rôle d'évaluation foncière),https://donneesouvertes.affmunqc.net/role/RL47017_2026.xml,,,,
"82, Gauthier",,Granby,,,4654.6,,149000,,149000,2025,Terrain vacant,MAMH — Données Québec (rôle d'évaluation foncière),https://donneesouvertes.affmunqc.net/role/RL47017_2026.xml,,,,
"100, Gauthier",,Granby,,,2222.8,1968,71100,267900,339000,2025,Logement,MAMH — Données Québec (rôle d'évaluation foncière),https://donneesouvertes.affmunqc.net/role/RL47017_2026.xml,,,,
"92, Gauthier",,Granby,,,2211.2,1979,70800,223200,294000,2025,Logement,MAMH — Données Québec (rôle d'évaluation foncière),https://donneesouvertes.affmunqc.net/role/RL47017_2026.xml,,,,
"61, Gauthier",,Granby,,,5055.9,,,,0,2025,Immeuble commercial,MAMH — Données Québec (rôle d'évaluation foncière),https://donneesouvertes.affmunqc.net/role/RL47017_2026.xml,,,,
"73, Gauthier",,Granby,,,2276.11,1976,72800,285200,358000,2025,Logement,MAMH — Données Québec (rôle d'évaluation foncière),https://donneesouvertes.affmunqc.net/role/RL47017_2026.xml,,,,
"96, Bergeron",,Granby,,,1950.95,2018,62400,372600,435000,2025,Logement,MAMH — Données Québec (rôle d'évaluation foncière),https://donneesouvertes.affmunqc.net/role/RL47017_2026.xml,,,,
"83, Bergeron",,Granby,,,3000.53,1999,96000,476000,572000,2025,Logement,MAMH — Données Québec (rôle d'évaluation foncière),https://donneesouvertes.affmunqc.net/role/RL47017_2026.xml,,,,
"87, Bergeron",,Granby,,,16681.1,1990,293600,232400,526000,2025,Logement,MAMH — Données Québec (rôle d'évaluation foncière),https://donneesouvertes.affmunqc.net/role/RL47017_2026.xml,,,,
"81, Gauthier",,Granby,,,39100,,65000,,65000,2025,Terrain vacant,MAMH — Données Québec (rôle d'évaluation foncière),https://donneesouvertes.affmunqc.net/role/RL47017_2026.xml,,,,
"112, Bergeron",,Granby,,,134865.3,,281900,369100,651000,2025,Agricole,MAMH — Données Québec (rôle d'évaluation foncière),https://donneesouvertes.affmunqc.net/role/RL47017_2026.xml,,,,
"91, Bergeron",,Granby,,,20198.34,2018,323200,549800,873000,2025,Logement,MAMH — Données Québec (rôle d'évaluation foncière),https://donneesouvertes.affmunqc.net/role/RL47017_2026.xml,,,,
"95, Bergeron",,Granby,,,40500,,45000,,45000,2025,Terrain vacant,MAMH — Données Québec (rôle d'évaluation foncière),https://donneesouvertes.affmunqc.net/role/RL47017_2026.xml,,,,
"126, Bergeron",,Granby,,,2343.9,1966,90000,221000,311000,2025,Logement,MAMH — Données Québec (rôle d'évaluation foncière),https://donneesouvertes.affmunqc.net/role/RL47017_2026.xml,,,,
"136, Bergeron, app. 146",,Granby,,,399970,,1069400,1280600,2350000,2025,Agricole,MAMH — Données Québec (rôle d'évaluation foncière),https://donneesouvertes.affmunqc.net/role/RL47017_2026.xml,,,,
"802, Épinettes",,Granby,,,22052.6,,240000,,240000,2025,Terrain vacant,MAMH — Données Québec (rôle d'évaluation foncière),https://donneesouvertes.affmunqc.net/role/RL47017_2026.xml,,,,
"166, Bergeron",,Granby,,,4290.79,2012,134800,420200,555000,2025,Logement,MAMH — Données Québec (rôle d'évaluation foncière),https://donneesouvertes.affmunqc.net/role/RL47017_2026.xml,,,,
"158, Bergeron",,Granby,,,4001.31,2020,130400,672600,803000,2025,Logement,MAMH — Données Québec (rôle d'évaluation foncière),https://donneesouvertes.affmunqc.net/role/RL47017_2026.xml,,,,
"798, Épinettes",,Granby,,,3025.56,,112000,,112000,2025,Terrain vacant,MAMH — Données Québec (rôle d'évaluation foncière),https://donneesouvertes.affmunqc.net/role/RL47017_2026.xml,,,,
"792, Épinettes",,Granby,,,4190.51,1974,133300,369700,503000,2025,Logement,MAMH — Données Québec (rôle d'évaluation foncière),https://donneesouvertes.affmunqc.net/role/RL47017_2026.xml,,,,
"182, Bergeron",,Granby,,,11028,1978,235800,421200,657000,2025,Logement,MAMH — Données Québec (rôle d'évaluation foncière),https://donneesouvertes.affmunqc.net/role/RL47017_2026.xml,,,,
"190, Bergeron",,Granby,,,6492.2,1988,167800,342200,510000,2025,Logement,MAMH — Données Québec (rôle d'évaluation foncière),https://donneesouvertes.affmunqc.net/role/RL47017_2026.xml,,,,
"697, Mountain",,Granby,,,251246.4,,677300,802700,1480000,2025,Agricole,MAMH — Données Québec (rôle d'évaluation foncière),https://donneesouvertes.affmunqc.net/role/RL47017_2026.xml,,,,
"517, Bonneau",,Granby,,,4060.9,,131000,,131000,2025,Terrain vacant,MAMH — Données Québec (rôle d'évaluation foncière),https://donneesouvertes.affmunqc.net/role/RL47017_2026.xml,,,,
"509, Bonneau",,Granby,,,4075,1968,131500,406500,538000,2025,Logement,MAMH — Données Québec (rôle d'évaluation foncière),https://donneesouvertes.affmunqc.net/role/RL47017_2026.xml,,,,
"501, Bonneau",,Granby,,,8578.12,1971,199100,312900,512000,2025,Logement,MAMH — Données Québec (rôle d'évaluation foncière),https://donneesouvertes.affmunqc.net/role/RL47017_2026.xml,,,,
"493, Bonneau",,Granby,,,5188,1986,148200,446800,595000,2025,Logement,MAMH — Données Québec (rôle d'évaluation foncière),https://donneesouvertes.affmunqc.net/role/RL47017_2026.xml,,,,
"168, Meloche",,Granby,,,5707.8,2013,175600,839400,1015000,2025,Logement,MAMH — Données Québec (rôle d'évaluation foncière),https://donneesouvertes.affmunqc.net/role/RL47017_2026.xml,,,,
"176, Meloche",,Granby,,,8301.8,2010,214500,1215500,1430000,2025,Logement,MAMH — Données Québec (rôle d'évaluation foncière),https://donneesouvertes.affmunqc.net/role/RL47017_2026.xml,,,,
"160, Meloche",,Granby,,,5804.1,2012,177100,714900,892000,2025,Logement,MAMH — Données Québec (rôle d'évaluation foncière),https://donneesouvertes.affmunqc.net/role/RL47017_2026.xml,,,,
"152, Meloche",,Granby,,,7350.7,2010,200300,1001700,1202000,2025,Logement,MAMH — Données Québec (rôle d'évaluation foncière),https://donneesouvertes.affmunqc.net/role/RL47017_2026.xml,,,,
"157, Meloche",,Granby,,,3000,2021,135000,698000,833000,2025,Logement,MAMH — Données Québec (rôle d'évaluation foncière),https://donneesouvertes.affmunqc.net/role/RL47017_2026.xml,,,,
"149, Meloche",,Granby,,,3000,2021,135000,654000,789000,2025,Logement,MAMH — Données Québec (rôle d'évaluation foncière),https://donneesouvertes.affmunqc.net/role/RL47017_2026.xml,,,,
"665, Mountain",,Granby,,,279433,,380300,424700,805000,2025,Agricole,MAMH — Données Québec (rôle d'évaluation foncière),https://donneesouvertes.affmunqc.net/role/RL47017_2026.xml,,,,
"173, Meloche",,Granby,,,31711.7,,472000,,472000,2025,Terrain vacant,MAMH — Données Québec (rôle d'évaluation foncière),https://donneesouvertes.affmunqc.net/role/RL47017_2026.xml,,,,
"491, Bonneau",,Granby,,,582.5,,33000,,33000,2025,Terrain vacant,MAMH — Données Québec (rôle d'évaluation foncière),https://donneesouvertes.affmunqc.net/role/RL47017_2026.xml,,,,
"481, Bonneau",,Granby,,,6924.58,1968,156800,227200,384000,2025,Logement,MAMH — Données Québec (rôle d'évaluation foncière),https://donneesouvertes.affmunqc.net/role/RL47017_2026.xml,,,,
"489, Bonneau",,Granby,,,2608.72,1971,96500,307500,404000,2025,Logement,MAMH — Données Québec (rôle d'évaluation foncière),https://donneesouvertes.affmunqc.net/role/RL47017_2026.xml,,,,
"485, Bonneau",,Granby,,,2204.39,1987,73400,262600,336000,2025,Logement,MAMH — Données Québec (rôle d'évaluation foncière),https://donneesouvertes.affmunqc.net/role/RL47017_2026.xml,,,,
"475, Bonneau",,Granby,,,3913.24,1967,109700,251300,361000,2025,Logement,MAMH — Données Québec (rôle d'évaluation foncière),https://donneesouvertes.affmunqc.net/role/RL47017_2026.xml,,,,
"471, Bonneau",,Granby,,,2926.24,1969,86600,190400,277000,2025,Logement,MAMH — Données Québec (rôle d'évaluation foncière),https://donneesouvertes.affmunqc.net/role/RL47017_2026.xml,,,,
"463, Bonneau",,Granby,,,8370.7,,157000,,157000,2025,Terrain vacant,MAMH — Données Québec (rôle d'évaluation foncière),https://donneesouvertes.affmunqc.net/role/RL47017_2026.xml,,,,
"451, Bonneau",,Granby,,,5376.5,,60000,,60000,2025,Terrain vacant,MAMH — Données Québec (rôle d'évaluation foncière),https://donneesouvertes.affmunqc.net/role/RL47017_2026.xml,,,,
"447, Bonneau",,Granby,,,7043.68,,62000,,62000,2025,Terrain vacant,MAMH — Données Québec (rôle d'évaluation foncière),https://donneesouvertes.affmunqc.net/role/RL47017_2026.xml,,,,
"20, Meloche",,Granby,,,6439.5,2005,186600,711400,898000,2025,Logement,MAMH — Données Québec (rôle d'évaluation foncière),https://donneesouvertes.affmunqc.net/role/RL47017_2026.xml,,,,
"441, Bonneau",,Granby,,,15851.57,2024,277400,362600,640000,2025,Logement,MAMH — Données Québec (rôle d'évaluation foncière),https://donneesouvertes.affmunqc.net/role/RL47017_2026.xml,,,,
"443, Bonneau",,Granby,,,9237.87,,171000,,171000,2025,Terrain vacant,MAMH — Données Québec (rôle d'évaluation foncière),https://donneesouvertes.affmunqc.net/role/RL47017_2026.xml,,,,
"445, Bonneau",,Granby,,,6684.97,,132000,,132000,2025,Terrain vacant,MAMH — Données Québec (rôle d'évaluation foncière),https://donneesouvertes.affmunqc.net/role/RL47017_2026.xml,,,,
"30, Meloche",,Granby,,,4384.6,2009,155800,523200,679000,2025,Logement,MAMH — Données Québec (rôle d'évaluation foncière),https://donneesouvertes.affmunqc.net/role/RL47017_2026.xml,,,,
"40, Meloche",,Granby,,,3000.7,2007,135000,482000,617000,2025,Logement,MAMH — Données Québec (rôle d'évaluation foncière),https://donneesouvertes.affmunqc.net/role/RL47017_2026.xml,,,,
"50, Meloche",,Granby,,,3887.9,,148000,,148000,2025,Terrain vacant,MAMH — Données Québec (rôle d'évaluation foncière),https://donneesouvertes.affmunqc.net/role/RL47017_2026.xml,,,,
"493, Lambert",,Granby,,,3000.1,,135000,,135000,2025,Terrain vacant,MAMH — Données Québec (rôle d'évaluation foncière),https://donneesouvertes.affmunqc.net/role/RL47017_2026.xml,,,,
"37, Meloche",,Granby,,,3043,2004,135600,484400,620000,2025,Logement,MAMH — Données Québec (rôle d'évaluation foncière),https://donneesouvertes.affmunqc.net/role/RL47017_2026.xml,,,,
"45, Meloche",,Granby,,,3005.2,2005,135100,502900,638000,2025,Logement,MAMH — Données Québec (rôle d'évaluation foncière),https://donneesouvertes.affmunqc.net/role/RL47017_2026.xml,,,,
"492, Toupin",,Granby,,,3000,2024,135000,690000,825000,2025,Logement,MAMH — Données Québec (rôle d'évaluation foncière),https://donneesouvertes.affmunqc.net/role/RL47017_2026.xml,,,,
"144, Meloche",,Granby,,,6163.6,2019,182500,722500,905000,2025,Logement,MAMH — Données Québec (rôle d'évaluation foncière),https://donneesouvertes.affmunqc.net/role/RL47017_2026.xml,,,,
"136, Meloche",,Granby,,,5993.6,2008,179900,927100,1107000,2025,Logement,MAMH — Données Québec (rôle d'évaluation foncière),https://donneesouvertes.affmunqc.net/role/RL47017_2026.xml,,,,
"120, Meloche",,Granby,,,4383,2007,155700,709300,865000,2025,Logement,MAMH — Données Québec (rôle d'évaluation foncière),https://donneesouvertes.affmunqc.net/role/RL47017_2026.xml,,,,
"128, Meloche",,Granby,,,5419.7,2008,171300,587700,759000,2025,Logement,MAMH — Données Québec (rôle d'évaluation foncière),https://donneesouvertes.affmunqc.net/role/RL47017_2026.xml,,,,
"112, Meloche",,Granby,,,3368.5,2007,140500,648500,789000,2025,Terrain vacant,MAMH — Données Québec (rôle d'évaluation foncière),https://donneesouvertes.affmunqc.net/role/RL47017_2026.xml,,,,
"104, Meloche",,Granby,,,3011.8,2008,135200,517800,653000,2025,Logement,MAMH — Données Québec (rôle d'évaluation foncière),https://donneesouvertes.affmunqc.net/role/RL47017_2026.xml,,,,
"96, Meloche",,Granby,,,3041.5,2008,135600,587400,723000,2025,Logement,MAMH — Données Québec (rôle d'évaluation foncière),https://donneesouvertes.affmunqc.net/role/RL47017_2026.xml,,,,
"70, Meloche",,Granby,,,5146.2,2002,167200,448800,616000,2025,Logement,MAMH — Données Québec (rôle d'évaluation foncière),https://donneesouvertes.affmunqc.net/role/RL47017_2026.xml,,,,
"88, Meloche",,Granby,,,3000,2006,135000,504000,639000,2025,Logement,MAMH — Données Québec (rôle d'évaluation foncière),https://donneesouvertes.affmunqc.net/role/RL47017_2026.xml,,,,
"80, Meloche",,Granby,,,3000.3,2006,135000,485000,620000,2025,Logement,MAMH — Données Québec (rôle d'évaluation foncière),https://donneesouvertes.affmunqc.net/role/RL47017_2026.xml,,,,
"60, Meloche",,Granby,,,4676.5,2003,160100,856900,1017000,2025,Logement,MAMH — Données Québec (rôle d'évaluation foncière),https://donneesouvertes.affmunqc.net/role/RL47017_2026.xml,,,,
"501, Toupin",,Granby,,,4000,2002,150000,428000,578000,2025,Logement,MAMH — Données Québec (rôle d'évaluation foncière),https://donneesouvertes.affmunqc.net/role/RL47017_2026.xml,,,,
"61, Meloche",,Granby,,,4003.4,2005,150100,368900,519000,2025,Logement,MAMH — Données Québec (rôle d'évaluation foncière),https://donneesouvertes.affmunqc.net/role/RL47017_2026.xml,,,,
"484, Toupin",,Granby,,,5981.2,2004,179700,839300,1019000,2025,Logement,MAMH — Données Québec (rôle d'évaluation foncière),https://donneesouvertes.affmunqc.net/role/RL47017_2026.xml,,,,
"476, Toupin",,Granby,,,4818.7,2004,162300,478700,641000,2025,Logement,MAMH — Données Québec (rôle d'évaluation foncière),https://donneesouvertes.affmunqc.net/role/RL47017_2026.xml,,,,
"477, Toupin",,Granby,,,4005.9,2005,150100,506900,657000,2025,Logement,MAMH — Données Québec (rôle d'évaluation foncière),https://donneesouvertes.affmunqc.net/role/RL47017_2026.xml,,,,
"468, Toupin",,Granby,,,4000,2005,150000,642000,792000,2025,Logement,MAMH — Données Québec (rôle d'évaluation foncière),https://donneesouvertes.affmunqc.net/role/RL47017_2026.xml,,,,
"141, Meloche",,Granby,,,3000,2020,135000,778000,913000,2025,Logement,MAMH — Données Québec (rôle d'évaluation foncière),https://donneesouvertes.affmunqc.net/role/RL47017_2026.xml,,,,
"133, Meloche",,Granby,,,3000,2021,135000,900000,1035000,2025,Logement,MAMH — Données Québec (rôle d'évaluation foncière),https://donneesouvertes.affmunqc.net/role/RL47017_2026.xml,,,,
"109, Meloche",,Granby,,,3007,2008,135100,513900,649000,2025,Logement,MAMH — Données Québec (rôle d'évaluation foncière),https://donneesouvertes.affmunqc.net/role/RL47017_2026.xml,,,,
"101, Meloche",,Granby,,,3055.8,2010,135800,675200,811000,2025,Logement,MAMH — Données Québec (rôle d'évaluation foncière),https://donneesouvertes.affmunqc.net/role/RL47017_2026.xml,,,,
"93, Meloche",,Granby,,,3020,2008,135300,504700,640000,2025,Logement,MAMH — Données Québec (rôle d'évaluation foncière),https://donneesouvertes.affmunqc.net/role/RL47017_2026.xml,,,,
"104, Fabi",,Granby,,,3057.8,2024,136000,506000,642000,2025,Logement,MAMH — Données Québec (rôle d'évaluation foncière),https://donneesouvertes.affmunqc.net/role/RL47017_2026.xml,,,,
"96, Fabi",,Granby,,,3019.9,2010,135300,491700,627000,2025,Logement,MAMH — Données Québec (rôle d'évaluation foncière),https://donneesouvertes.affmunqc.net/role/RL47017_2026.xml,,,,
"85, Meloche",,Granby,,,6041.9,2008,180600,1352400,1533000,2025,Logement,MAMH — Données Québec (rôle d'évaluation foncière),https://donneesouvertes.affmunqc.net/role/RL47017_2026.xml,,,,
"69, Meloche",,Granby,,,4004.3,2006,150100,473900,624000,2025,Logement,MAMH — Données Québec (rôle d'évaluation foncière),https://donneesouvertes.affmunqc.net/role/RL47017_2026.xml,,,,
"77, Meloche",,Granby,,,3580.8,2006,143700,378300,522000,2025,Logement,MAMH — Données Québec (rôle d'évaluation foncière),https://donneesouvertes.affmunqc.net/role/RL47017_2026.xml,,,,
"493, Toupin",,Granby,,,9651.2,2006,234800,682200,917000,2025,Logement,MAMH — Données Québec (rôle d'évaluation foncière),https://donneesouvertes.affmunqc.net/role/RL47017_2026.xml,,,,
"56, Fabi",,Granby,,,6084.5,2009,181300,845700,1027000,2025,Logement,MAMH — Données Québec (rôle d'évaluation foncière),https://donneesouvertes.affmunqc.net/role/RL47017_2026.xml,,,,
"485, Toupin",,Granby,,,9420.3,2011,233000,763000,996000,2025,Logement,MAMH — Données Québec (rôle d'évaluation foncière),https://donneesouvertes.affmunqc.net/role/RL47017_2026.xml,,,,
"469, Toupin",,Granby,,,7135.7,2009,197000,681000,878000,2025,Logement,MAMH — Données Québec (rôle d'évaluation foncière),https://donneesouvertes.affmunqc.net/role/RL47017_2026.xml,,,,
"460, Toupin",,Granby,,,7123,2011,198000,550000,748000,2025,Logement,MAMH — Données Québec (rôle d'évaluation foncière),https://donneesouvertes.affmunqc.net/role/RL47017_2026.xml,,,,
"125, Meloche",,Granby,,,7412.4,2011,201200,755800,957000,2025,Logement,MAMH — Données Québec (rôle d'évaluation foncière),https://donneesouvertes.affmunqc.net/role/RL47017_2026.xml,,,,
"117, Meloche",,Granby,,,8369.5,2011,215500,569500,785000,2025,Logement,MAMH — Données Québec (rôle d'évaluation foncière),https://donneesouvertes.affmunqc.net/role/RL47017_2026.xml,,,,
"112, Fabi",,Granby,,,6415.6,2013,186200,572800,759000,2025,Logement,MAMH — Données Québec (rôle d'évaluation foncière),https://donneesouvertes.affmunqc.net/role/RL47017_2026.xml,,,,
"101, Fabi",,Granby,,,3467.5,2010,142000,469000,611000,2025,Logement,MAMH — Données Québec (rôle d'évaluation foncière),https://donneesouvertes.affmunqc.net/role/RL47017_2026.xml,,,,
"93, Fabi",,Granby,,,3020.5,2010,135300,636700,772000,2025,Logement,MAMH — Données Québec (rôle d'évaluation foncière),https://donneesouvertes.affmunqc.net/role/RL47017_2026.xml,,,,
"85, Fabi",,Granby,,,3019.7,2009,135300,554700,690000,2025,Logement,MAMH — Données Québec (rôle d'évaluation foncière),https://donneesouvertes.affmunqc.net/role/RL47017_2026.xml,,,,
"77, Fabi",,Granby,,,3020.4,2009,135300,549700,685000,2025,Logement,MAMH — Données Québec (rôle d'évaluation foncière),https://donneesouvertes.affmunqc.net/role/RL47017_2026.xml,,,,
"64, Fabi",,Granby,,,3249,2012,138700,739300,878000,2025,Logement,MAMH — Données Québec (rôle d'évaluation foncière),https://donneesouvertes.affmunqc.net/role/RL47017_2026.xml,,,,
"72, Fabi",,Granby,,,3238.5,2010,138600,686400,825000,2025,Logement,MAMH — Données Québec (rôle d'évaluation foncière),https://donneesouvertes.affmunqc.net/role/RL47017_2026.xml,,,,
"69, Fabi",,Granby,,,3480.1,2009,142200,485800,628000,2025,Logement,MAMH — Données Québec (rôle d'évaluation foncière),https://donneesouvertes.affmunqc.net/role/RL47017_2026.xml,,,,
"61, Fabi",,Granby,,,3482.3,2010,142200,497800,640000,2025,Logement,MAMH — Données Québec (rôle d'évaluation foncière),https://donneesouvertes.affmunqc.net/role/RL47017_2026.xml,,,,
"53, Fabi",,Granby,,,22788.5,2015,431800,870200,1302000,2025,Logement,MAMH — Données Québec (rôle d'évaluation foncière),https://donneesouvertes.affmunqc.net/role/RL47017_2026.xml,,,,
"38, Bruce",,Granby,,,217393.5,,1313000,,1313000,2025,Terrain vacant,MAMH — Données Québec (rôle d'évaluation foncière),https://donneesouvertes.affmunqc.net/role/RL47017_2026.xml,,,,
"388, Coupland",,Granby,,,533655.6,,677400,1235600,1913000,2025,Agricole,MAMH — Données Québec (rôle d'évaluation foncière),https://donneesouvertes.affmunqc.net/role/RL47017_2026.xml,,,,
"415, Coupland",,Granby,,,55.8,,2000,,2000,2025,Terrain vacant,MAMH — Données Québec (rôle d'évaluation foncière),https://donneesouvertes.affmunqc.net/role/RL47017_2026.xml,,,,
"393, Coupland",,Granby,,,4180.61,1968,133800,224200,358000,2025,Logement,MAMH — Données Québec (rôle d'évaluation foncière),https://donneesouvertes.affmunqc.net/role/RL47017_2026.xml,,,,
"397, Coupland",,Granby,,,2786.8,,89000,,89000,2025,Terrain vacant,MAMH — Données Québec (rôle d'évaluation foncière),https://donneesouvertes.affmunqc.net/role/RL47017_2026.xml,,,,
"385, Coupland",,Granby,,,4176.8,1969,133700,350300,484000,2025,Logement,MAMH — Données Québec (rôle d'évaluation foncière),https://donneesouvertes.affmunqc.net/role/RL47017_2026.xml,,,,
"379, Coupland",,Granby,,,4921,1971,157500,303500,461000,2025,Logement,MAMH — Données Québec (rôle d'évaluation foncière),https://donneesouvertes.affmunqc.net/role/RL47017_2026.xml,,,,
"32, Bruce",,Granby,,,3493.1,1975,122800,214200,337000,2025,Logement,MAMH — Données Québec (rôle d'évaluation foncière),https://donneesouvertes.affmunqc.net/role/RL47017_2026.xml,,,,
"36, Bruce",,Granby,,,1858.05,1976,68700,179300,248000,2025,Logement,MAMH — Données Québec (rôle d'évaluation foncière),https://donneesouvertes.affmunqc.net/role/RL47017_2026.xml,,,,
"44, Bruce",,Granby,,,3329.6,1977,120300,181700,302000,2025,Logement,MAMH — Données Québec (rôle d'évaluation foncière),https://donneesouvertes.affmunqc.net/role/RL47017_2026.xml,,,,
"52, Bruce",,Granby,,,2861.4,2006,105900,339100,445000,2025,Logement,MAMH — Données Québec (rôle d'évaluation foncière),https://donneesouvertes.affmunqc.net/role/RL47017_2026.xml,,,,
"35, Bruce",,Granby,,,11618.1,2002,244700,750300,995000,2025,Logement,MAMH — Données Québec (rôle d'évaluation foncière),https://donneesouvertes.affmunqc.net/role/RL47017_2026.xml,,,,
"55, Bruce",,Granby,,,,2006,,115000,115000,2025,Immeuble commercial,MAMH — Données Québec (rôle d'évaluation foncière),https://donneesouvertes.affmunqc.net/role/RL47017_2026.xml,,,,
"822, Mont-brome",,Granby,,,1159.3,,1,,1,2025,Immeuble commercial,MAMH — Données Québec (rôle d'évaluation foncière),https://donneesouvertes.affmunqc.net/role/RL47017_2026.xml,,,,
"795, Mont-brome",,Granby,,,195.29,2021,42000,248000,290000,2025,Logement,MAMH — Données Québec (rôle d'évaluation foncière),https://donneesouvertes.affmunqc.net/role/RL47017_2026.xml,,,,
"797, Mont-brome",,Granby,,,208.32,2021,45000,227000,272000,2025,Logement,MAMH — Données Québec (rôle d'évaluation foncière),https://donneesouvertes.affmunqc.net/role/RL47017_2026.xml,,,,
"799, Mont-brome",,Granby,,,185.08,2021,40000,211000,251000,2025,Logement,MAMH — Données Québec (rôle d'évaluation foncière),https://donneesouvertes.affmunqc.net/role/RL47017_2026.xml,,,,
"801, Mont-brome",,Granby,,,176.7,2021,38000,213000,251000,2025,Logement,MAMH — Données Québec (rôle d'évaluation foncière),https://donneesouvertes.affmunqc.net/role/RL47017_2026.xml,,,,
"803, Mont-brome",,Granby,,,197.43,2021,42500,221500,264000,2025,Logement,MAMH — Données Québec (rôle d'évaluation foncière),https://donneesouvertes.affmunqc.net/role/RL47017_2026.xml,,,,
"805, Mont-brome",,Granby,,,197.43,2021,42500,237500,280000,2025,Logement,MAMH — Données Québec (rôle d'évaluation foncière),https://donneesouvertes.affmunqc.net/role/RL47017_2026.xml,,,,
"807, Mont-brome",,Granby,,,197.43,2021,42500,253500,296000,2025,Logement,MAMH — Données Québec (rôle d'évaluation foncière),https://donneesouvertes.affmunqc.net/role/RL47017_2026.xml,,,,
"809, Mont-brome",,Granby,,,197.43,2021,42500,228500,271000,2025,Logement,MAMH — Données Québec (rôle d'évaluation foncière),https://donneesouvertes.affmunqc.net/role/RL47017_2026.xml,,,,
"811, Mont-brome",,Granby,,,176.71,2021,38000,215000,253000,2025,Logement,MAMH — Données Québec (rôle d'évaluation foncière),https://donneesouvertes.affmunqc.net/role/RL47017_2026.xml,,,,
"813, Mont-brome",,Granby,,,185.08,2021,40000,219000,259000,2025,Logement,MAMH — Données Québec (rôle d'évaluation foncière),https://donneesouvertes.affmunqc.net/role/RL47017_2026.xml,,,,
"815, Mont-brome",,Granby,,,197.43,2021,42500,253500,296000,2025,Logement,MAMH — Données Québec (rôle d'évaluation foncière),https://donneesouvertes.affmunqc.net/role/RL47017_2026.xml,,,,
"817, Mont-brome",,Granby,,,195.29,2021,42000,230000,272000,2025,Logement,MAMH — Données Québec (rôle d'évaluation foncière),https://donneesouvertes.affmunqc.net/role/RL47017_2026.xml,,,,
"829, Mont-brome",,Granby,,,187.7,2021,40500,226500,267000,2025,Logement,MAMH — Données Québec (rôle d'évaluation foncière),https://donneesouvertes.affmunqc.net/role/RL47017_2026.xml,,,,
"831, Mont-brome",,Granby,,,187.7,2021,40500,225500,266000,2025,Logement,MAMH — Données Québec (rôle d'évaluation foncière),https://donneesouvertes.affmunqc.net/role/RL47017_2026.xml,,,,
"827, Mont-brome",,Granby,,,199.36,2021,43000,245000,288000,2025,Logement,MAMH — Données Québec (rôle d'évaluation foncière),https://donneesouvertes.affmunqc.net/role/RL47017_2026.xml,,,,
"833, Mont-brome",,Granby,,,199.36,2021,43000,255000,298000,2025,Logement,MAMH — Données Québec (rôle d'évaluation foncière),https://donneesouvertes.affmunqc.net/role/RL47017_2026.xml,,,,
"825, Mont-brome",,Granby,,,202.31,2021,43500,248500,292000,2025,Logement,MAMH — Données Québec (rôle d'évaluation foncière),https://donneesouvertes.affmunqc.net/role/RL47017_2026.xml,,,,
"835, Mont-brome",,Granby,,,202.31,2021,43500,248500,292000,2025,Logement,MAMH — Données Québec (rôle d'évaluation foncière),https://donneesouvertes.affmunqc.net/role/RL47017_2026.xml,,,,
"856, Mont-brome",,Granby,,,195.51,2021,42000,242000,284000,2025,Logement,MAMH — Données Québec (rôle d'évaluation foncière),https://donneesouvertes.affmunqc.net/role/RL47017_2026.xml,,,,
"858, Mont-brome",,Granby,,,195.51,2021,42000,242000,284000,2025,Logement,MAMH — Données Québec (rôle d'évaluation foncière),https://donneesouvertes.affmunqc.net/role/RL47017_2026.xml,,,,
"860, Mont-brome",,Granby,,,195.51,2021,42000,245000,287000,2025,Logement,MAMH — Données Québec (rôle d'évaluation foncière),https://donneesouvertes.affmunqc.net/role/RL47017_2026.xml,,,,
"862, Mont-brome",,Granby,,,189.52,2021,41000,238000,279000,2025,Logement,MAMH — Données Québec (rôle d'évaluation foncière),https://donneesouvertes.affmunqc.net/role/RL47017_2026.xml,,,,
"864, Mont-brome",,Granby,,,189.52,2021,41000,239000,280000,2025,Logement,MAMH — Données Québec (rôle d'évaluation foncière),https://donneesouvertes.affmunqc.net/role/RL47017_2026.xml,,,,
"866, Mont-brome",,Granby,,,189.52,2021,41000,238000,279000,2025,Logement,MAMH — Données Québec (rôle d'évaluation foncière),https://donneesouvertes.affmunqc.net/role/RL47017_2026.xml,,,,
"868, Mont-brome",,Granby,,,189.52,2021,41000,239000,280000,2025,Logement,MAMH — Données Québec (rôle d'évaluation foncière),https://donneesouvertes.affmunqc.net/role/RL47017_2026.xml,,,,
"870, Mont-brome",,Granby,,,190.28,2021,41000,231000,272000,2025,Logement,MAMH — Données Québec (rôle d'évaluation foncière),https://donneesouvertes.affmunqc.net/role/RL47017_2026.xml,,,,
"872, Mont-brome",,Granby,,,190.28,2021,41000,239000,280000,2025,Logement,MAMH — Données Québec (rôle d'évaluation foncière),https://donneesouvertes.affmunqc.net/role/RL47017_2026.xml,,,,
"874, Mont-brome",,Granby,,,195.51,2021,42000,259000,301000,2025,Logement,MAMH — Données Québec (rôle d'évaluation foncière),https://donneesouvertes.affmunqc.net/role/RL47017_2026.xml,,,,
"876, Mont-brome",,Granby,,,195.51,2021,42000,250000,292000,2025,Logement,MAMH — Données Québec (rôle d'évaluation foncière),https://donneesouvertes.affmunqc.net/role/RL47017_2026.xml,,,,
"878, Mont-brome",,Granby,,,195.51,2021,42000,258000,300000,2025,Logement,MAMH — Données Québec (rôle d'évaluation foncière),https://donneesouvertes.affmunqc.net/role/RL47017_2026.xml,,,,
"826, Mont-brome",,Granby,,,194.1,2021,41500,248500,290000,2025,Logement,MAMH — Données Québec (rôle d'évaluation foncière),https://donneesouvertes.affmunqc.net/role/RL47017_2026.xml,,,,
"828, Mont-brome",,Granby,,,194.1,2021,41500,240500,282000,2025,Logement,MAMH — Données Québec (rôle d'évaluation foncière),https://donneesouvertes.affmunqc.net/role/RL47017_2026.xml,,,,
"830, Mont-brome",,Granby,,,194.1,2021,41500,272500,314000,2025,Logement,MAMH — Données Québec (rôle d'évaluation foncière),https://donneesouvertes.affmunqc.net/role/RL47017_2026.xml,,,,
"832, Mont-brome",,Granby,,,190.96,2021,41000,236000,277000,2025,Logement,MAMH — Données Québec (rôle d'évaluation foncière),https://donneesouvertes.affmunqc.net/role/RL47017_2026.xml,,,,
"834, Mont-brome",,Granby,,,190.2,2021,41000,236000,277000,2025,Logement,MAMH — Données Québec (rôle d'évaluation foncière),https://donneesouvertes.affmunqc.net/role/RL47017_2026.xml,,,,
"836, Mont-brome",,Granby,,,190.2,2021,41000,246000,287000,2025,Logement,MAMH — Données Québec (rôle d'évaluation foncière),https://donneesouvertes.affmunqc.net/role/RL47017_2026.xml,,,,
"838, Mont-brome",,Granby,,,190.2,2021,41000,239000,280000,2025,Logement,MAMH — Données Québec (rôle d'évaluation foncière),https://donneesouvertes.affmunqc.net/role/RL47017_2026.xml,,,,
"840, Mont-brome",,Granby,,,190.2,2021,41000,236000,277000,2025,Logement,MAMH — Données Québec (rôle d'évaluation foncière),https://donneesouvertes.affmunqc.net/role/RL47017_2026.xml,,,,
"842, Mont-brome",,Granby,,,190.96,2021,41000,246000,287000,2025,Logement,MAMH — Données Québec (rôle d'évaluation foncière),https://donneesouvertes.affmunqc.net/role/RL47017_2026.xml,,,,
"844, Mont-brome",,Granby,,,194.1,2021,41500,250500,292000,2025,Logement,MAMH — Données Québec (rôle d'évaluation foncière),https://donneesouvertes.affmunqc.net/role/RL47017_2026.xml,,,,
"846, Mont-brome",,Granby,,,194.1,2021,41500,242500,284000,2025,Logement,MAMH — Données Québec (rôle d'évaluation foncière),https://donneesouvertes.affmunqc.net/role/RL47017_2026.xml,,,,
"848, Mont-brome",,Granby,,,194.1,2021,41500,240500,282000,2025,Logement,MAMH — Données Québec (rôle d'évaluation foncière),https://donneesouvertes.affmunqc.net/role/RL47017_2026.xml,,,,
"796, Mont-brome",,Granby,,,194.5,2021,41500,253500,295000,2025,Logement,MAMH — Données Québec (rôle d'évaluation foncière),https://donneesouvertes.affmunqc.net/role/RL47017_2026.xml,,,,
"798, Mont-brome",,Granby,,,192.42,2021,41500,242500,284000,2025,Logement,MAMH — Données Québec (rôle d'évaluation foncière),https://donneesouvertes.affmunqc.net/role/RL47017_2026.xml,,,,
"800, Mont-brome",,Granby,,,194.5,2021,41500,248500,290000,2025,Logement,MAMH — Données Québec (rôle d'évaluation foncière),https://donneesouvertes.affmunqc.net/role/RL47017_2026.xml,,,,
"802, Mont-brome",,Granby,,,191.35,2021,41000,243000,284000,2025,Logement,MAMH — Données Québec (rôle d'évaluation foncière),https://donneesouvertes.affmunqc.net/role/RL47017_2026.xml,,,,
"804, Mont-brome",,Granby,,,190.59,2021,41000,243000,284000,2025,Logement,MAMH — Données Québec (rôle d'évaluation foncière),https://donneesouvertes.affmunqc.net/role/RL47017_2026.xml,,,,
"806, Mont-brome",,Granby,,,192.42,2021,41500,240500,282000,2025,Logement,MAMH — Données Québec (rôle d'évaluation foncière),https://donneesouvertes.affmunqc.net/role/RL47017_2026.xml,,,,
"808, Mont-brome",,Granby,,,192.42,2021,41500,242500,284000,2025,Logement,MAMH — Données Québec (rôle d'évaluation foncière),https://donneesouvertes.affmunqc.net/role/RL47017_2026.xml,,,,
"810, Mont-brome",,Granby,,,191.35,2021,41000,238000,279000,2025,Logement,MAMH — Données Québec (rôle d'évaluation foncière),https://donneesouvertes.affmunqc.net/role/RL47017_2026.xml,,,,
"812, Mont-brome",,Granby,,,190.59,2021,41000,239000,280000,2025,Logement,MAMH — Données Québec (rôle d'évaluation foncière),https://donneesouvertes.affmunqc.net/role/RL47017_2026.xml,,,,
"814, Mont-brome",,Granby,,,194.5,2021,41500,237500,279000,2025,Logement,MAMH — Données Québec (rôle d'évaluation foncière),https://donneesouvertes.affmunqc.net/role/RL47017_2026.xml,,,,
"816, Mont-brome",,Granby,,,192.42,2021,41500,248500,290000,2025,Logement,MAMH — Données Québec (rôle d'évaluation foncière),https://donneesouvertes.affmunqc.net/role/RL47017_2026.xml,,,,
"818, Mont-brome",,Granby,,,194.5,2021,41500,248500,290000,2025,Logement,MAMH — Données Québec (rôle d'évaluation foncière),https://donneesouvertes.affmunqc.net/role/RL47017_2026.xml,,,,
"766, Mont-brome",,Granby,,,182.16,2020,39000,283000,322000,2025,Logement,MAMH — Données Québec (rôle d'évaluation foncière),https://donneesouvertes.affmunqc.net/role/RL47017_2026.xml,,,,
"768, Mont-brome",,Granby,,,182.16,2020,39000,267000,306000,2025,Logement,MAMH — Données Québec (rôle d'évaluation foncière),https://donneesouvertes.affmunqc.net/role/RL47017_2026.xml,,,,
"770, Mont-brome",,Granby,,,182.16,2020,39000,248000,287000,2025,Logement,MAMH — Données Québec (rôle d'évaluation foncière),https://donneesouvertes.affmunqc.net/role/RL47017_2026.xml,,,,
"772, Mont-brome",,Granby,,,176.14,2020,38000,239000,277000,2025,Logement,MAMH — Données Québec (rôle d'évaluation foncière),https://donneesouvertes.affmunqc.net/role/RL47017_2026.xml,,,,
"774, Mont-brome",,Granby,,,176.14,2020,38000,262000,300000,2025,Logement,MAMH — Données Québec (rôle d'évaluation foncière),https://donneesouvertes.affmunqc.net/role/RL47017_2026.xml,,,,
"776, Mont-brome",,Granby,,,176.14,2020,38000,271000,309000,2025,Logement,MAMH — Données Québec (rôle d'évaluation foncière),https://donneesouvertes.affmunqc.net/role/RL47017_2026.xml,,,,
"778, Mont-brome",,Granby,,,176.14,2020,38000,273000,311000,2025,Logement,MAMH — Données Québec (rôle d'évaluation foncière),https://donneesouvertes.affmunqc.net/role/RL47017_2026.xml,,,,
"780, Mont-brome",,Granby,,,176.14,2020,38000,271000,309000,2025,Logement,MAMH — Données Québec (rôle d'évaluation foncière),https://donneesouvertes.affmunqc.net/role/RL47017_2026.xml,,,,
"782, Mont-brome",,Granby,,,176.14,2020,38000,239000,277000,2025,Logement,MAMH — Données Québec (rôle d'évaluation foncière),https://donneesouvertes.affmunqc.net/role/RL47017_2026.xml,,,,
"784, Mont-brome",,Granby,,,182.16,2020,39000,253000,292000,2025,Logement,MAMH — Données Québec (rôle d'évaluation foncière),https://donneesouvertes.affmunqc.net/role/RL47017_2026.xml,,,,
"786, Mont-brome",,Granby,,,182.16,2020,39000,293000,332000,2025,Logement,MAMH — Données Québec (rôle d'évaluation foncière),https://donneesouvertes.affmunqc.net/role/RL47017_2026.xml,,,,
"788, Mont-brome",,Granby,,,182.16,2020,39000,280000,319000,2025,Logement,MAMH — Données Québec (rôle d'évaluation foncière),https://donneesouvertes.affmunqc.net/role/RL47017_2026.xml,,,,
"736, Mont-brome",,Granby,,,178.26,2019,38500,243500,282000,2025,Logement,MAMH — Données Québec (rôle d'évaluation foncière),https://donneesouvertes.affmunqc.net/role/RL47017_2026.xml,,,,
"738, Mont-brome",,Granby,,,178.26,2019,38500,238500,277000,2025,Logement,MAMH — Données Québec (rôle d'évaluation foncière),https://donneesouvertes.affmunqc.net/role/RL47017_2026.xml,,,,
"740, Mont-brome",,Granby,,,178.26,2019,38500,246500,285000,2025,Logement,MAMH — Données Québec (rôle d'évaluation foncière),https://donneesouvertes.affmunqc.net/role/RL47017_2026.xml,,,,
"742, Mont-brome",,Granby,,,174.66,2019,37500,239500,277000,2025,Logement,MAMH — Données Québec (rôle d'évaluation foncière),https://donneesouvertes.affmunqc.net/role/RL47017_2026.xml,,,,
"744, Mont-brome",,Granby,,,174.66,2019,37500,234500,272000,2025,Logement,MAMH — Données Québec (rôle d'évaluation foncière),https://donneesouvertes.affmunqc.net/role/RL47017_2026.xml,,,,
"746, Mont-brome",,Granby,,,174.66,2019,37500,241500,279000,2025,Logement,MAMH — Données Québec (rôle d'évaluation foncière),https://donneesouvertes.affmunqc.net/role/RL47017_2026.xml,,,,
"748, Mont-brome",,Granby,,,174.66,2019,37500,241500,279000,2025,Logement,MAMH — Données Québec (rôle d'évaluation foncière),https://donneesouvertes.affmunqc.net/role/RL47017_2026.xml,,,,
"750, Mont-brome",,Granby,,,174.66,2019,37500,234500,272000,2025,Logement,MAMH — Données Québec (rôle d'évaluation foncière),https://donneesouvertes.affmunqc.net/role/RL47017_2026.xml,,,,
"752, Mont-brome",,Granby,,,174.66,2019,37500,236500,274000,2025,Logement,MAMH — Données Québec (rôle d'évaluation foncière),https://donneesouvertes.affmunqc.net/role/RL47017_2026.xml,,,,
"754, Mont-brome",,Granby,,,178.26,2019,38500,253500,292000,2025,Logement,MAMH — Données Québec (rôle d'évaluation foncière),https://donneesouvertes.affmunqc.net/role/RL47017_2026.xml,,,,
"756, Mont-brome",,Granby,,,178.26,2019,38500,241500,280000,2025,Logement,MAMH — Données Québec (rôle d'évaluation foncière),https://donneesouvertes.affmunqc.net/role/RL47017_2026.xml,,,,
"758, Mont-brome",,Granby,,,178.26,2019,38500,253500,292000,2025,Logement,MAMH — Données Québec (rôle d'évaluation foncière),https://donneesouvertes.affmunqc.net/role/RL47017_2026.xml,,,,
"5, Mont-brome",,Granby,,,3138.2,,,,0,2025,Immeuble commercial,MAMH — Données Québec (rôle d'évaluation foncière),https://donneesouvertes.affmunqc.net/role/RL47017_2026.xml,,,,
"40, Bruce",,Granby,,,245,1997,9100,74900,84000,2025,Immeuble commercial,MAMH — Données Québec (rôle d'évaluation foncière),https://donneesouvertes.affmunqc.net/role/RL47017_2026.xml,,,,
"60, Bruce",,Granby,,,3015,1970,111600,368400,480000,2025,Logement,MAMH — Données Québec (rôle d'évaluation foncière),https://donneesouvertes.affmunqc.net/role/RL47017_2026.xml,,,,
"70, Bruce",,Granby,,,4035.1,2007,130900,379100,510000,2025,Logement,MAMH — Données Québec (rôle d'évaluation foncière),https://donneesouvertes.affmunqc.net/role/RL47017_2026.xml,,,,
"735, Mont-brome, app. 757",,Granby,,,1827.4,2020,392900,2229100,2622000,2025,Logement,MAMH — Données Québec (rôle d'évaluation foncière),https://donneesouvertes.affmunqc.net/role/RL47017_2026.xml,,,,
"765, Mont-brome, app. 787",,Granby,,,1813.9,2020,390000,2218000,2608000,2025,Logement,MAMH — Données Québec (rôle d'évaluation foncière),https://donneesouvertes.affmunqc.net/role/RL47017_2026.xml,,,,
"791, Mont-brome",,Granby,,,401.7,,,,0,2025,Immeuble commercial,MAMH — Données Québec (rôle d'évaluation foncière),https://donneesouvertes.affmunqc.net/role/RL47017_2026.xml,,,,
"82, Bruce",,Granby,,,2132.7,,63000,,63000,2025,Terrain vacant,MAMH — Données Québec (rôle d'évaluation foncière),https://donneesouvertes.affmunqc.net/role/RL47017_2026.xml,,,,
"84, Bruce",,Granby,,,413.7,,13000,,13000,2025,Terrain vacant,MAMH — Données Québec (rôle d'évaluation foncière),https://donneesouvertes.affmunqc.net/role/RL47017_2026.xml,,,,
"86, Bruce",,Granby,,,2551.4,1974,81600,281400,363000,2025,Logement,MAMH — Données Québec (rôle d'évaluation foncière),https://donneesouvertes.affmunqc.net/role/RL47017_2026.xml,,,,
"94, Bruce",,Granby,,,2669.3,1975,85400,192600,278000,2025,Logement,MAMH — Données Québec (rôle d'évaluation foncière),https://donneesouvertes.affmunqc.net/role/RL47017_2026.xml,,,,
"98, Bruce",,Granby,,,3525.4,1973,112800,332200,445000,2025,Logement,MAMH — Données Québec (rôle d'évaluation foncière),https://donneesouvertes.affmunqc.net/role/RL47017_2026.xml,,,,
"106, Bruce",,Granby,,,6034.2,1994,193100,308900,502000,2025,Logement,MAMH — Données Québec (rôle d'évaluation foncière),https://donneesouvertes.affmunqc.net/role/RL47017_2026.xml,,,,
"95, Bruce",,Granby,,,3026.3,2000,96800,462200,559000,2025,Logement,MAMH — Données Québec (rôle d'évaluation foncière),https://donneesouvertes.affmunqc.net/role/RL47017_2026.xml,,,,
"133, Bruce",,Granby,,,476178.5,,1580000,,1580000,2025,Terrain vacant,MAMH — Données Québec (rôle d'évaluation foncière),https://donneesouvertes.affmunqc.net/role/RL47017_2026.xml,,,,
"105, Bruce",,Granby,,,3000.8,,123000,,123000,2025,Terrain vacant,MAMH — Données Québec (rôle d'évaluation foncière),https://donneesouvertes.affmunqc.net/role/RL47017_2026.xml,,,,
"115, Bruce",,Granby,,,3000.1,2006,123000,384000,507000,2025,Logement,MAMH — Données Québec (rôle d'évaluation foncière),https://donneesouvertes.affmunqc.net/role/RL47017_2026.xml,,,,
"125, Bruce",,Granby,,,3000.2,2001,123000,306000,429000,2025,Logement,MAMH — Données Québec (rôle d'évaluation foncière),https://donneesouvertes.affmunqc.net/role/RL47017_2026.xml,,,,
"135, Bruce",,Granby,,,3072.5,2006,126000,493000,619000,2025,Logement,MAMH — Données Québec (rôle d'évaluation foncière),https://donneesouvertes.affmunqc.net/role/RL47017_2026.xml,,,,
"145, Bruce",,Granby,,,3112.5,2003,127600,321400,449000,2025,Logement,MAMH — Données Québec (rôle d'évaluation foncière),https://donneesouvertes.affmunqc.net/role/RL47017_2026.xml,,,,
"155, Bruce",,Granby,,,3009.3,2002,123400,161600,285000,2025,Logement,MAMH — Données Québec (rôle d'évaluation foncière),https://donneesouvertes.affmunqc.net/role/RL47017_2026.xml,,,,
"17, Mont-brome, app. 23",,Granby,,,985.7,2023,211900,754100,966000,2025,Logement,MAMH — Données Québec (rôle d'évaluation foncière),https://donneesouvertes.affmunqc.net/role/RL47017_2026.xml,,,,
"16, Mont-brome, app. 22",,Granby,,,983.2,2024,211400,715600,927000,2025,Logement,MAMH — Données Québec (rôle d'évaluation foncière),https://donneesouvertes.affmunqc.net/role/RL47017_2026.xml,,,,
"222, Mont-shefford, app. 228",,Granby,,,994.2,2025,214000,760000,974000,2025,Logement,MAMH — Données Québec (rôle d'évaluation foncière),https://donneesouvertes.affmunqc.net/role/RL47017_2026.xml,,,,
"11, Mont-brome, app. 15",,Granby,,,997.2,2023,214400,756600,971000,2025,Logement,MAMH — Données Québec (rôle d'évaluation foncière),https://donneesouvertes.affmunqc.net/role/RL47017_2026.xml,,,,
"12, Mont-brome, app. 14",,Granby,,,986.8,2024,212200,713800,926000,2025,Logement,MAMH — Données Québec (rôle d'évaluation foncière),https://donneesouvertes.affmunqc.net/role/RL47017_2026.xml,,,,
"3, Mont-shefford",,Granby,,,15038,,,,0,2025,Immeuble commercial,MAMH — Données Québec (rôle d'évaluation foncière),https://donneesouvertes.affmunqc.net/role/RL47017_2026.xml,,,,
"305, Montérégiennes, app. 311",,Granby,,,926.7,2016,199200,648800,848000,2025,Logement,MAMH — Données Québec (rôle d'évaluation foncière),https://donneesouvertes.affmunqc.net/role/RL47017_2026.xml,,,,
"295, Montérégiennes, app. 301",,Granby,,,896,2014,192600,608400,801000,2025,Logement,MAMH — Données Québec (rôle d'évaluation foncière),https://donneesouvertes.affmunqc.net/role/RL47017_2026.xml,,,,
"280, Mont-brome, app. 286",,Granby,,,1129.65,2019,242900,773100,1016000,2025,Logement,MAMH — Données Québec (rôle d'évaluation foncière),https://donneesouvertes.affmunqc.net/role/RL47017_2026.xml,,,,
"314, Mont-brome, app. 320",,Granby,,,1095.05,2020,235400,794600,1030000,2025,Logement,MAMH — Données Québec (rôle d'évaluation foncière),https://donneesouvertes.affmunqc.net/role/RL47017_2026.xml,,,,
"298, Mont-brome, app. 304",,Granby,,,1084.35,2020,233100,811900,1045000,2025,Logement,MAMH — Données Québec (rôle d'évaluation foncière),https://donneesouvertes.affmunqc.net/role/RL47017_2026.xml,,,,
"270, Mont-brome, app. 276",,Granby,,,896,2022,192600,827400,1020000,2025,Logement,MAMH — Données Québec (rôle d'évaluation foncière),https://donneesouvertes.affmunqc.net/role/RL47017_2026.xml,,,,
"334, Mont-brome",,Granby,,,174.59,2019,37500,210500,248000,2025,Logement,MAMH — Données Québec (rôle d'évaluation foncière),https://donneesouvertes.affmunqc.net/role/RL47017_2026.xml,,,,
"336, Mont-brome",,Granby,,,174.59,2019,37500,208500,246000,2025,Logement,MAMH — Données Québec (rôle d'évaluation foncière),https://donneesouvertes.affmunqc.net/role/RL47017_2026.xml,,,,
"332, Mont-brome",,Granby,,,177.25,2018,38000,233000,271000,2025,Logement,MAMH — Données Québec (rôle d'évaluation foncière),https://donneesouvertes.affmunqc.net/role/RL47017_2026.xml,,,,
"338, Mont-brome",,Granby,,,177.25,2019,38000,224000,262000,2025,Logement,MAMH — Données Québec (rôle d'évaluation foncière),https://donneesouvertes.affmunqc.net/role/RL47017_2026.xml,,,,
"330, Mont-brome",,Granby,,,179.8,2018,38500,240500,279000,2025,Logement,MAMH — Données Québec (rôle d'évaluation foncière),https://donneesouvertes.affmunqc.net/role/RL47017_2026.xml,,,,
"340, Mont-brome",,Granby,,,179.8,2018,38500,241500,280000,2025,Logement,MAMH — Données Québec (rôle d'évaluation foncière),https://donneesouvertes.affmunqc.net/role/RL47017_2026.xml,,,,
"331, Mont-brome, app. 337",,Granby,,,903.9,2018,194300,796700,991000,2025,Logement,MAMH — Données Québec (rôle d'évaluation foncière),https://donneesouvertes.affmunqc.net/role/RL47017_2026.xml,,,,
"1, Mont-saint-grégoire",,Granby,,,7.7,,,,0,2025,Immeuble commercial,MAMH — Données Québec (rôle d'évaluation foncière),https://donneesouvertes.affmunqc.net/role/RL47017_2026.xml,,,,
"285, Montérégiennes, app. 291",,Granby,,,896,2016,192600,655400,848000,2025,Logement,MAMH — Données Québec (rôle d'évaluation foncière),https://donneesouvertes.affmunqc.net/role/RL47017_2026.xml,,,,
"275, Montérégiennes, app. 281",,Granby,,,896,2014,192600,678400,871000,2025,Logement,MAMH — Données Québec (rôle d'évaluation foncière),https://donneesouvertes.affmunqc.net/role/RL47017_2026.xml,,,,
"267, Montérégiennes, app. 271",,Granby,,,888.3,2015,191000,704000,895000,2025,Logement,MAMH — Données Québec (rôle d'évaluation foncière),https://donneesouvertes.affmunqc.net/role/RL47017_2026.xml,,,,
"260, Mont-brome, app. 266",,Granby,,,896,2017,192600,655400,848000,2025,Logement,MAMH — Données Québec (rôle d'évaluation foncière),https://donneesouvertes.affmunqc.net/role/RL47017_2026.xml,,,,
"250, Mont-brome, app. 256",,Granby,,,896,2015,192600,681400,874000,2025,Logement,MAMH — Données Québec (rôle d'évaluation foncière),https://donneesouvertes.affmunqc.net/role/RL47017_2026.xml,,,,
"242, Mont-brome, app. 246",,Granby,,,888.3,2015,191000,701000,892000,2025,Logement,MAMH — Données Québec (rôle d'évaluation foncière),https://donneesouvertes.affmunqc.net/role/RL47017_2026.xml,,,,
"330, Mont-saint-bruno, app. 336",,Granby,,,903.9,2018,194300,801700,996000,2025,Logement,MAMH — Données Québec (rôle d'évaluation foncière),https://donneesouvertes.affmunqc.net/role/RL47017_2026.xml,,,,
"251, Montérégiennes, app. 253",,Granby,,,888.3,2017,191000,700000,891000,2025,Logement,MAMH — Données Québec (rôle d'évaluation foncière),https://donneesouvertes.affmunqc.net/role/RL47017_2026.xml,,,,
"241, Montérégiennes, app. 247",,Granby,,,896,2016,192600,698400,891000,2025,Logement,MAMH — Données Québec (rôle d'évaluation foncière),https://donneesouvertes.affmunqc.net/role/RL47017_2026.xml,,,,
"231, Montérégiennes",,Granby,,,224,2015,48000,301000,349000,2025,Logement,MAMH — Données Québec (rôle d'évaluation foncière),https://donneesouvertes.affmunqc.net/role/RL47017_2026.xml,,,,
"237, Montérégiennes",,Granby,,,224,2015,48000,301000,349000,2025,Logement,MAMH — Données Québec (rôle d'évaluation foncière),https://donneesouvertes.affmunqc.net/role/RL47017_2026.xml,,,,
"233, Montérégiennes",,Granby,,,224,2015,48000,252000,300000,2025,Logement,MAMH — Données Québec (rôle d'évaluation foncière),https://donneesouvertes.affmunqc.net/role/RL47017_2026.xml,,,,
"235, Montérégiennes",,Granby,,,224,2015,48000,252000,300000,2025,Logement,MAMH — Données Québec (rôle d'évaluation foncière),https://donneesouvertes.affmunqc.net/role/RL47017_2026.xml,,,,
"189, Mont-brome, app. 195",,Granby,,,896.1,2017,192700,699300,892000,2025,Logement,MAMH — Données Québec (rôle d'évaluation foncière),https://donneesouvertes.affmunqc.net/role/RL47017_2026.xml,,,,
"91, Robitaille",,Granby,,,28120,,2815000,8334000,11149000,2025,Immeuble commercial,MAMH — Données Québec (rôle d'évaluation foncière),https://donneesouvertes.affmunqc.net/role/RL47017_2026.xml,,,,
"706, Mont-brome",,Granby,,,234.12,2019,50500,234500,285000,2025,Logement,MAMH — Données Québec (rôle d'évaluation foncière),https://donneesouvertes.affmunqc.net/role/RL47017_2026.xml,,,,
"708, Mont-brome",,Granby,,,234.12,2019,50500,229500,280000,2025,Logement,MAMH — Données Québec (rôle d'évaluation foncière),https://donneesouvertes.affmunqc.net/role/RL47017_2026.xml,,,,
"710, Mont-brome",,Granby,,,234.12,2019,50500,229500,280000,2025,Logement,MAMH — Données Québec (rôle d'évaluation foncière),https://donneesouvertes.affmunqc.net/role/RL47017_2026.xml,,,,
"712, Mont-brome",,Granby,,,227.47,2019,49000,220000,269000,2025,Logement,MAMH — Données Québec (rôle d'évaluation foncière),https://donneesouvertes.affmunqc.net/role/RL47017_2026.xml,,,,
"714, Mont-brome",,Granby,,,227.47,2019,49000,225000,274000,2025,Logement,MAMH — Données Québec (rôle d'évaluation foncière),https://donneesouvertes.affmunqc.net/role/RL47017_2026.xml,,,,
"716, Mont-brome",,Granby,,,227.47,2019,49000,231000,280000,2025,Logement,MAMH — Données Québec (rôle d'évaluation foncière),https://donneesouvertes.affmunqc.net/role/RL47017_2026.xml,,,,
"718, Mont-brome",,Granby,,,227.47,2019,49000,231000,280000,2025,Logement,MAMH — Données Québec (rôle d'évaluation foncière),https://donneesouvertes.affmunqc.net/role/RL47017_2026.xml,,,,
"720, Mont-brome",,Granby,,,227.47,2019,49000,223000,272000,2025,Logement,MAMH — Données Québec (rôle d'évaluation foncière),https://donneesouvertes.affmunqc.net/role/RL47017_2026.xml,,,,
"722, Mont-brome",,Granby,,,227.47,2019,49000,220000,269000,2025,Logement,MAMH — Données Québec (rôle d'évaluation foncière),https://donneesouvertes.affmunqc.net/role/RL47017_2026.xml,,,,
"724, Mont-brome",,Granby,,,234.12,2019,50500,228500,279000,2025,Logement,MAMH — Données Québec (rôle d'évaluation foncière),https://donneesouvertes.affmunqc.net/role/RL47017_2026.xml,,,,
"726, Mont-brome",,Granby,,,234.12,2019,50500,231500,282000,2025,Logement,MAMH — Données Québec (rôle d'évaluation foncière),https://donneesouvertes.affmunqc.net/role/RL47017_2026.xml,,,,
"728, Mont-brome",,Granby,,,234.12,2019,50500,245500,296000,2025,Logement,MAMH — Données Québec (rôle d'évaluation foncière),https://donneesouvertes.affmunqc.net/role/RL47017_2026.xml,,,,
"702, Mont-brome",,Granby,,,500.1,,38000,,38000,2025,Immeuble commercial,MAMH — Données Québec (rôle d'évaluation foncière),https://donneesouvertes.affmunqc.net/role/RL47017_2026.xml,,,,
"676, Mont-brome",,Granby,,,186.26,2018,40000,237000,277000,2025,Logement,MAMH — Données Québec (rôle d'évaluation foncière),https://donneesouvertes.affmunqc.net/role/RL47017_2026.xml,,,,
"678, Mont-brome",,Granby,,,182.38,2018,39500,227500,267000,2025,Logement,MAMH — Données Québec (rôle d'évaluation foncière),https://donneesouvertes.affmunqc.net/role/RL47017_2026.xml,,,,
"680, Mont-brome",,Granby,,,180.87,2018,39000,227000,266000,2025,Logement,MAMH — Données Québec (rôle d'évaluation foncière),https://donneesouvertes.affmunqc.net/role/RL47017_2026.xml,,,,
"682, Mont-brome",,Granby,,,170.29,2018,36500,217500,254000,2025,Logement,MAMH — Données Québec (rôle d'évaluation foncière),https://donneesouvertes.affmunqc.net/role/RL47017_2026.xml,,,,
"684, Mont-brome",,Granby,,,176.98,2018,38000,233000,271000,2025,Logement,MAMH — Données Québec (rôle d'évaluation foncière),https://donneesouvertes.affmunqc.net/role/RL47017_2026.xml,,,,
"686, Mont-brome",,Granby,,,176.98,2018,38000,228000,266000,2025,Logement,MAMH — Données Québec (rôle d'évaluation foncière),https://donneesouvertes.affmunqc.net/role/RL47017_2026.xml,,,,
"688, Mont-brome",,Granby,,,176.98,2018,38000,231000,269000,2025,Logement,MAMH — Données Québec (rôle d'évaluation foncière),https://donneesouvertes.affmunqc.net/role/RL47017_2026.xml,,,,
"690, Mont-brome",,Granby,,,176.98,2018,38000,224000,262000,2025,Logement,MAMH — Données Québec (rôle d'évaluation foncière),https://donneesouvertes.affmunqc.net/role/RL47017_2026.xml,,,,
"692, Mont-brome",,Granby,,,170.29,2018,36500,217500,254000,2025,Logement,MAMH — Données Québec (rôle d'évaluation foncière),https://donneesouvertes.affmunqc.net/role/RL47017_2026.xml,,,,
"694, Mont-brome",,Granby,,,182.38,2018,39500,227500,267000,2025,Logement,MAMH — Données Québec (rôle d'évaluation foncière),https://donneesouvertes.affmunqc.net/role/RL47017_2026.xml,,,,
"696, Mont-brome",,Granby,,,187.34,2018,40500,236500,277000,2025,Logement,MAMH — Données Québec (rôle d'évaluation foncière),https://donneesouvertes.affmunqc.net/role/RL47017_2026.xml,,,,
"698, Mont-brome",,Granby,,,188.85,2018,40500,231500,272000,2025,Logement,MAMH — Données Québec (rôle d'évaluation foncière),https://donneesouvertes.affmunqc.net/role/RL47017_2026.xml,,,,
"646, Mont-brome",,Granby,,,157.39,2017,34000,238000,272000,2025,Logement,MAMH — Données Québec (rôle d'évaluation foncière),https://donneesouvertes.affmunqc.net/role/RL47017_2026.xml,,,,
"648, Mont-brome",,Granby,,,155.06,2017,33000,239000,272000,2025,Logement,MAMH — Données Québec (rôle d'évaluation foncière),https://donneesouvertes.affmunqc.net/role/RL47017_2026.xml,,,,
"650, Mont-brome",,Granby,,,152.85,2017,33000,241000,274000,2025,Logement,MAMH — Données Québec (rôle d'évaluation foncière),https://donneesouvertes.affmunqc.net/role/RL47017_2026.xml,,,,
"652, Mont-brome",,Granby,,,149.52,2017,32000,221000,253000,2025,Logement,MAMH — Données Québec (rôle d'évaluation foncière),https://donneesouvertes.affmunqc.net/role/RL47017_2026.xml,,,,
"654, Mont-brome",,Granby,,,149.52,2017,32000,224000,256000,2025,Logement,MAMH — Données Québec (rôle d'évaluation foncière),https://donneesouvertes.affmunqc.net/role/RL47017_2026.xml,,,,
"656, Mont-brome",,Granby,,,143.98,2017,31000,230000,261000,2025,Logement,MAMH — Données Québec (rôle d'évaluation foncière),https://donneesouvertes.affmunqc.net/role/RL47017_2026.xml,,,,
"658, Mont-brome",,Granby,,,143.98,2017,31000,235000,266000,2025,Logement,MAMH — Données Québec (rôle d'évaluation foncière),https://donneesouvertes.affmunqc.net/role/RL47017_2026.xml,,,,
"660, Mont-brome",,Granby,,,149.52,2017,32000,222000,254000,2025,Logement,MAMH — Données Québec (rôle d'évaluation foncière),https://donneesouvertes.affmunqc.net/role/RL47017_2026.xml,,,,
"662, Mont-brome",,Granby,,,149.52,2018,32000,222000,254000,2025,Logement,MAMH — Données Québec (rôle d'évaluation foncière),https://donneesouvertes.affmunqc.net/role/RL47017_2026.xml,,,,
"664, Mont-brome",,Granby,,,155.06,2017,33000,229000,262000,2025,Logement,MAMH — Données Québec (rôle d'évaluation foncière),https://donneesouvertes.affmunqc.net/role/RL47017_2026.xml,,,,
"666, Mont-brome",,Granby,,,157.39,2017,34000,233000,267000,2025,Logement,MAMH — Données Québec (rôle d'évaluation foncière),https://donneesouvertes.affmunqc.net/role/RL47017_2026.xml,,,,
"668, Mont-brome",,Granby,,,159.61,2017,34000,235000,269000,2025,Logement,MAMH — Données Québec (rôle d'évaluation foncière),https://donneesouvertes.affmunqc.net/role/RL47017_2026.xml,,,,
"616, Mont-brome",,Granby,,,174.09,2017,37500,239500,277000,2025,Logement,MAMH — Données Québec (rôle d'évaluation foncière),https://donneesouvertes.affmunqc.net/role/RL47017_2026.xml,,,,
"618, Mont-brome",,Granby,,,169.08,2017,36500,232500,269000,2025,Logement,MAMH — Données Québec (rôle d'évaluation foncière),https://donneesouvertes.affmunqc.net/role/RL47017_2026.xml,,,,
"620, Mont-brome",,Granby,,,166.67,2017,36000,236000,272000,2025,Logement,MAMH — Données Québec (rôle d'évaluation foncière),https://donneesouvertes.affmunqc.net/role/RL47017_2026.xml,,,,
"622, Mont-brome",,Granby,,,169.08,2017,36500,222500,259000,2025,Logement,MAMH — Données Québec (rôle d'évaluation foncière),https://donneesouvertes.affmunqc.net/role/RL47017_2026.xml,,,,
"624, Mont-brome",,Granby,,,157.06,2017,34000,222000,256000,2025,Logement,MAMH — Données Québec (rôle d'évaluation foncière),https://donneesouvertes.affmunqc.net/role/RL47017_2026.xml,,,,
"626, Mont-brome",,Granby,,,163.07,2017,35000,229000,264000,2025,Logement,MAMH — Données Québec (rôle d'évaluation foncière),https://donneesouvertes.affmunqc.net/role/RL47017_2026.xml,,,,
"628, Mont-brome",,Granby,,,163.07,2017,35000,226000,261000,2025,Logement,MAMH — Données Québec (rôle d'évaluation foncière),https://donneesouvertes.affmunqc.net/role/RL47017_2026.xml,,,,
"630, Mont-brome",,Granby,,,157.06,2017,34000,227000,261000,2025,Logement,MAMH — Données Québec (rôle d'évaluation foncière),https://donneesouvertes.affmunqc.net/role/RL47017_2026.xml,,,,
"632, Mont-brome",,Granby,,,169.08,2017,36500,222500,259000,2025,Logement,MAMH — Données Québec (rôle d'évaluation foncière),https://donneesouvertes.affmunqc.net/role/RL47017_2026.xml,,,,
"634, Mont-brome",,Granby,,,169.08,2017,36500,235500,272000,2025,Logement,MAMH — Données Québec (rôle d'évaluation foncière),https://donneesouvertes.affmunqc.net/role/RL47017_2026.xml,,,,
"636, Mont-brome",,Granby,,,171.68,2017,37000,235000,272000,2025,Logement,MAMH — Données Québec (rôle d'évaluation foncière),https://donneesouvertes.affmunqc.net/role/RL47017_2026.xml,,,,
"638, Mont-brome",,Granby,,,174.09,2017,37500,229500,267000,2025,Logement,MAMH — Données Québec (rôle d'évaluation foncière),https://donneesouvertes.affmunqc.net/role/RL47017_2026.xml,,,,
"586, Mont-brome",,Granby,,,190.86,2016,41000,244000,285000,2025,Logement,MAMH — Données Québec (rôle d'évaluation foncière),https://donneesouvertes.affmunqc.net/role/RL47017_2026.xml,,,,
"588, Mont-brome",,Granby,,,190.86,2016,41000,232000,273000,2025,Logement,MAMH — Données Québec (rôle d'évaluation foncière),https://donneesouvertes.affmunqc.net/role/RL47017_2026.xml,,,,
"590, Mont-brome",,Granby,,,170.33,2016,36500,207500,244000,2025,Logement,MAMH — Données Québec (rôle d'évaluation foncière),https://donneesouvertes.affmunqc.net/role/RL47017_2026.xml,,,,
"596, Mont-brome",,Granby,,,163.56,2016,35000,193000,228000,2025,Logement,MAMH — Données Québec (rôle d'évaluation foncière),https://donneesouvertes.affmunqc.net/role/RL47017_2026.xml,,,,
"594, Mont-brome",,Granby,,,188.02,2016,40500,221500,262000,2025,Logement,MAMH — Données Québec (rôle d'évaluation foncière),https://donneesouvertes.affmunqc.net/role/RL47017_2026.xml,,,,
"592, Mont-brome",,Granby,,,188.02,2016,40500,223500,264000,2025,Logement,MAMH — Données Québec (rôle d'évaluation foncière),https://donneesouvertes.affmunqc.net/role/RL47017_2026.xml,,,,
"602, Mont-brome",,Granby,,,188.02,2016,40500,227500,268000,2025,Logement,MAMH — Données Québec (rôle d'évaluation foncière),https://donneesouvertes.affmunqc.net/role/RL47017_2026.xml,,,,
"600, Mont-brome",,Granby,,,188.02,2016,40500,225500,266000,2025,Logement,MAMH — Données Québec (rôle d'évaluation foncière),https://donneesouvertes.affmunqc.net/role/RL47017_2026.xml,,,,
"598, Mont-brome",,Granby,,,163.56,2016,35000,197000,232000,2025,Logement,MAMH — Données Québec (rôle d'évaluation foncière),https://donneesouvertes.affmunqc.net/role/RL47017_2026.xml,,,,
"604, Mont-brome",,Granby,,,170.33,2016,36500,206500,243000,2025,Logement,MAMH — Données Québec (rôle d'évaluation foncière),https://donneesouvertes.affmunqc.net/role/RL47017_2026.xml,,,,
"606, Mont-brome",,Granby,,,190.86,2016,41000,228000,269000,2025,Logement,MAMH — Données Québec (rôle d'évaluation foncière),https://donneesouvertes.affmunqc.net/role/RL47017_2026.xml,,,,
"608, Mont-brome",,Granby,,,190.86,2016,41000,237000,278000,2025,Logement,MAMH — Données Québec (rôle d'évaluation foncière),https://donneesouvertes.affmunqc.net/role/RL47017_2026.xml,,,,
"353, Mont-brome, app. 359",,Granby,,,911.7,2017,196000,715000,911000,2025,Logement,MAMH — Données Québec (rôle d'évaluation foncière),https://donneesouvertes.affmunqc.net/role/RL47017_2026.xml,,,,
"352, Mont-saint-bruno, app. 358",,Granby,,,911.7,2018,196000,756000,952000,2025,Logement,MAMH — Données Québec (rôle d'évaluation foncière),https://donneesouvertes.affmunqc.net/role/RL47017_2026.xml,,,,
"348, Mont-brome, app. 362",,Granby,,,1355.98,2018,291500,1407500,1699000,2025,Logement,MAMH — Données Québec (rôle d'évaluation foncière),https://donneesouvertes.affmunqc.net/role/RL47017_2026.xml,,,,
"368, Mont-brome, app. 382",,Granby,,,1355.98,2018,291500,1409500,1701000,2025,Logement,MAMH — Données Québec (rôle d'évaluation foncière),https://donneesouvertes.affmunqc.net/role/RL47017_2026.xml,,,,
"388, Mont-brome, app. 402",,Granby,,,1360.04,2019,292400,1451600,1744000,2025,Logement,MAMH — Données Québec (rôle d'évaluation foncière),https://donneesouvertes.affmunqc.net/role/RL47017_2026.xml,,,,
"375, Mont-brome, app. 381",,Granby,,,903.9,2018,194300,802700,997000,2025,Logement,MAMH — Données Québec (rôle d'évaluation foncière),https://donneesouvertes.affmunqc.net/role/RL47017_2026.xml,,,,
"374, Mont-saint-bruno, app. 380",,Granby,,,903.9,2019,194300,810700,1005000,2025,Logement,MAMH — Données Québec (rôle d'évaluation foncière),https://donneesouvertes.affmunqc.net/role/RL47017_2026.xml,,,,
"414, Mont-brome",,Granby,,,204.31,2018,42500,205500,248000,2025,Logement,MAMH — Données Québec (rôle d'évaluation foncière),https://donneesouvertes.affmunqc.net/role/RL47017_2026.xml,,,,
"416, Mont-brome",,Granby,,,201.41,2018,42500,211500,254000,2025,Logement,MAMH — Données Québec (rôle d'évaluation foncière),https://donneesouvertes.affmunqc.net/role/RL47017_2026.xml,,,,
"412, Mont-brome",,Granby,,,198.39,2018,43500,228500,272000,2025,Logement,MAMH — Données Québec (rôle d'évaluation foncière),https://donneesouvertes.affmunqc.net/role/RL47017_2026.xml,,,,
"418, Mont-brome",,Granby,,,198.39,2018,43500,228500,272000,2025,Logement,MAMH — Données Québec (rôle d'évaluation foncière),https://donneesouvertes.affmunqc.net/role/RL47017_2026.xml,,,,
"410, Mont-brome",,Granby,,,201.41,2018,44000,236000,280000,2025,Logement,MAMH — Données Québec (rôle d'évaluation foncière),https://donneesouvertes.affmunqc.net/role/RL47017_2026.xml,,,,
"420, Mont-brome",,Granby,,,204.31,2018,44000,236000,280000,2025,Logement,MAMH — Données Québec (rôle d'évaluation foncière),https://donneesouvertes.affmunqc.net/role/RL47017_2026.xml,,,,
"255, Mont-brome, app. 269",,Granby,,,1432.3,2018,307900,1440100,1748000,2025,Logement,MAMH — Données Québec (rôle d'évaluation foncière),https://donneesouvertes.affmunqc.net/role/RL47017_2026.xml,,,,
"199, Mont-brome, app. 207",,Granby,,,1324.24,2014,284700,702300,987000,2025,Logement,MAMH — Données Québec (rôle d'évaluation foncière),https://donneesouvertes.affmunqc.net/role/RL47017_2026.xml,,,,
"217, Mont-brome, app. 227",,Granby,,,1517.24,2014,326200,1089800,1416000,2025,Logement,MAMH — Données Québec (rôle d'évaluation foncière),https://donneesouvertes.affmunqc.net/role/RL47017_2026.xml,,,,
"235, Mont-brome, app. 245",,Granby,,,1014.25,2014,218100,1146900,1365000,2025,Logement,MAMH — Données Québec (rôle d'évaluation foncière),https://donneesouvertes.affmunqc.net/role/RL47017_2026.xml,,,,
"134, Robitaille, app. 140",,Granby,,,8387.22,2017,1677400,3737600,5415000,2025,Immeuble à bureaux,MAMH — Données Québec (rôle d'évaluation foncière),https://donneesouvertes.affmunqc.net/role/RL47017_2026.xml,,,,
"88, Robitaille, app. 94",,Granby,,,8261.3,,1652000,,1652000,2025,Terrain vacant,MAMH — Données Québec (rôle d'évaluation foncière),https://donneesouvertes.affmunqc.net/role/RL47017_2026.xml,,,,
"130, Robitaille",,Granby,,,11922.19,,1908000,,1908000,2025,Terrain vacant,MAMH — Données Québec (rôle d'évaluation foncière),https://donneesouvertes.affmunqc.net/role/RL47017_2026.xml,,,,
"100, Robitaille",,Granby,,,5836.39,,584000,,584000,2025,Terrain vacant,MAMH — Données Québec (rôle d'évaluation foncière),https://donneesouvertes.affmunqc.net/role/RL47017_2026.xml,,,,
"705, Mont-brome, app. 727",,Granby,,,1830.1,2019,393500,2179500,2573000,2025,Logement,MAMH — Données Québec (rôle d'évaluation foncière),https://donneesouvertes.affmunqc.net/role/RL47017_2026.xml,,,,
"675, Mont-brome, app. 697",,Granby,,,1871.3,2018,402300,2141700,2544000,2025,Logement,MAMH — Données Québec (rôle d'évaluation foncière),https://donneesouvertes.affmunqc.net/role/RL47017_2026.xml,,,,
"645, Mont-brome, app. 667",,Granby,,,1817.6,2017,390800,2118200,2509000,2025,Logement,MAMH — Données Québec (rôle d'évaluation foncière),https://donneesouvertes.affmunqc.net/role/RL47017_2026.xml,,,,
"615, Mont-brome, app. 637",,Granby,,,2158.4,2017,464100,2068900,2533000,2025,Logement,MAMH — Données Québec (rôle d'évaluation foncière),https://donneesouvertes.affmunqc.net/role/RL47017_2026.xml,,,,
"611, Mont-brome",,Granby,,,1840.2,,79000,,79000,2025,Terrain vacant,MAMH — Données Québec (rôle d'évaluation foncière),https://donneesouvertes.affmunqc.net/role/RL47017_2026.xml,,,,
"556, Mont-brome",,Granby,,,212.25,2016,45500,232500,278000,2025,Logement,MAMH — Données Québec (rôle d'évaluation foncière),https://donneesouvertes.affmunqc.net/role/RL47017_2026.xml,,,,
"558, Mont-brome",,Granby,,,212.25,2016,45600,223400,269000,2025,Logement,MAMH — Données Québec (rôle d'évaluation foncière),https://donneesouvertes.affmunqc.net/role/RL47017_2026.xml,,,,
"560, Mont-brome",,Granby,,,189.42,2016,40500,203500,244000,2025,Logement,MAMH — Données Québec (rôle d'évaluation foncière),https://donneesouvertes.affmunqc.net/role/RL47017_2026.xml,,,,
"562, Mont-brome",,Granby,,,181.89,2016,39000,193000,232000,2025,Logement,MAMH — Données Québec (rôle d'évaluation foncière),https://donneesouvertes.affmunqc.net/role/RL47017_2026.xml,,,,
"564, Mont-brome",,Granby,,,209.09,2016,45000,217000,262000,2025,Logement,MAMH — Données Québec (rôle d'évaluation foncière),https://donneesouvertes.affmunqc.net/role/RL47017_2026.xml,,,,
"566, Mont-brome",,Granby,,,209.09,2016,45000,234000,279000,2025,Logement,MAMH — Données Québec (rôle d'évaluation foncière),https://donneesouvertes.affmunqc.net/role/RL47017_2026.xml,,,,
"568, Mont-brome",,Granby,,,209.09,2016,45000,224000,269000,2025,Logement,MAMH — Données Québec (rôle d'évaluation foncière),https://donneesouvertes.affmunqc.net/role/RL47017_2026.xml,,,,
"570, Mont-brome",,Granby,,,209.09,2016,45000,217000,262000,2025,Logement,MAMH — Données Québec (rôle d'évaluation foncière),https://donneesouvertes.affmunqc.net/role/RL47017_2026.xml,,,,
"572, Mont-brome",,Granby,,,181.89,2016,39000,189000,228000,2025,Logement,MAMH — Données Québec (rôle d'évaluation foncière),https://donneesouvertes.affmunqc.net/role/RL47017_2026.xml,,,,
"574, Mont-brome",,Granby,,,189.42,2016,40500,200500,241000,2025,Logement,MAMH — Données Québec (rôle d'évaluation foncière),https://donneesouvertes.affmunqc.net/role/RL47017_2026.xml,,,,
"576, Mont-brome",,Granby,,,212.25,2016,45500,227500,273000,2025,Logement,MAMH — Données Québec (rôle d'évaluation foncière),https://donneesouvertes.affmunqc.net/role/RL47017_2026.xml,,,,
"578, Mont-brome",,Granby,,,212.25,2016,45500,232500,278000,2025,Logement,MAMH — Données Québec (rôle d'évaluation foncière),https://donneesouvertes.affmunqc.net/role/RL47017_2026.xml,,,,
"1000, Écoliers",,Granby,,,7652.1,,30000,,30000,2025,Terrain vacant,MAMH — Données Québec (rôle d'évaluation foncière),https://donneesouvertes.affmunqc.net/role/RL47017_2026.xml,,,,
"430, Mont-brome",,Granby,,,183.67,2018,39500,206500,246000,2025,Logement,MAMH — Données Québec (rôle d'évaluation foncière),https://donneesouvertes.affmunqc.net/role/RL47017_2026.xml,,,,
"440, Mont-brome",,Granby,,,183.67,2018,39500,203500,243000,2025,Logement,MAMH — Données Québec (rôle d'évaluation foncière),https://donneesouvertes.affmunqc.net/role/RL47017_2026.xml,,,,
"432, Mont-brome",,Granby,,,186.47,2018,40000,231000,271000,2025,Logement,MAMH — Données Québec (rôle d'évaluation foncière),https://donneesouvertes.affmunqc.net/role/RL47017_2026.xml,,,,
"438, Mont-brome",,Granby,,,186.47,2018,40000,227000,267000,2025,Logement,MAMH — Données Québec (rôle d'évaluation foncière),https://donneesouvertes.affmunqc.net/role/RL47017_2026.xml,,,,
"434, Mont-brome",,Granby,,,189.16,2018,40500,239500,280000,2025,Logement,MAMH — Données Québec (rôle d'évaluation foncière),https://donneesouvertes.affmunqc.net/role/RL47017_2026.xml,,,,
"436, Mont-brome",,Granby,,,189.16,2018,40500,231500,272000,2025,Logement,MAMH — Données Québec (rôle d'évaluation foncière),https://donneesouvertes.affmunqc.net/role/RL47017_2026.xml,,,,
"547, Mont-saint-bruno, app. 561",,Granby,,,1445.58,2019,310800,1428200,1739000,2025,Logement,MAMH — Données Québec (rôle d'évaluation foncière),https://donneesouvertes.affmunqc.net/role/RL47017_2026.xml,,,,
"563, Mont-saint-bruno, app. 577",,Granby,,,1445.58,2019,310800,1428200,1739000,2025,Logement,MAMH — Données Québec (rôle d'évaluation foncière),https://donneesouvertes.affmunqc.net/role/RL47017_2026.xml,,,,
"579, Mont-saint-bruno, app. 589",,Granby,,,1472.28,2019,316500,1420500,1737000,2025,Logement,MAMH — Données Québec (rôle d'évaluation foncière),https://donneesouvertes.affmunqc.net/role/RL47017_2026.xml,,,,
"437, Mont-brome, app. 451",,Granby,,,1472.28,2019,316500,1416500,1733000,2025,Logement,MAMH — Données Québec (rôle d'évaluation foncière),https://donneesouvertes.affmunqc.net/role/RL47017_2026.xml,,,,
"454, Mont-brome",,Granby,,,170.33,2018,36500,209500,246000,2025,Logement,MAMH — Données Québec (rôle d'évaluation foncière),https://donneesouvertes.affmunqc.net/role/RL47017_2026.xml,,,,
"456, Mont-brome",,Granby,,,167.96,2018,36000,209000,245000,2025,Logement,MAMH — Données Québec (rôle d'évaluation foncière),https://donneesouvertes.affmunqc.net/role/RL47017_2026.xml,,,,
"452, Mont-brome",,Granby,,,172.9,2018,37000,229000,266000,2025,Logement,MAMH — Données Québec (rôle d'évaluation foncière),https://donneesouvertes.affmunqc.net/role/RL47017_2026.xml,,,,
"458, Mont-brome",,Granby,,,170.33,2018,36500,232500,269000,2025,Logement,MAMH — Données Québec (rôle d'évaluation foncière),https://donneesouvertes.affmunqc.net/role/RL47017_2026.xml,,,,
"450, Mont-brome",,Granby,,,175.37,2018,37500,241500,279000,2025,Logement,MAMH — Données Québec (rôle d'évaluation foncière),https://donneesouvertes.affmunqc.net/role/RL47017_2026.xml,,,,
"460, Mont-brome",,Granby,,,172.9,2018,37000,242000,279000,2025,Logement,MAMH — Données Québec (rôle d'évaluation foncière),https://donneesouvertes.affmunqc.net/role/RL47017_2026.xml,,,,
"599, Mont-brome",,Granby,,,739.7,,32000,,32000,2025,Terrain vacant,MAMH — Données Québec (rôle d'évaluation foncière),https://donneesouvertes.affmunqc.net/role/RL47017_2026.xml,,,,
"397, Mont-saint-bruno, app. 411",,Granby,,,1457.31,2023,313300,1496700,1810000,2025,Logement,MAMH — Données Québec (rôle d'évaluation foncière),https://donneesouvertes.affmunqc.net/role/RL47017_2026.xml,,,,
"413, Mont-saint-bruno, app. 427",,Granby,,,1426.31,2023,306700,1493300,1800000,2025,Logement,MAMH — Données Québec (rôle d'évaluation foncière),https://donneesouvertes.affmunqc.net/role/RL47017_2026.xml,,,,
"429, Mont-saint-bruno, app. 443",,Granby,,,1426.31,2023,306700,1489300,1796000,2025,Logement,MAMH — Données Québec (rôle d'évaluation foncière),https://donneesouvertes.affmunqc.net/role/RL47017_2026.xml,,,,
"445, Mont-saint-bruno, app. 459",,Granby,,,1426.31,2023,306700,1489300,1796000,2025,Logement,MAMH — Données Québec (rôle d'évaluation foncière),https://donneesouvertes.affmunqc.net/role/RL47017_2026.xml,,,,
"461, Mont-saint-bruno, app. 475",,Granby,,,1426.31,2023,306700,1486300,1793000,2025,Logement,MAMH — Données Québec (rôle d'évaluation foncière),https://donneesouvertes.affmunqc.net/role/RL47017_2026.xml,,,,
"477, Mont-saint-bruno, app. 491",,Granby,,,1426.31,2023,306700,1486300,1793000,2025,Logement,MAMH — Données Québec (rôle d'évaluation foncière),https://donneesouvertes.affmunqc.net/role/RL47017_2026.xml,,,,
"101, Robitaille",,Granby,,,2245.6,,152000,,152000,2025,Terrain vacant,MAMH — Données Québec (rôle d'évaluation foncière),https://donneesouvertes.affmunqc.net/role/RL47017_2026.xml,,,,
"99, Robitaille",,Granby,,,277.6,1997,18700,75300,94000,2025,Immeuble commercial,MAMH — Données Québec (rôle d'évaluation foncière),https://donneesouvertes.affmunqc.net/role/RL47017_2026.xml,,,,
"531, Écoliers",,Granby,,,345.95,,74000,,74000,2025,Terrain vacant,MAMH — Données Québec (rôle d'évaluation foncière),https://donneesouvertes.affmunqc.net/role/RL47017_2026.xml,,,,
"533, Écoliers",,Granby,,,236.85,,51000,,51000,2025,Terrain vacant,MAMH — Données Québec (rôle d'évaluation foncière),https://donneesouvertes.affmunqc.net/role/RL47017_2026.xml,,,,
"519, Écoliers",,Granby,,,5985.2,,68000,,68000,2025,Immeuble commercial,MAMH — Données Québec (rôle d'évaluation foncière),https://donneesouvertes.affmunqc.net/role/RL47017_2026.xml,,,,
"524, Écoliers",,Granby,,,491.4,,106000,,106000,2025,Terrain vacant,MAMH — Données Québec (rôle d'évaluation foncière),https://donneesouvertes.affmunqc.net/role/RL47017_2026.xml,,,,
"522, Écoliers",,Granby,,,366,,79000,,79000,2025,Terrain vacant,MAMH — Données Québec (rôle d'évaluation foncière),https://donneesouvertes.affmunqc.net/role/RL47017_2026.xml,,,,
"518, Écoliers",,Granby,,,366,,79000,,79000,2025,Terrain vacant,MAMH — Données Québec (rôle d'évaluation foncière),https://donneesouvertes.affmunqc.net/role/RL47017_2026.xml,,,,
"516, Écoliers",,Granby,,,366,,79000,,79000,2025,Terrain vacant,MAMH — Données Québec (rôle d'évaluation foncière),https://donneesouvertes.affmunqc.net/role/RL47017_2026.xml,,,,
"512, Écoliers",,Granby,,,366,,79000,,79000,2025,Terrain vacant,MAMH — Données Québec (rôle d'évaluation foncière),https://donneesouvertes.affmunqc.net/role/RL47017_2026.xml,,,,
"9, Écoliers",,Granby,,,3037.6,,1,,1,2025,Immeuble commercial,MAMH — Données Québec (rôle d'évaluation foncière),https://donneesouvertes.affmunqc.net/role/RL47017_2026.xml,,,,
"535, Écoliers",,Granby,,,237.15,,51000,,51000,2025,Terrain vacant,MAMH — Données Québec (rôle d'évaluation foncière),https://donneesouvertes.affmunqc.net/role/RL47017_2026.xml,,,,
"537, Écoliers",,Granby,,,355.15,,76000,,76000,2025,Terrain vacant,MAMH — Données Québec (rôle d'évaluation foncière),https://donneesouvertes.affmunqc.net/role/RL47017_2026.xml,,,,
"543, Écoliers",,Granby,,,354.85,2024,76000,308000,384000,2025,Logement,MAMH — Données Québec (rôle d'évaluation foncière),https://donneesouvertes.affmunqc.net/role/RL47017_2026.xml,,,,
"545, Écoliers",,Granby,,,237.15,2024,51000,300000,351000,2025,Logement,MAMH — Données Québec (rôle d'évaluation foncière),https://donneesouvertes.affmunqc.net/role/RL47017_2026.xml,,,,
"547, Écoliers",,Granby,,,236.85,2024,50900,298100,349000,2025,Logement,MAMH — Données Québec (rôle d'évaluation foncière),https://donneesouvertes.affmunqc.net/role/RL47017_2026.xml,,,,
"549, Écoliers",,Granby,,,345.45,2024,74000,298000,372000,2025,Logement,MAMH — Données Québec (rôle d'évaluation foncière),https://donneesouvertes.affmunqc.net/role/RL47017_2026.xml,,,,
"555, Écoliers",,Granby,,,345.45,2023,74300,328700,403000,2025,Logement,MAMH — Données Québec (rôle d'évaluation foncière),https://donneesouvertes.affmunqc.net/role/RL47017_2026.xml,,,,
"557, Écoliers",,Granby,,,236.85,2023,50900,282100,333000,2025,Logement,MAMH — Données Québec (rôle d'évaluation foncière),https://donneesouvertes.affmunqc.net/role/RL47017_2026.xml,,,,
"559, Écoliers",,Granby,,,237,2023,51000,294000,345000,2025,Logement,MAMH — Données Québec (rôle d'évaluation foncière),https://donneesouvertes.affmunqc.net/role/RL47017_2026.xml,,,,
"561, Écoliers",,Granby,,,350.2,2023,75300,319700,395000,2025,Logement,MAMH — Données Québec (rôle d'évaluation foncière),https://donneesouvertes.affmunqc.net/role/RL47017_2026.xml,,,,
"567, Écoliers",,Granby,,,350.2,2023,75300,304700,380000,2025,Logement,MAMH — Données Québec (rôle d'évaluation foncière),https://donneesouvertes.affmunqc.net/role/RL47017_2026.xml,,,,
"569, Écoliers",,Granby,,,237,2023,51000,297000,348000,2025,Logement,MAMH — Données Québec (rôle d'évaluation foncière),https://donneesouvertes.affmunqc.net/role/RL47017_2026.xml,,,,
"7, Écoliers",,Granby,,,394.6,,,,0,2025,Immeuble commercial,MAMH — Données Québec (rôle d'évaluation foncière),https://donneesouvertes.affmunqc.net/role/RL47017_2026.xml,,,,
"558, Collégiens",,Granby,,,480.2,,103000,,103000,2025,Terrain vacant,MAMH — Données Québec (rôle d'évaluation foncière),https://donneesouvertes.affmunqc.net/role/RL47017_2026.xml,,,,
"557, Collégiens",,Granby,,,478.7,2025,103000,377000,480000,2025,Logement,MAMH — Données Québec (rôle d'évaluation foncière),https://donneesouvertes.affmunqc.net/role/RL47017_2026.xml,,,,
"560, Collégiens",,Granby,,,371.1,,80000,,80000,2025,Terrain vacant,MAMH — Données Québec (rôle d'évaluation foncière),https://donneesouvertes.affmunqc.net/role/RL47017_2026.xml,,,,
"559, Collégiens",,Granby,,,374.3,2025,81000,368000,449000,2025,Logement,MAMH — Données Québec (rôle d'évaluation foncière),https://donneesouvertes.affmunqc.net/role/RL47017_2026.xml,,,,
"564, Collégiens",,Granby,,,371.1,,80000,,80000,2025,Terrain vacant,MAMH — Données Québec (rôle d'évaluation foncière),https://donneesouvertes.affmunqc.net/role/RL47017_2026.xml,,,,
"563, Collégiens",,Granby,,,374.3,,81000,,81000,2025,Terrain vacant,MAMH — Données Québec (rôle d'évaluation foncière),https://donneesouvertes.affmunqc.net/role/RL47017_2026.xml,,,,
"566, Collégiens",,Granby,,,371.1,2025,80000,341000,421000,2025,Logement,MAMH — Données Québec (rôle d'évaluation foncière),https://donneesouvertes.affmunqc.net/role/RL47017_2026.xml,,,,
"565, Collégiens",,Granby,,,374.3,,81000,,81000,2025,Terrain vacant,MAMH — Données Québec (rôle d'évaluation foncière),https://donneesouvertes.affmunqc.net/role/RL47017_2026.xml,,,,
"570, Collégiens",,Granby,,,371.1,,80000,,80000,2025,Terrain vacant,MAMH — Données Québec (rôle d'évaluation foncière),https://donneesouvertes.affmunqc.net/role/RL47017_2026.xml,,,,
"569, Collégiens",,Granby,,,374.3,2024,81000,363000,444000,2025,Logement,MAMH — Données Québec (rôle d'évaluation foncière),https://donneesouvertes.affmunqc.net/role/RL47017_2026.xml,,,,
"602, Écoliers",,Granby,,,374.3,2023,80500,310500,391000,2025,Logement,MAMH — Données Québec (rôle d'évaluation foncière),https://donneesouvertes.affmunqc.net/role/RL47017_2026.xml,,,,
"571, Écoliers",,Granby,,,236.85,2023,50900,306100,357000,2025,Logement,MAMH — Données Québec (rôle d'évaluation foncière),https://donneesouvertes.affmunqc.net/role/RL47017_2026.xml,,,,
"573, Écoliers",,Granby,,,350.65,2023,75400,324600,400000,2025,Logement,MAMH — Données Québec (rôle d'évaluation foncière),https://donneesouvertes.affmunqc.net/role/RL47017_2026.xml,,,,
"585, Écoliers",,Granby,,,171.8,,13000,,13000,2025,Immeuble commercial,MAMH — Données Québec (rôle d'évaluation foncière),https://donneesouvertes.affmunqc.net/role/RL47017_2026.xml,,,,
"370, Écoliers",,Granby,,,4650.1,,314000,,314000,2025,Institutionnel,MAMH — Données Québec (rôle d'évaluation foncière),https://donneesouvertes.affmunqc.net/role/RL47017_2026.xml,,,,
"590, Écoliers",,Granby,,,481.1,2022,103400,359600,463000,2025,Logement,MAMH — Données Québec (rôle d'évaluation foncière),https://donneesouvertes.affmunqc.net/role/RL47017_2026.xml,,,,
"591, Écoliers",,Granby,,,359.7,2024,77000,343000,420000,2025,Logement,MAMH — Données Québec (rôle d'évaluation foncière),https://donneesouvertes.affmunqc.net/role/RL47017_2026.xml,,,,
"378, Écoliers",,Granby,,,359.7,2021,77300,329700,407000,2025,Logement,MAMH — Données Québec (rôle d'évaluation foncière),https://donneesouvertes.affmunqc.net/role/RL47017_2026.xml,,,,
"592, Écoliers",,Granby,,,374.3,2022,80500,350500,431000,2025,Logement,MAMH — Données Québec (rôle d'évaluation foncière),https://donneesouvertes.affmunqc.net/role/RL47017_2026.xml,,,,
"593, Écoliers",,Granby,,,359.7,2025,77000,355000,432000,2025,Logement,MAMH — Données Québec (rôle d'évaluation foncière),https://donneesouvertes.affmunqc.net/role/RL47017_2026.xml,,,,
"5, Écoliers",,Granby,,,4447.5,,,,0,2025,Immeuble commercial,MAMH — Données Québec (rôle d'évaluation foncière),https://donneesouvertes.affmunqc.net/role/RL47017_2026.xml,,,,
"380, Écoliers",,Granby,,,359.7,2021,77300,356700,434000,2025,Logement,MAMH — Données Québec (rôle d'évaluation foncière),https://donneesouvertes.affmunqc.net/role/RL47017_2026.xml,,,,
"596, Écoliers",,Granby,,,374.3,2023,80500,338500,419000,2025,Logement,MAMH — Données Québec (rôle d'évaluation foncière),https://donneesouvertes.affmunqc.net/role/RL47017_2026.xml,,,,
"597, Écoliers",,Granby,,,359.7,2023,77300,344700,422000,2025,Logement,MAMH — Données Québec (rôle d'évaluation foncière),https://donneesouvertes.affmunqc.net/role/RL47017_2026.xml,,,,
"384, Écoliers",,Granby,,,359.7,2021,77300,323700,401000,2025,Logement,MAMH — Données Québec (rôle d'évaluation foncière),https://donneesouvertes.affmunqc.net/role/RL47017_2026.xml,,,,
"598, Écoliers",,Granby,,,374.3,2023,80500,360500,441000,2025,Logement,MAMH — Données Québec (rôle d'évaluation foncière),https://donneesouvertes.affmunqc.net/role/RL47017_2026.xml,,,,
"599, Écoliers",,Granby,,,359.7,2023,77300,331700,409000,2025,Logement,MAMH — Données Québec (rôle d'évaluation foncière),https://donneesouvertes.affmunqc.net/role/RL47017_2026.xml,,,,
"386, Écoliers",,Granby,,,359.7,2021,77300,360700,438000,2025,Logement,MAMH — Données Québec (rôle d'évaluation foncière),https://donneesouvertes.affmunqc.net/role/RL47017_2026.xml,,,,
"360, Écoliers",,Granby,,,236.85,2022,50900,295100,346000,2025,Logement,MAMH — Données Québec (rôle d'évaluation foncière),https://donneesouvertes.affmunqc.net/role/RL47017_2026.xml,,,,
"362, Écoliers",,Granby,,,345.45,2022,74300,323700,398000,2025,Logement,MAMH — Données Québec (rôle d'évaluation foncière),https://donneesouvertes.affmunqc.net/role/RL47017_2026.xml,,,,
"356, Écoliers",,Granby,,,345.45,2022,74300,275700,350000,2025,Logement,MAMH — Données Québec (rôle d'évaluation foncière),https://donneesouvertes.affmunqc.net/role/RL47017_2026.xml,,,,
"358, Écoliers",,Granby,,,236.85,2022,50900,327100,378000,2025,Logement,MAMH — Données Québec (rôle d'évaluation foncière),https://donneesouvertes.affmunqc.net/role/RL47017_2026.xml,,,,
"348, Écoliers",,Granby,,,236.85,2022,50900,340100,391000,2025,Logement,MAMH — Données Québec (rôle d'évaluation foncière),https://donneesouvertes.affmunqc.net/role/RL47017_2026.xml,,,,
"350, Écoliers",,Granby,,,345.45,2022,74300,300700,375000,2025,Logement,MAMH — Données Québec (rôle d'évaluation foncière),https://donneesouvertes.affmunqc.net/role/RL47017_2026.xml,,,,
"344, Écoliers",,Granby,,,345.45,2022,74300,289700,364000,2025,Logement,MAMH — Données Québec (rôle d'évaluation foncière),https://donneesouvertes.affmunqc.net/role/RL47017_2026.xml,,,,
"346, Écoliers",,Granby,,,236.85,2021,50900,315100,366000,2025,Logement,MAMH — Données Québec (rôle d'évaluation foncière),https://donneesouvertes.affmunqc.net/role/RL47017_2026.xml,,,,
"377, Écoliers",,Granby,,,498.2,2022,107100,382900,490000,2025,Logement,MAMH — Données Québec (rôle d'évaluation foncière),https://donneesouvertes.affmunqc.net/role/RL47017_2026.xml,,,,
"223, Commissaires",,Granby,,,487,2022,104700,354300,459000,2025,Logement,MAMH — Données Québec (rôle d'évaluation foncière),https://donneesouvertes.affmunqc.net/role/RL47017_2026.xml,,,,
"3, Écoliers",,Granby,,,4646.4,,,,0,2025,Immeuble commercial,MAMH — Données Québec (rôle d'évaluation foncière),https://donneesouvertes.affmunqc.net/role/RL47017_2026.xml,,,,
"379, Écoliers",,Granby,,,369.4,2022,79400,318600,398000,2025,Logement,MAMH — Données Québec (rôle d'évaluation foncière),https://donneesouvertes.affmunqc.net/role/RL47017_2026.xml,,,,
"221, Commissaires",,Granby,,,369.4,2021,79400,355600,435000,2025,Logement,MAMH — Données Québec (rôle d'évaluation foncière),https://donneesouvertes.affmunqc.net/role/RL47017_2026.xml,,,,
"383, Écoliers",,Granby,,,369.4,2022,79400,323600,403000,2025,Logement,MAMH — Données Québec (rôle d'évaluation foncière),https://donneesouvertes.affmunqc.net/role/RL47017_2026.xml,,,,
"217, Commissaires",,Granby,,,369.4,2020,79400,370600,450000,2025,Logement,MAMH — Données Québec (rôle d'évaluation foncière),https://donneesouvertes.affmunqc.net/role/RL47017_2026.xml,,,,
"385, Écoliers",,Granby,,,369.4,2022,79400,385600,465000,2025,Logement,MAMH — Données Québec (rôle d'évaluation foncière),https://donneesouvertes.affmunqc.net/role/RL47017_2026.xml,,,,
"215, Commissaires",,Granby,,,369.4,2020,79400,332600,412000,2025,Logement,MAMH — Données Québec (rôle d'évaluation foncière),https://donneesouvertes.affmunqc.net/role/RL47017_2026.xml,,,,
"336, Écoliers",,Granby,,,236.85,2021,50900,305100,356000,2025,Logement,MAMH — Données Québec (rôle d'évaluation foncière),https://donneesouvertes.affmunqc.net/role/RL47017_2026.xml,,,,
"338, Écoliers",,Granby,,,345.45,2021,74300,282700,357000,2025,Logement,MAMH — Données Québec (rôle d'évaluation foncière),https://donneesouvertes.affmunqc.net/role/RL47017_2026.xml,,,,
"332, Écoliers",,Granby,,,344.25,2021,74000,307000,381000,2025,Logement,MAMH — Données Québec (rôle d'évaluation foncière),https://donneesouvertes.affmunqc.net/role/RL47017_2026.xml,,,,
"334, Écoliers",,Granby,,,236.85,2021,50900,304100,355000,2025,Logement,MAMH — Données Québec (rôle d'évaluation foncière),https://donneesouvertes.affmunqc.net/role/RL47017_2026.xml,,,,
"324, Écoliers, app. 326",,Granby,,,578.6,2016,122400,455600,578000,2025,Logement,MAMH — Données Québec (rôle d'évaluation foncière),https://donneesouvertes.affmunqc.net/role/RL47017_2026.xml,,,,
"320, Écoliers, app. 322",,Granby,,,580.2,2016,122600,455400,578000,2025,Logement,MAMH — Données Québec (rôle d'évaluation foncière),https://donneesouvertes.affmunqc.net/role/RL47017_2026.xml,,,,
"308, Écoliers",,Granby,,,344.25,2016,74000,282000,356000,2025,Logement,MAMH — Données Québec (rôle d'évaluation foncière),https://donneesouvertes.affmunqc.net/role/RL47017_2026.xml,,,,
"310, Écoliers",,Granby,,,235.95,2016,50700,292300,343000,2025,Logement,MAMH — Données Québec (rôle d'évaluation foncière),https://donneesouvertes.affmunqc.net/role/RL47017_2026.xml,,,,
"312, Écoliers",,Granby,,,235.95,2016,50700,278300,329000,2025,Logement,MAMH — Données Québec (rôle d'évaluation foncière),https://donneesouvertes.affmunqc.net/role/RL47017_2026.xml,,,,
"314, Écoliers",,Granby,,,342.65,2016,73700,277300,351000,2025,Logement,MAMH — Données Québec (rôle d'évaluation foncière),https://donneesouvertes.affmunqc.net/role/RL47017_2026.xml,,,,
"222, Commissaires",,Granby,,,494.7,2021,106400,360600,467000,2025,Logement,MAMH — Données Québec (rôle d'évaluation foncière),https://donneesouvertes.affmunqc.net/role/RL47017_2026.xml,,,,
"132, Commissaires",,Granby,,,479.5,2017,103100,345900,449000,2025,Logement,MAMH — Données Québec (rôle d'évaluation foncière),https://donneesouvertes.affmunqc.net/role/RL47017_2026.xml,,,,
"131, Commissaires",,Granby,,,482.2,2018,103700,345300,449000,2025,Logement,MAMH — Données Québec (rôle d'évaluation foncière),https://donneesouvertes.affmunqc.net/role/RL47017_2026.xml,,,,
"220, Commissaires",,Granby,,,368.4,2021,79200,360800,440000,2025,Logement,MAMH — Données Québec (rôle d'évaluation foncière),https://donneesouvertes.affmunqc.net/role/RL47017_2026.xml,,,,
"134, Commissaires",,Granby,,,368.4,2018,79200,314800,394000,2025,Logement,MAMH — Données Québec (rôle d'évaluation foncière),https://donneesouvertes.affmunqc.net/role/RL47017_2026.xml,,,,
"133, Commissaires",,Granby,,,359.7,2018,77300,324700,402000,2025,Logement,MAMH — Données Québec (rôle d'évaluation foncière),https://donneesouvertes.affmunqc.net/role/RL47017_2026.xml,,,,
"216, Commissaires",,Granby,,,368.4,2020,79200,364800,444000,2025,Logement,MAMH — Données Québec (rôle d'évaluation foncière),https://donneesouvertes.affmunqc.net/role/RL47017_2026.xml,,,,
"138, Commissaires",,Granby,,,368.4,2018,79200,333800,413000,2025,Logement,MAMH — Données Québec (rôle d'évaluation foncière),https://donneesouvertes.affmunqc.net/role/RL47017_2026.xml,,,,
"137, Commissaires",,Granby,,,359.7,2018,77300,325700,403000,2025,Logement,MAMH — Données Québec (rôle d'évaluation foncière),https://donneesouvertes.affmunqc.net/role/RL47017_2026.xml,,,,
"300, Écoliers",,Granby,,,235.95,2016,50700,298300,349000,2025,Logement,MAMH — Données Québec (rôle d'évaluation foncière),https://donneesouvertes.affmunqc.net/role/RL47017_2026.xml,,,,
"302, Écoliers",,Granby,,,342.65,2016,73700,291300,365000,2025,Logement,MAMH — Données Québec (rôle d'évaluation foncière),https://donneesouvertes.affmunqc.net/role/RL47017_2026.xml,,,,
"296, Écoliers",,Granby,,,460.75,2016,99100,296900,396000,2025,Logement,MAMH — Données Québec (rôle d'évaluation foncière),https://donneesouvertes.affmunqc.net/role/RL47017_2026.xml,,,,
"298, Écoliers",,Granby,,,240.45,2016,51700,311300,363000,2025,Logement,MAMH — Données Québec (rôle d'évaluation foncière),https://donneesouvertes.affmunqc.net/role/RL47017_2026.xml,,,,
"279, Écoliers",,Granby,,,666.5,2017,133700,528300,662000,2025,Logement,MAMH — Données Québec (rôle d'évaluation foncière),https://donneesouvertes.affmunqc.net/role/RL47017_2026.xml,,,,
"278, Écoliers",,Granby,,,667.3,,90000,,90000,2025,Institutionnel,MAMH — Données Québec (rôle d'évaluation foncière),https://donneesouvertes.affmunqc.net/role/RL47017_2026.xml,,,,
"275, Écoliers",,Granby,,,548.8,2016,118000,484000,602000,2025,Logement,MAMH — Données Québec (rôle d'évaluation foncière),https://donneesouvertes.affmunqc.net/role/RL47017_2026.xml,,,,
"220, Yvan-duquette",,Granby,,,16047.1,2011,2221800,9761200,11983000,2025,Industrie,MAMH — Données Québec (rôle d'évaluation foncière),https://donneesouvertes.affmunqc.net/role/RL47017_2026.xml,,,,
"172, Desrochers",,Granby,,,2302.6,1986,103600,413400,517000,2025,Logement,MAMH — Données Québec (rôle d'évaluation foncière),https://donneesouvertes.affmunqc.net/role/RL47017_2026.xml,,,,
"510, Écoliers",,Granby,,,366,,79000,,79000,2025,Terrain vacant,MAMH — Données Québec (rôle d'évaluation foncière),https://donneesouvertes.affmunqc.net/role/RL47017_2026.xml,,,,
"506, Écoliers",,Granby,,,366,,79000,,79000,2025,Terrain vacant,MAMH — Données Québec (rôle d'évaluation foncière),https://donneesouvertes.affmunqc.net/role/RL47017_2026.xml,,,,
"505, Écoliers",,Granby,,,468.6,,101000,,101000,2025,Terrain vacant,MAMH — Données Québec (rôle d'évaluation foncière),https://donneesouvertes.affmunqc.net/role/RL47017_2026.xml,,,,
"504, Écoliers",,Granby,,,366,,79000,,79000,2025,Terrain vacant,MAMH — Données Québec (rôle d'évaluation foncière),https://donneesouvertes.affmunqc.net/role/RL47017_2026.xml,,,,
"501, Écoliers",,Granby,,,455.4,,98000,,98000,2025,Terrain vacant,MAMH — Données Québec (rôle d'évaluation foncière),https://donneesouvertes.affmunqc.net/role/RL47017_2026.xml,,,,
"500, Écoliers",,Granby,,,366,,79000,,79000,2025,Terrain vacant,MAMH — Données Québec (rôle d'évaluation foncière),https://donneesouvertes.affmunqc.net/role/RL47017_2026.xml,,,,
"495, Écoliers",,Granby,,,516.6,,111000,,111000,2025,Terrain vacant,MAMH — Données Québec (rôle d'évaluation foncière),https://donneesouvertes.affmunqc.net/role/RL47017_2026.xml,,,,
"498, Écoliers",,Granby,,,481.3,,104000,,104000,2025,Terrain vacant,MAMH — Données Québec (rôle d'évaluation foncière),https://donneesouvertes.affmunqc.net/role/RL47017_2026.xml,,,,
"491, Écoliers",,Granby,,,608.2,,126000,,126000,2025,Terrain vacant,MAMH — Données Québec (rôle d'évaluation foncière),https://donneesouvertes.affmunqc.net/role/RL47017_2026.xml,,,,
"485, Écoliers",,Granby,,,941.1,,168000,,168000,2025,Terrain vacant,MAMH — Données Québec (rôle d'évaluation foncière),https://donneesouvertes.affmunqc.net/role/RL47017_2026.xml,,,,
"475, Écoliers",,Granby,,,551.4,,119000,,119000,2025,Terrain vacant,MAMH — Données Québec (rôle d'évaluation foncière),https://donneesouvertes.affmunqc.net/role/RL47017_2026.xml,,,,
"471, Écoliers",,Granby,,,407.5,,88000,,88000,2025,Terrain vacant,MAMH — Données Québec (rôle d'évaluation foncière),https://donneesouvertes.affmunqc.net/role/RL47017_2026.xml,,,,
"481, Écoliers",,Granby,,,691.9,,137000,,137000,2025,Terrain vacant,MAMH — Données Québec (rôle d'évaluation foncière),https://donneesouvertes.affmunqc.net/role/RL47017_2026.xml,,,,
"572, Collégiens",,Granby,,,371.1,,80000,,80000,2025,Terrain vacant,MAMH — Données Québec (rôle d'évaluation foncière),https://donneesouvertes.affmunqc.net/role/RL47017_2026.xml,,,,
"571, Collégiens",,Granby,,,374.3,2024,81000,385000,466000,2025,Logement,MAMH — Données Québec (rôle d'évaluation foncière),https://donneesouvertes.affmunqc.net/role/RL47017_2026.xml,,,,
"604, Écoliers",,Granby,,,374.3,2023,80500,348500,429000,2025,Logement,MAMH — Données Québec (rôle d'évaluation foncière),https://donneesouvertes.affmunqc.net/role/RL47017_2026.xml,,,,
"1, Collégiens",,Granby,,,3097.7,,,,0,2025,Immeuble commercial,MAMH — Données Québec (rôle d'évaluation foncière),https://donneesouvertes.affmunqc.net/role/RL47017_2026.xml,,,,
"576, Collégiens",,Granby,,,371.1,2024,80000,362000,442000,2025,Logement,MAMH — Données Québec (rôle d'évaluation foncière),https://donneesouvertes.affmunqc.net/role/RL47017_2026.xml,,,,
"575, Collégiens",,Granby,,,374.3,2024,81000,336000,417000,2025,Logement,MAMH — Données Québec (rôle d'évaluation foncière),https://donneesouvertes.affmunqc.net/role/RL47017_2026.xml,,,,
"608, Écoliers",,Granby,,,374.3,2022,80500,348500,429000,2025,Logement,MAMH — Données Québec (rôle d'évaluation foncière),https://donneesouvertes.affmunqc.net/role/RL47017_2026.xml,,,,
"578, Collégiens",,Granby,,,371.1,2024,80000,379000,459000,2025,Logement,MAMH — Données Québec (rôle d'évaluation foncière),https://donneesouvertes.affmunqc.net/role/RL47017_2026.xml,,,,
"577, Collégiens",,Granby,,,374.3,2024,81000,328000,409000,2025,Logement,MAMH — Données Québec (rôle d'évaluation foncière),https://donneesouvertes.affmunqc.net/role/RL47017_2026.xml,,,,
"610, Écoliers",,Granby,,,374.3,2022,80500,345500,426000,2025,Logement,MAMH — Données Québec (rôle d'évaluation foncière),https://donneesouvertes.affmunqc.net/role/RL47017_2026.xml,,,,
"582, Collégiens",,Granby,,,371.1,,80000,,80000,2025,Terrain vacant,MAMH — Données Québec (rôle d'évaluation foncière),https://donneesouvertes.affmunqc.net/role/RL47017_2026.xml,,,,
"581, Collégiens",,Granby,,,374.3,2024,81000,349000,430000,2025,Logement,MAMH — Données Québec (rôle d'évaluation foncière),https://donneesouvertes.affmunqc.net/role/RL47017_2026.xml,,,,
"614, Écoliers",,Granby,,,374.3,2022,80500,346500,427000,2025,Logement,MAMH — Données Québec (rôle d'évaluation foncière),https://donneesouvertes.affmunqc.net/role/RL47017_2026.xml,,,,
"584, Collégiens",,Granby,,,487.1,,105000,,105000,2025,Terrain vacant,MAMH — Données Québec (rôle d'évaluation foncière),https://donneesouvertes.affmunqc.net/role/RL47017_2026.xml,,,,
"583, Collégiens",,Granby,,,481.4,2025,104000,391000,495000,2025,Logement,MAMH — Données Québec (rôle d'évaluation foncière),https://donneesouvertes.affmunqc.net/role/RL47017_2026.xml,,,,
"616, Écoliers",,Granby,,,483,2022,103800,346200,450000,2025,Logement,MAMH — Données Québec (rôle d'évaluation foncière),https://donneesouvertes.affmunqc.net/role/RL47017_2026.xml,,,,
"463, Écoliers",,Granby,,,396,2025,85000,364000,449000,2025,Logement,MAMH — Données Québec (rôle d'évaluation foncière),https://donneesouvertes.affmunqc.net/role/RL47017_2026.xml,,,,
"461, Écoliers",,Granby,,,396.1,2025,85000,363000,448000,2025,Logement,MAMH — Données Québec (rôle d'évaluation foncière),https://donneesouvertes.affmunqc.net/role/RL47017_2026.xml,,,,
"457, Écoliers",,Granby,,,396.1,2024,85000,358000,443000,2025,Logement,MAMH — Données Québec (rôle d'évaluation foncière),https://donneesouvertes.affmunqc.net/role/RL47017_2026.xml,,,,
"455, Écoliers",,Granby,,,396.1,2024,85000,353000,438000,2025,Logement,MAMH — Données Québec (rôle d'évaluation foncière),https://donneesouvertes.affmunqc.net/role/RL47017_2026.xml,,,,
"451, Écoliers",,Granby,,,396,2024,85000,386000,471000,2025,Logement,MAMH — Données Québec (rôle d'évaluation foncière),https://donneesouvertes.affmunqc.net/role/RL47017_2026.xml,,,,
"449, Écoliers",,Granby,,,397.6,2024,86000,375000,461000,2025,Logement,MAMH — Données Québec (rôle d'évaluation foncière),https://donneesouvertes.affmunqc.net/role/RL47017_2026.xml,,,,
"445, Écoliers",,Granby,,,396.5,2023,85200,373800,459000,2025,Logement,MAMH — Données Québec (rôle d'évaluation foncière),https://donneesouvertes.affmunqc.net/role/RL47017_2026.xml,,,,
"443, Écoliers",,Granby,,,397.2,2024,85000,369000,454000,2025,Logement,MAMH — Données Québec (rôle d'évaluation foncière),https://donneesouvertes.affmunqc.net/role/RL47017_2026.xml,,,,
"439, Écoliers",,Granby,,,397.9,2022,85500,376500,462000,2025,Logement,MAMH — Données Québec (rôle d'évaluation foncière),https://donneesouvertes.affmunqc.net/role/RL47017_2026.xml,,,,
"603, Écoliers",,Granby,,,359.7,2023,77300,343700,421000,2025,Logement,MAMH — Données Québec (rôle d'évaluation foncière),https://donneesouvertes.affmunqc.net/role/RL47017_2026.xml,,,,
"390, Écoliers",,Granby,,,359.7,2021,77300,377700,455000,2025,Logement,MAMH — Données Québec (rôle d'évaluation foncière),https://donneesouvertes.affmunqc.net/role/RL47017_2026.xml,,,,
"605, Écoliers",,Granby,,,359.7,2023,77300,347700,425000,2025,Logement,MAMH — Données Québec (rôle d'évaluation foncière),https://donneesouvertes.affmunqc.net/role/RL47017_2026.xml,,,,
"392, Écoliers",,Granby,,,359.7,2021,77300,323700,401000,2025,Logement,MAMH — Données Québec (rôle d'évaluation foncière),https://donneesouvertes.affmunqc.net/role/RL47017_2026.xml,,,,
"609, Écoliers",,Granby,,,359.7,2022,77300,313700,391000,2025,Logement,MAMH — Données Québec (rôle d'évaluation foncière),https://donneesouvertes.affmunqc.net/role/RL47017_2026.xml,,,,
"396, Écoliers",,Granby,,,359.7,2021,77300,393700,471000,2025,Logement,MAMH — Données Québec (rôle d'évaluation foncière),https://donneesouvertes.affmunqc.net/role/RL47017_2026.xml,,,,
"611, Écoliers",,Granby,,,359.7,2022,77300,318700,396000,2025,Logement,MAMH — Données Québec (rôle d'évaluation foncière),https://donneesouvertes.affmunqc.net/role/RL47017_2026.xml,,,,
"398, Écoliers",,Granby,,,359.7,2021,77300,348700,426000,2025,Logement,MAMH — Données Québec (rôle d'évaluation foncière),https://donneesouvertes.affmunqc.net/role/RL47017_2026.xml,,,,
"615, Écoliers",,Granby,,,359.7,2022,77300,351700,429000,2025,Logement,MAMH — Données Québec (rôle d'évaluation foncière),https://donneesouvertes.affmunqc.net/role/RL47017_2026.xml,,,,
"402, Écoliers",,Granby,,,359.7,2021,77300,362700,440000,2025,Logement,MAMH — Données Québec (rôle d'évaluation foncière),https://donneesouvertes.affmunqc.net/role/RL47017_2026.xml,,,,
"617, Écoliers",,Granby,,,483.3,2022,103900,348100,452000,2025,Logement,MAMH — Données Québec (rôle d'évaluation foncière),https://donneesouvertes.affmunqc.net/role/RL47017_2026.xml,,,,
"404, Écoliers",,Granby,,,484.5,2021,104200,374800,479000,2025,Logement,MAMH — Données Québec (rôle d'évaluation foncière),https://donneesouvertes.affmunqc.net/role/RL47017_2026.xml,,,,
"389, Écoliers",,Granby,,,369.4,2021,79400,332600,412000,2025,Logement,MAMH — Données Québec (rôle d'évaluation foncière),https://donneesouvertes.affmunqc.net/role/RL47017_2026.xml,,,,
"211, Commissaires",,Granby,,,369.4,2020,79400,314600,394000,2025,Logement,MAMH — Données Québec (rôle d'évaluation foncière),https://donneesouvertes.affmunqc.net/role/RL47017_2026.xml,,,,
"391, Écoliers",,Granby,,,369.4,2021,79400,346600,426000,2025,Logement,MAMH — Données Québec (rôle d'évaluation foncière),https://donneesouvertes.affmunqc.net/role/RL47017_2026.xml,,,,
"209, Commissaires",,Granby,,,369.4,2020,79400,359600,439000,2025,Logement,MAMH — Données Québec (rôle d'évaluation foncière),https://donneesouvertes.affmunqc.net/role/RL47017_2026.xml,,,,
"395, Écoliers",,Granby,,,369.4,2021,79400,367600,447000,2025,Logement,MAMH — Données Québec (rôle d'évaluation foncière),https://donneesouvertes.affmunqc.net/role/RL47017_2026.xml,,,,
"205, Commissaires",,Granby,,,369.4,2020,79400,334600,414000,2025,Logement,MAMH — Données Québec (rôle d'évaluation foncière),https://donneesouvertes.affmunqc.net/role/RL47017_2026.xml,,,,
"397, Écoliers",,Granby,,,369.4,2021,79400,386600,466000,2025,Logement,MAMH — Données Québec (rôle d'évaluation foncière),https://donneesouvertes.affmunqc.net/role/RL47017_2026.xml,,,,
"203, Commissaires",,Granby,,,369.4,2020,79400,323600,403000,2025,Logement,MAMH — Données Québec (rôle d'évaluation foncière),https://donneesouvertes.affmunqc.net/role/RL47017_2026.xml,,,,
"401, Écoliers",,Granby,,,369.4,2021,79400,394600,474000,2025,Logement,MAMH — Données Québec (rôle d'évaluation foncière),https://donneesouvertes.affmunqc.net/role/RL47017_2026.xml,,,,
"199, Commissaires",,Granby,,,369.4,2020,79400,360600,440000,2025,Logement,MAMH — Données Québec (rôle d'évaluation foncière),https://donneesouvertes.affmunqc.net/role/RL47017_2026.xml,,,,
"403, Écoliers",,Granby,,,407.1,2021,87500,364500,452000,2025,Logement,MAMH — Données Québec (rôle d'évaluation foncière),https://donneesouvertes.affmunqc.net/role/RL47017_2026.xml,,,,
"197, Commissaires",,Granby,,,410.9,2020,88300,366700,455000,2025,Logement,MAMH — Données Québec (rôle d'évaluation foncière),https://donneesouvertes.affmunqc.net/role/RL47017_2026.xml,,,,
"407, Écoliers",,Granby,,,643,2022,130700,466300,597000,2025,Logement,MAMH — Données Québec (rôle d'évaluation foncière),https://donneesouvertes.affmunqc.net/role/RL47017_2026.xml,,,,
"193, Commissaires",,Granby,,,560.5,2020,120000,334000,454000,2025,Logement,MAMH — Données Québec (rôle d'évaluation foncière),https://donneesouvertes.affmunqc.net/role/RL47017_2026.xml,,,,
"214, Commissaires",,Granby,,,368.4,2020,79200,326800,406000,2025,Logement,MAMH — Données Québec (rôle d'évaluation foncière),https://donneesouvertes.affmunqc.net/role/RL47017_2026.xml,,,,
"140, Commissaires",,Granby,,,368.4,2018,79200,349800,429000,2025,Logement,MAMH — Données Québec (rôle d'évaluation foncière),https://donneesouvertes.affmunqc.net/role/RL47017_2026.xml,,,,
"139, Commissaires",,Granby,,,359.7,2018,77300,325700,403000,2025,Logement,MAMH — Données Québec (rôle d'évaluation foncière),https://donneesouvertes.affmunqc.net/role/RL47017_2026.xml,,,,
"210, Commissaires",,Granby,,,368.4,2019,79200,333800,413000,2025,Logement,MAMH — Données Québec (rôle d'évaluation foncière),https://donneesouvertes.affmunqc.net/role/RL47017_2026.xml,,,,
"144, Commissaires",,Granby,,,368.4,2018,79200,354800,434000,2025,Logement,MAMH — Données Québec (rôle d'évaluation foncière),https://donneesouvertes.affmunqc.net/role/RL47017_2026.xml,,,,
"143, Commissaires",,Granby,,,359.7,2017,77300,328700,406000,2025,Logement,MAMH — Données Québec (rôle d'évaluation foncière),https://donneesouvertes.affmunqc.net/role/RL47017_2026.xml,,,,
"208, Commissaires",,Granby,,,368.4,2019,79200,328800,408000,2025,Logement,MAMH — Données Québec (rôle d'évaluation foncière),https://donneesouvertes.affmunqc.net/role/RL47017_2026.xml,,,,
"146, Commissaires",,Granby,,,368.4,2018,79200,299800,379000,2025,Logement,MAMH — Données Québec (rôle d'évaluation foncière),https://donneesouvertes.affmunqc.net/role/RL47017_2026.xml,,,,
"145, Commissaires",,Granby,,,359.7,2017,77300,339700,417000,2025,Logement,MAMH — Données Québec (rôle d'évaluation foncière),https://donneesouvertes.affmunqc.net/role/RL47017_2026.xml,,,,
"204, Commissaires",,Granby,,,368.4,2020,79200,370800,450000,2025,Logement,MAMH — Données Québec (rôle d'évaluation foncière),https://donneesouvertes.affmunqc.net/role/RL47017_2026.xml,,,,
"150, Commissaires",,Granby,,,368.4,2017,79200,300800,380000,2025,Logement,MAMH — Données Québec (rôle d'évaluation foncière),https://donneesouvertes.affmunqc.net/role/RL47017_2026.xml,,,,
"149, Commissaires",,Granby,,,359.7,2018,77300,304700,382000,2025,Logement,MAMH — Données Québec (rôle d'évaluation foncière),https://donneesouvertes.affmunqc.net/role/RL47017_2026.xml,,,,
"202, Commissaires",,Granby,,,368.4,2020,79200,331800,411000,2025,Logement,MAMH — Données Québec (rôle d'évaluation foncière),https://donneesouvertes.affmunqc.net/role/RL47017_2026.xml,,,,
"152, Commissaires",,Granby,,,368.4,2017,79200,333800,413000,2025,Logement,MAMH — Données Québec (rôle d'évaluation foncière),https://donneesouvertes.affmunqc.net/role/RL47017_2026.xml,,,,
"151, Commissaires",,Granby,,,359.7,2018,77300,350700,428000,2025,Logement,MAMH — Données Québec (rôle d'évaluation foncière),https://donneesouvertes.affmunqc.net/role/RL47017_2026.xml,,,,
"198, Commissaires",,Granby,,,368.4,2020,79200,328800,408000,2025,Logement,MAMH — Données Québec (rôle d'évaluation foncière),https://donneesouvertes.affmunqc.net/role/RL47017_2026.xml,,,,
"156, Commissaires",,Granby,,,368.4,2018,79200,320800,400000,2025,Logement,MAMH — Données Québec (rôle d'évaluation foncière),https://donneesouvertes.affmunqc.net/role/RL47017_2026.xml,,,,
"155, Commissaires",,Granby,,,359.7,2017,77300,338700,416000,2025,Logement,MAMH — Données Québec (rôle d'évaluation foncière),https://donneesouvertes.affmunqc.net/role/RL47017_2026.xml,,,,
"196, Commissaires",,Granby,,,483,2020,103800,326200,430000,2025,Logement,MAMH — Données Québec (rôle d'évaluation foncière),https://donneesouvertes.affmunqc.net/role/RL47017_2026.xml,,,,
"158, Commissaires",,Granby,,,481.6,2018,103500,327500,431000,2025,Logement,MAMH — Données Québec (rôle d'évaluation foncière),https://donneesouvertes.affmunqc.net/role/RL47017_2026.xml,,,,
"157, Commissaires",,Granby,,,370.8,2017,79700,353300,433000,2025,Logement,MAMH — Données Québec (rôle d'évaluation foncière),https://donneesouvertes.affmunqc.net/role/RL47017_2026.xml,,,,
"161, Commissaires",,Granby,,,525,2018,112900,323100,436000,2025,Logement,MAMH — Données Québec (rôle d'évaluation foncière),https://donneesouvertes.affmunqc.net/role/RL47017_2026.xml,,,,
"271, Écoliers",,Granby,,,548.8,2019,118000,485000,603000,2025,Logement,MAMH — Données Québec (rôle d'évaluation foncière),https://donneesouvertes.affmunqc.net/role/RL47017_2026.xml,,,,
"267, Écoliers",,Granby,,,548.8,2019,118000,451000,569000,2025,Logement,MAMH — Données Québec (rôle d'évaluation foncière),https://donneesouvertes.affmunqc.net/role/RL47017_2026.xml,,,,
"247, Yvan-duquette",,Granby,,,566.4,2019,120800,363200,484000,2025,Logement,MAMH — Données Québec (rôle d'évaluation foncière),https://donneesouvertes.affmunqc.net/role/RL47017_2026.xml,,,,
"245, Yvan-duquette",,Granby,,,434.5,2019,93400,372600,466000,2025,Logement,MAMH — Données Québec (rôle d'évaluation foncière),https://donneesouvertes.affmunqc.net/role/RL47017_2026.xml,,,,
"243, Yvan-duquette",,Granby,,,434.5,2016,93400,338600,432000,2025,Logement,MAMH — Données Québec (rôle d'évaluation foncière),https://donneesouvertes.affmunqc.net/role/RL47017_2026.xml,,,,
"241, Yvan-duquette",,Granby,,,434.5,2016,93400,339600,433000,2025,Logement,MAMH — Données Québec (rôle d'évaluation foncière),https://donneesouvertes.affmunqc.net/role/RL47017_2026.xml,,,,
"263, Écoliers",,Granby,,,548.8,2020,118000,502000,620000,2025,Logement,MAMH — Données Québec (rôle d'évaluation foncière),https://donneesouvertes.affmunqc.net/role/RL47017_2026.xml,,,,
"259, Écoliers",,Granby,,,672,2024,134000,468000,602000,2025,Logement,MAMH — Données Québec (rôle d'évaluation foncière),https://donneesouvertes.affmunqc.net/role/RL47017_2026.xml,,,,
"244, Écoliers",,Granby,,,490.7,2015,105500,349500,455000,2025,Logement,MAMH — Données Québec (rôle d'évaluation foncière),https://donneesouvertes.affmunqc.net/role/RL47017_2026.xml,,,,
"242, Écoliers",,Granby,,,376.5,2015,80900,361100,442000,2025,Logement,MAMH — Données Québec (rôle d'évaluation foncière),https://donneesouvertes.affmunqc.net/role/RL47017_2026.xml,,,,
"240, Écoliers",,Granby,,,376.5,2016,80900,364100,445000,2025,Logement,MAMH — Données Québec (rôle d'évaluation foncière),https://donneesouvertes.affmunqc.net/role/RL47017_2026.xml,,,,
"238, Écoliers",,Granby,,,376.5,2016,80900,358100,439000,2025,Logement,MAMH — Données Québec (rôle d'évaluation foncière),https://donneesouvertes.affmunqc.net/role/RL47017_2026.xml,,,,
"236, Écoliers",,Granby,,,376.5,2014,80900,343100,424000,2025,Logement,MAMH — Données Québec (rôle d'évaluation foncière),https://donneesouvertes.affmunqc.net/role/RL47017_2026.xml,,,,
"255, Écoliers",,Granby,,,746.9,2021,144100,610900,755000,2025,Logement,MAMH — Données Québec (rôle d'évaluation foncière),https://donneesouvertes.affmunqc.net/role/RL47017_2026.xml,,,,
"239, Yvan-duquette",,Granby,,,434.5,2016,93400,331600,425000,2025,Logement,MAMH — Données Québec (rôle d'évaluation foncière),https://donneesouvertes.affmunqc.net/role/RL47017_2026.xml,,,,
"237, Yvan-duquette",,Granby,,,434.5,2016,93400,332600,426000,2025,Logement,MAMH — Données Québec (rôle d'évaluation foncière),https://donneesouvertes.affmunqc.net/role/RL47017_2026.xml,,,,
"235, Yvan-duquette",,Granby,,,434.5,2016,93400,309600,403000,2025,Logement,MAMH — Données Québec (rôle d'évaluation foncière),https://donneesouvertes.affmunqc.net/role/RL47017_2026.xml,,,,
"233, Yvan-duquette",,Granby,,,434.5,2016,93400,325600,419000,2025,Logement,MAMH — Données Québec (rôle d'évaluation foncière),https://donneesouvertes.affmunqc.net/role/RL47017_2026.xml,,,,
"231, Yvan-duquette",,Granby,,,434.5,2016,93400,371600,465000,2025,Logement,MAMH — Données Québec (rôle d'évaluation foncière),https://donneesouvertes.affmunqc.net/role/RL47017_2026.xml,,,,
"229, Yvan-duquette",,Granby,,,434.5,2016,93400,336600,430000,2025,Logement,MAMH — Données Québec (rôle d'évaluation foncière),https://donneesouvertes.affmunqc.net/role/RL47017_2026.xml,,,,
"227, Yvan-duquette",,Granby,,,434.5,2016,93400,379600,473000,2025,Logement,MAMH — Données Québec (rôle d'évaluation foncière),https://donneesouvertes.affmunqc.net/role/RL47017_2026.xml,,,,
"225, Yvan-duquette",,Granby,,,566.8,2016,120800,387200,508000,2025,Logement,MAMH — Données Québec (rôle d'évaluation foncière),https://donneesouvertes.affmunqc.net/role/RL47017_2026.xml,,,,
"234, Écoliers",,Granby,,,376.5,2014,80900,366100,447000,2025,Logement,MAMH — Données Québec (rôle d'évaluation foncière),https://donneesouvertes.affmunqc.net/role/RL47017_2026.xml,,,,
"232, Écoliers",,Granby,,,376.5,2014,80900,361100,442000,2025,Logement,MAMH — Données Québec (rôle d'évaluation foncière),https://donneesouvertes.affmunqc.net/role/RL47017_2026.xml,,,,
"230, Écoliers",,Granby,,,376.5,2014,80900,359100,440000,2025,Logement,MAMH — Données Québec (rôle d'évaluation foncière),https://donneesouvertes.affmunqc.net/role/RL47017_2026.xml,,,,
"228, Écoliers",,Granby,,,376.5,2014,80900,381100,462000,2025,Logement,MAMH — Données Québec (rôle d'évaluation foncière),https://donneesouvertes.affmunqc.net/role/RL47017_2026.xml,,,,
"226, Écoliers",,Granby,,,376.5,2014,80900,361100,442000,2025,Logement,MAMH — Données Québec (rôle d'évaluation foncière),https://donneesouvertes.affmunqc.net/role/RL47017_2026.xml,,,,
"224, Écoliers",,Granby,,,376.5,2014,80900,326100,407000,2025,Logement,MAMH — Données Québec (rôle d'évaluation foncière),https://donneesouvertes.affmunqc.net/role/RL47017_2026.xml,,,,
"222, Écoliers",,Granby,,,490.6,2014,105500,377500,483000,2025,Logement,MAMH — Données Québec (rôle d'évaluation foncière),https://donneesouvertes.affmunqc.net/role/RL47017_2026.xml,,,,
"2, Yvan-duquette",,Granby,,,202.6,,15000,,15000,2025,Terrain vacant,MAMH — Données Québec (rôle d'évaluation foncière),https://donneesouvertes.affmunqc.net/role/RL47017_2026.xml,,,,
"210, Yvan-duquette",,Granby,,,4213.2,2023,568800,1303200,1872000,2025,Industrie,MAMH — Données Québec (rôle d'évaluation foncière),https://donneesouvertes.affmunqc.net/role/RL47017_2026.xml,,,,
"111, Robitaille",,Granby,,,10601.3,,2120000,,2120000,2025,Terrain vacant,MAMH — Données Québec (rôle d'évaluation foncière),https://donneesouvertes.affmunqc.net/role/RL47017_2026.xml,,,,
"172, Robert",,Granby,,,2184.7,1979,146000,305000,451000,2025,Logement,MAMH — Données Québec (rôle d'évaluation foncière),https://donneesouvertes.affmunqc.net/role/RL47017_2026.xml,,,,
"180, Robert",,Granby,,,17505.5,2023,2387000,17904000,20291000,2025,Industrie,MAMH — Données Québec (rôle d'évaluation foncière),https://donneesouvertes.affmunqc.net/role/RL47017_2026.xml,,,,
"304, Neil",,Granby,,,3801.8,,147000,,147000,2025,Terrain vacant,MAMH — Données Québec (rôle d'évaluation foncière),https://donneesouvertes.affmunqc.net/role/RL47017_2026.xml,,,,
"300, Neil",,Granby,,,4310.1,1973,154700,452300,607000,2025,Logement,MAMH — Données Québec (rôle d'évaluation foncière),https://donneesouvertes.affmunqc.net/role/RL47017_2026.xml,,,,
"292, Neil",,Granby,,,2295.3,1965,103300,351700,455000,2025,Logement,MAMH — Données Québec (rôle d'évaluation foncière),https://donneesouvertes.affmunqc.net/role/RL47017_2026.xml,,,,
"288, Neil",,Granby,,,2292,1962,103100,209900,313000,2025,Logement,MAMH — Données Québec (rôle d'évaluation foncière),https://donneesouvertes.affmunqc.net/role/RL47017_2026.xml,,,,
"437, Écoliers",,Granby,,,398.3,2022,85600,318400,404000,2025,Logement,MAMH — Données Québec (rôle d'évaluation foncière),https://donneesouvertes.affmunqc.net/role/RL47017_2026.xml,,,,
"433, Écoliers",,Granby,,,398.6,2023,85700,317300,403000,2025,Logement,MAMH — Données Québec (rôle d'évaluation foncière),https://donneesouvertes.affmunqc.net/role/RL47017_2026.xml,,,,
"431, Écoliers",,Granby,,,399,2022,85800,318200,404000,2025,Logement,MAMH — Données Québec (rôle d'évaluation foncière),https://donneesouvertes.affmunqc.net/role/RL47017_2026.xml,,,,
"427, Écoliers",,Granby,,,399.4,2022,85900,369100,455000,2025,Logement,MAMH — Données Québec (rôle d'évaluation foncière),https://donneesouvertes.affmunqc.net/role/RL47017_2026.xml,,,,
"425, Écoliers",,Granby,,,399.7,2022,85900,362100,448000,2025,Logement,MAMH — Données Québec (rôle d'évaluation foncière),https://donneesouvertes.affmunqc.net/role/RL47017_2026.xml,,,,
"421, Écoliers",,Granby,,,398.7,2021,85700,363300,449000,2025,Logement,MAMH — Données Québec (rôle d'évaluation foncière),https://donneesouvertes.affmunqc.net/role/RL47017_2026.xml,,,,
"419, Écoliers",,Granby,,,397.2,2021,85400,362600,448000,2025,Logement,MAMH — Données Québec (rôle d'évaluation foncière),https://donneesouvertes.affmunqc.net/role/RL47017_2026.xml,,,,
"415, Écoliers",,Granby,,,471.5,2021,101400,355600,457000,2025,Logement,MAMH — Données Québec (rôle d'évaluation foncière),https://donneesouvertes.affmunqc.net/role/RL47017_2026.xml,,,,
"413, Écoliers",,Granby,,,693.6,2021,137200,375800,513000,2025,Logement,MAMH — Données Québec (rôle d'évaluation foncière),https://donneesouvertes.affmunqc.net/role/RL47017_2026.xml,,,,
"284, Neil",,Granby,,,2289.64,1974,103000,347000,450000,2025,Logement,MAMH — Données Québec (rôle d'évaluation foncière),https://donneesouvertes.affmunqc.net/role/RL47017_2026.xml,,,,
"280, Neil",,Granby,,,2288.7,1962,103000,337000,440000,2025,Logement,MAMH — Données Québec (rôle d'évaluation foncière),https://donneesouvertes.affmunqc.net/role/RL47017_2026.xml,,,,
"276, Neil",,Granby,,,2294.5,1981,103300,296700,400000,2025,Logement,MAMH — Données Québec (rôle d'évaluation foncière),https://donneesouvertes.affmunqc.net/role/RL47017_2026.xml,,,,
"272, Neil",,Granby,,,2295,1976,103300,277700,381000,2025,Logement,MAMH — Données Québec (rôle d'évaluation foncière),https://donneesouvertes.affmunqc.net/role/RL47017_2026.xml,,,,
"409, Écoliers",,Granby,,,930.1,2021,125700,454300,580000,2025,Logement,MAMH — Données Québec (rôle d'évaluation foncière),https://donneesouvertes.affmunqc.net/role/RL47017_2026.xml,,,,
"191, Commissaires",,Granby,,,908.6,2020,164900,345100,510000,2025,Logement,MAMH — Données Québec (rôle d'évaluation foncière),https://donneesouvertes.affmunqc.net/role/RL47017_2026.xml,,,,
"187, Commissaires",,Granby,,,737.4,2020,142900,328100,471000,2025,Logement,MAMH — Données Québec (rôle d'évaluation foncière),https://donneesouvertes.affmunqc.net/role/RL47017_2026.xml,,,,
"185, Commissaires",,Granby,,,492.6,2019,105900,347100,453000,2025,Logement,MAMH — Données Québec (rôle d'évaluation foncière),https://donneesouvertes.affmunqc.net/role/RL47017_2026.xml,,,,
"181, Commissaires",,Granby,,,393.5,2019,84600,370400,455000,2025,Logement,MAMH — Données Québec (rôle d'évaluation foncière),https://donneesouvertes.affmunqc.net/role/RL47017_2026.xml,,,,
"268, Neil",,Granby,,,2286.9,1979,102900,365100,468000,2025,Logement,MAMH — Données Québec (rôle d'évaluation foncière),https://donneesouvertes.affmunqc.net/role/RL47017_2026.xml,,,,
"264, Neil",,Granby,,,2281.8,1968,102700,280300,383000,2025,Logement,MAMH — Données Québec (rôle d'évaluation foncière),https://donneesouvertes.affmunqc.net/role/RL47017_2026.xml,,,,
"260, Neil",,Granby,,,2282.45,1975,102700,337300,440000,2025,Logement,MAMH — Données Québec (rôle d'évaluation foncière),https://donneesouvertes.affmunqc.net/role/RL47017_2026.xml,,,,
"163, Commissaires",,Granby,,,824,2018,154000,337000,491000,2025,Logement,MAMH — Données Québec (rôle d'évaluation foncière),https://donneesouvertes.affmunqc.net/role/RL47017_2026.xml,,,,
"179, Commissaires",,Granby,,,419.1,2019,90100,360900,451000,2025,Logement,MAMH — Données Québec (rôle d'évaluation foncière),https://donneesouvertes.affmunqc.net/role/RL47017_2026.xml,,,,
"175, Commissaires",,Granby,,,393.3,2018,84600,324400,409000,2025,Logement,MAMH — Données Québec (rôle d'évaluation foncière),https://donneesouvertes.affmunqc.net/role/RL47017_2026.xml,,,,
"173, Commissaires",,Granby,,,393.4,2018,84600,316400,401000,2025,Logement,MAMH — Données Québec (rôle d'évaluation foncière),https://donneesouvertes.affmunqc.net/role/RL47017_2026.xml,,,,
"167, Commissaires",,Granby,,,799.2,2018,150800,369200,520000,2025,Logement,MAMH — Données Québec (rôle d'évaluation foncière),https://donneesouvertes.affmunqc.net/role/RL47017_2026.xml,,,,
"169, Commissaires",,Granby,,,538.7,2018,115800,365200,481000,2025,Logement,MAMH — Données Québec (rôle d'évaluation foncière),https://donneesouvertes.affmunqc.net/role/RL47017_2026.xml,,,,
"256, Neil",,Granby,,,2288.1,1962,103000,169000,272000,2025,Logement,MAMH — Données Québec (rôle d'évaluation foncière),https://donneesouvertes.affmunqc.net/role/RL47017_2026.xml,,,,
"252, Neil, app. 254",,Granby,,,2290.6,1972,103100,350900,454000,2025,Logement,MAMH — Données Québec (rôle d'évaluation foncière),https://donneesouvertes.affmunqc.net/role/RL47017_2026.xml,,,,
"248, Neil",,Granby,,,2293.9,1965,103200,277800,381000,2025,Logement,MAMH — Données Québec (rôle d'évaluation foncière),https://donneesouvertes.affmunqc.net/role/RL47017_2026.xml,,,,
"251, Écoliers",,Granby,,,1161.7,2017,182700,547300,730000,2025,Logement,MAMH — Données Québec (rôle d'évaluation foncière),https://donneesouvertes.affmunqc.net/role/RL47017_2026.xml,,,,
"247, Écoliers",,Granby,,,822.8,2018,153900,507100,661000,2025,Logement,MAMH — Données Québec (rôle d'évaluation foncière),https://donneesouvertes.affmunqc.net/role/RL47017_2026.xml,,,,
"245, Écoliers",,Granby,,,371.7,2016,79900,318100,398000,2025,Logement,MAMH — Données Québec (rôle d'évaluation foncière),https://donneesouvertes.affmunqc.net/role/RL47017_2026.xml,,,,
"243, Écoliers",,Granby,,,371.3,2016,79800,342200,422000,2025,Logement,MAMH — Données Québec (rôle d'évaluation foncière),https://donneesouvertes.affmunqc.net/role/RL47017_2026.xml,,,,
"241, Écoliers",,Granby,,,370.4,2017,79600,347400,427000,2025,Logement,MAMH — Données Québec (rôle d'évaluation foncière),https://donneesouvertes.affmunqc.net/role/RL47017_2026.xml,,,,
"239, Écoliers",,Granby,,,369.8,2016,79500,402500,482000,2025,Logement,MAMH — Données Québec (rôle d'évaluation foncière),https://donneesouvertes.affmunqc.net/role/RL47017_2026.xml,,,,
"237, Écoliers",,Granby,,,370,2019,79600,365400,445000,2025,Logement,MAMH — Données Québec (rôle d'évaluation foncière),https://donneesouvertes.affmunqc.net/role/RL47017_2026.xml,,,,
"244, Neil",,Granby,,,2305,1977,103700,231300,335000,2025,Logement,MAMH — Données Québec (rôle d'évaluation foncière),https://donneesouvertes.affmunqc.net/role/RL47017_2026.xml,,,,
"240, Neil",,Granby,,,2312,1965,104000,251000,355000,2025,Logement,MAMH — Données Québec (rôle d'évaluation foncière),https://donneesouvertes.affmunqc.net/role/RL47017_2026.xml,,,,
"236, Neil",,Granby,,,2315.2,1960,133600,217400,351000,2025,Logement,MAMH — Données Québec (rôle d'évaluation foncière),https://donneesouvertes.affmunqc.net/role/RL47017_2026.xml,,,,
"232, Neil",,Granby,,,2319.8,1975,150300,236700,387000,2025,Logement,MAMH — Données Québec (rôle d'évaluation foncière),https://donneesouvertes.affmunqc.net/role/RL47017_2026.xml,,,,
"235, Écoliers",,Granby,,,370.4,2019,79600,382400,462000,2025,Logement,MAMH — Données Québec (rôle d'évaluation foncière),https://donneesouvertes.affmunqc.net/role/RL47017_2026.xml,,,,
"233, Écoliers",,Granby,,,370.8,2014,79700,397300,477000,2025,Logement,MAMH — Données Québec (rôle d'évaluation foncière),https://donneesouvertes.affmunqc.net/role/RL47017_2026.xml,,,,
"231, Écoliers",,Granby,,,371.2,2016,79800,397200,477000,2025,Logement,MAMH — Données Québec (rôle d'évaluation foncière),https://donneesouvertes.affmunqc.net/role/RL47017_2026.xml,,,,
"229, Écoliers",,Granby,,,371.6,2014,79900,382100,462000,2025,Logement,MAMH — Données Québec (rôle d'évaluation foncière),https://donneesouvertes.affmunqc.net/role/RL47017_2026.xml,,,,
"227, Écoliers",,Granby,,,372,2016,80000,378000,458000,2025,Logement,MAMH — Données Québec (rôle d'évaluation foncière),https://donneesouvertes.affmunqc.net/role/RL47017_2026.xml,,,,
"225, Écoliers",,Granby,,,372.5,2014,80100,384900,465000,2025,Logement,MAMH — Données Québec (rôle d'évaluation foncière),https://donneesouvertes.affmunqc.net/role/RL47017_2026.xml,,,,
"223, Écoliers",,Granby,,,372.9,2014,80200,409800,490000,2025,Logement,MAMH — Données Québec (rôle d'évaluation foncière),https://donneesouvertes.affmunqc.net/role/RL47017_2026.xml,,,,
"221, Écoliers",,Granby,,,373.3,2014,80300,348700,429000,2025,Logement,MAMH — Données Québec (rôle d'évaluation foncière),https://donneesouvertes.affmunqc.net/role/RL47017_2026.xml,,,,
"219, Écoliers",,Granby,,,373.7,2014,80300,372700,453000,2025,Logement,MAMH — Données Québec (rôle d'évaluation foncière),https://donneesouvertes.affmunqc.net/role/RL47017_2026.xml,,,,
"228, Neil",,Granby,,,2871.4,1982,168000,287000,455000,2025,Logement,MAMH — Données Québec (rôle d'évaluation foncière),https://donneesouvertes.affmunqc.net/role/RL47017_2026.xml,,,,
"224, Neil",,Granby,,,2871.9,1983,168000,483000,651000,2025,Logement,MAMH — Données Québec (rôle d'évaluation foncière),https://donneesouvertes.affmunqc.net/role/RL47017_2026.xml,,,,
"217, Écoliers",,Granby,,,374.1,2014,80400,396600,477000,2025,Logement,MAMH — Données Québec (rôle d'évaluation foncière),https://donneesouvertes.affmunqc.net/role/RL47017_2026.xml,,,,
"215, Écoliers",,Granby,,,374.5,2014,80500,379500,460000,2025,Logement,MAMH — Données Québec (rôle d'évaluation foncière),https://donneesouvertes.affmunqc.net/role/RL47017_2026.xml,,,,
"213, Écoliers",,Granby,,,374.9,2014,80600,352400,433000,2025,Logement,MAMH — Données Québec (rôle d'évaluation foncière),https://donneesouvertes.affmunqc.net/role/RL47017_2026.xml,,,,
"211, Écoliers",,Granby,,,498.7,2014,107200,371800,479000,2025,Logement,MAMH — Données Québec (rôle d'évaluation foncière),https://donneesouvertes.affmunqc.net/role/RL47017_2026.xml,,,,
"152, Robitaille",,Granby,,,1514.4,2024,325600,2456400,2782000,2025,Logement,MAMH — Données Québec (rôle d'évaluation foncière),https://donneesouvertes.affmunqc.net/role/RL47017_2026.xml,,,,
"156, Robitaille",,Granby,,,1500.8,2023,322700,2466300,2789000,2025,Logement,MAMH — Données Québec (rôle d'évaluation foncière),https://donneesouvertes.affmunqc.net/role/RL47017_2026.xml,,,,
"145, Robitaille",,Granby,,,5405.2,,1081000,,1081000,2025,Terrain vacant,MAMH — Données Québec (rôle d'évaluation foncière),https://donneesouvertes.affmunqc.net/role/RL47017_2026.xml,,,,
"162, David",,Granby,,,6378.5,1981,302100,627900,930000,2025,Logement,MAMH — Données Québec (rôle d'évaluation foncière),https://donneesouvertes.affmunqc.net/role/RL47017_2026.xml,,,,
"408, Miller",,Granby,,,3046.1,1980,135700,205300,341000,2025,Logement,MAMH — Données Québec (rôle d'évaluation foncière),https://donneesouvertes.affmunqc.net/role/RL47017_2026.xml,,,,
"412, Miller",,Granby,,,3023.5,1973,135400,208600,344000,2025,Logement,MAMH — Données Québec (rôle d'évaluation foncière),https://donneesouvertes.affmunqc.net/role/RL47017_2026.xml,,,,
"409, Miller",,Granby,,,1884.1,1987,84800,203200,288000,2025,Logement,MAMH — Données Québec (rôle d'évaluation foncière),https://donneesouvertes.affmunqc.net/role/RL47017_2026.xml,,,,
"289, Neil",,Granby,,,3307.8,1992,139600,431400,571000,2025,Logement,MAMH — Données Québec (rôle d'évaluation foncière),https://donneesouvertes.affmunqc.net/role/RL47017_2026.xml,,,,
"413, Miller",,Granby,,,1892.1,1974,85100,251900,337000,2025,Logement,MAMH — Données Québec (rôle d'évaluation foncière),https://donneesouvertes.affmunqc.net/role/RL47017_2026.xml,,,,
"281, Neil",,Granby,,,3299.5,1973,139500,258500,398000,2025,Logement,MAMH — Données Québec (rôle d'évaluation foncière),https://donneesouvertes.affmunqc.net/role/RL47017_2026.xml,,,,
"275, Neil",,Granby,,,3299.5,1979,139500,328500,468000,2025,Logement,MAMH — Données Québec (rôle d'évaluation foncière),https://donneesouvertes.affmunqc.net/role/RL47017_2026.xml,,,,
"271, Neil",,Granby,,,3299.5,1975,139500,356500,496000,2025,Logement,MAMH — Données Québec (rôle d'évaluation foncière),https://donneesouvertes.affmunqc.net/role/RL47017_2026.xml,,,,
"263, Neil",,Granby,,,3298.7,1976,139500,258500,398000,2025,Logement,MAMH — Données Québec (rôle d'évaluation foncière),https://donneesouvertes.affmunqc.net/role/RL47017_2026.xml,,,,
"255, Neil",,Granby,,,3335.1,1999,140000,355000,495000,2025,Logement,MAMH — Données Québec (rôle d'évaluation foncière),https://donneesouvertes.affmunqc.net/role/RL47017_2026.xml,,,,
"251, Neil",,Granby,,,2124.9,2016,95600,443400,539000,2025,Logement,MAMH — Données Québec (rôle d'évaluation foncière),https://donneesouvertes.affmunqc.net/role/RL47017_2026.xml,,,,
"247, Neil",,Granby,,,2742.2,1976,123400,341600,465000,2025,Logement,MAMH — Données Québec (rôle d'évaluation foncière),https://donneesouvertes.affmunqc.net/role/RL47017_2026.xml,,,,
"235, Neil",,Granby,,,1661.1,,129000,,129000,2025,Terrain vacant,MAMH — Données Québec (rôle d'évaluation foncière),https://donneesouvertes.affmunqc.net/role/RL47017_2026.xml,,,,
"231, Neil",,Granby,,,1877.8,1974,136200,232800,369000,2025,Logement,MAMH — Données Québec (rôle d'évaluation foncière),https://donneesouvertes.affmunqc.net/role/RL47017_2026.xml,,,,
"239, Neil",,Granby,,,4545.7,1979,221500,557500,779000,2025,Logement,MAMH — Données Québec (rôle d'évaluation foncière),https://donneesouvertes.affmunqc.net/role/RL47017_2026.xml,,,,
"170, Robitaille",,Granby,,,13851.6,2022,1400000,6898000,8298000,2025,Logement,MAMH — Données Québec (rôle d'évaluation foncière),https://donneesouvertes.affmunqc.net/role/RL47017_2026.xml,,,,
"220, Neil",,Granby,,,1624.5,2023,349300,2448700,2798000,2025,Logement,MAMH — Données Québec (rôle d'évaluation foncière),https://donneesouvertes.affmunqc.net/role/RL47017_2026.xml,,,,
"200, Robert",,Granby,,,36476,1958,3081000,6295000,9376000,2025,Logement,MAMH — Données Québec (rôle d'évaluation foncière),https://donneesouvertes.affmunqc.net/role/RL47017_2026.xml,,,,
"166, David",,Granby,,,3512.1,1975,148700,380300,529000,2025,Logement,MAMH — Données Québec (rôle d'évaluation foncière),https://donneesouvertes.affmunqc.net/role/RL47017_2026.xml,,,,
"178, David",,Granby,,,3511.9,1975,201900,309100,511000,2025,Logement,MAMH — Données Québec (rôle d'évaluation foncière),https://donneesouvertes.affmunqc.net/role/RL47017_2026.xml,,,,
"416, Miller",,Granby,,,2984.7,1973,134300,237700,372000,2025,Logement,MAMH — Données Québec (rôle d'évaluation foncière),https://donneesouvertes.affmunqc.net/role/RL47017_2026.xml,,,,
"311, Avery",,Granby,,,2253.6,,101000,,101000,2025,Terrain vacant,MAMH — Données Québec (rôle d'évaluation foncière),https://donneesouvertes.affmunqc.net/role/RL47017_2026.xml,,,,
"307, Avery",,Granby,,,2171.4,1981,97700,284300,382000,2025,Logement,MAMH — Données Québec (rôle d'évaluation foncière),https://donneesouvertes.affmunqc.net/role/RL47017_2026.xml,,,,
"304, Avery",,Granby,,,3035.1,1977,135500,258500,394000,2025,Logement,MAMH — Données Québec (rôle d'évaluation foncière),https://donneesouvertes.affmunqc.net/role/RL47017_2026.xml,,,,
"312, Avery",,Granby,,,1884,1975,84800,209200,294000,2025,Logement,MAMH — Données Québec (rôle d'évaluation foncière),https://donneesouvertes.affmunqc.net/role/RL47017_2026.xml,,,,
"303, Avery",,Granby,,,2166.4,1975,97500,222500,320000,2025,Logement,MAMH — Données Québec (rôle d'évaluation foncière),https://donneesouvertes.affmunqc.net/role/RL47017_2026.xml,,,,
"295, Avery",,Granby,,,2078.9,1971,93600,217400,311000,2025,Logement,MAMH — Données Québec (rôle d'évaluation foncière),https://donneesouvertes.affmunqc.net/role/RL47017_2026.xml,,,,
"290, Avery",,Granby,,,3043,1980,135600,312400,448000,2025,Logement,MAMH — Données Québec (rôle d'évaluation foncière),https://donneesouvertes.affmunqc.net/role/RL47017_2026.xml,,,,
"288, Avery",,Granby,,,3045,1976,135700,308300,444000,2025,Logement,MAMH — Données Québec (rôle d'évaluation foncière),https://donneesouvertes.affmunqc.net/role/RL47017_2026.xml,,,,
"280, Avery",,Granby,,,3046.9,1986,135700,312300,448000,2025,Logement,MAMH — Données Québec (rôle d'évaluation foncière),https://donneesouvertes.affmunqc.net/role/RL47017_2026.xml,,,,
"291, Avery",,Granby,,,2074.2,,93000,,93000,2025,Terrain vacant,MAMH — Données Québec (rôle d'évaluation foncière),https://donneesouvertes.affmunqc.net/role/RL47017_2026.xml,,,,
"279, Avery",,Granby,,,695.5,,,,0,2025,Immeuble commercial,MAMH — Données Québec (rôle d'évaluation foncière),https://donneesouvertes.affmunqc.net/role/RL47017_2026.xml,,,,
"285, Avery",,Granby,,,2130.2,1970,95900,186100,282000,2025,Logement,MAMH — Données Québec (rôle d'évaluation foncière),https://donneesouvertes.affmunqc.net/role/RL47017_2026.xml,,,,
"272, Avery",,Granby,,,3053.5,1978,135800,347200,483000,2025,Logement,MAMH — Données Québec (rôle d'évaluation foncière),https://donneesouvertes.affmunqc.net/role/RL47017_2026.xml,,,,
"264, Avery",,Granby,,,3526.2,1975,142900,219100,362000,2025,Logement,MAMH — Données Québec (rôle d'évaluation foncière),https://donneesouvertes.affmunqc.net/role/RL47017_2026.xml,,,,
"273, Avery",,Granby,,,2242.2,1976,100900,241100,342000,2025,Logement,MAMH — Données Québec (rôle d'évaluation foncière),https://donneesouvertes.affmunqc.net/role/RL47017_2026.xml,,,,
"269, Avery",,Granby,,,1646.6,1972,74100,234900,309000,2025,Logement,MAMH — Données Québec (rôle d'évaluation foncière),https://donneesouvertes.affmunqc.net/role/RL47017_2026.xml,,,,
"256, Avery",,Granby,,,3528.8,1976,142900,329100,472000,2025,Logement,MAMH — Données Québec (rôle d'évaluation foncière),https://donneesouvertes.affmunqc.net/role/RL47017_2026.xml,,,,
"244, Avery",,Granby,,,2194.6,1980,146300,254700,401000,2025,Logement,MAMH — Données Québec (rôle d'évaluation foncière),https://donneesouvertes.affmunqc.net/role/RL47017_2026.xml,,,,
"261, Avery, app. 263",,Granby,,,2464.4,1972,110900,365100,476000,2025,Logement,MAMH — Données Québec (rôle d'évaluation foncière),https://donneesouvertes.affmunqc.net/role/RL47017_2026.xml,,,,
"253, Avery",,Granby,,,1298.1,1981,117600,258400,376000,2025,Logement,MAMH — Données Québec (rôle d'évaluation foncière),https://donneesouvertes.affmunqc.net/role/RL47017_2026.xml,,,,
"249, Avery",,Granby,,,1484.7,,124000,,124000,2025,Terrain vacant,MAMH — Données Québec (rôle d'évaluation foncière),https://donneesouvertes.affmunqc.net/role/RL47017_2026.xml,,,,
"236, Avery",,Granby,,,3282.7,1963,181100,239900,421000,2025,Logement,MAMH — Données Québec (rôle d'évaluation foncière),https://donneesouvertes.affmunqc.net/role/RL47017_2026.xml,,,,
"240, Avery",,Granby,,,1500,,124000,,124000,2025,Terrain vacant,MAMH — Données Québec (rôle d'évaluation foncière),https://donneesouvertes.affmunqc.net/role/RL47017_2026.xml,,,,
"232, Avery",,Granby,,,1858.1,1976,135500,240500,376000,2025,Logement,MAMH — Données Québec (rôle d'évaluation foncière),https://donneesouvertes.affmunqc.net/role/RL47017_2026.xml,,,,
"228, Avery",,Granby,,,1540.6,2024,125400,512600,638000,2025,Logement,MAMH — Données Québec (rôle d'évaluation foncière),https://donneesouvertes.affmunqc.net/role/RL47017_2026.xml,,,,
"224, Avery",,Granby,,,1540.7,2021,125400,635600,761000,2025,Logement,MAMH — Données Québec (rôle d'évaluation foncière),https://donneesouvertes.affmunqc.net/role/RL47017_2026.xml,,,,
"203, Robert",,Granby,,,1300.6,1979,117700,262300,380000,2025,Logement,MAMH — Données Québec (rôle d'évaluation foncière),https://donneesouvertes.affmunqc.net/role/RL47017_2026.xml,,,,
"172, Avery",,Granby,,,2907.9,1964,130900,304100,435000,2025,Logement,MAMH — Données Québec (rôle d'évaluation foncière),https://donneesouvertes.affmunqc.net/role/RL47017_2026.xml,,,,
"176, Avery",,Granby,,,1663.4,1981,94300,584700,679000,2025,Logement,MAMH — Données Québec (rôle d'évaluation foncière),https://donneesouvertes.affmunqc.net/role/RL47017_2026.xml,,,,
"245, Avery",,Granby,,,2043.6,1968,141500,294500,436000,2025,Logement,MAMH — Données Québec (rôle d'évaluation foncière),https://donneesouvertes.affmunqc.net/role/RL47017_2026.xml,,,,
"241, Avery",,Granby,,,2032.7,1968,141100,282900,424000,2025,Logement,MAMH — Données Québec (rôle d'évaluation foncière),https://donneesouvertes.affmunqc.net/role/RL47017_2026.xml,,,,
"233, Avery",,Granby,,,1008.4,1967,135400,267600,403000,2025,Logement,MAMH — Données Québec (rôle d'évaluation foncière),https://donneesouvertes.affmunqc.net/role/RL47017_2026.xml,,,,
"229, Avery",,Granby,,,2002.8,1971,140200,270800,411000,2025,Logement,MAMH — Données Québec (rôle d'évaluation foncière),https://donneesouvertes.affmunqc.net/role/RL47017_2026.xml,,,,
"225, Avery",,Granby,,,3356.5,1973,183500,18500,202000,2025,Logement,MAMH — Données Québec (rôle d'évaluation foncière),https://donneesouvertes.affmunqc.net/role/RL47017_2026.xml,,,,
"209, Avery",,Granby,,,2343,1973,151100,293900,445000,2025,Logement,MAMH — Données Québec (rôle d'évaluation foncière),https://donneesouvertes.affmunqc.net/role/RL47017_2026.xml,,,,
"190, Robitaille",,Granby,,,1936.6,1972,138000,424000,562000,2025,Logement,MAMH — Données Québec (rôle d'évaluation foncière),https://donneesouvertes.affmunqc.net/role/RL47017_2026.xml,,,,
"199, Robitaille",,Granby,,,5320.6,1900,246300,211700,458000,2025,Logement,MAMH — Données Québec (rôle d'évaluation foncière),https://donneesouvertes.affmunqc.net/role/RL47017_2026.xml,,,,
"201, Avery",,Granby,,,1740.6,1973,78300,241700,320000,2025,Logement,MAMH — Données Québec (rôle d'évaluation foncière),https://donneesouvertes.affmunqc.net/role/RL47017_2026.xml,,,,
"189, Avery",,Granby,,,1709.4,1972,90800,301200,392000,2025,Logement,MAMH — Données Québec (rôle d'évaluation foncière),https://donneesouvertes.affmunqc.net/role/RL47017_2026.xml,,,,
"394, Jean-louis-boudreau",,Granby,,,699.9,2007,138000,451000,589000,2025,Logement,MAMH — Données Québec (rôle d'évaluation foncière),https://donneesouvertes.affmunqc.net/role/RL47017_2026.xml,,,,
"390, Jean-louis-boudreau",,Granby,,,576.1,2008,122000,282000,404000,2025,Logement,MAMH — Données Québec (rôle d'évaluation foncière),https://donneesouvertes.affmunqc.net/role/RL47017_2026.xml,,,,
"398, Jean-louis-boudreau",,Granby,,,1307,2007,192100,283900,476000,2025,Logement,MAMH — Données Québec (rôle d'évaluation foncière),https://donneesouvertes.affmunqc.net/role/RL47017_2026.xml,,,,
"402, Jean-louis-boudreau",,Granby,,,1346.5,2008,194700,305300,500000,2025,Logement,MAMH — Données Québec (rôle d'évaluation foncière),https://donneesouvertes.affmunqc.net/role/RL47017_2026.xml,,,,
"179, Avery",,Granby,,,2515.2,1959,130200,440800,571000,2025,Logement,MAMH — Données Québec (rôle d'évaluation foncière),https://donneesouvertes.affmunqc.net/role/RL47017_2026.xml,,,,
"386, Jean-louis-boudreau",,Granby,,,576.1,2007,122000,314000,436000,2025,Logement,MAMH — Données Québec (rôle d'évaluation foncière),https://donneesouvertes.affmunqc.net/role/RL47017_2026.xml,,,,
"382, Jean-louis-boudreau",,Granby,,,576.1,2007,122000,306000,428000,2025,Logement,MAMH — Données Québec (rôle d'évaluation foncière),https://donneesouvertes.affmunqc.net/role/RL47017_2026.xml,,,,
"378, Jean-louis-boudreau",,Granby,,,576.1,2008,122000,332000,454000,2025,Logement,MAMH — Données Québec (rôle d'évaluation foncière),https://donneesouvertes.affmunqc.net/role/RL47017_2026.xml,,,,
"374, Jean-louis-boudreau",,Granby,,,576.1,2008,122000,308000,430000,2025,Logement,MAMH — Données Québec (rôle d'évaluation foncière),https://donneesouvertes.affmunqc.net/role/RL47017_2026.xml,,,,
"370, Jean-louis-boudreau",,Granby,,,576.1,2007,122000,273000,395000,2025,Logement,MAMH — Données Québec (rôle d'évaluation foncière),https://donneesouvertes.affmunqc.net/role/RL47017_2026.xml,,,,
"214, Robitaille",,Granby,,,177543.8,,3835000,,3835000,2025,Terrain vacant,MAMH — Données Québec (rôle d'évaluation foncière),https://donneesouvertes.affmunqc.net/role/RL47017_2026.xml,,,,
"202, Robitaille",,Granby,,,6259.9,1999,276400,271600,548000,2025,Logement,MAMH — Données Québec (rôle d'évaluation foncière),https://donneesouvertes.affmunqc.net/role/RL47017_2026.xml,,,,
"208, Robitaille",,Granby,,,6239,2000,275700,262300,538000,2025,Logement,MAMH — Données Québec (rôle d'évaluation foncière),https://donneesouvertes.affmunqc.net/role/RL47017_2026.xml,,,,
"606, Trépanier",,Granby,,,248.31,2009,53500,197500,251000,2025,Logement,MAMH — Données Québec (rôle d'évaluation foncière),https://donneesouvertes.affmunqc.net/role/RL47017_2026.xml,,,,
"406, Jean-louis-boudreau",,Granby,,,828.4,2007,154600,308400,463000,2025,Logement,MAMH — Données Québec (rôle d'évaluation foncière),https://donneesouvertes.affmunqc.net/role/RL47017_2026.xml,,,,
"389, Jean-louis-boudreau",,Granby,,,741.6,2008,143400,240600,384000,2025,Logement,MAMH — Données Québec (rôle d'évaluation foncière),https://donneesouvertes.affmunqc.net/role/RL47017_2026.xml,,,,
"410, Jean-louis-boudreau",,Granby,,,817.5,2008,153200,333800,487000,2025,Logement,MAMH — Données Québec (rôle d'évaluation foncière),https://donneesouvertes.affmunqc.net/role/RL47017_2026.xml,,,,
"401, Jean-louis-boudreau, app. 407",,Granby,,,944,2014,203000,774000,977000,2025,Logement,MAMH — Données Québec (rôle d'évaluation foncière),https://donneesouvertes.affmunqc.net/role/RL47017_2026.xml,,,,
"414, Jean-louis-boudreau",,Granby,,,220.61,2009,47500,219500,267000,2025,Logement,MAMH — Données Québec (rôle d'évaluation foncière),https://donneesouvertes.affmunqc.net/role/RL47017_2026.xml,,,,
"411, Jean-louis-boudreau",,Granby,,,229.38,2007,49500,255500,305000,2025,Logement,MAMH — Données Québec (rôle d'évaluation foncière),https://donneesouvertes.affmunqc.net/role/RL47017_2026.xml,,,,
"413, Jean-louis-boudreau",,Granby,,,229.38,2007,49500,255500,305000,2025,Logement,MAMH — Données Québec (rôle d'évaluation foncière),https://donneesouvertes.affmunqc.net/role/RL47017_2026.xml,,,,
"409, Jean-louis-boudreau",,Granby,,,229.38,2007,49500,263500,313000,2025,Logement,MAMH — Données Québec (rôle d'évaluation foncière),https://donneesouvertes.affmunqc.net/role/RL47017_2026.xml,,,,
"415, Jean-louis-boudreau",,Granby,,,229.38,2007,49500,263500,313000,2025,Logement,MAMH — Données Québec (rôle d'évaluation foncière),https://donneesouvertes.affmunqc.net/role/RL47017_2026.xml,,,,
"418, Jean-louis-boudreau",,Granby,,,216.54,2009,46500,220500,267000,2025,Logement,MAMH — Données Québec (rôle d'évaluation foncière),https://donneesouvertes.affmunqc.net/role/RL47017_2026.xml,,,,
"586, Trépanier",,Granby,,,245.93,2007,53000,252000,305000,2025,Logement,MAMH — Données Québec (rôle d'évaluation foncière),https://donneesouvertes.affmunqc.net/role/RL47017_2026.xml,,,,
"588, Trépanier",,Granby,,,245.93,2007,53000,252000,305000,2025,Logement,MAMH — Données Québec (rôle d'évaluation foncière),https://donneesouvertes.affmunqc.net/role/RL47017_2026.xml,,,,
"584, Trépanier",,Granby,,,245.93,2007,53000,252000,305000,2025,Logement,MAMH — Données Québec (rôle d'évaluation foncière),https://donneesouvertes.affmunqc.net/role/RL47017_2026.xml,,,,
"590, Trépanier",,Granby,,,245.93,2007,53000,252000,305000,2025,Logement,MAMH — Données Québec (rôle d'évaluation foncière),https://donneesouvertes.affmunqc.net/role/RL47017_2026.xml,,,,
"385, Jean-louis-boudreau",,Granby,,,664.6,2008,133500,300500,434000,2025,Logement,MAMH — Données Québec (rôle d'évaluation foncière),https://donneesouvertes.affmunqc.net/role/RL47017_2026.xml,,,,
"379, Jean-louis-boudreau",,Granby,,,393.6,2007,84600,298400,383000,2025,Logement,MAMH — Données Québec (rôle d'évaluation foncière),https://donneesouvertes.affmunqc.net/role/RL47017_2026.xml,,,,
"377, Jean-louis-boudreau",,Granby,,,393.6,2007,84600,279400,364000,2025,Logement,MAMH — Données Québec (rôle d'évaluation foncière),https://donneesouvertes.affmunqc.net/role/RL47017_2026.xml,,,,
"375, Jean-louis-boudreau",,Granby,,,374.4,2007,80500,267500,348000,2025,Logement,MAMH — Données Québec (rôle d'évaluation foncière),https://donneesouvertes.affmunqc.net/role/RL47017_2026.xml,,,,
"373, Jean-louis-boudreau",,Granby,,,374.4,2007,80500,256500,337000,2025,Logement,MAMH — Données Québec (rôle d'évaluation foncière),https://donneesouvertes.affmunqc.net/role/RL47017_2026.xml,,,,
"371, Jean-louis-boudreau",,Granby,,,374.4,2007,80500,229500,310000,2025,Logement,MAMH — Données Québec (rôle d'évaluation foncière),https://donneesouvertes.affmunqc.net/role/RL47017_2026.xml,,,,
"369, Jean-louis-boudreau",,Granby,,,374.4,2007,80500,206500,287000,2025,Logement,MAMH — Données Québec (rôle d'évaluation foncière),https://donneesouvertes.affmunqc.net/role/RL47017_2026.xml,,,,
"367, Jean-louis-boudreau",,Granby,,,374.4,2007,80500,251500,332000,2025,Logement,MAMH — Données Québec (rôle d'évaluation foncière),https://donneesouvertes.affmunqc.net/role/RL47017_2026.xml,,,,
"180, Édouard-rousseau",,Granby,,,286.43,2010,61600,239400,301000,2025,Logement,MAMH — Données Québec (rôle d'évaluation foncière),https://donneesouvertes.affmunqc.net/role/RL47017_2026.xml,,,,
"182, Édouard-rousseau",,Granby,,,286.43,2009,61600,239400,301000,2025,Logement,MAMH — Données Québec (rôle d'évaluation foncière),https://donneesouvertes.affmunqc.net/role/RL47017_2026.xml,,,,
"178, Édouard-rousseau",,Granby,,,286.43,2010,61600,246400,308000,2025,Logement,MAMH — Données Québec (rôle d'évaluation foncière),https://donneesouvertes.affmunqc.net/role/RL47017_2026.xml,,,,
"184, Édouard-rousseau",,Granby,,,286.43,2010,61600,246400,308000,2025,Logement,MAMH — Données Québec (rôle d'évaluation foncière),https://donneesouvertes.affmunqc.net/role/RL47017_2026.xml,,,,
"172, Édouard-rousseau",,Granby,,,287.7,2009,61900,243100,305000,2025,Logement,MAMH — Données Québec (rôle d'évaluation foncière),https://donneesouvertes.affmunqc.net/role/RL47017_2026.xml,,,,
"174, Édouard-rousseau",,Granby,,,287.7,2009,61900,239100,301000,2025,Logement,MAMH — Données Québec (rôle d'évaluation foncière),https://donneesouvertes.affmunqc.net/role/RL47017_2026.xml,,,,
"170, Édouard-rousseau",,Granby,,,287.7,2009,61900,246100,308000,2025,Logement,MAMH — Données Québec (rôle d'évaluation foncière),https://donneesouvertes.affmunqc.net/role/RL47017_2026.xml,,,,
"176, Édouard-rousseau",,Granby,,,287.7,2009,61900,246100,308000,2025,Logement,MAMH — Données Québec (rôle d'évaluation foncière),https://donneesouvertes.affmunqc.net/role/RL47017_2026.xml,,,,
"186, Édouard-rousseau, app. 194",,Granby,,,2285.1,2008,313000,716000,1029000,2025,Logement,MAMH — Données Québec (rôle d'évaluation foncière),https://donneesouvertes.affmunqc.net/role/RL47017_2026.xml,,,,
"187, Édouard-rousseau, app. 193",,Granby,,,1000.9,2009,215200,635800,851000,2025,Logement,MAMH — Données Québec (rôle d'évaluation foncière),https://donneesouvertes.affmunqc.net/role/RL47017_2026.xml,,,,
"177, Édouard-rousseau, app. 183",,Granby,,,929.1,2008,199800,624200,824000,2025,Logement,MAMH — Données Québec (rôle d'évaluation foncière),https://donneesouvertes.affmunqc.net/role/RL47017_2026.xml,,,,
"280, Denison",,Granby,,,6566.5,1985,1313000,4649000,5962000,2025,Logement,MAMH — Données Québec (rôle d'évaluation foncière),https://donneesouvertes.affmunqc.net/role/RL47017_2026.xml,,,,
"296, Denison, app. 302",,Granby,,,2539,,231000,446000,677000,2025,Logement,MAMH — Données Québec (rôle d'évaluation foncière),https://donneesouvertes.affmunqc.net/role/RL47017_2026.xml,,,,
"306, Denison",,Granby,,,1360.8,1988,231300,688700,920000,2025,Logement,MAMH — Données Québec (rôle d'évaluation foncière),https://donneesouvertes.affmunqc.net/role/RL47017_2026.xml,,,,
"281, Denison",,Granby,,,9220.6,,1244800,1341200,2586000,2025,Immeuble commercial,MAMH — Données Québec (rôle d'évaluation foncière),https://donneesouvertes.affmunqc.net/role/RL47017_2026.xml,,,,
"297, Denison, app. 299",,Granby,,,2446.46,1955,489300,185700,675000,2025,Immeuble à bureaux,MAMH — Données Québec (rôle d'évaluation foncière),https://donneesouvertes.affmunqc.net/role/RL47017_2026.xml,,,,
"210, Nénuphar",,Granby,,,1018.1,1991,142200,611800,754000,2025,Logement,MAMH — Données Québec (rôle d'évaluation foncière),https://donneesouvertes.affmunqc.net/role/RL47017_2026.xml,,,,
"213, Nénuphar",,Granby,,,1238.65,1997,187700,421300,609000,2025,Logement,MAMH — Données Québec (rôle d'évaluation foncière),https://donneesouvertes.affmunqc.net/role/RL47017_2026.xml,,,,
"75, Robitaille",,Granby,,,144384.3,1955,5843100,18830900,24674000,2025,Industrie,MAMH — Données Québec (rôle d'évaluation foncière),https://donneesouvertes.affmunqc.net/role/RL47017_2026.xml,,,,
"214, Nénuphar",,Granby,,,1031.7,1998,142200,405800,548000,2025,Logement,MAMH — Données Québec (rôle d'évaluation foncière),https://donneesouvertes.affmunqc.net/role/RL47017_2026.xml,,,,
"220, Nénuphar",,Granby,,,1161.1,1998,133500,285500,419000,2025,Logement,MAMH — Données Québec (rôle d'évaluation foncière),https://donneesouvertes.affmunqc.net/role/RL47017_2026.xml,,,,
"224, Nénuphar",,Granby,,,785.5,1991,126700,420300,547000,2025,Logement,MAMH — Données Québec (rôle d'évaluation foncière),https://donneesouvertes.affmunqc.net/role/RL47017_2026.xml,,,,
"230, Nénuphar",,Granby,,,705.58,1991,117900,310100,428000,2025,Logement,MAMH — Données Québec (rôle d'évaluation foncière),https://donneesouvertes.affmunqc.net/role/RL47017_2026.xml,,,,
"215, Nénuphar",,Granby,,,389.41,,1,,1,2025,Immeuble commercial,MAMH — Données Québec (rôle d'évaluation foncière),https://donneesouvertes.affmunqc.net/role/RL47017_2026.xml,,,,
"219, Nénuphar",,Granby,,,1025.91,1995,173900,583100,757000,2025,Logement,MAMH — Données Québec (rôle d'évaluation foncière),https://donneesouvertes.affmunqc.net/role/RL47017_2026.xml,,,,
"225, Nénuphar",,Granby,,,1254.25,,189000,,189000,2025,Terrain vacant,MAMH — Données Québec (rôle d'évaluation foncière),https://donneesouvertes.affmunqc.net/role/RL47017_2026.xml,,,,
"233, Nénuphar",,Granby,,,1254.25,1994,188700,725300,914000,2025,Logement,MAMH — Données Québec (rôle d'évaluation foncière),https://donneesouvertes.affmunqc.net/role/RL47017_2026.xml,,,,
"241, Nénuphar",,Granby,,,1254.25,2001,188700,919300,1108000,2025,Logement,MAMH — Données Québec (rôle d'évaluation foncière),https://donneesouvertes.affmunqc.net/role/RL47017_2026.xml,,,,
"236, Nénuphar",,Granby,,,706.71,1999,118100,337900,456000,2025,Logement,MAMH — Données Québec (rôle d'évaluation foncière),https://donneesouvertes.affmunqc.net/role/RL47017_2026.xml,,,,
"79, Robitaille",,Granby,,,10105.8,,600000,,600000,2025,Industrie,MAMH — Données Québec (rôle d'évaluation foncière),https://donneesouvertes.affmunqc.net/role/RL47017_2026.xml,,,,
"340, Denison",,Granby,,,13165.4,1991,1975000,5529000,7504000,2025,Logement,MAMH — Données Québec (rôle d'évaluation foncière),https://donneesouvertes.affmunqc.net/role/RL47017_2026.xml,,,,
"364, Iris",,Granby,,,421.59,1990,81500,242500,324000,2025,Logement,MAMH — Données Québec (rôle d'évaluation foncière),https://donneesouvertes.affmunqc.net/role/RL47017_2026.xml,,,,
"366, Iris",,Granby,,,352.7,1990,68000,221000,289000,2025,Logement,MAMH — Données Québec (rôle d'évaluation foncière),https://donneesouvertes.affmunqc.net/role/RL47017_2026.xml,,,,
"368, Iris",,Granby,,,421.59,1990,81500,264500,346000,2025,Logement,MAMH — Données Québec (rôle d'évaluation foncière),https://donneesouvertes.affmunqc.net/role/RL47017_2026.xml,,,,
"372, Iris",,Granby,,,421.59,1990,81500,274500,356000,2025,Logement,MAMH — Données Québec (rôle d'évaluation foncière),https://donneesouvertes.affmunqc.net/role/RL47017_2026.xml,,,,
"374, Iris",,Granby,,,352.7,1990,68000,237000,305000,2025,Logement,MAMH — Données Québec (rôle d'évaluation foncière),https://donneesouvertes.affmunqc.net/role/RL47017_2026.xml,,,,
"376, Iris",,Granby,,,421.59,1990,81500,242500,324000,2025,Logement,MAMH — Données Québec (rôle d'évaluation foncière),https://donneesouvertes.affmunqc.net/role/RL47017_2026.xml,,,,
"378, Iris",,Granby,,,421.59,1990,81500,242500,324000,2025,Logement,MAMH — Données Québec (rôle d'évaluation foncière),https://donneesouvertes.affmunqc.net/role/RL47017_2026.xml,,,,
"380, Iris",,Granby,,,352.7,1990,68000,221000,289000,2025,Logement,MAMH — Données Québec (rôle d'évaluation foncière),https://donneesouvertes.affmunqc.net/role/RL47017_2026.xml,,,,
"382, Iris",,Granby,,,421.95,1990,81500,258500,340000,2025,Logement,MAMH — Données Québec (rôle d'évaluation foncière),https://donneesouvertes.affmunqc.net/role/RL47017_2026.xml,,,,
"242, Nénuphar",,Granby,,,800.79,1991,128400,420600,549000,2025,Logement,MAMH — Données Québec (rôle d'évaluation foncière),https://donneesouvertes.affmunqc.net/role/RL47017_2026.xml,,,,
"247, Nénuphar",,Granby,,,1254.25,2004,188700,504300,693000,2025,Logement,MAMH — Données Québec (rôle d'évaluation foncière),https://donneesouvertes.affmunqc.net/role/RL47017_2026.xml,,,,
"330, Potentille",,Granby,,,650.7,1994,131700,385300,517000,2025,Logement,MAMH — Données Québec (rôle d'évaluation foncière),https://donneesouvertes.affmunqc.net/role/RL47017_2026.xml,,,,
"255, Nénuphar",,Granby,,,1254.25,1998,188700,671300,860000,2025,Logement,MAMH — Données Québec (rôle d'évaluation foncière),https://donneesouvertes.affmunqc.net/role/RL47017_2026.xml,,,,
"334, Potentille",,Granby,,,658.7,1991,132700,340300,473000,2025,Logement,MAMH — Données Québec (rôle d'évaluation foncière),https://donneesouvertes.affmunqc.net/role/RL47017_2026.xml,,,,
"261, Nénuphar",,Granby,,,1254.25,1990,188700,520300,709000,2025,Logement,MAMH — Données Québec (rôle d'évaluation foncière),https://donneesouvertes.affmunqc.net/role/RL47017_2026.xml,,,,
"260, Nénuphar",,Granby,,,885.9,1994,162000,379000,541000,2025,Logement,MAMH — Données Québec (rôle d'évaluation foncière),https://donneesouvertes.affmunqc.net/role/RL47017_2026.xml,,,,
"387, Iris",,Granby,,,795.4,1989,150300,373700,524000,2025,Logement,MAMH — Données Québec (rôle d'évaluation foncière),https://donneesouvertes.affmunqc.net/role/RL47017_2026.xml,,,,
"269, Nénuphar",,Granby,,,1254.2,1990,188700,467300,656000,2025,Logement,MAMH — Données Québec (rôle d'évaluation foncière),https://donneesouvertes.affmunqc.net/role/RL47017_2026.xml,,,,
"166, Desrochers",,Granby,,,1600.25,1985,95300,265700,361000,2025,Logement,MAMH — Données Québec (rôle d'évaluation foncière),https://donneesouvertes.affmunqc.net/role/RL47017_2026.xml,,,,
"160, Desrochers",,Granby,,,1638.8,1994,97600,423400,521000,2025,Logement,MAMH — Données Québec (rôle d'évaluation foncière),https://donneesouvertes.affmunqc.net/role/RL47017_2026.xml,,,,
"380, Noiseux",,Granby,,,5184.5,1975,121600,512400,634000,2025,Logement,MAMH — Données Québec (rôle d'évaluation foncière),https://donneesouvertes.affmunqc.net/role/RL47017_2026.xml,,,,
"372, Noiseux",,Granby,,,1347,1978,87800,254200,342000,2025,Logement,MAMH — Données Québec (rôle d'évaluation foncière),https://donneesouvertes.affmunqc.net/role/RL47017_2026.xml,,,,
"384, Iris",,Granby,,,199.37,1989,43000,157000,200000,2025,Logement,MAMH — Données Québec (rôle d'évaluation foncière),https://donneesouvertes.affmunqc.net/role/RL47017_2026.xml,,,,
"392, Iris",,Granby,,,196.74,1989,42500,157500,200000,2025,Logement,MAMH — Données Québec (rôle d'évaluation foncière),https://donneesouvertes.affmunqc.net/role/RL47017_2026.xml,,,,
"398, Iris",,Granby,,,1196,1988,257100,515900,773000,2025,Logement,MAMH — Données Québec (rôle d'évaluation foncière),https://donneesouvertes.affmunqc.net/role/RL47017_2026.xml,,,,
"404, Iris",,Granby,,,1196,1988,257100,500900,758000,2025,Logement,MAMH — Données Québec (rôle d'évaluation foncière),https://donneesouvertes.affmunqc.net/role/RL47017_2026.xml,,,,
"266, Nénuphar",,Granby,,,567.67,1994,121000,353000,474000,2025,Logement,MAMH — Données Québec (rôle d'évaluation foncière),https://donneesouvertes.affmunqc.net/role/RL47017_2026.xml,,,,
"393, Iris",,Granby,,,673.53,1989,134600,368400,503000,2025,Logement,MAMH — Données Québec (rôle d'évaluation foncière),https://donneesouvertes.affmunqc.net/role/RL47017_2026.xml,,,,
"272, Nénuphar",,Granby,,,629.92,2013,129000,373000,502000,2025,Logement,MAMH — Données Québec (rôle d'évaluation foncière),https://donneesouvertes.affmunqc.net/role/RL47017_2026.xml,,,,
"399, Iris",,Granby,,,709.92,1989,139300,354700,494000,2025,Logement,MAMH — Données Québec (rôle d'évaluation foncière),https://donneesouvertes.affmunqc.net/role/RL47017_2026.xml,,,,
"278, Nénuphar",,Granby,,,670.5,1989,134200,327800,462000,2025,Logement,MAMH — Données Québec (rôle d'évaluation foncière),https://donneesouvertes.affmunqc.net/role/RL47017_2026.xml,,,,
"405, Iris",,Granby,,,741.08,1989,143300,361700,505000,2025,Logement,MAMH — Données Québec (rôle d'évaluation foncière),https://donneesouvertes.affmunqc.net/role/RL47017_2026.xml,,,,
"282, Nénuphar",,Granby,,,709.99,1991,139300,391700,531000,2025,Logement,MAMH — Données Québec (rôle d'évaluation foncière),https://donneesouvertes.affmunqc.net/role/RL47017_2026.xml,,,,
"411, Iris",,Granby,,,709.31,1991,139200,313800,453000,2025,Logement,MAMH — Données Québec (rôle d'évaluation foncière),https://donneesouvertes.affmunqc.net/role/RL47017_2026.xml,,,,
"288, Nénuphar",,Granby,,,741.91,1989,143400,302600,446000,2025,Logement,MAMH — Données Québec (rôle d'évaluation foncière),https://donneesouvertes.affmunqc.net/role/RL47017_2026.xml,,,,
"277, Nénuphar",,Granby,,,1254.25,1989,188700,649300,838000,2025,Logement,MAMH — Données Québec (rôle d'évaluation foncière),https://donneesouvertes.affmunqc.net/role/RL47017_2026.xml,,,,
"285, Nénuphar",,Granby,,,1254.25,1990,188700,759300,948000,2025,Logement,MAMH — Données Québec (rôle d'évaluation foncière),https://donneesouvertes.affmunqc.net/role/RL47017_2026.xml,,,,
"291, Nénuphar",,Granby,,,1260.45,2000,189100,609900,799000,2025,Logement,MAMH — Données Québec (rôle d'évaluation foncière),https://donneesouvertes.affmunqc.net/role/RL47017_2026.xml,,,,
"297, Nénuphar",,Granby,,,1380.46,1990,196900,654100,851000,2025,Logement,MAMH — Données Québec (rôle d'évaluation foncière),https://donneesouvertes.affmunqc.net/role/RL47017_2026.xml,,,,
"167, Desrochers",,Granby,,,1801.8,2001,102200,365800,468000,2025,Logement,MAMH — Données Québec (rôle d'évaluation foncière),https://donneesouvertes.affmunqc.net/role/RL47017_2026.xml,,,,
"160, Robert",,Granby,,,3344.4,1973,185400,444600,630000,2025,Logement,MAMH — Données Québec (rôle d'évaluation foncière),https://donneesouvertes.affmunqc.net/role/RL47017_2026.xml,,,,
"168, Robert",,Granby,,,1720.8,1979,131100,255900,387000,2025,Logement,MAMH — Données Québec (rôle d'évaluation foncière),https://donneesouvertes.affmunqc.net/role/RL47017_2026.xml,,,,
"152, Robert",,Granby,,,1833.9,1980,134800,380200,515000,2025,Logement,MAMH — Données Québec (rôle d'évaluation foncière),https://donneesouvertes.affmunqc.net/role/RL47017_2026.xml,,,,
"384, Noiseux",,Granby,,,1746.56,1988,132000,368000,500000,2025,Logement,MAMH — Données Québec (rôle d'évaluation foncière),https://donneesouvertes.affmunqc.net/role/RL47017_2026.xml,,,,
"140, Robert",,Granby,,,5710.2,,385000,,385000,2025,Institutionnel,MAMH — Données Québec (rôle d'évaluation foncière),https://donneesouvertes.affmunqc.net/role/RL47017_2026.xml,,,,
"360, Trépanier",,Granby,,,3214.1,1978,316100,291900,608000,2025,Logement,MAMH — Données Québec (rôle d'évaluation foncière),https://donneesouvertes.affmunqc.net/role/RL47017_2026.xml,,,,
"364, Trépanier",,Granby,,,938.7,1979,168200,286800,455000,2025,Logement,MAMH — Données Québec (rôle d'évaluation foncière),https://donneesouvertes.affmunqc.net/role/RL47017_2026.xml,,,,
"364, Noiseux",,Granby,,,2206.4,1979,99300,222700,322000,2025,Logement,MAMH — Données Québec (rôle d'évaluation foncière),https://donneesouvertes.affmunqc.net/role/RL47017_2026.xml,,,,
"368, Trépanier",,Granby,,,1184.5,2009,184200,407800,592000,2025,Logement,MAMH — Données Québec (rôle d'évaluation foncière),https://donneesouvertes.affmunqc.net/role/RL47017_2026.xml,,,,
"361, Trépanier",,Granby,,,1969.4,1979,235200,383800,619000,2025,Logement,MAMH — Données Québec (rôle d'évaluation foncière),https://donneesouvertes.affmunqc.net/role/RL47017_2026.xml,,,,
"360, Denison",,Granby,,,6280.8,1979,424000,460000,884000,2025,Industrie,MAMH — Données Québec (rôle d'évaluation foncière),https://donneesouvertes.affmunqc.net/role/RL47017_2026.xml,,,,
"365, Trépanier",,Granby,,,1991.7,1979,236600,318400,555000,2025,Logement,MAMH — Données Québec (rôle d'évaluation foncière),https://donneesouvertes.affmunqc.net/role/RL47017_2026.xml,,,,
"417, Iris",,Granby,,,743.65,1990,143700,434300,578000,2025,Logement,MAMH — Données Québec (rôle d'évaluation foncière),https://donneesouvertes.affmunqc.net/role/RL47017_2026.xml,,,,
"294, Nénuphar",,Granby,,,770.1,1991,147100,493900,641000,2025,Logement,MAMH — Données Québec (rôle d'évaluation foncière),https://donneesouvertes.affmunqc.net/role/RL47017_2026.xml,,,,
"423, Iris",,Granby,,,661.16,1990,133000,419000,552000,2025,Logement,MAMH — Données Québec (rôle d'évaluation foncière),https://donneesouvertes.affmunqc.net/role/RL47017_2026.xml,,,,
"416, Iris",,Granby,,,187.98,1988,40500,159500,200000,2025,Logement,MAMH — Données Québec (rôle d'évaluation foncière),https://donneesouvertes.affmunqc.net/role/RL47017_2026.xml,,,,
"429, Iris",,Granby,,,681.1,1991,135600,367400,503000,2025,Logement,MAMH — Données Québec (rôle d'évaluation foncière),https://donneesouvertes.affmunqc.net/role/RL47017_2026.xml,,,,
"433, Iris",,Granby,,,701.1,1989,138200,418800,557000,2025,Logement,MAMH — Données Québec (rôle d'évaluation foncière),https://donneesouvertes.affmunqc.net/role/RL47017_2026.xml,,,,
"428, Iris",,Granby,,,192.09,1988,41500,158500,200000,2025,Logement,MAMH — Données Québec (rôle d'évaluation foncière),https://donneesouvertes.affmunqc.net/role/RL47017_2026.xml,,,,
"439, Iris",,Granby,,,720.98,1990,140700,302300,443000,2025,Logement,MAMH — Données Québec (rôle d'évaluation foncière),https://donneesouvertes.affmunqc.net/role/RL47017_2026.xml,,,,
"305, Nénuphar",,Granby,,,1478.05,1989,203300,570700,774000,2025,Logement,MAMH — Données Québec (rôle d'évaluation foncière),https://donneesouvertes.affmunqc.net/role/RL47017_2026.xml,,,,
"300, Nénuphar",,Granby,,,785.88,1998,149100,492900,642000,2025,Logement,MAMH — Données Québec (rôle d'évaluation foncière),https://donneesouvertes.affmunqc.net/role/RL47017_2026.xml,,,,
"306, Nénuphar",,Granby,,,799,1992,150800,443200,594000,2025,Logement,MAMH — Données Québec (rôle d'évaluation foncière),https://donneesouvertes.affmunqc.net/role/RL47017_2026.xml,,,,
"311, Nénuphar",,Granby,,,1579.96,1988,209900,613100,823000,2025,Logement,MAMH — Données Québec (rôle d'évaluation foncière),https://donneesouvertes.affmunqc.net/role/RL47017_2026.xml,,,,
"312, Nénuphar",,Granby,,,812.12,1991,152500,419500,572000,2025,Logement,MAMH — Données Québec (rôle d'évaluation foncière),https://donneesouvertes.affmunqc.net/role/RL47017_2026.xml,,,,
"315, Nénuphar",,Granby,,,315.8,,1,,1,2025,Immeuble commercial,MAMH — Données Québec (rôle d'évaluation foncière),https://donneesouvertes.affmunqc.net/role/RL47017_2026.xml,,,,
"317, Nénuphar",,Granby,,,1430.55,1990,200200,647800,848000,2025,Logement,MAMH — Données Québec (rôle d'évaluation foncière),https://donneesouvertes.affmunqc.net/role/RL47017_2026.xml,,,,
"318, Nénuphar",,Granby,,,844.52,1991,156700,425300,582000,2025,Logement,MAMH — Données Québec (rôle d'évaluation foncière),https://donneesouvertes.affmunqc.net/role/RL47017_2026.xml,,,,
"167, Robert",,Granby,,,933.8,1978,126100,246900,373000,2025,Logement,MAMH — Données Québec (rôle d'évaluation foncière),https://donneesouvertes.affmunqc.net/role/RL47017_2026.xml,,,,
"159, Robert",,Granby,,,1672.3,1972,129600,400400,530000,2025,Logement,MAMH — Données Québec (rôle d'évaluation foncière),https://donneesouvertes.affmunqc.net/role/RL47017_2026.xml,,,,
"158, David",,Granby,,,1672.24,2001,94800,516200,611000,2025,Logement,MAMH — Données Québec (rôle d'évaluation foncière),https://donneesouvertes.affmunqc.net/role/RL47017_2026.xml,,,,
"155, David",,Granby,,,2032.1,1961,115200,374800,490000,2025,Logement,MAMH — Données Québec (rôle d'évaluation foncière),https://donneesouvertes.affmunqc.net/role/RL47017_2026.xml,,,,
"155, Robert",,Granby,,,1672.2,1985,94800,283200,378000,2025,Logement,MAMH — Données Québec (rôle d'évaluation foncière),https://donneesouvertes.affmunqc.net/role/RL47017_2026.xml,,,,
"404, Noiseux",,Granby,,,7450.7,1957,207800,368200,576000,2025,Logement,MAMH — Données Québec (rôle d'évaluation foncière),https://donneesouvertes.affmunqc.net/role/RL47017_2026.xml,,,,
"395, Noiseux",,Granby,,,3690.8,1967,194200,441800,636000,2025,Logement,MAMH — Données Québec (rôle d'évaluation foncière),https://donneesouvertes.affmunqc.net/role/RL47017_2026.xml,,,,
"134, Lallier",,Granby,,,1845.4,1960,95500,468500,564000,2025,Logement,MAMH — Données Québec (rôle d'évaluation foncière),https://donneesouvertes.affmunqc.net/role/RL47017_2026.xml,,,,
"127, Robert",,Granby,,,1982.5,1976,139500,262500,402000,2025,Logement,MAMH — Données Québec (rôle d'évaluation foncière),https://donneesouvertes.affmunqc.net/role/RL47017_2026.xml,,,,
"372, Trépanier",,Granby,,,1542.1,1988,207400,463600,671000,2025,Logement,MAMH — Données Québec (rôle d'évaluation foncière),https://donneesouvertes.affmunqc.net/role/RL47017_2026.xml,,,,
"130, Lallier",,Granby,,,1708.3,1989,96900,589100,686000,2025,Logement,MAMH — Données Québec (rôle d'évaluation foncière),https://donneesouvertes.affmunqc.net/role/RL47017_2026.xml,,,,
"122, Lallier",,Granby,,,1375.4,1999,196600,508400,705000,2025,Logement,MAMH — Données Québec (rôle d'évaluation foncière),https://donneesouvertes.affmunqc.net/role/RL47017_2026.xml,,,,
"115, Robert",,Granby,,,3773.9,1987,352500,370500,723000,2025,Logement,MAMH — Données Québec (rôle d'évaluation foncière),https://donneesouvertes.affmunqc.net/role/RL47017_2026.xml,,,,
"369, Trépanier",,Granby,,,3531.1,2010,336700,497300,834000,2025,Logement,MAMH — Données Québec (rôle d'évaluation foncière),https://donneesouvertes.affmunqc.net/role/RL47017_2026.xml,,,,
"377, Trépanier",,Granby,,,678.7,2022,135300,367700,503000,2025,Logement,MAMH — Données Québec (rôle d'évaluation foncière),https://donneesouvertes.affmunqc.net/role/RL47017_2026.xml,,,,
"392, Nénuphar",,Granby,,,3690.1,2000,449800,1498200,1948000,2025,Logement,MAMH — Données Québec (rôle d'évaluation foncière),https://donneesouvertes.affmunqc.net/role/RL47017_2026.xml,,,,
"366, Nénuphar",,Granby,,,2384.5,1999,358900,1602100,1961000,2025,Logement,MAMH — Données Québec (rôle d'évaluation foncière),https://donneesouvertes.affmunqc.net/role/RL47017_2026.xml,,,,
"380, Nénuphar",,Granby,,,2317,1999,498200,1266800,1765000,2025,Logement,MAMH — Données Québec (rôle d'évaluation foncière),https://donneesouvertes.affmunqc.net/role/RL47017_2026.xml,,,,
"388, Nénuphar",,Granby,,,2495.9,1999,429300,1583700,2013000,2025,Logement,MAMH — Données Québec (rôle d'évaluation foncière),https://donneesouvertes.affmunqc.net/role/RL47017_2026.xml,,,,
"456, Rubanier",,Granby,,,503.3,1998,108200,252800,361000,2025,Logement,MAMH — Données Québec (rôle d'évaluation foncière),https://donneesouvertes.affmunqc.net/role/RL47017_2026.xml,,,,
"462, Rubanier",,Granby,,,365,1998,78500,238500,317000,2025,Logement,MAMH — Données Québec (rôle d'évaluation foncière),https://donneesouvertes.affmunqc.net/role/RL47017_2026.xml,,,,
"445, Iris",,Granby,,,732.25,1991,142200,367800,510000,2025,Logement,MAMH — Données Québec (rôle d'évaluation foncière),https://donneesouvertes.affmunqc.net/role/RL47017_2026.xml,,,,
"444, Iris",,Granby,,,206.08,1990,44500,155500,200000,2025,Logement,MAMH — Données Québec (rôle d'évaluation foncière),https://donneesouvertes.affmunqc.net/role/RL47017_2026.xml,,,,
"456, Iris",,Granby,,,617.1,1994,127300,480700,608000,2025,Logement,MAMH — Données Québec (rôle d'évaluation foncière),https://donneesouvertes.affmunqc.net/role/RL47017_2026.xml,,,,
"359, Nénuphar",,Granby,,,500,1998,107500,351500,459000,2025,Logement,MAMH — Données Québec (rôle d'évaluation foncière),https://donneesouvertes.affmunqc.net/role/RL47017_2026.xml,,,,
"462, Iris",,Granby,,,554,1993,119100,304900,424000,2025,Logement,MAMH — Données Québec (rôle d'évaluation foncière),https://donneesouvertes.affmunqc.net/role/RL47017_2026.xml,,,,
"363, Nénuphar",,Granby,,,592.2,1999,124100,379900,504000,2025,Logement,MAMH — Données Québec (rôle d'évaluation foncière),https://donneesouvertes.affmunqc.net/role/RL47017_2026.xml,,,,
"468, Iris",,Granby,,,554,1992,119100,331900,451000,2025,Logement,MAMH — Données Québec (rôle d'évaluation foncière),https://donneesouvertes.affmunqc.net/role/RL47017_2026.xml,,,,
"323, Nénuphar",,Granby,,,2039.82,1990,239800,776200,1016000,2025,Logement,MAMH — Données Québec (rôle d'évaluation foncière),https://donneesouvertes.affmunqc.net/role/RL47017_2026.xml,,,,
"327, Nénuphar",,Granby,,,861.84,1989,158900,622100,781000,2025,Logement,MAMH — Données Québec (rôle d'évaluation foncière),https://donneesouvertes.affmunqc.net/role/RL47017_2026.xml,,,,
"335, Nénuphar",,Granby,,,826.6,1992,154400,381600,536000,2025,Logement,MAMH — Données Québec (rôle d'évaluation foncière),https://donneesouvertes.affmunqc.net/role/RL47017_2026.xml,,,,
"453, Iris",,Granby,,,823.3,1991,153900,308100,462000,2025,Logement,MAMH — Données Québec (rôle d'évaluation foncière),https://donneesouvertes.affmunqc.net/role/RL47017_2026.xml,,,,
"463, Iris",,Granby,,,831.1,1991,154900,385100,540000,2025,Logement,MAMH — Données Québec (rôle d'évaluation foncière),https://donneesouvertes.affmunqc.net/role/RL47017_2026.xml,,,,
"15, Pontédérie",,Granby,,,905.9,1991,164600,388400,553000,2025,Logement,MAMH — Données Québec (rôle d'évaluation foncière),https://donneesouvertes.affmunqc.net/role/RL47017_2026.xml,,,,
"7, Pontédérie",,Granby,,,826.6,1991,154400,377600,532000,2025,Logement,MAMH — Données Québec (rôle d'évaluation foncière),https://donneesouvertes.affmunqc.net/role/RL47017_2026.xml,,,,
"469, Iris",,Granby,,,966.1,1993,170000,374000,544000,2025,Logement,MAMH — Données Québec (rôle d'évaluation foncière),https://donneesouvertes.affmunqc.net/role/RL47017_2026.xml,,,,
"19, Pontédérie",,Granby,,,1976.54,1997,235700,725300,961000,2025,Logement,MAMH — Données Québec (rôle d'évaluation foncière),https://donneesouvertes.affmunqc.net/role/RL47017_2026.xml,,,,
"23, Pontédérie",,Granby,,,1624.84,1997,212800,618200,831000,2025,Logement,MAMH — Données Québec (rôle d'évaluation foncière),https://donneesouvertes.affmunqc.net/role/RL47017_2026.xml,,,,
"29, Pontédérie",,Granby,,,1518.8,1999,205900,581100,787000,2025,Logement,MAMH — Données Québec (rôle d'évaluation foncière),https://donneesouvertes.affmunqc.net/role/RL47017_2026.xml,,,,
"167, David",,Granby,,,1757.7,1973,94900,443100,538000,2025,Logement,MAMH — Données Québec (rôle d'évaluation foncière),https://donneesouvertes.affmunqc.net/role/RL47017_2026.xml,,,,
"410, Paul",,Granby,,,3077.4,,132000,,132000,2025,Institutionnel,MAMH — Données Québec (rôle d'évaluation foncière),https://donneesouvertes.affmunqc.net/role/RL47017_2026.xml,,,,
"173, David",,Granby,,,1560.9,1974,92700,253300,346000,2025,Logement,MAMH — Données Québec (rôle d'évaluation foncière),https://donneesouvertes.affmunqc.net/role/RL47017_2026.xml,,,,
"179, David",,Granby,,,1422.2,1974,84500,330500,415000,2025,Logement,MAMH — Données Québec (rôle d'évaluation foncière),https://donneesouvertes.affmunqc.net/role/RL47017_2026.xml,,,,
"412, Noiseux",,Granby,,,3275.8,1954,145100,617900,763000,2025,Logement,MAMH — Données Québec (rôle d'évaluation foncière),https://donneesouvertes.affmunqc.net/role/RL47017_2026.xml,,,,
"411, Noiseux",,Granby,,,1702.9,1981,96600,478400,575000,2025,Logement,MAMH — Données Québec (rôle d'évaluation foncière),https://donneesouvertes.affmunqc.net/role/RL47017_2026.xml,,,,
"141, Lallier",,Granby,,,1931.9,1987,109500,459500,569000,2025,Logement,MAMH — Données Québec (rôle d'évaluation foncière),https://donneesouvertes.affmunqc.net/role/RL47017_2026.xml,,,,
"405, Noiseux",,Granby,,,895.7,1961,66000,275000,341000,2025,Logement,MAMH — Données Québec (rôle d'évaluation foncière),https://donneesouvertes.affmunqc.net/role/RL47017_2026.xml,,,,
"136, Lehoux",,Granby,,,1409.9,1987,87900,328100,416000,2025,Logement,MAMH — Données Québec (rôle d'évaluation foncière),https://donneesouvertes.affmunqc.net/role/RL47017_2026.xml,,,,
"408, Lehoux",,Granby,,,1702,2001,96500,412500,509000,2025,Logement,MAMH — Données Québec (rôle d'évaluation foncière),https://donneesouvertes.affmunqc.net/role/RL47017_2026.xml,,,,
"121, Lallier",,Granby,,,1671.4,1985,215800,276200,492000,2025,Logement,MAMH — Données Québec (rôle d'évaluation foncière),https://donneesouvertes.affmunqc.net/role/RL47017_2026.xml,,,,
"128, Lehoux",,Granby,,,3528.8,1978,148900,386100,535000,2025,Logement,MAMH — Données Québec (rôle d'évaluation foncière),https://donneesouvertes.affmunqc.net/role/RL47017_2026.xml,,,,
"124, Lehoux",,Granby,,,1857.4,1953,227900,361100,589000,2025,Logement,MAMH — Données Québec (rôle d'évaluation foncière),https://donneesouvertes.affmunqc.net/role/RL47017_2026.xml,,,,
"396, Denison",,Granby,,,3964.9,1984,364900,425100,790000,2025,Logement,MAMH — Données Québec (rôle d'évaluation foncière),https://donneesouvertes.affmunqc.net/role/RL47017_2026.xml,,,,
"381, Trépanier",,Granby,,,678.7,2022,135300,396700,532000,2025,Logement,MAMH — Données Québec (rôle d'évaluation foncière),https://donneesouvertes.affmunqc.net/role/RL47017_2026.xml,,,,
"385, Trépanier",,Granby,,,577.9,2023,122300,468700,591000,2025,Logement,MAMH — Données Québec (rôle d'évaluation foncière),https://donneesouvertes.affmunqc.net/role/RL47017_2026.xml,,,,
"393, Trépanier",,Granby,,,541.3,2019,116400,418600,535000,2025,Logement,MAMH — Données Québec (rôle d'évaluation foncière),https://donneesouvertes.affmunqc.net/role/RL47017_2026.xml,,,,
"397, Trépanier",,Granby,,,541.4,2023,116400,436600,553000,2025,Logement,MAMH — Données Québec (rôle d'évaluation foncière),https://donneesouvertes.affmunqc.net/role/RL47017_2026.xml,,,,
"404, Denison",,Granby,,,2743.8,1955,285500,154500,440000,2025,Logement,MAMH — Données Québec (rôle d'évaluation foncière),https://donneesouvertes.affmunqc.net/role/RL47017_2026.xml,,,,
"398, Nénuphar",,Granby,,,2673.2,2000,390800,975200,1366000,2025,Logement,MAMH — Données Québec (rôle d'évaluation foncière),https://donneesouvertes.affmunqc.net/role/RL47017_2026.xml,,,,
"406, Nénuphar",,Granby,,,2122.7,2006,456400,1726600,2183000,2025,Logement,MAMH — Données Québec (rôle d'évaluation foncière),https://donneesouvertes.affmunqc.net/role/RL47017_2026.xml,,,,
"414, Nénuphar",,Granby,,,2133.9,2005,458800,1694200,2153000,2025,Logement,MAMH — Données Québec (rôle d'évaluation foncière),https://donneesouvertes.affmunqc.net/role/RL47017_2026.xml,,,,
"381, Nénuphar, app. 383",,Granby,,,670,2000,134200,417800,552000,2025,Logement,MAMH — Données Québec (rôle d'évaluation foncière),https://donneesouvertes.affmunqc.net/role/RL47017_2026.xml,,,,
"466, Rubanier",,Granby,,,365,1998,78500,209500,288000,2025,Logement,MAMH — Données Québec (rôle d'évaluation foncière),https://donneesouvertes.affmunqc.net/role/RL47017_2026.xml,,,,
"385, Nénuphar, app. 387",,Granby,,,644.7,1999,130900,354100,485000,2025,Logement,MAMH — Données Québec (rôle d'évaluation foncière),https://donneesouvertes.affmunqc.net/role/RL47017_2026.xml,,,,
"470, Rubanier",,Granby,,,384.9,1998,82800,301200,384000,2025,Logement,MAMH — Données Québec (rôle d'évaluation foncière),https://donneesouvertes.affmunqc.net/role/RL47017_2026.xml,,,,
"389, Nénuphar, app. 391",,Granby,,,689.1,1999,136600,367400,504000,2025,Logement,MAMH — Données Québec (rôle d'évaluation foncière),https://donneesouvertes.affmunqc.net/role/RL47017_2026.xml,,,,
"474, Rubanier",,Granby,,,365,1998,78500,211500,290000,2025,Logement,MAMH — Données Québec (rôle d'évaluation foncière),https://donneesouvertes.affmunqc.net/role/RL47017_2026.xml,,,,
"380, Populage",,Granby,,,598.4,2002,124900,284100,409000,2025,Logement,MAMH — Données Québec (rôle d'évaluation foncière),https://donneesouvertes.affmunqc.net/role/RL47017_2026.xml,,,,
"393, Nénuphar, app. 397",,Granby,,,1003.7,2001,172400,427600,600000,2025,Logement,MAMH — Données Québec (rôle d'évaluation foncière),https://donneesouvertes.affmunqc.net/role/RL47017_2026.xml,,,,
"384, Populage",,Granby,,,559.4,2002,119900,240100,360000,2025,Logement,MAMH — Données Québec (rôle d'évaluation foncière),https://donneesouvertes.affmunqc.net/role/RL47017_2026.xml,,,,
"388, Populage",,Granby,,,500.2,2003,107500,237500,345000,2025,Logement,MAMH — Données Québec (rôle d'évaluation foncière),https://donneesouvertes.affmunqc.net/role/RL47017_2026.xml,,,,
"403, Nénuphar, app. 405",,Granby,,,687.5,,136400,531600,668000,2025,Logement,MAMH — Données Québec (rôle d'évaluation foncière),https://donneesouvertes.affmunqc.net/role/RL47017_2026.xml,,,,
"392, Populage",,Granby,,,511.5,2003,110000,226000,336000,2025,Logement,MAMH — Données Québec (rôle d'évaluation foncière),https://donneesouvertes.affmunqc.net/role/RL47017_2026.xml,,,,
"407, Nénuphar, app. 409",,Granby,,,656.7,,132400,475600,608000,2025,Logement,MAMH — Données Québec (rôle d'évaluation foncière),https://donneesouvertes.affmunqc.net/role/RL47017_2026.xml,,,,
"396, Populage",,Granby,,,468,2002,100600,198400,299000,2025,Logement,MAMH — Données Québec (rôle d'évaluation foncière),https://donneesouvertes.affmunqc.net/role/RL47017_2026.xml,,,,
"391, Populage",,Granby,,,312.2,2003,67100,203900,271000,2025,Logement,MAMH — Données Québec (rôle d'évaluation foncière),https://donneesouvertes.affmunqc.net/role/RL47017_2026.xml,,,,
"395, Populage",,Granby,,,312.2,2003,67100,203900,271000,2025,Logement,MAMH — Données Québec (rôle d'évaluation foncière),https://donneesouvertes.affmunqc.net/role/RL47017_2026.xml,,,,
"471, Rubanier",,Granby,,,500,1998,107500,314500,422000,2025,Logement,MAMH — Données Québec (rôle d'évaluation foncière),https://donneesouvertes.affmunqc.net/role/RL47017_2026.xml,,,,
"474, Iris",,Granby,,,554,1992,119100,392900,512000,2025,Logement,MAMH — Données Québec (rôle d'évaluation foncière),https://donneesouvertes.affmunqc.net/role/RL47017_2026.xml,,,,
"475, Rubanier",,Granby,,,500,1998,107500,436500,544000,2025,Logement,MAMH — Données Québec (rôle d'évaluation foncière),https://donneesouvertes.affmunqc.net/role/RL47017_2026.xml,,,,
"479, Rubanier",,Granby,,,500,1998,107500,346500,454000,2025,Logement,MAMH — Données Québec (rôle d'évaluation foncière),https://donneesouvertes.affmunqc.net/role/RL47017_2026.xml,,,,
"480, Iris",,Granby,,,554,1991,119100,389900,509000,2025,Logement,MAMH — Données Québec (rôle d'évaluation foncière),https://donneesouvertes.affmunqc.net/role/RL47017_2026.xml,,,,
"478, Rubanier",,Granby,,,500,1998,107500,218500,326000,2025,Logement,MAMH — Données Québec (rôle d'évaluation foncière),https://donneesouvertes.affmunqc.net/role/RL47017_2026.xml,,,,
"483, Rubanier",,Granby,,,500,1998,107500,432500,540000,2025,Logement,MAMH — Données Québec (rôle d'évaluation foncière),https://donneesouvertes.affmunqc.net/role/RL47017_2026.xml,,,,
"486, Iris",,Granby,,,554,1992,119100,362900,482000,2025,Logement,MAMH — Données Québec (rôle d'évaluation foncière),https://donneesouvertes.affmunqc.net/role/RL47017_2026.xml,,,,
"487, Rubanier",,Granby,,,500,1998,107500,341500,449000,2025,Logement,MAMH — Données Québec (rôle d'évaluation foncière),https://donneesouvertes.affmunqc.net/role/RL47017_2026.xml,,,,
"492, Iris",,Granby,,,554,1991,119100,394900,514000,2025,Logement,MAMH — Données Québec (rôle d'évaluation foncière),https://donneesouvertes.affmunqc.net/role/RL47017_2026.xml,,,,
"486, Rubanier",,Granby,,,503.3,2000,108200,270800,379000,2025,Logement,MAMH — Données Québec (rôle d'évaluation foncière),https://donneesouvertes.affmunqc.net/role/RL47017_2026.xml,,,,
"491, Rubanier",,Granby,,,500,2002,107500,381500,489000,2025,Logement,MAMH — Données Québec (rôle d'évaluation foncière),https://donneesouvertes.affmunqc.net/role/RL47017_2026.xml,,,,
"498, Iris",,Granby,,,554,1992,119100,338900,458000,2025,Logement,MAMH — Données Québec (rôle d'évaluation foncière),https://donneesouvertes.affmunqc.net/role/RL47017_2026.xml,,,,
"490, Rubanier",,Granby,,,384.9,2000,82800,304200,387000,2025,Logement,MAMH — Données Québec (rôle d'évaluation foncière),https://donneesouvertes.affmunqc.net/role/RL47017_2026.xml,,,,
"495, Rubanier",,Granby,,,500,2000,107500,341500,449000,2025,Logement,MAMH — Données Québec (rôle d'évaluation foncière),https://donneesouvertes.affmunqc.net/role/RL47017_2026.xml,,,,
"494, Rubanier",,Granby,,,384.9,1999,82800,222200,305000,2025,Logement,MAMH — Données Québec (rôle d'évaluation foncière),https://donneesouvertes.affmunqc.net/role/RL47017_2026.xml,,,,
"22, Pontédérie",,Granby,,,931.7,1997,167700,624300,792000,2025,Logement,MAMH — Données Québec (rôle d'évaluation foncière),https://donneesouvertes.affmunqc.net/role/RL47017_2026.xml,,,,
"481, Iris",,Granby,,,887.3,1994,162200,390800,553000,2025,Logement,MAMH — Données Québec (rôle d'évaluation foncière),https://donneesouvertes.affmunqc.net/role/RL47017_2026.xml,,,,
"28, Pontédérie",,Granby,,,866.6,1997,159500,419500,579000,2025,Logement,MAMH — Données Québec (rôle d'évaluation foncière),https://donneesouvertes.affmunqc.net/role/RL47017_2026.xml,,,,
"487, Iris",,Granby,,,786.7,1992,149200,367800,517000,2025,Logement,MAMH — Données Québec (rôle d'évaluation foncière),https://donneesouvertes.affmunqc.net/role/RL47017_2026.xml,,,,
"34, Pontédérie",,Granby,,,896.3,1996,163400,405600,569000,2025,Logement,MAMH — Données Québec (rôle d'évaluation foncière),https://donneesouvertes.affmunqc.net/role/RL47017_2026.xml,,,,
"493, Iris",,Granby,,,794.4,1994,150200,313800,464000,2025,Logement,MAMH — Données Québec (rôle d'évaluation foncière),https://donneesouvertes.affmunqc.net/role/RL47017_2026.xml,,,,
"40, Pontédérie",,Granby,,,925.5,1998,167100,461900,629000,2025,Logement,MAMH — Données Québec (rôle d'évaluation foncière),https://donneesouvertes.affmunqc.net/role/RL47017_2026.xml,,,,
"499, Iris",,Granby,,,802.23,1991,151200,315800,467000,2025,Logement,MAMH — Données Québec (rôle d'évaluation foncière),https://donneesouvertes.affmunqc.net/role/RL47017_2026.xml,,,,
"505, Iris",,Granby,,,802.95,1992,151300,323700,475000,2025,Logement,MAMH — Données Québec (rôle d'évaluation foncière),https://donneesouvertes.affmunqc.net/role/RL47017_2026.xml,,,,
"35, Pontédérie",,Granby,,,1518.8,1999,205900,470100,676000,2025,Logement,MAMH — Données Québec (rôle d'évaluation foncière),https://donneesouvertes.affmunqc.net/role/RL47017_2026.xml,,,,
"41, Pontédérie",,Granby,,,1630.35,1999,213200,673800,887000,2025,Logement,MAMH — Données Québec (rôle d'évaluation foncière),https://donneesouvertes.affmunqc.net/role/RL47017_2026.xml,,,,
"46, Pontédérie",,Granby,,,911.8,1995,165400,437600,603000,2025,Logement,MAMH — Données Québec (rôle d'évaluation foncière),https://donneesouvertes.affmunqc.net/role/RL47017_2026.xml,,,,
"47, Pontédérie",,Granby,,,3783.6,1999,353100,1049900,1403000,2025,Logement,MAMH — Données Québec (rôle d'évaluation foncière),https://donneesouvertes.affmunqc.net/role/RL47017_2026.xml,,,,
"420, Noiseux",,Granby,,,4697.5,1959,166500,525500,692000,2025,Logement,MAMH — Données Québec (rôle d'évaluation foncière),https://donneesouvertes.affmunqc.net/role/RL47017_2026.xml,,,,
"429, Paul",,Granby,,,1609.2,1976,95800,250200,346000,2025,Logement,MAMH — Données Québec (rôle d'évaluation foncière),https://donneesouvertes.affmunqc.net/role/RL47017_2026.xml,,,,
"160, Avery",,Granby,,,1999.2,1987,90000,652000,742000,2025,Logement,MAMH — Données Québec (rôle d'évaluation foncière),https://donneesouvertes.affmunqc.net/role/RL47017_2026.xml,,,,
"166, Avery",,Granby,,,965.3,1978,68400,286600,355000,2025,Logement,MAMH — Données Québec (rôle d'évaluation foncière),https://donneesouvertes.affmunqc.net/role/RL47017_2026.xml,,,,
"421, Noiseux",,Granby,,,1750.3,1979,99200,415800,515000,2025,Logement,MAMH — Données Québec (rôle d'évaluation foncière),https://donneesouvertes.affmunqc.net/role/RL47017_2026.xml,,,,
"150, Avery",,Granby,,,1652.9,1976,93700,346300,440000,2025,Logement,MAMH — Données Québec (rôle d'évaluation foncière),https://donneesouvertes.affmunqc.net/role/RL47017_2026.xml,,,,
"135, Lehoux",,Granby,,,2948.5,,398000,,398000,2025,Institutionnel,MAMH — Données Québec (rôle d'évaluation foncière),https://donneesouvertes.affmunqc.net/role/RL47017_2026.xml,,,,
"147, Poirier",,Granby,,,2287,1965,102900,309100,412000,2025,Logement,MAMH — Données Québec (rôle d'évaluation foncière),https://donneesouvertes.affmunqc.net/role/RL47017_2026.xml,,,,
"132, Avery",,Granby,,,3325.2,1986,145900,604100,750000,2025,Logement,MAMH — Données Québec (rôle d'évaluation foncière),https://donneesouvertes.affmunqc.net/role/RL47017_2026.xml,,,,
"140, Avery",,Granby,,,1633.6,1979,92600,337400,430000,2025,Logement,MAMH — Données Québec (rôle d'évaluation foncière),https://donneesouvertes.affmunqc.net/role/RL47017_2026.xml,,,,
"410, Trépanier",,Granby,,,1144.4,1962,181600,249400,431000,2025,Logement,MAMH — Données Québec (rôle d'évaluation foncière),https://donneesouvertes.affmunqc.net/role/RL47017_2026.xml,,,,
"125, Poirier",,Granby,,,2320.5,1962,258000,547000,805000,2025,Logement,MAMH — Données Québec (rôle d'évaluation foncière),https://donneesouvertes.affmunqc.net/role/RL47017_2026.xml,,,,
"412, Trépanier",,Granby,,,4014.3,,368000,,368000,2025,Terrain vacant,MAMH — Données Québec (rôle d'évaluation foncière),https://donneesouvertes.affmunqc.net/role/RL47017_2026.xml,,,,
"414, Trépanier",,Granby,,,1075.5,1975,177100,458900,636000,2025,Logement,MAMH — Données Québec (rôle d'évaluation foncière),https://donneesouvertes.affmunqc.net/role/RL47017_2026.xml,,,,
"409, Trépanier",,Granby,,,645,2010,130900,317100,448000,2025,Logement,MAMH — Données Québec (rôle d'évaluation foncière),https://donneesouvertes.affmunqc.net/role/RL47017_2026.xml,,,,
"412, Denison",,Granby,,,3000.3,1948,302200,348800,651000,2025,Logement,MAMH — Données Québec (rôle d'évaluation foncière),https://donneesouvertes.affmunqc.net/role/RL47017_2026.xml,,,,
"411, Trépanier",,Granby,,,645,2009,130900,265100,396000,2025,Logement,MAMH — Données Québec (rôle d'évaluation foncière),https://donneesouvertes.affmunqc.net/role/RL47017_2026.xml,,,,
"112, Avery",,Granby,,,4232.7,1995,382300,463700,846000,2025,Logement,MAMH — Données Québec (rôle d'évaluation foncière),https://donneesouvertes.affmunqc.net/role/RL47017_2026.xml,,,,
"420, Nénuphar",,Granby,,,2142.5,2005,460600,1580400,2041000,2025,Logement,MAMH — Données Québec (rôle d'évaluation foncière),https://donneesouvertes.affmunqc.net/role/RL47017_2026.xml,,,,
"426, Nénuphar",,Granby,,,2122.4,2005,456300,1624700,2081000,2025,Logement,MAMH — Données Québec (rôle d'évaluation foncière),https://donneesouvertes.affmunqc.net/role/RL47017_2026.xml,,,,
"439, Populage, app. 445",,Granby,,,1193,2005,184700,439300,624000,2025,Logement,MAMH — Données Québec (rôle d'évaluation foncière),https://donneesouvertes.affmunqc.net/role/RL47017_2026.xml,,,,
"400, Populage",,Granby,,,365,2002,78500,195500,274000,2025,Logement,MAMH — Données Québec (rôle d'évaluation foncière),https://donneesouvertes.affmunqc.net/role/RL47017_2026.xml,,,,
"413, Nénuphar",,Granby,,,333.2,2008,71600,282400,354000,2025,Logement,MAMH — Données Québec (rôle d'évaluation foncière),https://donneesouvertes.affmunqc.net/role/RL47017_2026.xml,,,,
"415, Nénuphar",,Granby,,,333.2,2008,71600,285400,357000,2025,Logement,MAMH — Données Québec (rôle d'évaluation foncière),https://donneesouvertes.affmunqc.net/role/RL47017_2026.xml,,,,
"399, Populage",,Granby,,,397.6,2002,85500,229500,315000,2025,Logement,MAMH — Données Québec (rôle d'évaluation foncière),https://donneesouvertes.affmunqc.net/role/RL47017_2026.xml,,,,
"404, Populage",,Granby,,,365,2003,78500,220500,299000,2025,Logement,MAMH — Données Québec (rôle d'évaluation foncière),https://donneesouvertes.affmunqc.net/role/RL47017_2026.xml,,,,
"403, Populage",,Granby,,,456.8,2002,98200,219800,318000,2025,Logement,MAMH — Données Québec (rôle d'évaluation foncière),https://donneesouvertes.affmunqc.net/role/RL47017_2026.xml,,,,
"419, Nénuphar",,Granby,,,338.1,2006,72700,262300,335000,2025,Logement,MAMH — Données Québec (rôle d'évaluation foncière),https://donneesouvertes.affmunqc.net/role/RL47017_2026.xml,,,,
"421, Nénuphar",,Granby,,,338.1,2006,72700,285300,358000,2025,Logement,MAMH — Données Québec (rôle d'évaluation foncière),https://donneesouvertes.affmunqc.net/role/RL47017_2026.xml,,,,
"408, Populage",,Granby,,,365,2003,78500,241500,320000,2025,Logement,MAMH — Données Québec (rôle d'évaluation foncière),https://donneesouvertes.affmunqc.net/role/RL47017_2026.xml,,,,
"407, Populage",,Granby,,,516.1,2002,111000,217000,328000,2025,Logement,MAMH — Données Québec (rôle d'évaluation foncière),https://donneesouvertes.affmunqc.net/role/RL47017_2026.xml,,,,
"420, Populage",,Granby,,,396.1,2003,85200,204800,290000,2025,Logement,MAMH — Données Québec (rôle d'évaluation foncière),https://donneesouvertes.affmunqc.net/role/RL47017_2026.xml,,,,
"411, Populage",,Granby,,,655.2,2002,132300,220700,353000,2025,Logement,MAMH — Données Québec (rôle d'évaluation foncière),https://donneesouvertes.affmunqc.net/role/RL47017_2026.xml,,,,
"424, Populage",,Granby,,,441.5,2003,94900,251100,346000,2025,Logement,MAMH — Données Québec (rôle d'évaluation foncière),https://donneesouvertes.affmunqc.net/role/RL47017_2026.xml,,,,
"428, Populage, app. 434",,Granby,,,968,2005,170100,433900,604000,2025,Logement,MAMH — Données Québec (rôle d'évaluation foncière),https://donneesouvertes.affmunqc.net/role/RL47017_2026.xml,,,,
"415, Populage",,Granby,,,726.2,2002,141400,249600,391000,2025,Logement,MAMH — Données Québec (rôle d'évaluation foncière),https://donneesouvertes.affmunqc.net/role/RL47017_2026.xml,,,,
"419, Populage",,Granby,,,589.1,2002,123700,278300,402000,2025,Logement,MAMH — Données Québec (rôle d'évaluation foncière),https://donneesouvertes.affmunqc.net/role/RL47017_2026.xml,,,,
"423, Populage",,Granby,,,585,2003,123200,259800,383000,2025,Logement,MAMH — Données Québec (rôle d'évaluation foncière),https://donneesouvertes.affmunqc.net/role/RL47017_2026.xml,,,,
"427, Populage",,Granby,,,541.6,2003,116400,231600,348000,2025,Logement,MAMH — Données Québec (rôle d'évaluation foncière),https://donneesouvertes.affmunqc.net/role/RL47017_2026.xml,,,,
"431, Populage",,Granby,,,392.4,2003,84400,232600,317000,2025,Logement,MAMH — Données Québec (rôle d'évaluation foncière),https://donneesouvertes.affmunqc.net/role/RL47017_2026.xml,,,,
"435, Populage",,Granby,,,381.2,2003,82000,200000,282000,2025,Logement,MAMH — Données Québec (rôle d'évaluation foncière),https://donneesouvertes.affmunqc.net/role/RL47017_2026.xml,,,,
"532, Rubanier",,Granby,,,365,2001,78500,217500,296000,2025,Logement,MAMH — Données Québec (rôle d'évaluation foncière),https://donneesouvertes.affmunqc.net/role/RL47017_2026.xml,,,,
"499, Rubanier",,Granby,,,500,1999,107500,339500,447000,2025,Logement,MAMH — Données Québec (rôle d'évaluation foncière),https://donneesouvertes.affmunqc.net/role/RL47017_2026.xml,,,,
"498, Rubanier",,Granby,,,384.9,1999,82800,332200,415000,2025,Logement,MAMH — Données Québec (rôle d'évaluation foncière),https://donneesouvertes.affmunqc.net/role/RL47017_2026.xml,,,,
"502, Rubanier",,Granby,,,384.9,1999,82800,224200,307000,2025,Logement,MAMH — Données Québec (rôle d'évaluation foncière),https://donneesouvertes.affmunqc.net/role/RL47017_2026.xml,,,,
"503, Rubanier",,Granby,,,581.2,1999,122700,411300,534000,2025,Logement,MAMH — Données Québec (rôle d'évaluation foncière),https://donneesouvertes.affmunqc.net/role/RL47017_2026.xml,,,,
"508, Rubanier",,Granby,,,487.5,1999,104800,259200,364000,2025,Logement,MAMH — Données Québec (rôle d'évaluation foncière),https://donneesouvertes.affmunqc.net/role/RL47017_2026.xml,,,,
"507, Rubanier",,Granby,,,643.8,1999,130800,439200,570000,2025,Logement,MAMH — Données Québec (rôle d'évaluation foncière),https://donneesouvertes.affmunqc.net/role/RL47017_2026.xml,,,,
"512, Rubanier",,Granby,,,482,2001,103600,235400,339000,2025,Logement,MAMH — Données Québec (rôle d'évaluation foncière),https://donneesouvertes.affmunqc.net/role/RL47017_2026.xml,,,,
"511, Rubanier",,Granby,,,709.7,2001,139300,359700,499000,2025,Logement,MAMH — Données Québec (rôle d'évaluation foncière),https://donneesouvertes.affmunqc.net/role/RL47017_2026.xml,,,,
"516, Rubanier",,Granby,,,488.7,2001,105100,210900,316000,2025,Logement,MAMH — Données Québec (rôle d'évaluation foncière),https://donneesouvertes.affmunqc.net/role/RL47017_2026.xml,,,,
"520, Rubanier",,Granby,,,365,2001,78500,204500,283000,2025,Logement,MAMH — Données Québec (rôle d'évaluation foncière),https://donneesouvertes.affmunqc.net/role/RL47017_2026.xml,,,,
"515, Rubanier",,Granby,,,637,2001,129900,416100,546000,2025,Logement,MAMH — Données Québec (rôle d'évaluation foncière),https://donneesouvertes.affmunqc.net/role/RL47017_2026.xml,,,,
"524, Rubanier",,Granby,,,365,2001,78500,198500,277000,2025,Logement,MAMH — Données Québec (rôle d'évaluation foncière),https://donneesouvertes.affmunqc.net/role/RL47017_2026.xml,,,,
"528, Rubanier",,Granby,,,365,2001,78500,280500,359000,2025,Logement,MAMH — Données Québec (rôle d'évaluation foncière),https://donneesouvertes.affmunqc.net/role/RL47017_2026.xml,,,,
"519, Rubanier",,Granby,,,568.7,2000,121100,305900,427000,2025,Logement,MAMH — Données Québec (rôle d'évaluation foncière),https://donneesouvertes.affmunqc.net/role/RL47017_2026.xml,,,,
"540, Iris",,Granby,,,500,1997,107500,320500,428000,2025,Logement,MAMH — Données Québec (rôle d'évaluation foncière),https://donneesouvertes.affmunqc.net/role/RL47017_2026.xml,,,,
"523, Rubanier",,Granby,,,500,2002,107500,382500,490000,2025,Logement,MAMH — Données Québec (rôle d'évaluation foncière),https://donneesouvertes.affmunqc.net/role/RL47017_2026.xml,,,,
"504, Iris",,Granby,,,554,1994,119100,345900,465000,2025,Logement,MAMH — Données Québec (rôle d'évaluation foncière),https://donneesouvertes.affmunqc.net/role/RL47017_2026.xml,,,,
"511, Iris",,Granby,,,842.9,1992,156500,336500,493000,2025,Logement,MAMH — Données Québec (rôle d'évaluation foncière),https://donneesouvertes.affmunqc.net/role/RL47017_2026.xml,,,,
"510, Iris",,Granby,,,482.3,1999,103700,395300,499000,2025,Logement,MAMH — Données Québec (rôle d'évaluation foncière),https://donneesouvertes.affmunqc.net/role/RL47017_2026.xml,,,,
"516, Iris",,Granby,,,546.9,1993,117600,394400,512000,2025,Logement,MAMH — Données Québec (rôle d'évaluation foncière),https://donneesouvertes.affmunqc.net/role/RL47017_2026.xml,,,,
"77, Pontédérie",,Granby,,,718.74,1994,140400,384600,525000,2025,Logement,MAMH — Données Québec (rôle d'évaluation foncière),https://donneesouvertes.affmunqc.net/role/RL47017_2026.xml,,,,
"522, Iris",,Granby,,,575.21,1992,121900,474100,596000,2025,Logement,MAMH — Données Québec (rôle d'évaluation foncière),https://donneesouvertes.affmunqc.net/role/RL47017_2026.xml,,,,
"83, Pontédérie",,Granby,,,782.3,1995,148600,392400,541000,2025,Logement,MAMH — Données Québec (rôle d'évaluation foncière),https://donneesouvertes.affmunqc.net/role/RL47017_2026.xml,,,,
"528, Iris",,Granby,,,572.4,1992,121600,311400,433000,2025,Logement,MAMH — Données Québec (rôle d'évaluation foncière),https://donneesouvertes.affmunqc.net/role/RL47017_2026.xml,,,,
"534, Iris",,Granby,,,539.09,1993,115900,414100,530000,2025,Logement,MAMH — Données Québec (rôle d'évaluation foncière),https://donneesouvertes.affmunqc.net/role/RL47017_2026.xml,,,,
"529, Iris",,Granby,,,1943,1996,417700,823300,1241000,2025,Logement,MAMH — Données Québec (rôle d'évaluation foncière),https://donneesouvertes.affmunqc.net/role/RL47017_2026.xml,,,,
"52, Pontédérie",,Granby,,,1009,1993,172800,442200,615000,2025,Logement,MAMH — Données Québec (rôle d'évaluation foncière),https://donneesouvertes.affmunqc.net/role/RL47017_2026.xml,,,,
"59, Pontédérie",,Granby,,,2634.76,2004,181000,569000,750000,2025,Logement,MAMH — Données Québec (rôle d'évaluation foncière),https://donneesouvertes.affmunqc.net/role/RL47017_2026.xml,,,,
"65, Pontédérie",,Granby,,,868.87,1997,159800,494200,654000,2025,Logement,MAMH — Données Québec (rôle d'évaluation foncière),https://donneesouvertes.affmunqc.net/role/RL47017_2026.xml,,,,
"71, Pontédérie",,Granby,,,718.74,1999,140400,485600,626000,2025,Logement,MAMH — Données Québec (rôle d'évaluation foncière),https://donneesouvertes.affmunqc.net/role/RL47017_2026.xml,,,,
"171, Avery",,Granby,,,2443.2,1974,109900,388100,498000,2025,Logement,MAMH — Données Québec (rôle d'évaluation foncière),https://donneesouvertes.affmunqc.net/role/RL47017_2026.xml,,,,
"163, Avery",,Granby,,,2768.2,1971,124600,302400,427000,2025,Logement,MAMH — Données Québec (rôle d'évaluation foncière),https://donneesouvertes.affmunqc.net/role/RL47017_2026.xml,,,,
"366, Jean-louis-boudreau",,Granby,,,576.1,2007,122000,352000,474000,2025,Logement,MAMH — Données Québec (rôle d'évaluation foncière),https://donneesouvertes.affmunqc.net/role/RL47017_2026.xml,,,,
"362, Jean-louis-boudreau",,Granby,,,576.1,2007,122000,280000,402000,2025,Logement,MAMH — Données Québec (rôle d'évaluation foncière),https://donneesouvertes.affmunqc.net/role/RL47017_2026.xml,,,,
"358, Jean-louis-boudreau",,Granby,,,576.1,2009,122000,270000,392000,2025,Logement,MAMH — Données Québec (rôle d'évaluation foncière),https://donneesouvertes.affmunqc.net/role/RL47017_2026.xml,,,,
"354, Jean-louis-boudreau",,Granby,,,576.2,2006,122100,312900,435000,2025,Logement,MAMH — Données Québec (rôle d'évaluation foncière),https://donneesouvertes.affmunqc.net/role/RL47017_2026.xml,,,,
"350, Jean-louis-boudreau",,Granby,,,576.3,2007,122100,241900,364000,2025,Logement,MAMH — Données Québec (rôle d'évaluation foncière),https://donneesouvertes.affmunqc.net/role/RL47017_2026.xml,,,,
"346, Jean-louis-boudreau",,Granby,,,576.5,2008,122100,269900,392000,2025,Logement,MAMH — Données Québec (rôle d'évaluation foncière),https://donneesouvertes.affmunqc.net/role/RL47017_2026.xml,,,,
"151, Avery",,Granby,,,2719.7,1958,122400,298600,421000,2025,Logement,MAMH — Données Québec (rôle d'évaluation foncière),https://donneesouvertes.affmunqc.net/role/RL47017_2026.xml,,,,
"342, Jean-louis-boudreau",,Granby,,,737.1,2007,142800,426200,569000,2025,Logement,MAMH — Données Québec (rôle d'évaluation foncière),https://donneesouvertes.affmunqc.net/role/RL47017_2026.xml,,,,
"338, Jean-louis-boudreau",,Granby,,,1237.1,2008,187600,320400,508000,2025,Logement,MAMH — Données Québec (rôle d'évaluation foncière),https://donneesouvertes.affmunqc.net/role/RL47017_2026.xml,,,,
"156, Bernard-léveillé",,Granby,,,1249.6,2005,188400,323600,512000,2025,Logement,MAMH — Données Québec (rôle d'évaluation foncière),https://donneesouvertes.affmunqc.net/role/RL47017_2026.xml,,,,
"143, Avery",,Granby,,,1140.7,1982,73900,185100,259000,2025,Logement,MAMH — Données Québec (rôle d'évaluation foncière),https://donneesouvertes.affmunqc.net/role/RL47017_2026.xml,,,,
"139, Avery",,Granby,,,1122.08,1973,74500,295500,370000,2025,Logement,MAMH — Données Québec (rôle d'évaluation foncière),https://donneesouvertes.affmunqc.net/role/RL47017_2026.xml,,,,
"133, Avery",,Granby,,,1608.5,1982,72400,277600,350000,2025,Logement,MAMH — Données Québec (rôle d'évaluation foncière),https://donneesouvertes.affmunqc.net/role/RL47017_2026.xml,,,,
"152, Bernard-léveillé",,Granby,,,912.7,2005,165500,286500,452000,2025,Logement,MAMH — Données Québec (rôle d'évaluation foncière),https://donneesouvertes.affmunqc.net/role/RL47017_2026.xml,,,,
"148, Bernard-léveillé",,Granby,,,705.7,2005,138800,311200,450000,2025,Logement,MAMH — Données Québec (rôle d'évaluation foncière),https://donneesouvertes.affmunqc.net/role/RL47017_2026.xml,,,,
"144, Bernard-léveillé",,Granby,,,715.5,2005,140000,409000,549000,2025,Logement,MAMH — Données Québec (rôle d'évaluation foncière),https://donneesouvertes.affmunqc.net/role/RL47017_2026.xml,,,,
"140, Bernard-léveillé",,Granby,,,715.6,2005,140000,292000,432000,2025,Logement,MAMH — Données Québec (rôle d'évaluation foncière),https://donneesouvertes.affmunqc.net/role/RL47017_2026.xml,,,,
"136, Bernard-léveillé",,Granby,,,715.6,2005,140000,314000,454000,2025,Logement,MAMH — Données Québec (rôle d'évaluation foncière),https://donneesouvertes.affmunqc.net/role/RL47017_2026.xml,,,,
"121, Avery",,Granby,,,1356,1966,195300,249700,445000,2025,Logement,MAMH — Données Québec (rôle d'évaluation foncière),https://donneesouvertes.affmunqc.net/role/RL47017_2026.xml,,,,
"125, Avery",,Granby,,,1670.1,1971,90200,259800,350000,2025,Logement,MAMH — Données Québec (rôle d'évaluation foncière),https://donneesouvertes.affmunqc.net/role/RL47017_2026.xml,,,,
"426, Trépanier",,Granby,,,504.1,2005,108400,229600,338000,2025,Logement,MAMH — Données Québec (rôle d'évaluation foncière),https://donneesouvertes.affmunqc.net/role/RL47017_2026.xml,,,,
"132, Bernard-léveillé",,Granby,,,715.6,2005,140000,276000,416000,2025,Logement,MAMH — Données Québec (rôle d'évaluation foncière),https://donneesouvertes.affmunqc.net/role/RL47017_2026.xml,,,,
"128, Bernard-léveillé",,Granby,,,715.6,2005,140000,315000,455000,2025,Logement,MAMH — Données Québec (rôle d'évaluation foncière),https://donneesouvertes.affmunqc.net/role/RL47017_2026.xml,,,,
"124, Bernard-léveillé",,Granby,,,744.7,2005,143800,290200,434000,2025,Logement,MAMH — Données Québec (rôle d'évaluation foncière),https://donneesouvertes.affmunqc.net/role/RL47017_2026.xml,,,,
"428, Trépanier",,Granby,,,648.6,2005,131400,232600,364000,2025,Logement,MAMH — Données Québec (rôle d'évaluation foncière),https://donneesouvertes.affmunqc.net/role/RL47017_2026.xml,,,,
"428, Denison",,Granby,,,3526,1942,336400,213600,550000,2025,Logement,MAMH — Données Québec (rôle d'évaluation foncière),https://donneesouvertes.affmunqc.net/role/RL47017_2026.xml,,,,
"423, Trépanier",,Granby,,,1504.9,2005,153800,351200,505000,2025,Logement,MAMH — Données Québec (rôle d'évaluation foncière),https://donneesouvertes.affmunqc.net/role/RL47017_2026.xml,,,,
"432, Nénuphar",,Granby,,,2073.6,2005,445800,1465200,1911000,2025,Logement,MAMH — Données Québec (rôle d'évaluation foncière),https://donneesouvertes.affmunqc.net/role/RL47017_2026.xml,,,,
"437, Nénuphar",,Granby,,,338.9,2006,72900,256100,329000,2025,Logement,MAMH — Données Québec (rôle d'évaluation foncière),https://donneesouvertes.affmunqc.net/role/RL47017_2026.xml,,,,
"439, Nénuphar",,Granby,,,284.9,2006,61300,238700,300000,2025,Logement,MAMH — Données Québec (rôle d'évaluation foncière),https://donneesouvertes.affmunqc.net/role/RL47017_2026.xml,,,,
"568, Rubanier, app. 574",,Granby,,,1084.5,2005,177700,462300,640000,2025,Logement,MAMH — Données Québec (rôle d'évaluation foncière),https://donneesouvertes.affmunqc.net/role/RL47017_2026.xml,,,,
"438, Nénuphar",,Granby,,,2309.7,2005,372400,1663600,2036000,2025,Logement,MAMH — Données Québec (rôle d'évaluation foncière),https://donneesouvertes.affmunqc.net/role/RL47017_2026.xml,,,,
"575, Rubanier, app. 581",,Granby,,,1269.4,2005,189700,463300,653000,2025,Logement,MAMH — Données Québec (rôle d'évaluation foncière),https://donneesouvertes.affmunqc.net/role/RL47017_2026.xml,,,,
"444, Nénuphar",,Granby,,,2399.7,2005,387000,1702000,2089000,2025,Logement,MAMH — Données Québec (rôle d'évaluation foncière),https://donneesouvertes.affmunqc.net/role/RL47017_2026.xml,,,,
"536, Rubanier",,Granby,,,386.7,2001,83100,198900,282000,2025,Logement,MAMH — Données Québec (rôle d'évaluation foncière),https://donneesouvertes.affmunqc.net/role/RL47017_2026.xml,,,,
"540, Rubanier",,Granby,,,480.3,2001,103300,209700,313000,2025,Logement,MAMH — Données Québec (rôle d'évaluation foncière),https://donneesouvertes.affmunqc.net/role/RL47017_2026.xml,,,,
"544, Rubanier",,Granby,,,447.6,2002,96200,239800,336000,2025,Logement,MAMH — Données Québec (rôle d'évaluation foncière),https://donneesouvertes.affmunqc.net/role/RL47017_2026.xml,,,,
"548, Rubanier",,Granby,,,365,2002,78500,275500,354000,2025,Logement,MAMH — Données Québec (rôle d'évaluation foncière),https://donneesouvertes.affmunqc.net/role/RL47017_2026.xml,,,,
"552, Rubanier",,Granby,,,365,2002,78500,217500,296000,2025,Logement,MAMH — Données Québec (rôle d'évaluation foncière),https://donneesouvertes.affmunqc.net/role/RL47017_2026.xml,,,,
"556, Rubanier",,Granby,,,365,2002,78500,249500,328000,2025,Logement,MAMH — Données Québec (rôle d'évaluation foncière),https://donneesouvertes.affmunqc.net/role/RL47017_2026.xml,,,,
"560, Rubanier",,Granby,,,365,2002,78500,234500,313000,2025,Logement,MAMH — Données Québec (rôle d'évaluation foncière),https://donneesouvertes.affmunqc.net/role/RL47017_2026.xml,,,,
"564, Rubanier",,Granby,,,365,2002,78500,251500,330000,2025,Logement,MAMH — Données Québec (rôle d'évaluation foncière),https://donneesouvertes.affmunqc.net/role/RL47017_2026.xml,,,,
"543, Rubanier",,Granby,,,500.4,2002,107600,228400,336000,2025,Logement,MAMH — Données Québec (rôle d'évaluation foncière),https://donneesouvertes.affmunqc.net/role/RL47017_2026.xml,,,,
"547, Rubanier",,Granby,,,440.3,2002,94700,209300,304000,2025,Logement,MAMH — Données Québec (rôle d'évaluation foncière),https://donneesouvertes.affmunqc.net/role/RL47017_2026.xml,,,,
"551, Rubanier",,Granby,,,365,2002,78500,238500,317000,2025,Logement,MAMH — Données Québec (rôle d'évaluation foncière),https://donneesouvertes.affmunqc.net/role/RL47017_2026.xml,,,,
"555, Rubanier",,Granby,,,365,2002,78500,212500,291000,2025,Logement,MAMH — Données Québec (rôle d'évaluation foncière),https://donneesouvertes.affmunqc.net/role/RL47017_2026.xml,,,,
"559, Rubanier",,Granby,,,365,2002,78500,202500,281000,2025,Logement,MAMH — Données Québec (rôle d'évaluation foncière),https://donneesouvertes.affmunqc.net/role/RL47017_2026.xml,,,,
"563, Rubanier",,Granby,,,365,2002,78500,191500,270000,2025,Logement,MAMH — Données Québec (rôle d'évaluation foncière),https://donneesouvertes.affmunqc.net/role/RL47017_2026.xml,,,,
"567, Rubanier",,Granby,,,365,2002,78500,233500,312000,2025,Logement,MAMH — Données Québec (rôle d'évaluation foncière),https://donneesouvertes.affmunqc.net/role/RL47017_2026.xml,,,,
"571, Rubanier",,Granby,,,365,2002,78500,220500,299000,2025,Logement,MAMH — Données Québec (rôle d'évaluation foncière),https://donneesouvertes.affmunqc.net/role/RL47017_2026.xml,,,,
"572, Iris, app. 574",,Granby,,,617.2,2002,127300,323700,451000,2025,Logement,MAMH — Données Québec (rôle d'évaluation foncière),https://donneesouvertes.affmunqc.net/role/RL47017_2026.xml,,,,
"576, Iris, app. 578",,Granby,,,617.2,2003,127300,341700,469000,2025,Logement,MAMH — Données Québec (rôle d'évaluation foncière),https://donneesouvertes.affmunqc.net/role/RL47017_2026.xml,,,,
"527, Rubanier",,Granby,,,500,2003,107500,338500,446000,2025,Logement,MAMH — Données Québec (rôle d'évaluation foncière),https://donneesouvertes.affmunqc.net/role/RL47017_2026.xml,,,,
"544, Iris",,Granby,,,580,1997,122600,332400,455000,2025,Logement,MAMH — Données Québec (rôle d'évaluation foncière),https://donneesouvertes.affmunqc.net/role/RL47017_2026.xml,,,,
"531, Rubanier",,Granby,,,500,2003,107500,333500,441000,2025,Logement,MAMH — Données Québec (rôle d'évaluation foncière),https://donneesouvertes.affmunqc.net/role/RL47017_2026.xml,,,,
"548, Iris",,Granby,,,591.4,1997,124000,308000,432000,2025,Logement,MAMH — Données Québec (rôle d'évaluation foncière),https://donneesouvertes.affmunqc.net/role/RL47017_2026.xml,,,,
"535, Rubanier",,Granby,,,594.6,2002,124400,400600,525000,2025,Logement,MAMH — Données Québec (rôle d'évaluation foncière),https://donneesouvertes.affmunqc.net/role/RL47017_2026.xml,,,,
"552, Iris",,Granby,,,598.8,1998,125000,309000,434000,2025,Logement,MAMH — Données Québec (rôle d'évaluation foncière),https://donneesouvertes.affmunqc.net/role/RL47017_2026.xml,,,,
"539, Rubanier",,Granby,,,628,2003,128700,399300,528000,2025,Logement,MAMH — Données Québec (rôle d'évaluation foncière),https://donneesouvertes.affmunqc.net/role/RL47017_2026.xml,,,,
"556, Iris",,Granby,,,602.2,1998,125400,327600,453000,2025,Logement,MAMH — Données Québec (rôle d'évaluation foncière),https://donneesouvertes.affmunqc.net/role/RL47017_2026.xml,,,,
"560, Iris, app. 562",,Granby,,,602,2002,125400,426600,552000,2025,Logement,MAMH — Données Québec (rôle d'évaluation foncière),https://donneesouvertes.affmunqc.net/role/RL47017_2026.xml,,,,
"564, Iris, app. 566",,Granby,,,604.9,2004,125800,421200,547000,2025,Logement,MAMH — Données Québec (rôle d'évaluation foncière),https://donneesouvertes.affmunqc.net/role/RL47017_2026.xml,,,,
"568, Iris, app. 570",,Granby,,,601.4,2002,125300,417700,543000,2025,Logement,MAMH — Données Québec (rôle d'évaluation foncière),https://donneesouvertes.affmunqc.net/role/RL47017_2026.xml,,,,
"539, Iris",,Granby,,,1920.8,1997,330400,898600,1229000,2025,Logement,MAMH — Données Québec (rôle d'évaluation foncière),https://donneesouvertes.affmunqc.net/role/RL47017_2026.xml,,,,
"549, Iris",,Granby,,,1752.6,1998,376800,1002200,1379000,2025,Logement,MAMH — Données Québec (rôle d'évaluation foncière),https://donneesouvertes.affmunqc.net/role/RL47017_2026.xml,,,,
"30, Lobélie",,Granby,,,4506.5,2016,872000,4215000,5087000,2025,Logement,MAMH — Données Québec (rôle d'évaluation foncière),https://donneesouvertes.affmunqc.net/role/RL47017_2026.xml,,,,
"31, Lobélie, app. 93",,Granby,,,8088.4,,1739000,,1739000,2025,Terrain vacant,MAMH — Données Québec (rôle d'évaluation foncière),https://donneesouvertes.affmunqc.net/role/RL47017_2026.xml,,,,
"365, Jean-louis-boudreau",,Granby,,,374.4,2007,80500,233500,314000,2025,Logement,MAMH — Données Québec (rôle d'évaluation foncière),https://donneesouvertes.affmunqc.net/role/RL47017_2026.xml,,,,
"363, Jean-louis-boudreau",,Granby,,,374.4,2007,80500,274500,355000,2025,Logement,MAMH — Données Québec (rôle d'évaluation foncière),https://donneesouvertes.affmunqc.net/role/RL47017_2026.xml,,,,
"361, Jean-louis-boudreau",,Granby,,,374.4,2007,80500,264500,345000,2025,Logement,MAMH — Données Québec (rôle d'évaluation foncière),https://donneesouvertes.affmunqc.net/role/RL47017_2026.xml,,,,
"359, Jean-louis-boudreau",,Granby,,,374.4,2007,80500,225500,306000,2025,Logement,MAMH — Données Québec (rôle d'évaluation foncière),https://donneesouvertes.affmunqc.net/role/RL47017_2026.xml,,,,
"357, Jean-louis-boudreau",,Granby,,,374.4,2007,80500,236500,317000,2025,Logement,MAMH — Données Québec (rôle d'évaluation foncière),https://donneesouvertes.affmunqc.net/role/RL47017_2026.xml,,,,
"355, Jean-louis-boudreau",,Granby,,,374.4,2008,80500,259500,340000,2025,Logement,MAMH — Données Québec (rôle d'évaluation foncière),https://donneesouvertes.affmunqc.net/role/RL47017_2026.xml,,,,
"353, Jean-louis-boudreau",,Granby,,,374.4,2008,80500,266500,347000,2025,Logement,MAMH — Données Québec (rôle d'évaluation foncière),https://donneesouvertes.affmunqc.net/role/RL47017_2026.xml,,,,
"351, Jean-louis-boudreau",,Granby,,,374.4,2007,80500,226500,307000,2025,Logement,MAMH — Données Québec (rôle d'évaluation foncière),https://donneesouvertes.affmunqc.net/role/RL47017_2026.xml,,,,
"349, Jean-louis-boudreau",,Granby,,,374.7,2007,80600,256400,337000,2025,Logement,MAMH — Données Québec (rôle d'évaluation foncière),https://donneesouvertes.affmunqc.net/role/RL47017_2026.xml,,,,
"164, Édouard-rousseau",,Granby,,,287.7,2008,61900,246100,308000,2025,Logement,MAMH — Données Québec (rôle d'évaluation foncière),https://donneesouvertes.affmunqc.net/role/RL47017_2026.xml,,,,
"166, Édouard-rousseau",,Granby,,,287.7,2008,61900,246100,308000,2025,Logement,MAMH — Données Québec (rôle d'évaluation foncière),https://donneesouvertes.affmunqc.net/role/RL47017_2026.xml,,,,
"162, Édouard-rousseau",,Granby,,,287.7,2008,61900,250100,312000,2025,Logement,MAMH — Données Québec (rôle d'évaluation foncière),https://donneesouvertes.affmunqc.net/role/RL47017_2026.xml,,,,
"168, Édouard-rousseau",,Granby,,,287.7,2008,61900,256100,318000,2025,Logement,MAMH — Données Québec (rôle d'évaluation foncière),https://donneesouvertes.affmunqc.net/role/RL47017_2026.xml,,,,
"156, Édouard-rousseau",,Granby,,,334.33,2008,71900,229100,301000,2025,Logement,MAMH — Données Québec (rôle d'évaluation foncière),https://donneesouvertes.affmunqc.net/role/RL47017_2026.xml,,,,
"158, Édouard-rousseau",,Granby,,,334.33,2008,71900,229100,301000,2025,Logement,MAMH — Données Québec (rôle d'évaluation foncière),https://donneesouvertes.affmunqc.net/role/RL47017_2026.xml,,,,
"154, Édouard-rousseau",,Granby,,,334.33,2008,71900,236100,308000,2025,Logement,MAMH — Données Québec (rôle d'évaluation foncière),https://donneesouvertes.affmunqc.net/role/RL47017_2026.xml,,,,
"160, Édouard-rousseau",,Granby,,,334.33,2008,71900,246100,318000,2025,Logement,MAMH — Données Québec (rôle d'évaluation foncière),https://donneesouvertes.affmunqc.net/role/RL47017_2026.xml,,,,
"148, Édouard-rousseau",,Granby,,,339.08,2007,72900,228100,301000,2025,Logement,MAMH — Données Québec (rôle d'évaluation foncière),https://donneesouvertes.affmunqc.net/role/RL47017_2026.xml,,,,
"150, Édouard-rousseau",,Granby,,,339.08,2007,72900,228100,301000,2025,Logement,MAMH — Données Québec (rôle d'évaluation foncière),https://donneesouvertes.affmunqc.net/role/RL47017_2026.xml,,,,
"146, Édouard-rousseau",,Granby,,,339.08,2007,72900,235100,308000,2025,Logement,MAMH — Données Québec (rôle d'évaluation foncière),https://donneesouvertes.affmunqc.net/role/RL47017_2026.xml,,,,
"152, Édouard-rousseau",,Granby,,,339.08,2007,72900,264100,337000,2025,Logement,MAMH — Données Québec (rôle d'évaluation foncière),https://donneesouvertes.affmunqc.net/role/RL47017_2026.xml,,,,
"167, Édouard-rousseau, app. 173",,Granby,,,1013.8,2008,218000,624000,842000,2025,Logement,MAMH — Données Québec (rôle d'évaluation foncière),https://donneesouvertes.affmunqc.net/role/RL47017_2026.xml,,,,
"334, Jean-louis-boudreau",,Granby,,,1085.6,2007,177800,262200,440000,2025,Logement,MAMH — Données Québec (rôle d'évaluation foncière),https://donneesouvertes.affmunqc.net/role/RL47017_2026.xml,,,,
"157, Bernard-léveillé",,Granby,,,828.5,2005,154600,419400,574000,2025,Logement,MAMH — Données Québec (rôle d'évaluation foncière),https://donneesouvertes.affmunqc.net/role/RL47017_2026.xml,,,,
"347, Jean-louis-boudreau",,Granby,,,752.9,2006,144900,296100,441000,2025,Logement,MAMH — Données Québec (rôle d'évaluation foncière),https://donneesouvertes.affmunqc.net/role/RL47017_2026.xml,,,,
"330, Jean-louis-boudreau",,Granby,,,670.8,2007,134300,266700,401000,2025,Logement,MAMH — Données Québec (rôle d'évaluation foncière),https://donneesouvertes.affmunqc.net/role/RL47017_2026.xml,,,,
"153, Bernard-léveillé",,Granby,,,1160.1,2005,182600,356400,539000,2025,Logement,MAMH — Données Québec (rôle d'évaluation foncière),https://donneesouvertes.affmunqc.net/role/RL47017_2026.xml,,,,
"326, Jean-louis-boudreau",,Granby,,,654,2007,132100,296900,429000,2025,Logement,MAMH — Données Québec (rôle d'évaluation foncière),https://donneesouvertes.affmunqc.net/role/RL47017_2026.xml,,,,
"329, Jean-louis-boudreau",,Granby,,,476,2007,102300,236700,339000,2025,Logement,MAMH — Données Québec (rôle d'évaluation foncière),https://donneesouvertes.affmunqc.net/role/RL47017_2026.xml,,,,
"327, Jean-louis-boudreau",,Granby,,,357.2,2007,76800,260200,337000,2025,Logement,MAMH — Données Québec (rôle d'évaluation foncière),https://donneesouvertes.affmunqc.net/role/RL47017_2026.xml,,,,
"322, Jean-louis-boudreau",,Granby,,,637.1,2007,129900,280100,410000,2025,Logement,MAMH — Données Québec (rôle d'évaluation foncière),https://donneesouvertes.affmunqc.net/role/RL47017_2026.xml,,,,
"325, Jean-louis-boudreau",,Granby,,,359.9,2007,77400,243600,321000,2025,Logement,MAMH — Données Québec (rôle d'évaluation foncière),https://donneesouvertes.affmunqc.net/role/RL47017_2026.xml,,,,
"318, Jean-louis-boudreau",,Granby,,,619.9,2007,127700,279300,407000,2025,Logement,MAMH — Données Québec (rôle d'évaluation foncière),https://donneesouvertes.affmunqc.net/role/RL47017_2026.xml,,,,
"323, Jean-louis-boudreau",,Granby,,,362.5,2007,77900,271100,349000,2025,Logement,MAMH — Données Québec (rôle d'évaluation foncière),https://donneesouvertes.affmunqc.net/role/RL47017_2026.xml,,,,
"321, Jean-louis-boudreau",,Granby,,,365.2,2007,78500,261500,340000,2025,Logement,MAMH — Données Québec (rôle d'évaluation foncière),https://donneesouvertes.affmunqc.net/role/RL47017_2026.xml,,,,
"314, Jean-louis-boudreau",,Granby,,,602.9,2006,125500,264500,390000,2025,Logement,MAMH — Données Québec (rôle d'évaluation foncière),https://donneesouvertes.affmunqc.net/role/RL47017_2026.xml,,,,
"145, Bernard-léveillé",,Granby,,,833,2005,155200,283800,439000,2025,Logement,MAMH — Données Québec (rôle d'évaluation foncière),https://donneesouvertes.affmunqc.net/role/RL47017_2026.xml,,,,
"141, Bernard-léveillé",,Granby,,,787.9,2004,149400,265600,415000,2025,Logement,MAMH — Données Québec (rôle d'évaluation foncière),https://donneesouvertes.affmunqc.net/role/RL47017_2026.xml,,,,
"137, Bernard-léveillé",,Granby,,,787.9,2005,149400,317600,467000,2025,Logement,MAMH — Données Québec (rôle d'évaluation foncière),https://donneesouvertes.affmunqc.net/role/RL47017_2026.xml,,,,
"149, Bernard-léveillé",,Granby,,,968.7,2006,170200,265800,436000,2025,Logement,MAMH — Données Québec (rôle d'évaluation foncière),https://donneesouvertes.affmunqc.net/role/RL47017_2026.xml,,,,
"150, Jules-crevier",,Granby,,,1427.1,2007,199900,304100,504000,2025,Logement,MAMH — Données Québec (rôle d'évaluation foncière),https://donneesouvertes.affmunqc.net/role/RL47017_2026.xml,,,,
"146, Jules-crevier",,Granby,,,751,2005,144600,254400,399000,2025,Logement,MAMH — Données Québec (rôle d'évaluation foncière),https://donneesouvertes.affmunqc.net/role/RL47017_2026.xml,,,,
"142, Jules-crevier",,Granby,,,647.7,2005,131300,318700,450000,2025,Logement,MAMH — Données Québec (rôle d'évaluation foncière),https://donneesouvertes.affmunqc.net/role/RL47017_2026.xml,,,,
"138, Jules-crevier",,Granby,,,648.1,2007,131300,258700,390000,2025,Logement,MAMH — Données Québec (rôle d'évaluation foncière),https://donneesouvertes.affmunqc.net/role/RL47017_2026.xml,,,,
"432, Trépanier",,Granby,,,498.2,2005,107100,292900,400000,2025,Logement,MAMH — Données Québec (rôle d'évaluation foncière),https://donneesouvertes.affmunqc.net/role/RL47017_2026.xml,,,,
"434, Trépanier",,Granby,,,445.4,2005,95800,267200,363000,2025,Logement,MAMH — Données Québec (rôle d'évaluation foncière),https://donneesouvertes.affmunqc.net/role/RL47017_2026.xml,,,,
"133, Bernard-léveillé",,Granby,,,787.7,2006,149300,299700,449000,2025,Logement,MAMH — Données Québec (rôle d'évaluation foncière),https://donneesouvertes.affmunqc.net/role/RL47017_2026.xml,,,,
"129, Bernard-léveillé",,Granby,,,787.7,2006,149300,270700,420000,2025,Logement,MAMH — Données Québec (rôle d'évaluation foncière),https://donneesouvertes.affmunqc.net/role/RL47017_2026.xml,,,,
"125, Bernard-léveillé",,Granby,,,949.6,2006,168900,329100,498000,2025,Logement,MAMH — Données Québec (rôle d'évaluation foncière),https://donneesouvertes.affmunqc.net/role/RL47017_2026.xml,,,,
"121, Bernard-léveillé",,Granby,,,951.8,2005,169100,232900,402000,2025,Logement,MAMH — Données Québec (rôle d'évaluation foncière),https://donneesouvertes.affmunqc.net/role/RL47017_2026.xml,,,,
"436, Trépanier, app. 440",,Granby,,,984.3,2005,171200,502800,674000,2025,Logement,MAMH — Données Québec (rôle d'évaluation foncière),https://donneesouvertes.affmunqc.net/role/RL47017_2026.xml,,,,
"134, Jules-crevier",,Granby,,,648.1,2005,131300,308700,440000,2025,Logement,MAMH — Données Québec (rôle d'évaluation foncière),https://donneesouvertes.affmunqc.net/role/RL47017_2026.xml,,,,
"130, Jules-crevier",,Granby,,,648.1,2005,131300,297700,429000,2025,Logement,MAMH — Données Québec (rôle d'évaluation foncière),https://donneesouvertes.affmunqc.net/role/RL47017_2026.xml,,,,
"126, Jules-crevier",,Granby,,,648.1,2005,131300,244700,376000,2025,Logement,MAMH — Données Québec (rôle d'évaluation foncière),https://donneesouvertes.affmunqc.net/role/RL47017_2026.xml,,,,
"122, Jules-crevier",,Granby,,,648.1,2005,131300,322700,454000,2025,Logement,MAMH — Données Québec (rôle d'évaluation foncière),https://donneesouvertes.affmunqc.net/role/RL47017_2026.xml,,,,
"118, Jules-crevier",,Granby,,,632.3,2007,129300,322700,452000,2025,Logement,MAMH — Données Québec (rôle d'évaluation foncière),https://donneesouvertes.affmunqc.net/role/RL47017_2026.xml,,,,
"116, Jules-crevier",,Granby,,,394.4,2005,84800,257200,342000,2025,Logement,MAMH — Données Québec (rôle d'évaluation foncière),https://donneesouvertes.affmunqc.net/role/RL47017_2026.xml,,,,
"427, Trépanier",,Granby,,,1334.2,2009,145400,344600,490000,2025,Logement,MAMH — Données Québec (rôle d'évaluation foncière),https://donneesouvertes.affmunqc.net/role/RL47017_2026.xml,,,,
"431, Trépanier",,Granby,,,1124.2,2008,135200,375800,511000,2025,Logement,MAMH — Données Québec (rôle d'évaluation foncière),https://donneesouvertes.affmunqc.net/role/RL47017_2026.xml,,,,
"435, Trépanier",,Granby,,,1146.7,2005,136300,257700,394000,2025,Logement,MAMH — Données Québec (rôle d'évaluation foncière),https://donneesouvertes.affmunqc.net/role/RL47017_2026.xml,,,,
"437, Trépanier",,Granby,,,774.5,2005,110700,241300,352000,2025,Logement,MAMH — Données Québec (rôle d'évaluation foncière),https://donneesouvertes.affmunqc.net/role/RL47017_2026.xml,,,,
"439, Trépanier",,Granby,,,533.5,2005,86000,232000,318000,2025,Logement,MAMH — Données Québec (rôle d'évaluation foncière),https://donneesouvertes.affmunqc.net/role/RL47017_2026.xml,,,,
"114, Jules-crevier",,Granby,,,514,2005,110500,224500,335000,2025,Logement,MAMH — Données Québec (rôle d'évaluation foncière),https://donneesouvertes.affmunqc.net/role/RL47017_2026.xml,,,,
"441, Trépanier",,Granby,,,540.4,2006,87100,229900,317000,2025,Logement,MAMH — Données Québec (rôle d'évaluation foncière),https://donneesouvertes.affmunqc.net/role/RL47017_2026.xml,,,,
"592, Iris, app. 459",,Granby,,,807.5,2005,151900,421100,573000,2025,Logement,MAMH — Données Québec (rôle d'évaluation foncière),https://donneesouvertes.affmunqc.net/role/RL47017_2026.xml,,,,
"450, Nénuphar",,Granby,,,2991.3,2004,437300,1592700,2030000,2025,Logement,MAMH — Données Québec (rôle d'évaluation foncière),https://donneesouvertes.affmunqc.net/role/RL47017_2026.xml,,,,
"595, Iris",,Granby,,,1669.2,2003,305000,1094000,1399000,2025,Logement,MAMH — Données Québec (rôle d'évaluation foncière),https://donneesouvertes.affmunqc.net/role/RL47017_2026.xml,,,,
"601, Iris",,Granby,,,1645.5,2003,300700,1036300,1337000,2025,Logement,MAMH — Données Québec (rôle d'évaluation foncière),https://donneesouvertes.affmunqc.net/role/RL47017_2026.xml,,,,
"607, Iris",,Granby,,,2106.3,2004,326100,1147900,1474000,2025,Logement,MAMH — Données Québec (rôle d'évaluation foncière),https://donneesouvertes.affmunqc.net/role/RL47017_2026.xml,,,,
"580, Iris, app. 582",,Granby,,,617.2,2002,127300,339700,467000,2025,Logement,MAMH — Données Québec (rôle d'évaluation foncière),https://donneesouvertes.affmunqc.net/role/RL47017_2026.xml,,,,
"584, Iris, app. 586",,Granby,,,617.2,2002,127300,307700,435000,2025,Logement,MAMH — Données Québec (rôle d'évaluation foncière),https://donneesouvertes.affmunqc.net/role/RL47017_2026.xml,,,,
"588, Iris, app. 590",,Granby,,,617.2,2003,127300,441700,569000,2025,Logement,MAMH — Données Québec (rôle d'évaluation foncière),https://donneesouvertes.affmunqc.net/role/RL47017_2026.xml,,,,
"577, Iris",,Granby,,,1645.7,2002,283100,1087900,1371000,2025,Logement,MAMH — Données Québec (rôle d'évaluation foncière),https://donneesouvertes.affmunqc.net/role/RL47017_2026.xml,,,,
"583, Iris",,Granby,,,1645.5,2002,283000,1085000,1368000,2025,Logement,MAMH — Données Québec (rôle d'évaluation foncière),https://donneesouvertes.affmunqc.net/role/RL47017_2026.xml,,,,
"589, Iris",,Granby,,,1645.5,2002,283000,1088000,1371000,2025,Logement,MAMH — Données Québec (rôle d'évaluation foncière),https://donneesouvertes.affmunqc.net/role/RL47017_2026.xml,,,,
"565, Iris",,Granby,,,2549.3,2001,356300,1038700,1395000,2025,Logement,MAMH — Données Québec (rôle d'évaluation foncière),https://donneesouvertes.affmunqc.net/role/RL47017_2026.xml,,,,
"571, Iris",,Granby,,,1775.7,2002,305400,1066600,1372000,2025,Logement,MAMH — Données Québec (rôle d'évaluation foncière),https://donneesouvertes.affmunqc.net/role/RL47017_2026.xml,,,,
"401, Sagittaire",,Granby,,,3096.3,,308000,,308000,2025,Institutionnel,MAMH — Données Québec (rôle d'évaluation foncière),https://donneesouvertes.affmunqc.net/role/RL47017_2026.xml,,,,
"559, Iris",,Granby,,,2833,2001,456800,1780200,2237000,2025,Logement,MAMH — Données Québec (rôle d'évaluation foncière),https://donneesouvertes.affmunqc.net/role/RL47017_2026.xml,,,,
"311, Hémérocalle",,Granby,,,570.5,2021,121300,375700,497000,2025,Logement,MAMH — Données Québec (rôle d'évaluation foncière),https://donneesouvertes.affmunqc.net/role/RL47017_2026.xml,,,,
"309, Hémérocalle",,Granby,,,537.8,2021,115600,397400,513000,2025,Logement,MAMH — Données Québec (rôle d'évaluation foncière),https://donneesouvertes.affmunqc.net/role/RL47017_2026.xml,,,,
"305, Hémérocalle",,Granby,,,565.9,2020,120700,342300,463000,2025,Logement,MAMH — Données Québec (rôle d'évaluation foncière),https://donneesouvertes.affmunqc.net/role/RL47017_2026.xml,,,,
"303, Hémérocalle",,Granby,,,515.8,2020,110900,342100,453000,2025,Logement,MAMH — Données Québec (rôle d'évaluation foncière),https://donneesouvertes.affmunqc.net/role/RL47017_2026.xml,,,,
"299, Hémérocalle",,Granby,,,513.7,2021,110400,387600,498000,2025,Logement,MAMH — Données Québec (rôle d'évaluation foncière),https://donneesouvertes.affmunqc.net/role/RL47017_2026.xml,,,,
"297, Hémérocalle",,Granby,,,603.1,2021,125500,409500,535000,2025,Logement,MAMH — Données Québec (rôle d'évaluation foncière),https://donneesouvertes.affmunqc.net/role/RL47017_2026.xml,,,,
"90, Lobélie",,Granby,,,4419.6,2017,950200,4291800,5242000,2025,Logement,MAMH — Données Québec (rôle d'évaluation foncière),https://donneesouvertes.affmunqc.net/role/RL47017_2026.xml,,,,
"335, Hémérocalle",,Granby,,,577.3,2021,122200,347800,470000,2025,Logement,MAMH — Données Québec (rôle d'évaluation foncière),https://donneesouvertes.affmunqc.net/role/RL47017_2026.xml,,,,
"333, Hémérocalle",,Granby,,,570.8,2021,121400,365600,487000,2025,Logement,MAMH — Données Québec (rôle d'évaluation foncière),https://donneesouvertes.affmunqc.net/role/RL47017_2026.xml,,,,
"329, Hémérocalle",,Granby,,,570.8,2022,121400,375600,497000,2025,Logement,MAMH — Données Québec (rôle d'évaluation foncière),https://donneesouvertes.affmunqc.net/role/RL47017_2026.xml,,,,
"327, Hémérocalle",,Granby,,,570.8,2022,121400,404600,526000,2025,Logement,MAMH — Données Québec (rôle d'évaluation foncière),https://donneesouvertes.affmunqc.net/role/RL47017_2026.xml,,,,
"323, Hémérocalle",,Granby,,,570.8,2022,121400,372600,494000,2025,Logement,MAMH — Données Québec (rôle d'évaluation foncière),https://donneesouvertes.affmunqc.net/role/RL47017_2026.xml,,,,
"321, Hémérocalle",,Granby,,,570.8,2022,121400,383600,505000,2025,Logement,MAMH — Données Québec (rôle d'évaluation foncière),https://donneesouvertes.affmunqc.net/role/RL47017_2026.xml,,,,
"317, Hémérocalle",,Granby,,,570.8,2021,121400,372600,494000,2025,Logement,MAMH — Données Québec (rôle d'évaluation foncière),https://donneesouvertes.affmunqc.net/role/RL47017_2026.xml,,,,
"315, Hémérocalle",,Granby,,,570.8,2021,121400,345600,467000,2025,Logement,MAMH — Données Québec (rôle d'évaluation foncière),https://donneesouvertes.affmunqc.net/role/RL47017_2026.xml,,,,
"376, Hémérocalle",,Granby,,,641.6,2022,130500,418500,549000,2025,Logement,MAMH — Données Québec (rôle d'évaluation foncière),https://donneesouvertes.affmunqc.net/role/RL47017_2026.xml,,,,
"230, Drummond",,Granby,,,189690,,9958700,1163300,11122000,2025,Institutionnel,MAMH — Données Québec (rôle d'évaluation foncière),https://donneesouvertes.affmunqc.net/role/RL47017_2026.xml,,,,
"269, Drummond",,Granby,,,909,1984,165000,361000,526000,2025,Logement,MAMH — Données Québec (rôle d'évaluation foncière),https://donneesouvertes.affmunqc.net/role/RL47017_2026.xml,,,,
"275, Drummond",,Granby,,,1252.9,1984,188600,253400,442000,2025,Logement,MAMH — Données Québec (rôle d'évaluation foncière),https://donneesouvertes.affmunqc.net/role/RL47017_2026.xml,,,,
"277, Drummond",,Granby,,,843.6,1985,156600,397400,554000,2025,Logement,MAMH — Données Québec (rôle d'évaluation foncière),https://donneesouvertes.affmunqc.net/role/RL47017_2026.xml,,,,
"60, Bienvenue",,Granby,,,928.94,1986,167600,267400,435000,2025,Logement,MAMH — Données Québec (rôle d'évaluation foncière),https://donneesouvertes.affmunqc.net/role/RL47017_2026.xml,,,,
"56, Bienvenue",,Granby,,,696.8,1986,137600,303400,441000,2025,Logement,MAMH — Données Québec (rôle d'évaluation foncière),https://donneesouvertes.affmunqc.net/role/RL47017_2026.xml,,,,
"52, Bienvenue",,Granby,,,696.8,1985,137600,288400,426000,2025,Logement,MAMH — Données Québec (rôle d'évaluation foncière),https://donneesouvertes.affmunqc.net/role/RL47017_2026.xml,,,,
"92, Bienvenue",,Granby,,,2030.8,1979,125900,228100,354000,2025,Logement,MAMH — Données Québec (rôle d'évaluation foncière),https://donneesouvertes.affmunqc.net/role/RL47017_2026.xml,,,,
"281, Drummond",,Granby,,,1859.63,1981,171000,240000,411000,2025,Logement,MAMH — Données Québec (rôle d'évaluation foncière),https://donneesouvertes.affmunqc.net/role/RL47017_2026.xml,,,,
"86, Bienvenue",,Granby,,,3716.5,1979,218100,616900,835000,2025,Logement,MAMH — Données Québec (rôle d'évaluation foncière),https://donneesouvertes.affmunqc.net/role/RL47017_2026.xml,,,,
"89, Bienvenue",,Granby,,,3065.78,1979,190100,594900,785000,2025,Logement,MAMH — Données Québec (rôle d'évaluation foncière),https://donneesouvertes.affmunqc.net/role/RL47017_2026.xml,,,,
"255, Estrie",,Granby,,,1683.18,1972,282500,269500,552000,2025,Logement,MAMH — Données Québec (rôle d'évaluation foncière),https://donneesouvertes.affmunqc.net/role/RL47017_2026.xml,,,,
"259, Estrie",,Granby,,,1818.57,2013,288300,908700,1197000,2025,Logement,MAMH — Données Québec (rôle d'évaluation foncière),https://donneesouvertes.affmunqc.net/role/RL47017_2026.xml,,,,
"8, Rossignols",,Granby,,,1263.4,1973,189300,295700,485000,2025,Logement,MAMH — Données Québec (rôle d'évaluation foncière),https://donneesouvertes.affmunqc.net/role/RL47017_2026.xml,,,,
"268, Drummond",,Granby,,,2486.9,1972,268800,400200,669000,2025,Logement,MAMH — Données Québec (rôle d'évaluation foncière),https://donneesouvertes.affmunqc.net/role/RL47017_2026.xml,,,,
"12, Rossignols",,Granby,,,1420.7,1972,199500,287500,487000,2025,Logement,MAMH — Données Québec (rôle d'évaluation foncière),https://donneesouvertes.affmunqc.net/role/RL47017_2026.xml,,,,
"16, Rossignols",,Granby,,,1310.3,1972,192400,353600,546000,2025,Logement,MAMH — Données Québec (rôle d'évaluation foncière),https://donneesouvertes.affmunqc.net/role/RL47017_2026.xml,,,,
"20, Rossignols",,Granby,,,1351.2,1972,195000,388000,583000,2025,Logement,MAMH — Données Québec (rôle d'évaluation foncière),https://donneesouvertes.affmunqc.net/role/RL47017_2026.xml,,,,
"285, Drummond",,Granby,,,1859.07,1979,171000,397000,568000,2025,Logement,MAMH — Données Québec (rôle d'évaluation foncière),https://donneesouvertes.affmunqc.net/role/RL47017_2026.xml,,,,
"287, Drummond",,Granby,,,2038.2,1982,167800,280200,448000,2025,Logement,MAMH — Données Québec (rôle d'évaluation foncière),https://donneesouvertes.affmunqc.net/role/RL47017_2026.xml,,,,
"51, Quévillon",,Granby,,,2786.5,,376000,,376000,2025,Institutionnel,MAMH — Données Québec (rôle d'évaluation foncière),https://donneesouvertes.affmunqc.net/role/RL47017_2026.xml,,,,
